ISO-10303-21;
HEADER;
FILE_DESCRIPTION (( 'STEP AP214' ),
    '1' );
FILE_NAME ('PTV09A-2015F-B103.STEP',
    '2025-02-02T18:08:31',
    ( '' ),
    ( '' ),
    'SwSTEP 2.0',
    'SolidWorks 2016',
    '' );
FILE_SCHEMA (( 'AUTOMOTIVE_DESIGN' ));
ENDSEC;

DATA;
#1 = AXIS2_PLACEMENT_3D ( 'NONE', #3284, #1110, #5756 ) ;
#2 = DIRECTION ( 'NONE',  ( 0.0000000000000000000, 0.0000000000000000000, 1.000000000000000000 ) ) ;
#3 = ORIENTED_EDGE ( 'NONE', *, *, #2157, .F. ) ;
#4 = DIRECTION ( 'NONE',  ( 0.0000000000000000000, 1.000000000000000000, 0.0000000000000000000 ) ) ;
#5 = EDGE_CURVE ( 'NONE', #7877, #4792, #6999, .T. ) ;
#6 = ADVANCED_FACE ( 'NONE', ( #7095 ), #6899, .T. ) ;
#7 = ORIENTED_EDGE ( 'NONE', *, *, #263, .T. ) ;
#8 = FACE_OUTER_BOUND ( 'NONE', #4195, .T. ) ;
#9 = EDGE_CURVE ( 'NONE', #5478, #3531, #5555, .T. ) ;
#10 = EDGE_CURVE ( 'NONE', #6314, #3531, #7190, .T. ) ;
#11 = CARTESIAN_POINT ( 'NONE',  ( -2.301679666765146700, -1.494789755157235100, 4.151536485984149900 ) ) ;
#12 = DIRECTION ( 'NONE',  ( 1.000000000000000000, 0.0000000000000000000, 0.0000000000000000000 ) ) ;
#13 = ORIENTED_EDGE ( 'NONE', *, *, #3299, .T. ) ;
#14 = CARTESIAN_POINT ( 'NONE',  ( 4.549999999999999800, -0.4000000000000000200, -5.500000000000000000 ) ) ;
#15 = ORIENTED_EDGE ( 'NONE', *, *, #6287, .F. ) ;
#16 = ORIENTED_EDGE ( 'NONE', *, *, #6722, .T. ) ;
#17 = CYLINDRICAL_SURFACE ( 'NONE', #7646, 0.2999999999999999300 ) ;
#18 = AXIS2_PLACEMENT_3D ( 'NONE', #7376, #7393, #7407 ) ;
#19 = ORIENTED_EDGE ( 'NONE', *, *, #2242, .T. ) ;
#20 = CIRCLE ( 'NONE', #5289, 0.09999999999999939500 ) ;
#21 = ORIENTED_EDGE ( 'NONE', *, *, #5365, .T. ) ;
#22 = DIRECTION ( 'NONE',  ( -0.0000000000000000000, -1.000000000000000000, -0.0000000000000000000 ) ) ;
#23 = CIRCLE ( 'NONE', #4712, 0.2999999999999999300 ) ;
#24 = CARTESIAN_POINT ( 'NONE',  ( 4.650000000000000400, 4.500000000000000900, -4.599999999999999600 ) ) ;
#25 = VERTEX_POINT ( 'NONE', #4732 ) ;
#26 = FACE_OUTER_BOUND ( 'NONE', #2331, .T. ) ;
#27 = CARTESIAN_POINT ( 'NONE',  ( -0.6815630143470344800, 6.400894984940225500, 5.450844519958399900 ) ) ;
#28 = AXIS2_PLACEMENT_3D ( 'NONE', #1175, #5815, #1927 ) ;
#29 = ORIENTED_EDGE ( 'NONE', *, *, #6303, .T. ) ;
#30 = VECTOR ( 'NONE', #6198, 1000.000000000000000 ) ;
#31 = DIRECTION ( 'NONE',  ( 0.0000000000000000000, 0.0000000000000000000, 1.000000000000000000 ) ) ;
#32 = DIRECTION ( 'NONE',  ( 1.000000000000000000, -0.0000000000000000000, -0.0000000000000000000 ) ) ;
#33 = CARTESIAN_POINT ( 'NONE',  ( 4.850000000000000500, 0.0000000000000000000, 9.900000000000000400 ) ) ;
#34 = CARTESIAN_POINT ( 'NONE',  ( -4.949999999998844700, 7.019999999999999600, 13.79999999999996700 ) ) ;
#35 = ORIENTED_EDGE ( 'NONE', *, *, #3863, .T. ) ;
#36 = EDGE_CURVE ( 'NONE', #3531, #6036, #362, .T. ) ;
#37 = LINE ( 'NONE', #465, #282 ) ;
#38 = VERTEX_POINT ( 'NONE', #4727 ) ;
#39 = DIRECTION ( 'NONE',  ( 0.0000000000000000000, 0.0000000000000000000, -1.000000000000000000 ) ) ;
#40 = DIRECTION ( 'NONE',  ( 0.0000000000000000000, 0.0000000000000000000, -1.000000000000000000 ) ) ;
#41 = AXIS2_PLACEMENT_3D ( 'NONE', #5541, #1603, #6165 ) ;
#42 = FACE_OUTER_BOUND ( 'NONE', #1076, .T. ) ;
#43 = CARTESIAN_POINT ( 'NONE',  ( -4.949999999999548100, 7.242598846297380700, 13.79999999999953000 ) ) ;
#44 = CIRCLE ( 'NONE', #4360, 1.003444069194000100 ) ;
#45 = VERTEX_POINT ( 'NONE', #4780 ) ;
#46 = EDGE_CURVE ( 'NONE', #7031, #479, #6621, .T. ) ;
#47 = LINE ( 'NONE', #7901, #5310 ) ;
#48 = ADVANCED_FACE ( 'NONE', ( #6794 ), #4600, .T. ) ;
#49 = EDGE_CURVE ( 'NONE', #4711, #479, #6629, .T. ) ;
#50 = DIRECTION ( 'NONE',  ( 0.0000000000000000000, -1.000000000000000000, 0.0000000000000000000 ) ) ;
#51 = CARTESIAN_POINT ( 'NONE',  ( -3.000000000000000000, 4.700000000000000200, -0.5000000000000000000 ) ) ;
#52 = DIRECTION ( 'NONE',  ( 1.000000000000000000, 0.0000000000000000000, 0.0000000000000000000 ) ) ;
#53 = FACE_OUTER_BOUND ( 'NONE', #2957, .T. ) ;
#54 = ORIENTED_EDGE ( 'NONE', *, *, #1821, .F. ) ;
#55 = CARTESIAN_POINT ( 'NONE',  ( 4.650000000000000400, 4.500000000000000900, -4.599999999999999600 ) ) ;
#56 = AXIS2_PLACEMENT_3D ( 'NONE', #8092, #3820, #8116 ) ;
#57 = FACE_OUTER_BOUND ( 'NONE', #935, .T. ) ;
#58 = ORIENTED_EDGE ( 'NONE', *, *, #2153, .T. ) ;
#59 = EDGE_CURVE ( 'NONE', #7109, #4929, #6443, .T. ) ;
#60 = CYLINDRICAL_SURFACE ( 'NONE', #310, 0.1000000000000002600 ) ;
#61 = DIRECTION ( 'NONE',  ( 0.0000000000000000000, 1.000000000000000000, 0.0000000000000000000 ) ) ;
#62 = CARTESIAN_POINT ( 'NONE',  ( -2.964993175195326900, -8.100006466556553900, 0.5259944934767669700 ) ) ;
#63 = CARTESIAN_POINT ( 'NONE',  ( 4.549999999999999800, 1.014999999999999900, 9.919999999999999900 ) ) ;
#64 = EDGE_CURVE ( 'NONE', #4711, #1209, #6892, .T. ) ;
#65 = LINE ( 'NONE', #5295, #3663 ) ;
#66 = ORIENTED_EDGE ( 'NONE', *, *, #3600, .F. ) ;
#67 = EDGE_CURVE ( 'NONE', #1867, #3073, #6435, .T. ) ;
#68 = DIRECTION ( 'NONE',  ( 1.000000000000000000, 0.0000000000000000000, -0.0000000000000000000 ) ) ;
#69 = CARTESIAN_POINT ( 'NONE',  ( 0.5000000000000000000, 4.700000000000000200, 2.500000000000000000 ) ) ;
#70 = VERTEX_POINT ( 'NONE', #4419 ) ;
#71 = AXIS2_PLACEMENT_3D ( 'NONE', #7312, #7319, #7341 ) ;
#72 = DIRECTION ( 'NONE',  ( -0.0000000000000000000, -1.000000000000000000, -0.0000000000000000000 ) ) ;
#73 = DIRECTION ( 'NONE',  ( 0.0000000000000000000, -1.000000000000000000, 0.0000000000000000000 ) ) ;
#74 = VECTOR ( 'NONE', #7821, 1000.000000000000000 ) ;
#75 = ORIENTED_EDGE ( 'NONE', *, *, #5317, .T. ) ;
#76 = CARTESIAN_POINT ( 'NONE',  ( 2.899999999999999900, 2.946173311193000200, 9.622999999999999300 ) ) ;
#77 = CARTESIAN_POINT ( 'NONE',  ( -4.660158464155506100, 7.400000000000000400, 13.49942359245754100 ) ) ;
#78 = ORIENTED_EDGE ( 'NONE', *, *, #8238, .F. ) ;
#79 = EDGE_CURVE ( 'NONE', #479, #1867, #6252, .T. ) ;
#80 = CARTESIAN_POINT ( 'NONE',  ( 1.750000000000000000, 3.246173311193000000, 6.299999999999999800 ) ) ;
#81 = EDGE_CURVE ( 'NONE', #777, #5648, #3712, .T. ) ;
#82 = CARTESIAN_POINT ( 'NONE',  ( 4.950000000000000200, 2.750000000712000200, 8.349999999999999600 ) ) ;
#83 = AXIS2_PLACEMENT_3D ( 'NONE', #5571, #5061, #5038 ) ;
#84 = ORIENTED_EDGE ( 'NONE', *, *, #1149, .T. ) ;
#85 = DIRECTION ( 'NONE',  ( -0.0000000000000000000, -1.000000000000000000, -0.0000000000000000000 ) ) ;
#86 = CARTESIAN_POINT ( 'NONE',  ( 4.549999999999999800, 0.0000000000000000000, -5.500000000000000000 ) ) ;
#87 = EDGE_CURVE ( 'NONE', #4929, #5822, #6148, .T. ) ;
#88 = VERTEX_POINT ( 'NONE', #4253 ) ;
#89 = DIRECTION ( 'NONE',  ( 1.000000000000000000, 0.0000000000000000000, -0.0000000000000000000 ) ) ;
#90 = CARTESIAN_POINT ( 'NONE',  ( -0.5749999999999592100, 2.946173311192998400, 9.650282197133911700 ) ) ;
#91 = CARTESIAN_POINT ( 'NONE',  ( 4.950000000000000200, 1.849999999999999900, 7.977207793864214300 ) ) ;
#92 = AXIS2_PLACEMENT_3D ( 'NONE', #204, #194, #169 ) ;
#93 = VERTEX_POINT ( 'NONE', #4234 ) ;
#94 = CARTESIAN_POINT ( 'NONE',  ( 0.0000000000000000000, 2.600000000000000500, 0.0000000000000000000 ) ) ;
#95 = EDGE_LOOP ( 'NONE', ( #6111, #4030, #318, #5411, #2679, #7935 ) ) ;
#96 = EDGE_CURVE ( 'NONE', #1867, #5648, #5766, .T. ) ;
#97 = CARTESIAN_POINT ( 'NONE',  ( -0.5254891897655407100, -8.099985445281856000, 2.965082556349681200 ) ) ;
#98 = CARTESIAN_POINT ( 'NONE',  ( 4.660158464153999700, 5.400000000000000400, 13.49942359245999900 ) ) ;
#99 = EDGE_CURVE ( 'NONE', #5345, #7109, #5862, .T. ) ;
#100 = ADVANCED_FACE ( 'NONE', ( #5775 ), #5567, .F. ) ;
#101 = AXIS2_PLACEMENT_3D ( 'NONE', #6958, #3258, #7605 ) ;
#102 = VERTEX_POINT ( 'NONE', #4093 ) ;
#103 = ORIENTED_EDGE ( 'NONE', *, *, #7837, .F. ) ;
#104 = ORIENTED_EDGE ( 'NONE', *, *, #613, .T. ) ;
#105 = CARTESIAN_POINT ( 'NONE',  ( 3.000000000000000000, 1.300000000000000300, 4.200000000000000200 ) ) ;
#106 = CARTESIAN_POINT ( 'NONE',  ( -4.549999999999999800, 0.0000000000000000000, 9.619999999999999200 ) ) ;
#107 = DIRECTION ( 'NONE',  ( -1.000000000000000000, -0.0000000000000000000, -0.0000000000000000000 ) ) ;
#108 = EDGE_CURVE ( 'NONE', #5622, #982, #5575, .T. ) ;
#109 = DIRECTION ( 'NONE',  ( -0.3333333333332900200, 0.0000000000000000000, -0.9428090415820787900 ) ) ;
#110 = PLANE ( 'NONE',  #5283 ) ;
#111 = CARTESIAN_POINT ( 'NONE',  ( 4.400000000000000400, 4.700000000000000200, 4.799999999999999800 ) ) ;
#112 = EDGE_CURVE ( 'NONE', #7109, #1142, #5673, .T. ) ;
#113 = AXIS2_PLACEMENT_3D ( 'NONE', #4142, #8423, #4775 ) ;
#114 = VERTEX_POINT ( 'NONE', #4023 ) ;
#115 = ORIENTED_EDGE ( 'NONE', *, *, #4896, .T. ) ;
#116 = CARTESIAN_POINT ( 'NONE',  ( 0.0000000000000000000, 4.700000000000000200, -4.200000000000000200 ) ) ;
#117 = CARTESIAN_POINT ( 'NONE',  ( 0.5000000000000000000, 4.700000000000000200, 0.0000000000000000000 ) ) ;
#118 = DIRECTION ( 'NONE',  ( 1.000000000000000000, 0.0000000000000000000, 0.0000000000000000000 ) ) ;
#119 = CARTESIAN_POINT ( 'NONE',  ( -0.4000000000000000200, 3.246173311193000000, 9.622999999999999300 ) ) ;
#120 = DIRECTION ( 'NONE',  ( 0.0000000000000000000, 0.0000000000000000000, 1.000000000000000000 ) ) ;
#121 = EDGE_CURVE ( 'NONE', #5648, #982, #5376, .T. ) ;
#122 = EDGE_CURVE ( 'NONE', #982, #4711, #5477, .T. ) ;
#123 = ORIENTED_EDGE ( 'NONE', *, *, #795, .T. ) ;
#124 = CARTESIAN_POINT ( 'NONE',  ( 2.600000000000000500, 3.246173311193000000, 13.50000000000000000 ) ) ;
#125 = LINE ( 'NONE', #2850, #1531 ) ;
#126 = ORIENTED_EDGE ( 'NONE', *, *, #2225, .T. ) ;
#127 = LINE ( 'NONE', #7884, #3890 ) ;
#128 = DIRECTION ( 'NONE',  ( 1.000000000000000000, 0.0000000000000000000, 0.0000000000000000000 ) ) ;
#129 = CARTESIAN_POINT ( 'NONE',  ( -0.1000000000000000100, 3.246173311193000000, 13.19999999999999900 ) ) ;
#130 = EDGE_CURVE ( 'NONE', #5345, #7616, #5384, .T. ) ;
#131 = ORIENTED_EDGE ( 'NONE', *, *, #5740, .F. ) ;
#132 = ADVANCED_FACE ( 'NONE', ( #5270 ), #3877, .F. ) ;
#133 = CARTESIAN_POINT ( 'NONE',  ( -4.829943704914066800, 7.399999999998937200, 13.67549717546643100 ) ) ;
#134 = ORIENTED_EDGE ( 'NONE', *, *, #1840, .T. ) ;
#135 = VECTOR ( 'NONE', #7253, 1000.000000000000000 ) ;
#136 = VECTOR ( 'NONE', #171, 1000.000000000000000 ) ;
#137 = ORIENTED_EDGE ( 'NONE', *, *, #1356, .T. ) ;
#138 = VECTOR ( 'NONE', #6715, 1000.000000000000000 ) ;
#139 = EDGE_CURVE ( 'NONE', #6783, #4128, #5186, .T. ) ;
#140 = EDGE_CURVE ( 'NONE', #4096, #3248, #4993, .T. ) ;
#141 = EDGE_CURVE ( 'NONE', #2801, #645, #5084, .T. ) ;
#142 = CARTESIAN_POINT ( 'NONE',  ( 2.965228794369675100, -8.099987814997632500, 0.5252816024607477300 ) ) ;
#143 = CARTESIAN_POINT ( 'NONE',  ( -18.87591023243999900, 9.000000000000000000, 9.900000000000000400 ) ) ;
#144 = ORIENTED_EDGE ( 'NONE', *, *, #3500, .F. ) ;
#145 = CIRCLE ( 'NONE', #7825, 0.2500000000000002200 ) ;
#146 = VECTOR ( 'NONE', #6340, 1000.000000000000000 ) ;
#147 = CARTESIAN_POINT ( 'NONE',  ( 3.000000000000000000, 4.049999999999999800, -2.500000000000000000 ) ) ;
#148 = LINE ( 'NONE', #242, #136 ) ;
#149 = EDGE_LOOP ( 'NONE', ( #7208, #5612, #1753, #6459 ) ) ;
#150 = VECTOR ( 'NONE', #1545, 1000.000000000000000 ) ;
#151 = CARTESIAN_POINT ( 'NONE',  ( 4.950000000000000200, 8.000000001011500200, 8.050000000000000700 ) ) ;
#152 = CARTESIAN_POINT ( 'NONE',  ( -4.400000000000000400, 4.700000000000000200, 0.0000000000000000000 ) ) ;
#153 = ADVANCED_FACE ( 'NONE', ( #4881 ), #3768, .F. ) ;
#154 = CARTESIAN_POINT ( 'NONE',  ( 0.0000000000000000000, -2.600000000000000500, 0.0000000000000000000 ) ) ;
#155 = CARTESIAN_POINT ( 'NONE',  ( 3.000000000000000400, 4.049999999999999800, -0.5000000000000000000 ) ) ;
#156 = ORIENTED_EDGE ( 'NONE', *, *, #4494, .T. ) ;
#157 = CARTESIAN_POINT ( 'NONE',  ( -4.400000000000000400, 0.0000000000000000000, -4.799999999999999800 ) ) ;
#158 = DIRECTION ( 'NONE',  ( 0.0000000000000000000, 0.0000000000000000000, 1.000000000000000000 ) ) ;
#159 = DIRECTION ( 'NONE',  ( 0.0000000000000000000, -1.000000000000000000, 0.0000000000000000000 ) ) ;
#160 = DIRECTION ( 'NONE',  ( -0.0000000000000000000, 1.000000000000000000, -0.0000000000000000000 ) ) ;
#161 = ORIENTED_EDGE ( 'NONE', *, *, #6970, .T. ) ;
#162 = EDGE_CURVE ( 'NONE', #4666, #88, #4983, .T. ) ;
#163 = VECTOR ( 'NONE', #3584, 1000.000000000000000 ) ;
#164 = CARTESIAN_POINT ( 'NONE',  ( 4.950000000000000200, 8.068900239974999200, 8.349999999999999600 ) ) ;
#165 = DIRECTION ( 'NONE',  ( 0.0000000000000000000, 0.0000000000000000000, 1.000000000000000000 ) ) ;
#166 = EDGE_CURVE ( 'NONE', #4792, #5345, #4673, .T. ) ;
#167 = DIRECTION ( 'NONE',  ( -0.0000000000000000000, 1.000000000000000000, 0.0000000000000000000 ) ) ;
#168 = ORIENTED_EDGE ( 'NONE', *, *, #8406, .F. ) ;
#169 = DIRECTION ( 'NONE',  ( 0.0000000000000000000, 0.0000000000000000000, -1.000000000000000000 ) ) ;
#170 = VERTEX_POINT ( 'NONE', #3467 ) ;
#171 = DIRECTION ( 'NONE',  ( -0.0000000000000000000, -0.0000000000000000000, 1.000000000000000000 ) ) ;
#172 = CYLINDRICAL_SURFACE ( 'NONE', #6108, 0.09999999999999939500 ) ;
#173 = EDGE_CURVE ( 'NONE', #5472, #2130, #4466, .T. ) ;
#174 = CIRCLE ( 'NONE', #2835, 2.239370392146000200 ) ;
#175 = VERTEX_POINT ( 'NONE', #3406 ) ;
#176 = CARTESIAN_POINT ( 'NONE',  ( -4.400000000000000400, 4.049999999999999800, 4.800000000000000700 ) ) ;
#177 = EDGE_CURVE ( 'NONE', #2484, #7877, #4771, .T. ) ;
#178 = CARTESIAN_POINT ( 'NONE',  ( 4.549999999999999800, 0.0000000000000000000, -5.500000000000000000 ) ) ;
#179 = ORIENTED_EDGE ( 'NONE', *, *, #736, .F. ) ;
#180 = CARTESIAN_POINT ( 'NONE',  ( -2.100000000000000100, 3.246173311193000000, 9.923000000000000000 ) ) ;
#181 =( BOUNDED_CURVE ( )  B_SPLINE_CURVE ( 3, ( #4598, #5789, #5069, #4473 ),
 .UNSPECIFIED., .F., .F. ) 
 B_SPLINE_CURVE_WITH_KNOTS ( ( 4, 4 ),
 ( 0.0000000000000000000, 1.570796326787184100 ),
 .UNSPECIFIED. ) 
 CURVE ( )  GEOMETRIC_REPRESENTATION_ITEM ( )  RATIONAL_B_SPLINE_CURVE ( ( 1.000000000000000000, 0.8047378541261827100, 0.8047378541261827100, 1.000000000000000000 ) ) 
 REPRESENTATION_ITEM ( '' )  );
#182 = VECTOR ( 'NONE', #1479, 1000.000000000000000 ) ;
#183 = CARTESIAN_POINT ( 'NONE',  ( 0.0000000000000000000, 0.0000000000000000000, 10.00000000000000000 ) ) ;
#184 = DIRECTION ( 'NONE',  ( 0.0000000000000000000, -0.0000000000000000000, 1.000000000000000000 ) ) ;
#185 = ORIENTED_EDGE ( 'NONE', *, *, #1098, .T. ) ;
#186 = VECTOR ( 'NONE', #2236, 1000.000000000000000 ) ;
#187 = EDGE_CURVE ( 'NONE', #5472, #2808, #4371, .T. ) ;
#188 = ADVANCED_FACE ( 'NONE', ( #4193 ), #3297, .F. ) ;
#189 = ORIENTED_EDGE ( 'NONE', *, *, #1103, .T. ) ;
#190 = EDGE_CURVE ( 'NONE', #312, #2808, #4095, .T. ) ;
#191 = CARTESIAN_POINT ( 'NONE',  ( -4.950000000000000200, 2.149999999999999000, 7.801471862612371100 ) ) ;
#192 = DIRECTION ( 'NONE',  ( 0.03525065691957913300, 0.0000000000000000000, -0.9993785024637753500 ) ) ;
#193 = CARTESIAN_POINT ( 'NONE',  ( -1.899999999999999900, 4.700000000000000200, 0.0000000000000000000 ) ) ;
#194 = DIRECTION ( 'NONE',  ( 1.000000000000000000, 0.0000000000000000000, 0.0000000000000000000 ) ) ;
#195 = FACE_OUTER_BOUND ( 'NONE', #6874, .T. ) ;
#196 = AXIS2_PLACEMENT_3D ( 'NONE', #3076, #1627, #6778 ) ;
#197 = VECTOR ( 'NONE', #8047, 1000.000000000000000 ) ;
#198 = VERTEX_POINT ( 'NONE', #3323 ) ;
#199 = EDGE_CURVE ( 'NONE', #1978, #102, #3996, .T. ) ;
#200 = EDGE_LOOP ( 'NONE', ( #1007, #6600, #2651, #7137, #5362, #1530 ) ) ;
#201 = CARTESIAN_POINT ( 'NONE',  ( 4.850000000000000500, 2.164213562987412400, 8.450000000671961300 ) ) ;
#202 = DIRECTION ( 'NONE',  ( 0.0000000000000000000, -1.000000000000000000, 0.0000000000000000000 ) ) ;
#203 = EDGE_CURVE ( 'NONE', #5554, #312, #4180, .T. ) ;
#204 = CARTESIAN_POINT ( 'NONE',  ( -4.549999999999999800, 8.514499687108999700, 9.900000000000000400 ) ) ;
#205 = EDGE_CURVE ( 'NONE', #3825, #5554, #4088, .T. ) ;
#206 = ORIENTED_EDGE ( 'NONE', *, *, #847, .T. ) ;
#207 = ADVANCED_FACE ( 'NONE', ( #3894 ), #3722, .T. ) ;
#208 = DIRECTION ( 'NONE',  ( 0.0000000000000000000, 0.0000000000000000000, 1.000000000000000000 ) ) ;
#209 = ORIENTED_EDGE ( 'NONE', *, *, #351, .F. ) ;
#210 = AXIS2_PLACEMENT_3D ( 'NONE', #7135, #7152, #7161 ) ;
#211 = DIRECTION ( 'NONE',  ( 0.0000000000000000000, 0.0000000000000000000, -1.000000000000000000 ) ) ;
#212 = DIRECTION ( 'NONE',  ( 1.000000000000000000, -0.0000000000000000000, -0.0000000000000000000 ) ) ;
#213 = VERTEX_POINT ( 'NONE', #3119 ) ;
#214 = AXIS2_PLACEMENT_3D ( 'NONE', #4452, #5668, #4353 ) ;
#215 = DIRECTION ( 'NONE',  ( 0.0000000000000000000, 1.000000000000000000, 0.0000000000000000000 ) ) ;
#216 = ORIENTED_EDGE ( 'NONE', *, *, #518, .F. ) ;
#217 = CARTESIAN_POINT ( 'NONE',  ( 0.0000000000000000000, 0.1000000000000000100, 0.0000000000000000000 ) ) ;
#218 = SURFACE_STYLE_FILL_AREA ( #1893 ) ;
#219 = AXIS2_PLACEMENT_3D ( 'NONE', #812, #5513, #1558 ) ;
#220 = CARTESIAN_POINT ( 'NONE',  ( -4.850000000000000500, 2.249999999999998700, 7.450000000000000200 ) ) ;
#221 = CARTESIAN_POINT ( 'NONE',  ( 0.0000000000000000000, 6.400000000000000400, 0.0000000000000000000 ) ) ;
#222 = CARTESIAN_POINT ( 'NONE',  ( 0.0000000000000000000, 4.700000000000000200, -3.200000000000000200 ) ) ;
#223 = EDGE_LOOP ( 'NONE', ( #1618, #7101, #4133, #370, #5662 ) ) ;
#224 = CARTESIAN_POINT ( 'NONE',  ( -4.650000000000000400, 4.500000000000000900, -3.399999999999999900 ) ) ;
#225 = CARTESIAN_POINT ( 'NONE',  ( 0.0000000000000000000, -2.600000000000000500, 0.0000000000000000000 ) ) ;
#226 = ORIENTED_EDGE ( 'NONE', *, *, #2312, .F. ) ;
#227 = ORIENTED_EDGE ( 'NONE', *, *, #5763, .F. ) ;
#228 = PRESENTATION_STYLE_ASSIGNMENT (( #1860 ) ) ;
#229 = CARTESIAN_POINT ( 'NONE',  ( 4.950000000000000200, 2.222792206135785400, 8.349999999999999600 ) ) ;
#230 = DIRECTION ( 'NONE',  ( -1.000000000000000000, 0.0000000000000000000, 0.0000000000000000000 ) ) ;
#231 = EDGE_CURVE ( 'NONE', #3825, #3944, #3730, .T. ) ;
#232 = DIRECTION ( 'NONE',  ( 0.0000000000000000000, 1.000000000000000000, -0.0000000000000000000 ) ) ;
#233 = ORIENTED_EDGE ( 'NONE', *, *, #2036, .T. ) ;
#234 = CIRCLE ( 'NONE', #504, 3.000000000000000000 ) ;
#235 = ORIENTED_EDGE ( 'NONE', *, *, #187, .T. ) ;
#236 = ORIENTED_EDGE ( 'NONE', *, *, #7629, .F. ) ;
#237 = ADVANCED_FACE ( 'NONE', ( #3625 ), #3023, .T. ) ;
#238 = CARTESIAN_POINT ( 'NONE',  ( -4.550000000000001600, 8.500000000000000000, 7.076452044609999900 ) ) ;
#239 = AXIS2_PLACEMENT_3D ( 'NONE', #4510, #1904, #6412 ) ;
#240 = DIRECTION ( 'NONE',  ( -0.0000000000000000000, 1.000000000000000000, -0.0000000000000000000 ) ) ;
#241 = PLANE ( 'NONE',  #2042 ) ;
#243 = ORIENTED_EDGE ( 'NONE', *, *, #1972, .T. ) ;
#242 = CARTESIAN_POINT ( 'NONE',  ( -4.850000000000000500, 9.000000000000001800, -5.500000000000000000 ) ) ;
#244 = EDGE_CURVE ( 'NONE', #3944, #2469, #3615, .T. ) ;
#245 = ORIENTED_EDGE ( 'NONE', *, *, #1047, .T. ) ;
#246 = VECTOR ( 'NONE', #3107, 1000.000000000000000 ) ;
#247 = EDGE_CURVE ( 'NONE', #2469, #1612, #3817, .T. ) ;
#248 = DIRECTION ( 'NONE',  ( 1.000000000000000000, 0.0000000000000000000, 0.0000000000000000000 ) ) ;
#249 = AXIS2_PLACEMENT_3D ( 'NONE', #4758, #3558, #7880 ) ;
#250 = ORIENTED_EDGE ( 'NONE', *, *, #4205, .F. ) ;
#251 = ADVANCED_FACE ( 'NONE', ( #3536 ), #8447, .F. ) ;
#252 = DIRECTION ( 'NONE',  ( 0.0000000000000000000, 1.000000000000000000, 0.0000000000000000000 ) ) ;
#253 = ORIENTED_EDGE ( 'NONE', *, *, #4715, .T. ) ;
#254 = AXIS2_PLACEMENT_3D ( 'NONE', #2585, #3260, #3188 ) ;
#255 = CARTESIAN_POINT ( 'NONE',  ( 0.5496577428988119700, 6.399999999999685900, 4.219387846017000700 ) ) ;
#256 = DIRECTION ( 'NONE',  ( -0.0000000000000000000, -1.000000000000000000, 0.0000000000000000000 ) ) ;
#257 = LINE ( 'NONE', #821, #8347 ) ;
#258 = DIRECTION ( 'NONE',  ( 0.0000000000000000000, 0.0000000000000000000, -1.000000000000000000 ) ) ;
#259 = EDGE_LOOP ( 'NONE', ( #2775, #7985, #6510, #1183, #6724 ) ) ;
#260 = VECTOR ( 'NONE', #2657, 1000.000000000000000 ) ;
#261 = CARTESIAN_POINT ( 'NONE',  ( -2.598076211353236500, -16.24500000000000100, -1.500000000000137200 ) ) ;
#262 = EDGE_CURVE ( 'NONE', #70, #7908, #3338, .T. ) ;
#263 = EDGE_CURVE ( 'NONE', #5858, #1261, #3527, .T. ) ;
#264 = ORIENTED_EDGE ( 'NONE', *, *, #6335, .F. ) ;
#265 = LINE ( 'NONE', #7487, #969 ) ;
#266 = ORIENTED_EDGE ( 'NONE', *, *, #2911, .F. ) ;
#267 = LINE ( 'NONE', #143, #843 ) ;
#268 = ORIENTED_EDGE ( 'NONE', *, *, #3404, .T. ) ;
#269 = VECTOR ( 'NONE', #7746, 1000.000000000000000 ) ;
#270 = AXIS2_PLACEMENT_3D ( 'NONE', #7040, #7051, #7057 ) ;
#271 = DIRECTION ( 'NONE',  ( -1.000000000000000000, 0.0000000000000000000, -0.0000000000000000000 ) ) ;
#272 = ORIENTED_EDGE ( 'NONE', *, *, #772, .F. ) ;
#273 = LINE ( 'NONE', #6447, #146 ) ;
#274 = EDGE_CURVE ( 'NONE', #8139, #5456, #3329, .T. ) ;
#275 = EDGE_LOOP ( 'NONE', ( #2778, #3963, #5543, #1712 ) ) ;
#276 = EDGE_CURVE ( 'NONE', #2808, #3117, #3230, .T. ) ;
#277 = CARTESIAN_POINT ( 'NONE',  ( -3.000000000000000000, 0.0000000000000000000, -4.200000000000000200 ) ) ;
#278 = AXIS2_PLACEMENT_3D ( 'NONE', #570, #541, #513 ) ;
#279 = ORIENTED_EDGE ( 'NONE', *, *, #6287, .T. ) ;
#280 = EDGE_CURVE ( 'NONE', #4354, #1978, #1371, .T. ) ;
#281 = CARTESIAN_POINT ( 'NONE',  ( -4.400000000000000400, 4.700000000000000200, 0.0000000000000000000 ) ) ;
#282 = VECTOR ( 'NONE', #298, 1000.000000000000000 ) ;
#283 = ORIENTED_EDGE ( 'NONE', *, *, #2334, .F. ) ;
#284 = ADVANCED_FACE ( 'NONE', ( #3007 ), #2703, .T. ) ;
#285 = AXIS2_PLACEMENT_3D ( 'NONE', #3418, #3451, #3629 ) ;
#286 = DIRECTION ( 'NONE',  ( 0.0000000000000000000, 0.0000000000000000000, 1.000000000000000000 ) ) ;
#287 = CARTESIAN_POINT ( 'NONE',  ( 4.850000000000000500, -0.2645751311065000500, -5.500000000000000000 ) ) ;
#288 = VECTOR ( 'NONE', #7804, 1000.000000000000000 ) ;
#289 = VERTEX_POINT ( 'NONE', #2380 ) ;
#290 = CIRCLE ( 'NONE', #8001, 0.09999999999999982500 ) ;
#291 = DIRECTION ( 'NONE',  ( -0.0000000000000000000, 1.000000000000000000, 0.0000000000000000000 ) ) ;
#292 = EDGE_CURVE ( 'NONE', #3117, #5388, #3129, .T. ) ;
#293 = ORIENTED_EDGE ( 'NONE', *, *, #4810, .F. ) ;
#294 = CARTESIAN_POINT ( 'NONE',  ( 2.100000000000000100, 3.246173311193000000, 9.923000000000000000 ) ) ;
#295 = EDGE_CURVE ( 'NONE', #4079, #1478, #6992, .T. ) ;
#296 = LINE ( 'NONE', #6048, #8163 ) ;
#297 = CARTESIAN_POINT ( 'NONE',  ( 4.950000000000000200, 1.791421356237309600, -3.417157287525380800 ) ) ;
#298 = DIRECTION ( 'NONE',  ( 0.0000000000000000000, -1.000000000000000000, 0.0000000000000000000 ) ) ;
#299 = FACE_OUTER_BOUND ( 'NONE', #2229, .T. ) ;
#300 = ORIENTED_EDGE ( 'NONE', *, *, #6706, .F. ) ;
#301 = VECTOR ( 'NONE', #8429, 1000.000000000000000 ) ;
#302 = ADVANCED_FACE ( 'NONE', ( #2803 ), #2593, .T. ) ;
#303 = EDGE_CURVE ( 'NONE', #312, #5388, #5366, .T. ) ;
#304 = LINE ( 'NONE', #3300, #535 ) ;
#305 = CARTESIAN_POINT ( 'NONE',  ( 3.000000000000000000, 0.0000000000000000000, 4.850000000000001400 ) ) ;
#306 = LINE ( 'NONE', #4586, #5508 ) ;
#307 = ORIENTED_EDGE ( 'NONE', *, *, #1666, .T. ) ;
#308 = EDGE_CURVE ( 'NONE', #1478, #5247, #2897, .T. ) ;
#309 = CARTESIAN_POINT ( 'NONE',  ( 2.000000000000000000, 1.500000000000000000, 5.000000000000000000 ) ) ;
#310 = AXIS2_PLACEMENT_3D ( 'NONE', #7648, #5779, #4519 ) ;
#311 = CARTESIAN_POINT ( 'NONE',  ( 4.946590467579683000, 5.400000000000000400, 13.39815458647035000 ) ) ;
#312 = VERTEX_POINT ( 'NONE', #1401 ) ;
#313 = CARTESIAN_POINT ( 'NONE',  ( -4.908578643762691500, 1.750000000000000900, -3.000000000000000000 ) ) ;
#314 = CARTESIAN_POINT ( 'NONE',  ( 3.200000000000000200, 3.246173311193000000, 9.923000000000000000 ) ) ;
#315 = DIRECTION ( 'NONE',  ( 0.0000000000000000000, -0.0000000000000000000, 1.000000000000000000 ) ) ;
#316 = EDGE_CURVE ( 'NONE', #3211, #2690, #2489, .T. ) ;
#317 = FACE_OUTER_BOUND ( 'NONE', #3353, .T. ) ;
#318 = ORIENTED_EDGE ( 'NONE', *, *, #330, .F. ) ;
#319 = EDGE_CURVE ( 'NONE', #641, #5749, #2364, .T. ) ;
#320 = CARTESIAN_POINT ( 'NONE',  ( 4.549999999999999800, -0.4000000000000000200, 5.500000000000000000 ) ) ;
#321 = CARTESIAN_POINT ( 'NONE',  ( 1.899999999999999900, 4.700000000000000200, 0.0000000000000000000 ) ) ;
#322 = CARTESIAN_POINT ( 'NONE',  ( 4.850000000000000500, -0.2645751311064795700, 5.500000000000000000 ) ) ;
#323 = ORIENTED_EDGE ( 'NONE', *, *, #5870, .F. ) ;
#324 = PLANE ( 'NONE',  #101 ) ;
#325 = AXIS2_PLACEMENT_3D ( 'NONE', #4098, #7193, #8377 ) ;
#326 = CARTESIAN_POINT ( 'NONE',  ( -4.400000000000000400, 4.700000000000000200, 0.0000000000000000000 ) ) ;
#327 = EDGE_CURVE ( 'NONE', #7310, #6516, #1928, .T. ) ;
#328 = ORIENTED_EDGE ( 'NONE', *, *, #6553, .F. ) ;
#329 = ORIENTED_EDGE ( 'NONE', *, *, #903, .F. ) ;
#330 = EDGE_CURVE ( 'NONE', #6877, #3917, #2384, .T. ) ;
#331 = DIRECTION ( 'NONE',  ( -1.000000000000000000, 0.0000000000000000000, -0.0000000000000000000 ) ) ;
#332 = EDGE_CURVE ( 'NONE', #6176, #7412, #2262, .T. ) ;
#333 = DIRECTION ( 'NONE',  ( 1.000000000000000000, 0.0000000000000000000, 0.0000000000000000000 ) ) ;
#334 = EDGE_CURVE ( 'NONE', #925, #1941, #2373, .T. ) ;
#335 = ADVANCED_FACE ( 'NONE', ( #5758 ), #1901, .F. ) ;
#336 = PLANE ( 'NONE',  #342 ) ;
#337 = VERTEX_POINT ( 'NONE', #2856 ) ;
#338 = DIRECTION ( 'NONE',  ( -0.0000000000000000000, 1.000000000000000000, -0.0000000000000000000 ) ) ;
#339 = EDGE_LOOP ( 'NONE', ( #7213, #1096, #6663, #2707, #7061, #5443 ) ) ;
#340 = CIRCLE ( 'NONE', #4274, 0.09999999999999939500 ) ;
#341 = DIRECTION ( 'NONE',  ( 0.0000000000000000000, 0.0000000000000000000, 1.000000000000000000 ) ) ;
#342 = AXIS2_PLACEMENT_3D ( 'NONE', #6383, #8097, #6330 ) ;
#343 = CARTESIAN_POINT ( 'NONE',  ( 3.049999999999999800, 4.099999999999999600, -4.000000000000000000 ) ) ;
#344 = CARTESIAN_POINT ( 'NONE',  ( 4.400000000000000400, 4.700000000000000200, 6.299999999999999800 ) ) ;
#345 = ORIENTED_EDGE ( 'NONE', *, *, #8288, .T. ) ;
#346 = ORIENTED_EDGE ( 'NONE', *, *, #1933, .T. ) ;
#347 = EDGE_CURVE ( 'NONE', #3104, #2354, #1914, .T. ) ;
#348 = ORIENTED_EDGE ( 'NONE', *, *, #1245, .T. ) ;
#349 = ADVANCED_FACE ( 'NONE', ( #2147, #3888 ), #2662, .T. ) ;
#350 = CARTESIAN_POINT ( 'NONE',  ( -0.6995649517246269600, 6.338579685423336900, -4.224675459844153400 ) ) ;
#351 = EDGE_CURVE ( 'NONE', #3912, #7125, #1783, .T. ) ;
#352 = CARTESIAN_POINT ( 'NONE',  ( 4.950000000000000200, 3.899999999999999900, -5.500000000000000000 ) ) ;
#353 = ORIENTED_EDGE ( 'NONE', *, *, #5015, .F. ) ;
#354 = ORIENTED_EDGE ( 'NONE', *, *, #3106, .T. ) ;
#355 = EDGE_CURVE ( 'NONE', #457, #2354, #2032, .T. ) ;
#356 = DIRECTION ( 'NONE',  ( 0.0000000000000000000, 0.0000000000000000000, -1.000000000000000000 ) ) ;
#357 = CARTESIAN_POINT ( 'NONE',  ( -4.400000000000000400, 0.0000000000000000000, 6.299999999999999800 ) ) ;
#358 = EDGE_CURVE ( 'NONE', #5247, #6645, #1771, .T. ) ;
#359 = CARTESIAN_POINT ( 'NONE',  ( 8.572527594031470700E-017, 6.250000000000000000, -4.900000000000000400 ) ) ;
#360 = AXIS2_PLACEMENT_3D ( 'NONE', #5081, #1043, #5708 ) ;
#361 = ORIENTED_EDGE ( 'NONE', *, *, #7352, .F. ) ;
#362 = LINE ( 'NONE', #4706, #6710 ) ;
#363 = ORIENTED_EDGE ( 'NONE', *, *, #3375, .F. ) ;
#364 = CYLINDRICAL_SURFACE ( 'NONE', #5414, 3.399999999999999900 ) ;
#365 = CARTESIAN_POINT ( 'NONE',  ( 4.950000000000000200, 1.850000000000000100, 7.450000000000000200 ) ) ;
#366 = DIRECTION ( 'NONE',  ( -1.000000000000000000, 0.0000000000000000000, 0.0000000000000000000 ) ) ;
#367 = EDGE_CURVE ( 'NONE', #5049, #457, #125, .T. ) ;
#368 = ORIENTED_EDGE ( 'NONE', *, *, #1916, .T. ) ;
#369 = EDGE_CURVE ( 'NONE', #2354, #6967, #1540, .T. ) ;
#370 = ORIENTED_EDGE ( 'NONE', *, *, #4438, .T. ) ;
#371 = LINE ( 'NONE', #7278, #2372 ) ;
#372 = DIRECTION ( 'NONE',  ( 0.0000000000000000000, -0.0000000000000000000, 1.000000000000000000 ) ) ;
#373 = VECTOR ( 'NONE', #554, 1000.000000000000000 ) ;
#374 = EDGE_LOOP ( 'NONE', ( #8018, #5370, #1270, #6804, #2832 ) ) ;
#375 = FACE_OUTER_BOUND ( 'NONE', #671, .T. ) ;
#376 = DIRECTION ( 'NONE',  ( 0.0000000000000000000, -0.0000000000000000000, 1.000000000000000000 ) ) ;
#377 = AXIS2_PLACEMENT_3D ( 'NONE', #5855, #7083, #3385 ) ;
#378 = CARTESIAN_POINT ( 'NONE',  ( -2.722587666183861700, -1.600000000000000300, 4.627820313806647200 ) ) ;
#379 = CARTESIAN_POINT ( 'NONE',  ( -3.000000000000000000, -0.4000000000000000200, 3.500000000000000400 ) ) ;
#380 = EDGE_CURVE ( 'NONE', #3193, #586, #1661, .T. ) ;
#381 = ORIENTED_EDGE ( 'NONE', *, *, #1277, .T. ) ;
#382 = DIRECTION ( 'NONE',  ( 0.0000000000000000000, 1.000000000000000000, -0.0000000000000000000 ) ) ;
#383 = VECTOR ( 'NONE', #6850, 1000.000000000000000 ) ;
#384 = VECTOR ( 'NONE', #395, 1000.000000000000100 ) ;
#385 = DIRECTION ( 'NONE',  ( 0.0000000000000000000, -1.000000000000000000, 0.0000000000000000000 ) ) ;
#386 = EDGE_LOOP ( 'NONE', ( #4869, #4216, #441, #5476, #2866 ) ) ;
#387 = VECTOR ( 'NONE', #2348, 1000.000000000000000 ) ;
#388 = EDGE_CURVE ( 'NONE', #1147, #6967, #1433, .T. ) ;
#389 = ORIENTED_EDGE ( 'NONE', *, *, #5090, .T. ) ;
#390 = CYLINDRICAL_SURFACE ( 'NONE', #5174, 0.7000000000000000700 ) ;
#391 = AXIS2_PLACEMENT_3D ( 'NONE', #6772, #6871, #6885 ) ;
#392 = CARTESIAN_POINT ( 'NONE',  ( 0.0000000000000000000, 4.700000000000000200, 6.299999999999999800 ) ) ;
#393 = CARTESIAN_POINT ( 'NONE',  ( 4.850000000000000500, 0.0000000000000000000, -5.500000000000000000 ) ) ;
#394 = ORIENTED_EDGE ( 'NONE', *, *, #79, .T. ) ;
#395 = DIRECTION ( 'NONE',  ( -0.9428090415820780100, 0.0000000000000000000, -0.3333333333332921800 ) ) ;
#396 = FACE_OUTER_BOUND ( 'NONE', #4649, .T. ) ;
#397 = CARTESIAN_POINT ( 'NONE',  ( 4.950000000000000200, 3.899999999999999900, -3.399999999999999900 ) ) ;
#398 = AXIS2_PLACEMENT_3D ( 'NONE', #3182, #3175, #3170 ) ;
#399 = EDGE_CURVE ( 'NONE', #457, #1147, #1198, .T. ) ;
#400 = VERTEX_POINT ( 'NONE', #770 ) ;
#401 = FACE_OUTER_BOUND ( 'NONE', #758, .T. ) ;
#402 = EDGE_CURVE ( 'NONE', #6967, #6889, #730, .T. ) ;
#403 = VERTEX_POINT ( 'NONE', #716 ) ;
#404 = CARTESIAN_POINT ( 'NONE',  ( 4.549999999999999800, 0.6155003128912000000, 9.900000000000000400 ) ) ;
#405 = AXIS2_PLACEMENT_3D ( 'NONE', #6651, #5420, #4811 ) ;
#406 = LINE ( 'NONE', #1652, #7226 ) ;
#407 = EDGE_CURVE ( 'NONE', #6301, #1061, #2888, .T. ) ;
#408 = ADVANCED_FACE ( 'NONE', ( #973 ), #480, .T. ) ;
#409 = DIRECTION ( 'NONE',  ( -0.06923359508224966000, 0.0000000000000000000, -0.9976004757977950900 ) ) ;
#410 = CARTESIAN_POINT ( 'NONE',  ( -3.000000000000000000, 0.0000000000000000000, 3.500000000000000400 ) ) ;
#411 = VECTOR ( 'NONE', #3167, 1000.000000000000000 ) ;
#412 = VERTEX_POINT ( 'NONE', #475 ) ;
#413 = CARTESIAN_POINT ( 'NONE',  ( 4.849999999999406300, 7.400000000000000400, 11.43619059382947600 ) ) ;
#414 = VERTEX_POINT ( 'NONE', #459 ) ;
#415 = CARTESIAN_POINT ( 'NONE',  ( -2.553999999999999800, -1.600000000000000100, 4.200000000000000200 ) ) ;
#416 = CARTESIAN_POINT ( 'NONE',  ( -4.949999999999999300, 8.299999999999993600, 8.050000000000006000 ) ) ;
#417 = CARTESIAN_POINT ( 'NONE',  ( -0.7499999999999997800, 2.946173311193000200, 6.299999999999999800 ) ) ;
#418 = FACE_OUTER_BOUND ( 'NONE', #3393, .T. ) ;
#419 = CARTESIAN_POINT ( 'NONE',  ( -3.617484895099125200, -1.600000000000001200, 3.893595699680632000 ) ) ;
#420 = EDGE_CURVE ( 'NONE', #5448, #6889, #493, .T. ) ;
#421 = VECTOR ( 'NONE', #3198, 1000.000000000000000 ) ;
#422 = ORIENTED_EDGE ( 'NONE', *, *, #3261, .F. ) ;
#423 = CARTESIAN_POINT ( 'NONE',  ( 4.850000000000000500, 0.0000000000000000000, -3.399999999999999900 ) ) ;
#424 = VECTOR ( 'NONE', #2521, 1000.000000000000000 ) ;
#425 = EDGE_CURVE ( 'NONE', #6612, #6746, #1316, .T. ) ;
#426 = EDGE_LOOP ( 'NONE', ( #8069, #5364, #1379, #6893 ) ) ;
#427 = VECTOR ( 'NONE', #4930, 1000.000000000000000 ) ;
#428 = DIRECTION ( 'NONE',  ( -1.000000000000000000, 0.0000000000000000000, 0.0000000000000000000 ) ) ;
#429 = FACE_OUTER_BOUND ( 'NONE', #2566, .T. ) ;
#430 = ORIENTED_EDGE ( 'NONE', *, *, #1865, .T. ) ;
#431 = VERTEX_POINT ( 'NONE', #311 ) ;
#432 = EDGE_CURVE ( 'NONE', #1147, #5448, #607, .T. ) ;
#433 = CARTESIAN_POINT ( 'NONE',  ( -4.400000000000000400, 0.0000000000000000000, -5.500000000000000000 ) ) ;
#434 = VERTEX_POINT ( 'NONE', #359 ) ;
#435 = ORIENTED_EDGE ( 'NONE', *, *, #327, .F. ) ;
#436 = DIRECTION ( 'NONE',  ( 0.9428090415820780100, 0.0000000000000000000, -0.3333333333332921800 ) ) ;
#437 = EDGE_CURVE ( 'NONE', #6889, #8200, #148, .T. ) ;
#438 = EDGE_CURVE ( 'NONE', #3792, #8200, #267, .T. ) ;
#439 = PLANE ( 'NONE',  #676 ) ;
#440 = DIRECTION ( 'NONE',  ( 0.0000000000000000000, -0.0000000000000000000, -1.000000000000000000 ) ) ;
#441 = ORIENTED_EDGE ( 'NONE', *, *, #2600, .T. ) ;
#442 = CARTESIAN_POINT ( 'NONE',  ( 4.950000000000000200, 2.150000000050399600, 7.450000000009000100 ) ) ;
#443 = CARTESIAN_POINT ( 'NONE',  ( 18.74924356577335200, 5.780000000000000200, 22.17894791717119000 ) ) ;
#444 = CARTESIAN_POINT ( 'NONE',  ( -3.698320333234852900, -1.346000000000000100, 4.248463514015851300 ) ) ;
#445 = EDGE_LOOP ( 'NONE', ( #2902, #7876 ) ) ;
#446 = AXIS2_PLACEMENT_3D ( 'NONE', #6959, #6968, #6974 ) ;
#447 = COLOUR_RGB ( '',0.7921568627450980000, 0.8196078431372548800, 0.9333333333333333500 ) ;
#448 = DIRECTION ( 'NONE',  ( -0.0000000000000000000, -0.0000000000000000000, 1.000000000000000000 ) ) ;
#449 = EDGE_CURVE ( 'NONE', #841, #102, #1678, .T. ) ;
#450 = ADVANCED_FACE ( 'NONE', ( #8456 ), #336, .F. ) ;
#451 = DIRECTION ( 'NONE',  ( 0.0000000000000000000, 0.0000000000000000000, -1.000000000000000000 ) ) ;
#452 = ORIENTED_EDGE ( 'NONE', *, *, #4151, .T. ) ;
#453 = EDGE_CURVE ( 'NONE', #5448, #3792, #8373, .T. ) ;
#454 = CARTESIAN_POINT ( 'NONE',  ( 4.850000000000000500, 8.900000000000000400, 10.00000000000000000 ) ) ;
#455 = DIRECTION ( 'NONE',  ( -1.445602896647339500E-015, 0.0000000000000000000, -1.000000000000000000 ) ) ;
#456 = EDGE_CURVE ( 'NONE', #8200, #1960, #8450, .T. ) ;
#457 = VERTEX_POINT ( 'NONE', #3203 ) ;
#458 = ORIENTED_EDGE ( 'NONE', *, *, #1157, .F. ) ;
#459 = CARTESIAN_POINT ( 'NONE',  ( 4.950000000000000200, 1.850000000000000100, -3.000000000000000000 ) ) ;
#460 = PLANE ( 'NONE',  #881 ) ;
#461 = ORIENTED_EDGE ( 'NONE', *, *, #2213, .F. ) ;
#462 = FACE_OUTER_BOUND ( 'NONE', #2686, .T. ) ;
#463 = VERTEX_POINT ( 'NONE', #180 ) ;
#464 = ORIENTED_EDGE ( 'NONE', *, *, #579, .F. ) ;
#465 = CARTESIAN_POINT ( 'NONE',  ( 4.163799117101000600E-016, -0.4000000000000000200, 3.399999999999999900 ) ) ;
#466 = ORIENTED_EDGE ( 'NONE', *, *, #96, .F. ) ;
#467 = DIRECTION ( 'NONE',  ( -0.0000000000000000000, -0.0000000000000000000, -1.000000000000000000 ) ) ;
#468 = EDGE_CURVE ( 'NONE', #1654, #1960, #8277, .T. ) ;
#469 = CARTESIAN_POINT ( 'NONE',  ( 4.908578643762691500, 8.000000000000001800, 7.950000000000000200 ) ) ;
#470 = ORIENTED_EDGE ( 'NONE', *, *, #1508, .T. ) ;
#471 = CARTESIAN_POINT ( 'NONE',  ( 4.850000000000000500, 8.000000001011500200, 7.950000000000000200 ) ) ;
#472 = ORIENTED_EDGE ( 'NONE', *, *, #1131, .T. ) ;
#473 = CYLINDRICAL_SURFACE ( 'NONE', #3985, 0.09999999999999939500 ) ;
#474 = AXIS2_PLACEMENT_3D ( 'NONE', #5308, #1311, #5930 ) ;
#475 = CARTESIAN_POINT ( 'NONE',  ( 1.899999999999999700, 4.049999999999999800, 3.200000000000000200 ) ) ;
#476 = CARTESIAN_POINT ( 'NONE',  ( 3.000000000000000400, 4.700000000000000200, 2.500000000000000000 ) ) ;
#477 = DIRECTION ( 'NONE',  ( 6.195440985631453300E-016, 0.0000000000000000000, -1.000000000000000000 ) ) ;
#478 = VERTEX_POINT ( 'NONE', #3030 ) ;
#479 = VERTEX_POINT ( 'NONE', #69 ) ;
#480 = CYLINDRICAL_SURFACE ( 'NONE', #528, 3.399999999999999900 ) ;
#481 = VERTEX_POINT ( 'NONE', #2997 ) ;
#482 = LINE ( 'NONE', #8209, #5665 ) ;
#483 = EDGE_CURVE ( 'NONE', #3792, #1654, #8113, .T. ) ;
#484 = CARTESIAN_POINT ( 'NONE',  ( -3.000000000000000000, 0.0000000000000000000, -4.200000000000000200 ) ) ;
#485 = DIRECTION ( 'NONE',  ( 0.0000000000000000000, -1.000000000000000000, 0.0000000000000000000 ) ) ;
#486 = CARTESIAN_POINT ( 'NONE',  ( 0.5749999999999592100, 3.246173311193000000, 9.650282197133911700 ) ) ;
#487 = CARTESIAN_POINT ( 'NONE',  ( 0.0000000000000000000, 9.000000000000001800, 7.076452044609999900 ) ) ;
#488 = AXIS2_PLACEMENT_3D ( 'NONE', #6725, #2346, #6747 ) ;
#489 = ORIENTED_EDGE ( 'NONE', *, *, #2111, .T. ) ;
#490 = VECTOR ( 'NONE', #7243, 1000.000000000000000 ) ;
#491 = DIRECTION ( 'NONE',  ( -0.6614378277661208100, 0.0000000000000000000, -0.7500000000000235400 ) ) ;
#492 = ORIENTED_EDGE ( 'NONE', *, *, #6186, .F. ) ;
#493 = LINE ( 'NONE', #487, #373 ) ;
#494 = ORIENTED_EDGE ( 'NONE', *, *, #3788, .T. ) ;
#495 = FACE_OUTER_BOUND ( 'NONE', #3174, .T. ) ;
#496 = EDGE_CURVE ( 'NONE', #1960, #6333, #8105, .T. ) ;
#497 = EDGE_CURVE ( 'NONE', #7562, #6333, #8197, .T. ) ;
#498 = DIRECTION ( 'NONE',  ( 0.0000000000000000000, 1.000000000000000000, 0.0000000000000000000 ) ) ;
#499 = ORIENTED_EDGE ( 'NONE', *, *, #1774, .T. ) ;
#500 = ADVANCED_FACE ( 'NONE', ( #8014 ), #3578, .T. ) ;
#501 = PLANE ( 'NONE',  #1886 ) ;
#502 = CARTESIAN_POINT ( 'NONE',  ( 4.850000000000000500, 3.899999999999999900, -5.500000000000000000 ) ) ;
#503 = LINE ( 'NONE', #6363, #30 ) ;
#505 = ORIENTED_EDGE ( 'NONE', *, *, #2388, .T. ) ;
#504 = AXIS2_PLACEMENT_3D ( 'NONE', #7698, #3966, #8261 ) ;
#506 = CARTESIAN_POINT ( 'NONE',  ( -4.950000000000000200, 8.414999999999999100, 9.619999999999999200 ) ) ;
#507 = FACE_OUTER_BOUND ( 'NONE', #5001, .T. ) ;
#508 = DIRECTION ( 'NONE',  ( -1.000000000000000000, 0.0000000000000000000, 0.0000000000000000000 ) ) ;
#509 = EDGE_CURVE ( 'NONE', #1071, #3912, #7850, .T. ) ;
#510 = CARTESIAN_POINT ( 'NONE',  ( 4.850000000000000500, 2.250000000000000400, -3.000000000000000000 ) ) ;
#511 = DIRECTION ( 'NONE',  ( -0.0000000000000000000, -1.000000000000000000, -0.0000000000000000000 ) ) ;
#512 = DIRECTION ( 'NONE',  ( 0.0000000000000000000, -1.000000000000000000, 0.0000000000000000000 ) ) ;
#513 = DIRECTION ( 'NONE',  ( 0.0000000000000000000, 0.0000000000000000000, 1.000000000000000000 ) ) ;
#514 = ORIENTED_EDGE ( 'NONE', *, *, #3375, .T. ) ;
#515 = CARTESIAN_POINT ( 'NONE',  ( -2.951536483440305100, -1.346000000000000100, 4.898320333058310700 ) ) ;
#516 = EDGE_CURVE ( 'NONE', #1654, #7562, #7858, .T. ) ;
#517 = EDGE_LOOP ( 'NONE', ( #4857, #5109, #2237, #6101 ) ) ;
#518 = EDGE_CURVE ( 'NONE', #6333, #5592, #7584, .T. ) ;
#519 = CARTESIAN_POINT ( 'NONE',  ( 4.950000000000000200, 3.899999999999999900, -5.500000000000000000 ) ) ;
#520 = CARTESIAN_POINT ( 'NONE',  ( -4.850000000000000500, 1.750000000000001600, 7.449999999999999300 ) ) ;
#521 = FACE_OUTER_BOUND ( 'NONE', #3783, .T. ) ;
#522 = ORIENTED_EDGE ( 'NONE', *, *, #1143, .F. ) ;
#523 = DIRECTION ( 'NONE',  ( 0.0000000000000000000, 0.0000000000000000000, -1.000000000000000000 ) ) ;
#524 = LINE ( 'NONE', #7121, #490 ) ;
#525 = CARTESIAN_POINT ( 'NONE',  ( -3.049999999999999800, -0.4000000000000000200, 3.399999999999999900 ) ) ;
#526 = EDGE_LOOP ( 'NONE', ( #7509, #4405 ) ) ;
#527 = FACE_OUTER_BOUND ( 'NONE', #3024, .T. ) ;
#528 = AXIS2_PLACEMENT_3D ( 'NONE', #670, #512, #706 ) ;
#529 = VECTOR ( 'NONE', #3487, 1000.000000000000000 ) ;
#530 = ORIENTED_EDGE ( 'NONE', *, *, #483, .F. ) ;
#531 = LINE ( 'NONE', #2367, #8135 ) ;
#532 = AXIS2_PLACEMENT_3D ( 'NONE', #1789, #8148, #6922 ) ;
#533 = ORIENTED_EDGE ( 'NONE', *, *, #5226, .F. ) ;
#534 = DIRECTION ( 'NONE',  ( 0.0000000000000000000, 0.0000000000000000000, 1.000000000000000000 ) ) ;
#535 = VECTOR ( 'NONE', #8207, 1000.000000000000000 ) ;
#536 = CIRCLE ( 'NONE', #603, 0.2540000000000002800 ) ;
#537 = ORIENTED_EDGE ( 'NONE', *, *, #4450, .T. ) ;
#538 = DIRECTION ( 'NONE',  ( 0.0000000000000000000, 0.0000000000000000000, -1.000000000000000000 ) ) ;
#539 = CARTESIAN_POINT ( 'NONE',  ( -1.749999999999999800, 2.946173311192998900, 9.377564394267999100 ) ) ;
#540 = VERTEX_POINT ( 'NONE', #4832 ) ;
#541 = DIRECTION ( 'NONE',  ( -0.0000000000000000000, -1.000000000000000000, -0.0000000000000000000 ) ) ;
#542 = EDGE_CURVE ( 'NONE', #5592, #7112, #7265, .T. ) ;
#543 = CARTESIAN_POINT ( 'NONE',  ( -4.850000000000000500, 5.399999999999999500, 9.619999999999999200 ) ) ;
#544 = DIRECTION ( 'NONE',  ( -0.0000000000000000000, -0.0000000000000000000, -1.000000000000000000 ) ) ;
#545 = CIRCLE ( 'NONE', #6038, 0.2999999999999999300 ) ;
#546 = VERTEX_POINT ( 'NONE', #7853 ) ;
#547 = AXIS2_PLACEMENT_3D ( 'NONE', #7953, #1561, #6134 ) ;
#548 = ADVANCED_FACE ( 'NONE', ( #7367 ), #4150, .T. ) ;
#549 = ORIENTED_EDGE ( 'NONE', *, *, #2963, .F. ) ;
#550 = DIRECTION ( 'NONE',  ( 0.0000000000000000000, 0.0000000000000000000, -1.000000000000000000 ) ) ;
#551 = CARTESIAN_POINT ( 'NONE',  ( 4.400000000000000400, 0.0000000000000000000, 6.299999999999999800 ) ) ;
#552 = CARTESIAN_POINT ( 'NONE',  ( 8.572527594031472000E-017, 4.700000000000000200, 3.500000000000000400 ) ) ;
#553 = CARTESIAN_POINT ( 'NONE',  ( 2.600000000000000500, 0.0000000000000000000, 13.50000000000000000 ) ) ;
#554 = DIRECTION ( 'NONE',  ( -1.000000000000000000, 0.0000000000000000000, -0.0000000000000000000 ) ) ;
#555 = EDGE_CURVE ( 'NONE', #7562, #7112, #7065, .T. ) ;
#556 = VERTEX_POINT ( 'NONE', #4342 ) ;
#557 = EDGE_CURVE ( 'NONE', #7112, #2740, #7771, .T. ) ;
#558 = ORIENTED_EDGE ( 'NONE', *, *, #2142, .F. ) ;
#559 = ORIENTED_CLOSED_SHELL ( 'NONE', *, #6427, .F. );
#560 = AXIS2_PLACEMENT_3D ( 'NONE', #8024, #7978, #7958 ) ;
#561 = DIRECTION ( 'NONE',  ( -0.0000000000000000000, 1.000000000000000000, 0.0000000000000000000 ) ) ;
#562 = EDGE_CURVE ( 'NONE', #2199, #1071, #6981, .T. ) ;
#563 = ORIENTED_EDGE ( 'NONE', *, *, #6136, .F. ) ;
#564 = ORIENTED_EDGE ( 'NONE', *, *, #6243, .F. ) ;
#565 = EDGE_CURVE ( 'NONE', #5592, #4480, #7271, .T. ) ;
#566 = EDGE_CURVE ( 'NONE', #4480, #2740, #6860, .T. ) ;
#567 = CIRCLE ( 'NONE', #4172, 3.060000000000000100 ) ;
#568 = DIRECTION ( 'NONE',  ( 0.0000000000000000000, -1.000000000000000000, 0.0000000000000000000 ) ) ;
#569 = CARTESIAN_POINT ( 'NONE',  ( -3.049999999999999800, 4.530027300002999800, 4.599999999999999600 ) ) ;
#570 = CARTESIAN_POINT ( 'NONE',  ( 0.0000000000000000000, 3.599999999999999200, 0.0000000000000000000 ) ) ;
#571 = CARTESIAN_POINT ( 'NONE',  ( 0.1000000000000000100, -44.99959868226000000, 13.19999999999999900 ) ) ;
#572 = ORIENTED_EDGE ( 'NONE', *, *, #5406, .F. ) ;
#573 = AXIS2_PLACEMENT_3D ( 'NONE', #6833, #6846, #6859 ) ;
#574 = EDGE_LOOP ( 'NONE', ( #8133, #3079, #7343, #622 ) ) ;
#575 = DIRECTION ( 'NONE',  ( 0.0000000000000000000, -0.7071067811865475700, -0.7071067811865475700 ) ) ;
#576 = DIRECTION ( 'NONE',  ( 0.7500000000000236500, 0.0000000000000000000, -0.6614378277661209200 ) ) ;
#577 = ORIENTED_EDGE ( 'NONE', *, *, #358, .F. ) ;
#578 = DIRECTION ( 'NONE',  ( 0.0000000000000000000, 1.000000000000000000, 0.0000000000000000000 ) ) ;
#579 = EDGE_CURVE ( 'NONE', #2740, #6530, #6972, .T. ) ;
#580 = CARTESIAN_POINT ( 'NONE',  ( 3.074999999997927600, 3.246173311193000000, 9.650282197134842500 ) ) ;
#581 = DIRECTION ( 'NONE',  ( 0.0000000000000000000, 0.0000000000000000000, 1.000000000000000000 ) ) ;
#582 = DIRECTION ( 'NONE',  ( 0.0000000000000000000, 0.0000000000000000000, 1.000000000000000000 ) ) ;
#583 = EDGE_CURVE ( 'NONE', #4480, #5937, #6769, .T. ) ;
#584 = CARTESIAN_POINT ( 'NONE',  ( -4.549999999999998900, 3.899999999999999500, -5.500000000000000900 ) ) ;
#585 = ORIENTED_EDGE ( 'NONE', *, *, #5908, .F. ) ;
#586 = VERTEX_POINT ( 'NONE', #6016 ) ;
#587 = VECTOR ( 'NONE', #7674, 1000.000000000000000 ) ;
#588 = DIRECTION ( 'NONE',  ( -0.0000000000000000000, -0.0000000000000000000, -1.000000000000000000 ) ) ;
#589 = CARTESIAN_POINT ( 'NONE',  ( -4.850000000000000500, 2.250000000000000400, -3.000000000000000000 ) ) ;
#590 = EDGE_CURVE ( 'NONE', #7647, #6877, #6603, .T. ) ;
#591 = ORIENTED_EDGE ( 'NONE', *, *, #1460, .T. ) ;
#592 = CARTESIAN_POINT ( 'NONE',  ( -3.049999999999999800, 4.057344549557999600, -3.400000000000000400 ) ) ;
#593 = ADVANCED_FACE ( 'NONE', ( #6685 ), #8213, .T. ) ;
#594 = CARTESIAN_POINT ( 'NONE',  ( 4.950000000000000200, 2.150000000050399600, 7.450000000009000100 ) ) ;
#595 = EDGE_LOOP ( 'NONE', ( #6344, #2506, #4797, #156, #5122, #1281, #3769, #7638, #805, #2531, #2435, #3523 ) ) ;
#596 = LINE ( 'NONE', #4082, #6139 ) ;
#597 = EDGE_CURVE ( 'NONE', #5937, #6530, #6319, .T. ) ;
#598 = DIRECTION ( 'NONE',  ( 0.0000000000000000000, 0.0000000000000000000, 1.000000000000000000 ) ) ;
#599 = CARTESIAN_POINT ( 'NONE',  ( 2.600000000000000500, 3.246173311193000000, 13.19999999999999900 ) ) ;
#600 = ORIENTED_EDGE ( 'NONE', *, *, #4076, .F. ) ;
#601 = EDGE_CURVE ( 'NONE', #1978, #6746, #6493, .T. ) ;
#602 = PLANE ( 'NONE',  #2528 ) ;
#603 = AXIS2_PLACEMENT_3D ( 'NONE', #6484, #2716, #7089 ) ;
#605 = ORIENTED_EDGE ( 'NONE', *, *, #4590, .T. ) ;
#604 = CARTESIAN_POINT ( 'NONE',  ( 4.950000000000000200, 2.150000000005271300, 7.801471862580964300 ) ) ;
#606 = PLANE ( 'NONE',  #1777 ) ;
#607 = CIRCLE ( 'NONE', #638, 0.5000000000000004400 ) ;
#608 = ORIENTED_EDGE ( 'NONE', *, *, #399, .T. ) ;
#609 = FACE_OUTER_BOUND ( 'NONE', #595, .T. ) ;
#610 = DIRECTION ( 'NONE',  ( 1.000000000000000000, 0.0000000000000000000, 0.0000000000000000000 ) ) ;
#611 = DIRECTION ( 'NONE',  ( -0.0000000000000000000, 1.000000000000000000, -0.0000000000000000000 ) ) ;
#612 = ORIENTED_EDGE ( 'NONE', *, *, #388, .F. ) ;
#613 = EDGE_CURVE ( 'NONE', #6530, #803, #6408, .T. ) ;
#614 = CARTESIAN_POINT ( 'NONE',  ( 1.899999999999999700, 4.049999999999999800, -4.799999999999999800 ) ) ;
#615 = VERTEX_POINT ( 'NONE', #6082 ) ;
#616 = CIRCLE ( 'NONE', #968, 0.6500000000000003600 ) ;
#617 = EDGE_CURVE ( 'NONE', #6612, #102, #6023, .T. ) ;
#618 = DIRECTION ( 'NONE',  ( 1.000000000000000000, -0.0000000000000000000, 0.0000000000000000000 ) ) ;
#619 = CARTESIAN_POINT ( 'NONE',  ( 4.950000000000000200, 2.750000000000000000, 8.050000000000000700 ) ) ;
#620 = AXIS2_PLACEMENT_3D ( 'NONE', #662, #6009, #2175 ) ;
#621 = DIRECTION ( 'NONE',  ( 0.0000000000000000000, -1.000000000000000000, 0.0000000000000000000 ) ) ;
#622 = ORIENTED_EDGE ( 'NONE', *, *, #1810, .T. ) ;
#623 = ORIENTED_EDGE ( 'NONE', *, *, #2333, .F. ) ;
#624 = CARTESIAN_POINT ( 'NONE',  ( 18.87591023243999900, 0.7153752346684773000, 9.904999999998997500 ) ) ;
#625 = EDGE_CURVE ( 'NONE', #5937, #631, #6312, .T. ) ;
#626 = EDGE_CURVE ( 'NONE', #803, #631, #5931, .T. ) ;
#627 = VECTOR ( 'NONE', #1431, 1000.000000000000000 ) ;
#628 = CARTESIAN_POINT ( 'NONE',  ( -3.728034202983876900, 41.88643412431000000, 12.53277621050204600 ) ) ;
#629 = DIRECTION ( 'NONE',  ( 0.0000000000000000000, 0.0000000000000000000, 1.000000000000000000 ) ) ;
#630 = VERTEX_POINT ( 'NONE', #8407 ) ;
#631 = VERTEX_POINT ( 'NONE', #4297 ) ;
#632 = DIRECTION ( 'NONE',  ( 0.0000000000000000000, 1.000000000000000000, 0.0000000000000000000 ) ) ;
#633 = CARTESIAN_POINT ( 'NONE',  ( 4.549999999999999800, 0.6155003128912001100, 10.00000000000000000 ) ) ;
#634 = EDGE_CURVE ( 'NONE', #2199, #7125, #5644, .T. ) ;
#635 = DIRECTION ( 'NONE',  ( -0.0000000000000000000, -1.000000000000000000, -0.0000000000000000000 ) ) ;
#636 = FACE_BOUND ( 'NONE', #6630, .T. ) ;
#637 = DIRECTION ( 'NONE',  ( 1.000000000000000000, -0.0000000000000000000, -0.0000000000000000000 ) ) ;
#638 = AXIS2_PLACEMENT_3D ( 'NONE', #238, #212, #208 ) ;
#639 = EDGE_CURVE ( 'NONE', #631, #6315, #5825, .T. ) ;
#640 = VECTOR ( 'NONE', #6918, 1000.000000000000000 ) ;
#641 = VERTEX_POINT ( 'NONE', #5489 ) ;
#642 = EDGE_CURVE ( 'NONE', #3425, #6315, #5534, .T. ) ;
#643 = CARTESIAN_POINT ( 'NONE',  ( 3.446000000000000200, -1.600000000000000100, -4.200000000000000200 ) ) ;
#644 = DIRECTION ( 'NONE',  ( -1.000000000000000000, 0.0000000000000000000, -0.0000000000000000000 ) ) ;
#645 = VERTEX_POINT ( 'NONE', #4740 ) ;
#646 = ADVANCED_FACE ( 'NONE', ( #5441 ), #5248, .T. ) ;
#647 = CIRCLE ( 'NONE', #3072, 2.239370392146000200 ) ;
#648 = DIRECTION ( 'NONE',  ( -1.000000000000000000, 0.0000000000000000000, -0.0000000000000000000 ) ) ;
#649 = DIRECTION ( 'NONE',  ( -1.000000000000000000, 0.0000000000000000000, -0.0000000000000000000 ) ) ;
#650 = CARTESIAN_POINT ( 'NONE',  ( 2.555054825746555700, -1.600000000000000300, -4.169120799726418800 ) ) ;
#651 = CARTESIAN_POINT ( 'NONE',  ( -4.549999999999999800, 3.899999999999999900, -5.500000000000000000 ) ) ;
#652 = VECTOR ( 'NONE', #8054, 1000.000000000000000 ) ;
#653 = ORIENTED_EDGE ( 'NONE', *, *, #2500, .T. ) ;
#654 = DIRECTION ( 'NONE',  ( 0.0000000000000000000, 1.000000000000000000, 0.0000000000000000000 ) ) ;
#655 = VECTOR ( 'NONE', #2493, 1000.000000000000000 ) ;
#656 = ORIENTED_EDGE ( 'NONE', *, *, #7421, .T. ) ;
#657 = EDGE_CURVE ( 'NONE', #5910, #1113, #6115, .T. ) ;
#658 = EDGE_CURVE ( 'NONE', #803, #7467, #5356, .T. ) ;
#659 = DIRECTION ( 'NONE',  ( 1.000000000000000000, 0.0000000000000000000, -0.0000000000000000000 ) ) ;
#660 = FACE_OUTER_BOUND ( 'NONE', #6816, .T. ) ;
#661 = ORIENTED_EDGE ( 'NONE', *, *, #1256, .T. ) ;
#662 = CARTESIAN_POINT ( 'NONE',  ( 0.0000000000000000000, 0.0000000000000000000, 13.50000000000000000 ) ) ;
#663 = EDGE_CURVE ( 'NONE', #6612, #4518, #181, .T. ) ;
#664 = CARTESIAN_POINT ( 'NONE',  ( -4.850000000000000500, 8.500000000000000000, 7.076452044609999900 ) ) ;
#665 = DIRECTION ( 'NONE',  ( 0.0000000000000000000, 0.0000000000000000000, 1.000000000000000000 ) ) ;
#666 = CARTESIAN_POINT ( 'NONE',  ( 3.000000000000000000, 0.0000000000000000000, 3.550000000000000700 ) ) ;
#667 = CARTESIAN_POINT ( 'NONE',  ( -3.049999999999999800, 4.057344549557999600, -4.599999999999999600 ) ) ;
#668 = VERTEX_POINT ( 'NONE', #5275 ) ;
#669 = DIRECTION ( 'NONE',  ( 0.0000000000000000000, -1.000000000000000000, 0.0000000000000000000 ) ) ;
#670 = CARTESIAN_POINT ( 'NONE',  ( 0.0000000000000000000, -0.4000000000000000200, 0.0000000000000000000 ) ) ;
#671 = EDGE_LOOP ( 'NONE', ( #75, #5819, #2444, #7718, #6430, #5177, #3858, #7680, #6006, #5736, #1332, #1420 ) ) ;
#672 = EDGE_CURVE ( 'NONE', #6315, #1326, #5241, .T. ) ;
#673 = CARTESIAN_POINT ( 'NONE',  ( 0.0000000000000000000, -1.199999999999999700, 0.0000000000000000000 ) ) ;
#674 = DIRECTION ( 'NONE',  ( -0.0000000000000000000, -1.000000000000000000, -0.0000000000000000000 ) ) ;
#675 = EDGE_CURVE ( 'NONE', #925, #2878, #5053, .T. ) ;
#676 = AXIS2_PLACEMENT_3D ( 'NONE', #506, #5830, #5889 ) ;
#677 = ORIENTED_EDGE ( 'NONE', *, *, #5922, .F. ) ;
#678 = DIRECTION ( 'NONE',  ( 0.0000000000000000000, 1.000000000000000000, 0.0000000000000000000 ) ) ;
#679 = CARTESIAN_POINT ( 'NONE',  ( 4.950000000000001100, 2.208578643767447900, 7.767157287529731700 ) ) ;
#680 = DIRECTION ( 'NONE',  ( 0.0000000000000000000, 1.000000000000000000, 0.0000000000000000000 ) ) ;
#681 = VERTEX_POINT ( 'NONE', #4969 ) ;
#682 = FACE_OUTER_BOUND ( 'NONE', #2396, .T. ) ;
#683 = EDGE_CURVE ( 'NONE', #1326, #3606, #4851, .T. ) ;
#684 = EDGE_CURVE ( 'NONE', #7025, #726, #5347, .T. ) ;
#685 = DIRECTION ( 'NONE',  ( -0.0000000000000000000, 1.000000000000000000, 0.0000000000000000000 ) ) ;
#686 = EDGE_LOOP ( 'NONE', ( #3759, #4226, #711, #2602, #5271, #7298, #2279, #1205, #5020, #3624, #3899, #7633 ) ) ;
#687 = AXIS2_PLACEMENT_3D ( 'NONE', #4319, #1659, #6212 ) ;
#688 = ORIENTED_EDGE ( 'NONE', *, *, #112, .T. ) ;
#689 = ORIENTED_EDGE ( 'NONE', *, *, #319, .T. ) ;
#690 = DIRECTION ( 'NONE',  ( 0.0000000000000000000, 0.0000000000000000000, 1.000000000000000000 ) ) ;
#691 = CIRCLE ( 'NONE', #4436, 0.2500000000000002200 ) ;
#692 = CARTESIAN_POINT ( 'NONE',  ( -4.125867433327127500, 5.400000000000000400, 12.53272387602181000 ) ) ;
#693 = EDGE_CURVE ( 'NONE', #3633, #7023, #4958, .T. ) ;
#694 = DIRECTION ( 'NONE',  ( 0.0000000000000000000, 0.0000000000000000000, -1.000000000000000000 ) ) ;
#695 = ADVANCED_FACE ( 'NONE', ( #4744 ), #4530, .T. ) ;
#696 = CARTESIAN_POINT ( 'NONE',  ( 4.950000000000000200, 2.398528137428036700, 8.050000000000000700 ) ) ;
#697 = EDGE_CURVE ( 'NONE', #1326, #6865, #4644, .T. ) ;
#698 = VECTOR ( 'NONE', #3946, 1000.000000000000000 ) ;
#699 = EDGE_CURVE ( 'NONE', #6865, #726, #4748, .T. ) ;
#700 = ORIENTED_EDGE ( 'NONE', *, *, #2132, .F. ) ;
#701 = CARTESIAN_POINT ( 'NONE',  ( 0.0000000000000000000, 4.049999999999999800, 0.0000000000000000000 ) ) ;
#702 = ORIENTED_EDGE ( 'NONE', *, *, #1622, .F. ) ;
#703 = ORIENTED_EDGE ( 'NONE', *, *, #99, .T. ) ;
#704 = DIRECTION ( 'NONE',  ( 0.0000000000000000000, 1.000000000000000000, -0.0000000000000000000 ) ) ;
#705 = ORIENTED_EDGE ( 'NONE', *, *, #7039, .T. ) ;
#706 = DIRECTION ( 'NONE',  ( 0.0000000000000000000, 0.0000000000000000000, -1.000000000000000000 ) ) ;
#707 = AXIS2_PLACEMENT_3D ( 'NONE', #8441, #8454, #8462 ) ;
#708 = CARTESIAN_POINT ( 'NONE',  ( 4.400000000000000400, 4.700000000000000200, 4.799999999999999800 ) ) ;
#709 = DIRECTION ( 'NONE',  ( 0.0000000000000000000, 0.0000000000000000000, 1.000000000000000000 ) ) ;
#710 = VERTEX_POINT ( 'NONE', #4704 ) ;
#711 = ORIENTED_EDGE ( 'NONE', *, *, #7641, .F. ) ;
#712 = LINE ( 'NONE', #157, #7688 ) ;
#713 = EDGE_CURVE ( 'NONE', #1113, #838, #4539, .T. ) ;
#714 = DIRECTION ( 'NONE',  ( -1.000000000000000000, 0.0000000000000000000, -0.0000000000000000000 ) ) ;
#715 = DIRECTION ( 'NONE',  ( 0.0000000000000000000, -0.0000000000000000000, 1.000000000000000000 ) ) ;
#716 = CARTESIAN_POINT ( 'NONE',  ( 4.549999999999999800, 9.000000000000001800, 7.076452044609999900 ) ) ;
#717 = AXIS2_PLACEMENT_3D ( 'NONE', #7933, #780, #5488 ) ;
#718 = ORIENTED_EDGE ( 'NONE', *, *, #6497, .F. ) ;
#719 = CARTESIAN_POINT ( 'NONE',  ( -3.728034202981450800, 5.400000000000002100, 12.53277621049936400 ) ) ;
#720 = ORIENTED_EDGE ( 'NONE', *, *, #1634, .F. ) ;
#721 = ORIENTED_EDGE ( 'NONE', *, *, #2834, .T. ) ;
#722 = FACE_OUTER_BOUND ( 'NONE', #7663, .T. ) ;
#723 = DIRECTION ( 'NONE',  ( 0.0000000000000000000, -1.000000000000000000, -0.0000000000000000000 ) ) ;
#724 = DIRECTION ( 'NONE',  ( 0.0000000000000000000, 0.0000000000000000000, -1.000000000000000000 ) ) ;
#725 = CARTESIAN_POINT ( 'NONE',  ( 0.0000000000000000000, -1.199999999999999700, 3.049999999999999800 ) ) ;
#726 = VERTEX_POINT ( 'NONE', #5759 ) ;
#727 = DIRECTION ( 'NONE',  ( 0.0000000000000000000, -1.000000000000000000, 0.0000000000000000000 ) ) ;
#728 = CIRCLE ( 'NONE', #71, 0.1000000000000002600 ) ;
#729 = ORIENTED_EDGE ( 'NONE', *, *, #2949, .F. ) ;
#730 = CIRCLE ( 'NONE', #1109, 0.5000000000000004400 ) ;
#731 = ORIENTED_EDGE ( 'NONE', *, *, #856, .T. ) ;
#732 = FACE_OUTER_BOUND ( 'NONE', #7374, .T. ) ;
#733 = EDGE_CURVE ( 'NONE', #726, #1705, #4441, .T. ) ;
#734 = CARTESIAN_POINT ( 'NONE',  ( -2.969121819833548900, -1.600000000000000300, 4.644929812430689300 ) ) ;
#735 = CARTESIAN_POINT ( 'NONE',  ( -3.048463516559694500, -1.346000000000000100, 3.501679666941691000 ) ) ;
#736 = EDGE_CURVE ( 'NONE', #1113, #5202, #6692, .T. ) ;
#737 = DIRECTION ( 'NONE',  ( 0.0000000000000000000, 0.0000000000000000000, -1.000000000000000000 ) ) ;
#738 = ORIENTED_EDGE ( 'NONE', *, *, #4810, .T. ) ;
#739 = LINE ( 'NONE', #6670, #383 ) ;
#740 = ORIENTED_EDGE ( 'NONE', *, *, #2141, .T. ) ;
#741 = DIRECTION ( 'NONE',  ( 0.0000000000000000000, -1.000000000000000000, -0.0000000000000000000 ) ) ;
#742 = DIRECTION ( 'NONE',  ( 0.0000000000000000000, 1.000000000000000000, -0.0000000000000000000 ) ) ;
#743 = CYLINDRICAL_SURFACE ( 'NONE', #196, 0.2999999999999999300 ) ;
#744 = EDGE_CURVE ( 'NONE', #6865, #3723, #4246, .T. ) ;
#745 = ADVANCED_FACE ( 'NONE', ( #3965, #4336 ), #4670, .T. ) ;
#746 = EDGE_CURVE ( 'NONE', #3723, #1705, #3779, .T. ) ;
#747 = ORIENTED_EDGE ( 'NONE', *, *, #274, .F. ) ;
#748 = DIRECTION ( 'NONE',  ( -1.000000000000000000, -0.0000000000000000000, -0.0000000000000000000 ) ) ;
#749 = PLANE ( 'NONE',  #6700 ) ;
#750 = EDGE_LOOP ( 'NONE', ( #5018, #4817, #2368, #6259 ) ) ;
#751 = VECTOR ( 'NONE', #3859, 1000.000000000000000 ) ;
#752 = LINE ( 'NONE', #7778, #5694 ) ;
#753 = ORIENTED_EDGE ( 'NONE', *, *, #634, .F. ) ;
#754 = VECTOR ( 'NONE', #7066, 1000.000000000000000 ) ;
#755 = CARTESIAN_POINT ( 'NONE',  ( -4.950000000000000200, 2.149999999999999900, 7.498502316928000500 ) ) ;
#756 = DIRECTION ( 'NONE',  ( 0.0000000000000000000, -1.000000000000000000, 0.0000000000000000000 ) ) ;
#757 = EDGE_CURVE ( 'NONE', #1705, #198, #3958, .T. ) ;
#758 = EDGE_LOOP ( 'NONE', ( #572, #3403, #7544, #2202 ) ) ;
#759 = EDGE_CURVE ( 'NONE', #3723, #6241, #3787, .T. ) ;
#760 = DIRECTION ( 'NONE',  ( 1.000000000000000000, 0.0000000000000000000, 0.0000000000000000000 ) ) ;
#761 = LINE ( 'NONE', #7151, #5700 ) ;
#762 = AXIS2_PLACEMENT_3D ( 'NONE', #8382, #8391, #8411 ) ;
#763 = VECTOR ( 'NONE', #578, 1000.000000000000000 ) ;
#764 = ORIENTED_EDGE ( 'NONE', *, *, #1590, .F. ) ;
#765 = CARTESIAN_POINT ( 'NONE',  ( -2.542469906914969000, -1.494789755157234900, 4.869931065589321800 ) ) ;
#766 = LINE ( 'NONE', #2308, #186 ) ;
#767 = DIRECTION ( 'NONE',  ( 1.000000000000000000, 0.0000000000000000000, -0.0000000000000000000 ) ) ;
#768 = APPLICATION_CONTEXT ( 'automotive_design' ) ;
#769 = ORIENTED_EDGE ( 'NONE', *, *, #2600, .F. ) ;
#770 = CARTESIAN_POINT ( 'NONE',  ( 2.100000000000000100, 2.946173311192998900, 9.923000000000000000 ) ) ;
#771 = VECTOR ( 'NONE', #5079, 1000.000000000000000 ) ;
#772 = EDGE_CURVE ( 'NONE', #198, #6241, #3695, .T. ) ;
#773 = EDGE_CURVE ( 'NONE', #6241, #5494, #3592, .T. ) ;
#774 = DIRECTION ( 'NONE',  ( 0.0000000000000000000, 0.0000000000000000000, 1.000000000000000000 ) ) ;
#775 = CARTESIAN_POINT ( 'NONE',  ( -3.600000000000000500, 7.400000000000000400, 12.40000000000000200 ) ) ;
#776 = VECTOR ( 'NONE', #7063, 1000.000000000000000 ) ;
#777 = VERTEX_POINT ( 'NONE', #5938 ) ;
#778 = ORIENTED_EDGE ( 'NONE', *, *, #5839, .F. ) ;
#779 = DIRECTION ( 'NONE',  ( 0.0000000000000000000, 0.0000000000000000000, -1.000000000000000000 ) ) ;
#780 = DIRECTION ( 'NONE',  ( 0.0000000000000000000, -1.000000000000000000, 0.0000000000000000000 ) ) ;
#781 = EDGE_CURVE ( 'NONE', #5466, #3681, #3394, .T. ) ;
#782 = CARTESIAN_POINT ( 'NONE',  ( -4.850000000000000500, 2.000000000000000000, -3.000000000000000000 ) ) ;
#783 = CARTESIAN_POINT ( 'NONE',  ( 0.6366504108524486700, 6.400894984940225500, 4.222456301746879200 ) ) ;
#784 = LINE ( 'NONE', #5261, #4624 ) ;
#785 = VERTEX_POINT ( 'NONE', #5105 ) ;
#786 = CARTESIAN_POINT ( 'NONE',  ( 3.747419205390900900E-016, -1.200000000000000000, 3.060000000000000100 ) ) ;
#787 = EDGE_CURVE ( 'NONE', #816, #6765, #3408, .T. ) ;
#788 = ORIENTED_EDGE ( 'NONE', *, *, #1824, .T. ) ;
#789 = CARTESIAN_POINT ( 'NONE',  ( 4.850000000000000500, 3.899999999999999500, 6.576452044609999900 ) ) ;
#790 = EDGE_CURVE ( 'NONE', #3290, #5494, #3296, .T. ) ;
#791 = CARTESIAN_POINT ( 'NONE',  ( -4.950000000000000200, 2.398528137465629300, 8.050000000045690400 ) ) ;
#792 = CARTESIAN_POINT ( 'NONE',  ( -2.950000000000000200, 2.946173311192998400, 9.377564394267999100 ) ) ;
#793 = PLANE ( 'NONE',  #4743 ) ;
#794 = ORIENTED_EDGE ( 'NONE', *, *, #5379, .F. ) ;
#795 = EDGE_CURVE ( 'NONE', #5202, #816, #3499, .T. ) ;
#796 = ADVANCED_FACE ( 'NONE', ( #2974 ), #7971, .T. ) ;
#797 = AXIS2_PLACEMENT_3D ( 'NONE', #4885, #4262, #89 ) ;
#798 = ORIENTED_EDGE ( 'NONE', *, *, #3549, .T. ) ;
#799 = CARTESIAN_POINT ( 'NONE',  ( 4.549999999999998900, 8.414624765331657500, 9.904999999997009800 ) ) ;
#800 = DIRECTION ( 'NONE',  ( 0.0000000000000000000, 0.0000000000000000000, 1.000000000000000000 ) ) ;
#801 = DIRECTION ( 'NONE',  ( 0.0000000000000000000, 0.0000000000000000000, 1.000000000000000000 ) ) ;
#802 = CARTESIAN_POINT ( 'NONE',  ( -4.549999999999999800, 0.0000000000000000000, 6.576452044609999900 ) ) ;
#803 = VERTEX_POINT ( 'NONE', #7760 ) ;
#804 = EDGE_CURVE ( 'NONE', #198, #3290, #3087, .T. ) ;
#805 = ORIENTED_EDGE ( 'NONE', *, *, #5045, .F. ) ;
#806 = CARTESIAN_POINT ( 'NONE',  ( -3.872003062062999900, 7.399999999999996800, 12.39394909638000000 ) ) ;
#807 = CARTESIAN_POINT ( 'NONE',  ( 3.000000000000000000, -1.346000000000000100, -4.200000000000000200 ) ) ;
#808 = EDGE_CURVE ( 'NONE', #2878, #213, #3190, .T. ) ;
#809 = AXIS2_PLACEMENT_3D ( 'NONE', #3940, #5207, #1196 ) ;
#810 = LINE ( 'NONE', #3208, #1382 ) ;
#811 = DIRECTION ( 'NONE',  ( 0.0000000000000000000, 1.000000000000000000, 0.0000000000000000000 ) ) ;
#812 = CARTESIAN_POINT ( 'NONE',  ( 0.0000000000000000000, 0.0000000000000000000, 0.0000000000000000000 ) ) ;
#813 = EDGE_LOOP ( 'NONE', ( #4305, #8417, #3579, #4557, #1130, #4953 ) ) ;
#814 = DIRECTION ( 'NONE',  ( 0.0000000000000000000, 1.000000000000000000, -0.0000000000000000000 ) ) ;
#815 = ORIENTED_EDGE ( 'NONE', *, *, #2911, .T. ) ;
#816 = VERTEX_POINT ( 'NONE', #8201 ) ;
#817 = EDGE_CURVE ( 'NONE', #5494, #7195, #2767, .T. ) ;
#818 = EDGE_CURVE ( 'NONE', #5532, #7195, #3689, .T. ) ;
#819 = CARTESIAN_POINT ( 'NONE',  ( 4.850000000000000500, 3.899999999999999900, -5.500000000000000000 ) ) ;
#820 = CARTESIAN_POINT ( 'NONE',  ( -2.821840207588692400, -8.100003275534691100, 1.026837145644759800 ) ) ;
#821 = CARTESIAN_POINT ( 'NONE',  ( 4.950000000000000200, 1.014999999999999900, 9.619999999999999200 ) ) ;
#822 = ORIENTED_EDGE ( 'NONE', *, *, #5974, .F. ) ;
#823 = EDGE_CURVE ( 'NONE', #7793, #6881, #6880, .T. ) ;
#824 = DIRECTION ( 'NONE',  ( -0.0000000000000000000, 1.000000000000000000, 0.0000000000000000000 ) ) ;
#825 = EDGE_LOOP ( 'NONE', ( #363, #3274, #7372, #1999 ) ) ;
#826 = LINE ( 'NONE', #5183, #5940 ) ;
#827 = EDGE_CURVE ( 'NONE', #816, #5910, #6561, .T. ) ;
#828 = EDGE_CURVE ( 'NONE', #3290, #5532, #2868, .T. ) ;
#829 = EDGE_CURVE ( 'NONE', #7195, #7300, #2665, .T. ) ;
#830 = PLANE ( 'NONE',  #3581 ) ;
#831 =( BOUNDED_SURFACE ( )  B_SPLINE_SURFACE ( 3, 3, ( 
 ( #7917, #8129, #7867, #7846, #7827, #7799, #7775 ),
 ( #7751, #7724, #7689, #7665, #7645, #7620, #7612 ),
 ( #7587, #7564, #7534, #7502, #7477, #7449, #7380 ),
 ( #7355, #7325, #7295, #7270, #7246, #7216, #7186 ) ),
 .UNSPECIFIED., .F., .F., .F. ) 
 B_SPLINE_SURFACE_WITH_KNOTS ( ( 4, 4 ),
 ( 4, 3, 4 ),
 ( 0.0000000000000000000, 1.000000000000000000 ),
 ( 0.0000000000000000000, 0.5000000000000000000, 1.000000000000000000 ),
 .UNSPECIFIED. ) 
 GEOMETRIC_REPRESENTATION_ITEM ( )  RATIONAL_B_SPLINE_SURFACE ( (
 ( 1.000000000000000000, 0.8025111801763885600, 0.8025111801763885600, 1.000000000000000000, 0.8025111801763885600, 0.8025111801763885600, 1.000000000000000000),
 ( 0.8047378541243654900, 0.6458111250459589400, 0.6458111250459589400, 0.8047378541243654900, 0.6458111250459589400, 0.6458111250459589400, 0.8047378541243654900),
 ( 0.8047378541243654900, 0.6458111250459589400, 0.6458111250459589400, 0.8047378541243654900, 0.6458111250459589400, 0.6458111250459589400, 0.8047378541243654900),
 ( 1.000000000000000000, 0.8025111801763885600, 0.8025111801763885600, 1.000000000000000000, 0.8025111801763885600, 0.8025111801763885600, 1.000000000000000000) ) ) 
 REPRESENTATION_ITEM ( '' )  SURFACE ( )  );
#832 = CARTESIAN_POINT ( 'NONE',  ( 2.600000000000000500, -44.99959868226000000, 13.19999999999999900 ) ) ;
#833 = ORIENTED_EDGE ( 'NONE', *, *, #334, .F. ) ;
#834 = ORIENTED_EDGE ( 'NONE', *, *, #1500, .F. ) ;
#835 = FACE_OUTER_BOUND ( 'NONE', #5146, .T. ) ;
#836 = CARTESIAN_POINT ( 'NONE',  ( -4.400000000000000400, 0.0000000000000000000, 5.500000000000000000 ) ) ;
#837 = PLANE ( 'NONE',  #1566 ) ;
#838 = VERTEX_POINT ( 'NONE', #7017 ) ;
#839 = ADVANCED_FACE ( 'NONE', ( #2215 ), #1979, .T. ) ;
#840 = CARTESIAN_POINT ( 'NONE',  ( 0.0000000000000000000, -0.4000000000000000200, -4.599999999999999600 ) ) ;
#841 = VERTEX_POINT ( 'NONE', #7662 ) ;
#842 = CARTESIAN_POINT ( 'NONE',  ( 4.949999999999076500, 5.779999999999998500, 13.80000000000032800 ) ) ;
#843 = VECTOR ( 'NONE', #107, 1000.000000000000000 ) ;
#844 = DIRECTION ( 'NONE',  ( 0.0000000000000000000, 0.0000000000000000000, -1.000000000000000000 ) ) ;
#845 = ORIENTED_EDGE ( 'NONE', *, *, #905, .F. ) ;
#846 = CYLINDRICAL_SURFACE ( 'NONE', #6686, 0.09999999999999939500 ) ;
#847 = EDGE_CURVE ( 'NONE', #2211, #7300, #1991, .T. ) ;
#848 = DIRECTION ( 'NONE',  ( -1.000000000000000000, 0.0000000000000000000, -0.0000000000000000000 ) ) ;
#849 = ORIENTED_EDGE ( 'NONE', *, *, #2297, .T. ) ;
#850 = FACE_OUTER_BOUND ( 'NONE', #259, .T. ) ;
#851 = VERTEX_POINT ( 'NONE', #4276 ) ;
#852 = CIRCLE ( 'NONE', #4608, 0.6500000000000003600 ) ;
#853 = CARTESIAN_POINT ( 'NONE',  ( -9.437580067829994700E-006, -8.099983601147744800, 2.999999999985155400 ) ) ;
#854 = CARTESIAN_POINT ( 'NONE',  ( 0.0000000000000000000, 4.700000000000000200, 4.799999999999999800 ) ) ;
#855 = ORIENTED_EDGE ( 'NONE', *, *, #945, .F. ) ;
#856 = EDGE_CURVE ( 'NONE', #5532, #2211, #2340, .T. ) ;
#857 = CIRCLE ( 'NONE', #5813, 0.2999999999999999300 ) ;
#858 = ORIENTED_EDGE ( 'NONE', *, *, #2925, .T. ) ;
#859 = CARTESIAN_POINT ( 'NONE',  ( 0.5222131598101561500, -8.099982145123123100, 2.965865047263820400 ) ) ;
#860 = EDGE_CURVE ( 'NONE', #4699, #3681, #1875, .T. ) ;
#861 = DIRECTION ( 'NONE',  ( 0.0000000000000000000, -1.000000000000000000, 0.0000000000000000000 ) ) ;
#862 = VECTOR ( 'NONE', #4796, 1000.000000000000000 ) ;
#863 = ORIENTED_EDGE ( 'NONE', *, *, #5394, .T. ) ;
#864 = CIRCLE ( 'NONE', #18, 0.5000000000000004400 ) ;
#865 = DIRECTION ( 'NONE',  ( -0.0000000000000000000, 1.000000000000000000, 0.0000000000000000000 ) ) ;
#866 = DIRECTION ( 'NONE',  ( 0.0000000000000000000, 0.0000000000000000000, 1.000000000000000000 ) ) ;
#867 = ORIENTED_EDGE ( 'NONE', *, *, #7418, .F. ) ;
#868 = EDGE_CURVE ( 'NONE', #7300, #5472, #2107, .T. ) ;
#869 = EDGE_CURVE ( 'NONE', #2211, #2130, #1863, .T. ) ;
#870 = CARTESIAN_POINT ( 'NONE',  ( 0.0000000000000000000, 2.600000000000000500, 0.0000000000000000000 ) ) ;
#871 = FACE_BOUND ( 'NONE', #6900, .T. ) ;
#872 = DIRECTION ( 'NONE',  ( 0.0000000000000000000, 0.0000000000000000000, 1.000000000000000000 ) ) ;
#873 = CARTESIAN_POINT ( 'NONE',  ( 0.0000000000000000000, 4.700000000000000200, -4.799999999999999800 ) ) ;
#874 = CARTESIAN_POINT ( 'NONE',  ( -3.049999999999999800, 4.500000000000000900, 4.000000000000000000 ) ) ;
#875 = CIRCLE ( 'NONE', #6750, 2.239370392146000200 ) ;
#876 = ORIENTED_EDGE ( 'NONE', *, *, #3983, .T. ) ;
#877 = DIRECTION ( 'NONE',  ( 0.0000000000000000000, 0.0000000000000000000, 1.000000000000000000 ) ) ;
#878 = CARTESIAN_POINT ( 'NONE',  ( 4.950000000000000200, 2.149999999999999900, -3.000000000000000000 ) ) ;
#879 = EDGE_LOOP ( 'NONE', ( #3345, #7460, #2097, #5755 ) ) ;
#880 = DIRECTION ( 'NONE',  ( 1.000000000000000000, 0.0000000000000000000, 0.0000000000000000000 ) ) ;
#881 = AXIS2_PLACEMENT_3D ( 'NONE', #775, #576, #491 ) ;
#882 = EDGE_CURVE ( 'NONE', #1242, #6662, #5966, .T. ) ;
#883 = CARTESIAN_POINT ( 'NONE',  ( 4.950000000000000200, 2.222792206688671200, 8.350000000604767400 ) ) ;
#884 = LINE ( 'NONE', #628, #5988 ) ;
#885 = DIRECTION ( 'NONE',  ( 0.0000000000000000000, 1.000000000000000000, 0.0000000000000000000 ) ) ;
#886 = DIRECTION ( 'NONE',  ( 0.0000000000000000000, 0.0000000000000000000, 1.000000000000000000 ) ) ;
#887 = EDGE_CURVE ( 'NONE', #2320, #6559, #1744, .T. ) ;
#888 = LINE ( 'NONE', #7476, #652 ) ;
#889 = ORIENTED_EDGE ( 'NONE', *, *, #7681, .T. ) ;
#890 = EDGE_CURVE ( 'NONE', #7238, #4770, #1635, .T. ) ;
#891 = CYLINDRICAL_SURFACE ( 'NONE', #4767, 3.049999999999999800 ) ;
#892 = DIRECTION ( 'NONE',  ( 0.0000000000000000000, 0.0000000000000000000, -1.000000000000000000 ) ) ;
#893 = ADVANCED_FACE ( 'NONE', ( #1507 ), #3927, .F. ) ;
#894 = DIRECTION ( 'NONE',  ( -1.000000000000000000, -0.0000000000000000000, 0.0000000000000000000 ) ) ;
#895 = ORIENTED_EDGE ( 'NONE', *, *, #244, .F. ) ;
#896 = AXIS2_PLACEMENT_3D ( 'NONE', #8311, #8321, #8339 ) ;
#897 = CARTESIAN_POINT ( 'NONE',  ( 3.000273756519663800, -8.099992006054264900, -0.2607573396582263400 ) ) ;
#898 = FACE_BOUND ( 'NONE', #5820, .T. ) ;
#899 = ORIENTED_EDGE ( 'NONE', *, *, #4630, .T. ) ;
#900 = CARTESIAN_POINT ( 'NONE',  ( 17.85564000000000100, 8.500000000000000000, 6.576452044609999900 ) ) ;
#901 = ORIENTED_EDGE ( 'NONE', *, *, #4464, .F. ) ;
#902 = EDGE_CURVE ( 'NONE', #5456, #8139, #1391, .T. ) ;
#903 = EDGE_CURVE ( 'NONE', #7238, #6559, #1283, .T. ) ;
#904 = DIRECTION ( 'NONE',  ( 0.0000000000000000000, 1.000000000000000000, 0.0000000000000000000 ) ) ;
#905 = EDGE_CURVE ( 'NONE', #5671, #4447, #1272, .T. ) ;
#906 = ORIENTED_EDGE ( 'NONE', *, *, #8169, .F. ) ;
#907 = DIRECTION ( 'NONE',  ( -2.664535259100376100E-015, 0.0000000000000000000, -1.000000000000000000 ) ) ;
#908 = CARTESIAN_POINT ( 'NONE',  ( 4.850000000000000500, 4.423606797749989100, -3.399999999999999900 ) ) ;
#909 = ORIENTED_EDGE ( 'NONE', *, *, #2932, .F. ) ;
#910 = DIRECTION ( 'NONE',  ( -0.0000000000000000000, 1.000000000000000000, -0.0000000000000000000 ) ) ;
#911 = DIRECTION ( 'NONE',  ( -1.000000000000000000, -0.0000000000000000000, 0.0000000000000000000 ) ) ;
#912 = CARTESIAN_POINT ( 'NONE',  ( -4.549999999999999800, 8.900000000000000400, 10.00000000000000000 ) ) ;
#913 = ORIENTED_EDGE ( 'NONE', *, *, #672, .F. ) ;
#914 = CARTESIAN_POINT ( 'NONE',  ( 4.950000000000000200, 1.849999999999999200, 7.977207794343730300 ) ) ;
#915 = VERTEX_POINT ( 'NONE', #3389 ) ;
#916 = EDGE_CURVE ( 'NONE', #6559, #4447, #1050, .T. ) ;
#917 = DIRECTION ( 'NONE',  ( 1.000000000000000000, 0.0000000000000000000, 0.0000000000000000000 ) ) ;
#918 = FACE_BOUND ( 'NONE', #2898, .T. ) ;
#919 = CARTESIAN_POINT ( 'NONE',  ( 4.650000000000000400, 4.500000000000000900, 4.599999999999999600 ) ) ;
#920 = ADVANCED_FACE ( 'NONE', ( #1161 ), #3400, .T. ) ;
#921 = EDGE_CURVE ( 'NONE', #6662, #7215, #810, .T. ) ;
#922 = AXIS2_PLACEMENT_3D ( 'NONE', #4351, #202, #5010 ) ;
#923 = ORIENTED_EDGE ( 'NONE', *, *, #3059, .F. ) ;
#924 = ORIENTED_EDGE ( 'NONE', *, *, #828, .F. ) ;
#925 = VERTEX_POINT ( 'NONE', #2440 ) ;
#926 = CARTESIAN_POINT ( 'NONE',  ( 4.549999999999999800, 3.899999999999999900, 3.399999999999999900 ) ) ;
#927 = DIRECTION ( 'NONE',  ( 0.0000000000000000000, 0.0000000000000000000, 1.000000000000000000 ) ) ;
#928 = VECTOR ( 'NONE', #3336, 1000.000000000000000 ) ;
#929 = DIRECTION ( 'NONE',  ( -0.0000000000000000000, 1.000000000000000000, 0.0000000000000000000 ) ) ;
#930 = EDGE_CURVE ( 'NONE', #5057, #2374, #1173, .T. ) ;
#931 = CARTESIAN_POINT ( 'NONE',  ( 4.850000000000000500, 9.000000000000001800, 7.076452044609999900 ) ) ;
#932 = DIRECTION ( 'NONE',  ( 1.000000000000000000, 0.0000000000000000000, -0.0000000000000000000 ) ) ;
#933 = CARTESIAN_POINT ( 'NONE',  ( 4.549999999999999800, -0.4000000000000000200, 4.599999999999999600 ) ) ;
#934 = FACE_OUTER_BOUND ( 'NONE', #7338, .T. ) ;
#935 = EDGE_LOOP ( 'NONE', ( #179, #3512, #6987, #1037 ) ) ;
#936 = ORIENTED_EDGE ( 'NONE', *, *, #2247, .F. ) ;
#937 = ADVANCED_FACE ( 'NONE', ( #918, #682 ), #2755, .T. ) ;
#938 = VERTEX_POINT ( 'NONE', #3222 ) ;
#939 = CARTESIAN_POINT ( 'NONE',  ( -4.950000000000001100, 2.750000000070385000, 7.991421356237308900 ) ) ;
#940 = PLANE ( 'NONE',  #3570 ) ;
#941 = CARTESIAN_POINT ( 'NONE',  ( -4.850000000000000500, 1.850000000000000100, -3.000000000000000000 ) ) ;
#942 = CARTESIAN_POINT ( 'NONE',  ( -3.000000000000000400, 4.049999999999999800, -2.500000000000000000 ) ) ;
#943 = CARTESIAN_POINT ( 'NONE',  ( -2.000000000000000000, 0.0000000000000000000, 6.299999999999999800 ) ) ;
#944 = EDGE_CURVE ( 'NONE', #4447, #2374, #691, .T. ) ;
#945 = EDGE_CURVE ( 'NONE', #7308, #5080, #340, .T. ) ;
#946 = CARTESIAN_POINT ( 'NONE',  ( 0.0000000000000000000, 4.099999999999999600, 4.599999999999999600 ) ) ;
#947 = ORIENTED_EDGE ( 'NONE', *, *, #2610, .T. ) ;
#948 = CARTESIAN_POINT ( 'NONE',  ( 3.074999999997968000, 2.946173311192998400, 9.650282197134931300 ) ) ;
#949 = EDGE_LOOP ( 'NONE', ( #959, #4762, #5294, #2155 ) ) ;
#950 = LINE ( 'NONE', #4913, #2891 ) ;
#951 = CARTESIAN_POINT ( 'NONE',  ( 4.850000000000000500, 1.749999999999999800, 7.450000000000000200 ) ) ;
#952 = CARTESIAN_POINT ( 'NONE',  ( 0.0000000000000000000, 7.400000000000000400, 0.0000000000000000000 ) ) ;
#953 = CARTESIAN_POINT ( 'NONE',  ( 0.5000000000000000000, 4.700000000000000200, 2.500000000000000000 ) ) ;
#954 = AXIS2_PLACEMENT_3D ( 'NONE', #8093, #8184, #8189 ) ;
#955 = EDGE_CURVE ( 'NONE', #1658, #6267, #567, .T. ) ;
#956 = ORIENTED_EDGE ( 'NONE', *, *, #162, .F. ) ;
#957 = MANIFOLD_SOLID_BREP ( 'Imported1', #4876 ) ;
#958 = DIRECTION ( 'NONE',  ( -1.000000000000000000, 0.0000000000000000000, 0.0000000000000000000 ) ) ;
#959 = ORIENTED_EDGE ( 'NONE', *, *, #1103, .F. ) ;
#960 = VECTOR ( 'NONE', #824, 1000.000000000000000 ) ;
#961 = VERTEX_POINT ( 'NONE', #1973 ) ;
#962 = VECTOR ( 'NONE', #2548, 1000.000000000000000 ) ;
#963 = EDGE_CURVE ( 'NONE', #2374, #5080, #7731, .T. ) ;
#964 = EDGE_CURVE ( 'NONE', #6395, #2234, #7819, .T. ) ;
#965 = DIRECTION ( 'NONE',  ( 0.0000000000000000000, 0.0000000000000000000, -1.000000000000000000 ) ) ;
#966 = DIRECTION ( 'NONE',  ( 0.0000000000000000000, 0.0000000000000000000, 1.000000000000000000 ) ) ;
#967 = ORIENTED_EDGE ( 'NONE', *, *, #7806, .T. ) ;
#968 = AXIS2_PLACEMENT_3D ( 'NONE', #2244, #2216, #2183 ) ;
#969 = VECTOR ( 'NONE', #7634, 1000.000000000000000 ) ;
#970 = ORIENTED_EDGE ( 'NONE', *, *, #4947, .F. ) ;
#971 = DIRECTION ( 'NONE',  ( 0.0000000000000000000, 0.0000000000000000000, 1.000000000000000000 ) ) ;
#972 = EDGE_CURVE ( 'NONE', #6881, #3478, #7145, .T. ) ;
#973 = FACE_OUTER_BOUND ( 'NONE', #275, .T. ) ;
#974 = ORIENTED_EDGE ( 'NONE', *, *, #8101, .F. ) ;
#975 = CIRCLE ( 'NONE', #3931, 0.6500000000000000200 ) ;
#976 = CARTESIAN_POINT ( 'NONE',  ( -4.850000000000000500, 0.0000000000000000000, 9.900000000000000400 ) ) ;
#977 = CARTESIAN_POINT ( 'NONE',  ( 3.735172737399427100E-016, -1.100000000000000300, -3.049999999999999800 ) ) ;
#978 = FACE_OUTER_BOUND ( 'NONE', #4520, .T. ) ;
#979 = ADVANCED_FACE ( 'NONE', ( #7429 ), #1036, .F. ) ;
#980 = EDGE_CURVE ( 'NONE', #5456, #5077, #7323, .T. ) ;
#981 = DIRECTION ( 'NONE',  ( -0.0000000000000000000, 1.000000000000000000, 0.0000000000000000000 ) ) ;
#982 = VERTEX_POINT ( 'NONE', #1434 ) ;
#983 = DIRECTION ( 'NONE',  ( -0.0000000000000000000, -1.000000000000000000, -0.0000000000000000000 ) ) ;
#984 = CIRCLE ( 'NONE', #6161, 0.09999999999999939500 ) ;
#985 = DIRECTION ( 'NONE',  ( -1.000000000000000000, 0.0000000000000000000, -0.0000000000000000000 ) ) ;
#986 = ORIENTED_EDGE ( 'NONE', *, *, #1513, .T. ) ;
#987 = EDGE_CURVE ( 'NONE', #5080, #2234, #7543, .T. ) ;
#988 = FACE_OUTER_BOUND ( 'NONE', #374, .T. ) ;
#989 = CARTESIAN_POINT ( 'NONE',  ( -4.549999999999998900, 0.0000000000000000000, -5.500000000000000000 ) ) ;
#990 = CARTESIAN_POINT ( 'NONE',  ( 0.5000000000000000000, 4.700000000000000200, -2.500000000000000000 ) ) ;
#991 = AXIS2_PLACEMENT_3D ( 'NONE', #6619, #2867, #7239 ) ;
#992 = ORIENTED_EDGE ( 'NONE', *, *, #5249, .F. ) ;
#993 = DIRECTION ( 'NONE',  ( 0.0000000000000000000, 0.0000000000000000000, -1.000000000000000000 ) ) ;
#994 = PLANE ( 'NONE',  #5106 ) ;
#995 = CARTESIAN_POINT ( 'NONE',  ( -4.850000000000000500, 1.750000000000000000, -5.500000000000000000 ) ) ;
#996 = ORIENTED_EDGE ( 'NONE', *, *, #5958, .F. ) ;
#997 = ADVANCED_FACE ( 'NONE', ( #7514 ), #1330, .T. ) ;
#998 = DIRECTION ( 'NONE',  ( 0.0000000000000000000, 1.000000000000000000, 0.0000000000000000000 ) ) ;
#999 = LINE ( 'NONE', #1816, #2924 ) ;
#1000 = EDGE_CURVE ( 'NONE', #2763, #2100, #7102, .T. ) ;
#1001 = VECTOR ( 'NONE', #7113, 1000.000000000000000 ) ;
#1002 = ORIENTED_EDGE ( 'NONE', *, *, #1015, .F. ) ;
#1003 = VECTOR ( 'NONE', #7014, 1000.000000000000000 ) ;
#1004 = DIRECTION ( 'NONE',  ( 0.0000000000000000000, -1.000000000000000000, 0.0000000000000000000 ) ) ;
#1005 = EDGE_CURVE ( 'NONE', #3387, #7412, #7127, .T. ) ;
#1007 = ORIENTED_EDGE ( 'NONE', *, *, #5098, .T. ) ;
#1006 = AXIS2_PLACEMENT_3D ( 'NONE', #4366, #215, #5022 ) ;
#1008 = CARTESIAN_POINT ( 'NONE',  ( 4.270987516473000200, 5.400000000000002100, 12.39510061684000100 ) ) ;
#1009 = VECTOR ( 'NONE', #3736, 1000.000000000000000 ) ;
#1010 = DIRECTION ( 'NONE',  ( 1.000000000000000000, -0.0000000000000000000, 0.0000000000000000000 ) ) ;
#1011 = CARTESIAN_POINT ( 'NONE',  ( 0.0000000000000000000, 4.700000000000000200, 0.0000000000000000000 ) ) ;
#1012 = LINE ( 'NONE', #5926, #1711 ) ;
#1013 = ORIENTED_EDGE ( 'NONE', *, *, #3811, .F. ) ;
#1014 = LINE ( 'NONE', #2434, #424 ) ;
#1015 = EDGE_CURVE ( 'NONE', #2234, #2100, #7299, .T. ) ;
#1016 = EDGE_LOOP ( 'NONE', ( #1880, #4411, #8282, #3349, #4346, #876, #4685 ) ) ;
#1017 = EDGE_CURVE ( 'NONE', #170, #7574, #7024, .T. ) ;
#1018 = PLANE ( 'NONE',  #5653 ) ;
#1019 = FACE_OUTER_BOUND ( 'NONE', #1902, .T. ) ;
#1020 = CARTESIAN_POINT ( 'NONE',  ( 3.000000000000000000, -1.346000000000000100, -4.900000000000000400 ) ) ;
#1021 = VECTOR ( 'NONE', #4453, 1000.000000000000000 ) ;
#1022 = ORIENTED_EDGE ( 'NONE', *, *, #1881, .T. ) ;
#1023 = CARTESIAN_POINT ( 'NONE',  ( 2.742437782846952300E-016, 0.09999999999999939500, -2.239370392146000200 ) ) ;
#1024 = EDGE_CURVE ( 'NONE', #213, #1423, #6926, .T. ) ;
#1025 = ORIENTED_EDGE ( 'NONE', *, *, #3088, .F. ) ;
#1026 = DIRECTION ( 'NONE',  ( 0.0000000000000000000, 1.000000000000000000, -0.0000000000000000000 ) ) ;
#1027 = EDGE_CURVE ( 'NONE', #2100, #7574, #6801, .T. ) ;
#1028 = DIRECTION ( 'NONE',  ( -0.0000000000000000000, -0.0000000000000000000, 1.000000000000000000 ) ) ;
#1029 = EDGE_CURVE ( 'NONE', #7574, #7238, #6730, .T. ) ;
#1030 = LINE ( 'NONE', #1963, #7752 ) ;
#1031 = ORIENTED_EDGE ( 'NONE', *, *, #64, .F. ) ;
#1032 = ADVANCED_FACE ( 'NONE', ( #6707 ), #6371, .T. ) ;
#1033 = EDGE_LOOP ( 'NONE', ( #5999, #1259, #5095, #4016 ) ) ;
#1034 = AXIS2_PLACEMENT_3D ( 'NONE', #8231, #8241, #8247 ) ;
#1035 = CARTESIAN_POINT ( 'NONE',  ( -3.000000000000000000, 1.300000000000000300, -4.200000000000000200 ) ) ;
#1036 = PLANE ( 'NONE',  #3430 ) ;
#1037 = ORIENTED_EDGE ( 'NONE', *, *, #795, .F. ) ;
#1038 = CARTESIAN_POINT ( 'NONE',  ( 3.049999999999999800, 4.099999999999999600, 3.400000000000000400 ) ) ;
#1039 = ORIENTED_EDGE ( 'NONE', *, *, #1380, .F. ) ;
#1040 = CARTESIAN_POINT ( 'NONE',  ( 0.0000000000000000000, 0.0000000000000000000, 5.500000000000000000 ) ) ;
#1041 = CARTESIAN_POINT ( 'NONE',  ( 0.0000000000000000000, 9.000000000000001800, 0.0000000000000000000 ) ) ;
#1042 = ADVANCED_FACE ( 'NONE', ( #6532 ), #602, .T. ) ;
#1043 = DIRECTION ( 'NONE',  ( -0.0000000000000000000, -1.000000000000000000, -0.0000000000000000000 ) ) ;
#1044 = DIRECTION ( 'NONE',  ( -0.7500000000000236500, 0.0000000000000000000, -0.6614378277661209200 ) ) ;
#1045 = CARTESIAN_POINT ( 'NONE',  ( 2.899999999999999900, 2.946173311193000200, 6.299999999999999800 ) ) ;
#1046 = ORIENTED_EDGE ( 'NONE', *, *, #3091, .T. ) ;
#1047 = EDGE_CURVE ( 'NONE', #1423, #3702, #6643, .T. ) ;
#1048 = CARTESIAN_POINT ( 'NONE',  ( 4.950000000000000200, 0.7150000000000000800, 9.619999999999999200 ) ) ;
#1049 = ORIENTED_EDGE ( 'NONE', *, *, #744, .T. ) ;
#1050 = LINE ( 'NONE', #3537, #928 ) ;
#1051 = DIRECTION ( 'NONE',  ( 0.0000000000000000000, 0.0000000000000000000, 1.000000000000000000 ) ) ;
#1052 = EDGE_CURVE ( 'NONE', #2744, #7256, #6442, .T. ) ;
#1053 = CARTESIAN_POINT ( 'NONE',  ( 4.950000000000001100, 2.208578643762690400, -2.999999999999999100 ) ) ;
#1054 = EDGE_LOOP ( 'NONE', ( #5850, #8355, #3419, #7722 ) ) ;
#1055 = VERTEX_POINT ( 'NONE', #471 ) ;
#1056 = VERTEX_POINT ( 'NONE', #454 ) ;
#1057 = EDGE_CURVE ( 'NONE', #213, #4362, #5977, .T. ) ;
#1058 = DIRECTION ( 'NONE',  ( -0.0000000000000000000, -0.0000000000000000000, 1.000000000000000000 ) ) ;
#1059 = AXIS2_PLACEMENT_3D ( 'NONE', #7406, #3693, #7997 ) ;
#1060 = DIRECTION ( 'NONE',  ( 0.0000000000000000000, 1.000000000000000000, 0.0000000000000000000 ) ) ;
#1061 = VERTEX_POINT ( 'NONE', #442 ) ;
#1062 = EDGE_CURVE ( 'NONE', #114, #2744, #6250, .T. ) ;
#1063 = ORIENTED_EDGE ( 'NONE', *, *, #8067, .T. ) ;
#1064 = VECTOR ( 'NONE', #2684, 1000.000000000000000 ) ;
#1065 = EDGE_CURVE ( 'NONE', #5840, #114, #6075, .T. ) ;
#1066 = CARTESIAN_POINT ( 'NONE',  ( -4.908578643762689700, 2.250000000000000000, -3.500000000000000400 ) ) ;
#1067 = DIRECTION ( 'NONE',  ( 0.0000000000000000000, 0.0000000000000000000, 1.000000000000000000 ) ) ;
#1068 = CARTESIAN_POINT ( 'NONE',  ( 3.000000000000000000, 0.0000000000000000000, -3.500000000000000400 ) ) ;
#1069 = AXIS2_PLACEMENT_3D ( 'NONE', #343, #5133, #1104 ) ;
#1070 = ADVANCED_FACE ( 'NONE', ( #6275 ), #2403, .T. ) ;
#1071 = VERTEX_POINT ( 'NONE', #309 ) ;
#1072 = AXIS2_PLACEMENT_3D ( 'NONE', #2833, #2818, #2869 ) ;
#1073 = DIRECTION ( 'NONE',  ( 0.0000000000000000000, 1.000000000000000000, -0.0000000000000000000 ) ) ;
#1074 = EDGE_CURVE ( 'NONE', #7412, #5749, #5593, .T. ) ;
#1075 = DIRECTION ( 'NONE',  ( -0.0000000000000000000, -1.609823385706477000E-015, -1.000000000000000000 ) ) ;
#1076 = EDGE_LOOP ( 'NONE', ( #6019, #245, #3205, #7276 ) ) ;
#1077 = VECTOR ( 'NONE', #5274, 1000.000000000000100 ) ;
#1078 = DIRECTION ( 'NONE',  ( 0.0000000000000000000, 0.0000000000000000000, 1.000000000000000000 ) ) ;
#1079 = EDGE_CURVE ( 'NONE', #4251, #25, #5573, .T. ) ;
#1080 = EDGE_CURVE ( 'NONE', #3825, #25, #5474, .T. ) ;
#1081 = ORIENTED_EDGE ( 'NONE', *, *, #449, .F. ) ;
#1082 = B_SPLINE_CURVE_WITH_KNOTS ( 'NONE', 3,
 ( #6298, #6883, #3816, #8115 ),
 .UNSPECIFIED., .F., .F.,
 ( 4, 4 ),
 ( 0.0000000000000000000, 0.0007707929517515807200 ),
 .UNSPECIFIED. ) ;
#1083 = ORIENTED_EDGE ( 'NONE', *, *, #8147, .F. ) ;
#1084 = VECTOR ( 'NONE', #958, 1000.000000000000000 ) ;
#1085 = ORIENTED_EDGE ( 'NONE', *, *, #2849, .T. ) ;
#1086 = LINE ( 'NONE', #5293, #7610 ) ;
#1087 = CARTESIAN_POINT ( 'NONE',  ( 4.549999999999999800, 3.899999999999999900, 10.00000000000000000 ) ) ;
#1088 = AXIS2_PLACEMENT_3D ( 'NONE', #7103, #6278, #4827 ) ;
#1089 = CARTESIAN_POINT ( 'NONE',  ( -4.850000000000000500, 2.149999999999999900, -2.999999999999999600 ) ) ;
#1090 = ADVANCED_FACE ( 'NONE', ( #5305 ), #241, .T. ) ;
#1091 = CARTESIAN_POINT ( 'NONE',  ( -4.549999999999999800, -0.4000000000000000200, 5.500000000000000000 ) ) ;
#1092 = ORIENTED_EDGE ( 'NONE', *, *, #6236, .F. ) ;
#1093 = EDGE_CURVE ( 'NONE', #7671, #5286, #5278, .T. ) ;
#1094 = CIRCLE ( 'NONE', #5340, 0.2999999999999999300 ) ;
#1095 = EDGE_CURVE ( 'NONE', #4251, #5554, #5860, .T. ) ;
#1096 = ORIENTED_EDGE ( 'NONE', *, *, #713, .T. ) ;
#1097 = CIRCLE ( 'NONE', #4622, 0.2999999999999999300 ) ;
#1098 = EDGE_CURVE ( 'NONE', #7954, #6698, #5201, .T. ) ;
#1099 = DIRECTION ( 'NONE',  ( 0.9428090415820780100, 0.0000000000000000000, 0.3333333333332921800 ) ) ;
#1100 = DIRECTION ( 'NONE',  ( 1.000000000000000000, -0.0000000000000000000, -0.0000000000000000000 ) ) ;
#1101 = CARTESIAN_POINT ( 'NONE',  ( 3.673940397442059900E-016, -16.24500000000000100, -3.000000000000000000 ) ) ;
#1102 = ORIENTED_EDGE ( 'NONE', *, *, #2198, .F. ) ;
#1103 = EDGE_CURVE ( 'NONE', #546, #3003, #4755, .T. ) ;
#1104 = DIRECTION ( 'NONE',  ( 0.0000000000000000000, 0.0000000000000000000, -1.000000000000000000 ) ) ;
#1105 = PLANE ( 'NONE',  #8015 ) ;
#1106 = ORIENTED_EDGE ( 'NONE', *, *, #3241, .F. ) ;
#1107 = CARTESIAN_POINT ( 'NONE',  ( -2.969121624865261200, -1.600000000000000300, 4.644932668701211600 ) ) ;
#1108 = FACE_OUTER_BOUND ( 'NONE', #3186, .T. ) ;
#1109 = AXIS2_PLACEMENT_3D ( 'NONE', #664, #637, #629 ) ;
#1110 = DIRECTION ( 'NONE',  ( 0.0000000000000000000, 0.0000000000000000000, 1.000000000000000000 ) ) ;
#1111 = CARTESIAN_POINT ( 'NONE',  ( 0.6502140320371998500, 6.338579685423336900, -2.776194636706115700 ) ) ;
#1112 = DIRECTION ( 'NONE',  ( -0.0000000000000000000, -1.000000000000000000, -0.0000000000000000000 ) ) ;
#1113 = VERTEX_POINT ( 'NONE', #3086 ) ;
#1114 = LINE ( 'NONE', #7084, #754 ) ;
#1115 = EDGE_CURVE ( 'NONE', #4101, #7954, #5092, .T. ) ;
#1116 = VERTEX_POINT ( 'NONE', #3078 ) ;
#1117 = DIRECTION ( 'NONE',  ( -0.0000000000000000000, -1.000000000000000000, -0.0000000000000000000 ) ) ;
#1118 = EDGE_CURVE ( 'NONE', #1643, #546, #5028, .T. ) ;
#1119 = FACE_BOUND ( 'NONE', #6029, .T. ) ;
#1120 = CIRCLE ( 'NONE', #3853, 0.7000000000000000700 ) ;
#1121 = ORIENTED_EDGE ( 'NONE', *, *, #5424, .F. ) ;
#1122 = DIRECTION ( 'NONE',  ( 0.0000000000000000000, 0.0000000000000000000, -1.000000000000000000 ) ) ;
#1123 = DIRECTION ( 'NONE',  ( 0.0000000000000000000, 1.000000000000000000, -0.0000000000000000000 ) ) ;
#1124 = ADVANCED_FACE ( 'NONE', ( #4700 ), #4568, .T. ) ;
#1125 = ORIENTED_EDGE ( 'NONE', *, *, #1320, .T. ) ;
#1126 = EDGE_CURVE ( 'NONE', #7631, #6783, #4597, .T. ) ;
#1127 = VECTOR ( 'NONE', #6524, 1000.000000000000000 ) ;
#1128 = DIRECTION ( 'NONE',  ( -0.0000000000000000000, -1.000000000000000000, -0.0000000000000000000 ) ) ;
#1129 = VECTOR ( 'NONE', #4861, 999.9999999999998900 ) ;
#1130 = ORIENTED_EDGE ( 'NONE', *, *, #617, .F. ) ;
#1131 = EDGE_CURVE ( 'NONE', #481, #5466, #4779, .T. ) ;
#1132 = LINE ( 'NONE', #2587, #1470 ) ;
#1133 = DIRECTION ( 'NONE',  ( 0.0000000000000000000, -0.0000000000000000000, -1.000000000000000000 ) ) ;
#1134 = DIRECTION ( 'NONE',  ( -1.000000000000000000, 0.0000000000000000000, 0.0000000000000000000 ) ) ;
#1135 = ORIENTED_EDGE ( 'NONE', *, *, #5074, .T. ) ;
#1136 = DIRECTION ( 'NONE',  ( 0.0000000000000000000, -1.000000000000000000, 0.0000000000000000000 ) ) ;
#1137 = DIRECTION ( 'NONE',  ( 0.0000000000000000000, 1.000000000000000000, -0.0000000000000000000 ) ) ;
#1138 = CARTESIAN_POINT ( 'NONE',  ( 4.850000000000000500, 0.0000000000000000000, -5.500000000000000000 ) ) ;
#1139 = DIRECTION ( 'NONE',  ( -0.0000000000000000000, -1.000000000000000000, -0.0000000000000000000 ) ) ;
#1140 = EDGE_CURVE ( 'NONE', #38, #7631, #4806, .T. ) ;
#1141 = FACE_BOUND ( 'NONE', #5817, .T. ) ;
#1142 = VERTEX_POINT ( 'NONE', #8034 ) ;
#1143 = EDGE_CURVE ( 'NONE', #3180, #1181, #4406, .T. ) ;
#1144 = CARTESIAN_POINT ( 'NONE',  ( -4.850000000000000500, 8.499999999999998200, 8.450000000000004600 ) ) ;
#1145 = CARTESIAN_POINT ( 'NONE',  ( 3.000000000000000000, 4.700000000000000200, -2.500000000000000000 ) ) ;
#1146 = CARTESIAN_POINT ( 'NONE',  ( -4.549999999999999800, -0.4000000000000000200, 3.399999999999999900 ) ) ;
#1147 = VERTEX_POINT ( 'NONE', #6756 ) ;
#1148 = DIRECTION ( 'NONE',  ( -0.0000000000000000000, 0.0000000000000000000, 1.000000000000000000 ) ) ;
#1149 = EDGE_CURVE ( 'NONE', #481, #4699, #4213, .T. ) ;
#1150 = ORIENTED_EDGE ( 'NONE', *, *, #1543, .F. ) ;
#1151 = ADVANCED_FACE ( 'NONE', ( #4092 ), #3835, .F. ) ;
#1152 = VERTEX_POINT ( 'NONE', #6389 ) ;
#1153 = DIRECTION ( 'NONE',  ( 0.0000000000000000000, 1.000000000000000000, 0.0000000000000000000 ) ) ;
#1154 = AXIS2_PLACEMENT_3D ( 'NONE', #1975, #2816, #1133 ) ;
#1155 = EDGE_CURVE ( 'NONE', #3180, #1478, #3900, .T. ) ;
#1156 = DIRECTION ( 'NONE',  ( -0.0000000000000000000, 1.000000000000000000, -0.0000000000000000000 ) ) ;
#1157 = EDGE_CURVE ( 'NONE', #5247, #1181, #3994, .T. ) ;
#1158 = ORIENTED_EDGE ( 'NONE', *, *, #2360, .F. ) ;
#1159 = CARTESIAN_POINT ( 'NONE',  ( -2.399999999999999900, 2.946173311192998400, 13.19999999999999900 ) ) ;
#1160 = EDGE_LOOP ( 'NONE', ( #7287, #2054, #5962, #137, #3148, #7184 ) ) ;
#1161 = FACE_OUTER_BOUND ( 'NONE', #2978, .T. ) ;
#1162 = CARTESIAN_POINT ( 'NONE',  ( -4.549999999999999800, 3.899999999999999900, 6.576452044609999900 ) ) ;
#1163 = DIRECTION ( 'NONE',  ( 0.0000000000000000000, 0.0000000000000000000, -1.000000000000000000 ) ) ;
#1164 = AXIS2_PLACEMENT_3D ( 'NONE', #8399, #2672, #1776 ) ;
#1165 = PLANE ( 'NONE',  #809 ) ;
#1166 = CARTESIAN_POINT ( 'NONE',  ( 4.850000000000000500, 0.0000000000000000000, 5.500000000000000000 ) ) ;
#1167 = VERTEX_POINT ( 'NONE', #7128 ) ;
#1168 = DIRECTION ( 'NONE',  ( -1.000000000000000000, 0.0000000000000000000, 0.0000000000000000000 ) ) ;
#1169 = ORIENTED_EDGE ( 'NONE', *, *, #781, .F. ) ;
#1170 = EDGE_CURVE ( 'NONE', #5446, #3039, #3648, .T. ) ;
#1171 = ORIENTED_EDGE ( 'NONE', *, *, #5324, .F. ) ;
#1172 = PLANE ( 'NONE',  #7021 ) ;
#1173 = CIRCLE ( 'NONE', #4708, 0.09999999999999939500 ) ;
#1174 = CARTESIAN_POINT ( 'NONE',  ( -4.949999999999999300, 7.999999999999998200, 8.349999999999992500 ) ) ;
#1175 = CARTESIAN_POINT ( 'NONE',  ( 0.0000000000000000000, 0.0000000000000000000, 0.0000000000000000000 ) ) ;
#1176 = EDGE_CURVE ( 'NONE', #5749, #925, #3727, .T. ) ;
#1177 = CARTESIAN_POINT ( 'NONE',  ( -4.850000000000000500, 2.250000000000000400, -5.500000000000000000 ) ) ;
#1178 = CARTESIAN_POINT ( 'NONE',  ( -3.041179428746422400, -1.600000000000001000, 3.606637456955599200 ) ) ;
#1179 = FACE_OUTER_BOUND ( 'NONE', #686, .T. ) ;
#1180 = ORIENTED_EDGE ( 'NONE', *, *, #1913, .F. ) ;
#1181 = VERTEX_POINT ( 'NONE', #6457 ) ;
#1182 = ORIENTED_EDGE ( 'NONE', *, *, #1993, .F. ) ;
#1183 = ORIENTED_EDGE ( 'NONE', *, *, #1657, .T. ) ;
#1184 = EDGE_CURVE ( 'NONE', #5827, #5446, #3743, .T. ) ;
#1185 = CARTESIAN_POINT ( 'NONE',  ( 3.446000000000000200, -1.600000000000000100, -4.200000000000000200 ) ) ;
#1186 = DIRECTION ( 'NONE',  ( 0.0000000000000000000, 0.0000000000000000000, -1.000000000000000000 ) ) ;
#1187 = ORIENTED_EDGE ( 'NONE', *, *, #1310, .F. ) ;
#1188 = EDGE_LOOP ( 'NONE', ( #1741, #4544, #8240, #3271 ) ) ;
#1189 = VECTOR ( 'NONE', #3639, 1000.000000000000000 ) ;
#1190 = DIRECTION ( 'NONE',  ( 0.0000000000000000000, -1.000000000000000000, -0.0000000000000000000 ) ) ;
#1191 = DIRECTION ( 'NONE',  ( -1.000000000000000000, -0.0000000000000000000, -0.0000000000000000000 ) ) ;
#1192 = EDGE_CURVE ( 'NONE', #1569, #5827, #3464, .T. ) ;
#1193 = ORIENTED_EDGE ( 'NONE', *, *, #1372, .F. ) ;
#1194 = EDGE_CURVE ( 'NONE', #6274, #1569, #3435, .T. ) ;
#1195 = ORIENTED_EDGE ( 'NONE', *, *, #5763, .T. ) ;
#1196 = DIRECTION ( 'NONE',  ( 0.0000000000000000000, 0.0000000000000000000, 1.000000000000000000 ) ) ;
#1197 = ADVANCED_FACE ( 'NONE', ( #3532 ), #2928, .F. ) ;
#1198 = LINE ( 'NONE', #802, #960 ) ;
#1199 = EDGE_LOOP ( 'NONE', ( #7542, #753, #4571, #6162 ) ) ;
#1200 = FACE_OUTER_BOUND ( 'NONE', #3447, .T. ) ;
#1201 = DIRECTION ( 'NONE',  ( 0.0000000000000000000, -1.000000000000000000, -0.0000000000000000000 ) ) ;
#1202 = CARTESIAN_POINT ( 'NONE',  ( 0.8700000000003265100, 4.700000000000000200, 0.5000000000000000000 ) ) ;
#1203 = DIRECTION ( 'NONE',  ( -1.000000000000000000, 0.0000000000000000000, 0.0000000000000000000 ) ) ;
#1204 = EDGE_CURVE ( 'NONE', #4354, #7310, #3154, .T. ) ;
#1205 = ORIENTED_EDGE ( 'NONE', *, *, #8159, .F. ) ;
#1206 = CARTESIAN_POINT ( 'NONE',  ( -0.6995649517246428400, 6.250000000000000000, 4.175324540156294600 ) ) ;
#1207 = CIRCLE ( 'NONE', #210, 0.09999999999999939500 ) ;
#1208 = DIRECTION ( 'NONE',  ( 1.000000000000000000, 0.0000000000000000000, 0.0000000000000000000 ) ) ;
#1209 = VERTEX_POINT ( 'NONE', #5924 ) ;
#1210 = VECTOR ( 'NONE', #894, 1000.000000000000000 ) ;
#1211 = CARTESIAN_POINT ( 'NONE',  ( -3.457530093085030600, -1.346000000000000100, 3.530068934410681300 ) ) ;
#1212 = ORIENTED_EDGE ( 'NONE', *, *, #1264, .F. ) ;
#1213 = FACE_BOUND ( 'NONE', #6416, .T. ) ;
#1214 = EDGE_CURVE ( 'NONE', #3415, #6274, #2725, .T. ) ;
#1215 = VECTOR ( 'NONE', #1799, 1000.000000000000000 ) ;
#1216 = EDGE_CURVE ( 'NONE', #1181, #3415, #2903, .T. ) ;
#1217 = ORIENTED_EDGE ( 'NONE', *, *, #332, .T. ) ;
#1218 = CARTESIAN_POINT ( 'NONE',  ( -3.000000000000000000, -1.346000000000000100, 3.500000000000000400 ) ) ;
#1219 = AXIS2_PLACEMENT_3D ( 'NONE', #8125, #8142, #8369 ) ;
#1220 = DIRECTION ( 'NONE',  ( 0.0000000000000000000, 0.0000000000000000000, -1.000000000000000000 ) ) ;
#1221 = DIRECTION ( 'NONE',  ( 0.0000000000000000000, -0.0000000000000000000, -1.000000000000000000 ) ) ;
#1222 = ORIENTED_EDGE ( 'NONE', *, *, #626, .T. ) ;
#1223 = LINE ( 'NONE', #3690, #4581 ) ;
#1224 = DIRECTION ( 'NONE',  ( -0.0000000000000000000, -0.0000000000000000000, 1.000000000000000000 ) ) ;
#1225 = VERTEX_POINT ( 'NONE', #8068 ) ;
#1226 = VERTEX_POINT ( 'NONE', #8049 ) ;
#1227 = CARTESIAN_POINT ( 'NONE',  ( 4.549999999999998900, 0.1000000000000000100, 9.900000000000000400 ) ) ;
#1228 = AXIS2_PLACEMENT_3D ( 'NONE', #1599, #6163, #2356 ) ;
#1229 = CIRCLE ( 'NONE', #8143, 0.2999999999999999300 ) ;
#1230 = CONICAL_SURFACE ( 'NONE', #3710, 2.999997933759758900, 0.7854027245115815500 ) ;
#1231 = ORIENTED_EDGE ( 'NONE', *, *, #2290, .F. ) ;
#1232 = VECTOR ( 'NONE', #6948, 1000.000000000000000 ) ;
#1233 = ORIENTED_EDGE ( 'NONE', *, *, #7383, .F. ) ;
#1234 = CARTESIAN_POINT ( 'NONE',  ( 4.908578643762693300, 8.499999999999996400, 8.449999999999995700 ) ) ;
#1235 = DIRECTION ( 'NONE',  ( -0.0000000000000000000, 1.000000000000000000, 0.0000000000000000000 ) ) ;
#1236 = DIRECTION ( 'NONE',  ( 0.0000000000000000000, 0.0000000000000000000, -1.000000000000000000 ) ) ;
#1237 = DIRECTION ( 'NONE',  ( 1.000000000000000000, 0.0000000000000000000, 0.0000000000000000000 ) ) ;
#1238 = FACE_OUTER_BOUND ( 'NONE', #426, .T. ) ;
#1239 = CARTESIAN_POINT ( 'NONE',  ( 4.650000000000000400, 4.500000000000000900, 3.399999999999999900 ) ) ;
#1240 = EDGE_CURVE ( 'NONE', #414, #540, #2620, .T. ) ;
#1241 = FACE_OUTER_BOUND ( 'NONE', #7769, .T. ) ;
#1242 = VERTEX_POINT ( 'NONE', #8100 ) ;
#1243 = DIRECTION ( 'NONE',  ( 0.0000000000000000000, 0.0000000000000000000, 1.000000000000000000 ) ) ;
#1244 = CIRCLE ( 'NONE', #4799, 3.399999999999999900 ) ;
#1245 = EDGE_CURVE ( 'NONE', #1061, #5341, #3036, .T. ) ;
#1246 = EDGE_LOOP ( 'NONE', ( #3156, #5912, #702, #4499 ) ) ;
#1247 = ADVANCED_FACE ( 'NONE', ( #2513 ), #8175, .T. ) ;
#1248 = FACE_OUTER_BOUND ( 'NONE', #1934, .T. ) ;
#1249 = DIRECTION ( 'NONE',  ( -0.0000000000000000000, 1.000000000000000000, 0.0000000000000000000 ) ) ;
#1250 = DIRECTION ( 'NONE',  ( -0.0000000000000000000, 1.000000000000000000, 0.0000000000000000000 ) ) ;
#1251 = CARTESIAN_POINT ( 'NONE',  ( 4.400000000000000400, 4.700000000000000200, -3.200000000000000200 ) ) ;
#1252 = LINE ( 'NONE', #7558, #5036 ) ;
#1253 = ORIENTED_EDGE ( 'NONE', *, *, #5349, .F. ) ;
#1254 = EDGE_CURVE ( 'NONE', #3595, #2641, #2165, .T. ) ;
#1255 = ORIENTED_EDGE ( 'NONE', *, *, #1839, .F. ) ;
#1256 = EDGE_CURVE ( 'NONE', #540, #3595, #2486, .T. ) ;
#1257 = CARTESIAN_POINT ( 'NONE',  ( 4.549999999999999800, 3.899999999999999500, -4.599999999999999600 ) ) ;
#1258 = AXIS2_PLACEMENT_3D ( 'NONE', #4184, #6076, #2254 ) ;
#1259 = ORIENTED_EDGE ( 'NONE', *, *, #7162, .T. ) ;
#1260 = DIRECTION ( 'NONE',  ( 0.0000000000000000000, 0.0000000000000000000, 1.000000000000000000 ) ) ;
#1261 = VERTEX_POINT ( 'NONE', #8269 ) ;
#1262 = DIRECTION ( 'NONE',  ( 0.0000000000000000000, 1.000000000000000000, 0.0000000000000000000 ) ) ;
#1263 = EDGE_CURVE ( 'NONE', #6898, #8132, #2145, .T. ) ;
#1264 = EDGE_CURVE ( 'NONE', #3595, #6898, #2027, .T. ) ;
#1265 = DIRECTION ( 'NONE',  ( -1.000000000000000000, -0.0000000000000000000, 0.0000000000000000000 ) ) ;
#1266 = PLANE ( 'NONE',  #5633 ) ;
#1267 = ORIENTED_EDGE ( 'NONE', *, *, #2103, .F. ) ;
#1268 = CARTESIAN_POINT ( 'NONE',  ( -4.850000000000000500, 2.750000000000000000, 7.450000000000000200 ) ) ;
#1269 = CARTESIAN_POINT ( 'NONE',  ( -0.5000000000000490700, 4.049999999999999800, -0.8700000000003244000 ) ) ;
#1270 = ORIENTED_EDGE ( 'NONE', *, *, #2819, .T. ) ;
#1271 = AXIS2_PLACEMENT_3D ( 'NONE', #6657, #6618, #6545 ) ;
#1272 = CIRCLE ( 'NONE', #4866, 0.09999999999999939500 ) ;
#1273 = PLANE ( 'NONE',  #2445 ) ;
#1274 = ORIENTED_EDGE ( 'NONE', *, *, #7806, .F. ) ;
#1275 = CARTESIAN_POINT ( 'NONE',  ( -4.908578643762691500, 2.164213562373094900, 8.449999999999999300 ) ) ;
#1276 = AXIS2_PLACEMENT_3D ( 'NONE', #2437, #2319, #2249 ) ;
#1277 = EDGE_CURVE ( 'NONE', #6202, #8102, #2257, .T. ) ;
#1278 = DIRECTION ( 'NONE',  ( -0.0000000000000000000, 1.000000000000000000, 0.0000000000000000000 ) ) ;
#1279 = EDGE_CURVE ( 'NONE', #6898, #6202, #1809, .T. ) ;
#1280 = ORIENTED_EDGE ( 'NONE', *, *, #1184, .F. ) ;
#1281 = ORIENTED_EDGE ( 'NONE', *, *, #4661, .F. ) ;
#1282 = DIRECTION ( 'NONE',  ( 0.0000000000000000000, 0.0000000000000000000, -1.000000000000000000 ) ) ;
#1283 = CIRCLE ( 'NONE', #4986, 1.000000000000000000 ) ;
#1284 = AXIS2_PLACEMENT_3D ( 'NONE', #6089, #6062, #5576 ) ;
#1285 = EDGE_CURVE ( 'NONE', #6516, #6069, #1909, .T. ) ;
#1286 = ORIENTED_EDGE ( 'NONE', *, *, #555, .F. ) ;
#1287 = FACE_OUTER_BOUND ( 'NONE', #5685, .T. ) ;
#1288 = ORIENTED_EDGE ( 'NONE', *, *, #1508, .F. ) ;
#1289 = ORIENTED_EDGE ( 'NONE', *, *, #8406, .T. ) ;
#1290 = CARTESIAN_POINT ( 'NONE',  ( 18.87591023243999900, 0.6155003128912000000, 10.00000000000000000 ) ) ;
#1291 = EDGE_CURVE ( 'NONE', #5077, #4761, #1670, .T. ) ;
#1292 = PLANE ( 'NONE',  #4909 ) ;
#1293 = ADVANCED_FACE ( 'NONE', ( #1538 ), #6738, .F. ) ;
#1294 = EDGE_CURVE ( 'NONE', #1055, #7229, #1344, .T. ) ;
#1295 = CARTESIAN_POINT ( 'NONE',  ( -3.000000000000000000, 0.0000000000000000000, -3.550000000000000700 ) ) ;
#1296 = ORIENTED_EDGE ( 'NONE', *, *, #684, .T. ) ;
#1297 = DIRECTION ( 'NONE',  ( 0.0000000000000000000, 1.000000000000000000, 0.0000000000000000000 ) ) ;
#1298 = EDGE_CURVE ( 'NONE', #668, #7664, #1427, .T. ) ;
#1299 = VERTEX_POINT ( 'NONE', #6986 ) ;
#1300 = FACE_OUTER_BOUND ( 'NONE', #339, .T. ) ;
#1301 = AXIS2_PLACEMENT_3D ( 'NONE', #3692, #7996, #4288 ) ;
#1302 = CARTESIAN_POINT ( 'NONE',  ( -4.950000000000000200, 2.149999999999999900, -3.000000000621999800 ) ) ;
#1303 = CARTESIAN_POINT ( 'NONE',  ( -4.950000000000000200, 1.850000000000000100, 7.450000000000001100 ) ) ;
#1304 = DIRECTION ( 'NONE',  ( 0.0000000000000000000, -1.000000000000000000, 0.0000000000000000000 ) ) ;
#1305 = ORIENTED_EDGE ( 'NONE', *, *, #5416, .F. ) ;
#1306 = ORIENTED_EDGE ( 'NONE', *, *, #5141, .F. ) ;
#1307 = EDGE_LOOP ( 'NONE', ( #2001, #5875, #1182, #3058 ) ) ;
#1308 = CYLINDRICAL_SURFACE ( 'NONE', #3325, 0.7000000000000000700 ) ;
#1309 = EDGE_CURVE ( 'NONE', #6202, #1055, #1314, .T. ) ;
#1310 = EDGE_CURVE ( 'NONE', #668, #2140, #1779, .T. ) ;
#1311 = DIRECTION ( 'NONE',  ( 0.0000000000000000000, -1.000000000000000000, 0.0000000000000000000 ) ) ;
#1312 = AXIS2_PLACEMENT_3D ( 'NONE', #5851, #1982, #6476 ) ;
#1313 = ORIENTED_EDGE ( 'NONE', *, *, #3696, .F. ) ;
#1314 = CIRCLE ( 'NONE', #270, 0.2500000000000002200 ) ;
#1315 = ORIENTED_EDGE ( 'NONE', *, *, #2037, .T. ) ;
#1316 = LINE ( 'NONE', #443, #384 ) ;
#1317 = EDGE_LOOP ( 'NONE', ( #4430, #6053, #1842, #5717 ) ) ;
#1318 = VECTOR ( 'NONE', #6633, 1000.000000000000000 ) ;
#1319 = CARTESIAN_POINT ( 'NONE',  ( 2.100000000000000100, 2.946173311192999300, 13.19999999999999900 ) ) ;
#1320 = EDGE_CURVE ( 'NONE', #4179, #6301, #1207, .T. ) ;
#1321 = EDGE_CURVE ( 'NONE', #1055, #4179, #1114, .T. ) ;
#1322 = PLANE ( 'NONE',  #5748 ) ;
#1323 = ORIENTED_EDGE ( 'NONE', *, *, #3549, .F. ) ;
#1324 = VECTOR ( 'NONE', #8103, 1000.000000000000000 ) ;
#1326 = VERTEX_POINT ( 'NONE', #7177 ) ;
#1325 = AXIS2_PLACEMENT_3D ( 'NONE', #7833, #4126, #8405 ) ;
#1327 = LINE ( 'NONE', #4358, #6361 ) ;
#1328 = CARTESIAN_POINT ( 'NONE',  ( -4.950000000000000200, 0.0000000000000000000, 5.500000000000000000 ) ) ;
#1329 = EDGE_CURVE ( 'NONE', #8316, #337, #524, .T. ) ;
#1330 = PLANE ( 'NONE',  #3152 ) ;
#1331 = DIRECTION ( 'NONE',  ( 0.0000000000000000000, 0.0000000000000000000, 1.000000000000000000 ) ) ;
#1332 = ORIENTED_EDGE ( 'NONE', *, *, #7162, .F. ) ;
#1333 = CARTESIAN_POINT ( 'NONE',  ( -4.950000000000000200, 1.850000000000000100, -3.000000000000000000 ) ) ;
#1334 = LINE ( 'NONE', #8161, #1324 ) ;
#1335 = EDGE_CURVE ( 'NONE', #8443, #1061, #728, .T. ) ;
#1336 = ORIENTED_EDGE ( 'NONE', *, *, #5770, .F. ) ;
#1337 = EDGE_CURVE ( 'NONE', #4179, #8443, #864, .T. ) ;
#1338 = CARTESIAN_POINT ( 'NONE',  ( -3.030878375134738300, -1.600000000000000300, 3.755067331298787900 ) ) ;
#1339 = FACE_OUTER_BOUND ( 'NONE', #7019, .T. ) ;
#1340 = ADVANCED_FACE ( 'NONE', ( #401 ), #7212, .F. ) ;
#1341 = VECTOR ( 'NONE', #2314, 1000.000000000000000 ) ;
#1342 = ORIENTED_EDGE ( 'NONE', *, *, #860, .T. ) ;
#1343 = CARTESIAN_POINT ( 'NONE',  ( -2.100000000000000100, 2.946173311193000200, 9.923000000000000000 ) ) ;
#1344 = CIRCLE ( 'NONE', #446, 0.09999999999999939500 ) ;
#1345 = CARTESIAN_POINT ( 'NONE',  ( -6.840226191709001000, -14.80000000000000100, -1.500000000000000000 ) ) ;
#1346 = EDGE_LOOP ( 'NONE', ( #5164, #1899, #5799, #8401 ) ) ;
#1347 = LINE ( 'NONE', #6102, #3043 ) ;
#1348 = DIRECTION ( 'NONE',  ( -0.0000000000000000000, -1.000000000000000000, -0.0000000000000000000 ) ) ;
#1349 = AXIS2_PLACEMENT_3D ( 'NONE', #2757, #2087, #2503 ) ;
#1350 = VECTOR ( 'NONE', #5630, 1000.000000000000000 ) ;
#1351 = VERTEX_POINT ( 'NONE', #7366 ) ;
#1352 = EDGE_CURVE ( 'NONE', #4054, #5341, #290, .T. ) ;
#1353 = CARTESIAN_POINT ( 'NONE',  ( 4.549999999999999800, 4.099999999999999600, -4.599999999999999600 ) ) ;
#1354 = ORIENTED_EDGE ( 'NONE', *, *, #1491, .F. ) ;
#1355 = DIRECTION ( 'NONE',  ( -0.0000000000000000000, -1.000000000000000000, -0.0000000000000000000 ) ) ;
#1356 = EDGE_CURVE ( 'NONE', #6069, #6746, #5519, .T. ) ;
#1357 = CIRCLE ( 'NONE', #6579, 0.7000000000000000700 ) ;
#1358 = FACE_OUTER_BOUND ( 'NONE', #6711, .T. ) ;
#1359 = ORIENTED_EDGE ( 'NONE', *, *, #2640, .T. ) ;
#1360 = DIRECTION ( 'NONE',  ( -1.000000000000000000, 0.0000000000000000000, 0.0000000000000000000 ) ) ;
#1361 = DIRECTION ( 'NONE',  ( 0.0000000000000000000, 0.0000000000000000000, 1.000000000000000000 ) ) ;
#1362 = DIRECTION ( 'NONE',  ( -0.0000000000000000000, -1.000000000000000000, -0.0000000000000000000 ) ) ;
#1363 = EDGE_CURVE ( 'NONE', #8443, #4054, #265, .T. ) ;
#1364 = CARTESIAN_POINT ( 'NONE',  ( 18.87591023243999900, 7.700000000000000200, 9.919999999999999900 ) ) ;
#1365 = FACE_OUTER_BOUND ( 'NONE', #2822, .T. ) ;
#1366 = ORIENTED_EDGE ( 'NONE', *, *, #869, .F. ) ;
#1367 = VERTEX_POINT ( 'NONE', #7657 ) ;
#1368 = CARTESIAN_POINT ( 'NONE',  ( -4.120987516473992000, 7.400000000000003900, 12.26281305128382300 ) ) ;
#1369 = EDGE_CURVE ( 'NONE', #4054, #540, #145, .T. ) ;
#1370 = VERTEX_POINT ( 'NONE', #7531 ) ;
#1371 =( BOUNDED_CURVE ( )  B_SPLINE_CURVE ( 3, ( #2560, #2554, #2046, #2581 ),
 .UNSPECIFIED., .F., .F. ) 
 B_SPLINE_CURVE_WITH_KNOTS ( ( 4, 4 ),
 ( 1.570796326794309700, 3.141592653589793100 ),
 .UNSPECIFIED. ) 
 CURVE ( )  GEOMETRIC_REPRESENTATION_ITEM ( )  RATIONAL_B_SPLINE_CURVE ( ( 1.000000000000000000, 0.8047378541242267100, 0.8047378541242267100, 1.000000000000000000 ) ) 
 REPRESENTATION_ITEM ( '' )  );
#1372 = EDGE_CURVE ( 'NONE', #6869, #8183, #8408, .T. ) ;
#1373 = CARTESIAN_POINT ( 'NONE',  ( 4.400000000000000400, 0.0000000000000000000, -5.500000000000000000 ) ) ;
#1374 = ORIENTED_EDGE ( 'NONE', *, *, #1713, .F. ) ;
#1375 = AXIS2_PLACEMENT_3D ( 'NONE', #8300, #4639, #534 ) ;
#1376 = EDGE_CURVE ( 'NONE', #414, #2641, #8313, .T. ) ;
#1377 = ORIENTED_EDGE ( 'NONE', *, *, #6257, .T. ) ;
#1378 = ADVANCED_FACE ( 'NONE', ( #8322 ), #7794, .T. ) ;
#1379 = ORIENTED_EDGE ( 'NONE', *, *, #3583, .F. ) ;
#1380 = EDGE_CURVE ( 'NONE', #5446, #8183, #8150, .T. ) ;
#1381 = CARTESIAN_POINT ( 'NONE',  ( 0.0000000000000000000, 4.049999999999999800, 0.0000000000000000000 ) ) ;
#1382 = VECTOR ( 'NONE', #1517, 999.9999999999998900 ) ;
#1383 = CARTESIAN_POINT ( 'NONE',  ( 0.0000000000000000000, 0.0000000000000000000, 10.00000000000000000 ) ) ;
#1384 = CARTESIAN_POINT ( 'NONE',  ( -9.437580067829999800E-006, -8.100002083779145300, -1.641657460882753300E-005 ) ) ;
#1385 = CARTESIAN_POINT ( 'NONE',  ( 0.0000000000000000000, 4.700000000000000200, -4.200000000000000200 ) ) ;
#1386 = EDGE_LOOP ( 'NONE', ( #8043, #2921, #6928, #1410 ) ) ;
#1387 = AXIS2_PLACEMENT_3D ( 'NONE', #6199, #6100, #6205 ) ;
#1388 = EDGE_LOOP ( 'NONE', ( #2996, #7000, #1514, #5561 ) ) ;
#1389 = CARTESIAN_POINT ( 'NONE',  ( 4.400000000000000400, 0.0000000000000000000, -5.500000000000000000 ) ) ;
#1390 = ORIENTED_EDGE ( 'NONE', *, *, #4278, .F. ) ;
#1391 = CIRCLE ( 'NONE', #5147, 0.7000000000000000700 ) ;
#1392 = CARTESIAN_POINT ( 'NONE',  ( 4.120987516471646300, 5.400000000000002100, 12.26281305128821800 ) ) ;
#1393 = AXIS2_PLACEMENT_3D ( 'NONE', #1008, #998, #966 ) ;
#1394 = EDGE_CURVE ( 'NONE', #1908, #7854, #8153, .T. ) ;
#1395 = CARTESIAN_POINT ( 'NONE',  ( 1.899999999999999700, 4.700000000000000200, 3.200000000000000200 ) ) ;
#1396 = CARTESIAN_POINT ( 'NONE',  ( 4.850000000000000500, 2.750000000000000000, 7.949999999999998400 ) ) ;
#1397 = DIRECTION ( 'NONE',  ( 0.0000000000000000000, -1.000000000000000000, 0.0000000000000000000 ) ) ;
#1398 = EDGE_CURVE ( 'NONE', #1908, #6869, #7800, .T. ) ;
#1399 = LINE ( 'NONE', #7556, #7862 ) ;
#1400 = PLANE ( 'NONE',  #5894 ) ;
#1401 = CARTESIAN_POINT ( 'NONE',  ( -4.549999999999999800, -0.4000000000000000200, 5.500000000000000000 ) ) ;
#1402 = ORIENTED_EDGE ( 'NONE', *, *, #5406, .T. ) ;
#1403 = ORIENTED_EDGE ( 'NONE', *, *, #8176, .F. ) ;
#1404 = AXIS2_PLACEMENT_3D ( 'NONE', #2208, #7940, #6696 ) ;
#1405 = ORIENTED_EDGE ( 'NONE', *, *, #438, .F. ) ;
#1406 = DIRECTION ( 'NONE',  ( 0.0000000000000000000, 1.000000000000000000, 0.0000000000000000000 ) ) ;
#1407 = ORIENTED_EDGE ( 'NONE', *, *, #1608, .T. ) ;
#1408 = PLANE ( 'NONE',  #620 ) ;
#1409 = DIRECTION ( 'NONE',  ( 0.0000000000000000000, 0.0000000000000000000, -1.000000000000000000 ) ) ;
#1410 = ORIENTED_EDGE ( 'NONE', *, *, #4661, .T. ) ;
#1411 = VECTOR ( 'NONE', #1495, 1000.000000000000000 ) ;
#1412 = EDGE_CURVE ( 'NONE', #1908, #8452, #8059, .T. ) ;
#1413 = DIRECTION ( 'NONE',  ( 1.000000000000000000, 0.0000000000000000000, -0.0000000000000000000 ) ) ;
#1414 = CARTESIAN_POINT ( 'NONE',  ( 0.0000000000000000000, 4.500000000000000900, 3.399999999999999900 ) ) ;
#1415 = ORIENTED_EDGE ( 'NONE', *, *, #5787, .F. ) ;
#1416 = EDGE_CURVE ( 'NONE', #478, #2140, #7715, .T. ) ;
#1417 = CARTESIAN_POINT ( 'NONE',  ( -3.000000000000000000, 0.0000000000000000000, 4.900000000000000400 ) ) ;
#1418 = AXIS2_PLACEMENT_3D ( 'NONE', #6224, #3734, #1676 ) ;
#1420 = ORIENTED_EDGE ( 'NONE', *, *, #7205, .F. ) ;
#1419 = DIRECTION ( 'NONE',  ( 0.0000000000000000000, 0.0000000000000000000, 1.000000000000000000 ) ) ;
#1421 = CARTESIAN_POINT ( 'NONE',  ( 5.232842712474999700, 5.399999999999999500, 13.70000000000000100 ) ) ;
#1422 = VECTOR ( 'NONE', #929, 1000.000000000000000 ) ;
#1423 = VERTEX_POINT ( 'NONE', #6599 ) ;
#1424 = VECTOR ( 'NONE', #723, 1000.000000000000000 ) ;
#1425 = DIRECTION ( 'NONE',  ( 0.0000000000000000000, 0.0000000000000000000, 1.000000000000000000 ) ) ;
#1426 = ORIENTED_EDGE ( 'NONE', *, *, #6409, .T. ) ;
#1427 = LINE ( 'NONE', #6929, #1232 ) ;
#1428 = ADVANCED_FACE ( 'NONE', ( #7527 ), #6593, .T. ) ;
#1429 = EDGE_CURVE ( 'NONE', #5173, #2310, #7309, .T. ) ;
#1430 = FACE_OUTER_BOUND ( 'NONE', #200, .T. ) ;
#1431 = DIRECTION ( 'NONE',  ( -1.000000000000000000, 0.0000000000000000000, -0.0000000000000000000 ) ) ;
#1432 = CARTESIAN_POINT ( 'NONE',  ( 4.949999999999999300, 2.750000000000000000, 8.050000000000000700 ) ) ;
#1433 = LINE ( 'NONE', #900, #1084 ) ;
#1434 = CARTESIAN_POINT ( 'NONE',  ( 3.000000000000000400, 4.700000000000000200, 0.5000000000000000000 ) ) ;
#1435 = EDGE_LOOP ( 'NONE', ( #6077, #345, #3236, #7344 ) ) ;
#1436 = CARTESIAN_POINT ( 'NONE',  ( -1.800000000000000300, 3.246173311193000000, 9.923000000000000000 ) ) ;
#1437 = VECTOR ( 'NONE', #2011, 1000.000000000000000 ) ;
#1438 = CARTESIAN_POINT ( 'NONE',  ( -4.850000000000000500, 3.899999999999999900, -5.500000000000000000 ) ) ;
#1439 = AXIS2_PLACEMENT_3D ( 'NONE', #7739, #4000, #8285 ) ;
#1440 = VERTEX_POINT ( 'NONE', #6021 ) ;
#1441 = FACE_OUTER_BOUND ( 'NONE', #2871, .T. ) ;
#1442 = VERTEX_POINT ( 'NONE', #977 ) ;
#1443 = EDGE_CURVE ( 'NONE', #7631, #5173, #7118, .T. ) ;
#1444 = EDGE_CURVE ( 'NONE', #4910, #2310, #7422, .T. ) ;
#1445 = FACE_OUTER_BOUND ( 'NONE', #2158, .T. ) ;
#1446 = CARTESIAN_POINT ( 'NONE',  ( -4.549999999999998900, 7.700000000000000200, 9.619999999999999200 ) ) ;
#1447 = CARTESIAN_POINT ( 'NONE',  ( -0.4500000000000000700, 2.946173311192998400, 9.377564394267999100 ) ) ;
#1448 = ORIENTED_EDGE ( 'NONE', *, *, #2621, .T. ) ;
#1449 = AXIS2_PLACEMENT_3D ( 'NONE', #3108, #1743, #2451 ) ;
#1450 = EDGE_LOOP ( 'NONE', ( #537, #4334, #6147, #1770 ) ) ;
#1451 = DIRECTION ( 'NONE',  ( 0.0000000000000000000, 0.0000000000000000000, 1.000000000000000000 ) ) ;
#1452 = CARTESIAN_POINT ( 'NONE',  ( 2.100000000000000100, 41.88643412431000000, 9.923000000000000000 ) ) ;
#1453 = EDGE_CURVE ( 'NONE', #1225, #4910, #7214, .T. ) ;
#1454 = LINE ( 'NONE', #2504, #6463 ) ;
#1455 = CARTESIAN_POINT ( 'NONE',  ( -4.400000000000000400, 0.0000000000000000000, -5.500000000000000900 ) ) ;
#1456 = EDGE_CURVE ( 'NONE', #8139, #5137, #7966, .T. ) ;
#1457 = EDGE_CURVE ( 'NONE', #1541, #289, #7009, .T. ) ;
#1458 = LINE ( 'NONE', #3945, #7729 ) ;
#1459 = ORIENTED_EDGE ( 'NONE', *, *, #790, .F. ) ;
#1460 = EDGE_CURVE ( 'NONE', #7954, #1541, #6908, .T. ) ;
#1461 = DIRECTION ( 'NONE',  ( -0.0000000000000000000, 1.000000000000000000, 0.0000000000000000000 ) ) ;
#1462 = ORIENTED_EDGE ( 'NONE', *, *, #6953, .F. ) ;
#1463 = AXIS2_PLACEMENT_3D ( 'NONE', #2005, #7100, #3401 ) ;
#1464 = LINE ( 'NONE', #854, #8080 ) ;
#1465 = DIRECTION ( 'NONE',  ( 0.0000000000000000000, 1.000000000000000000, 0.0000000000000000000 ) ) ;
#1466 = DIRECTION ( 'NONE',  ( 0.0000000000000000000, 0.0000000000000000000, -1.000000000000000000 ) ) ;
#1467 = EDGE_CURVE ( 'NONE', #7229, #6301, #6714, .T. ) ;
#1468 = FACE_OUTER_BOUND ( 'NONE', #7532, .T. ) ;
#1469 = ORIENTED_EDGE ( 'NONE', *, *, #6760, .T. ) ;
#1470 = VECTOR ( 'NONE', #2624, 1000.000000000000000 ) ;
#1471 = ORIENTED_EDGE ( 'NONE', *, *, #2464, .T. ) ;
#1472 = AXIS2_PLACEMENT_3D ( 'NONE', #2210, #2239, #2177 ) ;
#1473 = FACE_OUTER_BOUND ( 'NONE', #3223, .T. ) ;
#1474 = CARTESIAN_POINT ( 'NONE',  ( 4.549999999999999800, -0.4000000000000000200, 3.399999999999999900 ) ) ;
#1475 = EDGE_CURVE ( 'NONE', #7053, #289, #6802, .T. ) ;
#1476 = CARTESIAN_POINT ( 'NONE',  ( -1.750000000000000000, 0.0000000000000000000, 6.299999999999999800 ) ) ;
#1477 = LINE ( 'NONE', #261, #4828 ) ;
#1478 = VERTEX_POINT ( 'NONE', #2609 ) ;
#1479 = DIRECTION ( 'NONE',  ( 0.0000000000000000000, -1.000000000000000000, -0.0000000000000000000 ) ) ;
#1480 = ADVANCED_FACE ( 'NONE', ( #6452 ), #2618, .T. ) ;
#1481 = AXIS2_PLACEMENT_3D ( 'NONE', #1345, #5950, #2105 ) ;
#1482 = CARTESIAN_POINT ( 'NONE',  ( -2.693595701930008100, -1.600000000000001400, 3.582515103784704700 ) ) ;
#1483 = CARTESIAN_POINT ( 'NONE',  ( -4.950000000000000200, 2.750000000000000000, 8.349999999999999600 ) ) ;
#1484 = FILL_AREA_STYLE ('',( #7254 ) ) ;
#1485 = VERTEX_POINT ( 'NONE', #2985 ) ;
#1486 = DIRECTION ( 'NONE',  ( 0.0000000000000000000, 0.0000000000000000000, -1.000000000000000000 ) ) ;
#1487 = EDGE_LOOP ( 'NONE', ( #3652, #6307, #1187, #4994 ) ) ;
#1488 = EDGE_CURVE ( 'NONE', #4446, #4144, #6628, .T. ) ;
#1489 = PLANE ( 'NONE',  #1258 ) ;
#1490 = CARTESIAN_POINT ( 'NONE',  ( 0.4000000000000000200, 2.946173311193000200, 9.923000000000000000 ) ) ;
#1491 = EDGE_CURVE ( 'NONE', #8102, #7229, #7890, .T. ) ;
#1492 = AXIS2_PLACEMENT_3D ( 'NONE', #6155, #5531, #6752 ) ;
#1493 = ORIENTED_EDGE ( 'NONE', *, *, #6640, .F. ) ;
#1494 = DIRECTION ( 'NONE',  ( 0.0000000000000000000, 1.000000000000000000, 0.0000000000000000000 ) ) ;
#1495 = DIRECTION ( 'NONE',  ( 0.0000000000000000000, -1.000000000000000000, 0.0000000000000000000 ) ) ;
#1496 = DIRECTION ( 'NONE',  ( 1.000000000000000000, 0.0000000000000000000, 0.0000000000000000000 ) ) ;
#1497 = ORIENTED_EDGE ( 'NONE', *, *, #1080, .T. ) ;
#1498 = CARTESIAN_POINT ( 'NONE',  ( 4.950000000000000200, 3.899999999999999900, 6.576452044609999900 ) ) ;
#1499 = EDGE_CURVE ( 'NONE', #4446, #6757, #6164, .T. ) ;
#1500 = EDGE_CURVE ( 'NONE', #4144, #1226, #5961, .T. ) ;
#1501 = CARTESIAN_POINT ( 'NONE',  ( -4.549999999999999800, 3.899999999999999900, -5.500000000000000000 ) ) ;
#1502 = EDGE_LOOP ( 'NONE', ( #5642, #8091, #2965, #5547 ) ) ;
#1503 = ORIENTED_EDGE ( 'NONE', *, *, #4793, .T. ) ;
#1504 = VERTEX_POINT ( 'NONE', #1023 ) ;
#1505 = PLANE ( 'NONE',  #6410 ) ;
#1506 = DIRECTION ( 'NONE',  ( 0.0000000000000000000, 0.0000000000000000000, 1.000000000000000000 ) ) ;
#1507 = FACE_OUTER_BOUND ( 'NONE', #4533, .T. ) ;
#1508 = EDGE_CURVE ( 'NONE', #4792, #1167, #5691, .T. ) ;
#1509 = DIRECTION ( 'NONE',  ( 0.0000000000000000000, -1.000000000000000000, 0.0000000000000000000 ) ) ;
#1510 = ORIENTED_EDGE ( 'NONE', *, *, #347, .T. ) ;
#1511 = EDGE_CURVE ( 'NONE', #4144, #5396, #5774, .T. ) ;
#1512 = VECTOR ( 'NONE', #5965, 1000.000000000000000 ) ;
#1513 = EDGE_CURVE ( 'NONE', #2773, #2113, #5871, .T. ) ;
#1514 = ORIENTED_EDGE ( 'NONE', *, *, #2024, .T. ) ;
#1515 = CARTESIAN_POINT ( 'NONE',  ( -3.048463516559695400, -1.346000000000000100, 3.501679666941690100 ) ) ;
#1516 = ORIENTED_EDGE ( 'NONE', *, *, #7067, .T. ) ;
#1517 = DIRECTION ( 'NONE',  ( -0.01762806762306931200, -0.0000000000000000000, 0.9998446135434628800 ) ) ;
#1518 = CARTESIAN_POINT ( 'NONE',  ( 4.400000000000000400, 4.700000000000000200, 3.200000000000000200 ) ) ;
#1519 = AXIS2_PLACEMENT_3D ( 'NONE', #7371, #7346, #8112 ) ;
#1520 = ORIENTED_EDGE ( 'NONE', *, *, #292, .F. ) ;
#1521 = ADVANCED_FACE ( 'NONE', ( #5296 ), #5185, .T. ) ;
#1522 = EDGE_LOOP ( 'NONE', ( #5640, #7401, #2861, #6848 ) ) ;
#1523 = FACE_OUTER_BOUND ( 'NONE', #1246, .T. ) ;
#1524 = CARTESIAN_POINT ( 'NONE',  ( -2.399999999999999900, 2.946173311192999300, 13.50000000000000000 ) ) ;
#1525 = CARTESIAN_POINT ( 'NONE',  ( 4.850000000000000500, 1.749999999999999800, 7.450000000000000200 ) ) ;
#1526 = CARTESIAN_POINT ( 'NONE',  ( 2.555054825746555700, -1.600000000000000300, -4.169120799726418800 ) ) ;
#1527 = CARTESIAN_POINT ( 'NONE',  ( -0.7489158714129667800, 6.338579685423336100, 5.574454443605996600 ) ) ;
#1528 = VERTEX_POINT ( 'NONE', #294 ) ;
#1529 = DIRECTION ( 'NONE',  ( 0.0000000000000000000, 0.0000000000000000000, 1.000000000000000000 ) ) ;
#1530 = ORIENTED_EDGE ( 'NONE', *, *, #6942, .T. ) ;
#1531 = VECTOR ( 'NONE', #1058, 1000.000000000000000 ) ;
#1532 = EDGE_LOOP ( 'NONE', ( #4663, #2347, #6234, #549 ) ) ;
#1533 = FACE_OUTER_BOUND ( 'NONE', #2293, .T. ) ;
#1534 = CARTESIAN_POINT ( 'NONE',  ( -2.899999999999999900, 3.246173311193000000, 13.19999999999999900 ) ) ;
#1535 = DIRECTION ( 'NONE',  ( 0.0000000000000000000, 1.000000000000000000, -0.0000000000000000000 ) ) ;
#1536 = CARTESIAN_POINT ( 'NONE',  ( -4.949999999997966200, 5.780000000000000200, 13.79999999999876800 ) ) ;
#1537 = ORIENTED_EDGE ( 'NONE', *, *, #6562, .T. ) ;
#1538 = FACE_OUTER_BOUND ( 'NONE', #4248, .T. ) ;
#1539 = ORIENTED_EDGE ( 'NONE', *, *, #1352, .T. ) ;
#1540 = LINE ( 'NONE', #2992, #1422 ) ;
#1541 = VERTEX_POINT ( 'NONE', #2759 ) ;
#1542 = FACE_OUTER_BOUND ( 'NONE', #3427, .T. ) ;
#1543 = EDGE_CURVE ( 'NONE', #3305, #114, #5288, .T. ) ;
#1544 = CARTESIAN_POINT ( 'NONE',  ( -0.5000000000000000000, 4.049999999999999800, -2.500000000000000000 ) ) ;
#1545 = DIRECTION ( 'NONE',  ( 0.0000000000000000000, -0.0000000000000000000, -1.000000000000000000 ) ) ;
#1546 =( BOUNDED_CURVE ( )  B_SPLINE_CURVE ( 3, ( #7129, #8290, #6514, #3433 ),
 .UNSPECIFIED., .F., .T. ) 
 B_SPLINE_CURVE_WITH_KNOTS ( ( 4, 4 ),
 ( 1.570796326799677000, 3.141592653589788700 ),
 .UNSPECIFIED. ) 
 CURVE ( )  GEOMETRIC_REPRESENTATION_ITEM ( )  RATIONAL_B_SPLINE_CURVE ( ( 1.000000000000000000, 0.8047378541254928100, 0.8047378541254928100, 1.000000000000000000 ) ) 
 REPRESENTATION_ITEM ( '' )  );
#1547 = EDGE_CURVE ( 'NONE', #8132, #8102, #5195, .T. ) ;
#1548 = CARTESIAN_POINT ( 'NONE',  ( 2.554356871460581300, -1.600000000000000300, -4.179400140007770000 ) ) ;
#1549 = ORIENTED_EDGE ( 'NONE', *, *, #683, .F. ) ;
#1550 = EDGE_LOOP ( 'NONE', ( #6845, #470, #4241, #3745 ) ) ;
#1551 = VECTOR ( 'NONE', #5047, 1000.000000000000000 ) ;
#1552 = DIRECTION ( 'NONE',  ( 0.0000000000000000000, 0.0000000000000000000, -1.000000000000000000 ) ) ;
#1553 = CARTESIAN_POINT ( 'NONE',  ( 4.950000000000000200, 2.149999999999999900, -3.000000000000000000 ) ) ;
#1554 = EDGE_CURVE ( 'NONE', #7331, #851, #5490, .T. ) ;
#1555 = EDGE_CURVE ( 'NONE', #2113, #3409, #5002, .T. ) ;
#1556 = CARTESIAN_POINT ( 'NONE',  ( 2.399999999999999900, 41.88643412431000000, 13.19999999999999900 ) ) ;
#1557 = ORIENTED_EDGE ( 'NONE', *, *, #5351, .F. ) ;
#1558 = DIRECTION ( 'NONE',  ( 0.0000000000000000000, 0.0000000000000000000, -1.000000000000000000 ) ) ;
#1559 = CIRCLE ( 'NONE', #560, 0.09999999999999939500 ) ;
#1560 = CARTESIAN_POINT ( 'NONE',  ( 4.549999999999998900, 8.900000000000000400, 10.00000000000000000 ) ) ;
#1561 = DIRECTION ( 'NONE',  ( 1.000000000000000000, 0.0000000000000000000, 0.0000000000000000000 ) ) ;
#1563 = VERTEX_POINT ( 'NONE', #111 ) ;
#1562 = AXIS2_PLACEMENT_3D ( 'NONE', #2535, #6322, #8141 ) ;
#1564 = FACE_OUTER_BOUND ( 'NONE', #7886, .T. ) ;
#1565 = CARTESIAN_POINT ( 'NONE',  ( 4.950000000000000200, 2.076776695296637800, -3.134807294067536900 ) ) ;
#1566 = AXIS2_PLACEMENT_3D ( 'NONE', #1041, #742, #866 ) ;
#1567 = EDGE_CURVE ( 'NONE', #2641, #8132, #7249, .T. ) ;
#1568 = VECTOR ( 'NONE', #7872, 1000.000000000000000 ) ;
#1569 = VERTEX_POINT ( 'NONE', #6135 ) ;
#1570 = VECTOR ( 'NONE', #8419, 1000.000000000000100 ) ;
#1571 = CARTESIAN_POINT ( 'NONE',  ( 5.232842712474999700, 7.400000000000000400, 13.70000000000000100 ) ) ;
#1572 = CARTESIAN_POINT ( 'NONE',  ( -2.662773310691952200, -8.100000798406462400, 1.388072119199408800 ) ) ;
#1573 = PLANE ( 'NONE',  #3922 ) ;
#1574 = EDGE_CURVE ( 'NONE', #1563, #2744, #4690, .T. ) ;
#1575 = ORIENTED_EDGE ( 'NONE', *, *, #1310, .T. ) ;
#1576 = EDGE_CURVE ( 'NONE', #2488, #4010, #4889, .T. ) ;
#1577 = PLANE ( 'NONE',  #5594 ) ;
#1578 = ADVANCED_FACE ( 'NONE', ( #4279 ), #2430, .T. ) ;
#1579 = CIRCLE ( 'NONE', #3189, 0.7000000000000000700 ) ;
#1580 = FACE_OUTER_BOUND ( 'NONE', #1649, .T. ) ;
#1581 = ORIENTED_EDGE ( 'NONE', *, *, #6562, .F. ) ;
#1582 = CARTESIAN_POINT ( 'NONE',  ( 0.2608727472917550800, -8.099982780456395300, 3.000000820683990500 ) ) ;
#1583 = DIRECTION ( 'NONE',  ( 0.0000000000000000000, -1.000000000000000000, 0.0000000000000000000 ) ) ;
#1584 = CARTESIAN_POINT ( 'NONE',  ( 0.7500000000000000000, 0.0000000000000000000, 0.0000000000000000000 ) ) ;
#1585 = ORIENTED_EDGE ( 'NONE', *, *, #7006, .T. ) ;
#1586 = CYLINDRICAL_SURFACE ( 'NONE', #1812, 0.2999999999999999300 ) ;
#1587 = AXIS2_PLACEMENT_3D ( 'NONE', #2370, #2283, #2275 ) ;
#1588 = EDGE_CURVE ( 'NONE', #2671, #8316, #4474, .T. ) ;
#1589 = DIRECTION ( 'NONE',  ( -1.000000000000000000, 0.0000000000000000000, -0.0000000000000000000 ) ) ;
#1590 = EDGE_CURVE ( 'NONE', #2113, #2671, #4578, .T. ) ;
#1591 = DIRECTION ( 'NONE',  ( -0.0000000000000000000, 1.000000000000000000, -0.0000000000000000000 ) ) ;
#1592 = DIRECTION ( 'NONE',  ( -0.0000000000000000000, 1.000000000000000000, 0.0000000000000000000 ) ) ;
#1593 = FACE_BOUND ( 'NONE', #6761, .T. ) ;
#1594 = ORIENTED_EDGE ( 'NONE', *, *, #1946, .F. ) ;
#1595 = AXIS2_PLACEMENT_3D ( 'NONE', #5687, #5007, #4973 ) ;
#1596 = AXIS2_PLACEMENT_3D ( 'NONE', #1035, #1004, #965 ) ;
#1597 = VERTEX_POINT ( 'NONE', #2065 ) ;
#1598 = PLANE ( 'NONE',  #7470 ) ;
#1599 = CARTESIAN_POINT ( 'NONE',  ( 0.0000000000000000000, 4.700000000000000200, 0.0000000000000000000 ) ) ;
#1600 = EDGE_CURVE ( 'NONE', #4929, #668, #4200, .T. ) ;
#1601 = DIRECTION ( 'NONE',  ( -1.000000000000000000, 0.0000000000000000000, 0.0000000000000000000 ) ) ;
#1602 = DIRECTION ( 'NONE',  ( 0.0000000000000000000, 0.0000000000000000000, 1.000000000000000000 ) ) ;
#1603 = DIRECTION ( 'NONE',  ( -0.03525065691957925800, 0.0000000000000000000, 0.9993785024637753500 ) ) ;
#1604 = VECTOR ( 'NONE', #618, 1000.000000000000000 ) ;
#1605 = EDGE_CURVE ( 'NONE', #1261, #5858, #4094, .T. ) ;
#1606 = CARTESIAN_POINT ( 'NONE',  ( 2.450000000000000200, 4.099999999999999600, 3.399999999999999900 ) ) ;
#1607 = EDGE_LOOP ( 'NONE', ( #1288, #5616, #8031, #2890 ) ) ;
#1608 = EDGE_CURVE ( 'NONE', #4251, #5388, #3901, .T. ) ;
#1609 = CARTESIAN_POINT ( 'NONE',  ( -4.950000000000000200, 2.149999999999999900, 7.801471862612370200 ) ) ;
#1610 = DIRECTION ( 'NONE',  ( -0.0000000000000000000, 1.000000000000000000, 0.0000000000000000000 ) ) ;
#1611 = DIRECTION ( 'NONE',  ( -1.000000000000000000, -0.0000000000000000000, -0.0000000000000000000 ) ) ;
#1612 = VERTEX_POINT ( 'NONE', #2110 ) ;
#1613 = EDGE_CURVE ( 'NONE', #414, #5341, #2109, .T. ) ;
#1614 = CARTESIAN_POINT ( 'NONE',  ( -4.125867433327127500, 5.400000000000000400, 12.53272387602181000 ) ) ;
#1615 = EDGE_LOOP ( 'NONE', ( #2411, #6323, #688, #3511 ) ) ;
#1616 = CARTESIAN_POINT ( 'NONE',  ( 1.270562326460665400, -8.099981079926065400, 2.730312549680367100 ) ) ;
#1617 = DIRECTION ( 'NONE',  ( 0.0000000000000000000, 0.0000000000000000000, -1.000000000000000000 ) ) ;
#1618 = ORIENTED_EDGE ( 'NONE', *, *, #902, .F. ) ;
#1619 = EDGE_CURVE ( 'NONE', #3117, #4446, #3729, .T. ) ;
#1620 = ORIENTED_EDGE ( 'NONE', *, *, #2378, .T. ) ;
#1621 = CARTESIAN_POINT ( 'NONE',  ( -4.400000000000000400, 0.0000000000000000000, 3.199999999999999700 ) ) ;
#1622 = EDGE_CURVE ( 'NONE', #7801, #7572, #4004, .T. ) ;
#1623 = AXIS2_PLACEMENT_3D ( 'NONE', #2238, #6671, #2931 ) ;
#1624 = VECTOR ( 'NONE', #3916, 1000.000000000000000 ) ;
#1625 = ADVANCED_FACE ( 'NONE', ( #3737 ), #3446, .T. ) ;
#1626 = DIRECTION ( 'NONE',  ( 0.0000000000000000000, 0.0000000000000000000, 1.000000000000000000 ) ) ;
#1627 = DIRECTION ( 'NONE',  ( 0.0000000000000000000, 1.000000000000000000, 0.0000000000000000000 ) ) ;
#1628 = ORIENTED_EDGE ( 'NONE', *, *, #8255, .F. ) ;
#1629 = PLANE ( 'NONE',  #3656 ) ;
#1630 = CARTESIAN_POINT ( 'NONE',  ( 0.4000000000000000200, 2.946173311192998900, 13.19999999999999900 ) ) ;
#1631 = ORIENTED_EDGE ( 'NONE', *, *, #3388, .T. ) ;
#1632 = VERTEX_POINT ( 'NONE', #1257 ) ;
#1633 = EDGE_CURVE ( 'NONE', #7012, #1612, #3641, .T. ) ;
#1634 = EDGE_CURVE ( 'NONE', #2671, #7012, #3543, .T. ) ;
#1635 = CIRCLE ( 'NONE', #5297, 0.1000000000000002600 ) ;
#1636 = CARTESIAN_POINT ( 'NONE',  ( 3.000000000000000000, 0.0000000000000000000, 4.200000000000000200 ) ) ;
#1637 = DIRECTION ( 'NONE',  ( -0.0000000000000000000, -1.000000000000000000, -0.0000000000000000000 ) ) ;
#1638 = CARTESIAN_POINT ( 'NONE',  ( -4.950000000000000200, 8.048502316927999400, 8.049999999807999600 ) ) ;
#1639 = ORIENTED_EDGE ( 'NONE', *, *, #1309, .F. ) ;
#1640 = DIRECTION ( 'NONE',  ( 0.0000000000000000000, 0.0000000000000000000, -1.000000000000000000 ) ) ;
#1641 = EDGE_CURVE ( 'NONE', #5742, #7801, #3455, .T. ) ;
#1642 = DIRECTION ( 'NONE',  ( -0.0000000000000000000, -0.0000000000000000000, 1.000000000000000000 ) ) ;
#1643 = VERTEX_POINT ( 'NONE', #1338 ) ;
#1644 = EDGE_CURVE ( 'NONE', #1261, #2365, #3337, .T. ) ;
#1645 = EDGE_CURVE ( 'NONE', #3944, #6622, #3247, .T. ) ;
#1646 = EDGE_CURVE ( 'NONE', #4883, #25, #3238, .T. ) ;
#1647 = CARTESIAN_POINT ( 'NONE',  ( 2.831567537759487800, -8.099996718628331000, -1.024966676902363500 ) ) ;
#1648 = ORIENTED_EDGE ( 'NONE', *, *, #2660, .T. ) ;
#1649 = EDGE_LOOP ( 'NONE', ( #3453, #7518, #2174, #5877 ) ) ;
#1650 = CYLINDRICAL_SURFACE ( 'NONE', #8252, 0.2000000000000005100 ) ;
#1651 = DIRECTION ( 'NONE',  ( 0.0000000000000000000, 1.000000000000000000, 0.0000000000000000000 ) ) ;
#1652 = CARTESIAN_POINT ( 'NONE',  ( 0.4000000000000000200, 3.246173311193000000, 9.622999999999999300 ) ) ;
#1653 = CARTESIAN_POINT ( 'NONE',  ( 4.950000000000000200, 2.149999999999999900, -3.041969401229101000 ) ) ;
#1654 = VERTEX_POINT ( 'NONE', #912 ) ;
#1655 = ADVANCED_FACE ( 'NONE', ( #2708 ), #837, .T. ) ;
#1656 = CARTESIAN_POINT ( 'NONE',  ( 3.000000000000000000, 4.049999999999999800, 0.5000000000000000000 ) ) ;
#1657 = EDGE_CURVE ( 'NONE', #7500, #4513, #2915, .T. ) ;
#1658 = VERTEX_POINT ( 'NONE', #786 ) ;
#1659 = DIRECTION ( 'NONE',  ( 1.000000000000000000, 0.0000000000000000000, 0.0000000000000000000 ) ) ;
#1660 = AXIS2_PLACEMENT_3D ( 'NONE', #3053, #7411, #3697 ) ;
#1661 = LINE ( 'NONE', #2792, #1210 ) ;
#1662 = CARTESIAN_POINT ( 'NONE',  ( 2.000000000000000000, 1.500000000000000000, 5.000000000000000000 ) ) ;
#1663 = ORIENTED_EDGE ( 'NONE', *, *, #1981, .T. ) ;
#1664 = LINE ( 'NONE', #3055, #6623 ) ;
#1665 = DIRECTION ( 'NONE',  ( 0.0000000000000000000, -1.000000000000000000, 0.0000000000000000000 ) ) ;
#1666 = EDGE_CURVE ( 'NONE', #5059, #4883, #2497, .T. ) ;
#1667 = CARTESIAN_POINT ( 'NONE',  ( -2.399999999999999900, 0.0000000000000000000, 13.50000000000000000 ) ) ;
#1668 = DIRECTION ( 'NONE',  ( 0.0000000000000000000, 1.000000000000000000, 0.0000000000000000000 ) ) ;
#1669 = VERTEX_POINT ( 'NONE', #719 ) ;
#1670 = CIRCLE ( 'NONE', #573, 0.7000000000000000700 ) ;
#1671 = CARTESIAN_POINT ( 'NONE',  ( 4.950000000000001100, 2.750000001099596900, 8.408578643762691500 ) ) ;
#1672 = VECTOR ( 'NONE', #2860, 1000.000000000000000 ) ;
#1673 = VECTOR ( 'NONE', #1873, 1000.000000000000000 ) ;
#1674 = EDGE_LOOP ( 'NONE', ( #7078, #1631, #4388, #8178 ) ) ;
#1675 = VECTOR ( 'NONE', #4293, 1000.000000000000000 ) ;
#1676 = DIRECTION ( 'NONE',  ( 0.0000000000000000000, 0.0000000000000000000, 1.000000000000000000 ) ) ;
#1677 = DIRECTION ( 'NONE',  ( 1.000000000000000000, 0.0000000000000000000, -0.0000000000000000000 ) ) ;
#1678 =( BOUNDED_CURVE ( )  B_SPLINE_CURVE ( 3, ( #77, #133, #43, #34 ),
 .UNSPECIFIED., .F., .F. ) 
 B_SPLINE_CURVE_WITH_KNOTS ( ( 4, 4 ),
 ( 1.570796326799675400, 3.141592653589793100 ),
 .UNSPECIFIED. ) 
 CURVE ( )  GEOMETRIC_REPRESENTATION_ITEM ( )  RATIONAL_B_SPLINE_CURVE ( ( 1.000000000000000000, 0.8047378541254914800, 0.8047378541254914800, 1.000000000000000000 ) ) 
 REPRESENTATION_ITEM ( '' )  );
#1679 = ADVANCED_FACE ( 'NONE', ( #2810 ), #460, .T. ) ;
#1680 = ORIENTED_EDGE ( 'NONE', *, *, #5249, .T. ) ;
#1681 = EDGE_CURVE ( 'NONE', #3790, #1541, #2605, .T. ) ;
#1682 = VECTOR ( 'NONE', #7511, 1000.000000000000200 ) ;
#1683 = ORIENTED_EDGE ( 'NONE', *, *, #1795, .T. ) ;
#1684 = CARTESIAN_POINT ( 'NONE',  ( 4.549999999999999800, 3.899999999999999900, 4.599999999999999600 ) ) ;
#1685 = CARTESIAN_POINT ( 'NONE',  ( 0.0000000000000000000, 4.500000000000000900, -4.599999999999999600 ) ) ;
#1686 = AXIS2_PLACEMENT_3D ( 'NONE', #7757, #4019, #8301 ) ;
#1687 = VECTOR ( 'NONE', #3667, 1000.000000000000000 ) ;
#1688 = CARTESIAN_POINT ( 'NONE',  ( -4.946590467578794800, 5.400000000000000400, 13.39815458646983300 ) ) ;
#1689 = ORIENTED_EDGE ( 'NONE', *, *, #3015, .T. ) ;
#1690 = VECTOR ( 'NONE', #8205, 1000.000000000000000 ) ;
#1691 = CARTESIAN_POINT ( 'NONE',  ( -4.400000000000000400, 2.946173311193000200, 6.299999999999999800 ) ) ;
#1692 = CARTESIAN_POINT ( 'NONE',  ( -4.850000000000000500, 2.701497683072000100, 8.349999999999999600 ) ) ;
#1693 = ORIENTED_EDGE ( 'NONE', *, *, #276, .F. ) ;
#1694 = EDGE_CURVE ( 'NONE', #2937, #5173, #3025, .T. ) ;
#1695 = EDGE_CURVE ( 'NONE', #630, #2937, #2277, .T. ) ;
#1696 = CARTESIAN_POINT ( 'NONE',  ( -4.950000000000000200, 2.208578643762690000, 7.767157287558073400 ) ) ;
#1697 = LINE ( 'NONE', #1691, #6646 ) ;
#1698 = DIRECTION ( 'NONE',  ( 0.0000000000000000000, 0.0000000000000000000, 1.000000000000000000 ) ) ;
#1699 = CARTESIAN_POINT ( 'NONE',  ( 0.0000000000000000000, 4.049999999999999800, 0.0000000000000000000 ) ) ;
#1700 = CARTESIAN_POINT ( 'NONE',  ( -3.250000000000000400, 0.0000000000000000000, 0.0000000000000000000 ) ) ;
#1701 = LINE ( 'NONE', #6354, #8243 ) ;
#1702 = ORIENTED_EDGE ( 'NONE', *, *, #1879, .F. ) ;
#1703 = CARTESIAN_POINT ( 'NONE',  ( -2.000000000000000000, 1.500000000000000000, 6.299999999999999800 ) ) ;
#1704 = CARTESIAN_POINT ( 'NONE',  ( 2.000000000000000000, 0.0000000000000000000, 6.299999999999999800 ) ) ;
#1705 = VERTEX_POINT ( 'NONE', #3215 ) ;
#1706 = CARTESIAN_POINT ( 'NONE',  ( 4.950000000000000200, 2.135355339059327800, -3.077324740288427800 ) ) ;
#1707 = DIRECTION ( 'NONE',  ( 0.0000000000000000000, 0.0000000000000000000, 1.000000000000000000 ) ) ;
#1708 = EDGE_CURVE ( 'NONE', #7801, #1485, #1800, .T. ) ;
#1709 = CYLINDRICAL_SURFACE ( 'NONE', #4315, 0.4000000000000001900 ) ;
#1710 = EDGE_CURVE ( 'NONE', #6041, #630, #2146, .T. ) ;
#1711 = VECTOR ( 'NONE', #2003, 1000.000000000000000 ) ;
#1712 = ORIENTED_EDGE ( 'NONE', *, *, #2225, .F. ) ;
#1713 = EDGE_CURVE ( 'NONE', #5868, #6041, #1912, .T. ) ;
#1714 = VECTOR ( 'NONE', #2901, 1000.000000000000000 ) ;
#1715 = ADVANCED_FACE ( 'NONE', ( #2041 ), #2918, .T. ) ;
#1716 = EDGE_LOOP ( 'NONE', ( #7609, #2252, #5765, #16 ) ) ;
#1717 = VECTOR ( 'NONE', #2383, 1000.000000000000000 ) ;
#1718 = LINE ( 'NONE', #7528, #1959 ) ;
#1719 = ORIENTED_EDGE ( 'NONE', *, *, #1254, .F. ) ;
#1720 = CARTESIAN_POINT ( 'NONE',  ( 2.553999999999999800, -1.600000000000000300, -4.189696978787744700 ) ) ;
#1721 = ORIENTED_EDGE ( 'NONE', *, *, #2500, .F. ) ;
#1722 = CARTESIAN_POINT ( 'NONE',  ( 4.850000000000000500, 1.014999999999999900, 9.619999999999999200 ) ) ;
#1723 = DIRECTION ( 'NONE',  ( -0.0000000000000000000, 1.000000000000000000, 0.0000000000000000000 ) ) ;
#1724 = CARTESIAN_POINT ( 'NONE',  ( 4.949999999999999300, 2.040528812508440200, -3.150327797970752000 ) ) ;
#1725 = AXIS2_PLACEMENT_3D ( 'NONE', #51, #6131, #2329 ) ;
#1726 = ORIENTED_EDGE ( 'NONE', *, *, #597, .T. ) ;
#1727 = ADVANCED_FACE ( 'NONE', ( #1441 ), #4400, .T. ) ;
#1728 = DIRECTION ( 'NONE',  ( -1.000000000000000000, 0.0000000000000000000, 0.0000000000000000000 ) ) ;
#1729 = DIRECTION ( 'NONE',  ( 0.0000000000000000000, -1.000000000000000000, -0.0000000000000000000 ) ) ;
#1730 = ORIENTED_EDGE ( 'NONE', *, *, #1000, .F. ) ;
#1731 = DIRECTION ( 'NONE',  ( -0.0000000000000000000, -1.000000000000000000, -0.0000000000000000000 ) ) ;
#1732 = CARTESIAN_POINT ( 'NONE',  ( 4.650000000000000400, 4.500000000000000900, -3.399999999999999900 ) ) ;
#1733 = DIRECTION ( 'NONE',  ( -0.0000000000000000000, -1.000000000000000000, -0.0000000000000000000 ) ) ;
#1734 = ORIENTED_EDGE ( 'NONE', *, *, #3071, .T. ) ;
#1735 = EDGE_CURVE ( 'NONE', #5868, #1056, #1559, .T. ) ;
#1736 = CARTESIAN_POINT ( 'NONE',  ( -18.87591023243999900, 8.414624765331275600, 9.904999999994036100 ) ) ;
#1737 = VECTOR ( 'NONE', #4160, 1000.000000000000000 ) ;
#1738 = CARTESIAN_POINT ( 'NONE',  ( 3.000000000000000000, -0.4000000000000000200, -4.200000000000000200 ) ) ;
#1739 = AXIS2_PLACEMENT_3D ( 'NONE', #7069, #3374, #7714 ) ;
#1740 = ORIENTED_EDGE ( 'NONE', *, *, #263, .F. ) ;
#1741 = ORIENTED_EDGE ( 'NONE', *, *, #617, .T. ) ;
#1742 = ORIENTED_EDGE ( 'NONE', *, *, #1143, .T. ) ;
#1743 = DIRECTION ( 'NONE',  ( -1.000000000000000000, 0.0000000000000000000, 0.0000000000000000000 ) ) ;
#1744 = CIRCLE ( 'NONE', #5444, 0.09999999999999939500 ) ;
#1745 = EDGE_CURVE ( 'NONE', #1056, #5327, #1334, .T. ) ;
#1746 = CARTESIAN_POINT ( 'NONE',  ( 1.749999999999999800, 2.946173311192999300, 9.377564394267999100 ) ) ;
#1747 = DIRECTION ( 'NONE',  ( 0.0000000000000000000, 0.0000000000000000000, 1.000000000000000000 ) ) ;
#1748 = DIRECTION ( 'NONE',  ( 1.000000000000000000, 0.0000000000000000000, -0.0000000000000000000 ) ) ;
#1749 = EDGE_LOOP ( 'NONE', ( #3976, #4044, #3352, #5128 ) ) ;
#1750 = CIRCLE ( 'NONE', #4640, 0.2999999999999999300 ) ;
#1751 = AXIS2_PLACEMENT_3D ( 'NONE', #806, #5507, #1552 ) ;
#1752 = ORIENTED_EDGE ( 'NONE', *, *, #1576, .F. ) ;
#1753 = ORIENTED_EDGE ( 'NONE', *, *, #3091, .F. ) ;
#1754 = ADVANCED_FACE ( 'NONE', ( #1430 ), #831, .T. ) ;
#1755 = CARTESIAN_POINT ( 'NONE',  ( -0.5499995662741770100, 6.399999999999374200, 5.262373040001486800 ) ) ;
#1756 = CARTESIAN_POINT ( 'NONE',  ( -4.400000000000000400, 0.0000000000000000000, -3.200000000000000200 ) ) ;
#1757 = CARTESIAN_POINT ( 'NONE',  ( -4.660158464154911900, 5.400000000000000400, 13.49942359245692100 ) ) ;
#1758 = EDGE_CURVE ( 'NONE', #5327, #8051, #984, .T. ) ;
#1759 = EDGE_CURVE ( 'NONE', #8051, #3289, #857, .T. ) ;
#1760 = ORIENTED_EDGE ( 'NONE', *, *, #1157, .T. ) ;
#1761 = CARTESIAN_POINT ( 'NONE',  ( 3.049999999999999800, 4.099999999999999600, 4.000000000000000000 ) ) ;
#1762 = VERTEX_POINT ( 'NONE', #7080 ) ;
#1763 = FACE_OUTER_BOUND ( 'NONE', #5188, .T. ) ;
#1764 = CARTESIAN_POINT ( 'NONE',  ( 4.950000000000000200, 1.850000000000000300, -3.000000000000000000 ) ) ;
#1765 = CARTESIAN_POINT ( 'NONE',  ( 4.549999999999999800, 0.0000000000000000000, -5.500000000000000000 ) ) ;
#1766 = CARTESIAN_POINT ( 'NONE',  ( -4.850000000000000500, 0.0000000000000000000, 7.950000000000000200 ) ) ;
#1767 = ORIENTED_EDGE ( 'NONE', *, *, #497, .F. ) ;
#1768 = ADVANCED_FACE ( 'NONE', ( #850 ), #390, .T. ) ;
#1769 = DIRECTION ( 'NONE',  ( 1.000000000000000000, 8.881784197001248400E-016, 0.0000000000000000000 ) ) ;
#1770 = ORIENTED_EDGE ( 'NONE', *, *, #2051, .T. ) ;
#1771 = CIRCLE ( 'NONE', #1393, 0.2000000000000005100 ) ;
#1772 = VERTEX_POINT ( 'NONE', #6625 ) ;
#1773 = LINE ( 'NONE', #7984, #5272 ) ;
#1774 = EDGE_CURVE ( 'NONE', #3289, #7840, #739, .T. ) ;
#1775 = EDGE_CURVE ( 'NONE', #7840, #3009, #1094, .T. ) ;
#1776 = DIRECTION ( 'NONE',  ( 0.0000000000000000000, 0.0000000000000000000, 1.000000000000000000 ) ) ;
#1777 = AXIS2_PLACEMENT_3D ( 'NONE', #8463, #8444, #8022 ) ;
#1778 = VERTEX_POINT ( 'NONE', #6474 ) ;
#1779 = LINE ( 'NONE', #6994, #1003 ) ;
#1780 = ORIENTED_EDGE ( 'NONE', *, *, #1376, .F. ) ;
#1781 = DIRECTION ( 'NONE',  ( -0.7256004157213685700, 0.0000000000000000000, -0.6881162959158700900 ) ) ;
#1782 = EDGE_CURVE ( 'NONE', #4808, #5563, #273, .T. ) ;
#1783 = LINE ( 'NONE', #8354, #2129 ) ;
#1784 = EDGE_LOOP ( 'NONE', ( #4935, #5191, #2259, #6127 ) ) ;
#1785 = CYLINDRICAL_SURFACE ( 'NONE', #4186, 0.2999999999999999300 ) ;
#1786 = CARTESIAN_POINT ( 'NONE',  ( 0.0000000000000000000, -16.24500000000000100, 0.0000000000000000000 ) ) ;
#1787 = CARTESIAN_POINT ( 'NONE',  ( 4.549999999999999800, 8.500000000000000000, 6.576452044609999900 ) ) ;
#1788 = VERTEX_POINT ( 'NONE', #6520 ) ;
#1789 = CARTESIAN_POINT ( 'NONE',  ( 0.0000000000000000000, -1.399999999999999900, 0.0000000000000000000 ) ) ;
#1790 = VECTOR ( 'NONE', #2563, 1000.000000000000000 ) ;
#1791 = ORIENTED_EDGE ( 'NONE', *, *, #7320, .F. ) ;
#1792 = CIRCLE ( 'NONE', #4915, 0.09999999999999939500 ) ;
#1793 = EDGE_CURVE ( 'NONE', #3009, #3180, #503, .T. ) ;
#1794 = CARTESIAN_POINT ( 'NONE',  ( 0.0000000000000000000, -16.24500000000000100, 0.0000000000000000000 ) ) ;
#1795 = EDGE_CURVE ( 'NONE', #1485, #938, #8340, .T. ) ;
#1796 = AXIS2_PLACEMENT_3D ( 'NONE', #4918, #6133, #1602 ) ;
#1797 = ORIENTED_EDGE ( 'NONE', *, *, #1140, .T. ) ;
#1798 = CARTESIAN_POINT ( 'NONE',  ( 4.908578643762692400, 1.749999999999999600, -3.500000000000000900 ) ) ;
#1799 = DIRECTION ( 'NONE',  ( 0.0000000000000000000, 0.0000000000000000000, 1.000000000000000000 ) ) ;
#1800 = LINE ( 'NONE', #3196, #1790 ) ;
#1801 =( NAMED_UNIT ( * ) SI_UNIT ( $, .STERADIAN. ) SOLID_ANGLE_UNIT ( ) );
#1802 = VERTEX_POINT ( 'NONE', #6114 ) ;
#1803 = ADVANCED_FACE ( 'NONE', ( #8428 ), #8084, .T. ) ;
#1804 = DIRECTION ( 'NONE',  ( 0.0000000000000000000, 0.0000000000000000000, -1.000000000000000000 ) ) ;
#1805 = CIRCLE ( 'NONE', #5542, 0.2000000000000005100 ) ;
#1806 = EDGE_CURVE ( 'NONE', #3415, #6099, #8250, .T. ) ;
#1807 = LINE ( 'NONE', #1544, #1341 ) ;
#1808 = ORIENTED_EDGE ( 'NONE', *, *, #3876, .T. ) ;
#1809 = LINE ( 'NONE', #8435, #1690 ) ;
#1810 = EDGE_CURVE ( 'NONE', #938, #4888, #7741, .T. ) ;
#1811 =( NAMED_UNIT ( * ) PLANE_ANGLE_UNIT ( ) SI_UNIT ( $, .RADIAN. ) );
#1813 = ORIENTED_EDGE ( 'NONE', *, *, #437, .F. ) ;
#1812 = AXIS2_PLACEMENT_3D ( 'NONE', #6449, #3328, #3356 ) ;
#1814 = LINE ( 'NONE', #6020, #8335 ) ;
#1815 = CARTESIAN_POINT ( 'NONE',  ( -4.949999999999999300, 1.791421356237310000, -3.000000000000000000 ) ) ;
#1816 = CARTESIAN_POINT ( 'NONE',  ( 4.650000000000000400, 4.500000000000000900, -3.399999999999999900 ) ) ;
#1817 = CARTESIAN_POINT ( 'NONE',  ( 4.950000000000000200, 1.850000000000000100, -3.000000000000000000 ) ) ;
#1818 = CIRCLE ( 'NONE', #2067, 0.7000000000000000700 ) ;
#1819 = ORIENTED_EDGE ( 'NONE', *, *, #205, .T. ) ;
#1820 = LINE ( 'NONE', #2576, #655 ) ;
#1821 = EDGE_CURVE ( 'NONE', #6099, #1440, #7333, .T. ) ;
#1822 = ADVANCED_FACE ( 'NONE', ( #7551 ), #6836, .T. ) ;
#1823 = EDGE_LOOP ( 'NONE', ( #2127, #6007, #226, #3184 ) ) ;
#1824 = EDGE_CURVE ( 'NONE', #2615, #1440, #6938, .T. ) ;
#1825 = CARTESIAN_POINT ( 'NONE',  ( -2.899999999999999900, 2.946173311192998900, 9.923000000000000000 ) ) ;
#1826 = DIRECTION ( 'NONE',  ( 0.0000000000000000000, 0.0000000000000000000, 1.000000000000000000 ) ) ;
#1827 = DIRECTION ( 'NONE',  ( -0.0000000000000000000, -1.000000000000000000, -0.0000000000000000000 ) ) ;
#1828 =( LENGTH_UNIT ( ) NAMED_UNIT ( * ) SI_UNIT ( .MILLI., .METRE. ) );
#1829 = LINE ( 'NONE', #1955, #3662 ) ;
#1830 = CARTESIAN_POINT ( 'NONE',  ( -2.000000000000000000, 0.0000000000000000000, 6.299999999999999800 ) ) ;
#1831 = AXIS2_PLACEMENT_3D ( 'NONE', #6040, #2217, #6655 ) ;
#1832 = LINE ( 'NONE', #98, #301 ) ;
#1833 = FACE_OUTER_BOUND ( 'NONE', #1033, .T. ) ;
#1834 = ORIENTED_EDGE ( 'NONE', *, *, #402, .T. ) ;
#1835 = EDGE_CURVE ( 'NONE', #938, #5563, #7832, .T. ) ;
#1836 = VERTEX_POINT ( 'NONE', #5523 ) ;
#1837 = AXIS2_PLACEMENT_3D ( 'NONE', #1384, #2414, #2943 ) ;
#1838 = DIRECTION ( 'NONE',  ( 0.0000000000000000000, 1.000000000000000000, -0.0000000000000000000 ) ) ;
#1839 = EDGE_CURVE ( 'NONE', #4669, #2615, #7241, .T. ) ;
#1840 = EDGE_CURVE ( 'NONE', #6622, #4669, #7041, .T. ) ;
#1841 = VECTOR ( 'NONE', #8349, 1000.000000000000000 ) ;
#1842 = ORIENTED_EDGE ( 'NONE', *, *, #2121, .F. ) ;
#1843 = DIRECTION ( 'NONE',  ( 0.0000000000000000000, 0.0000000000000000000, -1.000000000000000000 ) ) ;
#1844 = ORIENTED_EDGE ( 'NONE', *, *, #8114, .F. ) ;
#1845 = CARTESIAN_POINT ( 'NONE',  ( 3.000000000000000000, -0.4000000000000000200, -4.200000000000000200 ) ) ;
#1846 = DIRECTION ( 'NONE',  ( -0.0000000000000000000, -0.0000000000000000000, 1.000000000000000000 ) ) ;
#1847 = CARTESIAN_POINT ( 'NONE',  ( 0.0000000000000000000, 0.1000000000000000100, 10.00000000000000000 ) ) ;
#1848 = VERTEX_POINT ( 'NONE', #5203 ) ;
#1849 = AXIS2_PLACEMENT_3D ( 'NONE', #2688, #2784, #2623 ) ;
#1850 = ORIENTED_EDGE ( 'NONE', *, *, #2090, .T. ) ;
#1851 = CARTESIAN_POINT ( 'NONE',  ( 1.899999999999999900, 4.700000000000000200, -3.200000000000000200 ) ) ;
#1852 = CARTESIAN_POINT ( 'NONE',  ( 4.949999999999999300, 1.849999999999999900, -3.040862861003021900 ) ) ;
#1853 = CARTESIAN_POINT ( 'NONE',  ( -3.000000000000000000, 4.700000000000000200, 2.500000000000000000 ) ) ;
#1854 = EDGE_CURVE ( 'NONE', #5827, #7423, #6086, .T. ) ;
#1855 = ADVANCED_FACE ( 'NONE', ( #6473, #6182 ), #4837, .F. ) ;
#1856 = DIRECTION ( 'NONE',  ( 0.0000000000000000000, 0.0000000000000000000, 1.000000000000000000 ) ) ;
#1857 = CARTESIAN_POINT ( 'NONE',  ( -4.850000000000000500, 8.000000000000000000, 7.949999999999998400 ) ) ;
#1858 = CARTESIAN_POINT ( 'NONE',  ( -0.6995649517246270700, 6.250000000000000000, -4.224675459844153400 ) ) ;
#1859 = ORIENTED_EDGE ( 'NONE', *, *, #5454, .T. ) ;
#1860 = SURFACE_STYLE_USAGE ( .BOTH. , #1868 ) ;
#1861 = CARTESIAN_POINT ( 'NONE',  ( -4.400000000000000400, 0.0000000000000000000, 0.0000000000000000000 ) ) ;
#1862 = ORIENTED_EDGE ( 'NONE', *, *, #916, .T. ) ;
#1863 = LINE ( 'NONE', #4099, #1624 ) ;
#1864 = CARTESIAN_POINT ( 'NONE',  ( 4.950000000000000200, 1.865528468676967300, -3.077118860439028900 ) ) ;
#1865 = EDGE_CURVE ( 'NONE', #8183, #7423, #6654, .T. ) ;
#1866 = PLANE ( 'NONE',  #7506 ) ;
#1867 = VERTEX_POINT ( 'NONE', #4747 ) ;
#1868 = SURFACE_SIDE_STYLE ('',( #218 ) ) ;
#1869 = CARTESIAN_POINT ( 'NONE',  ( 2.100000000000000100, 3.246173311193000000, 13.19999999999999900 ) ) ;
#1870 = ORIENTED_EDGE ( 'NONE', *, *, #205, .F. ) ;
#1871 = ORIENTED_EDGE ( 'NONE', *, *, #3811, .T. ) ;
#1872 = EDGE_CURVE ( 'NONE', #6316, #6113, #5803, .T. ) ;
#1873 = DIRECTION ( 'NONE',  ( -1.000000000000000000, 0.0000000000000000000, -0.0000000000000000000 ) ) ;
#1874 = AXIS2_PLACEMENT_3D ( 'NONE', #5678, #2508, #6888 ) ;
#1875 = CIRCLE ( 'NONE', #5719, 0.5999999999999998700 ) ;
#1876 = CARTESIAN_POINT ( 'NONE',  ( 4.950000000000001100, 1.959471187491559100, -3.149672202029248700 ) ) ;
#1877 = ORIENTED_EDGE ( 'NONE', *, *, #1309, .T. ) ;
#1878 = CARTESIAN_POINT ( 'NONE',  ( 3.735172737399427100E-016, -1.199999999999999700, -3.049999999999999800 ) ) ;
#1879 = EDGE_CURVE ( 'NONE', #6869, #1116, #5900, .T. ) ;
#1880 = ORIENTED_EDGE ( 'NONE', *, *, #1074, .T. ) ;
#1881 = EDGE_CURVE ( 'NONE', #5868, #7094, #5705, .T. ) ;
#1882 = CARTESIAN_POINT ( 'NONE',  ( -0.5000000000000000000, 4.049999999999999800, 0.8700000000003262900 ) ) ;
#1883 = PLANE ( 'NONE',  #5135 ) ;
#1884 = CARTESIAN_POINT ( 'NONE',  ( 4.950000000000000200, 1.922339496967068900, -3.135013173916935800 ) ) ;
#1885 = CARTESIAN_POINT ( 'NONE',  ( -3.250000000000000400, 3.246173311193000000, 9.377564394267999100 ) ) ;
#1886 = AXIS2_PLACEMENT_3D ( 'NONE', #4612, #2020, #6498 ) ;
#1887 = CARTESIAN_POINT ( 'NONE',  ( -2.553999999999999400, -1.600000000000000300, 4.447127141081132600 ) ) ;
#1888 = ORIENTED_EDGE ( 'NONE', *, *, #2207, .T. ) ;
#1889 = AXIS2_PLACEMENT_3D ( 'NONE', #807, #611, #477 ) ;
#1890 = CARTESIAN_POINT ( 'NONE',  ( -4.908578643762692400, 8.000000000000000000, 7.949999999999999300 ) ) ;
#1891 = EDGE_CURVE ( 'NONE', #4206, #5776, #5505, .T. ) ;
#1892 = VECTOR ( 'NONE', #4460, 1000.000000000000000 ) ;
#1893 = FILL_AREA_STYLE ('',( #2263 ) ) ;
#1894 = VECTOR ( 'NONE', #6055, 1000.000000000000000 ) ;
#1895 = CARTESIAN_POINT ( 'NONE',  ( -3.426841792156415600, -1.600000000000000100, 4.491512032291934600 ) ) ;
#1896 = EDGE_CURVE ( 'NONE', #403, #6041, #5126, .T. ) ;
#1897 = DIRECTION ( 'NONE',  ( 0.0000000000000000000, 0.0000000000000000000, -1.000000000000000000 ) ) ;
#1898 = ORIENTED_EDGE ( 'NONE', *, *, #675, .F. ) ;
#1899 = ORIENTED_EDGE ( 'NONE', *, *, #1708, .F. ) ;
#1900 = VECTOR ( 'NONE', #6039, 1000.000000000000000 ) ;
#1901 = CYLINDRICAL_SURFACE ( 'NONE', #1164, 0.2999999999999999300 ) ;
#1902 = EDGE_LOOP ( 'NONE', ( #8461, #3560, #7712, #1092 ) ) ;
#1903 = VECTOR ( 'NONE', #1637, 1000.000000000000000 ) ;
#1904 = DIRECTION ( 'NONE',  ( 0.0000000000000000000, 0.0000000000000000000, 1.000000000000000000 ) ) ;
#1905 = DIRECTION ( 'NONE',  ( 0.0000000000000000000, 0.0000000000000000000, -1.000000000000000000 ) ) ;
#1906 = DIRECTION ( 'NONE',  ( 1.000000000000000000, 0.0000000000000000000, 0.0000000000000000000 ) ) ;
#1907 = CARTESIAN_POINT ( 'NONE',  ( -4.125818495846234900, 6.066666666666669100, 12.53267227274353600 ) ) ;
#1908 = VERTEX_POINT ( 'NONE', #4141 ) ;
#1909 = LINE ( 'NONE', #8351, #1570 ) ;
#1910 = DIRECTION ( 'NONE',  ( 0.0000000000000000000, 1.000000000000000000, 0.0000000000000000000 ) ) ;
#1911 = AXIS2_PLACEMENT_3D ( 'NONE', #1738, #8358, #1409 ) ;
#1912 = LINE ( 'NONE', #2597, #1672 ) ;
#1913 = EDGE_CURVE ( 'NONE', #7094, #403, #5314, .T. ) ;
#1914 = LINE ( 'NONE', #2646, #2017 ) ;
#1915 = FACE_OUTER_BOUND ( 'NONE', #7302, .T. ) ;
#1916 = EDGE_CURVE ( 'NONE', #8098, #630, #4819, .T. ) ;
#1917 = DIRECTION ( 'NONE',  ( -0.0000000000000000000, 1.000000000000000000, -0.0000000000000000000 ) ) ;
#1918 = CARTESIAN_POINT ( 'NONE',  ( 4.549999999999999800, 0.0000000000000000000, -5.500000000000000000 ) ) ;
#1919 = AXIS2_PLACEMENT_3D ( 'NONE', #8314, #4654, #550 ) ;
#1920 = ORIENTED_EDGE ( 'NONE', *, *, #5, .T. ) ;
#1921 = DIRECTION ( 'NONE',  ( 0.0000000000000000000, 0.0000000000000000000, -1.000000000000000000 ) ) ;
#1922 = VECTOR ( 'NONE', #3051, 1000.000000000000000 ) ;
#1923 = DIRECTION ( 'NONE',  ( 0.0000000000000000000, 0.0000000000000000000, -1.000000000000000000 ) ) ;
#1924 = ORIENTED_EDGE ( 'NONE', *, *, #4205, .T. ) ;
#1925 = CARTESIAN_POINT ( 'NONE',  ( -2.755692696272359600, -1.600000000000000300, 3.735972283330321700 ) ) ;
#1926 = CYLINDRICAL_SURFACE ( 'NONE', #6217, 1.003444069194000100 ) ;
#1927 = DIRECTION ( 'NONE',  ( 0.0000000000000000000, 0.0000000000000000000, -1.000000000000000000 ) ) ;
#1928 = B_SPLINE_CURVE_WITH_KNOTS ( 'NONE', 3,
 ( #2075, #2106, #1907, #1614 ),
 .UNSPECIFIED., .F., .F.,
 ( 4, 4 ),
 ( 0.0000000000000000000, 1.000000000000000000 ),
 .UNSPECIFIED. ) ;
#1929 = DIRECTION ( 'NONE',  ( -0.0000000000000000000, 1.000000000000000000, -0.0000000000000000000 ) ) ;
#1930 = CARTESIAN_POINT ( 'NONE',  ( -4.850000000000000500, 4.423606797749999800, -5.500000000000000000 ) ) ;
#1931 = ORIENTED_EDGE ( 'NONE', *, *, #5655, .F. ) ;
#1932 = CARTESIAN_POINT ( 'NONE',  ( -3.360603064846495500, -1.494789755157234700, 4.926709603860684800 ) ) ;
#1933 = EDGE_CURVE ( 'NONE', #403, #8098, #4508, .T. ) ;
#1934 = EDGE_LOOP ( 'NONE', ( #452, #3319, #7432, #2068 ) ) ;
#1935 = DIRECTION ( 'NONE',  ( -0.0000000000000000000, 1.000000000000000000, -0.0000000000000000000 ) ) ;
#1936 = EDGE_CURVE ( 'NONE', #8225, #6542, #4316, .T. ) ;
#1937 = FACE_OUTER_BOUND ( 'NONE', #5144, .T. ) ;
#1938 = ADVANCED_FACE ( 'NONE', ( #4124 ), #3567, .T. ) ;
#1939 = CARTESIAN_POINT ( 'NONE',  ( 3.446000000000000200, -1.600000000000000300, -4.210303021212257400 ) ) ;
#1940 = FACE_OUTER_BOUND ( 'NONE', #4615, .T. ) ;
#1941 = VERTEX_POINT ( 'NONE', #3699 ) ;
#1942 = CARTESIAN_POINT ( 'NONE',  ( 0.0000000000000000000, -1.200000000000000000, 0.0000000000000000000 ) ) ;
#1943 = DIRECTION ( 'NONE',  ( -1.000000000000000000, 0.0000000000000000000, 0.0000000000000000000 ) ) ;
#1944 = VERTEX_POINT ( 'NONE', #3677 ) ;
#1945 = EDGE_CURVE ( 'NONE', #6534, #2937, #3659, .T. ) ;
#1946 = EDGE_CURVE ( 'NONE', #8098, #6534, #3840, .T. ) ;
#1947 = CYLINDRICAL_SURFACE ( 'NONE', #3510, 2.239370392146000200 ) ;
#1948 = CARTESIAN_POINT ( 'NONE',  ( -4.850000000000001400, 0.0000000000000000000, -5.500000000000000000 ) ) ;
#1949 = CIRCLE ( 'NONE', #2884, 0.2000000000000005100 ) ;
#1950 = ORIENTED_EDGE ( 'NONE', *, *, #2798, .T. ) ;
#1951 = AXIS2_PLACEMENT_3D ( 'NONE', #7764, #4028, #8310 ) ;
#1952 = VECTOR ( 'NONE', #3056, 1000.000000000000000 ) ;
#1953 = ORIENTED_EDGE ( 'NONE', *, *, #4766, .F. ) ;
#1954 = AXIS2_PLACEMENT_3D ( 'NONE', #1692, #1406, #1529 ) ;
#1955 = CARTESIAN_POINT ( 'NONE',  ( -4.549999999999999800, -0.4000000000000000200, -4.599999999999999600 ) ) ;
#1956 = DIRECTION ( 'NONE',  ( -1.000000000000000000, 0.0000000000000000000, 0.0000000000000000000 ) ) ;
#1957 = LINE ( 'NONE', #3068, #5221 ) ;
#1958 = EDGE_CURVE ( 'NONE', #6534, #2310, #3760, .T. ) ;
#1959 = VECTOR ( 'NONE', #3171, 1000.000000000000000 ) ;
#1960 = VERTEX_POINT ( 'NONE', #3441 ) ;
#1961 = EDGE_CURVE ( 'NONE', #2325, #289, #2939, .T. ) ;
#1962 = DIRECTION ( 'NONE',  ( -0.0000000000000000000, 0.0000000000000000000, -1.000000000000000000 ) ) ;
#1963 = CARTESIAN_POINT ( 'NONE',  ( 0.0000000000000000000, 4.700000000000000200, -0.5000000000000000000 ) ) ;
#1964 = CARTESIAN_POINT ( 'NONE',  ( 2.553999999999999800, -1.600000000000000100, -4.200000000000000200 ) ) ;
#1965 = ORIENTED_EDGE ( 'NONE', *, *, #817, .F. ) ;
#1966 = DIRECTION ( 'NONE',  ( -0.0000000000000000000, -0.0000000000000000000, 1.000000000000000000 ) ) ;
#1967 = EDGE_CURVE ( 'NONE', #5742, #4559, #4029, .T. ) ;
#1968 = ORIENTED_EDGE ( 'NONE', *, *, #890, .T. ) ;
#1969 = EDGE_LOOP ( 'NONE', ( #7263, #1844, #4418, #8266 ) ) ;
#1970 = PLANE ( 'NONE',  #3602 ) ;
#1971 = EDGE_CURVE ( 'NONE', #5858, #4513, #2732, .T. ) ;
#1972 = EDGE_CURVE ( 'NONE', #1788, #4883, #2302, .T. ) ;
#1973 = CARTESIAN_POINT ( 'NONE',  ( 0.0000000000000000000, -1.100000000000000300, 2.239370392146000200 ) ) ;
#1974 = EDGE_CURVE ( 'NONE', #1632, #1788, #2066, .T. ) ;
#1975 = CARTESIAN_POINT ( 'NONE',  ( -6.840226191709001000, -1.200000000000000000, -1.500000000000000000 ) ) ;
#1976 = AXIS2_PLACEMENT_3D ( 'NONE', #6611, #6589, #6564 ) ;
#1977 = VERTEX_POINT ( 'NONE', #3116 ) ;
#1978 = VERTEX_POINT ( 'NONE', #2844 ) ;
#1979 = CYLINDRICAL_SURFACE ( 'NONE', #5551, 3.049999999999999800 ) ;
#1980 = DIRECTION ( 'NONE',  ( -0.0000000000000000000, 1.000000000000000000, -0.0000000000000000000 ) ) ;
#1981 = EDGE_CURVE ( 'NONE', #7908, #70, #1244, .T. ) ;
#1982 = DIRECTION ( 'NONE',  ( 0.0000000000000000000, -1.000000000000000000, 0.0000000000000000000 ) ) ;
#1983 = ADVANCED_FACE ( 'NONE', ( #2420 ), #891, .T. ) ;
#1984 = CARTESIAN_POINT ( 'NONE',  ( 3.673940397442059900E-016, -2.600000000000000500, -3.000000000000000000 ) ) ;
#1985 = CARTESIAN_POINT ( 'NONE',  ( 4.950000000000000200, 8.000000001011500200, 8.050000000000000700 ) ) ;
#1986 = ORIENTED_EDGE ( 'NONE', *, *, #1891, .F. ) ;
#1987 = ORIENTED_EDGE ( 'NONE', *, *, #1444, .F. ) ;
#1988 = EDGE_CURVE ( 'NONE', #915, #7012, #1132, .T. ) ;
#1989 = ORIENTED_EDGE ( 'NONE', *, *, #5324, .T. ) ;
#1990 = CARTESIAN_POINT ( 'NONE',  ( 4.850000000000000500, 8.000000000000000000, 7.950000000000000200 ) ) ;
#1991 = LINE ( 'NONE', #8171, #2223 ) ;
#1992 = DIRECTION ( 'NONE',  ( 0.0000000000000000000, 1.000000000000000000, 0.0000000000000000000 ) ) ;
#1993 = EDGE_CURVE ( 'NONE', #7178, #8370, #1820, .T. ) ;
#1994 = DIRECTION ( 'NONE',  ( 0.0000000000000000000, 1.300001772897027000E-010, 1.000000000000000000 ) ) ;
#1995 = AXIS2_PLACEMENT_3D ( 'NONE', #4742, #654, #5387 ) ;
#1996 = PLANE ( 'NONE',  #3502 ) ;
#1997 = ORIENTED_EDGE ( 'NONE', *, *, #141, .F. ) ;
#1998 = FACE_OUTER_BOUND ( 'NONE', #7043, .T. ) ;
#1999 = ORIENTED_EDGE ( 'NONE', *, *, #955, .F. ) ;
#2000 = CARTESIAN_POINT ( 'NONE',  ( 4.950000000000000200, 8.000000000000000000, 8.349999999999999600 ) ) ;
#2001 = ORIENTED_EDGE ( 'NONE', *, *, #3388, .F. ) ;
#2002 = EDGE_CURVE ( 'NONE', #1788, #915, #1014, .T. ) ;
#2003 = DIRECTION ( 'NONE',  ( -1.000000000000000000, -0.0000000000000000000, 0.0000000000000000000 ) ) ;
#2004 = DIRECTION ( 'NONE',  ( 0.0000000000000000000, -1.000000000000000000, 1.300003438231556200E-010 ) ) ;
#2005 = CARTESIAN_POINT ( 'NONE',  ( -3.250000000000000400, 2.946173311193000200, 6.299999999999999800 ) ) ;
#2006 = EDGE_CURVE ( 'NONE', #1848, #8225, #766, .T. ) ;
#2007 = AXIS2_PLACEMENT_3D ( 'NONE', #4280, #5559, #109 ) ;
#2008 = ORIENTED_EDGE ( 'NONE', *, *, #274, .T. ) ;
#2009 = EDGE_LOOP ( 'NONE', ( #1013, #4841, #4139, #2209 ) ) ;
#2010 = FACE_OUTER_BOUND ( 'NONE', #2647, .T. ) ;
#2011 = DIRECTION ( 'NONE',  ( 1.000000000000000000, 0.0000000000000000000, 0.0000000000000000000 ) ) ;
#2012 = EDGE_CURVE ( 'NONE', #915, #2469, #531, .T. ) ;
#2013 = VERTEX_POINT ( 'NONE', #2271 ) ;
#2014 = EDGE_CURVE ( 'NONE', #7691, #6622, #3342, .T. ) ;
#2015 = ORIENTED_EDGE ( 'NONE', *, *, #3112, .T. ) ;
#2016 = CARTESIAN_POINT ( 'NONE',  ( -4.400000000000000400, 4.049999999999999800, 0.0000000000000000000 ) ) ;
#2017 = VECTOR ( 'NONE', #2649, 1000.000000000000000 ) ;
#2018 = ORIENTED_EDGE ( 'NONE', *, *, #36, .T. ) ;
#2019 = FACE_OUTER_BOUND ( 'NONE', #2709, .T. ) ;
#2020 = DIRECTION ( 'NONE',  ( 0.0000000000000000000, 0.0000000000000000000, 1.000000000000000000 ) ) ;
#2021 = AXIS2_PLACEMENT_3D ( 'NONE', #3333, #1203, #5832 ) ;
#2022 = DIRECTION ( 'NONE',  ( 0.0000000000000000000, 0.0000000000000000000, -1.000000000000000000 ) ) ;
#2023 = DIRECTION ( 'NONE',  ( 0.0000000000000000000, -1.000000000000000000, 0.0000000000000000000 ) ) ;
#2024 = EDGE_CURVE ( 'NONE', #1485, #5802, #4997, .T. ) ;
#2025 = ORIENTED_EDGE ( 'NONE', *, *, #7394, .T. ) ;
#2026 = CARTESIAN_POINT ( 'NONE',  ( 4.400000000000000400, 4.700000000000000200, 3.200000000000000200 ) ) ;
#2027 = CIRCLE ( 'NONE', #762, 1.000000000000000900 ) ;
#2028 = CARTESIAN_POINT ( 'NONE',  ( -4.850000000000000500, 2.750000000077999800, 8.050000000000000700 ) ) ;
#2030 = ORIENTED_EDGE ( 'NONE', *, *, #2474, .F. ) ;
#2029 = DIRECTION ( 'NONE',  ( -1.000000000000000000, -0.0000000000000000000, 0.0000000000000000000 ) ) ;
#2031 = DIRECTION ( 'NONE',  ( -0.6881162959158699800, 0.0000000000000000000, -0.7256004157213684600 ) ) ;
#2032 = LINE ( 'NONE', #1162, #1673 ) ;
#2033 = DIRECTION ( 'NONE',  ( -1.000000000000000000, -0.0000000000000000000, 0.0000000000000000000 ) ) ;
#2034 = VERTEX_POINT ( 'NONE', #1878 ) ;
#2035 = VECTOR ( 'NONE', #2043, 1000.000000000000000 ) ;
#2036 = EDGE_CURVE ( 'NONE', #2469, #7691, #3133, .T. ) ;
#2037 = EDGE_CURVE ( 'NONE', #5724, #4669, #8055, .T. ) ;
#2038 = ORIENTED_EDGE ( 'NONE', *, *, #963, .T. ) ;
#2039 = ADVANCED_FACE ( 'NONE', ( #6528 ), #1573, .T. ) ;
#2040 = CARTESIAN_POINT ( 'NONE',  ( -4.908578643762691500, 1.750000000000001600, 7.449999999999999300 ) ) ;
#2041 = FACE_OUTER_BOUND ( 'NONE', #2761, .T. ) ;
#2042 = AXIS2_PLACEMENT_3D ( 'NONE', #76, #52, #40 ) ;
#2043 = DIRECTION ( 'NONE',  ( 0.0000000000000000000, 1.000000000000000000, 0.0000000000000000000 ) ) ;
#2044 = EDGE_LOOP ( 'NONE', ( #4066, #8394, #3497, #6264 ) ) ;
#2045 = CARTESIAN_POINT ( 'NONE',  ( 4.850000000000000500, 4.423606797749989100, -4.599999999999999600 ) ) ;
#2046 = CARTESIAN_POINT ( 'NONE',  ( -5.232842712474169200, 7.242598846298325700, 13.69999999999954500 ) ) ;
#2047 = ORIENTED_EDGE ( 'NONE', *, *, #2101, .F. ) ;
#2048 = VECTOR ( 'NONE', #588, 1000.000000000000000 ) ;
#2049 = EDGE_LOOP ( 'NONE', ( #1986, #4933, #8332, #3398 ) ) ;
#2050 = DIRECTION ( 'NONE',  ( -0.0000000000000000000, 1.000000000000000000, 0.0000000000000000000 ) ) ;
#2051 = EDGE_CURVE ( 'NONE', #1848, #2813, #4573, .T. ) ;
#2052 = DIRECTION ( 'NONE',  ( 0.0000000000000000000, -1.000000000000000000, 0.0000000000000000000 ) ) ;
#2053 = FACE_OUTER_BOUND ( 'NONE', #1450, .T. ) ;
#2054 = ORIENTED_EDGE ( 'NONE', *, *, #327, .T. ) ;
#2055 = VECTOR ( 'NONE', #8223, 1000.000000000000000 ) ;
#2056 = ORIENTED_EDGE ( 'NONE', *, *, #1356, .F. ) ;
#2057 = CARTESIAN_POINT ( 'NONE',  ( 4.549999999999998900, 0.09999999999999996400, 10.00000000000000000 ) ) ;
#2058 = LINE ( 'NONE', #624, #7133 ) ;
#2059 = VECTOR ( 'NONE', #7928, 1000.000000000000000 ) ;
#2060 = DIRECTION ( 'NONE',  ( 0.0000000000000000000, 1.000000000000000000, 0.0000000000000000000 ) ) ;
#2061 = EDGE_CURVE ( 'NONE', #7691, #5724, #7889, .T. ) ;
#2062 = CIRCLE ( 'NONE', #41, 0.1499999999999999900 ) ;
#2063 = ORIENTED_EDGE ( 'NONE', *, *, #1062, .T. ) ;
#2064 = DIRECTION ( 'NONE',  ( -0.0000000000000000000, 1.000000000000000000, 0.0000000000000000000 ) ) ;
#2065 = CARTESIAN_POINT ( 'NONE',  ( -0.5000000000000000000, 4.049999999999999800, -2.500000000000000000 ) ) ;
#2066 = LINE ( 'NONE', #2962, #1714 ) ;
#2068 = ORIENTED_EDGE ( 'NONE', *, *, #3761, .F. ) ;
#2067 = AXIS2_PLACEMENT_3D ( 'NONE', #2395, #6781, #3080 ) ;
#2069 = LINE ( 'NONE', #5175, #6941 ) ;
#2070 = CARTESIAN_POINT ( 'NONE',  ( 3.872003062062999900, 41.88643412431000000, 12.39394909638000000 ) ) ;
#2071 = DIRECTION ( 'NONE',  ( 0.0000000000000000000, 0.0000000000000000000, -1.000000000000000000 ) ) ;
#2072 = DIRECTION ( 'NONE',  ( 0.0000000000000000000, 1.000000000000000000, 0.0000000000000000000 ) ) ;
#2073 = FACE_OUTER_BOUND ( 'NONE', #574, .T. ) ;
#2074 = VERTEX_POINT ( 'NONE', #1319 ) ;
#2075 = CARTESIAN_POINT ( 'NONE',  ( -4.125720662159555900, 7.400000000000002100, 12.53256902702200300 ) ) ;
#2076 = EDGE_CURVE ( 'NONE', #8366, #2615, #7496, .T. ) ;
#2077 = ORIENTED_EDGE ( 'NONE', *, *, #1745, .F. ) ;
#2078 = EDGE_CURVE ( 'NONE', #5724, #8366, #6931, .T. ) ;
#2079 = CARTESIAN_POINT ( 'NONE',  ( -0.1000000000000000100, 2.946173311192998400, 13.19999999999999900 ) ) ;
#2080 = ORIENTED_CLOSED_SHELL ( 'NONE', *, #3528, .F. );
#2081 = CARTESIAN_POINT ( 'NONE',  ( -2.600000000000000500, 41.88643412431000000, 13.50000000000000000 ) ) ;
#2082 = LINE ( 'NONE', #553, #5721 ) ;
#2083 = VERTEX_POINT ( 'NONE', #1353 ) ;
#2084 = CARTESIAN_POINT ( 'NONE',  ( -4.400000000000000400, 4.049999999999999800, -3.200000000000000200 ) ) ;
#2085 = EDGE_CURVE ( 'NONE', #4657, #6316, #3837, .T. ) ;
#2086 = ADVANCED_FACE ( 'NONE', ( #978 ), #994, .F. ) ;
#2087 = DIRECTION ( 'NONE',  ( -0.0000000000000000000, -1.000000000000000000, -0.0000000000000000000 ) ) ;
#2088 = ORIENTED_EDGE ( 'NONE', *, *, #5473, .F. ) ;
#2089 = EDGE_CURVE ( 'NONE', #1440, #3889, #2058, .T. ) ;
#2090 = EDGE_CURVE ( 'NONE', #8366, #3889, #20, .T. ) ;
#2091 = CARTESIAN_POINT ( 'NONE',  ( -1.899999999999999900, 4.049999999999999800, -4.799999999999999800 ) ) ;
#2092 = PLANE ( 'NONE',  #7140 ) ;
#2093 = ORIENTED_EDGE ( 'NONE', *, *, #4630, .F. ) ;
#2094 = DIRECTION ( 'NONE',  ( -1.000000000000000000, -0.0000000000000000000, -0.0000000000000000000 ) ) ;
#2095 = CARTESIAN_POINT ( 'NONE',  ( 0.0000000000000000000, -0.4000000000000000200, 0.0000000000000000000 ) ) ;
#2096 = CARTESIAN_POINT ( 'NONE',  ( -4.950000000000000200, 2.150000000000001700, -3.300000000000001600 ) ) ;
#2097 = ORIENTED_EDGE ( 'NONE', *, *, #3682, .T. ) ;
#2098 = AXIS2_PLACEMENT_3D ( 'NONE', #7934, #6956, #6937 ) ;
#2099 = DIRECTION ( 'NONE',  ( 0.0000000000000000000, -1.000000000000000000, 0.0000000000000000000 ) ) ;
#2100 = VERTEX_POINT ( 'NONE', #589 ) ;
#2101 = EDGE_CURVE ( 'NONE', #7908, #3961, #37, .T. ) ;
#2102 = EDGE_CURVE ( 'NONE', #3889, #5339, #23, .T. ) ;
#2103 = EDGE_CURVE ( 'NONE', #6099, #5339, #257, .T. ) ;
#2104 = EDGE_LOOP ( 'NONE', ( #3314, #7513, #849, #4651 ) ) ;
#2105 = DIRECTION ( 'NONE',  ( 1.000000000000000000, 0.0000000000000000000, -0.0000000000000000000 ) ) ;
#2106 = CARTESIAN_POINT ( 'NONE',  ( -4.125769585891047700, 6.733333333333336900, 12.53262064336439600 ) ) ;
#2107 = LINE ( 'NONE', #4177, #1737 ) ;
#2108 = AXIS2_PLACEMENT_3D ( 'NONE', #1761, #1733, #1707 ) ;
#2109 = B_SPLINE_CURVE_WITH_KNOTS ( 'NONE', 3,
 ( #1817, #1852, #1864, #1884, #1876, #1724, #1565, #1706, #1653, #1553 ),
 .UNSPECIFIED., .F., .F.,
 ( 4, 2, 2, 2, 4 ),
 ( 0.0000000000000000000, 0.2500000000000013300, 0.5000000000000026600, 0.7500000000000013300, 1.000000000000000000 ),
 .UNSPECIFIED. ) ;
#2110 = CARTESIAN_POINT ( 'NONE',  ( 4.400000000000000400, 0.0000000000000000000, 5.500000000000000000 ) ) ;
#2111 = EDGE_CURVE ( 'NONE', #3039, #431, #1832, .T. ) ;
#2112 = ORIENTED_EDGE ( 'NONE', *, *, #1555, .F. ) ;
#2113 = VERTEX_POINT ( 'NONE', #8111 ) ;
#2114 = VERTEX_POINT ( 'NONE', #8136 ) ;
#2115 = CARTESIAN_POINT ( 'NONE',  ( -18.87591023243999900, 0.0000000000000000000, 9.900000000000000400 ) ) ;
#2116 = AXIS2_PLACEMENT_3D ( 'NONE', #3032, #1943, #1419 ) ;
#2117 = CARTESIAN_POINT ( 'NONE',  ( -4.549999999999999800, 3.899999999999999900, -5.500000000000000000 ) ) ;
#2118 = EDGE_CURVE ( 'NONE', #5339, #6274, #7709, .T. ) ;
#2119 = ORIENTED_EDGE ( 'NONE', *, *, #583, .F. ) ;
#2120 = DIRECTION ( 'NONE',  ( 0.0000000000000000000, 1.000000000000000000, 0.0000000000000000000 ) ) ;
#2121 = EDGE_CURVE ( 'NONE', #4657, #7979, #5773, .T. ) ;
#2122 = CARTESIAN_POINT ( 'NONE',  ( -4.850000000000000500, 8.000000000000000000, 8.199999999999999300 ) ) ;
#2123 = ORIENTED_EDGE ( 'NONE', *, *, #2405, .T. ) ;
#2124 = CARTESIAN_POINT ( 'NONE',  ( 4.400000000000000400, 4.700000000000000200, 6.299999999999999800 ) ) ;
#2125 = DIRECTION ( 'NONE',  ( -1.000000000000000000, 0.0000000000000000000, 0.0000000000000000000 ) ) ;
#2126 = DIRECTION ( 'NONE',  ( 0.0000000000000000000, 0.0000000000000000000, -1.000000000000000000 ) ) ;
#2127 = ORIENTED_EDGE ( 'NONE', *, *, #8159, .T. ) ;
#2128 = ADVANCED_FACE ( 'NONE', ( #8158 ), #6035, .T. ) ;
#2129 = VECTOR ( 'NONE', #8319, 1000.000000000000000 ) ;
#2130 = VERTEX_POINT ( 'NONE', #7873 ) ;
#2131 = FACE_OUTER_BOUND ( 'NONE', #6166, .T. ) ;
#2132 = EDGE_CURVE ( 'NONE', #2172, #7423, #7410, .T. ) ;
#2133 = CARTESIAN_POINT ( 'NONE',  ( -4.549999999999999800, -0.4000000000000000200, 4.599999999999999600 ) ) ;
#2134 = EDGE_CURVE ( 'NONE', #3153, #6316, #47, .T. ) ;
#2135 = AXIS2_PLACEMENT_3D ( 'NONE', #6033, #2206, #6650 ) ;
#2136 = ORIENTED_EDGE ( 'NONE', *, *, #2002, .T. ) ;
#2137 = VERTEX_POINT ( 'NONE', #7456 ) ;
#2138 = LINE ( 'NONE', #7222, #5374 ) ;
#2139 = VECTOR ( 'NONE', #1846, 1000.000000000000000 ) ;
#2140 = VERTEX_POINT ( 'NONE', #7361 ) ;
#2141 = EDGE_CURVE ( 'NONE', #1569, #2172, #7196, .T. ) ;
#2142 = EDGE_CURVE ( 'NONE', #3009, #3456, #371, .T. ) ;
#2143 = CARTESIAN_POINT ( 'NONE',  ( 0.0000000000000000000, 0.0000000000000000000, 13.50000000000000000 ) ) ;
#2144 = ORIENTED_EDGE ( 'NONE', *, *, #6397, .T. ) ;
#2145 = CIRCLE ( 'NONE', #896, 0.09999999999999939500 ) ;
#2146 = CIRCLE ( 'NONE', #1072, 0.5000000000000004400 ) ;
#2147 = FACE_BOUND ( 'NONE', #5907, .T. ) ;
#2148 = ORIENTED_EDGE ( 'NONE', *, *, #5237, .F. ) ;
#2149 = LINE ( 'NONE', #2151, #150 ) ;
#2150 = DIRECTION ( 'NONE',  ( 0.0000000000000000000, 0.0000000000000000000, 1.000000000000000000 ) ) ;
#2151 = CARTESIAN_POINT ( 'NONE',  ( 2.100000000000000100, 2.946173311193000200, 6.299999999999999800 ) ) ;
#2152 = PLANE ( 'NONE',  #1325 ) ;
#2153 = EDGE_CURVE ( 'NONE', #7755, #5742, #4087, .T. ) ;
#2154 = CARTESIAN_POINT ( 'NONE',  ( -4.549999999999999800, -0.4000000000000000200, -5.500000000000000000 ) ) ;
#2155 = ORIENTED_EDGE ( 'NONE', *, *, #5614, .F. ) ;
#2156 = AXIS2_PLACEMENT_3D ( 'NONE', #2095, #1917, #1804 ) ;
#2157 = EDGE_CURVE ( 'NONE', #2172, #3456, #2138, .T. ) ;
#2158 = EDGE_LOOP ( 'NONE', ( #4585, #936, #4746, #5200 ) ) ;
#2159 = EDGE_CURVE ( 'NONE', #3456, #6483, #6997, .T. ) ;
#2160 = PLANE ( 'NONE',  #7522 ) ;
#2161 = CARTESIAN_POINT ( 'NONE',  ( 4.400000000000000400, -0.4000000000000000200, -5.500000000000000000 ) ) ;
#2162 = FACE_OUTER_BOUND ( 'NONE', #4515, .T. ) ;
#2163 = ORIENTED_EDGE ( 'NONE', *, *, #3614, .T. ) ;
#2164 = CARTESIAN_POINT ( 'NONE',  ( 0.0000000000000000000, -1.399999999999999900, -3.060000000000000100 ) ) ;
#2165 = CIRCLE ( 'NONE', #1034, 0.1000000000000000500 ) ;
#2166 = DIRECTION ( 'NONE',  ( -0.9428090415820780100, 0.0000000000000000000, 0.3333333333332922400 ) ) ;
#2167 = EDGE_LOOP ( 'NONE', ( #6602, #5131, #4047, #7142, #7154 ) ) ;
#2168 = VECTOR ( 'NONE', #3744, 1000.000000000000000 ) ;
#2169 = DIRECTION ( 'NONE',  ( -1.000000000000000000, 0.0000000000000000000, -0.0000000000000000000 ) ) ;
#2170 = EDGE_CURVE ( 'NONE', #3961, #3126, #3893, .T. ) ;
#2171 = CIRCLE ( 'NONE', #360, 3.049999999999999800 ) ;
#2172 = VERTEX_POINT ( 'NONE', #6826 ) ;
#2173 = EDGE_CURVE ( 'NONE', #7840, #6483, #6793, .T. ) ;
#2174 = ORIENTED_EDGE ( 'NONE', *, *, #3226, .T. ) ;
#2175 = DIRECTION ( 'NONE',  ( 1.000000000000000000, 0.0000000000000000000, -0.0000000000000000000 ) ) ;
#2176 = ADVANCED_FACE ( 'NONE', ( #8392 ), #8317, .F. ) ;
#2177 = DIRECTION ( 'NONE',  ( 8.673617379884013400E-015, 0.0000000000000000000, 1.000000000000000000 ) ) ;
#2178 = LINE ( 'NONE', #6066, #7035 ) ;
#2179 = FACE_OUTER_BOUND ( 'NONE', #7055, .T. ) ;
#2180 = ORIENTED_EDGE ( 'NONE', *, *, #4896, .F. ) ;
#2181 = CARTESIAN_POINT ( 'NONE',  ( -0.09999999999999999200, 3.246173311193000000, 13.50000000000000000 ) ) ;
#2182 = VECTOR ( 'NONE', #3324, 1000.000000000000000 ) ;
#2183 = DIRECTION ( 'NONE',  ( 0.0000000000000000000, 0.0000000000000000000, -1.000000000000000000 ) ) ;
#2184 = CARTESIAN_POINT ( 'NONE',  ( -2.000000000000000000, 1.500000000000000000, 6.299999999999999800 ) ) ;
#2185 = ORIENTED_EDGE ( 'NONE', *, *, #2188, .F. ) ;
#2186 = DIRECTION ( 'NONE',  ( 7.056026453497093000E-005, -0.9999999943099988600, -8.000781960138213200E-005 ) ) ;
#2187 = DIRECTION ( 'NONE',  ( 0.0000000000000000000, 0.0000000000000000000, 1.000000000000000000 ) ) ;
#2188 = EDGE_CURVE ( 'NONE', #6483, #1367, #3719, .T. ) ;
#2189 = VECTOR ( 'NONE', #1589, 1000.000000000000000 ) ;
#2190 = CARTESIAN_POINT ( 'NONE',  ( 5.021051876504147400E-016, 2.600000000000000500, 4.099999999999999600 ) ) ;
#2191 = DIRECTION ( 'NONE',  ( 1.000000000000000000, -0.0000000000000000000, 0.0000000000000000000 ) ) ;
#2192 = FACE_OUTER_BOUND ( 'NONE', #7678, .T. ) ;
#2193 = ORIENTED_EDGE ( 'NONE', *, *, #944, .F. ) ;
#2194 = AXIS2_PLACEMENT_3D ( 'NONE', #6560, #2796, #7169 ) ;
#2195 = ORIENTED_EDGE ( 'NONE', *, *, #9, .F. ) ;
#2196 = CARTESIAN_POINT ( 'NONE',  ( 4.949999999999999300, 2.150000000005269500, 7.801471862580963400 ) ) ;
#2197 = DIRECTION ( 'NONE',  ( -1.445602896647339500E-015, 0.0000000000000000000, 1.000000000000000000 ) ) ;
#2198 = EDGE_CURVE ( 'NONE', #3289, #1367, #3634, .T. ) ;
#2199 = VERTEX_POINT ( 'NONE', #5588 ) ;
#2200 = EDGE_CURVE ( 'NONE', #1367, #5849, #6718, .T. ) ;
#2201 = CARTESIAN_POINT ( 'NONE',  ( 4.400000000000000400, 4.700000000000000200, -5.500000000000000000 ) ) ;
#2202 = ORIENTED_EDGE ( 'NONE', *, *, #7377, .F. ) ;
#2203 = DIRECTION ( 'NONE',  ( -1.000000000000000000, 0.0000000000000000000, -0.0000000000000000000 ) ) ;
#2204 = AXIS2_PLACEMENT_3D ( 'NONE', #2425, #5627, #1698 ) ;
#2205 = DIRECTION ( 'NONE',  ( 0.0000000000000000000, 0.0000000000000000000, 1.000000000000000000 ) ) ;
#2206 = DIRECTION ( 'NONE',  ( 0.0000000000000000000, -1.000000000000000000, 0.0000000000000000000 ) ) ;
#2207 = EDGE_CURVE ( 'NONE', #6113, #4829, #3448, .T. ) ;
#2208 = CARTESIAN_POINT ( 'NONE',  ( 0.0000000000000000000, 4.049999999999999800, 0.0000000000000000000 ) ) ;
#2209 = ORIENTED_EDGE ( 'NONE', *, *, #3948, .F. ) ;
#2210 = CARTESIAN_POINT ( 'NONE',  ( 4.270987516473000200, 7.400000000000003900, 12.39510061684000100 ) ) ;
#2211 = VERTEX_POINT ( 'NONE', #4987 ) ;
#2212 = EDGE_CURVE ( 'NONE', #5849, #8051, #4892, .T. ) ;
#2213 = EDGE_CURVE ( 'NONE', #175, #5327, #6548, .T. ) ;
#2214 = CARTESIAN_POINT ( 'NONE',  ( -4.400000000000000400, 0.0000000000000000000, 6.299999999999999800 ) ) ;
#2215 = FACE_OUTER_BOUND ( 'NONE', #7517, .T. ) ;
#2216 = DIRECTION ( 'NONE',  ( -0.0000000000000000000, 1.000000000000000000, -0.0000000000000000000 ) ) ;
#2217 = DIRECTION ( 'NONE',  ( -0.0000000000000000000, -1.000000000000000000, -0.0000000000000000000 ) ) ;
#2218 = CARTESIAN_POINT ( 'NONE',  ( 4.120846395940205300, 7.400000000000000400, 12.26297306693017900 ) ) ;
#2219 = DIRECTION ( 'NONE',  ( 0.0000000000000000000, 1.000000000000000000, -0.0000000000000000000 ) ) ;
#2220 = ORIENTED_EDGE ( 'NONE', *, *, #483, .T. ) ;
#2221 = ORIENTED_EDGE ( 'NONE', *, *, #2290, .T. ) ;
#2222 = ORIENTED_EDGE ( 'NONE', *, *, #2272, .T. ) ;
#2223 = VECTOR ( 'NONE', #7362, 1000.000000000000000 ) ;
#2224 = ADVANCED_FACE ( 'NONE', ( #7968 ), #3020, .T. ) ;
#2225 = EDGE_CURVE ( 'NONE', #70, #3126, #1327, .T. ) ;
#2226 = DIRECTION ( 'NONE',  ( 0.0000000000000000000, 0.0000000000000000000, 1.000000000000000000 ) ) ;
#2227 = DIRECTION ( 'NONE',  ( 0.0000000000000000000, -0.0000000000000000000, 1.000000000000000000 ) ) ;
#2228 = CARTESIAN_POINT ( 'NONE',  ( 0.7489158714129651200, 6.250000000000000900, 2.825545556394004600 ) ) ;
#2229 = EDGE_LOOP ( 'NONE', ( #3110, #7168, #1721, #4378 ) ) ;
#2230 = FACE_OUTER_BOUND ( 'NONE', #6526, .T. ) ;
#2231 = CARTESIAN_POINT ( 'NONE',  ( -9.437580067829999800E-006, -8.100002083779145300, 2.999981517185150300 ) ) ;
#2232 = EDGE_LOOP ( 'NONE', ( #909, #1025, #1106, #2313, #2452, #2526, #2607 ) ) ;
#2233 = ORIENTED_EDGE ( 'NONE', *, *, #3033, .F. ) ;
#2234 = VERTEX_POINT ( 'NONE', #4307 ) ;
#2235 = DIRECTION ( 'NONE',  ( 0.0000000000000000000, 0.0000000000000000000, -1.000000000000000000 ) ) ;
#2236 = DIRECTION ( 'NONE',  ( -0.0000000000000000000, 0.0000000000000000000, 1.000000000000000000 ) ) ;
#2237 = ORIENTED_EDGE ( 'NONE', *, *, #8058, .F. ) ;
#2238 = CARTESIAN_POINT ( 'NONE',  ( -3.049999999999999800, 4.099999999999999600, -4.000000000000000000 ) ) ;
#2239 = DIRECTION ( 'NONE',  ( -0.0000000000000000000, -1.000000000000000000, -0.0000000000000000000 ) ) ;
#2240 = ORIENTED_EDGE ( 'NONE', *, *, #4715, .F. ) ;
#2241 = CIRCLE ( 'NONE', #4833, 0.2999999999999999300 ) ;
#2242 = EDGE_CURVE ( 'NONE', #5849, #175, #1792, .T. ) ;
#2243 = CARTESIAN_POINT ( 'NONE',  ( -2.406637457105606600, -1.600000000000001400, 4.158820569092075200 ) ) ;
#2244 = CARTESIAN_POINT ( 'NONE',  ( -3.000000000000000000, 0.0000000000000000000, -4.200000000000000200 ) ) ;
#2245 = SURFACE_STYLE_USAGE ( .BOTH. , #6072 ) ;
#2246 = ORIENTED_EDGE ( 'NONE', *, *, #122, .T. ) ;
#2247 = EDGE_CURVE ( 'NONE', #4206, #2074, #1097, .T. ) ;
#2248 = AXIS2_PLACEMENT_3D ( 'NONE', #6438, #451, #5222 ) ;
#2250 = VERTEX_POINT ( 'NONE', #4729 ) ;
#2249 = DIRECTION ( 'NONE',  ( 0.0000000000000000000, 0.0000000000000000000, -1.000000000000000000 ) ) ;
#2251 = VECTOR ( 'NONE', #1966, 1000.000000000000000 ) ;
#2252 = ORIENTED_EDGE ( 'NONE', *, *, #1600, .F. ) ;
#2253 = FACE_OUTER_BOUND ( 'NONE', #2982, .T. ) ;
#2254 = DIRECTION ( 'NONE',  ( -1.000000000000000000, 0.0000000000000000000, -0.0000000000000000000 ) ) ;
#2255 = EDGE_CURVE ( 'NONE', #4343, #1056, #4478, .T. ) ;
#2256 = ORIENTED_EDGE ( 'NONE', *, *, #5074, .F. ) ;
#2257 = CIRCLE ( 'NONE', #707, 0.09999999999999939500 ) ;
#2258 = EDGE_CURVE ( 'NONE', #175, #4343, #6157, .T. ) ;
#2259 = ORIENTED_EDGE ( 'NONE', *, *, #4061, .F. ) ;
#2260 = CARTESIAN_POINT ( 'NONE',  ( -2.100000000000000100, 2.946173311192999300, 9.923000000000000000 ) ) ;
#2261 = CARTESIAN_POINT ( 'NONE',  ( 5.021051876504147400E-016, 0.0000000000000000000, 4.099999999999999600 ) ) ;
#2262 = LINE ( 'NONE', #2117, #2251 ) ;
#2263 = FILL_AREA_STYLE_COLOUR ( '', #447 ) ;
#2264 = ORIENTED_EDGE ( 'NONE', *, *, #1793, .F. ) ;
#2265 = VECTOR ( 'NONE', #5874, 1000.000000000000000 ) ;
#2266 = DIRECTION ( 'NONE',  ( -1.000000000000000000, 0.0000000000000000000, -0.0000000000000000000 ) ) ;
#2267 = AXIS2_PLACEMENT_3D ( 'NONE', #5455, #774, #5484 ) ;
#2268 = CARTESIAN_POINT ( 'NONE',  ( -4.850000000000000500, 3.899999999999999900, -5.500000000000000000 ) ) ;
#2269 = ORIENTED_EDGE ( 'NONE', *, *, #2212, .T. ) ;
#2270 = ORIENTED_EDGE ( 'NONE', *, *, #6911, .F. ) ;
#2271 = CARTESIAN_POINT ( 'NONE',  ( -0.5749999999999997300, 3.246173311193000000, 9.650282197134000500 ) ) ;
#2272 = EDGE_CURVE ( 'NONE', #4343, #7094, #7803, .T. ) ;
#2273 = EDGE_CURVE ( 'NONE', #6070, #6857, #852, .T. ) ;
#2274 = ADVANCED_FACE ( 'NONE', ( #7619 ), #7416, .F. ) ;
#2275 = DIRECTION ( 'NONE',  ( 1.000000000000000000, 0.0000000000000000000, 0.0000000000000000000 ) ) ;
#2276 = ORIENTED_EDGE ( 'NONE', *, *, #46, .F. ) ;
#2277 = LINE ( 'NONE', #3237, #1922 ) ;
#2278 = AXIS2_PLACEMENT_3D ( 'NONE', #352, #3709, #3830 ) ;
#2279 = ORIENTED_EDGE ( 'NONE', *, *, #8114, .T. ) ;
#2280 = CARTESIAN_POINT ( 'NONE',  ( -2.330068936077371900, -1.346000000000000100, 3.742469904474542200 ) ) ;
#2281 = CARTESIAN_POINT ( 'NONE',  ( 1.925000000000041100, 38.46135999999999900, 9.650282197133911700 ) ) ;
#2282 = DIRECTION ( 'NONE',  ( 0.0000000000000000000, -0.0000000000000000000, -1.000000000000000000 ) ) ;
#2283 = DIRECTION ( 'NONE',  ( 0.0000000000000000000, 0.0000000000000000000, 1.000000000000000000 ) ) ;
#2284 = AXIS2_PLACEMENT_3D ( 'NONE', #3870, #3856, #3848 ) ;
#2285 = EDGE_CURVE ( 'NONE', #7915, #7671, #2608, .T. ) ;
#2286 = EDGE_CURVE ( 'NONE', #6070, #5722, #4282, .T. ) ;
#2287 = LINE ( 'NONE', #2091, #288 ) ;
#2288 = ORIENTED_EDGE ( 'NONE', *, *, #860, .F. ) ;
#2289 = VECTOR ( 'NONE', #7974, 1000.000000000000000 ) ;
#2290 = EDGE_CURVE ( 'NONE', #1944, #5722, #616, .T. ) ;
#2291 = CARTESIAN_POINT ( 'NONE',  ( -4.549999999999999800, 8.414624765331424800, 9.904999999997024000 ) ) ;
#2292 = DIRECTION ( 'NONE',  ( 1.000000000000000000, -0.0000000000000000000, 0.0000000000000000000 ) ) ;
#2293 = EDGE_LOOP ( 'NONE', ( #3878, #2030, #5939, #103 ) ) ;
#2294 = VECTOR ( 'NONE', #4077, 1000.000000000000000 ) ;
#2295 = CARTESIAN_POINT ( 'NONE',  ( 3.444945174253443800, -1.600000000000000300, -4.230879200273584200 ) ) ;
#2296 = CARTESIAN_POINT ( 'NONE',  ( 0.0000000000000000000, 4.700000000000000200, -0.5000000000000000000 ) ) ;
#2297 = EDGE_CURVE ( 'NONE', #1762, #8430, #4097, .T. ) ;
#2298 = DIRECTION ( 'NONE',  ( 0.0000000000000000000, -1.000000000000000000, 0.0000000000000000000 ) ) ;
#2299 = VECTOR ( 'NONE', #7841, 1000.000000000000000 ) ;
#2300 = ORIENTED_EDGE ( 'NONE', *, *, #7189, .T. ) ;
#2301 = CARTESIAN_POINT ( 'NONE',  ( 0.6995649517246427300, 6.338579685423336900, 4.224675459843706600 ) ) ;
#2302 = LINE ( 'NONE', #3199, #1952 ) ;
#2303 = CARTESIAN_POINT ( 'NONE',  ( 4.950000000000000200, 8.300000000000002500, 8.349999999999999600 ) ) ;
#2304 = LINE ( 'NONE', #7666, #3843 ) ;
#2305 = PLANE ( 'NONE',  #6550 ) ;
#2306 = EDGE_CURVE ( 'NONE', #6857, #1944, #5963, .T. ) ;
#2307 = CARTESIAN_POINT ( 'NONE',  ( 4.850000000000000500, 3.899999999999999500, -5.500000000000000900 ) ) ;
#2308 = CARTESIAN_POINT ( 'NONE',  ( -1.750000000000000000, 2.946173311193000200, 6.299999999999999800 ) ) ;
#2309 = LINE ( 'NONE', #6537, #8348 ) ;
#2310 = VERTEX_POINT ( 'NONE', #1684 ) ;
#2311 = CARTESIAN_POINT ( 'NONE',  ( 4.400000000000000400, 0.0000000000000000000, -5.500000000000000000 ) ) ;
#2312 = EDGE_CURVE ( 'NONE', #2074, #400, #2149, .T. ) ;
#2313 = ORIENTED_EDGE ( 'NONE', *, *, #8433, .F. ) ;
#2314 = DIRECTION ( 'NONE',  ( -1.000000000000000000, 0.0000000000000000000, -0.0000000000000000000 ) ) ;
#2315 = DIRECTION ( 'NONE',  ( 0.0000000000000000000, -1.000000000000000000, 0.0000000000000000000 ) ) ;
#2316 = VECTOR ( 'NONE', #4143, 1000.000000000000000 ) ;
#2317 = ORIENTED_EDGE ( 'NONE', *, *, #2360, .T. ) ;
#2318 = DIRECTION ( 'NONE',  ( 0.0000000000000000000, 0.0000000000000000000, -1.000000000000000000 ) ) ;
#2319 = DIRECTION ( 'NONE',  ( 0.0000000000000000000, -1.000000000000000000, 0.0000000000000000000 ) ) ;
#2320 = VERTEX_POINT ( 'NONE', #1483 ) ;
#2321 = EDGE_CURVE ( 'NONE', #6857, #6070, #2386, .T. ) ;
#2322 = DIRECTION ( 'NONE',  ( 0.0000000000000000000, 0.0000000000000000000, 1.000000000000000000 ) ) ;
#2323 = DIRECTION ( 'NONE',  ( -0.3333333333332921800, 0.0000000000000000000, 0.9428090415820780100 ) ) ;
#2324 = EDGE_CURVE ( 'NONE', #1528, #400, #3904, .T. ) ;
#2325 = VERTEX_POINT ( 'NONE', #926 ) ;
#2326 = ADVANCED_FACE ( 'NONE', ( #1915 ), #830, .T. ) ;
#2327 = DIRECTION ( 'NONE',  ( -0.0000000000000000000, 0.0000000000000000000, 1.000000000000000000 ) ) ;
#2328 = CARTESIAN_POINT ( 'NONE',  ( 4.400000000000000400, 4.700000000000000200, -3.200000000000000200 ) ) ;
#2329 = DIRECTION ( 'NONE',  ( 1.000000000000000000, 0.0000000000000000000, -0.0000000000000000000 ) ) ;
#2330 = CARTESIAN_POINT ( 'NONE',  ( 0.0000000000000000000, 3.899999999999999900, 3.399999999999999900 ) ) ;
#2331 = EDGE_LOOP ( 'NONE', ( #8220, #3231, #7567, #729 ) ) ;
#2332 = CARTESIAN_POINT ( 'NONE',  ( 0.0000000000000000000, 0.09999999999999939500, 0.0000000000000000000 ) ) ;
#2333 = EDGE_CURVE ( 'NONE', #5722, #1944, #7211, .T. ) ;
#2334 = EDGE_CURVE ( 'NONE', #2567, #5225, #8403, .T. ) ;
#2335 = CARTESIAN_POINT ( 'NONE',  ( -5.232842712474999700, 7.400000000000000400, 13.70000000000000100 ) ) ;
#2336 = VERTEX_POINT ( 'NONE', #735 ) ;
#2337 = AXIS2_PLACEMENT_3D ( 'NONE', #2184, #7874, #4149 ) ;
#2338 = ORIENTED_EDGE ( 'NONE', *, *, #1511, .F. ) ;
#2339 = CARTESIAN_POINT ( 'NONE',  ( -2.307970597147393800, -8.099996691029899100, 1.934700606422065500 ) ) ;
#2340 = CIRCLE ( 'NONE', #5666, 0.09999999999999939500 ) ;
#2341 = EDGE_CURVE ( 'NONE', #1762, #6125, #7013, .T. ) ;
#2342 = VERTEX_POINT ( 'NONE', #176 ) ;
#2343 = EDGE_CURVE ( 'NONE', #2567, #2872, #3539, .T. ) ;
#2344 = EDGE_CURVE ( 'NONE', #7277, #2872, #3733, .T. ) ;
#2345 = ORIENTED_EDGE ( 'NONE', *, *, #2188, .T. ) ;
#2346 = DIRECTION ( 'NONE',  ( 1.000000000000000000, -0.0000000000000000000, 0.0000000000000000000 ) ) ;
#2347 = ORIENTED_EDGE ( 'NONE', *, *, #6491, .F. ) ;
#2348 = DIRECTION ( 'NONE',  ( -0.0000000000000000000, 1.000000000000000000, -0.0000000000000000000 ) ) ;
#2349 = DIRECTION ( 'NONE',  ( 0.0000000000000000000, -1.000000000000000000, 0.0000000000000000000 ) ) ;
#2350 = CARTESIAN_POINT ( 'NONE',  ( -4.850000000000000500, 7.700000000000000200, 9.619999999999999200 ) ) ;
#2351 = CARTESIAN_POINT ( 'NONE',  ( -1.925000000000454100, 3.246173311193000000, 9.650282197134100000 ) ) ;
#2352 = CARTESIAN_POINT ( 'NONE',  ( 4.400000000000000400, 4.700000000000000200, 6.299999999999999800 ) ) ;
#2353 = ORIENTED_EDGE ( 'NONE', *, *, #295, .T. ) ;
#2354 = VERTEX_POINT ( 'NONE', #5574 ) ;
#2355 = DIRECTION ( 'NONE',  ( 0.0000000000000000000, 0.0000000000000000000, 1.000000000000000000 ) ) ;
#2356 = DIRECTION ( 'NONE',  ( 0.0000000000000000000, 0.0000000000000000000, 1.000000000000000000 ) ) ;
#2357 = CARTESIAN_POINT ( 'NONE',  ( 4.850000000000000500, 4.423606797749999800, -5.500000000000000000 ) ) ;
#2358 = CARTESIAN_POINT ( 'NONE',  ( 0.0000000000000000000, 0.0000000000000000000, 0.0000000000000000000 ) ) ;
#2359 = CARTESIAN_POINT ( 'NONE',  ( 4.850000000000000500, 8.514499687108999700, 10.00000000000000000 ) ) ;
#2360 = EDGE_CURVE ( 'NONE', #5225, #7277, #6631, .T. ) ;
#2361 = DIRECTION ( 'NONE',  ( -0.0000000000000000000, -0.0000000000000000000, 1.000000000000000000 ) ) ;
#2362 = ORIENTED_EDGE ( 'NONE', *, *, #10, .F. ) ;
#2363 = EDGE_CURVE ( 'NONE', #6192, #6125, #8227, .T. ) ;
#2364 = LINE ( 'NONE', #1438, #2693 ) ;
#2365 = VERTEX_POINT ( 'NONE', #3728 ) ;
#2366 = CIRCLE ( 'NONE', #4998, 3.060000000000000100 ) ;
#2367 = CARTESIAN_POINT ( 'NONE',  ( 4.549999999999999800, 0.0000000000000000000, -5.500000000000000000 ) ) ;
#2368 = ORIENTED_EDGE ( 'NONE', *, *, #6123, .T. ) ;
#2369 = ADVANCED_FACE ( 'NONE', ( #3341 ), #2786, .T. ) ;
#2370 = CARTESIAN_POINT ( 'NONE',  ( -4.549999999999999800, 0.0000000000000000000, -5.500000000000000000 ) ) ;
#2371 = ORIENTED_EDGE ( 'NONE', *, *, #5226, .T. ) ;
#2372 = VECTOR ( 'NONE', #6910, 1000.000000000000000 ) ;
#2373 = LINE ( 'NONE', #1930, #2139 ) ;
#2374 = VERTEX_POINT ( 'NONE', #6966 ) ;
#2375 = VECTOR ( 'NONE', #7267, 1000.000000000000100 ) ;
#2376 = EDGE_CURVE ( 'NONE', #7772, #1504, #5189, .T. ) ;
#2377 = CARTESIAN_POINT ( 'NONE',  ( 1.934988128496874800, -8.099981304306229600, 2.307342300113314400 ) ) ;
#2378 = EDGE_CURVE ( 'NONE', #586, #5921, #6445, .T. ) ;
#2379 = CARTESIAN_POINT ( 'NONE',  ( -3.030878375134738300, -1.600000000000000300, 3.755067331298787900 ) ) ;
#2380 = CARTESIAN_POINT ( 'NONE',  ( 4.549999999999999800, 3.899999999999999900, -3.399999999999999900 ) ) ;
#2381 = ORIENTED_EDGE ( 'NONE', *, *, #2321, .F. ) ;
#2382 = VECTOR ( 'NONE', #467, 1000.000000000000000 ) ;
#2383 = DIRECTION ( 'NONE',  ( -1.000000000000000000, 0.0000000000000000000, -0.0000000000000000000 ) ) ;
#2384 = CIRCLE ( 'NONE', #1349, 0.7000000000000000700 ) ;
#2385 = ORIENTED_EDGE ( 'NONE', *, *, #5379, .T. ) ;
#2386 = CIRCLE ( 'NONE', #1596, 0.6500000000000003600 ) ;
#2387 = CARTESIAN_POINT ( 'NONE',  ( 4.400000000000000400, 4.700000000000000200, 6.299999999999999800 ) ) ;
#2388 = EDGE_CURVE ( 'NONE', #5225, #2567, #4783, .T. ) ;
#2389 = CARTESIAN_POINT ( 'NONE',  ( 3.049999999999999800, 4.500000000000000900, -3.400000000000000400 ) ) ;
#2390 = ORIENTED_EDGE ( 'NONE', *, *, #823, .T. ) ;
#2391 = DIRECTION ( 'NONE',  ( 1.000000000000000000, 0.0000000000000000000, 0.0000000000000000000 ) ) ;
#2392 = CARTESIAN_POINT ( 'NONE',  ( -4.850000000000000500, 8.000000000000000000, 8.050000000000000700 ) ) ;
#2393 = VECTOR ( 'NONE', #544, 1000.000000000000000 ) ;
#2394 = CARTESIAN_POINT ( 'NONE',  ( -9.437580067829994700E-006, -8.099983601147744800, 2.999999999985155400 ) ) ;
#2395 = CARTESIAN_POINT ( 'NONE',  ( -3.000000000000000000, -1.346000000000000100, 4.200000000000000200 ) ) ;
#2396 = EDGE_LOOP ( 'NONE', ( #1253, #5067 ) ) ;
#2397 = VECTOR ( 'NONE', #714, 1000.000000000000000 ) ;
#2398 = AXIS2_PLACEMENT_3D ( 'NONE', #1159, #1128, #1051 ) ;
#2399 = EDGE_CURVE ( 'NONE', #2074, #4850, #7887, .T. ) ;
#2400 = DIRECTION ( 'NONE',  ( 0.0000000000000000000, 0.0000000000000000000, -1.000000000000000000 ) ) ;
#2401 = EDGE_LOOP ( 'NONE', ( #5091, #2288, #6156, #472 ) ) ;
#2402 = CARTESIAN_POINT ( 'NONE',  ( -4.950000000000001100, 8.299999999999998900, 8.349999999999996100 ) ) ;
#2403 = PLANE ( 'NONE',  #2278 ) ;
#2404 = VERTEX_POINT ( 'NONE', #3269 ) ;
#2405 = EDGE_CURVE ( 'NONE', #2872, #7277, #975, .T. ) ;
#2406 = CARTESIAN_POINT ( 'NONE',  ( -5.232842712473208200, 5.780000000000000200, 13.69999999999856200 ) ) ;
#2407 = ADVANCED_FACE ( 'NONE', ( #1213, #7708 ), #5771, .T. ) ;
#2408 = LINE ( 'NONE', #1621, #4114 ) ;
#2409 = AXIS2_PLACEMENT_3D ( 'NONE', #178, #158, #128 ) ;
#2410 = LINE ( 'NONE', #5055, #7228 ) ;
#2411 = ORIENTED_EDGE ( 'NONE', *, *, #87, .F. ) ;
#2412 = CARTESIAN_POINT ( 'NONE',  ( 2.598075369644055100, -8.100000511174373600, -1.500000540738096700 ) ) ;
#2413 = ORIENTED_EDGE ( 'NONE', *, *, #3708, .F. ) ;
#2414 = DIRECTION ( 'NONE',  ( 0.0000000000000000000, 1.000000000000000000, -0.0000000000000000000 ) ) ;
#2415 = VECTOR ( 'NONE', #7868, 1000.000000000000000 ) ;
#2416 = AXIS2_PLACEMENT_3D ( 'NONE', #3066, #2970, #2714 ) ;
#2417 = CARTESIAN_POINT ( 'NONE',  ( 0.0000000000000000000, 4.700000000000000200, 3.200000000000000200 ) ) ;
#2418 = LINE ( 'NONE', #6281, #7450 ) ;
#2419 = ORIENTED_EDGE ( 'NONE', *, *, #1192, .T. ) ;
#2420 = FACE_OUTER_BOUND ( 'NONE', #7692, .T. ) ;
#2421 = AXIS2_PLACEMENT_3D ( 'NONE', #3621, #2648, #6467 ) ;
#2422 = ADVANCED_FACE ( 'NONE', ( #4383 ), #2643, .T. ) ;
#2423 = EDGE_LOOP ( 'NONE', ( #2704, #3777, #3867, #3957 ) ) ;
#2424 = DIRECTION ( 'NONE',  ( -0.9976004757975849300, 0.0000000000000000000, 0.06923359508527895900 ) ) ;
#2425 = CARTESIAN_POINT ( 'NONE',  ( 4.549999999999999800, 0.0000000000000000000, -5.500000000000000000 ) ) ;
#2426 = CARTESIAN_POINT ( 'NONE',  ( 0.0000000000000000000, 0.0000000000000000000, 13.50000000000000000 ) ) ;
#2427 = CARTESIAN_POINT ( 'NONE',  ( -3.000000000000000000, 4.700000000000000200, -2.500000000000000000 ) ) ;
#2428 = CIRCLE ( 'NONE', #3228, 0.7000000000000000700 ) ;
#2429 = ORIENTED_EDGE ( 'NONE', *, *, #7719, .T. ) ;
#2430 = PLANE ( 'NONE',  #2847 ) ;
#2431 = PLANE ( 'NONE',  #4284 ) ;
#2432 = ORIENTED_EDGE ( 'NONE', *, *, #2102, .F. ) ;
#2433 = CARTESIAN_POINT ( 'NONE',  ( 4.950000000000000200, 1.791421356237308200, 8.011522369425701800 ) ) ;
#2434 = CARTESIAN_POINT ( 'NONE',  ( 4.549999999999999800, 3.899999999999999900, -5.500000000000000000 ) ) ;
#2435 = ORIENTED_EDGE ( 'NONE', *, *, #5194, .F. ) ;
#2436 = EDGE_CURVE ( 'NONE', #3493, #4206, #2907, .T. ) ;
#2437 = CARTESIAN_POINT ( 'NONE',  ( 4.850000000000000500, 8.068900239974999200, 8.349999999999999600 ) ) ;
#2438 = ORIENTED_EDGE ( 'NONE', *, *, #3654, .T. ) ;
#2439 = DIRECTION ( 'NONE',  ( 0.0000000000000000000, 0.0000000000000000000, -1.000000000000000000 ) ) ;
#2440 = CARTESIAN_POINT ( 'NONE',  ( -4.850000000000000500, 4.423606797749989100, 3.400000000000000400 ) ) ;
#2441 = ORIENTED_EDGE ( 'NONE', *, *, #6318, .T. ) ;
#2442 = DIRECTION ( 'NONE',  ( 0.0000000000000000000, 0.0000000000000000000, 1.000000000000000000 ) ) ;
#2443 = CARTESIAN_POINT ( 'NONE',  ( 1.899999999999999900, 4.700000000000000200, -3.200000000000000200 ) ) ;
#2444 = ORIENTED_EDGE ( 'NONE', *, *, #5881, .F. ) ;
#2445 = AXIS2_PLACEMENT_3D ( 'NONE', #519, #5865, #5899 ) ;
#2446 = VECTOR ( 'NONE', #8365, 1000.000000000000000 ) ;
#2447 = ADVANCED_FACE ( 'NONE', ( #732 ), #4196, .F. ) ;
#2448 = CARTESIAN_POINT ( 'NONE',  ( -4.908578643762691500, 2.750000000065000000, 7.950000000000000200 ) ) ;
#2449 = DIRECTION ( 'NONE',  ( 0.0000000000000000000, 1.000000000000000000, 0.0000000000000000000 ) ) ;
#2450 = DIRECTION ( 'NONE',  ( 1.000000000000000000, 0.0000000000000000000, 0.0000000000000000000 ) ) ;
#2451 = DIRECTION ( 'NONE',  ( 0.0000000000000000000, 0.0000000000000000000, 1.000000000000000000 ) ) ;
#2452 = ORIENTED_EDGE ( 'NONE', *, *, #2986, .F. ) ;
#2453 = CARTESIAN_POINT ( 'NONE',  ( 3.074999999995895900, -43.06136000000000100, 9.650282197135775100 ) ) ;
#2454 = CARTESIAN_POINT ( 'NONE',  ( 0.0000000000000000000, 0.0000000000000000000, 5.500000000000000000 ) ) ;
#2455 = ORIENTED_EDGE ( 'NONE', *, *, #557, .T. ) ;
#2456 = ORIENTED_EDGE ( 'NONE', *, *, #804, .T. ) ;
#2457 = DIRECTION ( 'NONE',  ( 0.9428090415820780100, 0.0000000000000000000, 0.3333333333332921800 ) ) ;
#2458 = CARTESIAN_POINT ( 'NONE',  ( 0.5000000000000490700, 4.049999999999999800, 0.8700000000003244000 ) ) ;
#2459 = CARTESIAN_POINT ( 'NONE',  ( -4.950000000000000200, 1.850000000000000100, 7.977207793864214300 ) ) ;
#2460 = CYLINDRICAL_SURFACE ( 'NONE', #1, 0.1000000000000002600 ) ;
#2461 = CARTESIAN_POINT ( 'NONE',  ( 3.699109741740063100, -1.345999999999999900, -4.235292619683762400 ) ) ;
#2462 = EDGE_LOOP ( 'NONE', ( #4547, #6346, #1950, #721, #815, #6172 ) ) ;
#2463 = VERTEX_POINT ( 'NONE', #5197 ) ;
#2464 = EDGE_CURVE ( 'NONE', #400, #1762, #6254, .T. ) ;
#2465 = ADVANCED_FACE ( 'NONE', ( #5864 ), #2669, .T. ) ;
#2466 = EDGE_LOOP ( 'NONE', ( #6601, #6673, #7639, #7733 ) ) ;
#2467 = EDGE_CURVE ( 'NONE', #88, #4666, #2491, .T. ) ;
#2468 = DIRECTION ( 'NONE',  ( 0.0000000000000000000, -1.000000000000000000, 0.0000000000000000000 ) ) ;
#2469 = VERTEX_POINT ( 'NONE', #2697 ) ;
#2470 = AXIS2_PLACEMENT_3D ( 'NONE', #6488, #1278, #5905 ) ;
#2471 = ORIENTED_EDGE ( 'NONE', *, *, #713, .F. ) ;
#2472 = LINE ( 'NONE', #3077, #7284 ) ;
#2473 = CARTESIAN_POINT ( 'NONE',  ( -0.7500000000000000000, 0.0000000000000000000, 0.0000000000000000000 ) ) ;
#2474 = EDGE_CURVE ( 'NONE', #6125, #586, #7303, .T. ) ;
#2475 = ORIENTED_EDGE ( 'NONE', *, *, #921, .T. ) ;
#2476 = AXIS2_PLACEMENT_3D ( 'NONE', #2999, #1509, #3937 ) ;
#2477 = ORIENTED_EDGE ( 'NONE', *, *, #6770, .T. ) ;
#2478 = VECTOR ( 'NONE', #8389, 1000.000000000000000 ) ;
#2479 = CARTESIAN_POINT ( 'NONE',  ( 3.678280977500882000, -1.346000000000000100, -4.647888570862702000 ) ) ;
#2480 = ORIENTED_EDGE ( 'NONE', *, *, #2485, .F. ) ;
#2481 = FACE_OUTER_BOUND ( 'NONE', #7836, .T. ) ;
#2482 = DIRECTION ( 'NONE',  ( -0.0000000000000000000, 1.000000000000000000, 0.0000000000000000000 ) ) ;
#2483 = DIRECTION ( 'NONE',  ( -0.0000000000000000000, -0.0000000000000000000, 1.000000000000000000 ) ) ;
#2484 = VERTEX_POINT ( 'NONE', #486 ) ;
#2485 = EDGE_CURVE ( 'NONE', #8060, #8316, #2705, .T. ) ;
#2486 = LINE ( 'NONE', #8217, #2055 ) ;
#2487 = AXIS2_PLACEMENT_3D ( 'NONE', #4720, #5360, #4083 ) ;
#2488 = VERTEX_POINT ( 'NONE', #1251 ) ;
#2489 = LINE ( 'NONE', #8415, #2478 ) ;
#2490 = ORIENTED_EDGE ( 'NONE', *, *, #2036, .F. ) ;
#2491 = CIRCLE ( 'NONE', #8064, 0.7000000000000000700 ) ;
#2492 = DIRECTION ( 'NONE',  ( -0.0000000000000000000, -0.0000000000000000000, -1.000000000000000000 ) ) ;
#2493 = DIRECTION ( 'NONE',  ( -0.0000000000000000000, -1.000000000000000000, -0.0000000000000000000 ) ) ;
#2494 = CARTESIAN_POINT ( 'NONE',  ( 3.370501394202745100, -1.346000000000000100, -4.923462489174669400 ) ) ;
#2495 = ADVANCED_FACE ( 'NONE', ( #495 ), #2727, .T. ) ;
#2496 = ORIENTED_EDGE ( 'NONE', *, *, #3726, .F. ) ;
#2497 = LINE ( 'NONE', #819, #2393 ) ;
#2498 = ORIENTED_EDGE ( 'NONE', *, *, #5984, .F. ) ;
#2499 = CARTESIAN_POINT ( 'NONE',  ( 3.049999999999999800, 4.500000000000000900, -4.000000000000000000 ) ) ;
#2500 = EDGE_CURVE ( 'NONE', #3193, #5738, #3999, .T. ) ;
#2501 = CARTESIAN_POINT ( 'NONE',  ( 2.958120071859708500, -1.346000000000000100, -4.898746070914867800 ) ) ;
#2502 = FACE_OUTER_BOUND ( 'NONE', #223, .T. ) ;
#2503 = DIRECTION ( 'NONE',  ( 0.0000000000000000000, 0.0000000000000000000, 1.000000000000000000 ) ) ;
#2504 = CARTESIAN_POINT ( 'NONE',  ( -4.400000000000000400, 1.500000000000000000, 6.299999999999999800 ) ) ;
#2505 = DIRECTION ( 'NONE',  ( -0.0000000000000000000, -0.0000000000000000000, 1.000000000000000000 ) ) ;
#2506 = ORIENTED_EDGE ( 'NONE', *, *, #4395, .T. ) ;
#2507 = ADVANCED_FACE ( 'NONE', ( #7107 ), #5276, .T. ) ;
#2508 = DIRECTION ( 'NONE',  ( -1.000000000000000000, 0.0000000000000000000, 0.0000000000000000000 ) ) ;
#2509 = DIRECTION ( 'NONE',  ( 0.0000000000000000000, -1.000000000000000000, 0.0000000000000000000 ) ) ;
#2510 = CARTESIAN_POINT ( 'NONE',  ( 2.545738749516671500, -1.346000000000000100, -4.874029652655067000 ) ) ;
#2511 = CIRCLE ( 'NONE', #2194, 0.2999999999999999300 ) ;
#2512 = ORIENTED_EDGE ( 'NONE', *, *, #2078, .F. ) ;
#2513 = FACE_OUTER_BOUND ( 'NONE', #7504, .T. ) ;
#2514 = CARTESIAN_POINT ( 'NONE',  ( -2.000000000000000000, 1.500000000000000000, 6.299999999999999800 ) ) ;
#2515 = EDGE_LOOP ( 'NONE', ( #5198, #5281, #5309, #5385, #6350, #6436, #6508 ) ) ;
#2516 = DIRECTION ( 'NONE',  ( 0.6614378277661208100, 0.0000000000000000000, 0.7500000000000235400 ) ) ;
#2517 = CARTESIAN_POINT ( 'NONE',  ( 3.049999999999999800, 4.059547866544000300, 4.599999999999999600 ) ) ;
#2518 = EDGE_CURVE ( 'NONE', #3039, #7854, #1546, .T. ) ;
#2519 = CYLINDRICAL_SURFACE ( 'NONE', #3771, 0.09999999999999939500 ) ;
#2520 = CARTESIAN_POINT ( 'NONE',  ( 4.950000000000001100, 1.850000000000000100, -3.299999999999999400 ) ) ;
#2521 = DIRECTION ( 'NONE',  ( -0.0000000000000000000, -1.000000000000000000, 0.0000000000000000000 ) ) ;
#2522 = CYLINDRICAL_SURFACE ( 'NONE', #6511, 0.2000000000000005100 ) ;
#2523 = ORIENTED_EDGE ( 'NONE', *, *, #3600, .T. ) ;
#2524 = CARTESIAN_POINT ( 'NONE',  ( 2.273077790129213800, -1.346000000000000100, -4.563666546640680700 ) ) ;
#2525 = VECTOR ( 'NONE', #3276, 1000.000000000000000 ) ;
#2526 = ORIENTED_EDGE ( 'NONE', *, *, #3343, .F. ) ;
#2527 = FACE_BOUND ( 'NONE', #7463, .T. ) ;
#2528 = AXIS2_PLACEMENT_3D ( 'NONE', #651, #704, #581 ) ;
#2529 = CARTESIAN_POINT ( 'NONE',  ( -3.000000000000000000, 0.0000000000000000000, -3.550000000000000700 ) ) ;
#2530 = LINE ( 'NONE', #1861, #776 ) ;
#2531 = ORIENTED_EDGE ( 'NONE', *, *, #5150, .F. ) ;
#2532 = CARTESIAN_POINT ( 'NONE',  ( 2.301679666941543400, -1.346000000000000100, -4.151536483442425800 ) ) ;
#2533 = EDGE_LOOP ( 'NONE', ( #3577, #7763 ) ) ;
#2534 = EDGE_CURVE ( 'NONE', #88, #1802, #3819, .T. ) ;
#2535 = CARTESIAN_POINT ( 'NONE',  ( 0.0000000000000000000, -1.399999999999999900, 0.0000000000000000000 ) ) ;
#2536 = CARTESIAN_POINT ( 'NONE',  ( 4.950000000000000200, 8.300000000000002500, 8.049999999999998900 ) ) ;
#2537 = AXIS2_PLACEMENT_3D ( 'NONE', #4502, #5161, #5735 ) ;
#2538 = FACE_OUTER_BOUND ( 'NONE', #6297, .T. ) ;
#2539 = ORIENTED_EDGE ( 'NONE', *, *, #5485, .T. ) ;
#2540 = ADVANCED_FACE ( 'NONE', ( #26 ), #1785, .T. ) ;
#2541 = DIRECTION ( 'NONE',  ( 0.0000000000000000000, 0.0000000000000000000, 1.000000000000000000 ) ) ;
#2542 = CARTESIAN_POINT ( 'NONE',  ( 0.0000000000000000000, 4.700000000000000200, 3.200000000000000200 ) ) ;
#2543 = DIRECTION ( 'NONE',  ( 1.000000000000000000, 0.0000000000000000000, 0.0000000000000000000 ) ) ;
#2544 = CARTESIAN_POINT ( 'NONE',  ( 3.699109741740062200, -1.494789755157234200, -4.235292619683762400 ) ) ;
#2545 = ORIENTED_EDGE ( 'NONE', *, *, #1457, .F. ) ;
#2546 = DIRECTION ( 'NONE',  ( 0.0000000000000000000, 0.0000000000000000000, -1.000000000000000000 ) ) ;
#2547 = DIRECTION ( 'NONE',  ( -0.7500000000000236500, 0.0000000000000000000, 0.6614378277661209200 ) ) ;
#2548 = DIRECTION ( 'NONE',  ( 0.0000000000000000000, 1.000000000000000000, 0.0000000000000000000 ) ) ;
#2549 = ORIENTED_EDGE ( 'NONE', *, *, #1499, .T. ) ;
#2550 = ORIENTED_EDGE ( 'NONE', *, *, #847, .F. ) ;
#2551 = CARTESIAN_POINT ( 'NONE',  ( 4.908578643762691500, 2.250000000000000000, -2.999999999999999100 ) ) ;
#2552 = CARTESIAN_POINT ( 'NONE',  ( 3.678280977500881600, -1.494789755157234000, -4.647888570862702000 ) ) ;
#2553 = ADVANCED_FACE ( 'NONE', ( #6901 ), #6712, .T. ) ;
#2554 = CARTESIAN_POINT ( 'NONE',  ( -5.114273150378984700, 7.400000000000129100, 13.57497153597565600 ) ) ;
#2555 = AXIS2_PLACEMENT_3D ( 'NONE', #3049, #4289, #120 ) ;
#2556 = ORIENTED_EDGE ( 'NONE', *, *, #890, .F. ) ;
#2557 = CARTESIAN_POINT ( 'NONE',  ( 4.400000000000000400, 3.899999999999999900, -5.500000000000000000 ) ) ;
#2558 = EDGE_LOOP ( 'NONE', ( #7802, #7870, #7937, #84, #168, #264, #279 ) ) ;
#2559 = CARTESIAN_POINT ( 'NONE',  ( 3.370501394202746000, -1.494789755157234000, -4.923462489174669400 ) ) ;
#2560 = CARTESIAN_POINT ( 'NONE',  ( -4.946590467579384600, 7.400000000000000400, 13.39815458647045400 ) ) ;
#2561 = CARTESIAN_POINT ( 'NONE',  ( -4.949999999999999300, 2.208578643762690400, -3.417157287525382200 ) ) ;
#2562 = CARTESIAN_POINT ( 'NONE',  ( -3.728034202981450800, 7.399999999999996800, 12.53277621049936400 ) ) ;
#2563 = DIRECTION ( 'NONE',  ( -1.000000000000000000, -0.0000000000000000000, -0.0000000000000000000 ) ) ;
#2564 = ORIENTED_EDGE ( 'NONE', *, *, #7869, .F. ) ;
#2565 = STYLED_ITEM ( 'NONE', ( #4210 ), #7396 ) ;
#2566 = EDGE_LOOP ( 'NONE', ( #328, #1289, #1342, #1426 ) ) ;
#2567 = VERTEX_POINT ( 'NONE', #4684 ) ;
#2568 = CARTESIAN_POINT ( 'NONE',  ( 0.0000000000000000000, 0.09999999999999939500, 0.0000000000000000000 ) ) ;
#2569 = EDGE_CURVE ( 'NONE', #5878, #2964, #5282, .T. ) ;
#2570 = CARTESIAN_POINT ( 'NONE',  ( 0.5000000000000000000, 4.049999999999999800, -0.8700000000003262900 ) ) ;
#2571 = CARTESIAN_POINT ( 'NONE',  ( 0.5867983187777710000, 6.399992209528956100, -5.276926778468419100 ) ) ;
#2572 = ORIENTED_EDGE ( 'NONE', *, *, #5424, .T. ) ;
#2573 = ORIENTED_EDGE ( 'NONE', *, *, #1988, .F. ) ;
#2574 = LINE ( 'NONE', #417, #587 ) ;
#2575 = CARTESIAN_POINT ( 'NONE',  ( -4.270987516473000200, 7.400000000000003900, 12.39510061684000100 ) ) ;
#2576 = CARTESIAN_POINT ( 'NONE',  ( -1.925000000000867600, -43.04675213856000200, 9.650282197134291800 ) ) ;
#2577 = AXIS2_PLACEMENT_3D ( 'NONE', #832, #680, #801 ) ;
#2578 = CARTESIAN_POINT ( 'NONE',  ( 2.958120071859708500, -1.494789755157234200, -4.898746070914867800 ) ) ;
#2579 = CARTESIAN_POINT ( 'NONE',  ( 2.742437782846952300E-016, -16.24500000000000100, -2.239370392146000200 ) ) ;
#2580 = ADVANCED_FACE ( 'NONE', ( #8309 ), #8140, .T. ) ;
#2581 = CARTESIAN_POINT ( 'NONE',  ( -5.232842712474081300, 7.019999999999999600, 13.69999999999976100 ) ) ;
#2582 = ORIENTED_EDGE ( 'NONE', *, *, #7766, .T. ) ;
#2583 = ORIENTED_EDGE ( 'NONE', *, *, #3863, .F. ) ;
#2584 = VECTOR ( 'NONE', #7157, 1000.000000000000000 ) ;
#2585 = CARTESIAN_POINT ( 'NONE',  ( 0.0000000000000000000, 4.049999999999999800, 0.0000000000000000000 ) ) ;
#2586 = CARTESIAN_POINT ( 'NONE',  ( -4.850000000000000500, -0.2645751311065000500, -5.500000000000000000 ) ) ;
#2587 = CARTESIAN_POINT ( 'NONE',  ( 4.549999999999999800, 0.0000000000000000000, -5.500000000000000000 ) ) ;
#2588 = AXIS2_PLACEMENT_3D ( 'NONE', #4292, #3052, #5716 ) ;
#2589 = ORIENTED_EDGE ( 'NONE', *, *, #1988, .T. ) ;
#2590 = ORIENTED_EDGE ( 'NONE', *, *, #3920, .F. ) ;
#2591 = CARTESIAN_POINT ( 'NONE',  ( -3.000000000000000000, 4.049999999999999800, 0.5000000000000000000 ) ) ;
#2592 = EDGE_CURVE ( 'NONE', #4461, #4910, #7519, .T. ) ;
#2593 = CYLINDRICAL_SURFACE ( 'NONE', #1276, 0.09999999999999939500 ) ;
#2594 = ORIENTED_EDGE ( 'NONE', *, *, #4438, .F. ) ;
#2595 = FACE_OUTER_BOUND ( 'NONE', #3486, .T. ) ;
#2596 = SURFACE_SIDE_STYLE ('',( #5880 ) ) ;
#2597 = CARTESIAN_POINT ( 'NONE',  ( 4.850000000000000500, 9.000000000000001800, 0.0000000000000000000 ) ) ;
#2598 = ADVANCED_FACE ( 'NONE', ( #1542 ), #7809, .T. ) ;
#2599 = DIRECTION ( 'NONE',  ( 0.0000000000000000000, 0.0000000000000000000, 1.000000000000000000 ) ) ;
#2600 = EDGE_CURVE ( 'NONE', #1802, #7647, #4884, .T. ) ;
#2601 = DIRECTION ( 'NONE',  ( 0.0000000000000000000, -1.000000000000000000, 0.0000000000000000000 ) ) ;
#2602 = ORIENTED_EDGE ( 'NONE', *, *, #7683, .T. ) ;
#2603 = CARTESIAN_POINT ( 'NONE',  ( 0.6502140320371997400, 6.250000000000000900, -2.776194636706116100 ) ) ;
#2604 = CARTESIAN_POINT ( 'NONE',  ( 2.273077790129213400, -1.494789755157234000, -4.563666546640680700 ) ) ;
#2605 = LINE ( 'NONE', #502, #2382 ) ;
#2606 = CARTESIAN_POINT ( 'NONE',  ( 4.850000000000000500, 0.1000000000000000100, 10.00000000000000000 ) ) ;
#2607 = ORIENTED_EDGE ( 'NONE', *, *, #2849, .F. ) ;
#2608 = CIRCLE ( 'NONE', #5982, 0.5999999999999998700 ) ;
#2609 = CARTESIAN_POINT ( 'NONE',  ( 4.120846438655331800, 7.400000000000002100, 12.26297310452044800 ) ) ;
#2610 = EDGE_CURVE ( 'NONE', #7053, #2083, #6539, .T. ) ;
#2611 = ORIENTED_EDGE ( 'NONE', *, *, #5499, .T. ) ;
#2612 = DIRECTION ( 'NONE',  ( 0.0000000000000000000, 0.0000000000000000000, -1.000000000000000000 ) ) ;
#2613 = CARTESIAN_POINT ( 'NONE',  ( -0.6502140320371998500, 6.250000000000000900, 2.776194636706115200 ) ) ;
#2614 = DIRECTION ( 'NONE',  ( 0.0000000000000000000, -1.000000000000000000, 0.0000000000000000000 ) ) ;
#2615 = VERTEX_POINT ( 'NONE', #6535 ) ;
#2616 = DIRECTION ( 'NONE',  ( 0.0000000000000000000, -0.0000000000000000000, -1.000000000000000000 ) ) ;
#2617 = LINE ( 'NONE', #4764, #627 ) ;
#2618 = PLANE ( 'NONE',  #4524 ) ;
#2619 = ORIENTED_EDGE ( 'NONE', *, *, #1126, .T. ) ;
#2620 = CIRCLE ( 'NONE', #1219, 0.1000000000000000500 ) ;
#2621 = EDGE_CURVE ( 'NONE', #7854, #2787, #6351, .T. ) ;
#2622 = ORIENTED_EDGE ( 'NONE', *, *, #1394, .F. ) ;
#2623 = DIRECTION ( 'NONE',  ( 0.0000000000000000000, 0.0000000000000000000, -1.000000000000000000 ) ) ;
#2624 = DIRECTION ( 'NONE',  ( -1.000000000000000000, 0.0000000000000000000, -0.0000000000000000000 ) ) ;
#2625 = FACE_BOUND ( 'NONE', #6584, .T. ) ;
#2626 = DIRECTION ( 'NONE',  ( 0.0000000000000000000, 0.0000000000000000000, 1.000000000000000000 ) ) ;
#2627 = LINE ( 'NONE', #8040, #411 ) ;
#2628 = ORIENTED_EDGE ( 'NONE', *, *, #817, .T. ) ;
#2629 = CARTESIAN_POINT ( 'NONE',  ( -0.7500000000000000000, 0.0000000000000000000, 9.377564394267999100 ) ) ;
#2630 = ORIENTED_EDGE ( 'NONE', *, *, #746, .F. ) ;
#2631 = CARTESIAN_POINT ( 'NONE',  ( -4.908578643762692400, 8.500000000000000000, 8.450000000000004600 ) ) ;
#2632 = DIRECTION ( 'NONE',  ( -1.000000000000000000, 0.0000000000000000000, -0.0000000000000000000 ) ) ;
#2633 = CARTESIAN_POINT ( 'NONE',  ( 2.301679666941543400, -1.494789755157234200, -4.151536483442425800 ) ) ;
#2634 = FACE_OUTER_BOUND ( 'NONE', #2049, .T. ) ;
#2635 = CARTESIAN_POINT ( 'NONE',  ( -3.463017832479995800, -1.600000000000000100, 3.970244331282552200 ) ) ;
#2636 = CYLINDRICAL_SURFACE ( 'NONE', #1418, 0.5999999999999999800 ) ;
#2637 = ORIENTED_EDGE ( 'NONE', *, *, #5499, .F. ) ;
#2638 = CARTESIAN_POINT ( 'NONE',  ( -4.950000000000000200, 7.400000000000000400, 11.32280125192000000 ) ) ;
#2639 = VECTOR ( 'NONE', #3513, 1000.000000000000000 ) ;
#2640 = EDGE_CURVE ( 'NONE', #4397, #7053, #7963, .T. ) ;
#2641 = VERTEX_POINT ( 'NONE', #6044 ) ;
#2642 = AXIS2_PLACEMENT_3D ( 'NONE', #3183, #3178, #3157 ) ;
#2643 = PLANE ( 'NONE',  #6829 ) ;
#2644 = FACE_OUTER_BOUND ( 'NONE', #3643, .T. ) ;
#2645 = ORIENTED_EDGE ( 'NONE', *, *, #1511, .T. ) ;
#2646 = CARTESIAN_POINT ( 'NONE',  ( -4.850000000000000500, 3.899999999999999900, -5.500000000000000000 ) ) ;
#2647 = EDGE_LOOP ( 'NONE', ( #1469, #1537, #2441, #2539 ) ) ;
#2648 = DIRECTION ( 'NONE',  ( 1.000000000000000000, 0.0000000000000000000, 0.0000000000000000000 ) ) ;
#2649 = DIRECTION ( 'NONE',  ( -0.0000000000000000000, -0.0000000000000000000, 1.000000000000000000 ) ) ;
#2650 = DIRECTION ( 'NONE',  ( 0.0000000000000000000, 0.0000000000000000000, -1.000000000000000000 ) ) ;
#2651 = ORIENTED_EDGE ( 'NONE', *, *, #6448, .F. ) ;
#2652 = EDGE_CURVE ( 'NONE', #4666, #6877, #3010, .T. ) ;
#2653 = DIRECTION ( 'NONE',  ( 0.0000000000000000000, 0.0000000000000000000, -1.000000000000000000 ) ) ;
#2654 = ADVANCED_FACE ( 'NONE', ( #4468 ), #846, .T. ) ;
#2655 = VERTEX_POINT ( 'NONE', #5264 ) ;
#2656 = DIRECTION ( 'NONE',  ( -0.0000000000000000000, 1.000000000000000000, -0.0000000000000000000 ) ) ;
#2657 = DIRECTION ( 'NONE',  ( 0.0000000000000000000, -1.000000000000000000, -0.0000000000000000000 ) ) ;
#2658 = DIRECTION ( 'NONE',  ( -0.0000000000000000000, -0.0000000000000000000, -1.000000000000000000 ) ) ;
#2659 = ORIENTED_EDGE ( 'NONE', *, *, #5529, .T. ) ;
#2660 = EDGE_CURVE ( 'NONE', #4710, #7467, #1086, .T. ) ;
#2661 = CARTESIAN_POINT ( 'NONE',  ( 3.576335109336511700, -1.599999999999999900, -4.580570762001642000 ) ) ;
#2662 = PLANE ( 'NONE',  #1154 ) ;
#2663 = CARTESIAN_POINT ( 'NONE',  ( -3.698320333234852900, -1.494789755157234700, 4.248463514015852200 ) ) ;
#2664 = EDGE_LOOP ( 'NONE', ( #5934, #6991, #6206, #227, #3903 ) ) ;
#2665 = CIRCLE ( 'NONE', #6118, 0.09999999999999939500 ) ;
#2666 = CARTESIAN_POINT ( 'NONE',  ( 3.445643128539418700, -1.600000000000000300, -4.220599859992232100 ) ) ;
#2667 = VERTEX_POINT ( 'NONE', #4757 ) ;
#2668 = CARTESIAN_POINT ( 'NONE',  ( 3.314814905061807000, -1.600000000000000300, -4.814725824002348300 ) ) ;
#2669 = PLANE ( 'NONE',  #8437 ) ;
#2670 = ORIENTED_EDGE ( 'NONE', *, *, #5485, .F. ) ;
#2671 = VERTEX_POINT ( 'NONE', #4707 ) ;
#2672 = DIRECTION ( 'NONE',  ( 0.0000000000000000000, 1.000000000000000000, 0.0000000000000000000 ) ) ;
#2673 = AXIS2_PLACEMENT_3D ( 'NONE', #2766, #7143, #3449 ) ;
#2674 = VECTOR ( 'NONE', #7503, 1000.000000000000000 ) ;
#2675 = ORIENTED_EDGE ( 'NONE', *, *, #1961, .F. ) ;
#2676 = ORIENTED_EDGE ( 'NONE', *, *, #1369, .F. ) ;
#2677 = DIRECTION ( 'NONE',  ( -0.0000000000000000000, 1.000000000000000000, -0.0000000000000000000 ) ) ;
#2678 =( BOUNDED_SURFACE ( )  B_SPLINE_SURFACE ( 3, 3, ( 
 ( #5869, #3397, #4627, #520 ),
 ( #5273, #1275, #5903, #2040 ),
 ( #6512, #2753, #7123, #3429 ),
 ( #7768, #4033, #8312, #4653 ) ),
 .UNSPECIFIED., .F., .F., .F. ) 
 B_SPLINE_SURFACE_WITH_KNOTS ( ( 4, 4 ),
 ( 4, 4 ),
 ( 0.0000000000000000000, 1.000000000000000000 ),
 ( 0.0000000000000000000, 1.000000000000000000 ),
 .UNSPECIFIED. ) 
 GEOMETRIC_REPRESENTATION_ITEM ( )  RATIONAL_B_SPLINE_SURFACE ( (
 ( 1.000000000000000000, 0.8047378541243652700, 0.8047378541243652700, 1.000000000000000000),
 ( 0.8047378541243649400, 0.6476030138606879700, 0.6476030138606879700, 0.8047378541243649400),
 ( 0.8047378541243649400, 0.6476030138606879700, 0.6476030138606879700, 0.8047378541243649400),
 ( 1.000000000000000000, 0.8047378541243652700, 0.8047378541243652700, 1.000000000000000000) ) ) 
 REPRESENTATION_ITEM ( '' )  SURFACE ( )  );
#2679 = ORIENTED_EDGE ( 'NONE', *, *, #7964, .F. ) ;
#2680 = CARTESIAN_POINT ( 'NONE',  ( 18.87591023243999900, 0.6155003128912000000, 9.900000000000000400 ) ) ;
#2681 = DIRECTION ( 'NONE',  ( 0.0000000000000000000, -1.000000000000000000, -0.0000000000000000000 ) ) ;
#2682 = ORIENTED_EDGE ( 'NONE', *, *, #733, .F. ) ;
#2683 = EDGE_CURVE ( 'NONE', #5563, #4657, #5955, .T. ) ;
#2684 = DIRECTION ( 'NONE',  ( -0.0000000000000000000, 1.000000000000000000, 0.0000000000000000000 ) ) ;
#2685 = CARTESIAN_POINT ( 'NONE',  ( 2.964414639707762000, -1.600000000000000300, -4.793724292052189600 ) ) ;
#2686 = EDGE_LOOP ( 'NONE', ( #2611, #2659, #2715, #3564 ) ) ;
#2687 = VECTOR ( 'NONE', #4287, 1000.000000000000000 ) ;
#2688 = CARTESIAN_POINT ( 'NONE',  ( -3.000000000000000000, -0.4000000000000000200, 4.200000000000000200 ) ) ;
#2689 = CARTESIAN_POINT ( 'NONE',  ( 4.549999999999999800, -0.4000000000000000200, -3.399999999999999900 ) ) ;
#2690 = VERTEX_POINT ( 'NONE', #4672 ) ;
#2691 = VERTEX_POINT ( 'NONE', #4130 ) ;
#2692 = ADVANCED_FACE ( 'NONE', ( #2595 ), #4154, .T. ) ;
#2693 = VECTOR ( 'NONE', #1642, 1000.000000000000000 ) ;
#2694 = CIRCLE ( 'NONE', #3040, 0.5999999999999999800 ) ;
#2695 = CARTESIAN_POINT ( 'NONE',  ( -4.549999999999999800, 0.0000000000000000000, 11.32280125191999800 ) ) ;
#2696 = CARTESIAN_POINT ( 'NONE',  ( 2.614014374353717400, -1.599999999999999900, -4.772722760102031000 ) ) ;
#2697 = CARTESIAN_POINT ( 'NONE',  ( 4.549999999999999800, 0.0000000000000000000, 5.500000000000000000 ) ) ;
#2698 = ORIENTED_EDGE ( 'NONE', *, *, #7189, .F. ) ;
#2699 = VECTOR ( 'NONE', #7989, 1000.000000000000000 ) ;
#2700 = CARTESIAN_POINT ( 'NONE',  ( 4.950000000000000200, 2.681099760024999900, 8.050000000000000700 ) ) ;
#2701 = AXIS2_PLACEMENT_3D ( 'NONE', #1518, #3292, #3275 ) ;
#2702 = ORIENTED_EDGE ( 'NONE', *, *, #1429, .T. ) ;
#2703 = CONICAL_SURFACE ( 'NONE', #1837, 2.999997933759758900, 0.7854027245115815500 ) ;
#2704 = ORIENTED_EDGE ( 'NONE', *, *, #3071, .F. ) ;
#2705 = LINE ( 'NONE', #5843, #2265 ) ;
#2706 = CARTESIAN_POINT ( 'NONE',  ( 0.0000000000000000000, -0.4000000000000000200, 0.0000000000000000000 ) ) ;
#2707 = ORIENTED_EDGE ( 'NONE', *, *, #7555, .F. ) ;
#2708 = FACE_OUTER_BOUND ( 'NONE', #5070, .T. ) ;
#2709 = EDGE_LOOP ( 'NONE', ( #3525, #3718, #4752, #7409 ) ) ;
#2710 = CARTESIAN_POINT ( 'NONE',  ( 4.850000000000000500, 8.499999999999996400, 8.449999999999997500 ) ) ;
#2711 = FACE_OUTER_BOUND ( 'NONE', #7087, .T. ) ;
#2712 = CARTESIAN_POINT ( 'NONE',  ( -4.850000000000000500, 9.000000000000001800, 9.900000000000000400 ) ) ;
#2713 = CARTESIAN_POINT ( 'NONE',  ( -0.6995649517246427300, 6.250000000000000000, 4.175324540156294600 ) ) ;
#2714 = DIRECTION ( 'NONE',  ( 0.6941355705842079400, 0.0000000000000000000, -0.7198442954207083800 ) ) ;
#2715 = ORIENTED_EDGE ( 'NONE', *, *, #5545, .T. ) ;
#2716 = DIRECTION ( 'NONE',  ( 0.9976004757975849300, 0.0000000000000000000, -0.06923359508527908400 ) ) ;
#2717 = ORIENTED_EDGE ( 'NONE', *, *, #1337, .F. ) ;
#2718 = CARTESIAN_POINT ( 'NONE',  ( 4.650000000000000400, 4.200000000000000200, -4.599999999999999600 ) ) ;
#2719 = EDGE_CURVE ( 'NONE', #5738, #2843, #4273, .T. ) ;
#2720 = CIRCLE ( 'NONE', #1069, 0.5999999999999998700 ) ;
#2721 = DIRECTION ( 'NONE',  ( 0.0000000000000000000, 0.0000000000000000000, -1.000000000000000000 ) ) ;
#2722 = FACE_OUTER_BOUND ( 'NONE', #4864, .T. ) ;
#2723 = ORIENTED_EDGE ( 'NONE', *, *, #1320, .F. ) ;
#2724 = CARTESIAN_POINT ( 'NONE',  ( -4.549999999999998900, 0.6155003128912499600, 10.00000000000000000 ) ) ;
#2725 = LINE ( 'NONE', #7929, #2699 ) ;
#2726 = CARTESIAN_POINT ( 'NONE',  ( 2.382334452532286000, -1.600000000000000300, -4.509007337478982100 ) ) ;
#2727 = PLANE ( 'NONE',  #1463 ) ;
#2728 = ORIENTED_EDGE ( 'NONE', *, *, #7443, .F. ) ;
#2729 = FACE_OUTER_BOUND ( 'NONE', #7742, .T. ) ;
#2730 = LINE ( 'NONE', #2809, #529 ) ;
#2731 = ORIENTED_EDGE ( 'NONE', *, *, #672, .T. ) ;
#2732 = LINE ( 'NONE', #3298, #2182 ) ;
#2733 = CARTESIAN_POINT ( 'NONE',  ( 0.0000000000000000000, -16.24500000000000100, 0.0000000000000000000 ) ) ;
#2734 = EDGE_LOOP ( 'NONE', ( #5772, #5704, #6582, #6515 ) ) ;
#2735 = AXIS2_PLACEMENT_3D ( 'NONE', #1845, #1935, #1897 ) ;
#2736 = CARTESIAN_POINT ( 'NONE',  ( -3.250000000000000400, 2.946173311192999300, 9.377564394267999100 ) ) ;
#2737 = ADVANCED_FACE ( 'NONE', ( #609 ), #4100, .T. ) ;
#2738 = FACE_OUTER_BOUND ( 'NONE', #1160, .T. ) ;
#2739 = FACE_OUTER_BOUND ( 'NONE', #1550, .T. ) ;
#2740 = VERTEX_POINT ( 'NONE', #2772 ) ;
#2741 = PLANE ( 'NONE',  #1686 ) ;
#2742 = DIRECTION ( 'NONE',  ( 0.0000000000000000000, 0.0000000000000000000, 1.000000000000000000 ) ) ;
#2743 = CARTESIAN_POINT ( 'NONE',  ( 2.406637457255489400, -1.600000000000000300, -4.158820566932374300 ) ) ;
#2744 = VERTEX_POINT ( 'NONE', #2124 ) ;
#2745 = CARTESIAN_POINT ( 'NONE',  ( 0.0000000000000000000, 0.0000000000000000000, 5.500000000000000000 ) ) ;
#2746 = CARTESIAN_POINT ( 'NONE',  ( -1.750000000000000000, 3.246173311193000000, 6.299999999999999800 ) ) ;
#2747 = PLANE ( 'NONE',  #4302 ) ;
#2748 = DIRECTION ( 'NONE',  ( 0.0000000000000000000, 0.0000000000000000000, -1.000000000000000000 ) ) ;
#2749 = CARTESIAN_POINT ( 'NONE',  ( 4.850000000000000500, 2.149999999999999900, -3.068900239975000100 ) ) ;
#2750 = VECTOR ( 'NONE', #1992, 1000.000000000000000 ) ;
#2751 = ORIENTED_EDGE ( 'NONE', *, *, #3015, .F. ) ;
#2752 = ORIENTED_EDGE ( 'NONE', *, *, #7659, .F. ) ;
#2753 = CARTESIAN_POINT ( 'NONE',  ( -4.950000000000000200, 2.188477631085022700, 8.408578643762691500 ) ) ;
#2754 = EDGE_CURVE ( 'NONE', #645, #2801, #2805, .T. ) ;
#2755 = PLANE ( 'NONE',  #4390 ) ;
#2756 = CARTESIAN_POINT ( 'NONE',  ( 4.125867433327469400, 7.400000000000002100, 12.53272387602196100 ) ) ;
#2757 = CARTESIAN_POINT ( 'NONE',  ( 0.0000000000000000000, 6.250000000000000000, 4.200000000000000200 ) ) ;
#2758 = ORIENTED_EDGE ( 'NONE', *, *, #1713, .T. ) ;
#2759 = CARTESIAN_POINT ( 'NONE',  ( 4.850000000000000500, 3.899999999999999900, -3.399999999999999900 ) ) ;
#2760 = EDGE_CURVE ( 'NONE', #431, #6645, #5768, .T. ) ;
#2761 = EDGE_LOOP ( 'NONE', ( #5654, #5975, #7525, #6433, #6466 ) ) ;
#2762 = AXIS2_PLACEMENT_3D ( 'NONE', #3235, #3209, #1769 ) ;
#2763 = VERTEX_POINT ( 'NONE', #1302 ) ;
#2764 = CARTESIAN_POINT ( 'NONE',  ( 3.000000000000000000, 0.0000000000000000000, 4.200000000000000200 ) ) ;
#2765 = ORIENTED_EDGE ( 'NONE', *, *, #1916, .F. ) ;
#2766 = CARTESIAN_POINT ( 'NONE',  ( 2.000000000000000000, 0.0000000000000000000, 6.299999999999999800 ) ) ;
#2767 = LINE ( 'NONE', #4194, #2674 ) ;
#2768 = PLANE ( 'NONE',  #6332 ) ;
#2769 = DIRECTION ( 'NONE',  ( 0.0000000000000000000, 1.000000000000000000, 0.0000000000000000000 ) ) ;
#2770 = EDGE_CURVE ( 'NONE', #3092, #6060, #7404, .T. ) ;
#2771 = AXIS2_PLACEMENT_3D ( 'NONE', #119, #4945, #877 ) ;
#2772 = CARTESIAN_POINT ( 'NONE',  ( -4.549999999999999800, 8.115000000000000200, 9.619999999999999200 ) ) ;
#2773 = VERTEX_POINT ( 'NONE', #1455 ) ;
#2774 = SHAPE_DEFINITION_REPRESENTATION ( #6140, #2817 ) ;
#2775 = ORIENTED_EDGE ( 'NONE', *, *, #1605, .F. ) ;
#2776 = CARTESIAN_POINT ( 'NONE',  ( 2.553999999999999800, -1.600000000000000100, -4.200000000000000200 ) ) ;
#2777 = DIRECTION ( 'NONE',  ( 0.0000000000000000000, 1.000000000000000000, 0.0000000000000000000 ) ) ;
#2778 = ORIENTED_EDGE ( 'NONE', *, *, #1981, .F. ) ;
#2779 = ADVANCED_FACE ( 'NONE', ( #375 ), #606, .T. ) ;
#2780 = CARTESIAN_POINT ( 'NONE',  ( 3.432161879950562400, -1.599999999999999900, -4.485369003721092300 ) ) ;
#2781 = CARTESIAN_POINT ( 'NONE',  ( 0.0000000000000000000, 4.700000000000000200, 4.200000000000000200 ) ) ;
#2782 = EDGE_CURVE ( 'NONE', #6645, #4079, #8106, .T. ) ;
#2783 = CARTESIAN_POINT ( 'NONE',  ( 3.250000000000000900, 3.246173311193000000, 6.299999999999999800 ) ) ;
#2784 = DIRECTION ( 'NONE',  ( -0.0000000000000000000, 1.000000000000000000, -0.0000000000000000000 ) ) ;
#2785 = VERTEX_POINT ( 'NONE', #1269 ) ;
#2786 =( BOUNDED_SURFACE ( )  B_SPLINE_SURFACE ( 3, 3, ( 
 ( #4977, #883, #914, #5605 ),
 ( #1671, #6223, #2433, #6818 ),
 ( #3115, #7474, #3754, #8050 ),
 ( #4350, #201, #5008, #951 ) ),
 .UNSPECIFIED., .F., .F., .F. ) 
 B_SPLINE_SURFACE_WITH_KNOTS ( ( 4, 4 ),
 ( 4, 4 ),
 ( 0.0000000000000000000, 1.000000000000000000 ),
 ( 0.0000000000000000000, 1.000000000000000000 ),
 .UNSPECIFIED. ) 
 GEOMETRIC_REPRESENTATION_ITEM ( )  RATIONAL_B_SPLINE_SURFACE ( (
 ( 1.000000000000000000, 0.8047378538539881100, 0.8047378538539881100, 1.000000000000000000),
 ( 0.8047378541243649400, 0.6476030136431052400, 0.6476030136431052400, 0.8047378541243649400),
 ( 0.8047378541243649400, 0.6476030136431052400, 0.6476030136431052400, 0.8047378541243649400),
 ( 1.000000000000000000, 0.8047378538539881100, 0.8047378538539881100, 1.000000000000000000) ) ) 
 REPRESENTATION_ITEM ( '' )  SURFACE ( )  );
#2787 = VERTEX_POINT ( 'NONE', #7413 ) ;
#2788 = LINE ( 'NONE', #3915, #6128 ) ;
#2789 = DIRECTION ( 'NONE',  ( 1.000000000000000000, 0.0000000000000000000, 0.0000000000000000000 ) ) ;
#2790 = ORIENTED_EDGE ( 'NONE', *, *, #1567, .T. ) ;
#2791 = DIRECTION ( 'NONE',  ( 0.0000000000000000000, -0.0000000000000000000, 1.000000000000000000 ) ) ;
#2792 = CARTESIAN_POINT ( 'NONE',  ( -4.400000000000000400, 2.946173311193000200, 6.299999999999999800 ) ) ;
#2793 = ORIENTED_EDGE ( 'NONE', *, *, #1277, .F. ) ;
#2794 = VECTOR ( 'NONE', #7126, 1000.000000000000000 ) ;
#2795 =( GEOMETRIC_REPRESENTATION_CONTEXT ( 3 ) GLOBAL_UNCERTAINTY_ASSIGNED_CONTEXT ( ( #6001 ) ) GLOBAL_UNIT_ASSIGNED_CONTEXT ( ( #4787, #7902, #4175 ) ) REPRESENTATION_CONTEXT ( 'NONE', 'WORKASPACE' ) );
#2796 = DIRECTION ( 'NONE',  ( 0.0000000000000000000, 1.000000000000000000, 0.0000000000000000000 ) ) ;
#2797 = DIRECTION ( 'NONE',  ( 0.0000000000000000000, -1.000000000000000000, 0.0000000000000000000 ) ) ;
#2798 = EDGE_CURVE ( 'NONE', #4079, #1116, #3896, .T. ) ;
#2799 = ORIENTED_EDGE ( 'NONE', *, *, #625, .T. ) ;
#2800 = CARTESIAN_POINT ( 'NONE',  ( 3.236062316877749800, -1.600000000000000300, -4.660948957388431100 ) ) ;
#2801 = VERTEX_POINT ( 'NONE', #7293 ) ;
#2802 = DIRECTION ( 'NONE',  ( 0.0000000000000000000, 1.000000000000000000, 0.0000000000000000000 ) ) ;
#2803 = FACE_OUTER_BOUND ( 'NONE', #5971, .T. ) ;
#2804 = ORIENTED_EDGE ( 'NONE', *, *, #5042, .T. ) ;
#2805 = CIRCLE ( 'NONE', #7930, 0.7000000000000000700 ) ;
#2806 = EDGE_CURVE ( 'NONE', #645, #434, #5570, .T. ) ;
#2807 = DIRECTION ( 'NONE',  ( -0.0000000000000000000, -1.000000000000000000, -0.0000000000000000000 ) ) ;
#2808 = VERTEX_POINT ( 'NONE', #6786 ) ;
#2809 = CARTESIAN_POINT ( 'NONE',  ( -2.100000000000000100, 3.246173311193000000, 9.622999999999999300 ) ) ;
#2810 = FACE_OUTER_BOUND ( 'NONE', #3589, .T. ) ;
#2811 = DIRECTION ( 'NONE',  ( 0.0000000000000000000, 0.0000000000000000000, -1.000000000000000000 ) ) ;
#2812 = CARTESIAN_POINT ( 'NONE',  ( 2.973316502927757300, -1.600000000000000100, -4.645201068040044000 ) ) ;
#2813 = VERTEX_POINT ( 'NONE', #6669 ) ;
#2814 = VECTOR ( 'NONE', #3707, 1000.000000000000000 ) ;
#2815 = CARTESIAN_POINT ( 'NONE',  ( 1.899999999999999700, 4.700000000000000200, 3.200000000000000200 ) ) ;
#2816 = DIRECTION ( 'NONE',  ( 0.0000000000000000000, -1.000000000000000000, 0.0000000000000000000 ) ) ;
#2817 = ADVANCED_BREP_SHAPE_REPRESENTATION ( 'PTV09A-2015F-B103', ( #957, #7396, #6170 ), #2795 ) ;
#2818 = DIRECTION ( 'NONE',  ( -1.000000000000000000, 0.0000000000000000000, 0.0000000000000000000 ) ) ;
#2819 = EDGE_CURVE ( 'NONE', #434, #6765, #4090, .T. ) ;
#2820 = ORIENTED_EDGE ( 'NONE', *, *, #2610, .F. ) ;
#2821 = VECTOR ( 'NONE', #1117, 1000.000000000000000 ) ;
#2822 = EDGE_LOOP ( 'NONE', ( #6347, #1377, #5240, #4116, #2572 ) ) ;
#2823 = DIRECTION ( 'NONE',  ( 0.0000000000000000000, 0.0000000000000000000, 1.000000000000000000 ) ) ;
#2824 = CYLINDRICAL_SURFACE ( 'NONE', #3725, 0.6500000000000000200 ) ;
#2825 = DIRECTION ( 'NONE',  ( -0.0000000000000000000, -1.000000000000000000, -0.0000000000000000000 ) ) ;
#2826 = ADVANCED_FACE ( 'NONE', ( #7001 ), #6740, .F. ) ;
#2827 = ORIENTED_EDGE ( 'NONE', *, *, #1821, .T. ) ;
#2828 = DIRECTION ( 'NONE',  ( 0.0000000000000000000, -0.0000000000000000000, 1.000000000000000000 ) ) ;
#2829 = CARTESIAN_POINT ( 'NONE',  ( 2.710570688977765200, -1.600000000000000300, -4.629453178691656000 ) ) ;
#2830 = CIRCLE ( 'NONE', #4012, 0.2999999999999999300 ) ;
#2831 = VECTOR ( 'NONE', #5535, 1000.000000000000000 ) ;
#2832 = ORIENTED_EDGE ( 'NONE', *, *, #2914, .F. ) ;
#2833 = CARTESIAN_POINT ( 'NONE',  ( 4.850000000000000500, 8.500000000000000000, 7.076452044609999900 ) ) ;
#2834 = EDGE_CURVE ( 'NONE', #1116, #8452, #8065, .T. ) ;
#2836 = EDGE_LOOP ( 'NONE', ( #6475, #858 ) ) ;
#2835 = AXIS2_PLACEMENT_3D ( 'NONE', #2568, #6952, #3250 ) ;
#2837 = FACE_OUTER_BOUND ( 'NONE', #4155, .T. ) ;
#2838 = DIRECTION ( 'NONE',  ( 0.0000000000000000000, 0.0000000000000000000, -1.000000000000000000 ) ) ;
#2839 = CARTESIAN_POINT ( 'NONE',  ( 0.0000000000000000000, -1.200000000000000000, 0.0000000000000000000 ) ) ;
#2840 = FACE_OUTER_BOUND ( 'NONE', #5039, .T. ) ;
#2841 = EDGE_LOOP ( 'NONE', ( #4862, #4123, #4679, #4730 ) ) ;
#2842 = VECTOR ( 'NONE', #3545, 1000.000000000000000 ) ;
#2843 = VERTEX_POINT ( 'NONE', #5470 ) ;
#2844 = CARTESIAN_POINT ( 'NONE',  ( -5.232842712474081300, 7.019999999999999600, 13.69999999999976100 ) ) ;
#2845 = VECTOR ( 'NONE', #6666, 1000.000000000000000 ) ;
#2846 = ORIENTED_EDGE ( 'NONE', *, *, #2111, .F. ) ;
#2847 = AXIS2_PLACEMENT_3D ( 'NONE', #2335, #2323, #2457 ) ;
#2848 = CARTESIAN_POINT ( 'NONE',  ( -4.850000000000000500, 2.750000000000000000, 8.449999999999999300 ) ) ;
#2849 = EDGE_CURVE ( 'NONE', #2325, #3790, #5378, .T. ) ;
#2850 = CARTESIAN_POINT ( 'NONE',  ( -4.549999999999999800, 3.899999999999999900, -5.500000000000000000 ) ) ;
#2851 = ORIENTED_EDGE ( 'NONE', *, *, #6891, .T. ) ;
#2852 = CARTESIAN_POINT ( 'NONE',  ( -3.000000000000000000, 4.049999999999999800, -0.5000000000000000000 ) ) ;
#2853 = CARTESIAN_POINT ( 'NONE',  ( -3.000000000000000000, 0.0000000000000000000, -4.850000000000001400 ) ) ;
#2854 = ORIENTED_EDGE ( 'NONE', *, *, #518, .T. ) ;
#2855 = CARTESIAN_POINT ( 'NONE',  ( 2.555070187794183500, -1.600000000000000300, -4.169121816593317000 ) ) ;
#2856 = CARTESIAN_POINT ( 'NONE',  ( 4.400000000000000400, 4.049999999999999800, -4.799999999999999800 ) ) ;
#2857 = ORIENTED_EDGE ( 'NONE', *, *, #1184, .T. ) ;
#2858 = AXIS2_PLACEMENT_3D ( 'NONE', #782, #748, #737 ) ;
#2859 = DIRECTION ( 'NONE',  ( 0.0000000000000000000, -1.000000000000000000, 0.0000000000000000000 ) ) ;
#2860 = DIRECTION ( 'NONE',  ( -0.0000000000000000000, -0.0000000000000000000, -1.000000000000000000 ) ) ;
#2861 = ORIENTED_EDGE ( 'NONE', *, *, #1993, .T. ) ;
#2862 = ADVANCED_FACE ( 'NONE', ( #6796 ), #4201, .T. ) ;
#2863 = DIRECTION ( 'NONE',  ( 0.0000000000000000000, 1.000000000000000000, 0.0000000000000000000 ) ) ;
#2864 = CARTESIAN_POINT ( 'NONE',  ( 4.850000000000000500, 2.250000000000000400, 7.450000000007500800 ) ) ;
#2865 = CARTESIAN_POINT ( 'NONE',  ( -4.850000000000000500, 2.149999999999999900, 7.450000000000000200 ) ) ;
#2866 = ORIENTED_EDGE ( 'NONE', *, *, #2652, .F. ) ;
#2867 = DIRECTION ( 'NONE',  ( -0.0000000000000000000, -1.000000000000000000, -0.0000000000000000000 ) ) ;
#2868 = LINE ( 'NONE', #6827, #2446 ) ;
#2869 = DIRECTION ( 'NONE',  ( 0.0000000000000000000, 0.0000000000000000000, 1.000000000000000000 ) ) ;
#2870 = EDGE_LOOP ( 'NONE', ( #7403, #2056, #4956, #8379 ) ) ;
#2871 = EDGE_LOOP ( 'NONE', ( #2471, #4294, #123, #3808, #7560, #1305 ) ) ;
#2872 = VERTEX_POINT ( 'NONE', #3698 ) ;
#2873 = DIRECTION ( 'NONE',  ( 0.0000000000000000000, 1.000000000000000000, 0.0000000000000000000 ) ) ;
#2874 = VECTOR ( 'NONE', #7307, 1000.000000000000000 ) ;
#2875 = VECTOR ( 'NONE', #3221, 1000.000000000000000 ) ;
#2876 = ORIENTED_EDGE ( 'NONE', *, *, #1214, .F. ) ;
#2877 = DIRECTION ( 'NONE',  ( 1.000000000000000000, 0.0000000000000000000, 0.0000000000000000000 ) ) ;
#2878 = VERTEX_POINT ( 'NONE', #3018 ) ;
#2879 = DIRECTION ( 'NONE',  ( 0.0000000000000000000, -1.000000000000000000, 0.0000000000000000000 ) ) ;
#2880 = DIRECTION ( 'NONE',  ( -1.000000000000000000, -0.0000000000000000000, 0.0000000000000000000 ) ) ;
#2881 = EDGE_CURVE ( 'NONE', #2787, #431, #2941, .T. ) ;
#2882 = DIRECTION ( 'NONE',  ( -1.000000000000000000, -0.0000000000000000000, -0.0000000000000000000 ) ) ;
#2883 = ORIENTED_EDGE ( 'NONE', *, *, #565, .T. ) ;
#2884 = AXIS2_PLACEMENT_3D ( 'NONE', #2575, #6963, #3263 ) ;
#2885 = PLANE ( 'NONE',  #249 ) ;
#2886 = CARTESIAN_POINT ( 'NONE',  ( -0.5094624315082161300, 6.399992209528956100, -5.315594722103203800 ) ) ;
#2887 = ORIENTED_EDGE ( 'NONE', *, *, #407, .F. ) ;
#2888 =( BOUNDED_CURVE ( )  B_SPLINE_CURVE ( 3, ( #619, #696, #604, #594 ),
 .UNSPECIFIED., .F., .F. ) 
 B_SPLINE_CURVE_WITH_KNOTS ( ( 4, 4 ),
 ( 0.0000000000000000000, 1.000000000000000000 ),
 .UNSPECIFIED. ) 
 CURVE ( )  GEOMETRIC_REPRESENTATION_ITEM ( )  RATIONAL_B_SPLINE_CURVE ( ( 1.000000000000000000, 0.8047378541279013300, 0.8047378541279013300, 1.000000000000000000 ) ) 
 REPRESENTATION_ITEM ( '' )  );
#2889 = ORIENTED_EDGE ( 'NONE', *, *, #276, .T. ) ;
#2890 = ORIENTED_EDGE ( 'NONE', *, *, #5317, .F. ) ;
#2891 = VECTOR ( 'NONE', #7995, 1000.000000000000000 ) ;
#2892 = DIRECTION ( 'NONE',  ( 0.0000000000000000000, 0.0000000000000000000, 1.000000000000000000 ) ) ;
#2893 = CARTESIAN_POINT ( 'NONE',  ( -4.549999999999999800, 0.0000000000000000000, 10.00000000000000000 ) ) ;
#2894 = CARTESIAN_POINT ( 'NONE',  ( 4.549999999999999800, -0.4000000000000000200, -5.500000000000000000 ) ) ;
#2895 = ORIENTED_EDGE ( 'NONE', *, *, #4887, .T. ) ;
#2896 = ORIENTED_EDGE ( 'NONE', *, *, #1695, .F. ) ;
#2897 = LINE ( 'NONE', #2218, #4078 ) ;
#2898 = EDGE_LOOP ( 'NONE', ( #3732, #7507 ) ) ;
#2899 = LINE ( 'NONE', #2517, #962 ) ;
#2900 = CARTESIAN_POINT ( 'NONE',  ( 4.946590467579683000, 5.400000000000000400, 13.39815458647035000 ) ) ;
#2901 = DIRECTION ( 'NONE',  ( -0.0000000000000000000, -0.0000000000000000000, -1.000000000000000000 ) ) ;
#2902 = ORIENTED_EDGE ( 'NONE', *, *, #3782, .T. ) ;
#2903 = LINE ( 'NONE', #7947, #3257 ) ;
#2904 = ADVANCED_FACE ( 'NONE', ( #7199 ), #2305, .F. ) ;
#2905 = ORIENTED_EDGE ( 'NONE', *, *, #1115, .F. ) ;
#2906 = ORIENTED_EDGE ( 'NONE', *, *, #2621, .F. ) ;
#2907 = LINE ( 'NONE', #3318, #6058 ) ;
#2908 = VECTOR ( 'NONE', #8451, 1000.000000000000000 ) ;
#2909 = CARTESIAN_POINT ( 'NONE',  ( -2.770244332969233900, -1.600000000000000100, 3.736982166683051200 ) ) ;
#2910 = CARTESIAN_POINT ( 'NONE',  ( 5.232842712473803300, 7.019999999999999600, 13.69999999999835300 ) ) ;
#2911 = EDGE_CURVE ( 'NONE', #8452, #2787, #5178, .T. ) ;
#2912 = CARTESIAN_POINT ( 'NONE',  ( -3.277412333816138300, -1.600000000000000300, 3.772179686193355000 ) ) ;
#2913 = ORIENTED_EDGE ( 'NONE', *, *, #420, .T. ) ;
#2914 = EDGE_CURVE ( 'NONE', #2801, #1351, #1664, .T. ) ;
#2915 = CIRCLE ( 'NONE', #1889, 0.7000000000000000700 ) ;
#2916 = EDGE_LOOP ( 'NONE', ( #5151, #4847, #2475, #6378, #769, #3612 ) ) ;
#2917 = DIRECTION ( 'NONE',  ( -0.0000000000000000000, -1.000000000000000000, 0.0000000000000000000 ) ) ;
#2918 = PLANE ( 'NONE',  #254 ) ;
#2919 = VECTOR ( 'NONE', #7435, 1000.000000000000000 ) ;
#2920 = CARTESIAN_POINT ( 'NONE',  ( -3.000000000000000000, 4.700000000000000200, 0.5000000000000000000 ) ) ;
#2921 = ORIENTED_EDGE ( 'NONE', *, *, #2085, .F. ) ;
#2922 = CARTESIAN_POINT ( 'NONE',  ( -18.87591023243999900, 8.514499687108999700, 10.00000000000000000 ) ) ;
#2923 = ORIENTED_EDGE ( 'NONE', *, *, #1758, .T. ) ;
#2924 = VECTOR ( 'NONE', #5731, 1000.000000000000000 ) ;
#2925 = EDGE_CURVE ( 'NONE', #93, #7498, #3529, .T. ) ;
#2926 = FACE_OUTER_BOUND ( 'NONE', #6063, .T. ) ;
#2927 = ORIENTED_EDGE ( 'NONE', *, *, #2247, .T. ) ;
#2928 = CYLINDRICAL_SURFACE ( 'NONE', #1088, 0.2999999999999999300 ) ;
#2929 = CARTESIAN_POINT ( 'NONE',  ( 5.114273150379284000, 5.399999999999869800, 13.57497153597555300 ) ) ;
#2930 = ORIENTED_EDGE ( 'NONE', *, *, #3495, .F. ) ;
#2931 = DIRECTION ( 'NONE',  ( 0.0000000000000000000, 0.0000000000000000000, 1.000000000000000000 ) ) ;
#2932 = EDGE_CURVE ( 'NONE', #4461, #2325, #4985, .T. ) ;
#2933 = CARTESIAN_POINT ( 'NONE',  ( 0.0000000000000000000, 0.0000000000000000000, 5.500000000000000000 ) ) ;
#2934 = AXIS2_PLACEMENT_3D ( 'NONE', #7264, #3565, #7888 ) ;
#2935 = CIRCLE ( 'NONE', #6807, 3.000000000000000000 ) ;
#2936 = LINE ( 'NONE', #7156, #4410 ) ;
#2937 = VERTEX_POINT ( 'NONE', #789 ) ;
#2938 = CARTESIAN_POINT ( 'NONE',  ( -2.611236839938410700, -1.600000000000001400, 4.769240192105852000 ) ) ;
#2939 = LINE ( 'NONE', #3354, #2525 ) ;
#2940 =( NAMED_UNIT ( * ) PLANE_ANGLE_UNIT ( ) SI_UNIT ( $, .RADIAN. ) );
#2941 =( BOUNDED_CURVE ( )  B_SPLINE_CURVE ( 3, ( #2987, #2959, #2929, #2900 ),
 .UNSPECIFIED., .F., .F. ) 
 B_SPLINE_CURVE_WITH_KNOTS ( ( 4, 4 ),
 ( 3.141592653589795300, 4.712388980385277600 ),
 .UNSPECIFIED. ) 
 CURVE ( )  GEOMETRIC_REPRESENTATION_ITEM ( )  RATIONAL_B_SPLINE_CURVE ( ( 1.000000000000000000, 0.8047378541242269400, 0.8047378541242269400, 1.000000000000000000 ) ) 
 REPRESENTATION_ITEM ( '' )  );
#2942 = EDGE_LOOP ( 'NONE', ( #1390, #1680, #563, #585 ) ) ;
#2943 = DIRECTION ( 'NONE',  ( 0.0000000000000000000, 0.0000000000000000000, 1.000000000000000000 ) ) ;
#2944 = VECTOR ( 'NONE', #1010, 1000.000000000000000 ) ;
#2945 = CARTESIAN_POINT ( 'NONE',  ( 2.598075369644055100, -8.100000511174373600, -1.500000540738096700 ) ) ;
#2946 = DIRECTION ( 'NONE',  ( -0.0000000000000000000, -1.000000000000000000, -0.0000000000000000000 ) ) ;
#2947 = LINE ( 'NONE', #1830, #4417 ) ;
#2948 = ORIENTED_EDGE ( 'NONE', *, *, #1645, .F. ) ;
#2949 = EDGE_CURVE ( 'NONE', #5738, #3084, #8221, .T. ) ;
#2950 = AXIS2_PLACEMENT_3D ( 'NONE', #5591, #1651, #4959 ) ;
#2951 = ADVANCED_FACE ( 'NONE', ( #8046 ), #6570, .T. ) ;
#2952 = ORIENTED_EDGE ( 'NONE', *, *, #2986, .T. ) ;
#2953 = CARTESIAN_POINT ( 'NONE',  ( 1.899999999999999900, 4.700000000000000200, 0.0000000000000000000 ) ) ;
#2954 = DIRECTION ( 'NONE',  ( 0.0000000000000000000, -1.000000000000000000, 0.0000000000000000000 ) ) ;
#2955 = DIRECTION ( 'NONE',  ( -1.000000000000000000, 0.0000000000000000000, -0.0000000000000000000 ) ) ;
#2956 = FACE_OUTER_BOUND ( 'NONE', #5389, .T. ) ;
#2957 = EDGE_LOOP ( 'NONE', ( #6181, #4398, #600, #6852 ) ) ;
#2958 = ORIENTED_EDGE ( 'NONE', *, *, #456, .T. ) ;
#2959 = CARTESIAN_POINT ( 'NONE',  ( 5.232842712474468500, 5.557401153701673200, 13.69999999999944000 ) ) ;
#2960 = AXIS2_PLACEMENT_3D ( 'NONE', #8278, #4616, #508 ) ;
#2961 = CARTESIAN_POINT ( 'NONE',  ( -0.5496577428988236300, 6.400000000000000400, 4.180612153982999700 ) ) ;
#2962 = CARTESIAN_POINT ( 'NONE',  ( 4.549999999999999800, 3.899999999999999900, -5.500000000000000000 ) ) ;
#2963 = EDGE_CURVE ( 'NONE', #2140, #5313, #6437, .T. ) ;
#2964 = VERTEX_POINT ( 'NONE', #6847 ) ;
#2965 = ORIENTED_EDGE ( 'NONE', *, *, #2134, .F. ) ;
#2966 = AXIS2_PLACEMENT_3D ( 'NONE', #3680, #3603, #3594 ) ;
#2967 = CARTESIAN_POINT ( 'NONE',  ( -2.273290397452921500, -1.346000000000000100, 4.560603067493756800 ) ) ;
#2968 = VECTOR ( 'NONE', #8104, 1000.000000000000000 ) ;
#2969 = CARTESIAN_POINT ( 'NONE',  ( 2.536846706282327400, -1.600000000000000300, -4.431707542573919400 ) ) ;
#2970 = DIRECTION ( 'NONE',  ( 0.7198442954207083800, -0.0000000000000000000, 0.6941355705842079400 ) ) ;
#2971 = AXIS2_PLACEMENT_3D ( 'NONE', #874, #861, #844 ) ;
#2972 = VERTEX_POINT ( 'NONE', #8000 ) ;
#2973 = DIRECTION ( 'NONE',  ( -1.000000000000000000, -0.0000000000000000000, 0.0000000000000000000 ) ) ;
#2974 = FACE_OUTER_BOUND ( 'NONE', #5744, .T. ) ;
#2975 = AXIS2_PLACEMENT_3D ( 'NONE', #3509, #3496, #3490 ) ;
#2976 = CARTESIAN_POINT ( 'NONE',  ( -3.000000000000000400, 4.700000000000000200, 0.5000000000000000000 ) ) ;
#2977 = CARTESIAN_POINT ( 'NONE',  ( 3.673940397442059900E-016, -1.199999999999999700, -3.000000000000000000 ) ) ;
#2978 = EDGE_LOOP ( 'NONE', ( #7682, #2385, #5680, #21 ) ) ;
#2979 = FACE_OUTER_BOUND ( 'NONE', #7723, .T. ) ;
#2980 = CARTESIAN_POINT ( 'NONE',  ( -0.7489158714129668900, 6.250000000000000900, 5.574454443605995700 ) ) ;
#2981 = PLANE ( 'NONE',  #547 ) ;
#2982 = EDGE_LOOP ( 'NONE', ( #4984, #4057, #3716, #6207 ) ) ;
#2983 = ORIENTED_EDGE ( 'NONE', *, *, #7320, .T. ) ;
#2984 = AXIS2_PLACEMENT_3D ( 'NONE', #1145, #8193, #2632 ) ;
#2985 = CARTESIAN_POINT ( 'NONE',  ( -2.600000000000000500, 2.946173311192998900, 13.50000000000000000 ) ) ;
#2986 = EDGE_CURVE ( 'NONE', #38, #4128, #3123, .T. ) ;
#2987 = CARTESIAN_POINT ( 'NONE',  ( 5.232842712474724300, 5.779999999999999400, 13.69999999999969600 ) ) ;
#2988 = CARTESIAN_POINT ( 'NONE',  ( -2.730176078488340900, -8.100015562377455700, -1.271196244090145400 ) ) ;
#2989 = ORIENTED_EDGE ( 'NONE', *, *, #5285, .T. ) ;
#2990 = DIRECTION ( 'NONE',  ( -1.000000000000000000, 0.0000000000000000000, -0.0000000000000000000 ) ) ;
#2991 = ADVANCED_FACE ( 'NONE', ( #4773 ), #6782, .F. ) ;
#2992 = CARTESIAN_POINT ( 'NONE',  ( -4.850000000000000500, 0.0000000000000000000, 6.576452044609999900 ) ) ;
#2993 = EDGE_LOOP ( 'NONE', ( #4790, #2390, #6310, #656, #3471, #7583 ) ) ;
#2994 = PLANE ( 'NONE',  #488 ) ;
#2995 = DIRECTION ( 'NONE',  ( 0.0000000000000000000, 0.0000000000000000000, -1.000000000000000000 ) ) ;
#2996 = ORIENTED_EDGE ( 'NONE', *, *, #1810, .F. ) ;
#2997 = CARTESIAN_POINT ( 'NONE',  ( -4.650000000000000400, 4.500000000000000900, -4.599999999999999600 ) ) ;
#2998 = AXIS2_PLACEMENT_3D ( 'NONE', #4320, #160, #4971 ) ;
#3000 = VERTEX_POINT ( 'NONE', #6334 ) ;
#2999 = CARTESIAN_POINT ( 'NONE',  ( 3.049999999999999800, 4.529368840467999900, -4.000000000000000000 ) ) ;
#3001 = ORIENTED_EDGE ( 'NONE', *, *, #380, .F. ) ;
#3002 = CIRCLE ( 'NONE', #1919, 3.060000000000000100 ) ;
#3003 = VERTEX_POINT ( 'NONE', #4348 ) ;
#3004 = ORIENTED_EDGE ( 'NONE', *, *, #59, .T. ) ;
#3005 = CARTESIAN_POINT ( 'NONE',  ( 4.850000000000000500, 7.700000000000000200, 9.619999999999999200 ) ) ;
#3006 = CARTESIAN_POINT ( 'NONE',  ( 0.5000000000000000000, 4.700000000000000200, -0.8700000000002999800 ) ) ;
#3007 = FACE_OUTER_BOUND ( 'NONE', #2942, .T. ) ;
#3008 = CARTESIAN_POINT ( 'NONE',  ( -4.850000000000000500, 0.0000000000000000000, 10.00000000000000000 ) ) ;
#3009 = VERTEX_POINT ( 'NONE', #4431 ) ;
#3010 = LINE ( 'NONE', #5426, #7798 ) ;
#3011 = DIRECTION ( 'NONE',  ( 0.0000000000000000000, 0.0000000000000000000, 1.000000000000000000 ) ) ;
#3012 = CARTESIAN_POINT ( 'NONE',  ( -1.899999999999999900, 4.049999999999999800, -4.799999999999999800 ) ) ;
#3013 = PRESENTATION_LAYER_ASSIGNMENT (  '', '', ( #2565 ) ) ;
#3014 = AXIS2_PLACEMENT_3D ( 'NONE', #2749, #709, #2789 ) ;
#3015 = EDGE_CURVE ( 'NONE', #45, #2964, #3331, .T. ) ;
#3016 = ORIENTED_EDGE ( 'NONE', *, *, #7869, .T. ) ;
#3017 = VECTOR ( 'NONE', #1148, 1000.000000000000000 ) ;
#3018 = CARTESIAN_POINT ( 'NONE',  ( -4.650000000000000400, 4.500000000000000900, 3.399999999999999900 ) ) ;
#3019 = ORIENTED_EDGE ( 'NONE', *, *, #7130, .T. ) ;
#3020 = CYLINDRICAL_SURFACE ( 'NONE', #4860, 0.3799999999999992300 ) ;
#3021 = CARTESIAN_POINT ( 'NONE',  ( -1.727346411294336900, -8.099991953226101800, 2.466716649463364300 ) ) ;
#3022 = DIRECTION ( 'NONE',  ( 0.0000000000000000000, -0.0000000000000000000, 1.000000000000000000 ) ) ;
#3023 = PLANE ( 'NONE',  #2416 ) ;
#3024 = EDGE_LOOP ( 'NONE', ( #4626, #4901, #4823, #3998 ) ) ;
#3025 = LINE ( 'NONE', #3280, #2048 ) ;
#3026 = AXIS2_PLACEMENT_3D ( 'NONE', #941, #927, #917 ) ;
#3027 = EDGE_LOOP ( 'NONE', ( #8253, #3301, #7482, #794, #4620 ) ) ;
#3028 = CARTESIAN_POINT ( 'NONE',  ( -3.000000000000000000, 4.049999999999999800, -2.500000000000000000 ) ) ;
#3029 = DIRECTION ( 'NONE',  ( 0.0000000000000000000, -1.000000000000000000, 0.0000000000000000000 ) ) ;
#3030 = CARTESIAN_POINT ( 'NONE',  ( -0.4000000000000000200, 3.246173311193000000, 9.923000000000000000 ) ) ;
#3031 = FACE_OUTER_BOUND ( 'NONE', #3113, .T. ) ;
#3032 = CARTESIAN_POINT ( 'NONE',  ( 1.899999999999999900, 4.700000000000000200, 3.200000000000000200 ) ) ;
#3033 = EDGE_CURVE ( 'NONE', #93, #4096, #7878, .T. ) ;
#3034 = VECTOR ( 'NONE', #6151, 1000.000000000000000 ) ;
#3035 = ORIENTED_EDGE ( 'NONE', *, *, #1029, .T. ) ;
#3036 = LINE ( 'NONE', #8117, #2289 ) ;
#3037 = CARTESIAN_POINT ( 'NONE',  ( 0.1000000000000000100, 3.246173311193000000, 13.19999999999999900 ) ) ;
#3038 = CARTESIAN_POINT ( 'NONE',  ( 0.6366504108524343500, 6.400894984940225500, -4.177543698252714300 ) ) ;
#3039 = VERTEX_POINT ( 'NONE', #3111 ) ;
#3040 = AXIS2_PLACEMENT_3D ( 'NONE', #7649, #7624, #7032 ) ;
#3041 = ADVANCED_FACE ( 'NONE', ( #1200 ), #3146, .F. ) ;
#3042 = CARTESIAN_POINT ( 'NONE',  ( 3.728034202984648300, 5.400000000000002100, 12.53277621050272600 ) ) ;
#3043 = VECTOR ( 'NONE', #2973, 1000.000000000000000 ) ;
#3044 = DIRECTION ( 'NONE',  ( 0.0000000000000000000, 0.0000000000000000000, 1.000000000000000000 ) ) ;
#3045 = DIRECTION ( 'NONE',  ( 0.0000000000000000000, 1.000000000000000000, -0.0000000000000000000 ) ) ;
#3046 = FACE_OUTER_BOUND ( 'NONE', #5316, .T. ) ;
#3047 = ORIENTED_EDGE ( 'NONE', *, *, #292, .T. ) ;
#3048 = DIRECTION ( 'NONE',  ( 0.0000000000000000000, 0.0000000000000000000, 1.000000000000000000 ) ) ;
#3049 = CARTESIAN_POINT ( 'NONE',  ( -2.450000000000000200, 4.099999999999999600, 3.399999999999999900 ) ) ;
#3050 = EDGE_LOOP ( 'NONE', ( #3220, #7317, #1953, #4642 ) ) ;
#3051 = DIRECTION ( 'NONE',  ( -0.0000000000000000000, -1.000000000000000000, -0.0000000000000000000 ) ) ;
#3052 = DIRECTION ( 'NONE',  ( 0.0000000000000000000, 0.0000000000000000000, -1.000000000000000000 ) ) ;
#3053 = CARTESIAN_POINT ( 'NONE',  ( 2.049999999999999800, 2.946173311192998400, 9.377564394267999100 ) ) ;
#3054 = FACE_OUTER_BOUND ( 'NONE', #4919, .T. ) ;
#3055 = CARTESIAN_POINT ( 'NONE',  ( 0.0000000000000000000, 4.700000000000000200, -3.500000000000000400 ) ) ;
#3056 = DIRECTION ( 'NONE',  ( 1.000000000000000000, -0.0000000000000000000, 0.0000000000000000000 ) ) ;
#3057 = LINE ( 'NONE', #1638, #4506 ) ;
#3058 = ORIENTED_EDGE ( 'NONE', *, *, #4230, .F. ) ;
#3059 = EDGE_CURVE ( 'NONE', #1225, #5421, #2899, .T. ) ;
#3060 = ORIENTED_EDGE ( 'NONE', *, *, #1065, .F. ) ;
#3061 = CARTESIAN_POINT ( 'NONE',  ( 2.466738937935870200, -8.099982806363968300, 1.727155347616050200 ) ) ;
#3062 = CARTESIAN_POINT ( 'NONE',  ( -3.000000000000000000, 1.300000000000000300, -4.200000000000000200 ) ) ;
#3063 = CYLINDRICAL_SURFACE ( 'NONE', #3803, 0.3799999999999992300 ) ;
#3064 = ORIENTED_EDGE ( 'NONE', *, *, #1605, .T. ) ;
#3065 = CARTESIAN_POINT ( 'NONE',  ( 0.5867983187777693300, 6.399992209528956100, 3.123073221531582200 ) ) ;
#3066 = CARTESIAN_POINT ( 'NONE',  ( -4.950000000000000200, 7.400000000000000400, 13.80000000000000100 ) ) ;
#3067 = ORIENTED_EDGE ( 'NONE', *, *, #355, .T. ) ;
#3068 = CARTESIAN_POINT ( 'NONE',  ( 3.000000000000000000, 4.049999999999999800, -0.5000000000000000000 ) ) ;
#3069 = CARTESIAN_POINT ( 'NONE',  ( -4.850000000000000500, 0.1000000000000000200, 10.00000000000000000 ) ) ;
#3070 = CARTESIAN_POINT ( 'NONE',  ( 0.5481303751426360700, 6.399992209528957000, -4.180666028182445300 ) ) ;
#3071 = EDGE_CURVE ( 'NONE', #1225, #6168, #6047, .T. ) ;
#3072 = AXIS2_PLACEMENT_3D ( 'NONE', #3619, #7939, #4227 ) ;
#3073 = VERTEX_POINT ( 'NONE', #2458 ) ;
#3074 = ADVANCED_FACE ( 'NONE', ( #722 ), #5854, .T. ) ;
#3075 = DIRECTION ( 'NONE',  ( -0.0000000000000000000, -1.000000000000000000, -0.0000000000000000000 ) ) ;
#3076 = CARTESIAN_POINT ( 'NONE',  ( 0.6999999999999999600, -44.99959868226000000, 9.923000000000000000 ) ) ;
#3077 = CARTESIAN_POINT ( 'NONE',  ( 0.0000000000000000000, 0.0000000000000000000, -4.099999999999999600 ) ) ;
#3078 = CARTESIAN_POINT ( 'NONE',  ( 4.946590467579095900, 7.400000000000000400, 13.39815458646972800 ) ) ;
#3079 = ORIENTED_EDGE ( 'NONE', *, *, #1782, .T. ) ;
#3080 = DIRECTION ( 'NONE',  ( 0.0000000000000000000, 0.0000000000000000000, -1.000000000000000000 ) ) ;
#3081 = ORIENTED_EDGE ( 'NONE', *, *, #1641, .T. ) ;
#3082 = DIRECTION ( 'NONE',  ( 0.0000000000000000000, -1.000000000000000000, 0.0000000000000000000 ) ) ;
#3083 = CARTESIAN_POINT ( 'NONE',  ( 3.000000000000000000, 4.700000000000000200, 0.5000000000000000000 ) ) ;
#3084 = VERTEX_POINT ( 'NONE', #948 ) ;
#3085 = CARTESIAN_POINT ( 'NONE',  ( -0.09999999999999995000, 2.946173311192998900, 13.50000000000000000 ) ) ;
#3086 = CARTESIAN_POINT ( 'NONE',  ( -0.5496577428988119700, 6.399999999999685900, -4.219387846017000700 ) ) ;
#3087 = CIRCLE ( 'NONE', #6388, 0.09999999999999939500 ) ;
#3088 = EDGE_CURVE ( 'NONE', #6168, #4461, #4373, .T. ) ;
#3089 = ADVANCED_FACE ( 'NONE', ( #7694 ), #2431, .F. ) ;
#3090 = CARTESIAN_POINT ( 'NONE',  ( 4.850000000000000500, -0.4000000000000000200, 5.500000000000000000 ) ) ;
#3091 = EDGE_CURVE ( 'NONE', #3248, #4096, #2694, .T. ) ;
#3092 = VERTEX_POINT ( 'NONE', #8190 ) ;
#3093 = EDGE_LOOP ( 'NONE', ( #2240, #4605, #189, #3616, #7038, #1171 ) ) ;
#3094 = ORIENTED_EDGE ( 'NONE', *, *, #1499, .F. ) ;
#3095 = DIRECTION ( 'NONE',  ( 0.0000000000000000000, 0.0000000000000000000, 1.000000000000000000 ) ) ;
#3096 = DIRECTION ( 'NONE',  ( -1.000000000000000000, -0.0000000000000000000, 0.0000000000000000000 ) ) ;
#3097 = VECTOR ( 'NONE', #5967, 999.9999999999998900 ) ;
#3098 = DIRECTION ( 'NONE',  ( -0.0000000000000000000, 1.000000000000000000, 0.0000000000000000000 ) ) ;
#3099 = DIRECTION ( 'NONE',  ( 0.0000000000000000000, 1.000000000000000000, 0.0000000000000000000 ) ) ;
#3100 = DIRECTION ( 'NONE',  ( 1.000000000000000000, 0.0000000000000000000, 0.0000000000000000000 ) ) ;
#3101 = CARTESIAN_POINT ( 'NONE',  ( 0.6815630143470344800, 6.400894984940225500, -5.450844519958399900 ) ) ;
#3102 = CYLINDRICAL_SURFACE ( 'NONE', #4376, 0.7000000000000000700 ) ;
#3103 = VERTEX_POINT ( 'NONE', #124 ) ;
#3104 = VERTEX_POINT ( 'NONE', #7002 ) ;
#3105 = ORIENTED_EDGE ( 'NONE', *, *, #3891, .T. ) ;
#3106 = EDGE_CURVE ( 'NONE', #7498, #3248, #482, .T. ) ;
#3107 = DIRECTION ( 'NONE',  ( -0.0000000000000000000, 1.000000000000000000, 0.0000000000000000000 ) ) ;
#3108 = CARTESIAN_POINT ( 'NONE',  ( 17.85564000000000100, 8.500000000000000000, 7.076452044609999900 ) ) ;
#3109 = DIRECTION ( 'NONE',  ( -0.0000000000000000000, 1.000000000000000000, -0.0000000000000000000 ) ) ;
#3110 = ORIENTED_EDGE ( 'NONE', *, *, #7641, .T. ) ;
#3111 = CARTESIAN_POINT ( 'NONE',  ( 4.660158464155437700, 5.400000000000000400, 13.49942359245756600 ) ) ;
#3112 = EDGE_CURVE ( 'NONE', #8225, #8370, #7510, .T. ) ;
#3113 = EDGE_LOOP ( 'NONE', ( #533, #3443, #7492, #2148, #4085, #8439, #3552 ) ) ;
#3114 = CYLINDRICAL_SURFACE ( 'NONE', #717, 0.7000000000000000700 ) ;
#3115 = CARTESIAN_POINT ( 'NONE',  ( 4.908578643762691500, 2.750000001147111300, 8.449999999999999300 ) ) ;
#3116 = CARTESIAN_POINT ( 'NONE',  ( -0.5499996096467753000, 6.399999999999717000, 4.200000000000000200 ) ) ;
#3117 = VERTEX_POINT ( 'NONE', #6976 ) ;
#3118 = ADVANCED_FACE ( 'NONE', ( #2253 ), #4550, .F. ) ;
#3119 = CARTESIAN_POINT ( 'NONE',  ( -3.049999999999999800, 4.500000000000000900, 3.399999999999999900 ) ) ;
#3120 = ORIENTED_EDGE ( 'NONE', *, *, #945, .T. ) ;
#3121 = VECTOR ( 'NONE', #1843, 1000.000000000000000 ) ;
#3122 = ORIENTED_EDGE ( 'NONE', *, *, #1363, .T. ) ;
#3123 = CIRCLE ( 'NONE', #83, 0.2999999999999999300 ) ;
#3124 = CARTESIAN_POINT ( 'NONE',  ( 18.87591023243999900, 7.700000000000000200, 9.919999999999999900 ) ) ;
#3125 = DIRECTION ( 'NONE',  ( 0.0000000000000000000, -1.000000000000000000, -0.0000000000000000000 ) ) ;
#3126 = VERTEX_POINT ( 'NONE', #3885 ) ;
#3127 = VECTOR ( 'NONE', #3613, 1000.000000000000100 ) ;
#3128 = DIRECTION ( 'NONE',  ( -0.0000000000000000000, 1.000000000000000000, -0.0000000000000000000 ) ) ;
#3129 = CIRCLE ( 'NONE', #1587, 0.4000000000000001900 ) ;
#3130 = EDGE_LOOP ( 'NONE', ( #3892, #1081, #4891, #5321 ) ) ;
#3131 = VECTOR ( 'NONE', #4323, 1000.000000000000000 ) ;
#3132 = CARTESIAN_POINT ( 'NONE',  ( 4.549999999999999800, -0.4000000000000000200, -4.599999999999999600 ) ) ;
#3133 = LINE ( 'NONE', #1918, #1215 ) ;
#3134 = ADVANCED_FACE ( 'NONE', ( #2481 ), #6425, .T. ) ;
#3135 = CARTESIAN_POINT ( 'NONE',  ( -4.908578643762690600, 2.249999999999998700, 7.742893218843643200 ) ) ;
#3136 = CARTESIAN_POINT ( 'NONE',  ( 0.0000000000000000000, -16.24500000000000100, 0.0000000000000000000 ) ) ;
#3137 = ORIENTED_EDGE ( 'NONE', *, *, #5349, .T. ) ;
#3138 = DIRECTION ( 'NONE',  ( 0.0000000000000000000, -0.0000000000000000000, 1.000000000000000000 ) ) ;
#3139 = DIRECTION ( 'NONE',  ( 0.0000000000000000000, -1.000000000000000000, -0.0000000000000000000 ) ) ;
#3140 = VECTOR ( 'NONE', #1304, 1000.000000000000000 ) ;
#3141 = CARTESIAN_POINT ( 'NONE',  ( -4.850000000000000500, 8.115000000000000200, 9.619999999999999200 ) ) ;
#3142 = PLANE ( 'NONE',  #5127 ) ;
#3144 = ORIENTED_EDGE ( 'NONE', *, *, #7297, .T. ) ;
#3143 = AXIS2_PLACEMENT_3D ( 'NONE', #3136, #2449, #6839 ) ;
#3145 = VECTOR ( 'NONE', #4879, 1000.000000000000000 ) ;
#3146 = PLANE ( 'NONE',  #2588 ) ;
#3147 = EDGE_CURVE ( 'NONE', #2250, #3000, #3991, .T. ) ;
#3148 = ORIENTED_EDGE ( 'NONE', *, *, #601, .F. ) ;
#3149 = ORIENTED_EDGE ( 'NONE', *, *, #1131, .F. ) ;
#3150 = DIRECTION ( 'NONE',  ( -1.000000000000000000, -0.0000000000000000000, 0.0000000000000000000 ) ) ;
#3151 = LINE ( 'NONE', #7520, #7904 ) ;
#3152 = AXIS2_PLACEMENT_3D ( 'NONE', #1584, #1208, #1186 ) ;
#3153 = VERTEX_POINT ( 'NONE', #1885 ) ;
#3154 = LINE ( 'NONE', #4185, #3127 ) ;
#3155 = DIRECTION ( 'NONE',  ( 0.0000000000000000000, 0.0000000000000000000, -1.000000000000000000 ) ) ;
#3156 = ORIENTED_EDGE ( 'NONE', *, *, #1967, .T. ) ;
#3157 = DIRECTION ( 'NONE',  ( 1.000000000000000000, 1.776356839400249700E-015, 0.0000000000000000000 ) ) ;
#3158 = FACE_OUTER_BOUND ( 'NONE', #1674, .T. ) ;
#3159 = AXIS2_PLACEMENT_3D ( 'NONE', #3655, #3630, #3623 ) ;
#3160 = CARTESIAN_POINT ( 'NONE',  ( -0.5481303751426485100, 6.399992209528957000, -4.219333971817204300 ) ) ;
#3161 = FACE_OUTER_BOUND ( 'NONE', #3818, .T. ) ;
#3162 = ORIENTED_EDGE ( 'NONE', *, *, #8101, .T. ) ;
#3163 = VECTOR ( 'NONE', #3805, 1000.000000000000000 ) ;
#3164 = AXIS2_PLACEMENT_3D ( 'NONE', #86, #3045, #7400 ) ;
#3165 = ADVANCED_FACE ( 'NONE', ( #7292 ), #17, .T. ) ;
#3166 = EDGE_LOOP ( 'NONE', ( #3173, #7232, #1791, #4526 ) ) ;
#3167 = DIRECTION ( 'NONE',  ( 1.000000000000000000, 0.0000000000000000000, -0.0000000000000000000 ) ) ;
#3168 = CARTESIAN_POINT ( 'NONE',  ( -3.000000000000000000, 0.0000000000000000000, 4.200000000000000200 ) ) ;
#3169 = CARTESIAN_POINT ( 'NONE',  ( -18.87591023243999900, 8.115000000000000200, 9.919999999999999900 ) ) ;
#3170 = DIRECTION ( 'NONE',  ( 0.0000000000000000000, 0.0000000000000000000, -1.000000000000000000 ) ) ;
#3171 = DIRECTION ( 'NONE',  ( -1.000000000000000000, 0.0000000000000000000, -0.0000000000000000000 ) ) ;
#3172 = FACE_OUTER_BOUND ( 'NONE', #3895, .T. ) ;
#3173 = ORIENTED_EDGE ( 'NONE', *, *, #509, .F. ) ;
#3174 = EDGE_LOOP ( 'NONE', ( #4529, #7104, #1920, #5824, #703, #3004, #7050, #1575, #5585, #8151, #3105, #7438 ) ) ;
#3175 = DIRECTION ( 'NONE',  ( 1.000000000000000000, 0.0000000000000000000, 0.0000000000000000000 ) ) ;
#3176 = ORIENTED_EDGE ( 'NONE', *, *, #496, .F. ) ;
#3177 = ADVANCED_FACE ( 'NONE', ( #3809 ), #1105, .F. ) ;
#3178 = DIRECTION ( 'NONE',  ( -0.0000000000000000000, -0.0000000000000000000, -1.000000000000000000 ) ) ;
#3179 = AXIS2_PLACEMENT_3D ( 'NONE', #6595, #2838, #7204 ) ;
#3180 = VERTEX_POINT ( 'NONE', #413 ) ;
#3181 = DIRECTION ( 'NONE',  ( -1.000000000000000000, -0.0000000000000000000, -0.0000000000000000000 ) ) ;
#3182 = CARTESIAN_POINT ( 'NONE',  ( -4.850000000000000500, 8.900000000000000400, 9.900000000000000400 ) ) ;
#3183 = CARTESIAN_POINT ( 'NONE',  ( 4.549999999999999800, 0.0000000000000000000, 5.500000000000000000 ) ) ;
#3184 = ORIENTED_EDGE ( 'NONE', *, *, #2399, .T. ) ;
#3185 = PLANE ( 'NONE',  #5486 ) ;
#3186 = EDGE_LOOP ( 'NONE', ( #2256, #6120, #435, #3294 ) ) ;
#3187 = PLANE ( 'NONE',  #56 ) ;
#3188 = DIRECTION ( 'NONE',  ( 0.0000000000000000000, -0.0000000000000000000, 1.000000000000000000 ) ) ;
#3189 = AXIS2_PLACEMENT_3D ( 'NONE', #5533, #1591, #6158 ) ;
#3190 = LINE ( 'NONE', #4127, #2874 ) ;
#3191 = CARTESIAN_POINT ( 'NONE',  ( -4.549999999999999800, 9.000000000000001800, 9.900000000000000400 ) ) ;
#3192 = ORIENTED_EDGE ( 'NONE', *, *, #2061, .T. ) ;
#3193 = VERTEX_POINT ( 'NONE', #5442 ) ;
#3194 = ORIENTED_EDGE ( 'NONE', *, *, #190, .F. ) ;
#3195 = VECTOR ( 'NONE', #5085, 1000.000000000000000 ) ;
#3196 = CARTESIAN_POINT ( 'NONE',  ( -3.250000000000000400, 2.946173311193000200, 13.50000000000000000 ) ) ;
#3197 = DIRECTION ( 'NONE',  ( 0.0000000000000000000, 0.0000000000000000000, 1.000000000000000000 ) ) ;
#3198 = DIRECTION ( 'NONE',  ( 0.9428090415776020400, 0.0000000000000000000, 0.3333333333459519400 ) ) ;
#3199 = CARTESIAN_POINT ( 'NONE',  ( 4.400000000000000400, 3.899999999999999900, -5.500000000000000000 ) ) ;
#3200 = ORIENTED_EDGE ( 'NONE', *, *, #2085, .T. ) ;
#3201 = AXIS2_PLACEMENT_3D ( 'NONE', #1089, #1075, #1060 ) ;
#3202 = CYLINDRICAL_SURFACE ( 'NONE', #8331, 1.003444069194000100 ) ;
#3203 = CARTESIAN_POINT ( 'NONE',  ( -4.549999999999999800, 3.899999999999999500, 6.576452044609999900 ) ) ;
#3204 = ORIENTED_EDGE ( 'NONE', *, *, #4754, .T. ) ;
#3205 = ORIENTED_EDGE ( 'NONE', *, *, #4076, .T. ) ;
#3206 = ADVANCED_FACE ( 'NONE', ( #5469 ), #3617, .T. ) ;
#3207 = CARTESIAN_POINT ( 'NONE',  ( 4.549999999999998900, 8.900000000000000400, 9.900000000000000400 ) ) ;
#3208 = CARTESIAN_POINT ( 'NONE',  ( 0.5496577428988237400, 6.400000000000000400, 4.219387846017000700 ) ) ;
#3209 = DIRECTION ( 'NONE',  ( -0.0000000000000000000, -0.0000000000000000000, -1.000000000000000000 ) ) ;
#3210 = AXIS2_PLACEMENT_3D ( 'NONE', #6112, #5546, #5521 ) ;
#3211 = VERTEX_POINT ( 'NONE', #4168 ) ;
#3212 = VECTOR ( 'NONE', #7579, 1000.000000000000000 ) ;
#3213 = CARTESIAN_POINT ( 'NONE',  ( -4.849999999999999600, 1.749999999999998900, -3.500000000000000400 ) ) ;
#3214 = EDGE_CURVE ( 'NONE', #5313, #3000, #6894, .T. ) ;
#3215 = CARTESIAN_POINT ( 'NONE',  ( -4.549999999999999800, 1.014999999999999900, 9.619999999999999200 ) ) ;
#3216 = ORIENTED_EDGE ( 'NONE', *, *, #3799, .T. ) ;
#3217 = ADVANCED_FACE ( 'NONE', ( #2019 ), #4777, .T. ) ;
#3218 = CARTESIAN_POINT ( 'NONE',  ( 4.400000000000000400, 4.049999999999999800, 0.0000000000000000000 ) ) ;
#3219 = AXIS2_PLACEMENT_3D ( 'NONE', #3905, #3855, #3852 ) ;
#3220 = ORIENTED_EDGE ( 'NONE', *, *, #4793, .F. ) ;
#3221 = DIRECTION ( 'NONE',  ( 1.000000000000000000, 0.0000000000000000000, 0.0000000000000000000 ) ) ;
#3222 = CARTESIAN_POINT ( 'NONE',  ( -2.899999999999999900, 2.946173311192999300, 13.19999999999999900 ) ) ;
#3223 = EDGE_LOOP ( 'NONE', ( #7093, #577, #4372, #4002 ) ) ;
#3224 = LINE ( 'NONE', #4596, #4667 ) ;
#3225 = VERTEX_POINT ( 'NONE', #3548 ) ;
#3226 = EDGE_CURVE ( 'NONE', #5313, #2013, #7097, .T. ) ;
#3227 = VECTOR ( 'NONE', #6188, 1000.000000000000000 ) ;
#3228 = AXIS2_PLACEMENT_3D ( 'NONE', #4970, #910, #5602 ) ;
#3229 = ORIENTED_EDGE ( 'NONE', *, *, #1029, .F. ) ;
#3230 = LINE ( 'NONE', #2586, #3121 ) ;
#3231 = ORIENTED_EDGE ( 'NONE', *, *, #7540, .F. ) ;
#3232 = VECTOR ( 'NONE', #2031, 1000.000000000000100 ) ;
#3233 = CARTESIAN_POINT ( 'NONE',  ( 4.849999999999999600, 1.750000000000000200, -3.500000000000000400 ) ) ;
#3234 = CARTESIAN_POINT ( 'NONE',  ( -6.840226191709001000, -1.200000000000000000, -1.500000000000000000 ) ) ;
#3235 = CARTESIAN_POINT ( 'NONE',  ( -4.549999999999999800, 0.0000000000000000000, 5.500000000000000000 ) ) ;
#3236 = ORIENTED_EDGE ( 'NONE', *, *, #4119, .F. ) ;
#3237 = CARTESIAN_POINT ( 'NONE',  ( 4.850000000000000500, 3.899999999999999900, 6.576452044609999900 ) ) ;
#3238 = LINE ( 'NONE', #1138, #2821 ) ;
#3239 = ORIENTED_EDGE ( 'NONE', *, *, #1015, .T. ) ;
#3240 = VECTOR ( 'NONE', #4931, 1000.000000000000000 ) ;
#3241 = EDGE_CURVE ( 'NONE', #8214, #6168, #1773, .T. ) ;
#3242 = AXIS2_PLACEMENT_3D ( 'NONE', #8273, #1260, #5882 ) ;
#3243 = CARTESIAN_POINT ( 'NONE',  ( -19.00257689910665000, 7.019999999999999600, 8.831663790748191200 ) ) ;
#3244 = CARTESIAN_POINT ( 'NONE',  ( -4.949999999999999300, 1.850000000000000100, -2.999999999999999600 ) ) ;
#3245 = ORIENTED_EDGE ( 'NONE', *, *, #1946, .T. ) ;
#3246 = CARTESIAN_POINT ( 'NONE',  ( -4.850000000000000500, -0.4000000000000000200, -3.399999999999999900 ) ) ;
#3247 = LINE ( 'NONE', #1166, #3017 ) ;
#3248 = VERTEX_POINT ( 'NONE', #8357 ) ;
#3249 = ADVANCED_FACE ( 'NONE', ( #1533 ), #5620, .F. ) ;
#3250 = DIRECTION ( 'NONE',  ( 0.0000000000000000000, 0.0000000000000000000, 1.000000000000000000 ) ) ;
#3251 = CYLINDRICAL_SURFACE ( 'NONE', #7998, 0.09999999999999939500 ) ;
#3252 = DIRECTION ( 'NONE',  ( -0.0000000000000000000, 0.0000000000000000000, -1.000000000000000000 ) ) ;
#3253 = VECTOR ( 'NONE', #8033, 1000.000000000000000 ) ;
#3254 = CARTESIAN_POINT ( 'NONE',  ( 0.5481303751426485100, 6.399992209528957000, -4.180666028182797000 ) ) ;
#3255 = CIRCLE ( 'NONE', #6468, 3.049999999999999800 ) ;
#3256 = VERTEX_POINT ( 'NONE', #2443 ) ;
#3257 = VECTOR ( 'NONE', #8013, 1000.000000000000000 ) ;
#3258 = DIRECTION ( 'NONE',  ( 1.000000000000000000, 0.0000000000000000000, 0.0000000000000000000 ) ) ;
#3259 = ORIENTED_EDGE ( 'NONE', *, *, #7150, .T. ) ;
#3260 = DIRECTION ( 'NONE',  ( -0.0000000000000000000, 1.000000000000000000, 0.0000000000000000000 ) ) ;
#3261 = EDGE_CURVE ( 'NONE', #7467, #7025, #5087, .T. ) ;
#3262 = LINE ( 'NONE', #3604, #2059 ) ;
#3263 = DIRECTION ( 'NONE',  ( 2.168404344971003200E-014, 0.0000000000000000000, 1.000000000000000000 ) ) ;
#3264 = AXIS2_PLACEMENT_3D ( 'NONE', #4137, #4327, #4211 ) ;
#3265 = CARTESIAN_POINT ( 'NONE',  ( -2.100000000000000100, -44.99959868226000000, 13.19999999999999900 ) ) ;
#3266 = VECTOR ( 'NONE', #2327, 1000.000000000000000 ) ;
#3267 = ORIENTED_EDGE ( 'NONE', *, *, #140, .F. ) ;
#3268 = DIRECTION ( 'NONE',  ( 0.0000000000000000000, 0.0000000000000000000, 1.000000000000000000 ) ) ;
#3269 = CARTESIAN_POINT ( 'NONE',  ( -0.5000000000000490700, 4.700000000000000200, -0.8700000000003244000 ) ) ;
#3270 = ADVANCED_FACE ( 'NONE', ( #8299 ), #1308, .T. ) ;
#3271 = ORIENTED_EDGE ( 'NONE', *, *, #425, .F. ) ;
#3272 = FACE_OUTER_BOUND ( 'NONE', #3295, .T. ) ;
#3273 = VECTOR ( 'NONE', #4225, 1000.000000000000000 ) ;
#3274 = ORIENTED_EDGE ( 'NONE', *, *, #3782, .F. ) ;
#3275 = DIRECTION ( 'NONE',  ( -1.000000000000000000, 0.0000000000000000000, -0.0000000000000000000 ) ) ;
#3276 = DIRECTION ( 'NONE',  ( -0.0000000000000000000, -0.0000000000000000000, -1.000000000000000000 ) ) ;
#3277 = EDGE_LOOP ( 'NONE', ( #3468, #7730, #970, #4802, #5259, #2180, #6046, #293 ) ) ;
#3278 = CARTESIAN_POINT ( 'NONE',  ( 0.0000000000000000000, -1.100000000000000100, 0.0000000000000000000 ) ) ;
#3279 =( LENGTH_UNIT ( ) NAMED_UNIT ( * ) SI_UNIT ( .MILLI., .METRE. ) );
#3280 = CARTESIAN_POINT ( 'NONE',  ( 4.850000000000000500, 3.899999999999999900, -5.500000000000000000 ) ) ;
#3281 = DIRECTION ( 'NONE',  ( 0.0000000000000000000, -0.0000000000000000000, -1.000000000000000000 ) ) ;
#3282 = CIRCLE ( 'NONE', #991, 0.2999999999999999300 ) ;
#3283 = ORIENTED_EDGE ( 'NONE', *, *, #96, .T. ) ;
#3284 = CARTESIAN_POINT ( 'NONE',  ( -4.850000000000000500, 1.850000000000000100, -3.048502316928000300 ) ) ;
#3285 = EDGE_CURVE ( 'NONE', #3193, #4140, #3428, .T. ) ;
#3286 = DIRECTION ( 'NONE',  ( 0.0000000000000000000, 1.000000000000000000, -0.0000000000000000000 ) ) ;
#3287 = ORIENTED_EDGE ( 'NONE', *, *, #2485, .T. ) ;
#3288 = CARTESIAN_POINT ( 'NONE',  ( -3.075000000000975400, 2.946173311192998400, 9.650282197133444500 ) ) ;
#3289 = VERTEX_POINT ( 'NONE', #7099 ) ;
#3290 = VERTEX_POINT ( 'NONE', #2724 ) ;
#3291 = CARTESIAN_POINT ( 'NONE',  ( -4.950000000000000200, 8.000000000000000000, 8.049999999904001100 ) ) ;
#3292 = DIRECTION ( 'NONE',  ( 0.0000000000000000000, 0.0000000000000000000, -1.000000000000000000 ) ) ;
#3293 = AXIS2_PLACEMENT_3D ( 'NONE', #1786, #8145, #2541 ) ;
#3294 = ORIENTED_EDGE ( 'NONE', *, *, #5042, .F. ) ;
#3295 = EDGE_LOOP ( 'NONE', ( #8308, #3382, #7607, #899 ) ) ;
#3296 = LINE ( 'NONE', #4534, #3195 ) ;
#3297 = PLANE ( 'NONE',  #2701 ) ;
#3298 = CARTESIAN_POINT ( 'NONE',  ( 3.000000000000000000, 0.0000000000000000000, -4.900000000000000400 ) ) ;
#3299 = EDGE_CURVE ( 'NONE', #6218, #6314, #3224, .T. ) ;
#3300 = CARTESIAN_POINT ( 'NONE',  ( -0.7500000000000000000, 3.246173311193000000, 0.0000000000000000000 ) ) ;
#3301 = ORIENTED_EDGE ( 'NONE', *, *, #7834, .F. ) ;
#3302 = DIRECTION ( 'NONE',  ( 0.0000000000000000000, -1.000000000000000000, 0.0000000000000000000 ) ) ;
#3303 = AXIS2_PLACEMENT_3D ( 'NONE', #7110, #7756, #5914 ) ;
#3304 = ORIENTED_EDGE ( 'NONE', *, *, #347, .F. ) ;
#3305 = VERTEX_POINT ( 'NONE', #8289 ) ;
#3306 = VECTOR ( 'NONE', #5306, 1000.000000000000000 ) ;
#3307 = AXIS2_PLACEMENT_3D ( 'NONE', #2079, #2099, #2126 ) ;
#3308 = CARTESIAN_POINT ( 'NONE',  ( -4.950000000000002800, 8.000000000000000000, 7.991421356237309800 ) ) ;
#3309 = EDGE_CURVE ( 'NONE', #7191, #7025, #7955, .T. ) ;
#3310 = CARTESIAN_POINT ( 'NONE',  ( -3.030878180166451500, -1.600000000000000300, 3.755070187569312000 ) ) ;
#3311 = VECTOR ( 'NONE', #7524, 1000.000000000000000 ) ;
#3312 = EDGE_LOOP ( 'NONE', ( #4728, #5119, #2093, #5986, #209 ) ) ;
#3313 = VERTEX_POINT ( 'NONE', #3399 ) ;
#3314 = ORIENTED_EDGE ( 'NONE', *, *, #2363, .T. ) ;
#3315 = ADVANCED_FACE ( 'NONE', ( #7788 ), #4463, .F. ) ;
#3316 = VECTOR ( 'NONE', #1100, 1000.000000000000000 ) ;
#3317 = CARTESIAN_POINT ( 'NONE',  ( -3.000000000000000000, -1.346000000000000100, 4.900000000000000400 ) ) ;
#3318 = CARTESIAN_POINT ( 'NONE',  ( -3.250000000000000400, 2.946173311193000200, 13.50000000000000000 ) ) ;
#3319 = ORIENTED_EDGE ( 'NONE', *, *, #5733, .F. ) ;
#3320 = ORIENTED_EDGE ( 'NONE', *, *, #1194, .T. ) ;
#3321 = LINE ( 'NONE', #2261, #1411 ) ;
#3322 = EDGE_CURVE ( 'NONE', #8203, #5511, #3002, .T. ) ;
#3323 = CARTESIAN_POINT ( 'NONE',  ( -4.549999999999998900, 0.7153752346684159000, 9.904999999999500200 ) ) ;
#3324 = DIRECTION ( 'NONE',  ( 0.0000000000000000000, -1.000000000000000000, 0.0000000000000000000 ) ) ;
#3325 = AXIS2_PLACEMENT_3D ( 'NONE', #3376, #485, #7071 ) ;
#3326 = ORIENTED_EDGE ( 'NONE', *, *, #2242, .F. ) ;
#3327 = ORIENTED_EDGE ( 'NONE', *, *, #67, .T. ) ;
#3328 = DIRECTION ( 'NONE',  ( 0.0000000000000000000, -1.000000000000000000, 0.0000000000000000000 ) ) ;
#3329 = CIRCLE ( 'NONE', #1849, 0.7000000000000000700 ) ;
#3330 = ORIENTED_EDGE ( 'NONE', *, *, #905, .T. ) ;
#3331 = LINE ( 'NONE', #4377, #4562 ) ;
#3332 = PLANE ( 'NONE',  #7185 ) ;
#3333 = CARTESIAN_POINT ( 'NONE',  ( 0.5000000000000000000, 4.700000000000000200, 0.8700000000000000000 ) ) ;
#3334 = PLANE ( 'NONE',  #4349 ) ;
#3335 = VECTOR ( 'NONE', #6105, 1000.000000000000000 ) ;
#3336 = DIRECTION ( 'NONE',  ( -0.0000000000000000000, 1.000000000000000000, 0.0000000000000000000 ) ) ;
#3337 = LINE ( 'NONE', #1068, #3140 ) ;
#3338 = CIRCLE ( 'NONE', #2156, 3.399999999999999900 ) ;
#3339 = CARTESIAN_POINT ( 'NONE',  ( -3.457530093085030100, -1.494789755157234700, 3.530068934410681300 ) ) ;
#3340 = ORIENTED_EDGE ( 'NONE', *, *, #247, .T. ) ;
#3341 = FACE_OUTER_BOUND ( 'NONE', #5760, .T. ) ;
#3342 = LINE ( 'NONE', #2115, #1437 ) ;
#3343 = EDGE_CURVE ( 'NONE', #3790, #38, #4872, .T. ) ;
#3344 = AXIS2_PLACEMENT_3D ( 'NONE', #952, #232, #5040 ) ;
#3345 = ORIENTED_EDGE ( 'NONE', *, *, #3541, .F. ) ;
#3346 = VECTOR ( 'NONE', #1243, 1000.000000000000000 ) ;
#3347 = DIRECTION ( 'NONE',  ( 0.0000000000000000000, 0.0000000000000000000, 1.000000000000000000 ) ) ;
#3348 = CARTESIAN_POINT ( 'NONE',  ( 4.400000000000000400, -1.600000000000000100, -5.500000000000000000 ) ) ;
#3349 = ORIENTED_EDGE ( 'NONE', *, *, #808, .T. ) ;
#3350 = CARTESIAN_POINT ( 'NONE',  ( -4.850000000000000500, -0.4000000000000000200, 5.500000000000000000 ) ) ;
#3351 = VECTOR ( 'NONE', #811, 1000.000000000000000 ) ;
#3352 = ORIENTED_EDGE ( 'NONE', *, *, #7383, .T. ) ;
#3353 = EDGE_LOOP ( 'NONE', ( #5149, #2015, #5929, #58, #3081, #7132, #1683, #4471, #8196, #3200, #4689, #718 ) ) ;
#3354 = CARTESIAN_POINT ( 'NONE',  ( 4.549999999999999800, 3.899999999999999900, -5.500000000000000000 ) ) ;
#3355 = FACE_OUTER_BOUND ( 'NONE', #1054, .T. ) ;
#3356 = DIRECTION ( 'NONE',  ( 0.0000000000000000000, 0.0000000000000000000, -1.000000000000000000 ) ) ;
#3357 = ADVANCED_FACE ( 'NONE', ( #835 ), #4266, .T. ) ;
#3358 = DIRECTION ( 'NONE',  ( 0.0000000000000000000, 0.0000000000000000000, 1.000000000000000000 ) ) ;
#3359 = CYLINDRICAL_SURFACE ( 'NONE', #4103, 0.6500000000000000200 ) ;
#3360 = ORIENTED_EDGE ( 'NONE', *, *, #2334, .T. ) ;
#3361 = ORIENTED_EDGE ( 'NONE', *, *, #1554, .T. ) ;
#3362 = CARTESIAN_POINT ( 'NONE',  ( 4.950000000000000200, 8.000000000000000000, 8.349999999999996100 ) ) ;
#3363 = CARTESIAN_POINT ( 'NONE',  ( 0.0000000000000000000, 4.049999999999999800, 0.0000000000000000000 ) ) ;
#3364 = CARTESIAN_POINT ( 'NONE',  ( 2.900000000000000400, -44.99959868226000000, 13.19999999999999900 ) ) ;
#3365 = DIRECTION ( 'NONE',  ( -0.0000000000000000000, 1.000000000000000000, 1.110223024625156500E-016 ) ) ;
#3366 = VECTOR ( 'NONE', #7980, 1000.000000000000000 ) ;
#3367 = DIRECTION ( 'NONE',  ( 0.0000000000000000000, -1.000000000000000000, -0.0000000000000000000 ) ) ;
#3368 = ORIENTED_EDGE ( 'NONE', *, *, #5747, .F. ) ;
#3369 = DIRECTION ( 'NONE',  ( -0.0000000000000000000, 1.000000000000000000, -0.0000000000000000000 ) ) ;
#3370 = VECTOR ( 'NONE', #3494, 1000.000000000000000 ) ;
#3371 = EDGE_CURVE ( 'NONE', #8370, #7755, #7604, .T. ) ;
#3372 = EDGE_LOOP ( 'NONE', ( #4181, #3975, #1689, #5526 ) ) ;
#3373 = CYLINDRICAL_SURFACE ( 'NONE', #2950, 0.5799999999999999600 ) ;
#3374 = DIRECTION ( 'NONE',  ( -0.0000000000000000000, -1.000000000000000000, -0.0000000000000000000 ) ) ;
#3375 = EDGE_CURVE ( 'NONE', #8203, #1658, #5947, .T. ) ;
#3376 = CARTESIAN_POINT ( 'NONE',  ( 3.000000000000000000, 0.0000000000000000000, -4.200000000000000200 ) ) ;
#3377 = CARTESIAN_POINT ( 'NONE',  ( -4.850000000000000500, 8.000000000000000000, 8.349999999999999600 ) ) ;
#3378 = CARTESIAN_POINT ( 'NONE',  ( 0.0000000000000000000, 4.700000000000000200, 4.200000000000000200 ) ) ;
#3379 = LINE ( 'NONE', #3798, #8088 ) ;
#3380 = VERTEX_POINT ( 'NONE', #580 ) ;
#3381 = CARTESIAN_POINT ( 'NONE',  ( 0.5749999999999589900, -43.06136000000000100, 9.650282197133911700 ) ) ;
#3382 = ORIENTED_EDGE ( 'NONE', *, *, #4696, .F. ) ;
#3383 = AXIS2_PLACEMENT_3D ( 'NONE', #3711, #3704, #3685 ) ;
#3384 = ORIENTED_EDGE ( 'NONE', *, *, #744, .F. ) ;
#3385 = DIRECTION ( 'NONE',  ( 1.000000000000000000, 0.0000000000000000000, -0.0000000000000000000 ) ) ;
#3386 = PLANE ( 'NONE',  #5089 ) ;
#3387 = VERTEX_POINT ( 'NONE', #7789 ) ;
#3388 = EDGE_CURVE ( 'NONE', #7755, #463, #7391, .T. ) ;
#3389 = CARTESIAN_POINT ( 'NONE',  ( 4.549999999999999800, 0.0000000000000000000, -5.500000000000000900 ) ) ;
#3390 = AXIS2_PLACEMENT_3D ( 'NONE', #1436, #6028, #2197 ) ;
#3391 = DIRECTION ( 'NONE',  ( 1.000000000000000000, 0.0000000000000000000, 0.0000000000000000000 ) ) ;
#3392 = DIRECTION ( 'NONE',  ( 0.0000000000000000000, 1.000000000000000000, -0.0000000000000000000 ) ) ;
#3393 = EDGE_LOOP ( 'NONE', ( #4878, #1734, #5586, #7105 ) ) ;
#3394 = LINE ( 'NONE', #4647, #3306 ) ;
#3395 = DIRECTION ( 'NONE',  ( 1.000000000000000000, 0.0000000000000000000, 0.0000000000000000000 ) ) ;
#3396 = ADVANCED_FACE ( 'NONE', ( #6345 ), #364, .T. ) ;
#3397 = CARTESIAN_POINT ( 'NONE',  ( -4.849999999999999600, 2.164213562373094900, 8.449999999999999300 ) ) ;
#3398 = ORIENTED_EDGE ( 'NONE', *, *, #8248, .T. ) ;
#3399 = CARTESIAN_POINT ( 'NONE',  ( 2.899999999999999900, 2.946173311192999300, 9.923000000000000000 ) ) ;
#3400 = PLANE ( 'NONE',  #4587 ) ;
#3401 = DIRECTION ( 'NONE',  ( 0.0000000000000000000, -0.0000000000000000000, -1.000000000000000000 ) ) ;
#3402 = ORIENTED_EDGE ( 'NONE', *, *, #1961, .T. ) ;
#3403 = ORIENTED_EDGE ( 'NONE', *, *, #1093, .F. ) ;
#3404 = EDGE_CURVE ( 'NONE', #6957, #5952, #596, .T. ) ;
#3405 = CARTESIAN_POINT ( 'NONE',  ( -1.899999999999999900, 4.700000000000000200, 3.200000000000000200 ) ) ;
#3406 = CARTESIAN_POINT ( 'NONE',  ( 4.549999999999998900, 8.514499687108999700, 10.00000000000000000 ) ) ;
#3407 = AXIS2_PLACEMENT_3D ( 'NONE', #3742, #904, #8037 ) ;
#3408 = CIRCLE ( 'NONE', #6540, 0.1499999999999999900 ) ;
#3409 = VERTEX_POINT ( 'NONE', #5949 ) ;
#3410 = FACE_OUTER_BOUND ( 'NONE', #5550, .T. ) ;
#3411 = ORIENTED_EDGE ( 'NONE', *, *, #5416, .T. ) ;
#3412 = ORIENTED_EDGE ( 'NONE', *, *, #432, .T. ) ;
#3413 = AXIS2_PLACEMENT_3D ( 'NONE', #3363, #1235, #5857 ) ;
#3414 = CARTESIAN_POINT ( 'NONE',  ( -0.5000000000000000000, 4.700000000000000200, -2.500000000000000000 ) ) ;
#3415 = VERTEX_POINT ( 'NONE', #8364 ) ;
#3416 = CARTESIAN_POINT ( 'NONE',  ( -4.400000000000000400, 0.0000000000000000000, -5.500000000000000000 ) ) ;
#3417 = CARTESIAN_POINT ( 'NONE',  ( 3.600000000000000500, 7.400000000000000400, 12.40000000000000200 ) ) ;
#3418 = CARTESIAN_POINT ( 'NONE',  ( -4.549999999999999800, 8.900000000000000400, 9.900000000000000400 ) ) ;
#3419 = ORIENTED_EDGE ( 'NONE', *, *, #972, .F. ) ;
#3420 = LINE ( 'NONE', #1045, #3212 ) ;
#3421 = CARTESIAN_POINT ( 'NONE',  ( 3.250000000000000400, -43.06136000000000100, 9.377564394267999100 ) ) ;
#3422 = DIRECTION ( 'NONE',  ( 0.0000000000000000000, 0.0000000000000000000, 1.000000000000000000 ) ) ;
#3423 = EDGE_CURVE ( 'NONE', #6267, #1658, #2366, .T. ) ;
#3424 = ORIENTED_EDGE ( 'NONE', *, *, #2321, .T. ) ;
#3425 = VERTEX_POINT ( 'NONE', #1368 ) ;
#3426 = VECTOR ( 'NONE', #2616, 1000.000000000000000 ) ;
#3427 = EDGE_LOOP ( 'NONE', ( #653, #4444, #3814, #1871, #5750, #8138, #2927, #6962, #1471, #5344, #8108, #3001 ) ) ;
#3428 = LINE ( 'NONE', #5872, #8134 ) ;
#3429 = CARTESIAN_POINT ( 'NONE',  ( -4.950000000000001100, 1.791421356237310000, 7.449999999999999300 ) ) ;
#3430 = AXIS2_PLACEMENT_3D ( 'NONE', #1700, #1496, #1486 ) ;
#3431 = CARTESIAN_POINT ( 'NONE',  ( 4.850000000000000500, -0.4000000000000000200, 3.399999999999999900 ) ) ;
#3432 = DIRECTION ( 'NONE',  ( -1.000000000000000000, -0.0000000000000000000, -0.0000000000000000000 ) ) ;
#3433 = CARTESIAN_POINT ( 'NONE',  ( 4.949999999999076500, 5.779999999999998500, 13.80000000000032800 ) ) ;
#3434 = PLANE ( 'NONE',  #474 ) ;
#3435 = LINE ( 'NONE', #6214, #3227 ) ;
#3436 = AXIS2_PLACEMENT_3D ( 'NONE', #4129, #4120, #4112 ) ;
#3437 = VERTEX_POINT ( 'NONE', #614 ) ;
#3438 = VECTOR ( 'NONE', #2029, 1000.000000000000000 ) ;
#3439 = ORIENTED_EDGE ( 'NONE', *, *, #7304, .T. ) ;
#3440 = VECTOR ( 'NONE', #6505, 1000.000000000000000 ) ;
#3441 = CARTESIAN_POINT ( 'NONE',  ( -4.850000000000000500, 8.900000000000000400, 10.00000000000000000 ) ) ;
#3442 = CARTESIAN_POINT ( 'NONE',  ( 0.0000000000000000000, 6.400000000000000400, 0.0000000000000000000 ) ) ;
#3443 = ORIENTED_EDGE ( 'NONE', *, *, #4183, .T. ) ;
#3444 = ADVANCED_FACE ( 'NONE', ( #5557 ), #5976, .F. ) ;
#3445 = CARTESIAN_POINT ( 'NONE',  ( -0.8700000000003265100, 4.049999999999999800, -0.5000000000000000000 ) ) ;
#3446 = CYLINDRICAL_SURFACE ( 'NONE', #1954, 0.09999999999999939500 ) ;
#3447 = EDGE_LOOP ( 'NONE', ( #6362, #2751, #6704, #1169, #6567, #7967, #2752 ) ) ;
#3448 = LINE ( 'NONE', #5449, #8152 ) ;
#3449 = DIRECTION ( 'NONE',  ( 0.0000000000000000000, 0.0000000000000000000, -1.000000000000000000 ) ) ;
#3450 = CARTESIAN_POINT ( 'NONE',  ( -2.000000000000000000, 0.0000000000000000000, 5.500000000000000000 ) ) ;
#3451 = DIRECTION ( 'NONE',  ( 1.000000000000000000, 0.0000000000000000000, 0.0000000000000000000 ) ) ;
#3452 = DIRECTION ( 'NONE',  ( 0.0000000000000000000, 0.0000000000000000000, -1.000000000000000000 ) ) ;
#3453 = ORIENTED_EDGE ( 'NONE', *, *, #3147, .T. ) ;
#3454 = DIRECTION ( 'NONE',  ( 0.0000000000000000000, 0.0000000000000000000, -1.000000000000000000 ) ) ;
#3455 = CIRCLE ( 'NONE', #2398, 0.2999999999999999300 ) ;
#3456 = VERTEX_POINT ( 'NONE', #4716 ) ;
#3457 = CARTESIAN_POINT ( 'NONE',  ( 4.660158464154713800, 7.400000000000000400, 13.49942359245681400 ) ) ;
#3458 = AXIS2_PLACEMENT_3D ( 'NONE', #6815, #3109, #7469 ) ;
#3459 = CYLINDRICAL_SURFACE ( 'NONE', #6758, 0.5999999999999998700 ) ;
#3460 = DIRECTION ( 'NONE',  ( -1.000000000000000000, 0.0000000000000000000, -0.0000000000000000000 ) ) ;
#3461 = LINE ( 'NONE', #4785, #1568 ) ;
#3462 = ORIENTED_EDGE ( 'NONE', *, *, #1775, .F. ) ;
#3463 = CARTESIAN_POINT ( 'NONE',  ( 3.747419205390900900E-016, -1.399999999999999900, 3.060000000000000100 ) ) ;
#3464 = LINE ( 'NONE', #6414, #3335 ) ;
#3465 = CARTESIAN_POINT ( 'NONE',  ( -4.850000000000000500, 2.750000000000000000, 7.450000000000000200 ) ) ;
#3466 = CARTESIAN_POINT ( 'NONE',  ( 0.0000000000000000000, 4.700000000000000200, -4.200000000000000200 ) ) ;
#3467 = CARTESIAN_POINT ( 'NONE',  ( -4.950000000000000200, 1.850000000000000100, -3.000000000000000000 ) ) ;
#3468 = ORIENTED_EDGE ( 'NONE', *, *, #4974, .F. ) ;
#3469 = VECTOR ( 'NONE', #1461, 1000.000000000000000 ) ;
#3470 = VECTOR ( 'NONE', #911, 1000.000000000000000 ) ;
#3471 = ORIENTED_EDGE ( 'NONE', *, *, #5337, .F. ) ;
#3472 = MECHANICAL_DESIGN_GEOMETRIC_PRESENTATION_REPRESENTATION (  '', ( #2565 ), #3860 ) ;
#3473 = EDGE_LOOP ( 'NONE', ( #2820, #6767, #1233, #6588 ) ) ;
#3474 = CARTESIAN_POINT ( 'NONE',  ( -4.950000000000000200, 2.149999999999999900, 7.450000000000000200 ) ) ;
#3475 = CIRCLE ( 'NONE', #1312, 0.2999999999999999300 ) ;
#3476 = LINE ( 'NONE', #4275, #427 ) ;
#3477 = LINE ( 'NONE', #4836, #4925 ) ;
#3478 = VERTEX_POINT ( 'NONE', #650 ) ;
#3479 = CARTESIAN_POINT ( 'NONE',  ( -2.100000000000000100, 2.946173311192998900, 13.19999999999999900 ) ) ;
#3480 = DIRECTION ( 'NONE',  ( 0.0000000000000000000, 0.0000000000000000000, 1.000000000000000000 ) ) ;
#3481 = ORIENTED_EDGE ( 'NONE', *, *, #203, .T. ) ;
#3482 = DIRECTION ( 'NONE',  ( 1.000000000000000000, 0.0000000000000000000, 0.0000000000000000000 ) ) ;
#3483 = AXIS2_PLACEMENT_3D ( 'NONE', #1268, #1237, #1220 ) ;
#3484 = FACE_OUTER_BOUND ( 'NONE', #4265, .T. ) ;
#3485 = ADVANCED_FACE ( 'NONE', ( #2131 ), #7042, .T. ) ;
#3486 = EDGE_LOOP ( 'NONE', ( #1780, #5656, #7608, #2887, #6868, #1354, #5608, #8045 ) ) ;
#3487 = DIRECTION ( 'NONE',  ( -0.0000000000000000000, -0.0000000000000000000, 1.000000000000000000 ) ) ;
#3488 = AXIS2_PLACEMENT_3D ( 'NONE', #4621, #4584, #4566 ) ;
#3489 = CARTESIAN_POINT ( 'NONE',  ( 0.7500000000000000000, -43.06136000000000100, 9.377564394267999100 ) ) ;
#3490 = DIRECTION ( 'NONE',  ( 0.0000000000000000000, 0.0000000000000000000, 1.000000000000000000 ) ) ;
#3491 = ORIENTED_EDGE ( 'NONE', *, *, #7039, .F. ) ;
#3492 = EDGE_CURVE ( 'NONE', #7962, #6795, #127, .T. ) ;
#3493 = VERTEX_POINT ( 'NONE', #4798 ) ;
#3494 = DIRECTION ( 'NONE',  ( -0.0000000000000000000, -1.000000000000000000, 0.0000000000000000000 ) ) ;
#3495 = EDGE_CURVE ( 'NONE', #5511, #6267, #3713, .T. ) ;
#3496 = DIRECTION ( 'NONE',  ( -0.0000000000000000000, -1.000000000000000000, -0.0000000000000000000 ) ) ;
#3497 = ORIENTED_EDGE ( 'NONE', *, *, #4479, .F. ) ;
#3498 = DIRECTION ( 'NONE',  ( 0.0000000000000000000, 0.0000000000000000000, -1.000000000000000000 ) ) ;
#3499 = LINE ( 'NONE', #4904, #3097 ) ;
#3500 = EDGE_CURVE ( 'NONE', #1370, #6795, #5367, .T. ) ;
#3501 = DIRECTION ( 'NONE',  ( 0.0000000000000000000, 0.0000000000000000000, -1.000000000000000000 ) ) ;
#3502 = AXIS2_PLACEMENT_3D ( 'NONE', #1239, #3392, #7737 ) ;
#3503 = ORIENTED_EDGE ( 'NONE', *, *, #2255, .T. ) ;
#3504 = ORIENTED_EDGE ( 'NONE', *, *, #81, .F. ) ;
#3505 = CARTESIAN_POINT ( 'NONE',  ( 2.555054825746555700, -1.600000000000000300, -4.169120799726418800 ) ) ;
#3506 = CARTESIAN_POINT ( 'NONE',  ( -1.899999999999999900, 4.700000000000000200, -4.799999999999999800 ) ) ;
#3507 = DIRECTION ( 'NONE',  ( 0.0000000000000000000, 0.0000000000000000000, -1.000000000000000000 ) ) ;
#3508 = DIRECTION ( 'NONE',  ( 0.3333333333332900200, 0.0000000000000000000, 0.9428090415820787900 ) ) ;
#3509 = CARTESIAN_POINT ( 'NONE',  ( 0.0000000000000000000, 4.700000000000000200, 4.200000000000000200 ) ) ;
#3510 = AXIS2_PLACEMENT_3D ( 'NONE', #7296, #4, #4204 ) ;
#3511 = ORIENTED_EDGE ( 'NONE', *, *, #7098, .T. ) ;
#3512 = ORIENTED_EDGE ( 'NONE', *, *, #657, .F. ) ;
#3513 = DIRECTION ( 'NONE',  ( 0.0000000000000000000, 1.000000000000000000, 0.0000000000000000000 ) ) ;
#3514 = ORIENTED_EDGE ( 'NONE', *, *, #2141, .F. ) ;
#3515 = DIRECTION ( 'NONE',  ( -0.0000000000000000000, 1.000000000000000000, -0.0000000000000000000 ) ) ;
#3516 = ADVANCED_FACE ( 'NONE', ( #6784 ), #1650, .T. ) ;
#3517 = ORIENTED_EDGE ( 'NONE', *, *, #141, .T. ) ;
#3518 = LINE ( 'NONE', #7910, #8384 ) ;
#3519 = PLANE ( 'NONE',  #6050 ) ;
#3520 = DIRECTION ( 'NONE',  ( -1.000000000000000000, 0.0000000000000000000, 0.0000000000000000000 ) ) ;
#3521 = DIRECTION ( 'NONE',  ( -0.0000000000000000000, 1.000000000000000000, -0.0000000000000000000 ) ) ;
#3522 = EDGE_CURVE ( 'NONE', #1370, #615, #3518, .T. ) ;
#3523 = ORIENTED_EDGE ( 'NONE', *, *, #5206, .F. ) ;
#3525 = ORIENTED_EDGE ( 'NONE', *, *, #5584, .T. ) ;
#3524 = CARTESIAN_POINT ( 'NONE',  ( 0.4000000000000001900, 2.946173311193000200, 6.299999999999999800 ) ) ;
#3526 = CARTESIAN_POINT ( 'NONE',  ( 4.950000000000000200, 0.0000000000000000000, -5.500000000000000000 ) ) ;
#3527 = CIRCLE ( 'NONE', #1911, 0.7000000000000000700 ) ;
#3528 = CLOSED_SHELL ( 'NONE', ( #5583, #3636, #8398, #7592 ) ) ;
#3529 = CIRCLE ( 'NONE', #6126, 0.5999999999999999800 ) ;
#3530 = EDGE_CURVE ( 'NONE', #7023, #3633, #5170, .T. ) ;
#3531 = VERTEX_POINT ( 'NONE', #4192 ) ;
#3532 = FACE_OUTER_BOUND ( 'NONE', #1532, .T. ) ;
#3533 = VECTOR ( 'NONE', #1348, 1000.000000000000000 ) ;
#3534 = DIRECTION ( 'NONE',  ( -0.0000000000000000000, -0.0000000000000000000, 1.000000000000000000 ) ) ;
#3535 = CARTESIAN_POINT ( 'NONE',  ( 4.908578643762692400, 2.457106781190031800, 7.949999999999999300 ) ) ;
#3536 = FACE_OUTER_BOUND ( 'NONE', #3836, .T. ) ;
#3537 = CARTESIAN_POINT ( 'NONE',  ( -4.850000000000000500, 0.0000000000000000000, 8.449999999999999300 ) ) ;
#3538 = VERTEX_POINT ( 'NONE', #6081 ) ;
#3539 = LINE ( 'NONE', #305, #1675 ) ;
#3540 = CARTESIAN_POINT ( 'NONE',  ( 18.87591023243999900, 5.780000000000000200, 8.473396354947000800 ) ) ;
#3541 = EDGE_CURVE ( 'NONE', #7023, #1152, #3321, .T. ) ;
#3542 = ORIENTED_EDGE ( 'NONE', *, *, #6067, .T. ) ;
#3543 = LINE ( 'NONE', #1373, #3533 ) ;
#3544 = EDGE_LOOP ( 'NONE', ( #2906, #5504, #489, #4272 ) ) ;
#3545 = DIRECTION ( 'NONE',  ( -0.0000000000000000000, -0.0000000000000000000, -1.000000000000000000 ) ) ;
#3546 = LINE ( 'NONE', #6104, #3351 ) ;
#3547 = CARTESIAN_POINT ( 'NONE',  ( -4.400000000000000400, 2.946173311193000200, 6.299999999999999800 ) ) ;
#3548 = CARTESIAN_POINT ( 'NONE',  ( 2.301679666941543400, -1.346000000000000100, -4.151536483442425800 ) ) ;
#3549 = EDGE_CURVE ( 'NONE', #1299, #785, #6993, .T. ) ;
#3550 = CARTESIAN_POINT ( 'NONE',  ( -4.950000000000000200, 0.0000000000000000000, 5.500000000000000000 ) ) ;
#3551 = ORIENTED_EDGE ( 'NONE', *, *, #516, .T. ) ;
#3552 = ORIENTED_EDGE ( 'NONE', *, *, #5165, .F. ) ;
#3553 = CARTESIAN_POINT ( 'NONE',  ( 4.850000000000000500, 2.250000000000000000, 7.450000000151500300 ) ) ;
#3554 = DIRECTION ( 'NONE',  ( 0.0000000000000000000, 0.0000000000000000000, -1.000000000000000000 ) ) ;
#3555 = VECTOR ( 'NONE', #3770, 1000.000000000000000 ) ;
#3556 = CYLINDRICAL_SURFACE ( 'NONE', #3293, 3.000000000000000000 ) ;
#3557 = ORIENTED_EDGE ( 'NONE', *, *, #869, .T. ) ;
#3558 = DIRECTION ( 'NONE',  ( 0.0000000000000000000, 0.0000000000000000000, -1.000000000000000000 ) ) ;
#3560 = ORIENTED_EDGE ( 'NONE', *, *, #3891, .F. ) ;
#3559 = AXIS2_PLACEMENT_3D ( 'NONE', #8404, #4751, #665 ) ;
#3561 = ADVANCED_FACE ( 'NONE', ( #8215 ), #3114, .T. ) ;
#3562 = VECTOR ( 'NONE', #68, 1000.000000000000000 ) ;
#3563 = FACE_OUTER_BOUND ( 'NONE', #2232, .T. ) ;
#3564 = ORIENTED_EDGE ( 'NONE', *, *, #5566, .T. ) ;
#3565 = DIRECTION ( 'NONE',  ( -0.0000000000000000000, -1.000000000000000000, -0.0000000000000000000 ) ) ;
#3566 = DIRECTION ( 'NONE',  ( -0.0000000000000000000, 0.0000000000000000000, 1.000000000000000000 ) ) ;
#3567 = CYLINDRICAL_SURFACE ( 'NONE', #8323, 0.2999999999999999300 ) ;
#3568 = ORIENTED_EDGE ( 'NONE', *, *, #2198, .T. ) ;
#3569 = VECTOR ( 'NONE', #3099, 1000.000000000000000 ) ;
#3570 = AXIS2_PLACEMENT_3D ( 'NONE', #221, #981, #5650 ) ;
#3571 = CARTESIAN_POINT ( 'NONE',  ( 4.549999999999999800, 3.899999999999999900, 6.576452044609999900 ) ) ;
#3572 = VECTOR ( 'NONE', #6247, 1000.000000000000000 ) ;
#3573 = VERTEX_POINT ( 'NONE', #2977 ) ;
#3574 = EDGE_CURVE ( 'NONE', #6795, #1299, #8036, .T. ) ;
#3575 = ORIENTED_EDGE ( 'NONE', *, *, #49, .F. ) ;
#3576 = CARTESIAN_POINT ( 'NONE',  ( -4.549999999999999800, 4.099999999999999600, -4.599999999999999600 ) ) ;
#3577 = ORIENTED_EDGE ( 'NONE', *, *, #693, .T. ) ;
#3578 =( BOUNDED_SURFACE ( )  B_SPLINE_SURFACE ( 3, 3, ( 
 ( #2855, #2969, #2829, #2812, #2800, #2780, #6364 ),
 ( #2743, #2726, #2696, #2685, #2668, #2661, #6841 ),
 ( #2633, #2604, #6261, #2578, #2559, #2552, #2544 ),
 ( #2532, #2524, #2510, #2501, #2494, #2479, #2461 ) ),
 .UNSPECIFIED., .F., .F., .F. ) 
 B_SPLINE_SURFACE_WITH_KNOTS ( ( 4, 4 ),
 ( 4, 3, 4 ),
 ( 0.0000000000000000000, 1.000000000000000000 ),
 ( 0.0000000000000000000, 0.5000000000000000000, 1.000000000000000000 ),
 .UNSPECIFIED. ) 
 GEOMETRIC_REPRESENTATION_ITEM ( )  RATIONAL_B_SPLINE_SURFACE ( (
 ( 1.000000000000000000, 0.8025111801763885600, 0.8025111801763885600, 1.000000000000000000, 0.8025111801763885600, 0.8025111801763885600, 1.000000000000000000),
 ( 0.8047378541243649400, 0.6458111250459585000, 0.6458111250459585000, 0.8047378541243649400, 0.6458111250459585000, 0.6458111250459585000, 0.8047378541243649400),
 ( 0.8047378541243649400, 0.6458111250459585000, 0.6458111250459585000, 0.8047378541243649400, 0.6458111250459585000, 0.6458111250459585000, 0.8047378541243649400),
 ( 1.000000000000000000, 0.8025111801763885600, 0.8025111801763885600, 1.000000000000000000, 0.8025111801763885600, 0.8025111801763885600, 1.000000000000000000) ) ) 
 REPRESENTATION_ITEM ( '' )  SURFACE ( )  );
#3579 = ORIENTED_EDGE ( 'NONE', *, *, #7259, .T. ) ;
#3580 = CARTESIAN_POINT ( 'NONE',  ( 0.5000000000000000000, 4.049999999999999800, 2.500000000000000000 ) ) ;
#3581 = AXIS2_PLACEMENT_3D ( 'NONE', #1383, #800, #767 ) ;
#3582 = ORIENTED_EDGE ( 'NONE', *, *, #4947, .T. ) ;
#3583 = EDGE_CURVE ( 'NONE', #6398, #1152, #6614, .T. ) ;
#3584 = DIRECTION ( 'NONE',  ( -0.0000000000000000000, 0.0000000000000000000, -1.000000000000000000 ) ) ;
#3585 = DIRECTION ( 'NONE',  ( 0.0000000000000000000, -1.000000000000000000, 0.0000000000000000000 ) ) ;
#3586 = EDGE_LOOP ( 'NONE', ( #7845, #2564, #4220, #236 ) ) ;
#3587 = CARTESIAN_POINT ( 'NONE',  ( 2.000000000000000000, 1.500000000000000000, 6.299999999999999800 ) ) ;
#3588 = VECTOR ( 'NONE', #5725, 1000.000000000000000 ) ;
#3589 = EDGE_LOOP ( 'NONE', ( #8006, #2851, #6825, #422 ) ) ;
#3590 = DIRECTION ( 'NONE',  ( 0.0000000000000000000, 0.0000000000000000000, 1.000000000000000000 ) ) ;
#3591 = ORIENTED_EDGE ( 'NONE', *, *, #4696, .T. ) ;
#3592 = CIRCLE ( 'NONE', #6635, 0.09999999999999939500 ) ;
#3593 = ADVANCED_FACE ( 'NONE', ( #4763 ), #7952, .F. ) ;
#3594 = DIRECTION ( 'NONE',  ( 0.0000000000000000000, 0.0000000000000000000, 1.000000000000000000 ) ) ;
#3595 = VERTEX_POINT ( 'NONE', #1525 ) ;
#3596 = LINE ( 'NONE', #8302, #8283 ) ;
#3597 = ORIENTED_EDGE ( 'NONE', *, *, #2343, .T. ) ;
#3598 = CARTESIAN_POINT ( 'NONE',  ( -3.048463516559695800, -1.494789755157235100, 3.501679666941690100 ) ) ;
#3599 = ORIENTED_EDGE ( 'NONE', *, *, #2089, .T. ) ;
#3600 = EDGE_CURVE ( 'NONE', #4641, #7004, #6235, .T. ) ;
#3601 = DIRECTION ( 'NONE',  ( 0.0000000000000000000, 0.0000000000000000000, -1.000000000000000000 ) ) ;
#3602 = AXIS2_PLACEMENT_3D ( 'NONE', #6464, #3977, #8267 ) ;
#3603 = DIRECTION ( 'NONE',  ( 0.0000000000000000000, 1.000000000000000000, -0.0000000000000000000 ) ) ;
#3604 = CARTESIAN_POINT ( 'NONE',  ( 1.899999999999999900, 4.700000000000000200, 4.799999999999999800 ) ) ;
#3605 = ORIENTED_EDGE ( 'NONE', *, *, #3788, .F. ) ;
#3606 = VERTEX_POINT ( 'NONE', #4880 ) ;
#3607 = VECTOR ( 'NONE', #2543, 1000.000000000000000 ) ;
#3608 = CARTESIAN_POINT ( 'NONE',  ( 2.742437782846952300E-016, -1.100000000000000300, -2.239370392146000200 ) ) ;
#3609 = CARTESIAN_POINT ( 'NONE',  ( 0.8700000000002962000, 4.700000000000000200, -0.5000000000000979200 ) ) ;
#3610 = DIRECTION ( 'NONE',  ( -0.0000000000000000000, 1.000000000000000000, -0.0000000000000000000 ) ) ;
#3611 = AXIS2_PLACEMENT_3D ( 'NONE', #4874, #6124, #2322 ) ;
#3612 = ORIENTED_EDGE ( 'NONE', *, *, #6397, .F. ) ;
#3613 = DIRECTION ( 'NONE',  ( 0.6881162959158699800, -0.0000000000000000000, -0.7256004157213684600 ) ) ;
#3614 = EDGE_CURVE ( 'NONE', #1299, #7004, #6431, .T. ) ;
#3615 = LINE ( 'NONE', #2933, #3902 ) ;
#3616 = ORIENTED_EDGE ( 'NONE', *, *, #5465, .T. ) ;
#3617 = CYLINDRICAL_SURFACE ( 'NONE', #405, 0.4000000000000001900 ) ;
#3618 = DIRECTION ( 'NONE',  ( 0.0000000000000000000, -0.0000000000000000000, -1.000000000000000000 ) ) ;
#3619 = CARTESIAN_POINT ( 'NONE',  ( 0.0000000000000000000, -1.100000000000000300, 0.0000000000000000000 ) ) ;
#3620 = ORIENTED_EDGE ( 'NONE', *, *, #2157, .T. ) ;
#3621 = CARTESIAN_POINT ( 'NONE',  ( 1.750000000000000000, 0.0000000000000000000, 0.0000000000000000000 ) ) ;
#3622 = VECTOR ( 'NONE', #6285, 1000.000000000000000 ) ;
#3623 = DIRECTION ( 'NONE',  ( 0.0000000000000000000, 0.0000000000000000000, 1.000000000000000000 ) ) ;
#3624 = ORIENTED_EDGE ( 'NONE', *, *, #8248, .F. ) ;
#3625 = FACE_OUTER_BOUND ( 'NONE', #813, .T. ) ;
#3626 = EDGE_LOOP ( 'NONE', ( #6649, #1063, #7395, #7920 ) ) ;
#3627 = VECTOR ( 'NONE', #8305, 1000.000000000000000 ) ;
#3628 = CARTESIAN_POINT ( 'NONE',  ( -2.951536488527992700, -1.346000000000000100, 4.898320333411398100 ) ) ;
#3629 = DIRECTION ( 'NONE',  ( 0.0000000000000000000, 0.0000000000000000000, -1.000000000000000000 ) ) ;
#3630 = DIRECTION ( 'NONE',  ( -0.0000000000000000000, -1.000000000000000000, -0.0000000000000000000 ) ) ;
#3631 = ORIENTED_EDGE ( 'NONE', *, *, #5710, .F. ) ;
#3632 = VECTOR ( 'NONE', #1592, 1000.000000000000000 ) ;
#3633 = VERTEX_POINT ( 'NONE', #5537 ) ;
#3634 = LINE ( 'NONE', #5697, #5104 ) ;
#3635 = PLANE ( 'NONE',  #3611 ) ;
#3636 = ADVANCED_FACE ( 'NONE', ( #4555 ), #4260, .T. ) ;
#3637 = CARTESIAN_POINT ( 'NONE',  ( -0.8700000000003265100, 4.700000000000000200, -0.5000000000000000000 ) ) ;
#3638 = ORIENTED_EDGE ( 'NONE', *, *, #3404, .F. ) ;
#3639 = DIRECTION ( 'NONE',  ( -1.000000000000000000, -0.0000000000000000000, -0.0000000000000000000 ) ) ;
#3640 = CARTESIAN_POINT ( 'NONE',  ( -3.000000000000000000, -0.4000000000000000200, 4.200000000000000200 ) ) ;
#3641 = LINE ( 'NONE', #1389, #3346 ) ;
#3642 = CARTESIAN_POINT ( 'NONE',  ( 0.6995649517246427300, 6.250000000000000000, 4.224675459843707500 ) ) ;
#3643 = EDGE_LOOP ( 'NONE', ( #6594, #1516, #5352, #6010 ) ) ;
#3644 = LINE ( 'NONE', #7668, #8157 ) ;
#3645 = AXIS2_PLACEMENT_3D ( 'NONE', #4824, #4846, #4934 ) ;
#3646 = CIRCLE ( 'NONE', #5643, 1.003444069194000100 ) ;
#3647 = ORIENTED_EDGE ( 'NONE', *, *, #1645, .T. ) ;
#3648 = LINE ( 'NONE', #6357, #3622 ) ;
#3649 = DIRECTION ( 'NONE',  ( -1.000000000000000000, 0.0000000000000000000, 0.0000000000000000000 ) ) ;
#3650 = CARTESIAN_POINT ( 'NONE',  ( -2.965985792621269400, -8.100012202381321900, -0.5216180420628703200 ) ) ;
#3651 = CARTESIAN_POINT ( 'NONE',  ( 4.549999999999999800, 3.899999999999999900, -5.500000000000000000 ) ) ;
#3652 = ORIENTED_EDGE ( 'NONE', *, *, #6543, .T. ) ;
#3653 = CARTESIAN_POINT ( 'NONE',  ( 4.125720662159659800, 5.400000000000000400, 12.53256902702190300 ) ) ;
#3654 = EDGE_CURVE ( 'NONE', #2463, #7242, #950, .T. ) ;
#3655 = CARTESIAN_POINT ( 'NONE',  ( 0.0000000000000000000, 4.700000000000000200, -4.200000000000000200 ) ) ;
#3656 = AXIS2_PLACEMENT_3D ( 'NONE', #6189, #3048, #6780 ) ;
#3657 = FACE_OUTER_BOUND ( 'NONE', #7220, .T. ) ;
#3658 = LINE ( 'NONE', #5603, #3470 ) ;
#3659 = LINE ( 'NONE', #3757, #3163 ) ;
#3660 = DIRECTION ( 'NONE',  ( 1.000000000000000000, 0.0000000000000000000, 0.0000000000000000000 ) ) ;
#3661 = ORIENTED_EDGE ( 'NONE', *, *, #2132, .T. ) ;
#3662 = VECTOR ( 'NONE', #7054, 1000.000000000000000 ) ;
#3663 = VECTOR ( 'NONE', #2060, 1000.000000000000000 ) ;
#3664 = EDGE_CURVE ( 'NONE', #7004, #7242, #6037, .T. ) ;
#3665 = AXIS2_PLACEMENT_3D ( 'NONE', #4043, #8327, #4665 ) ;
#3666 = ORIENTED_EDGE ( 'NONE', *, *, #7304, .F. ) ;
#3667 = DIRECTION ( 'NONE',  ( -0.0000000000000000000, -0.0000000000000000000, 1.000000000000000000 ) ) ;
#3668 = DIRECTION ( 'NONE',  ( 1.000000000000000000, 0.0000000000000000000, 0.0000000000000000000 ) ) ;
#3669 = CARTESIAN_POINT ( 'NONE',  ( 3.000000000000000000, 4.700000000000000200, 2.500000000000000000 ) ) ;
#3670 = CARTESIAN_POINT ( 'NONE',  ( 3.049999999999999800, 4.099999999999999600, -3.400000000000000400 ) ) ;
#3671 = DIRECTION ( 'NONE',  ( 0.0000000000000000000, 0.0000000000000000000, -1.000000000000000000 ) ) ;
#3672 = LINE ( 'NONE', #4656, #1841 ) ;
#3673 = ORIENTED_EDGE ( 'NONE', *, *, #4769, .T. ) ;
#3674 = CARTESIAN_POINT ( 'NONE',  ( -4.950000000000000200, 3.899999999999999900, -5.500000000000000000 ) ) ;
#3675 = STYLED_ITEM ( 'NONE', ( #3873 ), #2817 ) ;
#3676 = CARTESIAN_POINT ( 'NONE',  ( -1.268559720435284800, -8.099989114379120300, 2.721752205732656600 ) ) ;
#3677 = CARTESIAN_POINT ( 'NONE',  ( -3.000000000000000000, 0.0000000000000000000, -4.850000000000001400 ) ) ;
#3678 = EDGE_CURVE ( 'NONE', #3409, #1778, #4365, .T. ) ;
#3679 = ADVANCED_FACE ( 'NONE', ( #4171 ), #473, .T. ) ;
#3680 = CARTESIAN_POINT ( 'NONE',  ( 0.0000000000000000000, 5.400000000000000400, 0.0000000000000000000 ) ) ;
#3681 = VERTEX_POINT ( 'NONE', #3721 ) ;
#3682 = EDGE_CURVE ( 'NONE', #3633, #6398, #2472, .T. ) ;
#3683 = DIRECTION ( 'NONE',  ( 0.0000000000000000000, 1.000000000000000000, -0.0000000000000000000 ) ) ;
#3684 = CARTESIAN_POINT ( 'NONE',  ( -4.549999999999999800, 0.1000000000000000100, 9.900000000000000400 ) ) ;
#3685 = DIRECTION ( 'NONE',  ( 0.0000000000000000000, 0.0000000000000000000, 1.000000000000000000 ) ) ;
#3686 = CARTESIAN_POINT ( 'NONE',  ( -0.5000000000000000000, 4.049999999999999800, -0.8700000000000000000 ) ) ;
#3687 = ORIENTED_EDGE ( 'NONE', *, *, #2569, .T. ) ;
#3688 = DIRECTION ( 'NONE',  ( 0.0000000000000000000, 0.0000000000000000000, 1.000000000000000000 ) ) ;
#3689 = LINE ( 'NONE', #7526, #2968 ) ;
#3690 = CARTESIAN_POINT ( 'NONE',  ( 4.400000000000000400, 4.700000000000000200, 3.200000000000000200 ) ) ;
#3691 = ORIENTED_EDGE ( 'NONE', *, *, #2273, .F. ) ;
#3692 = CARTESIAN_POINT ( 'NONE',  ( -2.049999999999999800, 3.246173311193000000, 9.377564394267999100 ) ) ;
#3693 = DIRECTION ( 'NONE',  ( -0.0000000000000000000, -1.000000000000000000, -0.0000000000000000000 ) ) ;
#3694 = EDGE_LOOP ( 'NONE', ( #2670, #6792, #300, #4008 ) ) ;
#3695 = LINE ( 'NONE', #5568, #3588 ) ;
#3696 = EDGE_CURVE ( 'NONE', #7351, #3409, #712, .T. ) ;
#3697 = DIRECTION ( 'NONE',  ( 0.0000000000000000000, 0.0000000000000000000, -1.000000000000000000 ) ) ;
#3698 = CARTESIAN_POINT ( 'NONE',  ( 3.000000000000000000, 0.0000000000000000000, 4.850000000000001400 ) ) ;
#3699 = CARTESIAN_POINT ( 'NONE',  ( -4.850000000000000500, 4.423606797749989100, 4.599999999999999600 ) ) ;
#3700 = DIRECTION ( 'NONE',  ( 0.0000000000000000000, 0.0000000000000000000, 1.000000000000000000 ) ) ;
#3701 =( BOUNDED_CURVE ( )  B_SPLINE_CURVE ( 3, ( #3505, #7201, #4734, #643 ),
 .UNSPECIFIED., .F., .F. ) 
 B_SPLINE_CURVE_WITH_KNOTS ( ( 4, 4 ),
 ( 0.02205536386543405600, 1.000000000000000000 ),
 .UNSPECIFIED. ) 
 CURVE ( )  GEOMETRIC_REPRESENTATION_ITEM ( )  RATIONAL_B_SPLINE_CURVE ( ( 1.000000000000000000, 0.3564250364515742000, 0.3564250364515742000, 1.000000000000000000 ) ) 
 REPRESENTATION_ITEM ( '' )  );
#3702 = VERTEX_POINT ( 'NONE', #7436 ) ;
#3703 = CARTESIAN_POINT ( 'NONE',  ( -4.850000000000000500, 3.899999999999999500, -4.599999999999999600 ) ) ;
#3704 = DIRECTION ( 'NONE',  ( -0.0000000000000000000, -1.000000000000000000, -0.0000000000000000000 ) ) ;
#3705 = EDGE_LOOP ( 'NONE', ( #6800, #361, #4102, #6960 ) ) ;
#3706 = CARTESIAN_POINT ( 'NONE',  ( 2.720119816014555900, -8.099984499688611500, 1.272045175952460500 ) ) ;
#3707 = DIRECTION ( 'NONE',  ( 1.000000000000000000, 0.0000000000000000000, 0.0000000000000000000 ) ) ;
#3708 = EDGE_CURVE ( 'NONE', #2691, #5244, #5846, .T. ) ;
#3709 = DIRECTION ( 'NONE',  ( 0.0000000000000000000, 1.000000000000000000, -0.0000000000000000000 ) ) ;
#3710 = AXIS2_PLACEMENT_3D ( 'NONE', #6980, #5139, #1856 ) ;
#3711 = CARTESIAN_POINT ( 'NONE',  ( 0.0000000000000000000, 4.700000000000000200, 0.0000000000000000000 ) ) ;
#3712 = LINE ( 'NONE', #4331, #5953 ) ;
#3713 = LINE ( 'NONE', #2164, #1894 ) ;
#3714 = CARTESIAN_POINT ( 'NONE',  ( 0.0000000000000000000, -1.199999999999999700, 0.0000000000000000000 ) ) ;
#3715 = CARTESIAN_POINT ( 'NONE',  ( 0.5496577428988119700, 6.399999999999685900, 4.219387846017000700 ) ) ;
#3716 = ORIENTED_EDGE ( 'NONE', *, *, #1024, .F. ) ;
#3717 = ADVANCED_FACE ( 'NONE', ( #3982 ), #5599, .T. ) ;
#3718 = ORIENTED_EDGE ( 'NONE', *, *, #5611, .T. ) ;
#3719 = LINE ( 'NONE', #6014, #1900 ) ;
#3720 = CARTESIAN_POINT ( 'NONE',  ( -4.549999999999999800, 0.0000000000000000000, -5.500000000000000000 ) ) ;
#3721 = CARTESIAN_POINT ( 'NONE',  ( -3.049999999999999800, 4.500000000000000900, -3.400000000000000400 ) ) ;
#3722 = CYLINDRICAL_SURFACE ( 'NONE', #2476, 0.5999999999999998700 ) ;
#3723 = VERTEX_POINT ( 'NONE', #6812 ) ;
#3724 = CARTESIAN_POINT ( 'NONE',  ( -4.850000000000000500, 8.000000000000000000, 8.449999999999999300 ) ) ;
#3725 = AXIS2_PLACEMENT_3D ( 'NONE', #2764, #2052, #5287 ) ;
#3726 = EDGE_CURVE ( 'NONE', #1778, #5244, #5657, .T. ) ;
#3727 = LINE ( 'NONE', #6405, #4188 ) ;
#3728 = CARTESIAN_POINT ( 'NONE',  ( 3.000000000000000000, -1.346000000000000100, -3.500000000000000400 ) ) ;
#3729 = LINE ( 'NONE', #1948, #3829 ) ;
#3730 = LINE ( 'NONE', #3090, #3807 ) ;
#3731 = DIRECTION ( 'NONE',  ( 1.000000000000000000, 0.0000000000000000000, -0.0000000000000000000 ) ) ;
#3732 = ORIENTED_EDGE ( 'NONE', *, *, #3423, .T. ) ;
#3733 = CIRCLE ( 'NONE', #3802, 0.6500000000000000200 ) ;
#3734 = DIRECTION ( 'NONE',  ( 0.0000000000000000000, 1.000000000000000000, 0.0000000000000000000 ) ) ;
#3735 = DIRECTION ( 'NONE',  ( 0.0000000000000000000, 0.0000000000000000000, -1.000000000000000000 ) ) ;
#3736 = DIRECTION ( 'NONE',  ( 0.0000000000000000000, 0.0000000000000000000, -1.000000000000000000 ) ) ;
#3737 = FACE_OUTER_BOUND ( 'NONE', #5595, .T. ) ;
#3738 = ORIENTED_EDGE ( 'NONE', *, *, #3799, .F. ) ;
#3739 = CARTESIAN_POINT ( 'NONE',  ( 4.549999999999999800, 3.899999999999999900, 10.00000000000000000 ) ) ;
#3740 = CARTESIAN_POINT ( 'NONE',  ( -4.850000000000000500, 1.850000000000000100, 7.450000000000001100 ) ) ;
#3741 = FACE_OUTER_BOUND ( 'NONE', #5618, .T. ) ;
#3742 = CARTESIAN_POINT ( 'NONE',  ( 4.270987516473000200, -44.99959868226000000, 12.39510061684000100 ) ) ;
#3743 = CIRCLE ( 'NONE', #1387, 0.2000000000000005100 ) ;
#3744 = DIRECTION ( 'NONE',  ( 0.0000000000000000000, -1.000000000000000000, -0.0000000000000000000 ) ) ;
#3745 = ORIENTED_EDGE ( 'NONE', *, *, #130, .F. ) ;
#3746 = AXIS2_PLACEMENT_3D ( 'NONE', #5904, #4628, #523 ) ;
#3747 = ADVANCED_FACE ( 'NONE', ( #2010 ), #6242, .T. ) ;
#3748 = DIRECTION ( 'NONE',  ( -1.000000000000000000, 0.0000000000000000000, -0.0000000000000000000 ) ) ;
#3749 = VECTOR ( 'NONE', #3100, 1000.000000000000000 ) ;
#3750 = VECTOR ( 'NONE', #6328, 1000.000000000000000 ) ;
#3751 = CARTESIAN_POINT ( 'NONE',  ( -1.750000000000000000, 3.246173311193000000, 0.0000000000000000000 ) ) ;
#3752 = ORIENTED_EDGE ( 'NONE', *, *, #2103, .T. ) ;
#3753 = DIRECTION ( 'NONE',  ( -1.000000000000000000, 0.0000000000000000000, -0.0000000000000000000 ) ) ;
#3754 = CARTESIAN_POINT ( 'NONE',  ( 4.908578643762691500, 1.750000000000000200, 8.035786438159698600 ) ) ;
#3755 = LINE ( 'NONE', #4838, #182 ) ;
#3756 = CARTESIAN_POINT ( 'NONE',  ( -4.950000000000000200, 2.750000000000000000, 8.349999999999999600 ) ) ;
#3757 = CARTESIAN_POINT ( 'NONE',  ( 4.950000000000000200, 3.899999999999999900, 6.576452044609999900 ) ) ;
#3758 = CIRCLE ( 'NONE', #5425, 0.2999999999999999300 ) ;
#3759 = ORIENTED_EDGE ( 'NONE', *, *, #7364, .T. ) ;
#3760 = LINE ( 'NONE', #3651, #2842 ) ;
#3761 = EDGE_CURVE ( 'NONE', #2655, #7877, #2241, .T. ) ;
#3762 = ADVANCED_FACE ( 'NONE', ( #8 ), #7495, .F. ) ;
#3763 =( BOUNDED_SURFACE ( )  B_SPLINE_SURFACE ( 3, 3, ( 
 ( #6912, #3213, #8137, #4443 ),
 ( #313, #5108, #1066, #5728 ),
 ( #1815, #6348, #2561, #6947 ),
 ( #3244, #7597, #3857, #8164 ) ),
 .UNSPECIFIED., .F., .F., .F. ) 
 B_SPLINE_SURFACE_WITH_KNOTS ( ( 4, 4 ),
 ( 4, 4 ),
 ( 0.0000000000000000000, 1.000000000000000000 ),
 ( 0.0000000000000000000, 1.000000000000000000 ),
 .UNSPECIFIED. ) 
 GEOMETRIC_REPRESENTATION_ITEM ( )  RATIONAL_B_SPLINE_SURFACE ( (
 ( 1.000000000000000000, 0.3333333333333324800, 0.3333333333333324800, 1.000000000000000000),
 ( 0.8047378541243670500, 0.2682459513747883500, 0.2682459513747883500, 0.8047378541243670500),
 ( 0.8047378541243670500, 0.2682459513747883500, 0.2682459513747883500, 0.8047378541243670500),
 ( 1.000000000000000000, 0.3333333333333324800, 0.3333333333333324800, 1.000000000000000000) ) ) 
 REPRESENTATION_ITEM ( '' )  SURFACE ( )  );
#3764 = ORIENTED_EDGE ( 'NONE', *, *, #5994, .F. ) ;
#3765 = VECTOR ( 'NONE', #4936, 1000.000000000000000 ) ;
#3766 = DIRECTION ( 'NONE',  ( 0.0000000000000000000, 0.0000000000000000000, -1.000000000000000000 ) ) ;
#3767 = CYLINDRICAL_SURFACE ( 'NONE', #4899, 4.099999999999999600 ) ;
#3768 = PLANE ( 'NONE',  #2966 ) ;
#3769 = ORIENTED_EDGE ( 'NONE', *, *, #4941, .T. ) ;
#3770 = DIRECTION ( 'NONE',  ( -0.6941355705842079400, -0.0000000000000000000, 0.7198442954207083800 ) ) ;
#3771 = AXIS2_PLACEMENT_3D ( 'NONE', #7120, #6509, #2748 ) ;
#3772 = AXIS2_PLACEMENT_3D ( 'NONE', #2865, #1617, #1601 ) ;
#3773 = CARTESIAN_POINT ( 'NONE',  ( -4.850000000000000500, 2.750000000065000000, 7.950000000000000200 ) ) ;
#3774 = CARTESIAN_POINT ( 'NONE',  ( -4.400000000000000400, 0.0000000000000000000, -5.500000000000000000 ) ) ;
#3775 = EDGE_LOOP ( 'NONE', ( #1581, #5433, #7289, #2698 ) ) ;
#3776 = DIRECTION ( 'NONE',  ( -0.0000000000000000000, -1.000000000000000000, -0.0000000000000000000 ) ) ;
#3777 = ORIENTED_EDGE ( 'NONE', *, *, #3059, .T. ) ;
#3778 = DIRECTION ( 'NONE',  ( 0.0000000000000000000, 0.0000000000000000000, 1.000000000000000000 ) ) ;
#3779 = LINE ( 'NONE', #5452, #3868 ) ;
#3780 = EDGE_CURVE ( 'NONE', #5244, #7331, #7088, .T. ) ;
#3781 = ADVANCED_FACE ( 'NONE', ( #1763 ), #6699, .F. ) ;
#3782 = EDGE_CURVE ( 'NONE', #5511, #8203, #8294, .T. ) ;
#3783 = EDGE_LOOP ( 'NONE', ( #3919, #6121, #1403, #5246 ) ) ;
#3784 = ORIENTED_EDGE ( 'NONE', *, *, #658, .T. ) ;
#3785 = DIRECTION ( 'NONE',  ( 0.0000000000000000000, -1.000000000000000000, 0.0000000000000000000 ) ) ;
#3786 = DIRECTION ( 'NONE',  ( 1.000000000000000000, -0.0000000000000000000, 0.0000000000000000000 ) ) ;
#3787 = CIRCLE ( 'NONE', #6674, 0.2999999999999999300 ) ;
#3788 = EDGE_CURVE ( 'NONE', #7331, #6372, #6882, .T. ) ;
#3789 = CARTESIAN_POINT ( 'NONE',  ( -4.950000000000000200, 2.750000000399499500, 8.049999999903999300 ) ) ;
#3790 = VERTEX_POINT ( 'NONE', #5681 ) ;
#3791 = CIRCLE ( 'NONE', #2960, 0.2999999999999999300 ) ;
#3792 = VERTEX_POINT ( 'NONE', #3191 ) ;
#3793 = ADVANCED_FACE ( 'NONE', ( #8127 ), #8123, .T. ) ;
#3794 = CARTESIAN_POINT ( 'NONE',  ( 3.049999999999999800, 4.099999999999999600, -4.599999999999999600 ) ) ;
#3795 = DIRECTION ( 'NONE',  ( 0.0000000000000000000, 0.0000000000000000000, -1.000000000000000000 ) ) ;
#3796 = DIRECTION ( 'NONE',  ( 0.0000000000000000000, 0.0000000000000000000, -1.000000000000000000 ) ) ;
#3797 = CARTESIAN_POINT ( 'NONE',  ( -4.850000000000000500, 2.750000000000000000, 8.349999999999999600 ) ) ;
#3798 = CARTESIAN_POINT ( 'NONE',  ( -3.000000000000000000, 4.700000000000000200, -0.5000000000000000000 ) ) ;
#3799 = EDGE_CURVE ( 'NONE', #5952, #5715, #5263, .T. ) ;
#3800 = VERTEX_POINT ( 'NONE', #5711 ) ;
#3801 = VECTOR ( 'NONE', #7466, 1000.000000000000000 ) ;
#3802 = AXIS2_PLACEMENT_3D ( 'NONE', #1636, #6195, #2400 ) ;
#3803 = AXIS2_PLACEMENT_3D ( 'NONE', #3540, #2166, #3508 ) ;
#3804 = CARTESIAN_POINT ( 'NONE',  ( -2.899999999999999900, 3.246173311193000000, 9.622999999999999300 ) ) ;
#3805 = DIRECTION ( 'NONE',  ( 1.000000000000000000, -0.0000000000000000000, 0.0000000000000000000 ) ) ;
#3806 = DIRECTION ( 'NONE',  ( 0.0000000000000000000, 1.000000000000000000, 0.0000000000000000000 ) ) ;
#3807 = VECTOR ( 'NONE', #3098, 1000.000000000000000 ) ;
#3808 = ORIENTED_EDGE ( 'NONE', *, *, #787, .T. ) ;
#3809 = FACE_OUTER_BOUND ( 'NONE', #4439, .T. ) ;
#3810 = CARTESIAN_POINT ( 'NONE',  ( 2.399999999999999900, 2.946173311192998400, 13.19999999999999900 ) ) ;
#3811 = EDGE_CURVE ( 'NONE', #3313, #7480, #3420, .T. ) ;
#3812 = CARTESIAN_POINT ( 'NONE',  ( -2.969121624865261200, -1.600000000000000300, 4.644932668701211600 ) ) ;
#3813 = CARTESIAN_POINT ( 'NONE',  ( 4.650000000000000400, 4.500000000000000900, 3.399999999999999900 ) ) ;
#3814 = ORIENTED_EDGE ( 'NONE', *, *, #4040, .T. ) ;
#3815 = VECTOR ( 'NONE', #6132, 1000.000000000000100 ) ;
#3816 = CARTESIAN_POINT ( 'NONE',  ( 2.399246501976625800, -8.435083059751757900, -1.164916940248241300 ) ) ;
#3817 = LINE ( 'NONE', #2745, #3438 ) ;
#3818 = EDGE_LOOP ( 'NONE', ( #3631, #7774, #2480, #5838 ) ) ;
#3819 = LINE ( 'NONE', #552, #2035 ) ;
#3820 = DIRECTION ( 'NONE',  ( 0.0000000000000000000, -1.000000000000000000, 0.0000000000000000000 ) ) ;
#3821 = ADVANCED_FACE ( 'NONE', ( #6517 ), #6337, .F. ) ;
#3822 = VECTOR ( 'NONE', #2169, 1000.000000000000000 ) ;
#3823 = DIRECTION ( 'NONE',  ( 0.0000000000000000000, 0.0000000000000000000, 1.000000000000000000 ) ) ;
#3825 = VERTEX_POINT ( 'NONE', #322 ) ;
#3824 = AXIS2_PLACEMENT_3D ( 'NONE', #5890, #2023, #6503 ) ;
#3826 = CARTESIAN_POINT ( 'NONE',  ( 7.347880794884117800E-017, 4.700000000000000200, -0.5999999999999999800 ) ) ;
#3827 = EDGE_CURVE ( 'NONE', #2404, #2785, #7950, .T. ) ;
#3828 = CARTESIAN_POINT ( 'NONE',  ( 4.950000000000001100, 2.150000000000000800, -3.299999999999999400 ) ) ;
#3829 = VECTOR ( 'NONE', #1910, 1000.000000000000000 ) ;
#3830 = DIRECTION ( 'NONE',  ( 0.0000000000000000000, 0.0000000000000000000, 1.000000000000000000 ) ) ;
#3831 = ORIENTED_EDGE ( 'NONE', *, *, #7820, .T. ) ;
#3832 = ADVANCED_FACE ( 'NONE', ( #1300 ), #7759, .T. ) ;
#3833 = DIRECTION ( 'NONE',  ( -0.0000000000000000000, -0.0000000000000000000, -1.000000000000000000 ) ) ;
#3834 = CIRCLE ( 'NONE', #3559, 3.049999999999999800 ) ;
#3835 = CYLINDRICAL_SURFACE ( 'NONE', #1271, 0.2999999999999999300 ) ;
#3836 = EDGE_LOOP ( 'NONE', ( #2637, #6580, #974, #6936 ) ) ;
#3837 = CIRCLE ( 'NONE', #4870, 0.2999999999999999300 ) ;
#3838 = FACE_OUTER_BOUND ( 'NONE', #7280, .T. ) ;
#3839 = LINE ( 'NONE', #7348, #6935 ) ;
#3840 = LINE ( 'NONE', #3571, #3370 ) ;
#3841 = DIRECTION ( 'NONE',  ( 0.0000000000000000000, -1.000000000000000000, 0.0000000000000000000 ) ) ;
#3842 = CARTESIAN_POINT ( 'NONE',  ( -0.5000000000000979200, 4.700000000000000200, -0.8700000000002962000 ) ) ;
#3843 = VECTOR ( 'NONE', #2653, 1000.000000000000000 ) ;
#3844 = CARTESIAN_POINT ( 'NONE',  ( 2.000000000000000000, 0.0000000000000000000, 6.299999999999999800 ) ) ;
#3845 = LINE ( 'NONE', #7149, #5130 ) ;
#3846 = ORIENTED_EDGE ( 'NONE', *, *, #2037, .F. ) ;
#3847 = CARTESIAN_POINT ( 'NONE',  ( 4.850000000000000500, 2.250000000000000400, -2.999999999999999600 ) ) ;
#3848 = DIRECTION ( 'NONE',  ( 0.0000000000000000000, 0.0000000000000000000, 1.000000000000000000 ) ) ;
#3849 = CIRCLE ( 'NONE', #7273, 0.5999999999999998700 ) ;
#3850 = ORIENTED_EDGE ( 'NONE', *, *, #5916, .F. ) ;
#3851 = ADVANCED_FACE ( 'NONE', ( #1523 ), #4456, .T. ) ;
#3852 = DIRECTION ( 'NONE',  ( 0.0000000000000000000, 0.0000000000000000000, 1.000000000000000000 ) ) ;
#3853 = AXIS2_PLACEMENT_3D ( 'NONE', #4258, #85, #4911 ) ;
#3854 = ORIENTED_EDGE ( 'NONE', *, *, #3522, .T. ) ;
#3855 = DIRECTION ( 'NONE',  ( -1.000000000000000000, 0.0000000000000000000, 0.0000000000000000000 ) ) ;
#3856 = DIRECTION ( 'NONE',  ( -1.000000000000000000, 0.0000000000000000000, 0.0000000000000000000 ) ) ;
#3857 = CARTESIAN_POINT ( 'NONE',  ( -4.949999999999999300, 2.149999999999999900, -3.300000000000000700 ) ) ;
#3858 = ORIENTED_EDGE ( 'NONE', *, *, #6491, .T. ) ;
#3859 = DIRECTION ( 'NONE',  ( 0.0000000000000000000, 1.000000000000000000, 0.0000000000000000000 ) ) ;
#3860 =( GEOMETRIC_REPRESENTATION_CONTEXT ( 3 ) GLOBAL_UNCERTAINTY_ASSIGNED_CONTEXT ( ( #4735 ) ) GLOBAL_UNIT_ASSIGNED_CONTEXT ( ( #3279, #7622, #3884 ) ) REPRESENTATION_CONTEXT ( 'NONE', 'WORKASPACE' ) );
#3861 = ADVANCED_FACE ( 'NONE', ( #4865 ), #6403, .F. ) ;
#3862 = DIRECTION ( 'NONE',  ( -1.000000000000000000, 0.0000000000000000000, -0.0000000000000000000 ) ) ;
#3863 = EDGE_CURVE ( 'NONE', #1597, #5715, #2788, .T. ) ;
#3864 = CARTESIAN_POINT ( 'NONE',  ( -0.6815630143470310400, 6.400894984940224600, -2.949155480041602700 ) ) ;
#3865 = CARTESIAN_POINT ( 'NONE',  ( 0.6995649517246270700, 6.250000000000000000, 4.224675459844154300 ) ) ;
#3866 = CARTESIAN_POINT ( 'NONE',  ( 0.0000000000000000000, 0.0000000000000000000, 5.500000000000000000 ) ) ;
#3867 = ORIENTED_EDGE ( 'NONE', *, *, #8442, .T. ) ;
#3868 = VECTOR ( 'NONE', #5336, 1000.000000000000000 ) ;
#3869 = CARTESIAN_POINT ( 'NONE',  ( -1.899999999999999900, 4.700000000000000200, -3.200000000000000200 ) ) ;
#3870 = CARTESIAN_POINT ( 'NONE',  ( 4.549999999999999800, 8.500000000000000000, 7.076452044609999900 ) ) ;
#3871 = ORIENTED_EDGE ( 'NONE', *, *, #7377, .T. ) ;
#3872 =( GEOMETRIC_REPRESENTATION_CONTEXT ( 3 ) GLOBAL_UNCERTAINTY_ASSIGNED_CONTEXT ( ( #7288 ) ) GLOBAL_UNIT_ASSIGNED_CONTEXT ( ( #1828, #1811, #1801 ) ) REPRESENTATION_CONTEXT ( 'NONE', 'WORKASPACE' ) );
#3873 = PRESENTATION_STYLE_ASSIGNMENT (( #2245 ) ) ;
#3874 = CARTESIAN_POINT ( 'NONE',  ( 0.5499996096467729700, 6.399999999999717000, 4.200000000000000200 ) ) ;
#3875 = ORIENTED_EDGE ( 'NONE', *, *, #868, .T. ) ;
#3876 = EDGE_CURVE ( 'NONE', #1152, #6398, #7781, .T. ) ;
#3878 = ORIENTED_EDGE ( 'NONE', *, *, #2378, .F. ) ;
#3877 = PLANE ( 'NONE',  #3219 ) ;
#3879 = DIRECTION ( 'NONE',  ( 1.000000000000000000, 0.0000000000000000000, 0.0000000000000000000 ) ) ;
#3880 = AXIS2_PLACEMENT_3D ( 'NONE', #1794, #1668, #3197 ) ;
#3881 = EDGE_LOOP ( 'NONE', ( #131, #3831, #7451, #1313 ) ) ;
#3882 = PLANE ( 'NONE',  #7571 ) ;
#3883 = EDGE_CURVE ( 'NONE', #3313, #5082, #826, .T. ) ;
#3884 =( NAMED_UNIT ( * ) SI_UNIT ( $, .STERADIAN. ) SOLID_ANGLE_UNIT ( ) );
#3885 = CARTESIAN_POINT ( 'NONE',  ( 0.0000000000000000000, -1.200000000000000000, -3.399999999999999900 ) ) ;
#3886 = DIRECTION ( 'NONE',  ( 1.000000000000000000, 0.0000000000000000000, -0.0000000000000000000 ) ) ;
#3887 = CARTESIAN_POINT ( 'NONE',  ( 4.950000000000000200, 2.750000000712000200, 8.349999999999999600 ) ) ;
#3888 = FACE_OUTER_BOUND ( 'NONE', #526, .T. ) ;
#3889 = VERTEX_POINT ( 'NONE', #6428 ) ;
#3890 = VECTOR ( 'NONE', #6003, 1000.000000000000000 ) ;
#3891 = EDGE_CURVE ( 'NONE', #3000, #8118, #2574, .T. ) ;
#3892 = ORIENTED_EDGE ( 'NONE', *, *, #199, .T. ) ;
#3893 = CIRCLE ( 'NONE', #5879, 3.399999999999999900 ) ;
#3894 = FACE_OUTER_BOUND ( 'NONE', #1749, .T. ) ;
#3895 = EDGE_LOOP ( 'NONE', ( #778, #3605, #7687, #2413 ) ) ;
#3896 = LINE ( 'NONE', #7378, #2375 ) ;
#3897 = PLANE ( 'NONE',  #239 ) ;
#3898 = DIRECTION ( 'NONE',  ( 0.0000000000000000000, 0.0000000000000000000, -1.000000000000000000 ) ) ;
#3899 = ORIENTED_EDGE ( 'NONE', *, *, #8288, .F. ) ;
#3900 = LINE ( 'NONE', #6482, #3815 ) ;
#3901 = LINE ( 'NONE', #2161, #3822 ) ;
#3902 = VECTOR ( 'NONE', #3150, 1000.000000000000000 ) ;
#3903 = ORIENTED_EDGE ( 'NONE', *, *, #5916, .T. ) ;
#3904 = LINE ( 'NONE', #1452, #5386 ) ;
#3905 = CARTESIAN_POINT ( 'NONE',  ( 1.899999999999999900, 4.700000000000000200, -4.799999999999999800 ) ) ;
#3906 = CARTESIAN_POINT ( 'NONE',  ( 4.650000000000000400, 4.200000000000000200, -3.399999999999999900 ) ) ;
#3907 =( BOUNDED_CURVE ( )  B_SPLINE_CURVE ( 3, ( #1185, #1939, #2666, #7046 ),
 .UNSPECIFIED., .F., .T. ) 
 B_SPLINE_CURVE_WITH_KNOTS ( ( 4, 4 ),
 ( 0.0000000000000000000, 0.02205536386543364300 ),
 .UNSPECIFIED. ) 
 CURVE ( )  GEOMETRIC_REPRESENTATION_ITEM ( )  RATIONAL_B_SPLINE_CURVE ( ( 1.000000000000000000, 0.9995999599112697100, 0.9995999599112697100, 1.000000000000000000 ) ) 
 REPRESENTATION_ITEM ( '' )  );
#3908 = CARTESIAN_POINT ( 'NONE',  ( 0.7499999999999997800, 2.946173311193000200, 6.299999999999999800 ) ) ;
#3909 = ORIENTED_EDGE ( 'NONE', *, *, #1027, .F. ) ;
#3910 = ADVANCED_FACE ( 'NONE', ( #7385, #7596 ), #3334, .T. ) ;
#3911 = CARTESIAN_POINT ( 'NONE',  ( 0.0000000000000000000, 1.300000000000000300, 0.0000000000000000000 ) ) ;
#3912 = VERTEX_POINT ( 'NONE', #3947 ) ;
#3913 = CYLINDRICAL_SURFACE ( 'NONE', #5809, 0.5999999999999999800 ) ;
#3914 = CARTESIAN_POINT ( 'NONE',  ( -4.950000000000003700, 8.417157287525377300, 8.408578643762689700 ) ) ;
#3915 = CARTESIAN_POINT ( 'NONE',  ( -0.5000000000000000000, 4.700000000000000200, -2.500000000000000000 ) ) ;
#3916 = DIRECTION ( 'NONE',  ( 0.0000000000000000000, 0.0000000000000000000, -1.000000000000000000 ) ) ;
#3917 = VERTEX_POINT ( 'NONE', #1206 ) ;
#3918 = CARTESIAN_POINT ( 'NONE',  ( -3.306404298069992800, -1.600000000000001200, 4.817484896215295200 ) ) ;
#3919 = ORIENTED_EDGE ( 'NONE', *, *, #5611, .F. ) ;
#3920 = EDGE_CURVE ( 'NONE', #7591, #7813, #4257, .T. ) ;
#3921 = LINE ( 'NONE', #5621, #2168 ) ;
#3922 = AXIS2_PLACEMENT_3D ( 'NONE', #1765, #1535, #1506 ) ;
#3923 = DIRECTION ( 'NONE',  ( -7.056026723333325600E-005, 0.9999999943099984200, -8.000782266056694200E-005 ) ) ;
#3924 = EDGE_CURVE ( 'NONE', #3387, #2667, #7925, .T. ) ;
#3925 = VECTOR ( 'NONE', #6862, 1000.000000000000000 ) ;
#3926 = ORIENTED_EDGE ( 'NONE', *, *, #6905, .T. ) ;
#3927 = PLANE ( 'NONE',  #5041 ) ;
#3928 = DIRECTION ( 'NONE',  ( -1.000000000000000000, 0.0000000000000000000, -0.0000000000000000000 ) ) ;
#3929 = DIRECTION ( 'NONE',  ( 0.0000000000000000000, -0.0000000000000000000, 1.000000000000000000 ) ) ;
#3930 = ORIENTED_EDGE ( 'NONE', *, *, #1646, .T. ) ;
#3931 = AXIS2_PLACEMENT_3D ( 'NONE', #5169, #1156, #5797 ) ;
#3932 = LINE ( 'NONE', #8446, #7233 ) ;
#3933 = EDGE_CURVE ( 'NONE', #7813, #6957, #1030, .T. ) ;
#3934 = CYLINDRICAL_SURFACE ( 'NONE', #4152, 0.09999999999999939500 ) ;
#3935 = VERTEX_POINT ( 'NONE', #8262 ) ;
#3936 = VECTOR ( 'NONE', #3938, 1000.000000000000000 ) ;
#3937 = DIRECTION ( 'NONE',  ( 0.0000000000000000000, 0.0000000000000000000, -1.000000000000000000 ) ) ;
#3938 = DIRECTION ( 'NONE',  ( 0.0000000000000000000, 1.000000000000000000, 0.0000000000000000000 ) ) ;
#3939 = ORIENTED_EDGE ( 'NONE', *, *, #3827, .T. ) ;
#3940 = CARTESIAN_POINT ( 'NONE',  ( 4.549999999999999800, 0.0000000000000000000, -5.500000000000000000 ) ) ;
#3941 = CARTESIAN_POINT ( 'NONE',  ( 4.950000000000000200, 7.400000000000000400, 13.80000000000000100 ) ) ;
#3942 = LINE ( 'NONE', #6797, #2189 ) ;
#3943 = LINE ( 'NONE', #2453, #8259 ) ;
#3944 = VERTEX_POINT ( 'NONE', #4582 ) ;
#3945 = CARTESIAN_POINT ( 'NONE',  ( 4.400000000000000400, 4.049999999999999800, 0.0000000000000000000 ) ) ;
#3946 = DIRECTION ( 'NONE',  ( 0.0000000000000000000, 1.000000000000000000, 0.0000000000000000000 ) ) ;
#3947 = CARTESIAN_POINT ( 'NONE',  ( -2.000000000000000000, 1.500000000000000000, 5.000000000000000000 ) ) ;
#3948 = EDGE_CURVE ( 'NONE', #7480, #681, #4423, .T. ) ;
#3949 = CARTESIAN_POINT ( 'NONE',  ( -0.5122083953444404000, 6.399999999999373300, 3.118899376209109500 ) ) ;
#3950 = ORIENTED_EDGE ( 'NONE', *, *, #5626, .T. ) ;
#3951 = CARTESIAN_POINT ( 'NONE',  ( -2.951536483440305100, -1.346000000000000100, 4.898320333058310700 ) ) ;
#3952 = ADVANCED_FACE ( 'NONE', ( #2956 ), #5911, .F. ) ;
#3953 = EDGE_LOOP ( 'NONE', ( #5918, #2582, #6487, #867 ) ) ;
#3954 = CARTESIAN_POINT ( 'NONE',  ( 3.000000000000000000, 4.700000000000000200, 0.0000000000000000000 ) ) ;
#3955 = AXIS2_PLACEMENT_3D ( 'NONE', #4071, #598, #5346 ) ;
#3956 = ORIENTED_EDGE ( 'NONE', *, *, #496, .T. ) ;
#3957 = ORIENTED_EDGE ( 'NONE', *, *, #3241, .T. ) ;
#3958 = CIRCLE ( 'NONE', #6878, 0.2999999999999999300 ) ;
#3959 = CARTESIAN_POINT ( 'NONE',  ( -1.749999999999999800, -43.04675213856000200, 9.377564394267999100 ) ) ;
#3960 = CARTESIAN_POINT ( 'NONE',  ( 17.85564000000000100, 8.500000000000000000, 7.076452044609999900 ) ) ;
#3961 = VERTEX_POINT ( 'NONE', #3993 ) ;
#3962 = EDGE_LOOP ( 'NONE', ( #5688, #35, #3738, #6596 ) ) ;
#3963 = ORIENTED_EDGE ( 'NONE', *, *, #2101, .T. ) ;
#3964 = CARTESIAN_POINT ( 'NONE',  ( 4.950000000000002800, 8.417157287525377300, 7.991421356237309800 ) ) ;
#3965 = FACE_BOUND ( 'NONE', #445, .T. ) ;
#3966 = DIRECTION ( 'NONE',  ( -0.0000000000000000000, -1.000000000000000000, -0.0000000000000000000 ) ) ;
#3967 = EDGE_CURVE ( 'NONE', #5715, #2404, #6098, .T. ) ;
#3968 = CARTESIAN_POINT ( 'NONE',  ( -0.5496577428988118600, 6.399999999999685900, 4.180612153983000600 ) ) ;
#3969 = DIRECTION ( 'NONE',  ( 1.000000000000000000, 0.0000000000000000000, 0.0000000000000000000 ) ) ;
#3970 = CARTESIAN_POINT ( 'NONE',  ( -3.722003062061065100, 7.399999999999996800, 12.26166153082826000 ) ) ;
#3971 = ORIENTED_EDGE ( 'NONE', *, *, #1412, .F. ) ;
#3972 = VECTOR ( 'NONE', #2658, 1000.000000000000000 ) ;
#3973 = ORIENTED_EDGE ( 'NONE', *, *, #772, .T. ) ;
#3974 = DIRECTION ( 'NONE',  ( 0.7256004157213685700, 0.0000000000000000000, -0.6881162959158700900 ) ) ;
#3975 = ORIENTED_EDGE ( 'NONE', *, *, #6553, .T. ) ;
#3976 = ORIENTED_EDGE ( 'NONE', *, *, #2285, .T. ) ;
#3977 = DIRECTION ( 'NONE',  ( -0.0000000000000000000, 1.000000000000000000, 0.0000000000000000000 ) ) ;
#3978 = MECHANICAL_DESIGN_GEOMETRIC_PRESENTATION_REPRESENTATION (  '', ( #4131 ), #3872 ) ;
#3979 = CARTESIAN_POINT ( 'NONE',  ( 0.6995649517246269600, 6.338579685423336900, 4.224675459844154300 ) ) ;
#3980 = DIRECTION ( 'NONE',  ( 0.0000000000000000000, 0.0000000000000000000, 1.000000000000000000 ) ) ;
#3981 = CARTESIAN_POINT ( 'NONE',  ( 0.3999999999999999700, -44.99959868226000000, 13.19999999999999900 ) ) ;
#3982 = FACE_OUTER_BOUND ( 'NONE', #1615, .T. ) ;
#3983 = EDGE_CURVE ( 'NONE', #4362, #3387, #784, .T. ) ;
#3984 = DIRECTION ( 'NONE',  ( 1.000000000000000000, -0.0000000000000000000, 0.0000000000000000000 ) ) ;
#3985 = AXIS2_PLACEMENT_3D ( 'NONE', #5565, #2391, #6779 ) ;
#3986 = CLOSED_SHELL ( 'NONE', ( #5841, #1754, #4337, #3832, #8057, #1768, #408, #2580, #7898, #4940, #7368, #6708, #745, #5319, #2737, #2779, #8094, #4726, #1340, #237, #4486, #4448, #8030, #6366, #3821, #7328, #2465, #7454, #2422, #6159, #1578, #7667, #1151, #6808, #3851, #6486, #695, #4760, #100, #6906, #979, #5806, #5624, #7931, #4638, #4812, #3717, #4459, #4413, #1197, #5357, #6116, #997, #6078, #335, #1090, #1032, #6450, #7830, #48, #6288, #6228, #3249, #5269, #2540, #6775, #5072, #5925, #207, #5430, #3516, #7044, #4386, #3747, #8182, #3217, #2507, #1715, #2951, #5706, #4255, #3910, #1727, #548, #920, #937, #500, #4680, #3118, #7614, #2224, #7577, #1822, #2862, #6861, #6353, #8438, #7419, #5723, #4105, #2495, #2598, #6034, #2692, #4228, #6525, #6672, #1679, #1428, #3041, #6268, #4069, #6745, #7552, #4368, #251, #188, #5746, #132, #5100, #5231, #5054, #4549, #2826, #6411, #8328, #3593, #3762, #5883, #1293, #4189, #3089, #3861, #7859, #450, #2128, #2991, #3177, #2086, #8166, #7754, #2904, #893, #7713, #2553, #646, #7538, #3396, #3270, #3561, #3206, #6327, #1378, #3165, #4897, #593, #1124, #1655, #4980, #7250, #3357, #3781, #5677, #2274, #7122, #1480, #153, #5395, #3952, #7491, #3793, #6, #8286, #5148, #1625, #8144, #7786, #5475, #6239, #6183, #8131, #4300, #6604, #1938, #8362, #796, #3444, #5754, #2369, #302, #5661, #2654, #3485, #1521, #5029, #4031, #7464, #7082, #6313, #1042, #7960, #8218, #7167, #4852, #1855, #5639, #2407, #5192, #5960, #5014, #7505, #4326, #1070, #6821, #3988, #6639, #7991, #8256, #7203, #2326, #8107, #2447, #6979, #8070, #4964, #6939, #4592, #2176, #3679, #4425, #6853, #5510 ) ) ;
#3987 = CARTESIAN_POINT ( 'NONE',  ( -0.5000000000000000000, 4.700000000000000200, 0.8700000000003262900 ) ) ;
#3988 = ADVANCED_FACE ( 'NONE', ( #7350 ), #1266, .T. ) ;
#3989 = VECTOR ( 'NONE', #1099, 1000.000000000000100 ) ;
#3990 = EDGE_LOOP ( 'NONE', ( #6153, #250, #3939, #6521 ) ) ;
#3991 = LINE ( 'NONE', #2629, #260 ) ;
#3992 = CARTESIAN_POINT ( 'NONE',  ( 3.049999999999999800, 4.500000000000000900, 3.400000000000000400 ) ) ;
#3993 = CARTESIAN_POINT ( 'NONE',  ( 4.163799117101000600E-016, -1.200000000000000000, 3.399999999999999900 ) ) ;
#3994 = LINE ( 'NONE', #6295, #5184 ) ;
#3995 = DIRECTION ( 'NONE',  ( 0.0000000000000000000, 1.000000000000000000, 0.0000000000000000000 ) ) ;
#3996 = LINE ( 'NONE', #3243, #3989 ) ;
#3997 = DIRECTION ( 'NONE',  ( 1.000000000000000000, 0.0000000000000000000, -0.0000000000000000000 ) ) ;
#3998 = ORIENTED_EDGE ( 'NONE', *, *, #6303, .F. ) ;
#3999 = LINE ( 'NONE', #4007, #269 ) ;
#4000 = DIRECTION ( 'NONE',  ( 1.000000000000000000, 0.0000000000000000000, 0.0000000000000000000 ) ) ;
#4001 = AXIS2_PLACEMENT_3D ( 'NONE', #7744, #4003, #8287 ) ;
#4002 = ORIENTED_EDGE ( 'NONE', *, *, #295, .F. ) ;
#4003 = DIRECTION ( 'NONE',  ( 0.0000000000000000000, 1.000000000000000000, -0.0000000000000000000 ) ) ;
#4004 = LINE ( 'NONE', #1667, #3632 ) ;
#4005 = DIRECTION ( 'NONE',  ( 0.0000000000000000000, 1.000000000000000000, 0.0000000000000000000 ) ) ;
#4006 = CARTESIAN_POINT ( 'NONE',  ( -0.6995649517246427300, 6.338579685423336900, 4.175324540156294600 ) ) ;
#4007 = CARTESIAN_POINT ( 'NONE',  ( 3.250000000000000400, 2.946173311193000200, 6.299999999999999800 ) ) ;
#4008 = ORIENTED_EDGE ( 'NONE', *, *, #8067, .F. ) ;
#4009 =( BOUNDED_CURVE ( )  B_SPLINE_CURVE ( 3, ( #1107, #378, #1887, #6401 ),
 .UNSPECIFIED., .F., .F. ) 
 B_SPLINE_CURVE_WITH_KNOTS ( ( 4, 4 ),
 ( 0.5220553790833484300, 1.000000000000000000 ),
 .UNSPECIFIED. ) 
 CURVE ( )  GEOMETRIC_REPRESENTATION_ITEM ( )  RATIONAL_B_SPLINE_CURVE ( ( 1.000000000000000000, 0.8207832938004229200, 0.8207832938004229200, 1.000000000000000000 ) ) 
 REPRESENTATION_ITEM ( '' )  );
#4010 = VERTEX_POINT ( 'NONE', #2026 ) ;
#4011 = VECTOR ( 'NONE', #2191, 1000.000000000000000 ) ;
#4013 = EDGE_LOOP ( 'NONE', ( #5155, #7357, #2496, #6413 ) ) ;
#4012 = AXIS2_PLACEMENT_3D ( 'NONE', #3037, #7392, #3688 ) ;
#4014 = CARTESIAN_POINT ( 'NONE',  ( -2.399999999999999900, 3.246173311193000000, 13.50000000000000000 ) ) ;
#4015 = LINE ( 'NONE', #5936, #5302 ) ;
#4016 = ORIENTED_EDGE ( 'NONE', *, *, #99, .F. ) ;
#4017 = VECTOR ( 'NONE', #6440, 1000.000000000000000 ) ;
#4018 = ORIENTED_EDGE ( 'NONE', *, *, #1972, .F. ) ;
#4019 = DIRECTION ( 'NONE',  ( -0.0000000000000000000, 1.000000000000000000, 0.0000000000000000000 ) ) ;
#4020 = DIRECTION ( 'NONE',  ( 0.0000000000000000000, 0.0000000000000000000, 1.000000000000000000 ) ) ;
#4021 = PLANE ( 'NONE',  #6458 ) ;
#4022 = LINE ( 'NONE', #5354, #7329 ) ;
#4023 = CARTESIAN_POINT ( 'NONE',  ( -4.400000000000000400, 4.700000000000000200, 6.299999999999999800 ) ) ;
#4024 = DIRECTION ( 'NONE',  ( -1.011922027653137700E-014, 0.0000000000000000000, -1.000000000000000000 ) ) ;
#4025 = PRESENTATION_LAYER_ASSIGNMENT (  '', '', ( #4131 ) ) ;
#4026 = LINE ( 'NONE', #2133, #2299 ) ;
#4027 = ORIENTED_EDGE ( 'NONE', *, *, #3924, .T. ) ;
#4028 = DIRECTION ( 'NONE',  ( -0.0000000000000000000, -1.000000000000000000, -0.0000000000000000000 ) ) ;
#4029 = LINE ( 'NONE', #3265, #2639 ) ;
#4030 = ORIENTED_EDGE ( 'NONE', *, *, #5301, .T. ) ;
#4031 = ADVANCED_FACE ( 'NONE', ( #2538 ), #4021, .T. ) ;
#4032 = FACE_OUTER_BOUND ( 'NONE', #5556, .T. ) ;
#4033 = CARTESIAN_POINT ( 'NONE',  ( -4.950000000000001100, 2.222792206135785000, 8.349999999999999600 ) ) ;
#4034 = AXIS2_PLACEMENT_3D ( 'NONE', #4169, #4162, #4153 ) ;
#4035 = DIRECTION ( 'NONE',  ( 1.000000000000000000, 0.0000000000000000000, 0.0000000000000000000 ) ) ;
#4036 = CARTESIAN_POINT ( 'NONE',  ( 0.7489158714129650100, 6.338579685423336900, 2.825545556394005100 ) ) ;
#4037 = VECTOR ( 'NONE', #3997, 1000.000000000000000 ) ;
#4038 = ORIENTED_EDGE ( 'NONE', *, *, #2798, .F. ) ;
#4039 = DIRECTION ( 'NONE',  ( -0.0000000000000000000, 1.000000000000000000, -0.0000000000000000000 ) ) ;
#4040 = EDGE_CURVE ( 'NONE', #3084, #3313, #545, .T. ) ;
#4041 = LINE ( 'NONE', #5917, #2316 ) ;
#4042 = VERTEX_POINT ( 'NONE', #7114 ) ;
#4043 = CARTESIAN_POINT ( 'NONE',  ( 3.444929812205816100, -1.346000000000000100, -4.230878183406684200 ) ) ;
#4044 = ORIENTED_EDGE ( 'NONE', *, *, #7255, .T. ) ;
#4045 = PLANE ( 'NONE',  #4117 ) ;
#4046 = CARTESIAN_POINT ( 'NONE',  ( -4.650000000000000400, 4.200000000000000200, -4.599999999999999600 ) ) ;
#4047 = ORIENTED_EDGE ( 'NONE', *, *, #6049, .T. ) ;
#4048 = EDGE_CURVE ( 'NONE', #6238, #7658, #4041, .T. ) ;
#4049 = CARTESIAN_POINT ( 'NONE',  ( -0.6502140320371998500, 6.338579685423336900, 2.776194636706114300 ) ) ;
#4050 = AXIS2_PLACEMENT_3D ( 'NONE', #5652, #1731, #6276 ) ;
#4051 = DIRECTION ( 'NONE',  ( -0.0000000000000000000, 1.000000000000000000, 0.0000000000000000000 ) ) ;
#4052 = DIRECTION ( 'NONE',  ( -0.0000000000000000000, 1.000000000000000000, -0.0000000000000000000 ) ) ;
#4053 = CARTESIAN_POINT ( 'NONE',  ( -2.899999999999999900, 3.246173311193000000, 9.923000000000000000 ) ) ;
#4054 = VERTEX_POINT ( 'NONE', #510 ) ;
#4055 = CARTESIAN_POINT ( 'NONE',  ( 0.0000000000000000000, 6.250000000000000000, 4.900000000000000400 ) ) ;
#4056 =( BOUNDED_SURFACE ( )  B_SPLINE_SURFACE ( 3, 3, ( 
 ( #7465, #5597, #191, #4999 ),
 ( #939, #5625, #1696, #6240 ),
 ( #2448, #6838, #3135, #7493 ),
 ( #3773, #8071, #4369, #220 ) ),
 .UNSPECIFIED., .F., .F., .F. ) 
 B_SPLINE_SURFACE_WITH_KNOTS ( ( 4, 4 ),
 ( 4, 4 ),
 ( 0.0000000000000000000, 1.000000000000000000 ),
 ( 0.0000000000000000000, 1.000000000000000000 ),
 .UNSPECIFIED. ) 
 GEOMETRIC_REPRESENTATION_ITEM ( )  RATIONAL_B_SPLINE_SURFACE ( (
 ( 1.000000000000000000, 0.8047378540937236700, 0.8047378540937236700, 1.000000000000000000),
 ( 0.8047378541243649400, 0.6476030138360294700, 0.6476030138360294700, 0.8047378541243649400),
 ( 0.8047378541243649400, 0.6476030138360294700, 0.6476030138360294700, 0.8047378541243649400),
 ( 1.000000000000000000, 0.8047378540937236700, 0.8047378540937236700, 1.000000000000000000) ) ) 
 REPRESENTATION_ITEM ( '' )  SURFACE ( )  );
#4057 = ORIENTED_EDGE ( 'NONE', *, *, #5237, .T. ) ;
#4058 = CARTESIAN_POINT ( 'NONE',  ( -1.800000000000000300, 2.946173311192998400, 9.923000000000000000 ) ) ;
#4059 = CARTESIAN_POINT ( 'NONE',  ( -4.549999999999999800, 4.099999999999999600, -5.500000000000000000 ) ) ;
#4060 = ORIENTED_EDGE ( 'NONE', *, *, #1352, .F. ) ;
#4061 = EDGE_CURVE ( 'NONE', #6238, #2655, #7566, .T. ) ;
#4062 = DIRECTION ( 'NONE',  ( 0.0000000000000000000, 1.000000000000000000, 0.0000000000000000000 ) ) ;
#4063 = AXIS2_PLACEMENT_3D ( 'NONE', #4636, #8296, #7753 ) ;
#4064 = ORIENTED_EDGE ( 'NONE', *, *, #1285, .F. ) ;
#4065 = VERTEX_POINT ( 'NONE', #3450 ) ;
#4066 = ORIENTED_EDGE ( 'NONE', *, *, #3883, .F. ) ;
#4067 = CARTESIAN_POINT ( 'NONE',  ( 4.950000000000000200, 8.500000000000000000, 6.576452044609999900 ) ) ;
#4068 = CARTESIAN_POINT ( 'NONE',  ( 0.0000000000000000000, 0.0000000000000000000, -4.099999999999999600 ) ) ;
#4069 = ADVANCED_FACE ( 'NONE', ( #5517 ), #4631, .F. ) ;
#4070 = PRESENTATION_LAYER_ASSIGNMENT (  '', '', ( #3675 ) ) ;
#4071 = CARTESIAN_POINT ( 'NONE',  ( 1.899999999999999900, 4.700000000000000200, -3.200000000000000200 ) ) ;
#4072 = EDGE_LOOP ( 'NONE', ( #5013, #4834, #2362, #6253 ) ) ;
#4073 = CARTESIAN_POINT ( 'NONE',  ( 0.1000000000000000100, 0.0000000000000000000, 13.50000000000000000 ) ) ;
#4074 = CARTESIAN_POINT ( 'NONE',  ( -3.200000000000000200, 2.946173311192998400, 9.923000000000000000 ) ) ;
#4075 = CARTESIAN_POINT ( 'NONE',  ( 2.100000000000000100, 3.246173311193000000, 13.19999999999999900 ) ) ;
#4076 = EDGE_CURVE ( 'NONE', #3702, #4362, #3849, .T. ) ;
#4077 = DIRECTION ( 'NONE',  ( 0.0000000000000000000, -1.000000000000000000, -0.0000000000000000000 ) ) ;
#4078 = VECTOR ( 'NONE', #2186, 1000.000000000000100 ) ;
#4079 = VERTEX_POINT ( 'NONE', #2756 ) ;
#4080 = VECTOR ( 'NONE', #2227, 1000.000000000000000 ) ;
#4081 = DIRECTION ( 'NONE',  ( -0.0000000000000000000, -1.000000000000000000, -0.0000000000000000000 ) ) ;
#4082 = CARTESIAN_POINT ( 'NONE',  ( -3.000000000000000000, 4.700000000000000200, 0.0000000000000000000 ) ) ;
#4083 = DIRECTION ( 'NONE',  ( 0.0000000000000000000, 0.0000000000000000000, 1.000000000000000000 ) ) ;
#4084 = CARTESIAN_POINT ( 'NONE',  ( 3.000000000000000000, 4.700000000000000200, 0.5000000000000000000 ) ) ;
#4085 = ORIENTED_EDGE ( 'NONE', *, *, #5214, .F. ) ;
#4086 = AXIS2_PLACEMENT_3D ( 'NONE', #4813, #4898, #4981 ) ;
#4087 = LINE ( 'NONE', #7334, #135 ) ;
#4088 = CIRCLE ( 'NONE', #2642, 0.4000000000000001900 ) ;
#4089 = EDGE_LOOP ( 'NONE', ( #1415, #5262, #5990, #2590 ) ) ;
#4090 = CIRCLE ( 'NONE', #1284, 0.7000000000000000700 ) ;
#4091 = DIRECTION ( 'NONE',  ( 0.0000000000000000000, 0.0000000000000000000, -1.000000000000000000 ) ) ;
#4092 = FACE_OUTER_BOUND ( 'NONE', #1307, .T. ) ;
#4093 = CARTESIAN_POINT ( 'NONE',  ( -4.949999999998844700, 7.019999999999999600, 13.79999999999996700 ) ) ;
#4094 = CIRCLE ( 'NONE', #2735, 0.7000000000000000700 ) ;
#4095 = CIRCLE ( 'NONE', #2762, 0.4000000000000001900 ) ;
#4096 = VERTEX_POINT ( 'NONE', #7131 ) ;
#4097 = LINE ( 'NONE', #2281, #387 ) ;
#4098 = CARTESIAN_POINT ( 'NONE',  ( 4.650000000000000400, 4.200000000000000200, 3.399999999999999900 ) ) ;
#4099 = CARTESIAN_POINT ( 'NONE',  ( -4.549999999999999800, 0.0000000000000000000, -5.500000000000000000 ) ) ;
#4100 = PLANE ( 'NONE',  #8292 ) ;
#4101 = VERTEX_POINT ( 'NONE', #2045 ) ;
#4102 = ORIENTED_EDGE ( 'NONE', *, *, #8029, .F. ) ;
#4103 = AXIS2_PLACEMENT_3D ( 'NONE', #4469, #5732, #7599 ) ;
#4104 = LINE ( 'NONE', #2953, #5199 ) ;
#4105 = ADVANCED_FACE ( 'NONE', ( #317 ), #3434, .T. ) ;
#4106 = CARTESIAN_POINT ( 'NONE',  ( 0.0000000000000000000, 4.500000000000000900, 4.599999999999999600 ) ) ;
#4107 = CARTESIAN_POINT ( 'NONE',  ( -4.650000000000000400, 4.500000000000000900, 4.599999999999999600 ) ) ;
#4108 = ORIENTED_EDGE ( 'NONE', *, *, #963, .F. ) ;
#4109 = CARTESIAN_POINT ( 'NONE',  ( 4.850000000000000500, 2.457106781190032200, 7.949999999999998400 ) ) ;
#4110 = VECTOR ( 'NONE', #6679, 1000.000000000000000 ) ;
#4111 = DIRECTION ( 'NONE',  ( 1.000000000000000000, 0.0000000000000000000, 0.0000000000000000000 ) ) ;
#4112 = DIRECTION ( 'NONE',  ( 0.0000000000000000000, 0.0000000000000000000, 1.000000000000000000 ) ) ;
#4113 = ORIENTED_EDGE ( 'NONE', *, *, #1695, .T. ) ;
#4114 = VECTOR ( 'NONE', #6771, 1000.000000000000000 ) ;
#4115 = FACE_OUTER_BOUND ( 'NONE', #7780, .T. ) ;
#4116 = ORIENTED_EDGE ( 'NONE', *, *, #6308, .F. ) ;
#4117 = AXIS2_PLACEMENT_3D ( 'NONE', #8386, #4738, #649 ) ;
#4118 = DIRECTION ( 'NONE',  ( 0.0000000000000000000, 0.0000000000000000000, 1.000000000000000000 ) ) ;
#4119 = EDGE_CURVE ( 'NONE', #3493, #3103, #2082, .T. ) ;
#4120 = DIRECTION ( 'NONE',  ( -0.0000000000000000000, -1.000000000000000000, -0.0000000000000000000 ) ) ;
#4121 = LINE ( 'NONE', #3547, #2415 ) ;
#4122 = VECTOR ( 'NONE', #7533, 1000.000000000000000 ) ;
#4123 = ORIENTED_EDGE ( 'NONE', *, *, #6591, .F. ) ;
#4124 = FACE_OUTER_BOUND ( 'NONE', #5845, .T. ) ;
#4125 = CARTESIAN_POINT ( 'NONE',  ( -18.87591023243999900, 8.900000000000000400, 10.00000000000000000 ) ) ;
#4126 = DIRECTION ( 'NONE',  ( 0.0000000000000000000, -1.000000000000000000, 0.0000000000000000000 ) ) ;
#4127 = CARTESIAN_POINT ( 'NONE',  ( -4.650000000000000400, 4.500000000000000900, 3.399999999999999900 ) ) ;
#4128 = VERTEX_POINT ( 'NONE', #7791 ) ;
#4129 = CARTESIAN_POINT ( 'NONE',  ( 0.1000000000000000100, 2.946173311192998400, 13.19999999999999900 ) ) ;
#4130 = CARTESIAN_POINT ( 'NONE',  ( -1.899999999999999700, 4.049999999999999800, -3.200000000000000200 ) ) ;
#4131 = STYLED_ITEM ( 'NONE', ( #228 ), #957 ) ;
#4132 = FACE_OUTER_BOUND ( 'NONE', #1487, .T. ) ;
#4133 = ORIENTED_EDGE ( 'NONE', *, *, #1291, .T. ) ;
#4134 = EDGE_CURVE ( 'NONE', #6407, #3092, #3672, .T. ) ;
#4135 = CARTESIAN_POINT ( 'NONE',  ( 0.6995649517246428400, 6.250000000000000000, 4.224675459843706600 ) ) ;
#4136 = CARTESIAN_POINT ( 'NONE',  ( 4.908578643762690600, 2.250000000000000400, 7.450000000007501700 ) ) ;
#4137 = CARTESIAN_POINT ( 'NONE',  ( -3.200000000000000200, 41.88643412431000000, 9.923000000000000000 ) ) ;
#4138 = AXIS2_PLACEMENT_3D ( 'NONE', #4058, #8344, #4682 ) ;
#4139 = ORIENTED_EDGE ( 'NONE', *, *, #8336, .T. ) ;
#4140 = VERTEX_POINT ( 'NONE', #2783 ) ;
#4141 = CARTESIAN_POINT ( 'NONE',  ( 4.949999999997921800, 7.019999999999999600, 13.79999999999875400 ) ) ;
#4142 = CARTESIAN_POINT ( 'NONE',  ( -0.6999999999999999600, 3.246173311193000000, 9.923000000000000000 ) ) ;
#4143 = DIRECTION ( 'NONE',  ( -0.0000000000000000000, 1.000000000000000000, 0.0000000000000000000 ) ) ;
#4144 = VERTEX_POINT ( 'NONE', #584 ) ;
#4145 = ADVANCED_FACE ( 'NONE', ( #6949 ), #4687, .F. ) ;
#4146 = EDGE_LOOP ( 'NONE', ( #5674, #1808 ) ) ;
#4147 = VECTOR ( 'NONE', #4359, 1000.000000000000000 ) ;
#4148 = DIRECTION ( 'NONE',  ( 0.0000000000000000000, 0.0000000000000000000, -1.000000000000000000 ) ) ;
#4149 = DIRECTION ( 'NONE',  ( 0.0000000000000000000, 0.0000000000000000000, 1.000000000000000000 ) ) ;
#4150 =( BOUNDED_SURFACE ( )  B_SPLINE_SURFACE ( 3, 3, ( 
 ( #6004, #3065, #5432, #7402 ),
 ( #7279, #8194, #7716, #7835 ),
 ( #3979, #4036, #4049, #4006 ),
 ( #3865, #2228, #2613, #2713 ) ),
 .UNSPECIFIED., .F., .F., .F. ) 
 B_SPLINE_SURFACE_WITH_KNOTS ( ( 4, 4 ),
 ( 4, 4 ),
 ( 0.0000000000000000000, 1.000000000000000000 ),
 ( 0.0000000000000000000, 1.000000000000000000 ),
 .UNSPECIFIED. ) 
 GEOMETRIC_REPRESENTATION_ITEM ( )  RATIONAL_B_SPLINE_SURFACE ( (
 ( 1.000000000000000000, 0.3333333333331202100, 0.3333333333331202100, 1.000000000000000000),
 ( 0.8023295011647724200, 0.2674431670547531300, 0.2674431670547531300, 0.8023295011647724200),
 ( 0.8023295011647724200, 0.2674431670547531300, 0.2674431670547531300, 0.8023295011647724200),
 ( 1.000000000000000000, 0.3333333333331202100, 0.3333333333331202100, 1.000000000000000000) ) ) 
 REPRESENTATION_ITEM ( '' )  SURFACE ( )  );
#4151 = EDGE_CURVE ( 'NONE', #2655, #4042, #6748, .T. ) ;
#4152 = AXIS2_PLACEMENT_3D ( 'NONE', #5658, #6872, #993 ) ;
#4153 = DIRECTION ( 'NONE',  ( 0.0000000000000000000, 0.0000000000000000000, 1.000000000000000000 ) ) ;
#4154 = PLANE ( 'NONE',  #7545 ) ;
#4155 = EDGE_LOOP ( 'NONE', ( #996, #6944, #7855, #2583 ) ) ;
#4156 = ORIENTED_EDGE ( 'NONE', *, *, #1491, .T. ) ;
#4157 = CARTESIAN_POINT ( 'NONE',  ( 2.291280485333092400, -8.600000201366579900, -0.9999997986624774600 ) ) ;
#4158 = VECTOR ( 'NONE', #4440, 1000.000000000000000 ) ;
#4159 = CARTESIAN_POINT ( 'NONE',  ( -1.750000000000000000, 3.246173311193000000, 6.299999999999999800 ) ) ;
#4160 = DIRECTION ( 'NONE',  ( 0.0000000000000000000, 0.0000000000000000000, -1.000000000000000000 ) ) ;
#4161 = FACE_OUTER_BOUND ( 'NONE', #5641, .T. ) ;
#4162 = DIRECTION ( 'NONE',  ( 0.0000000000000000000, 1.000000000000000000, 0.0000000000000000000 ) ) ;
#4163 = AXIS2_PLACEMENT_3D ( 'NONE', #4652, #2064, #6541 ) ;
#4164 = ORIENTED_EDGE ( 'NONE', *, *, #7259, .F. ) ;
#4165 = ORIENTED_EDGE ( 'NONE', *, *, #4482, .T. ) ;
#4166 = EDGE_LOOP ( 'NONE', ( #7707, #2438, #5695, #66 ) ) ;
#4167 = ORIENTED_EDGE ( 'NONE', *, *, #7683, .F. ) ;
#4168 = CARTESIAN_POINT ( 'NONE',  ( -4.850000000000000500, 4.423606797749989100, -4.599999999999999600 ) ) ;
#4169 = CARTESIAN_POINT ( 'NONE',  ( 0.0000000000000000000, 4.700000000000000200, 0.0000000000000000000 ) ) ;
#4170 = ORIENTED_EDGE ( 'NONE', *, *, #4540, .F. ) ;
#4171 = FACE_OUTER_BOUND ( 'NONE', #7588, .T. ) ;
#4172 = AXIS2_PLACEMENT_3D ( 'NONE', #1942, #1929, #1905 ) ;
#4173 = CARTESIAN_POINT ( 'NONE',  ( -2.555070187681795200, -1.600000000000000300, 4.169121818212757600 ) ) ;
#4174 = DIRECTION ( 'NONE',  ( -1.000000000000000000, -0.0000000000000000000, -0.0000000000000000000 ) ) ;
#4175 =( NAMED_UNIT ( * ) SI_UNIT ( $, .STERADIAN. ) SOLID_ANGLE_UNIT ( ) );
#4176 = VERTEX_POINT ( 'NONE', #2815 ) ;
#4177 = CARTESIAN_POINT ( 'NONE',  ( -4.850000000000000500, 0.0000000000000000000, -5.500000000000000000 ) ) ;
#4179 = VERTEX_POINT ( 'NONE', #7182 ) ;
#4178 = CARTESIAN_POINT ( 'NONE',  ( 0.0000000000000000000, 4.700000000000000200, 0.5000000000000000000 ) ) ;
#4180 = LINE ( 'NONE', #1091, #4781 ) ;
#4181 = ORIENTED_EDGE ( 'NONE', *, *, #6335, .T. ) ;
#4182 = VECTOR ( 'NONE', #880, 1000.000000000000000 ) ;
#4183 = EDGE_CURVE ( 'NONE', #2667, #3702, #5136, .T. ) ;
#4184 = CARTESIAN_POINT ( 'NONE',  ( 0.0000000000000000000, -0.4000000000000000200, -4.599999999999999600 ) ) ;
#4185 = CARTESIAN_POINT ( 'NONE',  ( -4.000000000000000000, 7.400000000000000400, 12.40000000000000200 ) ) ;
#4186 = AXIS2_PLACEMENT_3D ( 'NONE', #4655, #2072, #5307 ) ;
#4187 = ORIENTED_EDGE ( 'NONE', *, *, #308, .T. ) ;
#4188 = VECTOR ( 'NONE', #8280, 1000.000000000000000 ) ;
#4189 = ADVANCED_FACE ( 'NONE', ( #3484 ), #4932, .T. ) ;
#4190 = ORIENTED_EDGE ( 'NONE', *, *, #1052, .F. ) ;
#4191 = CARTESIAN_POINT ( 'NONE',  ( -3.000000000000000000, 4.700000000000000200, 0.0000000000000000000 ) ) ;
#4192 = CARTESIAN_POINT ( 'NONE',  ( -0.5000000000000000000, 4.700000000000000200, 2.500000000000000000 ) ) ;
#4193 = FACE_OUTER_BOUND ( 'NONE', #3586, .T. ) ;
#4194 = CARTESIAN_POINT ( 'NONE',  ( -4.850000000000000500, 0.0000000000000000000, 10.00000000000000000 ) ) ;
#4195 = EDGE_LOOP ( 'NONE', ( #6499, #901, #3638, #7797 ) ) ;
#4196 = CYLINDRICAL_SURFACE ( 'NONE', #7686, 0.2999999999999999300 ) ;
#4197 = DIRECTION ( 'NONE',  ( 0.0000000000000000000, 0.0000000000000000000, 1.000000000000000000 ) ) ;
#4198 = EDGE_CURVE ( 'NONE', #961, #5520, #6581, .T. ) ;
#4199 = ORIENTED_EDGE ( 'NONE', *, *, #557, .F. ) ;
#4200 = CIRCLE ( 'NONE', #3307, 0.2999999999999999300 ) ;
#4201 = PLANE ( 'NONE',  #4875 ) ;
#4202 = ORIENTED_EDGE ( 'NONE', *, *, #1412, .T. ) ;
#4203 = VECTOR ( 'NONE', #7494, 1000.000000000000000 ) ;
#4204 = DIRECTION ( 'NONE',  ( 0.0000000000000000000, 0.0000000000000000000, 1.000000000000000000 ) ) ;
#4205 = EDGE_CURVE ( 'NONE', #2404, #7813, #5331, .T. ) ;
#4206 = VERTEX_POINT ( 'NONE', #6597 ) ;
#4207 = CARTESIAN_POINT ( 'NONE',  ( -2.330068936077371900, -1.494789755157234900, 3.742469904474542200 ) ) ;
#4208 = CARTESIAN_POINT ( 'NONE',  ( 4.549999999999998900, 8.514499687108999700, 9.900000000000000400 ) ) ;
#4209 = DIRECTION ( 'NONE',  ( 0.0000000000000000000, 0.0000000000000000000, 1.000000000000000000 ) ) ;
#4210 = PRESENTATION_STYLE_ASSIGNMENT (( #6973 ) ) ;
#4211 = DIRECTION ( 'NONE',  ( 0.0000000000000000000, 0.0000000000000000000, -1.000000000000000000 ) ) ;
#4212 = FACE_OUTER_BOUND ( 'NONE', #3027, .T. ) ;
#4213 = LINE ( 'NONE', #1685, #4017 ) ;
#4214 = EDGE_CURVE ( 'NONE', #7480, #3493, #3282, .T. ) ;
#4216 = ORIENTED_EDGE ( 'NONE', *, *, #2534, .T. ) ;
#4215 = AXIS2_PLACEMENT_3D ( 'NONE', #5645, #7485, #971 ) ;
#4217 = FACE_OUTER_BOUND ( 'NONE', #1386, .T. ) ;
#4218 = CARTESIAN_POINT ( 'NONE',  ( -4.850000000000000500, 8.048502316927999400, 8.050000000000000700 ) ) ;
#4219 = CIRCLE ( 'NONE', #5267, 0.2999999999999999300 ) ;
#4220 = ORIENTED_EDGE ( 'NONE', *, *, #8089, .F. ) ;
#4221 = CARTESIAN_POINT ( 'NONE',  ( -0.6366504108524343500, 6.400894984940225500, 4.177543698252714300 ) ) ;
#4222 = VECTOR ( 'NONE', #3984, 1000.000000000000000 ) ;
#4223 = VERTEX_POINT ( 'NONE', #8388 ) ;
#4224 = LINE ( 'NONE', #2591, #7339 ) ;
#4225 = DIRECTION ( 'NONE',  ( -0.0000000000000000000, -0.0000000000000000000, 1.000000000000000000 ) ) ;
#4226 = ORIENTED_EDGE ( 'NONE', *, *, #7540, .T. ) ;
#4227 = DIRECTION ( 'NONE',  ( 0.0000000000000000000, 0.0000000000000000000, 1.000000000000000000 ) ) ;
#4228 = ADVANCED_FACE ( 'NONE', ( #7999 ), #3063, .T. ) ;
#4229 = ORIENTED_EDGE ( 'NONE', *, *, #1240, .F. ) ;
#4230 = EDGE_CURVE ( 'NONE', #463, #7178, #4724, .T. ) ;
#4231 = VECTOR ( 'NONE', #4617, 1000.000000000000000 ) ;
#4232 = ORIENTED_EDGE ( 'NONE', *, *, #856, .F. ) ;
#4233 = CARTESIAN_POINT ( 'NONE',  ( 4.549999999999999800, 0.0000000000000000000, -5.500000000000000000 ) ) ;
#4234 = CARTESIAN_POINT ( 'NONE',  ( 7.347880794884117800E-017, 2.600000000000000500, -0.5999999999999999800 ) ) ;
#4235 = ORIENTED_EDGE ( 'NONE', *, *, #566, .F. ) ;
#4236 = CARTESIAN_POINT ( 'NONE',  ( -2.000000000000000000, 0.0000000000000000000, 5.000000000000000000 ) ) ;
#4237 = ORIENTED_EDGE ( 'NONE', *, *, #5062, .T. ) ;
#4238 = EDGE_CURVE ( 'NONE', #6060, #3092, #6391, .T. ) ;
#4239 = DIRECTION ( 'NONE',  ( 0.0000000000000000000, 0.0000000000000000000, -1.000000000000000000 ) ) ;
#4240 = DIRECTION ( 'NONE',  ( 0.0000000000000000000, 0.0000000000000000000, 1.000000000000000000 ) ) ;
#4241 = ORIENTED_EDGE ( 'NONE', *, *, #7205, .T. ) ;
#4242 = ORIENTED_EDGE ( 'NONE', *, *, #6257, .F. ) ;
#4243 = EDGE_LOOP ( 'NONE', ( #2088, #4963, #8409, #3504 ) ) ;
#4244 = CARTESIAN_POINT ( 'NONE',  ( -2.999954685066891000, -8.100008024407635800, 0.2614062691603136800 ) ) ;
#4245 = DIRECTION ( 'NONE',  ( 1.000000000000000000, -0.0000000000000000000, -0.0000000000000000000 ) ) ;
#4246 = LINE ( 'NONE', #5842, #4147 ) ;
#4247 = CARTESIAN_POINT ( 'NONE',  ( -6.840226191709001000, -8.100002049883000800, -1.500000000000000000 ) ) ;
#4248 = EDGE_LOOP ( 'NONE', ( #7600, #1323, #5166, #6030 ) ) ;
#4249 = VERTEX_POINT ( 'NONE', #5412 ) ;
#4250 = CARTESIAN_POINT ( 'NONE',  ( 0.0000000000000000000, -1.100000000000000300, 0.0000000000000000000 ) ) ;
#4251 = VERTEX_POINT ( 'NONE', #2894 ) ;
#4252 = CARTESIAN_POINT ( 'NONE',  ( -3.049999999999999800, 4.500000000000000900, -4.000000000000000000 ) ) ;
#4253 = CARTESIAN_POINT ( 'NONE',  ( 8.572527594031470700E-017, 4.700000000000000200, 3.500000000000000400 ) ) ;
#4254 = EDGE_LOOP ( 'NONE', ( #6200, #4165 ) ) ;
#4255 = ADVANCED_FACE ( 'NONE', ( #1365 ), #6644, .T. ) ;
#4256 = ORIENTED_EDGE ( 'NONE', *, *, #5512, .T. ) ;
#4257 = LINE ( 'NONE', #5213, #1064 ) ;
#4258 = CARTESIAN_POINT ( 'NONE',  ( 0.0000000000000000000, 6.250000000000000000, -4.200000000000000200 ) ) ;
#4259 = CARTESIAN_POINT ( 'NONE',  ( -3.000000000000000000, 4.700000000000000200, 0.5000000000000000000 ) ) ;
#4260 = PLANE ( 'NONE',  #3164 ) ;
#4261 = DIRECTION ( 'NONE',  ( -0.0000000000000000000, -1.000000000000000000, -0.0000000000000000000 ) ) ;
#4262 = DIRECTION ( 'NONE',  ( 0.0000000000000000000, 0.0000000000000000000, 1.000000000000000000 ) ) ;
#4263 = PLANE ( 'NONE',  #2555 ) ;
#4264 = ORIENTED_EDGE ( 'NONE', *, *, #4339, .T. ) ;
#4265 = EDGE_LOOP ( 'NONE', ( #2523, #6423, #798, #3542 ) ) ;
#4266 = CYLINDRICAL_SURFACE ( 'NONE', #4546, 0.09999999999999939500 ) ;
#4267 = CARTESIAN_POINT ( 'NONE',  ( -0.9028838644170122900, -8.099987186331359700, 2.863872219741622400 ) ) ;
#4268 = CARTESIAN_POINT ( 'NONE',  ( 4.549999999999999800, 9.000000000000001800, -5.500000000000000000 ) ) ;
#4269 = CARTESIAN_POINT ( 'NONE',  ( 0.0000000000000000000, 3.899999999999999900, -4.599999999999999600 ) ) ;
#4270 = ORIENTED_EDGE ( 'NONE', *, *, #697, .F. ) ;
#4271 = VECTOR ( 'NONE', #6232, 1000.000000000000000 ) ;
#4272 = ORIENTED_EDGE ( 'NONE', *, *, #2881, .F. ) ;
#4273 = LINE ( 'NONE', #3421, #6150 ) ;
#4274 = AXIS2_PLACEMENT_3D ( 'NONE', #2028, #2004, #1994 ) ;
#4275 = CARTESIAN_POINT ( 'NONE',  ( -0.8700000000000000000, 4.049999999999999800, 0.5000000000000000000 ) ) ;
#4276 = CARTESIAN_POINT ( 'NONE',  ( -4.400000000000000400, 4.700000000000000200, 3.199999999999999700 ) ) ;
#4277 = ORIENTED_EDGE ( 'NONE', *, *, #2255, .F. ) ;
#4278 = EDGE_CURVE ( 'NONE', #3538, #4432, #8181, .T. ) ;
#4279 = FACE_OUTER_BOUND ( 'NONE', #1188, .T. ) ;
#4280 = CARTESIAN_POINT ( 'NONE',  ( -18.87591023243999900, 7.019999999999999600, 21.82068048137000100 ) ) ;
#4281 = ORIENTED_EDGE ( 'NONE', *, *, #5502, .T. ) ;
#4282 = LINE ( 'NONE', #2529, #5777 ) ;
#4283 = DIRECTION ( 'NONE',  ( 0.0000000000000000000, 1.000000000000000000, 0.0000000000000000000 ) ) ;
#4284 = AXIS2_PLACEMENT_3D ( 'NONE', #990, #230, #165 ) ;
#4285 = AXIS2_PLACEMENT_3D ( 'NONE', #3124, #3520, #3095 ) ;
#4286 = ORIENTED_EDGE ( 'NONE', *, *, #1500, .T. ) ;
#4287 = DIRECTION ( 'NONE',  ( -0.0000000000000000000, 0.0000000000000000000, -1.000000000000000000 ) ) ;
#4288 = DIRECTION ( 'NONE',  ( 0.0000000000000000000, 0.0000000000000000000, 1.000000000000000000 ) ) ;
#4289 = DIRECTION ( 'NONE',  ( 0.0000000000000000000, 1.000000000000000000, -0.0000000000000000000 ) ) ;
#4290 = ORIENTED_EDGE ( 'NONE', *, *, #1775, .T. ) ;
#4291 = FACE_OUTER_BOUND ( 'NONE', #1199, .T. ) ;
#4292 = CARTESIAN_POINT ( 'NONE',  ( 0.0000000000000000000, -0.4000000000000000200, -3.399999999999999900 ) ) ;
#4293 = DIRECTION ( 'NONE',  ( 0.0000000000000000000, -1.000000000000000000, 0.0000000000000000000 ) ) ;
#4294 = ORIENTED_EDGE ( 'NONE', *, *, #736, .T. ) ;
#4295 = PLANE ( 'NONE',  #8032 ) ;
#4296 = DIRECTION ( 'NONE',  ( -0.0000000000000000000, -0.0000000000000000000, -1.000000000000000000 ) ) ;
#4297 = CARTESIAN_POINT ( 'NONE',  ( -4.850000000000000500, 7.400000000000000400, 9.919999999999999900 ) ) ;
#4298 = ORIENTED_EDGE ( 'NONE', *, *, #3322, .F. ) ;
#4299 = EDGE_CURVE ( 'NONE', #8118, #1836, #6191, .T. ) ;
#4300 = ADVANCED_FACE ( 'NONE', ( #4512, #1141, #898, #7650 ), #1400, .T. ) ;
#4301 = DIRECTION ( 'NONE',  ( -0.0000000000000000000, 1.000000000000000000, -0.0000000000000000000 ) ) ;
#4302 = AXIS2_PLACEMENT_3D ( 'NONE', #4623, #7117, #3422 ) ;
#4303 = FACE_BOUND ( 'NONE', #6469, .T. ) ;
#4304 = LINE ( 'NONE', #1656, #7437 ) ;
#4305 = ORIENTED_EDGE ( 'NONE', *, *, #4830, .T. ) ;
#4306 = CARTESIAN_POINT ( 'NONE',  ( 2.863408529613202400, -8.099986060489685600, 0.9044430516893061700 ) ) ;
#4307 = CARTESIAN_POINT ( 'NONE',  ( -4.850000000000000500, 2.250000000000000400, 7.450000000000000200 ) ) ;
#4308 = EDGE_LOOP ( 'NONE', ( #2498, #5844, #144, #3854 ) ) ;
#4309 = DIRECTION ( 'NONE',  ( 0.0000000000000000000, 1.000000000000000000, 0.0000000000000000000 ) ) ;
#4310 = FACE_OUTER_BOUND ( 'NONE', #6294, .T. ) ;
#4311 = DIRECTION ( 'NONE',  ( 0.0000000000000000000, 0.0000000000000000000, 1.000000000000000000 ) ) ;
#4312 = DIRECTION ( 'NONE',  ( 1.000000000000000000, 0.0000000000000000000, 0.0000000000000000000 ) ) ;
#4313 = FACE_OUTER_BOUND ( 'NONE', #7390, .T. ) ;
#4314 = VERTEX_POINT ( 'NONE', #3587 ) ;
#4315 = AXIS2_PLACEMENT_3D ( 'NONE', #7327, #6094, #760 ) ;
#4316 = LINE ( 'NONE', #3959, #3936 ) ;
#4317 = EDGE_LOOP ( 'NONE', ( #3764, #7550, #1274, #5112 ) ) ;
#4318 = CARTESIAN_POINT ( 'NONE',  ( -4.650000000000000400, 4.500000000000000900, -3.399999999999999900 ) ) ;
#4319 = CARTESIAN_POINT ( 'NONE',  ( -4.549999999999999800, 0.0000000000000000000, -5.500000000000000000 ) ) ;
#4320 = CARTESIAN_POINT ( 'NONE',  ( 3.000000000000000000, -1.346000000000000100, -4.200000000000000200 ) ) ;
#4321 = ORIENTED_EDGE ( 'NONE', *, *, #5141, .T. ) ;
#4322 = ORIENTED_EDGE ( 'NONE', *, *, #1155, .T. ) ;
#4323 = DIRECTION ( 'NONE',  ( 0.0000000000000000000, 1.000000000000000000, 0.0000000000000000000 ) ) ;
#4324 = CARTESIAN_POINT ( 'NONE',  ( -4.650000000000000400, 4.200000000000000200, 3.399999999999999900 ) ) ;
#4325 = ORIENTED_EDGE ( 'NONE', *, *, #2333, .T. ) ;
#4326 = ADVANCED_FACE ( 'NONE', ( #660 ), #749, .T. ) ;
#4327 = DIRECTION ( 'NONE',  ( 0.0000000000000000000, -1.000000000000000000, 0.0000000000000000000 ) ) ;
#4328 = ORIENTED_EDGE ( 'NONE', *, *, #468, .T. ) ;
#4329 = DIRECTION ( 'NONE',  ( 0.0000000000000000000, -1.000000000000000000, 0.0000000000000000000 ) ) ;
#4330 = CARTESIAN_POINT ( 'NONE',  ( -4.850000000000000500, 0.6155003128912000000, 9.900000000000000400 ) ) ;
#4331 = CARTESIAN_POINT ( 'NONE',  ( 0.8700000000003002000, 4.700000000000000200, 0.5000000000000000000 ) ) ;
#4332 = ORIENTED_EDGE ( 'NONE', *, *, #407, .T. ) ;
#4333 = CARTESIAN_POINT ( 'NONE',  ( -3.000000000000000000, 1.300000000000000300, -3.550000000000000700 ) ) ;
#4334 = ORIENTED_EDGE ( 'NONE', *, *, #1936, .F. ) ;
#4335 = CARTESIAN_POINT ( 'NONE',  ( 4.400000000000000400, 0.0000000000000000000, 6.299999999999999800 ) ) ;
#4336 = FACE_OUTER_BOUND ( 'NONE', #4146, .T. ) ;
#4337 = ADVANCED_FACE ( 'NONE', ( #7457 ), #7568, .T. ) ;
#4338 = CARTESIAN_POINT ( 'NONE',  ( 1.899999999999999900, 4.049999999999999800, 3.200000000000000200 ) ) ;
#4339 = EDGE_CURVE ( 'NONE', #1504, #5520, #5810, .T. ) ;
#4340 = CARTESIAN_POINT ( 'NONE',  ( 0.5496581763550764100, 6.250000000000000000, 4.219387861305769100 ) ) ;
#4341 = DIRECTION ( 'NONE',  ( 1.000000000000000000, 0.0000000000000000000, -0.0000000000000000000 ) ) ;
#4342 = CARTESIAN_POINT ( 'NONE',  ( 3.446000000000000200, -1.600000000000000100, -4.200000000000000200 ) ) ;
#4343 = VERTEX_POINT ( 'NONE', #1560 ) ;
#4344 = DIRECTION ( 'NONE',  ( 0.0000000000000000000, 0.0000000000000000000, -1.000000000000000000 ) ) ;
#4345 = EDGE_LOOP ( 'NONE', ( #6284, #956, #4756, #5125, #2144 ) ) ;
#4346 = ORIENTED_EDGE ( 'NONE', *, *, #1057, .T. ) ;
#4347 = VECTOR ( 'NONE', #5372, 1000.000000000000000 ) ;
#4348 = CARTESIAN_POINT ( 'NONE',  ( -2.969121624865261200, -1.600000000000000300, 4.644932668701211600 ) ) ;
#4349 = AXIS2_PLACEMENT_3D ( 'NONE', #7654, #4552, #440 ) ;
#4350 = CARTESIAN_POINT ( 'NONE',  ( 4.850000000000000500, 2.750000001147111700, 8.449999999999999300 ) ) ;
#4351 = CARTESIAN_POINT ( 'NONE',  ( -3.200000000000000200, 3.246173311193000000, 9.923000000000000000 ) ) ;
#4352 = VECTOR ( 'NONE', #3252, 1000.000000000000000 ) ;
#4353 = DIRECTION ( 'NONE',  ( 0.0000000000000000000, 0.0000000000000000000, -1.000000000000000000 ) ) ;
#4354 = VERTEX_POINT ( 'NONE', #7373 ) ;
#4355 = ORIENTED_EDGE ( 'NONE', *, *, #402, .F. ) ;
#4356 = DIRECTION ( 'NONE',  ( -0.0000000000000000000, 0.0000000000000000000, -1.000000000000000000 ) ) ;
#4357 = EDGE_LOOP ( 'NONE', ( #3850, #7626, #2270, #5886 ) ) ;
#4358 = CARTESIAN_POINT ( 'NONE',  ( 0.0000000000000000000, -0.4000000000000000200, -3.399999999999999900 ) ) ;
#4359 = DIRECTION ( 'NONE',  ( 0.0000000000000000000, -1.000000000000000000, -0.0000000000000000000 ) ) ;
#4360 = AXIS2_PLACEMENT_3D ( 'NONE', #1381, #5991, #2150 ) ;
#4362 = VERTEX_POINT ( 'NONE', #7316 ) ;
#4361 = CARTESIAN_POINT ( 'NONE',  ( -0.09999999999999996400, 41.88643412431000000, 13.50000000000000000 ) ) ;
#4363 = ORIENTED_EDGE ( 'NONE', *, *, #1017, .T. ) ;
#4364 = ORIENTED_EDGE ( 'NONE', *, *, #6770, .F. ) ;
#4365 = LINE ( 'NONE', #873, #7501 ) ;
#4366 = CARTESIAN_POINT ( 'NONE',  ( 0.0000000000000000000, 4.049999999999999800, 0.0000000000000000000 ) ) ;
#4367 = CARTESIAN_POINT ( 'NONE',  ( 3.000000000000000000, 0.0000000000000000000, 3.550000000000000700 ) ) ;
#4368 = ADVANCED_FACE ( 'NONE', ( #2644 ), #5515, .F. ) ;
#4369 = CARTESIAN_POINT ( 'NONE',  ( -4.850000000000000500, 2.249999999999998700, 7.742893218843644100 ) ) ;
#4370 = ORIENTED_EDGE ( 'NONE', *, *, #4859, .T. ) ;
#4371 = LINE ( 'NONE', #3350, #4560 ) ;
#4372 = ORIENTED_EDGE ( 'NONE', *, *, #308, .F. ) ;
#4373 = LINE ( 'NONE', #1606, #4182 ) ;
#4374 = PLANE ( 'NONE',  #6146 ) ;
#4375 = CARTESIAN_POINT ( 'NONE',  ( -4.549999999999998900, 0.0000000000000000000, -5.500000000000000900 ) ) ;
#4376 = AXIS2_PLACEMENT_3D ( 'NONE', #3168, #6271, #3795 ) ;
#4377 = CARTESIAN_POINT ( 'NONE',  ( 0.0000000000000000000, 4.099999999999999600, -3.399999999999999900 ) ) ;
#4378 = ORIENTED_EDGE ( 'NONE', *, *, #3285, .T. ) ;
#4379 = VECTOR ( 'NONE', #7452, 1000.000000000000000 ) ;
#4380 = ORIENTED_EDGE ( 'NONE', *, *, #231, .T. ) ;
#4381 = VECTOR ( 'NONE', #3391, 1000.000000000000000 ) ;
#4382 = ORIENTED_EDGE ( 'NONE', *, *, #5351, .T. ) ;
#4383 = FACE_OUTER_BOUND ( 'NONE', #1016, .T. ) ;
#4384 = CARTESIAN_POINT ( 'NONE',  ( 17.85564000000000100, 9.000000000000001800, 7.076452044609999900 ) ) ;
#4385 = CARTESIAN_POINT ( 'NONE',  ( 0.0000000000000000000, 7.400000000000000400, 9.919999999999999900 ) ) ;
#4386 = ADVANCED_FACE ( 'NONE', ( #429 ), #5615, .T. ) ;
#4387 = DIRECTION ( 'NONE',  ( -1.000000000000000000, -0.0000000000000000000, -0.0000000000000000000 ) ) ;
#4388 = ORIENTED_EDGE ( 'NONE', *, *, #5206, .T. ) ;
#4389 = VECTOR ( 'NONE', #2361, 1000.000000000000000 ) ;
#4390 = AXIS2_PLACEMENT_3D ( 'NONE', #3234, #2298, #2282 ) ;
#4391 = ORIENTED_EDGE ( 'NONE', *, *, #1681, .F. ) ;
#4392 = AXIS2_PLACEMENT_3D ( 'NONE', #277, #240, #211 ) ;
#4393 = CYLINDRICAL_SURFACE ( 'NONE', #8233, 0.7000000000000000700 ) ;
#4394 = CARTESIAN_POINT ( 'NONE',  ( 0.5000000000000000000, 4.700000000000000200, 0.0000000000000000000 ) ) ;
#4395 = EDGE_CURVE ( 'NONE', #7178, #6542, #5998, .T. ) ;
#4396 = PLANE ( 'NONE',  #4632 ) ;
#4397 = VERTEX_POINT ( 'NONE', #3670 ) ;
#4398 = ORIENTED_EDGE ( 'NONE', *, *, #3983, .F. ) ;
#4399 = AXIS2_PLACEMENT_3D ( 'NONE', #2426, #8042, #4341 ) ;
#4400 =( BOUNDED_SURFACE ( )  B_SPLINE_SURFACE ( 3, 3, ( 
 ( #3070, #2571, #2886, #3160 ),
 ( #3038, #3101, #8445, #8421 ),
 ( #8396, #8372, #8352, #8325 ),
 ( #8295, #8272, #8251, #8228 ) ),
 .UNSPECIFIED., .F., .F., .F. ) 
 B_SPLINE_SURFACE_WITH_KNOTS ( ( 4, 4 ),
 ( 4, 4 ),
 ( 0.0000000000000000000, 1.000000000000000000 ),
 ( 0.0000000000000000000, 1.000000000000000000 ),
 .UNSPECIFIED. ) 
 GEOMETRIC_REPRESENTATION_ITEM ( )  RATIONAL_B_SPLINE_SURFACE ( (
 ( 1.000000000000000000, 0.3333333333331199300, 0.3333333333331199300, 1.000000000000000000),
 ( 0.8023295011647724200, 0.2674431670547529100, 0.2674431670547529100, 0.8023295011647724200),
 ( 0.8023295011647724200, 0.2674431670547529100, 0.2674431670547529100, 0.8023295011647724200),
 ( 1.000000000000000000, 0.3333333333331199300, 0.3333333333331199300, 1.000000000000000000) ) ) 
 REPRESENTATION_ITEM ( '' )  SURFACE ( )  );
#4401 = FACE_OUTER_BOUND ( 'NONE', #3166, .T. ) ;
#4402 = CARTESIAN_POINT ( 'NONE',  ( 0.5122083953451080900, 6.399999999999374200, 5.281100623791222600 ) ) ;
#4403 = DIRECTION ( 'NONE',  ( 0.0000000000000000000, 0.0000000000000000000, -1.000000000000000000 ) ) ;
#4404 = VECTOR ( 'NONE', #2022, 1000.000000000000000 ) ;
#4405 = ORIENTED_EDGE ( 'NONE', *, *, #5778, .T. ) ;
#4406 = LINE ( 'NONE', #6749, #4110 ) ;
#4407 = EDGE_LOOP ( 'NONE', ( #13, #3666, #7685, #1195 ) ) ;
#4408 = CIRCLE ( 'NONE', #1951, 0.7000000000000000700 ) ;
#4409 = PLANE ( 'NONE',  #4558 ) ;
#4410 = VECTOR ( 'NONE', #3460, 1000.000000000000000 ) ;
#4411 = ORIENTED_EDGE ( 'NONE', *, *, #1176, .T. ) ;
#4412 = VECTOR ( 'NONE', #4296, 1000.000000000000000 ) ;
#4413 = ADVANCED_FACE ( 'NONE', ( #4132 ), #7405, .T. ) ;
#4415 = ORIENTED_EDGE ( 'NONE', *, *, #1079, .T. ) ;
#4414 = AXIS2_PLACEMENT_3D ( 'NONE', #484, #5243, #4593 ) ;
#4416 = LINE ( 'NONE', #4421, #7743 ) ;
#4417 = VECTOR ( 'NONE', #5121, 1000.000000000000000 ) ;
#4418 = ORIENTED_EDGE ( 'NONE', *, *, #2297, .F. ) ;
#4419 = CARTESIAN_POINT ( 'NONE',  ( 0.0000000000000000000, -0.4000000000000000200, -3.399999999999999900 ) ) ;
#4420 = ORIENTED_EDGE ( 'NONE', *, *, #399, .F. ) ;
#4421 = CARTESIAN_POINT ( 'NONE',  ( 0.5000000000000000000, 4.049999999999999800, 2.500000000000000000 ) ) ;
#4422 = CARTESIAN_POINT ( 'NONE',  ( -4.400000000000000400, 4.049999999999999800, -4.799999999999999800 ) ) ;
#4423 = LINE ( 'NONE', #3364, #2750 ) ;
#4424 = ORIENTED_EDGE ( 'NONE', *, *, #930, .F. ) ;
#4425 = ADVANCED_FACE ( 'NONE', ( #2192 ), #1629, .T. ) ;
#4426 = CARTESIAN_POINT ( 'NONE',  ( 0.0000000000000000000, 0.09999999999999939500, 2.239370392146000200 ) ) ;
#4427 = DIRECTION ( 'NONE',  ( -0.0000000000000000000, 1.000000000000000000, 0.0000000000000000000 ) ) ;
#4428 = CARTESIAN_POINT ( 'NONE',  ( 0.0000000000000000000, 0.0000000000000000000, 10.00000000000000000 ) ) ;
#4429 = DIRECTION ( 'NONE',  ( 0.0000000000000000000, 0.0000000000000000000, -1.000000000000000000 ) ) ;
#4430 = ORIENTED_EDGE ( 'NONE', *, *, #1782, .F. ) ;
#4431 = CARTESIAN_POINT ( 'NONE',  ( 4.850000000000000500, 7.400000000000000400, 9.919999999999999900 ) ) ;
#4432 = VERTEX_POINT ( 'NONE', #2394 ) ;
#4433 = EDGE_LOOP ( 'NONE', ( #4776, #2429, #6336, #705 ) ) ;
#4434 = CARTESIAN_POINT ( 'NONE',  ( 4.950000000000001100, 1.791421356237309600, -3.000000000000000000 ) ) ;
#4435 = DIRECTION ( 'NONE',  ( -1.000000000000000000, -0.0000000000000000000, -0.0000000000000000000 ) ) ;
#4436 = AXIS2_PLACEMENT_3D ( 'NONE', #2122, #2094, #2071 ) ;
#4437 = ORIENTED_EDGE ( 'NONE', *, *, #2102, .T. ) ;
#4438 = EDGE_CURVE ( 'NONE', #4761, #5137, #2428, .T. ) ;
#4439 = EDGE_LOOP ( 'NONE', ( #564, #3491, #7537, #2195 ) ) ;
#4440 = DIRECTION ( 'NONE',  ( 0.0000000000000000000, -1.000000000000000000, -0.0000000000000000000 ) ) ;
#4441 = LINE ( 'NONE', #4553, #4158 ) ;
#4442 = DIRECTION ( 'NONE',  ( -0.0000000000000000000, -1.000000000000000000, -0.0000000000000000000 ) ) ;
#4443 = CARTESIAN_POINT ( 'NONE',  ( -4.850000000000000500, 2.250000000000000400, -2.999999999999999600 ) ) ;
#4444 = ORIENTED_EDGE ( 'NONE', *, *, #2949, .T. ) ;
#4445 = VECTOR ( 'NONE', #2880, 1000.000000000000000 ) ;
#4446 = VERTEX_POINT ( 'NONE', #7439 ) ;
#4447 = VERTEX_POINT ( 'NONE', #3724 ) ;
#4448 = ADVANCED_FACE ( 'NONE', ( #7048 ), #3767, .F. ) ;
#4449 = CARTESIAN_POINT ( 'NONE',  ( -0.8700000000003245100, 4.049999999999999800, 0.5000000000000488500 ) ) ;
#4450 = EDGE_CURVE ( 'NONE', #2813, #6542, #7247, .T. ) ;
#4451 = CARTESIAN_POINT ( 'NONE',  ( -0.5481303751426360700, 6.399992209528957000, -4.219333971817555100 ) ) ;
#4452 = CARTESIAN_POINT ( 'NONE',  ( -4.850000000000000500, 8.514499687108999700, 9.900000000000000400 ) ) ;
#4453 = DIRECTION ( 'NONE',  ( -0.0000000000000000000, -0.0000000000000000000, 1.000000000000000000 ) ) ;
#4454 = ORIENTED_EDGE ( 'NONE', *, *, #1971, .T. ) ;
#4455 = ORIENTED_EDGE ( 'NONE', *, *, #1264, .T. ) ;
#4456 = CYLINDRICAL_SURFACE ( 'NONE', #2537, 0.2999999999999999300 ) ;
#4457 = CARTESIAN_POINT ( 'NONE',  ( 2.399999999999999900, 41.88643412431000000, 13.50000000000000000 ) ) ;
#4458 = DIRECTION ( 'NONE',  ( -1.000000000000000000, 0.0000000000000000000, -0.0000000000000000000 ) ) ;
#4459 = ADVANCED_FACE ( 'NONE', ( #5418 ), #5224, .T. ) ;
#4460 = DIRECTION ( 'NONE',  ( -0.0000000000000000000, -1.000000000000000000, -0.0000000000000000000 ) ) ;
#4461 = VERTEX_POINT ( 'NONE', #5003 ) ;
#4462 = EDGE_LOOP ( 'NONE', ( #5863, #2889, #3047, #7075 ) ) ;
#4463 = CYLINDRICAL_SURFACE ( 'NONE', #3746, 0.6500000000000003600 ) ;
#4464 = EDGE_CURVE ( 'NONE', #5952, #4465, #6844, .T. ) ;
#4465 = VERTEX_POINT ( 'NONE', #942 ) ;
#4466 = LINE ( 'NONE', #3550, #4381 ) ;
#4467 = VERTEX_POINT ( 'NONE', #1703 ) ;
#4468 = FACE_OUTER_BOUND ( 'NONE', #6117, .T. ) ;
#4469 = CARTESIAN_POINT ( 'NONE',  ( 3.000000000000000000, 0.0000000000000000000, 4.200000000000000200 ) ) ;
#4470 = CARTESIAN_POINT ( 'NONE',  ( -0.7499999999999997800, 2.946173311193000200, 6.299999999999999800 ) ) ;
#4471 = ORIENTED_EDGE ( 'NONE', *, *, #1835, .T. ) ;
#4472 = CARTESIAN_POINT ( 'NONE',  ( 0.6366504108524486700, 6.400894984940225500, -4.177543698253124700 ) ) ;
#4473 = CARTESIAN_POINT ( 'NONE',  ( -4.660158464154911900, 5.400000000000000400, 13.49942359245692100 ) ) ;
#4474 = LINE ( 'NONE', #2387, #4389 ) ;
#4475 = CARTESIAN_POINT ( 'NONE',  ( -2.399265291205744200, -8.435083713065752800, -1.164916847362782700 ) ) ;
#4477 = EDGE_LOOP ( 'NONE', ( #1121, #4948, #7795, #2276 ) ) ;
#4476 = MECHANICAL_DESIGN_GEOMETRIC_PRESENTATION_REPRESENTATION (  '', ( #3675 ), #4922 ) ;
#4478 = LINE ( 'NONE', #4125, #2814 ) ;
#4479 = EDGE_CURVE ( 'NONE', #3380, #3084, #3943, .T. ) ;
#4480 = VERTEX_POINT ( 'NONE', #3141 ) ;
#4481 = DIRECTION ( 'NONE',  ( 0.0000000000000000000, -1.000000000000000000, 0.0000000000000000000 ) ) ;
#4482 = EDGE_CURVE ( 'NONE', #6407, #2114, #8436, .T. ) ;
#4483 = VECTOR ( 'NONE', #448, 1000.000000000000000 ) ;
#4484 = DIRECTION ( 'NONE',  ( 0.0000000000000000000, 0.0000000000000000000, 1.000000000000000000 ) ) ;
#4485 = ORIENTED_EDGE ( 'NONE', *, *, #4048, .F. ) ;
#4486 = ADVANCED_FACE ( 'NONE', ( #6661 ), #4374, .T. ) ;
#4487 = CARTESIAN_POINT ( 'NONE',  ( 3.000000000000000000, 4.700000000000000200, 2.500000000000000000 ) ) ;
#4488 = VECTOR ( 'NONE', #2863, 1000.000000000000000 ) ;
#4489 = ORIENTED_EDGE ( 'NONE', *, *, #187, .F. ) ;
#4490 = VECTOR ( 'NONE', #8263, 1000.000000000000000 ) ;
#4491 = ORIENTED_EDGE ( 'NONE', *, *, #1074, .F. ) ;
#4492 = DIRECTION ( 'NONE',  ( 0.9428090415779677400, 0.0000000000000000000, -0.3333333333449173800 ) ) ;
#4493 = VECTOR ( 'NONE', #7969, 1000.000000000000000 ) ;
#4494 = EDGE_CURVE ( 'NONE', #2813, #4829, #1718, .T. ) ;
#4495 = DIRECTION ( 'NONE',  ( -0.0000000000000000000, 1.000000000000000000, 0.0000000000000000000 ) ) ;
#4496 = LINE ( 'NONE', #7369, #2831 ) ;
#4497 = ORIENTED_EDGE ( 'NONE', *, *, #3726, .T. ) ;
#4498 = DIRECTION ( 'NONE',  ( 0.0000000000000000000, -0.0000000000000000000, -1.000000000000000000 ) ) ;
#4499 = ORIENTED_EDGE ( 'NONE', *, *, #1641, .F. ) ;
#4500 = CARTESIAN_POINT ( 'NONE',  ( -2.049999999999999800, -43.04675213856000200, 9.377564394267999100 ) ) ;
#4501 = CARTESIAN_POINT ( 'NONE',  ( 2.100000000000000100, 3.246173311193000000, 9.622999999999999300 ) ) ;
#4502 = CARTESIAN_POINT ( 'NONE',  ( -2.399999999999999900, -44.99959868226000000, 13.19999999999999900 ) ) ;
#4503 = EDGE_CURVE ( 'NONE', #5780, #6957, #3379, .T. ) ;
#4504 = FACE_OUTER_BOUND ( 'NONE', #517, .T. ) ;
#4505 = CARTESIAN_POINT ( 'NONE',  ( -2.950000000000000200, 3.246173311193000000, 9.377564394267999100 ) ) ;
#4506 = VECTOR ( 'NONE', #5579, 1000.000000000000000 ) ;
#4507 = ORIENTED_EDGE ( 'NONE', *, *, #8176, .T. ) ;
#4508 = CIRCLE ( 'NONE', #2284, 0.5000000000000004400 ) ;
#4509 = VERTEX_POINT ( 'NONE', #5684 ) ;
#4510 = CARTESIAN_POINT ( 'NONE',  ( 0.0000000000000000000, -0.4000000000000000200, 3.399999999999999900 ) ) ;
#4511 = CARTESIAN_POINT ( 'NONE',  ( 4.850000000000000500, 4.423606797749999800, -5.500000000000000000 ) ) ;
#4512 = FACE_BOUND ( 'NONE', #5804, .T. ) ;
#4513 = VERTEX_POINT ( 'NONE', #1020 ) ;
#4514 = CARTESIAN_POINT ( 'NONE',  ( 0.5000000000000979200, 4.700000000000000200, 0.8700000000002962000 ) ) ;
#4515 = EDGE_LOOP ( 'NONE', ( #6149, #466, #3327, #7455 ) ) ;
#4516 = DIRECTION ( 'NONE',  ( -1.000000000000000000, -0.0000000000000000000, -0.0000000000000000000 ) ) ;
#4517 = DIRECTION ( 'NONE',  ( 0.0000000000000000000, -0.0000000000000000000, -1.000000000000000000 ) ) ;
#4518 = VERTEX_POINT ( 'NONE', #1757 ) ;
#4519 = DIRECTION ( 'NONE',  ( -1.000000000000000000, 0.0000000000000000000, 0.0000000000000000000 ) ) ;
#4520 = EDGE_LOOP ( 'NONE', ( #4982, #8422, #3575, #7015 ) ) ;
#4521 = CARTESIAN_POINT ( 'NONE',  ( 2.555070187794183500, -1.346000000000000100, -4.169121816593317000 ) ) ;
#4522 = DIRECTION ( 'NONE',  ( 0.0000000000000000000, -1.000000000000000000, 0.0000000000000000000 ) ) ;
#4523 = CARTESIAN_POINT ( 'NONE',  ( -2.554000000000000700, -1.600000000000000300, 3.924152613765606200 ) ) ;
#4524 = AXIS2_PLACEMENT_3D ( 'NONE', #2638, #2547, #2516 ) ;
#4525 = CARTESIAN_POINT ( 'NONE',  ( -4.949999999999999300, 8.000000000000000000, 8.050000000000002500 ) ) ;
#4526 = ORIENTED_EDGE ( 'NONE', *, *, #4618, .F. ) ;
#4527 = CARTESIAN_POINT ( 'NONE',  ( 0.0000000000000000000, 4.700000000000000200, 2.500000000000000000 ) ) ;
#4528 = CARTESIAN_POINT ( 'NONE',  ( -3.593362542894393800, -1.600000000000001000, 4.241179430907926000 ) ) ;
#4529 = ORIENTED_EDGE ( 'NONE', *, *, #4061, .T. ) ;
#4530 = CYLINDRICAL_SURFACE ( 'NONE', #7090, 0.2999999999999999300 ) ;
#4531 = CARTESIAN_POINT ( 'NONE',  ( 2.899999999999999900, 3.246173311193000000, 9.923000000000000000 ) ) ;
#4532 = CARTESIAN_POINT ( 'NONE',  ( 4.660158464153999700, 7.400000000000000400, 13.49942359245999900 ) ) ;
#4533 = EDGE_LOOP ( 'NONE', ( #4242, #1031, #4854, #7074 ) ) ;
#4534 = CARTESIAN_POINT ( 'NONE',  ( 0.0000000000000000000, 0.6155003128913000300, 10.00000000000000000 ) ) ;
#4535 = DIRECTION ( 'NONE',  ( -1.000000000000000000, -0.0000000000000000000, -0.0000000000000000000 ) ) ;
#4536 = ORIENTED_EDGE ( 'NONE', *, *, #1588, .T. ) ;
#4537 = ORIENTED_EDGE ( 'NONE', *, *, #303, .T. ) ;
#4538 = CARTESIAN_POINT ( 'NONE',  ( -3.250000000000000400, 2.946173311193000200, 13.50000000000000000 ) ) ;
#4539 = CIRCLE ( 'NONE', #7200, 0.1499999999999999900 ) ;
#4540 = EDGE_CURVE ( 'NONE', #8298, #6680, #1477, .T. ) ;
#4541 = CIRCLE ( 'NONE', #7294, 0.2999999999999999300 ) ;
#4542 = EDGE_LOOP ( 'NONE', ( #2047, #5954, #126, #3137 ) ) ;
#4544 = ORIENTED_EDGE ( 'NONE', *, *, #199, .F. ) ;
#4543 = DIRECTION ( 'NONE',  ( -1.000000000000000000, -0.0000000000000000000, -0.0000000000000000000 ) ) ;
#4545 = DIRECTION ( 'NONE',  ( 0.0000000000000000000, 0.0000000000000000000, -1.000000000000000000 ) ) ;
#4546 = AXIS2_PLACEMENT_3D ( 'NONE', #5927, #4035, #5304 ) ;
#4547 = ORIENTED_EDGE ( 'NONE', *, *, #2760, .T. ) ;
#4548 = CARTESIAN_POINT ( 'NONE',  ( 4.549999999999999800, 5.399999999999999500, 9.619999999999999200 ) ) ;
#4549 = ADVANCED_FACE ( 'NONE', ( #3172 ), #5058, .F. ) ;
#4550 = PLANE ( 'NONE',  #5981 ) ;
#4551 = DIRECTION ( 'NONE',  ( 0.0000000000000000000, 0.0000000000000000000, -1.000000000000000000 ) ) ;
#4552 = DIRECTION ( 'NONE',  ( 0.0000000000000000000, -1.000000000000000000, 0.0000000000000000000 ) ) ;
#4553 = CARTESIAN_POINT ( 'NONE',  ( -4.549999999999999800, 0.0000000000000000000, 9.619999999999999200 ) ) ;
#4554 = ORIENTED_EDGE ( 'NONE', *, *, #1000, .T. ) ;
#4555 = FACE_OUTER_BOUND ( 'NONE', #7949, .T. ) ;
#4556 = CARTESIAN_POINT ( 'NONE',  ( -3.669931063922627700, -1.346000000000000100, 4.657530095525458200 ) ) ;
#4557 = ORIENTED_EDGE ( 'NONE', *, *, #449, .T. ) ;
#4558 = AXIS2_PLACEMENT_3D ( 'NONE', #5065, #1026, #5689 ) ;
#4559 = VERTEX_POINT ( 'NONE', #5088 ) ;
#4560 = VECTOR ( 'NONE', #3367, 1000.000000000000000 ) ;
#4561 = ORIENTED_EDGE ( 'NONE', *, *, #1456, .T. ) ;
#4562 = VECTOR ( 'NONE', #3753, 1000.000000000000000 ) ;
#4563 = PLANE ( 'NONE',  #2248 ) ;
#4564 = CARTESIAN_POINT ( 'NONE',  ( -4.850000000000000500, 5.400000000000000400, -5.500000000000000000 ) ) ;
#4565 = DIRECTION ( 'NONE',  ( -0.0000000000000000000, 1.000000000000000000, -0.0000000000000000000 ) ) ;
#4566 = DIRECTION ( 'NONE',  ( 0.0000000000000000000, 0.0000000000000000000, 1.000000000000000000 ) ) ;
#4567 = EDGE_LOOP ( 'NONE', ( #4382, #4364, #4733 ) ) ;
#4568 = CYLINDRICAL_SURFACE ( 'NONE', #1449, 0.5000000000000004400 ) ;
#4569 = ORIENTED_EDGE ( 'NONE', *, *, #1694, .T. ) ;
#4570 = VECTOR ( 'NONE', #3566, 1000.000000000000000 ) ;
#4571 = ORIENTED_EDGE ( 'NONE', *, *, #562, .T. ) ;
#4572 = VECTOR ( 'NONE', #1123, 1000.000000000000000 ) ;
#4573 = LINE ( 'NONE', #1476, #6256 ) ;
#4574 = DIRECTION ( 'NONE',  ( 0.0000000000000000000, -1.000000000000000000, 0.0000000000000000000 ) ) ;
#4575 = CARTESIAN_POINT ( 'NONE',  ( -6.840226191709001000, -8.599999999999999600, -0.9999999999999997800 ) ) ;
#4576 = ORIENTED_EDGE ( 'NONE', *, *, #4482, .F. ) ;
#4577 = CARTESIAN_POINT ( 'NONE',  ( 3.698320333058456200, -1.346000000000000100, -4.248463516557575500 ) ) ;
#4578 = LINE ( 'NONE', #2201, #4011 ) ;
#4579 = EDGE_LOOP ( 'NONE', ( #5577, #4907, #2799, #6737 ) ) ;
#4580 = CARTESIAN_POINT ( 'NONE',  ( 4.950000000000001100, 8.000000000000001800, 8.408578643762687900 ) ) ;
#4581 = VECTOR ( 'NONE', #7399, 1000.000000000000000 ) ;
#4582 = CARTESIAN_POINT ( 'NONE',  ( 4.850000000000000500, 0.0000000000000000000, 5.500000000000000900 ) ) ;
#4583 = DIRECTION ( 'NONE',  ( -1.000000000000000000, 0.0000000000000000000, -0.0000000000000000000 ) ) ;
#4584 = DIRECTION ( 'NONE',  ( -1.000000000000000000, 0.0000000000000000000, 0.0000000000000000000 ) ) ;
#4585 = ORIENTED_EDGE ( 'NONE', *, *, #2399, .F. ) ;
#4586 = CARTESIAN_POINT ( 'NONE',  ( 4.400000000000000400, 0.0000000000000000000, 0.0000000000000000000 ) ) ;
#4587 = AXIS2_PLACEMENT_3D ( 'NONE', #4233, #3286, #3268 ) ;
#4588 = ORIENTED_EDGE ( 'NONE', *, *, #1555, .T. ) ;
#4589 = CARTESIAN_POINT ( 'NONE',  ( 3.000000000000000400, 4.700000000000000200, -0.5000000000000000000 ) ) ;
#4590 = EDGE_CURVE ( 'NONE', #6636, #4467, #1252, .T. ) ;
#4591 = VECTOR ( 'NONE', #6914, 1000.000000000000000 ) ;
#4592 = ADVANCED_FACE ( 'NONE', ( #6478 ), #6331, .F. ) ;
#4593 = DIRECTION ( 'NONE',  ( 0.0000000000000000000, 0.0000000000000000000, -1.000000000000000000 ) ) ;
#4594 = CYLINDRICAL_SURFACE ( 'NONE', #5798, 0.2999999999999999300 ) ;
#4595 = ORIENTED_EDGE ( 'NONE', *, *, #2770, .F. ) ;
#4596 = CARTESIAN_POINT ( 'NONE',  ( -0.5000000000000000000, 4.700000000000000200, 0.8700000000002999800 ) ) ;
#4597 = CIRCLE ( 'NONE', #1519, 0.2999999999999999300 ) ;
#4598 = CARTESIAN_POINT ( 'NONE',  ( -4.949999999997966200, 5.780000000000000200, 13.79999999999876800 ) ) ;
#4599 = DIRECTION ( 'NONE',  ( 0.0000000000000000000, -0.0000000000000000000, -1.000000000000000000 ) ) ;
#4600 = PLANE ( 'NONE',  #3488 ) ;
#4601 = EDGE_LOOP ( 'NONE', ( #6018, #235, #3194, #7274, #1870, #4380, #8276, #3340, #7643, #863, #4675, #5182 ) ) ;
#4602 = AXIS2_PLACEMENT_3D ( 'NONE', #3466, #6546, #7159 ) ;
#4603 = LINE ( 'NONE', #6764, #1009 ) ;
#4604 = CYLINDRICAL_SURFACE ( 'NONE', #4414, 0.6500000000000003600 ) ;
#4605 = ORIENTED_EDGE ( 'NONE', *, *, #1118, .T. ) ;
#4606 = VECTOR ( 'NONE', #4245, 1000.000000000000000 ) ;
#4607 = CARTESIAN_POINT ( 'NONE',  ( 3.872003062062999900, 7.399999999999996800, 12.39394909638000000 ) ) ;
#4608 = AXIS2_PLACEMENT_3D ( 'NONE', #3062, #3029, #2995 ) ;
#4609 = VERTEX_POINT ( 'NONE', #3844 ) ;
#4610 = EDGE_CURVE ( 'NONE', #4829, #3153, #6293, .T. ) ;
#4611 = CARTESIAN_POINT ( 'NONE',  ( 0.0000000000000000000, 4.049999999999999800, 0.0000000000000000000 ) ) ;
#4612 = CARTESIAN_POINT ( 'NONE',  ( -4.400000000000000400, 4.700000000000000200, 4.799999999999999800 ) ) ;
#4613 = CYLINDRICAL_SURFACE ( 'NONE', #4215, 0.2999999999999999300 ) ;
#4614 = LINE ( 'NONE', #2514, #7918 ) ;
#4615 = EDGE_LOOP ( 'NONE', ( #492, #2477, #4725, #2895, #3673, #6506 ) ) ;
#4616 = DIRECTION ( 'NONE',  ( 0.0000000000000000000, 0.0000000000000000000, -1.000000000000000000 ) ) ;
#4617 = DIRECTION ( 'NONE',  ( 0.0000000000000000000, -0.0000000000000000000, 1.000000000000000000 ) ) ;
#4618 = EDGE_CURVE ( 'NONE', #3912, #4467, #4614, .T. ) ;
#4619 = DIRECTION ( 'NONE',  ( -0.6614378277661208100, -0.0000000000000000000, -0.7500000000000235400 ) ) ;
#4620 = ORIENTED_EDGE ( 'NONE', *, *, #4778, .F. ) ;
#4621 = CARTESIAN_POINT ( 'NONE',  ( 2.100000000000000100, 3.246173311193000000, 9.622999999999999300 ) ) ;
#4622 = AXIS2_PLACEMENT_3D ( 'NONE', #3810, #3785, #3766 ) ;
#4623 = CARTESIAN_POINT ( 'NONE',  ( -2.899999999999999900, 3.246173311193000000, 9.622999999999999300 ) ) ;
#4624 = VECTOR ( 'NONE', #7086, 1000.000000000000000 ) ;
#4625 = ORIENTED_EDGE ( 'NONE', *, *, #2173, .F. ) ;
#4626 = ORIENTED_EDGE ( 'NONE', *, *, #4648, .T. ) ;
#4627 = CARTESIAN_POINT ( 'NONE',  ( -4.849999999999999600, 1.750000000000001100, 8.035786437626903500 ) ) ;
#4628 = DIRECTION ( 'NONE',  ( 0.0000000000000000000, -1.000000000000000000, 0.0000000000000000000 ) ) ;
#4629 = CARTESIAN_POINT ( 'NONE',  ( -4.549999999999999800, 5.400000000000000400, -5.500000000000000000 ) ) ;
#4630 = EDGE_CURVE ( 'NONE', #4065, #6636, #2947, .T. ) ;
#4631 = PLANE ( 'NONE',  #7703 ) ;
#4632 = AXIS2_PLACEMENT_3D ( 'NONE', #2473, #248, #5050 ) ;
#4633 = ORIENTED_EDGE ( 'NONE', *, *, #2212, .F. ) ;
#4634 = ORIENTED_EDGE ( 'NONE', *, *, #1176, .F. ) ;
#4635 = VECTOR ( 'NONE', #5589, 1000.000000000000000 ) ;
#4636 = CARTESIAN_POINT ( 'NONE',  ( -4.650000000000000400, 4.200000000000000200, -3.399999999999999900 ) ) ;
#4637 = ORIENTED_EDGE ( 'NONE', *, *, #2376, .T. ) ;
#4638 = ADVANCED_FACE ( 'NONE', ( #2739 ), #324, .T. ) ;
#4639 = DIRECTION ( 'NONE',  ( -0.0000000000000000000, -1.000000000000000000, -0.0000000000000000000 ) ) ;
#4640 = AXIS2_PLACEMENT_3D ( 'NONE', #4046, #8333, #4668 ) ;
#4641 = VERTEX_POINT ( 'NONE', #2570 ) ;
#4642 = ORIENTED_EDGE ( 'NONE', *, *, #4754, .F. ) ;
#4643 = CARTESIAN_POINT ( 'NONE',  ( 4.400000000000000400, 4.049999999999999800, -4.799999999999999800 ) ) ;
#4644 = LINE ( 'NONE', #4564, #4635 ) ;
#4645 = EDGE_CURVE ( 'NONE', #4065, #7163, #6092, .T. ) ;
#4646 = DIRECTION ( 'NONE',  ( 0.6941355705842079400, 0.0000000000000000000, 0.7198442954207083800 ) ) ;
#4647 = CARTESIAN_POINT ( 'NONE',  ( -4.650000000000000400, 4.500000000000000900, -3.399999999999999900 ) ) ;
#4648 = EDGE_CURVE ( 'NONE', #8035, #6680, #6109, .T. ) ;
#4649 = EDGE_LOOP ( 'NONE', ( #2233, #6096, #354, #3267 ) ) ;
#4650 = CYLINDRICAL_SURFACE ( 'NONE', #325, 0.2999999999999999300 ) ;
#4651 = ORIENTED_EDGE ( 'NONE', *, *, #8073, .T. ) ;
#4652 = CARTESIAN_POINT ( 'NONE',  ( 0.0000000000000000000, 0.0000000000000000000, 0.0000000000000000000 ) ) ;
#4653 = CARTESIAN_POINT ( 'NONE',  ( -4.950000000000000200, 1.850000000000001000, 7.449999999999999300 ) ) ;
#4654 = DIRECTION ( 'NONE',  ( 0.0000000000000000000, -1.000000000000000000, 0.0000000000000000000 ) ) ;
#4655 = CARTESIAN_POINT ( 'NONE',  ( 2.950000000000000200, -43.06136000000000100, 9.377564394267999100 ) ) ;
#4656 = CARTESIAN_POINT ( 'NONE',  ( 7.102951435054648900E-017, -16.24500000000000100, -0.5799999999999999600 ) ) ;
#4657 = VERTEX_POINT ( 'NONE', #3288 ) ;
#4658 = AXIS2_PLACEMENT_3D ( 'NONE', #1227, #1191, #1163 ) ;
#4659 = ORIENTED_EDGE ( 'NONE', *, *, #4908, .T. ) ;
#4660 = VECTOR ( 'NONE', #1827, 1000.000000000000000 ) ;
#4661 = EDGE_CURVE ( 'NONE', #7979, #3153, #7559, .T. ) ;
#4662 = CARTESIAN_POINT ( 'NONE',  ( -3.250000000000000400, 2.946173311193000200, 6.299999999999999800 ) ) ;
#4663 = ORIENTED_EDGE ( 'NONE', *, *, #1416, .F. ) ;
#4664 = ORIENTED_EDGE ( 'NONE', *, *, #1608, .F. ) ;
#4665 = DIRECTION ( 'NONE',  ( 0.9976004757977950900, 0.0000000000000000000, -0.06923359508224827300 ) ) ;
#4666 = VERTEX_POINT ( 'NONE', #7632 ) ;
#4667 = VECTOR ( 'NONE', #4005, 1000.000000000000000 ) ;
#4668 = DIRECTION ( 'NONE',  ( -1.000000000000000000, 0.0000000000000000000, 0.0000000000000000000 ) ) ;
#4669 = VERTEX_POINT ( 'NONE', #2606 ) ;
#4670 = PLANE ( 'NONE',  #6766 ) ;
#4671 = ORIENTED_EDGE ( 'NONE', *, *, #5908, .T. ) ;
#4672 = CARTESIAN_POINT ( 'NONE',  ( -4.850000000000000500, 4.423606797749989100, -3.399999999999999900 ) ) ;
#4673 = LINE ( 'NONE', #3524, #4570 ) ;
#4674 = DIRECTION ( 'NONE',  ( 1.000000000000000000, 0.0000000000000000000, -0.0000000000000000000 ) ) ;
#4675 = ORIENTED_EDGE ( 'NONE', *, *, #4645, .T. ) ;
#4676 = VECTOR ( 'NONE', #5997, 1000.000000000000100 ) ;
#4677 = PLANE ( 'NONE',  #5026 ) ;
#4678 = AXIS2_PLACEMENT_3D ( 'NONE', #8048, #1665, #4344 ) ;
#4679 = ORIENTED_EDGE ( 'NONE', *, *, #4198, .T. ) ;
#4680 = ADVANCED_FACE ( 'NONE', ( #7747 ), #6774, .T. ) ;
#4681 = CARTESIAN_POINT ( 'NONE',  ( -4.850000000000000500, -0.4000000000000000200, 4.599999999999999600 ) ) ;
#4682 = DIRECTION ( 'NONE',  ( 0.0000000000000000000, 0.0000000000000000000, 1.000000000000000000 ) ) ;
#4683 = DIRECTION ( 'NONE',  ( -0.9993785024637752400, 0.0000000000000000000, -0.03525065691957832100 ) ) ;
#4684 = CARTESIAN_POINT ( 'NONE',  ( 3.000000000000000000, 1.300000000000000300, 4.850000000000001400 ) ) ;
#4685 = ORIENTED_EDGE ( 'NONE', *, *, #1005, .T. ) ;
#4686 = VECTOR ( 'NONE', #3683, 1000.000000000000000 ) ;
#4687 = PLANE ( 'NONE',  #1481 ) ;
#4688 = DIRECTION ( 'NONE',  ( 0.0000000000000000000, 1.000000000000000000, -0.0000000000000000000 ) ) ;
#4689 = ORIENTED_EDGE ( 'NONE', *, *, #1872, .T. ) ;
#4690 = LINE ( 'NONE', #344, #5102 ) ;
#4692 = EDGE_LOOP ( 'NONE', ( #7365, #1997, #4939, #8350, #3411 ) ) ;
#4691 = AXIS2_PLACEMENT_3D ( 'NONE', #4521, #409, #5179 ) ;
#4693 = DIRECTION ( 'NONE',  ( -0.0000000000000000000, 1.000000000000000000, -0.0000000000000000000 ) ) ;
#4694 = CIRCLE ( 'NONE', #1375, 0.7000000000000000700 ) ;
#4695 = CARTESIAN_POINT ( 'NONE',  ( -0.5000000000000000000, 4.700000000000000200, -0.8700000000000000000 ) ) ;
#4696 = EDGE_CURVE ( 'NONE', #7163, #5840, #2530, .T. ) ;
#4697 = DIRECTION ( 'NONE',  ( -1.000000000000000000, -0.0000000000000000000, -0.0000000000000000000 ) ) ;
#4698 = VECTOR ( 'NONE', #5527, 1000.000000000000000 ) ;
#4699 = VERTEX_POINT ( 'NONE', #7706 ) ;
#4700 = FACE_OUTER_BOUND ( 'NONE', #5030, .T. ) ;
#4701 = ORIENTED_EDGE ( 'NONE', *, *, #6706, .T. ) ;
#4702 = PLANE ( 'NONE',  #3955 ) ;
#4703 = CARTESIAN_POINT ( 'NONE',  ( 4.400000000000000400, 4.700000000000000200, -4.799999999999999800 ) ) ;
#4704 = CARTESIAN_POINT ( 'NONE',  ( 0.0000000000000000000, -1.199999999999999700, 3.000000000000000000 ) ) ;
#4705 = FACE_OUTER_BOUND ( 'NONE', #5250, .T. ) ;
#4706 = CARTESIAN_POINT ( 'NONE',  ( 0.0000000000000000000, 4.700000000000000200, 2.500000000000000000 ) ) ;
#4707 = CARTESIAN_POINT ( 'NONE',  ( 4.400000000000000400, 4.700000000000000200, -5.500000000000000900 ) ) ;
#4708 = AXIS2_PLACEMENT_3D ( 'NONE', #2392, #2349, #2318 ) ;
#4709 = VECTOR ( 'NONE', #8078, 1000.000000000000000 ) ;
#4710 = VERTEX_POINT ( 'NONE', #3970 ) ;
#4711 = VERTEX_POINT ( 'NONE', #476 ) ;
#4712 = AXIS2_PLACEMENT_3D ( 'NONE', #63, #32, #2 ) ;
#4713 = VECTOR ( 'NONE', #7726, 1000.000000000000000 ) ;
#4714 = CARTESIAN_POINT ( 'NONE',  ( 2.598076211353157500, -2.600000000000000100, -1.500000000000000000 ) ) ;
#4715 = EDGE_CURVE ( 'NONE', #1643, #2336, #536, .T. ) ;
#4716 = CARTESIAN_POINT ( 'NONE',  ( 4.549999999999999800, 7.400000000000000400, 9.919999999999999900 ) ) ;
#4717 = CARTESIAN_POINT ( 'NONE',  ( 4.549999999999999800, 0.0000000000000000000, 4.999999999999999100 ) ) ;
#4718 = LINE ( 'NONE', #2961, #1129 ) ;
#4719 = ORIENTED_EDGE ( 'NONE', *, *, #5190, .T. ) ;
#4720 = CARTESIAN_POINT ( 'NONE',  ( 0.0000000000000000000, 4.700000000000000200, 0.0000000000000000000 ) ) ;
#4721 = CARTESIAN_POINT ( 'NONE',  ( 0.5000000000000000000, 4.700000000000000200, 2.500000000000000000 ) ) ;
#4722 = AXIS2_PLACEMENT_3D ( 'NONE', #5180, #5156, #5134 ) ;
#4723 = EDGE_LOOP ( 'NONE', ( #1898, #5792, #8393, #2989 ) ) ;
#4724 = CIRCLE ( 'NONE', #3390, 0.2999999999999999300 ) ;
#4725 = ORIENTED_EDGE ( 'NONE', *, *, #4540, .T. ) ;
#4726 = ADVANCED_FACE ( 'NONE', ( #7342 ), #1996, .T. ) ;
#4727 = CARTESIAN_POINT ( 'NONE',  ( 4.850000000000000500, 4.423606797749989100, 3.400000000000000400 ) ) ;
#4728 = ORIENTED_EDGE ( 'NONE', *, *, #4618, .T. ) ;
#4729 = CARTESIAN_POINT ( 'NONE',  ( -0.7500000000000000000, 3.246173311193000000, 9.377564394267999100 ) ) ;
#4730 = ORIENTED_EDGE ( 'NONE', *, *, #5558, .T. ) ;
#4731 = EDGE_CURVE ( 'NONE', #5840, #6636, #5714, .T. ) ;
#4732 = CARTESIAN_POINT ( 'NONE',  ( 4.850000000000000500, -0.2645751311064795700, -5.500000000000000000 ) ) ;
#4733 = ORIENTED_EDGE ( 'NONE', *, *, #5461, .F. ) ;
#4734 = CARTESIAN_POINT ( 'NONE',  ( 3.446000000000000600, -1.600000000000000300, -3.366290565858908400 ) ) ;
#4735 = UNCERTAINTY_MEASURE_WITH_UNIT (LENGTH_MEASURE( 1.000000000000000100E-005 ), #3279, 'distance_accuracy_value', 'NONE');
#4736 = ORIENTED_EDGE ( 'NONE', *, *, #3678, .T. ) ;
#4737 = DIRECTION ( 'NONE',  ( 0.0000000000000000000, 0.0000000000000000000, -1.000000000000000000 ) ) ;
#4738 = DIRECTION ( 'NONE',  ( 0.0000000000000000000, 0.0000000000000000000, -1.000000000000000000 ) ) ;
#4739 = DIRECTION ( 'NONE',  ( 0.0000000000000000000, 0.0000000000000000000, 1.000000000000000000 ) ) ;
#4740 = CARTESIAN_POINT ( 'NONE',  ( 8.572527594031470700E-017, 4.700000000000000200, -4.900000000000000400 ) ) ;
#4741 = ORIENTED_EDGE ( 'NONE', *, *, #639, .F. ) ;
#4742 = CARTESIAN_POINT ( 'NONE',  ( 0.0000000000000000000, 4.700000000000000200, 0.0000000000000000000 ) ) ;
#4743 = AXIS2_PLACEMENT_3D ( 'NONE', #2311, #6721, #2990 ) ;
#4744 = FACE_OUTER_BOUND ( 'NONE', #1388, .T. ) ;
#4745 = EDGE_LOOP ( 'NONE', ( #7458, #747, #4561, #5071, #1989 ) ) ;
#4746 = ORIENTED_EDGE ( 'NONE', *, *, #1891, .T. ) ;
#4747 = CARTESIAN_POINT ( 'NONE',  ( 0.5000000000000490700, 4.700000000000000200, 0.8700000000003244000 ) ) ;
#4748 = LINE ( 'NONE', #5873, #4347 ) ;
#4749 = DIRECTION ( 'NONE',  ( 0.0000000000000000000, -0.0000000000000000000, 1.000000000000000000 ) ) ;
#4750 = ORIENTED_EDGE ( 'NONE', *, *, #7281, .T. ) ;
#4751 = DIRECTION ( 'NONE',  ( -0.0000000000000000000, -1.000000000000000000, -0.0000000000000000000 ) ) ;
#4752 = ORIENTED_EDGE ( 'NONE', *, *, #5655, .T. ) ;
#4753 = DIRECTION ( 'NONE',  ( 0.0000000000000000000, 1.000000000000000000, 0.0000000000000000000 ) ) ;
#4754 = EDGE_CURVE ( 'NONE', #7256, #1612, #306, .T. ) ;
#4755 =( BOUNDED_CURVE ( )  B_SPLINE_CURVE ( 3, ( #5928, #5012, #6989, #3812 ),
 .UNSPECIFIED., .F., .F. ) 
 B_SPLINE_CURVE_WITH_KNOTS ( ( 4, 4 ),
 ( 0.0000000000000000000, 0.5220553790833484300 ),
 .UNSPECIFIED. ) 
 CURVE ( )  GEOMETRIC_REPRESENTATION_ITEM ( )  RATIONAL_B_SPLINE_CURVE ( ( 1.000000000000000000, 0.7881266715486996400, 0.7881266715486996400, 1.000000000000000000 ) ) 
 REPRESENTATION_ITEM ( '' )  );
#4756 = ORIENTED_EDGE ( 'NONE', *, *, #2652, .T. ) ;
#4757 = CARTESIAN_POINT ( 'NONE',  ( -4.549999999999999800, 4.099999999999999600, 4.599999999999999600 ) ) ;
#4758 = CARTESIAN_POINT ( 'NONE',  ( 4.950000000000000200, 0.7150000000000000800, 9.619999999999999200 ) ) ;
#4759 = VERTEX_POINT ( 'NONE', #5896 ) ;
#4760 = ADVANCED_FACE ( 'NONE', ( #2073 ), #2747, .T. ) ;
#4761 = VERTEX_POINT ( 'NONE', #515 ) ;
#4762 = ORIENTED_EDGE ( 'NONE', *, *, #1118, .F. ) ;
#4763 = FACE_OUTER_BOUND ( 'NONE', #4089, .T. ) ;
#4764 = CARTESIAN_POINT ( 'NONE',  ( -4.549999999999999800, 3.899999999999999900, -3.399999999999999900 ) ) ;
#4765 = CARTESIAN_POINT ( 'NONE',  ( 4.950000000000001100, 2.432842712478391800, 7.991421356237309800 ) ) ;
#4766 = EDGE_CURVE ( 'NONE', #1612, #7590, #7141, .T. ) ;
#4767 = AXIS2_PLACEMENT_3D ( 'NONE', #2733, #2873, #2823 ) ;
#4768 = VERTEX_POINT ( 'NONE', #8307 ) ;
#4769 = EDGE_CURVE ( 'NONE', #4432, #710, #65, .T. ) ;
#4770 = VERTEX_POINT ( 'NONE', #1303 ) ;
#4771 = LINE ( 'NONE', #3381, #4271 ) ;
#4772 = EDGE_LOOP ( 'NONE', ( #7175, #1740, #4454, #8234, #3259 ) ) ;
#4773 = FACE_OUTER_BOUND ( 'NONE', #4072, .T. ) ;
#4774 = DIRECTION ( 'NONE',  ( 0.0000000000000000000, 0.0000000000000000000, -1.000000000000000000 ) ) ;
#4775 = DIRECTION ( 'NONE',  ( 0.0000000000000000000, 0.0000000000000000000, -1.000000000000000000 ) ) ;
#4776 = ORIENTED_EDGE ( 'NONE', *, *, #6193, .F. ) ;
#4777 = PLANE ( 'NONE',  #1404 ) ;
#4778 = EDGE_CURVE ( 'NONE', #4609, #7590, #2309, .T. ) ;
#4779 = LINE ( 'NONE', #8083, #4490 ) ;
#4780 = CARTESIAN_POINT ( 'NONE',  ( -3.049999999999999800, 4.099999999999999600, -3.400000000000000400 ) ) ;
#4781 = VECTOR ( 'NONE', #4387, 1000.000000000000000 ) ;
#4782 = ORIENTED_EDGE ( 'NONE', *, *, #3500, .T. ) ;
#4783 = CIRCLE ( 'NONE', #5788, 0.6500000000000000200 ) ;
#4784 = VECTOR ( 'NONE', #1677, 1000.000000000000000 ) ;
#4785 = CARTESIAN_POINT ( 'NONE',  ( -4.400000000000000400, 4.049999999999999800, -3.200000000000000200 ) ) ;
#4786 = DIRECTION ( 'NONE',  ( 0.3333333333332900200, 0.0000000000000000000, -0.9428090415820787900 ) ) ;
#4787 =( LENGTH_UNIT ( ) NAMED_UNIT ( * ) SI_UNIT ( .MILLI., .METRE. ) );
#4788 = DIRECTION ( 'NONE',  ( -1.000000000000000000, -0.0000000000000000000, -0.0000000000000000000 ) ) ;
#4789 = CARTESIAN_POINT ( 'NONE',  ( -0.5000000000000000000, 4.700000000000000200, 0.0000000000000000000 ) ) ;
#4790 = ORIENTED_EDGE ( 'NONE', *, *, #6339, .F. ) ;
#4791 = VECTOR ( 'NONE', #376, 1000.000000000000000 ) ;
#4792 = VERTEX_POINT ( 'NONE', #7782 ) ;
#4793 = EDGE_CURVE ( 'NONE', #4609, #7256, #3845, .T. ) ;
#4794 = AXIS2_PLACEMENT_3D ( 'NONE', #7192, #3498, #1360 ) ;
#4795 = FACE_OUTER_BOUND ( 'NONE', #4433, .T. ) ;
#4796 = DIRECTION ( 'NONE',  ( 0.0000000000000000000, -0.0000000000000000000, 1.000000000000000000 ) ) ;
#4797 = ORIENTED_EDGE ( 'NONE', *, *, #4450, .F. ) ;
#4798 = CARTESIAN_POINT ( 'NONE',  ( 2.600000000000000500, 2.946173311192999300, 13.50000000000000000 ) ) ;
#4799 = AXIS2_PLACEMENT_3D ( 'NONE', #2706, #2677, #2650 ) ;
#4800 = DIRECTION ( 'NONE',  ( -0.0000000000000000000, 1.000000000000000000, 0.0000000000000000000 ) ) ;
#4801 = CARTESIAN_POINT ( 'NONE',  ( -0.5000000000000000000, 4.700000000000000200, 2.500000000000000000 ) ) ;
#4802 = ORIENTED_EDGE ( 'NONE', *, *, #4928, .F. ) ;
#4803 = LINE ( 'NONE', #1040, #4591 ) ;
#4804 = LINE ( 'NONE', #8191, #6465 ) ;
#4805 = ORIENTED_EDGE ( 'NONE', *, *, #2286, .F. ) ;
#4806 = LINE ( 'NONE', #2357, #4379 ) ;
#4807 = DIRECTION ( 'NONE',  ( 1.000000000000000000, 0.0000000000000000000, 0.0000000000000000000 ) ) ;
#4808 = VERTEX_POINT ( 'NONE', #4053 ) ;
#4809 = DIRECTION ( 'NONE',  ( -0.0000000000000000000, -0.0000000000000000000, -1.000000000000000000 ) ) ;
#4810 = EDGE_CURVE ( 'NONE', #170, #2763, #5823, .T. ) ;
#4811 = DIRECTION ( 'NONE',  ( 1.000000000000000000, 0.0000000000000000000, 0.0000000000000000000 ) ) ;
#4812 = ADVANCED_FACE ( 'NONE', ( #1833 ), #6575, .T. ) ;
#4813 = CARTESIAN_POINT ( 'NONE',  ( 0.6999999999999999600, 2.946173311192998400, 9.923000000000000000 ) ) ;
#4814 = FACE_OUTER_BOUND ( 'NONE', #3626, .T. ) ;
#4815 = AXIS2_PLACEMENT_3D ( 'NONE', #7923, #8087, #7965 ) ;
#4816 = VECTOR ( 'NONE', #5193, 1000.000000000000000 ) ;
#4817 = ORIENTED_EDGE ( 'NONE', *, *, #8442, .F. ) ;
#4818 = CARTESIAN_POINT ( 'NONE',  ( -2.708487969262966200, -1.600000000000000100, 4.626841793218337900 ) ) ;
#4819 = LINE ( 'NONE', #4067, #4222 ) ;
#4820 = CARTESIAN_POINT ( 'NONE',  ( -18.87591023243999900, 7.019999999999999600, 8.473396354947000800 ) ) ;
#4821 = APPLICATION_PROTOCOL_DEFINITION ( 'draft international standard', 'automotive_design', 1998, #5450 ) ;
#4822 = DIRECTION ( 'NONE',  ( -0.03525065691957925800, 0.0000000000000000000, 0.9993785024637753500 ) ) ;
#4823 = ORIENTED_EDGE ( 'NONE', *, *, #6136, .T. ) ;
#4824 = CARTESIAN_POINT ( 'NONE',  ( -18.87591023243999900, 0.1000000000000000100, 9.900000000000000400 ) ) ;
#4825 = CYLINDRICAL_SURFACE ( 'NONE', #3407, 0.2000000000000005100 ) ;
#4826 = CARTESIAN_POINT ( 'NONE',  ( -3.000000000000000000, 4.700000000000000200, 2.500000000000000000 ) ) ;
#4827 = DIRECTION ( 'NONE',  ( 0.0000000000000000000, 0.0000000000000000000, -1.000000000000000000 ) ) ;
#4828 = VECTOR ( 'NONE', #8099, 1000.000000000000000 ) ;
#4829 = VERTEX_POINT ( 'NONE', #5471 ) ;
#4830 = EDGE_CURVE ( 'NONE', #4518, #1669, #3477, .T. ) ;
#4831 = DIRECTION ( 'NONE',  ( 0.0000000000000000000, 0.0000000000000000000, 1.000000000000000000 ) ) ;
#4832 = CARTESIAN_POINT ( 'NONE',  ( 4.850000000000000500, 1.749999999999999800, -3.000000000000000000 ) ) ;
#4833 = AXIS2_PLACEMENT_3D ( 'NONE', #5032, #983, #5651 ) ;
#4834 = ORIENTED_EDGE ( 'NONE', *, *, #9, .T. ) ;
#4835 = ORIENTED_EDGE ( 'NONE', *, *, #987, .F. ) ;
#4836 = CARTESIAN_POINT ( 'NONE',  ( -4.950000000000000200, 5.400000000000000400, 13.80000000000000100 ) ) ;
#4837 = PLANE ( 'NONE',  #6759 ) ;
#4838 = CARTESIAN_POINT ( 'NONE',  ( 2.000000000000000000, 0.0000000000000000000, 6.299999999999999800 ) ) ;
#4839 = ORIENTED_EDGE ( 'NONE', *, *, #757, .T. ) ;
#4840 = DIRECTION ( 'NONE',  ( -0.0000000000000000000, 1.000000000000000000, 0.0000000000000000000 ) ) ;
#4841 = ORIENTED_EDGE ( 'NONE', *, *, #3883, .T. ) ;
#4842 = CARTESIAN_POINT ( 'NONE',  ( -2.273290397452921500, -1.494789755157234900, 4.560603067493756800 ) ) ;
#4843 = VECTOR ( 'NONE', #5409, 1000.000000000000200 ) ;
#4844 = PRODUCT_CONTEXT ( 'NONE', #5450, 'mechanical' ) ;
#4845 = DIRECTION ( 'NONE',  ( 0.0000000000000000000, 1.000000000000000000, -0.0000000000000000000 ) ) ;
#4846 = DIRECTION ( 'NONE',  ( 1.000000000000000000, 0.0000000000000000000, 0.0000000000000000000 ) ) ;
#4847 = ORIENTED_EDGE ( 'NONE', *, *, #882, .T. ) ;
#4848 = ORIENTED_EDGE ( 'NONE', *, *, #2272, .F. ) ;
#4849 = PLANE ( 'NONE',  #2267 ) ;
#4850 = VERTEX_POINT ( 'NONE', #4075 ) ;
#4851 = LINE ( 'NONE', #5816, #4843 ) ;
#4852 = ADVANCED_FACE ( 'NONE', ( #8174, #6743, #1593, #1358 ), #1505, .T. ) ;
#4853 = DIRECTION ( 'NONE',  ( -0.0000000000000000000, 0.0000000000000000000, -1.000000000000000000 ) ) ;
#4854 = ORIENTED_EDGE ( 'NONE', *, *, #122, .F. ) ;
#4855 = LINE ( 'NONE', #6587, #1512 ) ;
#4856 = CARTESIAN_POINT ( 'NONE',  ( 0.5917378073586638800, 6.400894984940225500, 5.495757123452590600 ) ) ;
#4857 = ORIENTED_EDGE ( 'NONE', *, *, #882, .F. ) ;
#4858 = ORIENTED_EDGE ( 'NONE', *, *, #7115, .F. ) ;
#4859 = EDGE_CURVE ( 'NONE', #2763, #6395, #7990, .T. ) ;
#4860 = AXIS2_PLACEMENT_3D ( 'NONE', #4820, #5019, #4786 ) ;
#4861 = DIRECTION ( 'NONE',  ( 0.01762806762307010000, -0.0000000000000000000, -0.9998446135434628800 ) ) ;
#4862 = ORIENTED_EDGE ( 'NONE', *, *, #2376, .F. ) ;
#4863 = CARTESIAN_POINT ( 'NONE',  ( -2.000000000000000000, 0.0000000000000000000, 6.299999999999999800 ) ) ;
#4864 = EDGE_LOOP ( 'NONE', ( #464, #4235, #4917, #1726 ) ) ;
#4865 = FACE_OUTER_BOUND ( 'NONE', #4317, .T. ) ;
#4866 = AXIS2_PLACEMENT_3D ( 'NONE', #3377, #3365, #3347 ) ;
#4867 = CARTESIAN_POINT ( 'NONE',  ( 3.000000000000000000, -0.4000000000000000200, -4.900000000000000400 ) ) ;
#4868 = AXIS2_PLACEMENT_3D ( 'NONE', #5659, #5636, #5580 ) ;
#4869 = ORIENTED_EDGE ( 'NONE', *, *, #2467, .F. ) ;
#4870 = AXIS2_PLACEMENT_3D ( 'NONE', #792, #756, #724 ) ;
#4871 = ORIENTED_EDGE ( 'NONE', *, *, #140, .T. ) ;
#4872 = LINE ( 'NONE', #3431, #2794 ) ;
#4873 = EDGE_CURVE ( 'NONE', #1977, #1242, #4718, .T. ) ;
#4874 = CARTESIAN_POINT ( 'NONE',  ( 0.0000000000000000000, 7.400000000000000400, 0.0000000000000000000 ) ) ;
#4875 = AXIS2_PLACEMENT_3D ( 'NONE', #3674, #3649, #3590 ) ;
#4876 = CLOSED_SHELL ( 'NONE', ( #8016, #5596, #839, #6572, #3074, #5548, #284, #4145, #349, #1247, #6887, #6951, #1983, #6201, #1803, #7283, #6000, #5113 ) ) ;
#4877 = VECTOR ( 'NONE', #5720, 1000.000000000000000 ) ;
#4878 = ORIENTED_EDGE ( 'NONE', *, *, #1453, .F. ) ;
#4879 = DIRECTION ( 'NONE',  ( -0.0000000000000000000, -0.0000000000000000000, 1.000000000000000000 ) ) ;
#4880 = CARTESIAN_POINT ( 'NONE',  ( -4.120846438656564600, 5.400000000000001200, 12.26297310451889000 ) ) ;
#4881 = FACE_OUTER_BOUND ( 'NONE', #5377, .T. ) ;
#4882 = DIRECTION ( 'NONE',  ( -0.0000000000000000000, 0.0000000000000000000, 1.000000000000000000 ) ) ;
#4883 = VERTEX_POINT ( 'NONE', #2307 ) ;
#4884 = CIRCLE ( 'NONE', #1976, 0.7000000000000000700 ) ;
#4885 = CARTESIAN_POINT ( 'NONE',  ( 1.899999999999999900, 4.700000000000000200, 4.799999999999999800 ) ) ;
#4886 = CARTESIAN_POINT ( 'NONE',  ( -9.437580067829999800E-006, -8.600000000058116700, -1.641657460882753300E-005 ) ) ;
#4887 = EDGE_CURVE ( 'NONE', #6680, #4432, #5727, .T. ) ;
#4888 = VERTEX_POINT ( 'NONE', #1534 ) ;
#4889 = LINE ( 'NONE', #2352, #4483 ) ;
#4890 = CARTESIAN_POINT ( 'NONE',  ( 5.232842712473803300, 7.019999999999999600, 13.69999999999835300 ) ) ;
#4891 = ORIENTED_EDGE ( 'NONE', *, *, #5090, .F. ) ;
#4892 = LINE ( 'NONE', #5667, #3240 ) ;
#4893 = CARTESIAN_POINT ( 'NONE',  ( -2.863717265385574700, -8.100004082874013600, 0.9033753970322929700 ) ) ;
#4894 = DIRECTION ( 'NONE',  ( 0.0000000000000000000, 1.000000000000000000, 0.0000000000000000000 ) ) ;
#4895 = CARTESIAN_POINT ( 'NONE',  ( 0.0000000000000000000, 0.0000000000000000000, 0.0000000000000000000 ) ) ;
#4896 = EDGE_CURVE ( 'NONE', #6395, #7308, #5623, .T. ) ;
#4897 = ADVANCED_FACE ( 'NONE', ( #2840 ), #4295, .T. ) ;
#4898 = DIRECTION ( 'NONE',  ( 0.0000000000000000000, 1.000000000000000000, 0.0000000000000000000 ) ) ;
#4899 = AXIS2_PLACEMENT_3D ( 'NONE', #2358, #8019, #6216 ) ;
#4900 = AXIS2_PLACEMENT_3D ( 'NONE', #3207, #3181, #3155 ) ;
#4901 = ORIENTED_EDGE ( 'NONE', *, *, #6640, .T. ) ;
#4902 = DIRECTION ( 'NONE',  ( 0.0000000000000000000, 0.0000000000000000000, 1.000000000000000000 ) ) ;
#4903 = CARTESIAN_POINT ( 'NONE',  ( 0.0000000000000000000, 8.514499687108999700, 10.00000000000000000 ) ) ;
#4904 = CARTESIAN_POINT ( 'NONE',  ( 0.5496577428988236300, 6.400000000000000400, -4.180612153982999700 ) ) ;
#4905 = FACE_OUTER_BOUND ( 'NONE', #3694, .T. ) ;
#4906 = LINE ( 'NONE', #3028, #3034 ) ;
#4907 = ORIENTED_EDGE ( 'NONE', *, *, #597, .F. ) ;
#4908 = EDGE_CURVE ( 'NONE', #7308, #5057, #3057, .T. ) ;
#4910 = VERTEX_POINT ( 'NONE', #6197 ) ;
#4909 = AXIS2_PLACEMENT_3D ( 'NONE', #7776, #561, #5318 ) ;
#4911 = DIRECTION ( 'NONE',  ( 0.0000000000000000000, 0.0000000000000000000, 1.000000000000000000 ) ) ;
#4912 = LINE ( 'NONE', #4826, #5123 ) ;
#4913 = CARTESIAN_POINT ( 'NONE',  ( 0.5000000000000000000, 4.700000000000000200, -2.500000000000000000 ) ) ;
#4914 = DIRECTION ( 'NONE',  ( 1.000000000000000000, 0.0000000000000000000, 0.0000000000000000000 ) ) ;
#4915 = AXIS2_PLACEMENT_3D ( 'NONE', #4208, #4174, #4148 ) ;
#4916 = CYLINDRICAL_SURFACE ( 'NONE', #4678, 0.2999999999999999300 ) ;
#4917 = ORIENTED_EDGE ( 'NONE', *, *, #583, .T. ) ;
#4918 = CARTESIAN_POINT ( 'NONE',  ( -3.049999999999999800, 4.057344549557999600, -4.000000000000000000 ) ) ;
#4919 = EDGE_LOOP ( 'NONE', ( #1628, #5403, #8167, #3149 ) ) ;
#4920 = CYLINDRICAL_SURFACE ( 'NONE', #4063, 0.2999999999999999300 ) ;
#4921 = CARTESIAN_POINT ( 'NONE',  ( 5.232842712473042100, 7.242598846297807900, 13.69999999999793200 ) ) ;
#4922 =( GEOMETRIC_REPRESENTATION_CONTEXT ( 3 ) GLOBAL_UNCERTAINTY_ASSIGNED_CONTEXT ( ( #5204 ) ) GLOBAL_UNIT_ASSIGNED_CONTEXT ( ( #6678, #2940, #7306 ) ) REPRESENTATION_CONTEXT ( 'NONE', 'WORKASPACE' ) );
#4923 = CARTESIAN_POINT ( 'NONE',  ( -0.2609034655262216800, -8.099984421876351700, 2.999999179249063500 ) ) ;
#4924 = CARTESIAN_POINT ( 'NONE',  ( -4.850000000000000500, 0.0000000000000000000, -5.500000000000000000 ) ) ;
#4925 = VECTOR ( 'NONE', #6090, 1000.000000000000000 ) ;
#4926 = ORIENTED_EDGE ( 'NONE', *, *, #773, .F. ) ;
#4927 = DIRECTION ( 'NONE',  ( 0.0000000000000000000, -1.000000000000000000, 0.0000000000000000000 ) ) ;
#4928 = EDGE_CURVE ( 'NONE', #5057, #5671, #5867, .T. ) ;
#4929 = VERTEX_POINT ( 'NONE', #3085 ) ;
#4930 = DIRECTION ( 'NONE',  ( -1.000000000000000000, 0.0000000000000000000, -0.0000000000000000000 ) ) ;
#4931 = DIRECTION ( 'NONE',  ( 1.000000000000000000, 0.0000000000000000000, 0.0000000000000000000 ) ) ;
#4932 = CYLINDRICAL_SURFACE ( 'NONE', #2487, 1.003444069194000100 ) ;
#4933 = ORIENTED_EDGE ( 'NONE', *, *, #2436, .F. ) ;
#4934 = DIRECTION ( 'NONE',  ( 0.0000000000000000000, 0.0000000000000000000, -1.000000000000000000 ) ) ;
#4935 = ORIENTED_EDGE ( 'NONE', *, *, #5881, .T. ) ;
#4936 = DIRECTION ( 'NONE',  ( 0.0000000000000000000, 0.0000000000000000000, -1.000000000000000000 ) ) ;
#4937 = CARTESIAN_POINT ( 'NONE',  ( -3.722003062061065100, 5.400000000000002100, 12.26166153082826000 ) ) ;
#4938 = AXIS2_PLACEMENT_3D ( 'NONE', #6152, #6260, #6292 ) ;
#4939 = ORIENTED_EDGE ( 'NONE', *, *, #2914, .T. ) ;
#4940 = ADVANCED_FACE ( 'NONE', ( #5989 ), #2636, .F. ) ;
#4941 = EDGE_CURVE ( 'NONE', #7979, #4808, #7642, .T. ) ;
#4942 = CARTESIAN_POINT ( 'NONE',  ( 0.5749999999999997300, 2.946173311192998400, 9.650282197134000500 ) ) ;
#4943 = CARTESIAN_POINT ( 'NONE',  ( -0.5496581763550764100, 6.250000000000000000, -4.219387861305769100 ) ) ;
#4944 = ORIENTED_EDGE ( 'NONE', *, *, #1759, .F. ) ;
#4945 = DIRECTION ( 'NONE',  ( -1.000000000000000000, 0.0000000000000000000, 0.0000000000000000000 ) ) ;
#4946 = ORIENTED_EDGE ( 'NONE', *, *, #7734, .T. ) ;
#4947 = EDGE_CURVE ( 'NONE', #5671, #2320, #888, .T. ) ;
#4948 = ORIENTED_EDGE ( 'NONE', *, *, #67, .F. ) ;
#4949 = DIRECTION ( 'NONE',  ( 0.0000000000000000000, 1.000000000000000000, -0.0000000000000000000 ) ) ;
#4950 = DIRECTION ( 'NONE',  ( 0.0000000000000000000, 0.0000000000000000000, -1.000000000000000000 ) ) ;
#4951 = VECTOR ( 'NONE', #4403, 1000.000000000000000 ) ;
#4952 = DIRECTION ( 'NONE',  ( 0.0000000000000000000, -1.000000000000000000, 0.0000000000000000000 ) ) ;
#4953 = ORIENTED_EDGE ( 'NONE', *, *, #663, .T. ) ;
#4954 = ORIENTED_EDGE ( 'NONE', *, *, #7020, .T. ) ;
#4955 = CARTESIAN_POINT ( 'NONE',  ( 2.999722976262960000, -8.099989119729935200, 0.2670188568740744500 ) ) ;
#4956 = ORIENTED_EDGE ( 'NONE', *, *, #5015, .T. ) ;
#4957 = EDGE_CURVE ( 'NONE', #2320, #4770, #5371, .T. ) ;
#4958 = CIRCLE ( 'NONE', #7359, 4.099999999999999600 ) ;
#4959 = DIRECTION ( 'NONE',  ( 0.0000000000000000000, 0.0000000000000000000, 1.000000000000000000 ) ) ;
#4960 = CARTESIAN_POINT ( 'NONE',  ( -4.850000000000000500, 1.749999999999999800, 7.450000000000000200 ) ) ;
#4961 = LINE ( 'NONE', #6863, #3311 ) ;
#4962 = ORIENTED_EDGE ( 'NONE', *, *, #2343, .F. ) ;
#4963 = ORIENTED_EDGE ( 'NONE', *, *, #108, .T. ) ;
#4964 = ADVANCED_FACE ( 'NONE', ( #4313 ), #8081, .T. ) ;
#4965 = EDGE_LOOP ( 'NONE', ( #3067, #7313, #612, #4420 ) ) ;
#4966 = DIRECTION ( 'NONE',  ( -0.0000000000000000000, 1.000000000000000000, -0.0000000000000000000 ) ) ;
#4967 = PLANE ( 'NONE',  #687 ) ;
#4968 = DIRECTION ( 'NONE',  ( 0.0000000000000000000, -1.000000000000000000, 0.0000000000000000000 ) ) ;
#4969 = CARTESIAN_POINT ( 'NONE',  ( 2.899999999999999900, 3.246173311193000000, 13.19999999999999900 ) ) ;
#4970 = CARTESIAN_POINT ( 'NONE',  ( -3.000000000000000000, -1.346000000000000100, 4.200000000000000200 ) ) ;
#4971 = DIRECTION ( 'NONE',  ( 0.0000000000000000000, 0.0000000000000000000, -1.000000000000000000 ) ) ;
#4972 = AXIS2_PLACEMENT_3D ( 'NONE', #6025, #2892, #7262 ) ;
#4973 = DIRECTION ( 'NONE',  ( 0.0000000000000000000, 0.0000000000000000000, -1.000000000000000000 ) ) ;
#4974 = EDGE_CURVE ( 'NONE', #4770, #170, #2418, .T. ) ;
#4975 = EDGE_LOOP ( 'NONE', ( #7594, #689, #4491, #5303 ) ) ;
#4976 = VECTOR ( 'NONE', #22, 1000.000000000000000 ) ;
#4977 = CARTESIAN_POINT ( 'NONE',  ( 4.950000000000000200, 2.750000001032400400, 8.349999999999999600 ) ) ;
#4978 = DIRECTION ( 'NONE',  ( -0.0000000000000000000, -0.0000000000000000000, 1.000000000000000000 ) ) ;
#4979 = ORIENTED_EDGE ( 'NONE', *, *, #162, .T. ) ;
#4980 = ADVANCED_FACE ( 'NONE', ( #5801 ), #3934, .T. ) ;
#4981 = DIRECTION ( 'NONE',  ( 0.0000000000000000000, 0.0000000000000000000, 1.000000000000000000 ) ) ;
#4982 = ORIENTED_EDGE ( 'NONE', *, *, #6145, .F. ) ;
#4983 = CIRCLE ( 'NONE', #2975, 0.7000000000000000700 ) ;
#4984 = ORIENTED_EDGE ( 'NONE', *, *, #5285, .F. ) ;
#4985 = LINE ( 'NONE', #1474, #1424 ) ;
#4986 = AXIS2_PLACEMENT_3D ( 'NONE', #3465, #3432, #3501 ) ;
#4987 = CARTESIAN_POINT ( 'NONE',  ( -4.549999999999999800, 0.0000000000000000000, 9.900000000000000400 ) ) ;
#4988 = DIRECTION ( 'NONE',  ( 0.0000000000000000000, 0.0000000000000000000, -1.000000000000000000 ) ) ;
#4989 = ORIENTED_EDGE ( 'NONE', *, *, #1513, .F. ) ;
#4990 = EDGE_CURVE ( 'NONE', #4888, #4808, #7237, .T. ) ;
#4991 = VECTOR ( 'NONE', #184, 1000.000000000000000 ) ;
#4992 = CARTESIAN_POINT ( 'NONE',  ( -3.000000000000000400, 4.700000000000000200, 2.500000000000000000 ) ) ;
#4993 = CIRCLE ( 'NONE', #3383, 0.5999999999999999800 ) ;
#4994 = ORIENTED_EDGE ( 'NONE', *, *, #1298, .T. ) ;
#4995 = VECTOR ( 'NONE', #3082, 1000.000000000000000 ) ;
#4996 = DIRECTION ( 'NONE',  ( 0.0000000000000000000, 0.0000000000000000000, 1.000000000000000000 ) ) ;
#4997 = LINE ( 'NONE', #2081, #6446 ) ;
#4998 = AXIS2_PLACEMENT_3D ( 'NONE', #2839, #7207, #3507 ) ;
#4999 = CARTESIAN_POINT ( 'NONE',  ( -4.950000000000000200, 2.149999999999999000, 7.450000000000000200 ) ) ;
#5000 = DIRECTION ( 'NONE',  ( 0.9993785024637752400, 0.0000000000000000000, 0.03525065691957832100 ) ) ;
#5001 = EDGE_LOOP ( 'NONE', ( #7194, #7817, #7699, #6421, #4671, #5764 ) ) ;
#5002 = LINE ( 'NONE', #281, #4791 ) ;
#5003 = CARTESIAN_POINT ( 'NONE',  ( 4.549999999999999800, 4.099999999999999600, 3.399999999999999900 ) ) ;
#5004 = DIRECTION ( 'NONE',  ( 0.0000000000000000000, 0.0000000000000000000, 1.000000000000000000 ) ) ;
#5005 = ORIENTED_EDGE ( 'NONE', *, *, #1879, .T. ) ;
#5006 = LINE ( 'NONE', #6130, #3145 ) ;
#5007 = DIRECTION ( 'NONE',  ( 1.000000000000000000, -0.0000000000000000000, 0.0000000000000000000 ) ) ;
#5008 = CARTESIAN_POINT ( 'NONE',  ( 4.850000000000000500, 1.749999999999999800, 8.035786438159698600 ) ) ;
#5009 = ORIENTED_EDGE ( 'NONE', *, *, #2142, .T. ) ;
#5010 = DIRECTION ( 'NONE',  ( 0.0000000000000000000, 0.0000000000000000000, -1.000000000000000000 ) ) ;
#5011 = DIRECTION ( 'NONE',  ( -1.000000000000000000, -0.0000000000000000000, -0.0000000000000000000 ) ) ;
#5012 = CARTESIAN_POINT ( 'NONE',  ( -3.446000000000000200, -1.600000000000000300, 4.475847386234395500 ) ) ;
#5013 = ORIENTED_EDGE ( 'NONE', *, *, #5693, .F. ) ;
#5014 = ADVANCED_FACE ( 'NONE', ( #2179 ), #4409, .T. ) ;
#5015 = EDGE_CURVE ( 'NONE', #6069, #4518, #7037, .T. ) ;
#5016 = CIRCLE ( 'NONE', #6916, 1.003444069194000100 ) ;
#5017 = FACE_OUTER_BOUND ( 'NONE', #5429, .T. ) ;
#5018 = ORIENTED_EDGE ( 'NONE', *, *, #8433, .T. ) ;
#5019 = DIRECTION ( 'NONE',  ( 0.9428090415820780100, 0.0000000000000000000, 0.3333333333332922400 ) ) ;
#5020 = ORIENTED_EDGE ( 'NONE', *, *, #8199, .F. ) ;
#5021 = VECTOR ( 'NONE', #5498, 1000.000000000000000 ) ;
#5022 = DIRECTION ( 'NONE',  ( 0.0000000000000000000, 0.0000000000000000000, 1.000000000000000000 ) ) ;
#5023 = DIRECTION ( 'NONE',  ( 0.0000000000000000000, -1.000000000000000000, -0.0000000000000000000 ) ) ;
#5024 = LINE ( 'NONE', #7661, #6834 ) ;
#5025 = ORIENTED_EDGE ( 'NONE', *, *, #1488, .F. ) ;
#5026 = AXIS2_PLACEMENT_3D ( 'NONE', #7784, #575, #5330 ) ;
#5027 = VECTOR ( 'NONE', #4693, 1000.000000000000000 ) ;
#5028 =( BOUNDED_CURVE ( )  B_SPLINE_CURVE ( 3, ( #2379, #2912, #6341, #7613 ),
 .UNSPECIFIED., .F., .F. ) 
 B_SPLINE_CURVE_WITH_KNOTS ( ( 4, 4 ),
 ( 0.5220553790833478700, 1.000000000000000000 ),
 .UNSPECIFIED. ) 
 CURVE ( )  GEOMETRIC_REPRESENTATION_ITEM ( )  RATIONAL_B_SPLINE_CURVE ( ( 1.000000000000000000, 0.8207832938004227000, 0.8207832938004227000, 1.000000000000000000 ) ) 
 REPRESENTATION_ITEM ( '' )  );
#5029 = ADVANCED_FACE ( 'NONE', ( #5410 ), #6210, .T. ) ;
#5030 = EDGE_LOOP ( 'NONE', ( #6137, #1834, #5707, #7961 ) ) ;
#5031 = CARTESIAN_POINT ( 'NONE',  ( 4.850000000000000500, 8.414624765331540200, 9.904999999997016900 ) ) ;
#5032 = CARTESIAN_POINT ( 'NONE',  ( 0.4500000000000000700, 2.946173311192998400, 9.377564394267999100 ) ) ;
#5033 = VECTOR ( 'NONE', #8066, 1000.000000000000000 ) ;
#5034 = AXIS2_PLACEMENT_3D ( 'NONE', #5399, #5368, #5073 ) ;
#5035 = DIRECTION ( 'NONE',  ( 0.0000000000000000000, 0.0000000000000000000, -1.000000000000000000 ) ) ;
#5036 = VECTOR ( 'NONE', #291, 1000.000000000000000 ) ;
#5037 = ORIENTED_EDGE ( 'NONE', *, *, #2012, .F. ) ;
#5038 = DIRECTION ( 'NONE',  ( 1.000000000000000000, 0.0000000000000000000, 0.0000000000000000000 ) ) ;
#5039 = EDGE_LOOP ( 'NONE', ( #6988, #1510, #5332, #8126 ) ) ;
#5040 = DIRECTION ( 'NONE',  ( 0.0000000000000000000, 0.0000000000000000000, 1.000000000000000000 ) ) ;
#5041 = AXIS2_PLACEMENT_3D ( 'NONE', #3669, #3786, #3601 ) ;
#5042 = EDGE_CURVE ( 'NONE', #3425, #7310, #1949, .T. ) ;
#5043 = ORIENTED_EDGE ( 'NONE', *, *, #6591, .T. ) ;
#5044 = ORIENTED_EDGE ( 'NONE', *, *, #1005, .F. ) ;
#5045 = EDGE_CURVE ( 'NONE', #5802, #4888, #3758, .T. ) ;
#5046 = EDGE_CURVE ( 'NONE', #4249, #5572, #8426, .T. ) ;
#5047 = DIRECTION ( 'NONE',  ( 1.000000000000000000, 0.0000000000000000000, -0.0000000000000000000 ) ) ;
#5048 = AXIS2_PLACEMENT_3D ( 'NONE', #2781, #8346, #582 ) ;
#5049 = VERTEX_POINT ( 'NONE', #7611 ) ;
#5050 = DIRECTION ( 'NONE',  ( 0.0000000000000000000, 0.0000000000000000000, -1.000000000000000000 ) ) ;
#5051 = ORIENTED_EDGE ( 'NONE', *, *, #2306, .F. ) ;
#5052 = DIRECTION ( 'NONE',  ( 1.000000000000000000, 0.0000000000000000000, -0.0000000000000000000 ) ) ;
#5053 = CIRCLE ( 'NONE', #7636, 0.2999999999999999300 ) ;
#5054 = ADVANCED_FACE ( 'NONE', ( #5607 ), #1866, .F. ) ;
#5055 = CARTESIAN_POINT ( 'NONE',  ( 0.0000000000000000000, -16.24500000000000100, 3.049999999999999800 ) ) ;
#5056 = DIRECTION ( 'NONE',  ( 0.0000000000000000000, -1.000000000000000000, -0.0000000000000000000 ) ) ;
#5057 = VERTEX_POINT ( 'NONE', #3291 ) ;
#5058 = PLANE ( 'NONE',  #6961 ) ;
#5059 = VERTEX_POINT ( 'NONE', #5769 ) ;
#5060 = ORIENTED_EDGE ( 'NONE', *, *, #1467, .T. ) ;
#5061 = DIRECTION ( 'NONE',  ( 0.0000000000000000000, 0.0000000000000000000, 1.000000000000000000 ) ) ;
#5062 = EDGE_CURVE ( 'NONE', #6516, #3606, #8249, .T. ) ;
#5063 = AXIS2_PLACEMENT_3D ( 'NONE', #8440, #4800, #715 ) ;
#5064 = AXIS2_PLACEMENT_3D ( 'NONE', #6632, #6608, #6317 ) ;
#5065 = CARTESIAN_POINT ( 'NONE',  ( 0.0000000000000000000, 9.000000000000001800, 0.0000000000000000000 ) ) ;
#5066 = CARTESIAN_POINT ( 'NONE',  ( 4.850000000000000500, 0.1000000000000000100, 9.900000000000000400 ) ) ;
#5067 = ORIENTED_EDGE ( 'NONE', *, *, #2170, .F. ) ;
#5068 = CIRCLE ( 'NONE', #6716, 0.2999999999999999300 ) ;
#5069 = CARTESIAN_POINT ( 'NONE',  ( -4.829943704913076500, 5.400000000001717200, 13.67549717546540200 ) ) ;
#5070 = EDGE_LOOP ( 'NONE', ( #2913, #6917, #1405, #5632 ) ) ;
#5071 = ORIENTED_EDGE ( 'NONE', *, *, #8385, .T. ) ;
#5072 = ADVANCED_FACE ( 'NONE', ( #3563 ), #3897, .F. ) ;
#5073 = DIRECTION ( 'NONE',  ( 0.0000000000000000000, 0.0000000000000000000, 1.000000000000000000 ) ) ;
#5074 = EDGE_CURVE ( 'NONE', #3606, #3425, #5024, .T. ) ;
#5075 = DIRECTION ( 'NONE',  ( 0.0000000000000000000, -1.000000000000000000, 0.0000000000000000000 ) ) ;
#5076 = ORIENTED_EDGE ( 'NONE', *, *, #1329, .T. ) ;
#5077 = VERTEX_POINT ( 'NONE', #3317 ) ;
#5078 = VECTOR ( 'NONE', #256, 1000.000000000000000 ) ;
#5079 = DIRECTION ( 'NONE',  ( 0.0000000000000000000, 1.000000000000000000, 0.0000000000000000000 ) ) ;
#5080 = VERTEX_POINT ( 'NONE', #8222 ) ;
#5081 = CARTESIAN_POINT ( 'NONE',  ( 0.0000000000000000000, -1.100000000000000300, 0.0000000000000000000 ) ) ;
#5082 = VERTEX_POINT ( 'NONE', #4531 ) ;
#5083 = DIRECTION ( 'NONE',  ( 1.000000000000000000, 0.0000000000000000000, -0.0000000000000000000 ) ) ;
#5084 = CIRCLE ( 'NONE', #3159, 0.7000000000000000700 ) ;
#5085 = DIRECTION ( 'NONE',  ( -1.000000000000000000, -0.0000000000000000000, 0.0000000000000000000 ) ) ;
#5086 = EDGE_LOOP ( 'NONE', ( #8085, #2958, #5544, #530 ) ) ;
#5087 = LINE ( 'NONE', #2695, #6527 ) ;
#5088 = CARTESIAN_POINT ( 'NONE',  ( -2.100000000000000100, 3.246173311193000000, 13.19999999999999900 ) ) ;
#5089 = AXIS2_PLACEMENT_3D ( 'NONE', #3416, #7758, #4020 ) ;
#5090 = EDGE_CURVE ( 'NONE', #4354, #841, #6471, .T. ) ;
#5091 = ORIENTED_EDGE ( 'NONE', *, *, #781, .T. ) ;
#5092 = LINE ( 'NONE', #4511, #4877 ) ;
#5093 = ORIENTED_EDGE ( 'NONE', *, *, #1279, .T. ) ;
#5094 = VECTOR ( 'NONE', #3833, 1000.000000000000000 ) ;
#5095 = ORIENTED_EDGE ( 'NONE', *, *, #112, .F. ) ;
#5096 = VECTOR ( 'NONE', #8431, 1000.000000000000000 ) ;
#5097 = CARTESIAN_POINT ( 'NONE',  ( 4.950000000000000200, 2.208578643762691300, -3.417157287525380400 ) ) ;
#5098 = EDGE_CURVE ( 'NONE', #556, #7793, #3907, .T. ) ;
#5099 = CARTESIAN_POINT ( 'NONE',  ( -18.87591023243999900, 9.000000000000000000, 9.900000000000000400 ) ) ;
#5100 = ADVANCED_FACE ( 'NONE', ( #3161 ), #4563, .F. ) ;
#5101 = ORIENTED_EDGE ( 'NONE', *, *, #6318, .F. ) ;
#5102 = VECTOR ( 'NONE', #2483, 1000.000000000000000 ) ;
#5103 = ORIENTED_EDGE ( 'NONE', *, *, #1806, .F. ) ;
#5104 = VECTOR ( 'NONE', #5993, 1000.000000000000000 ) ;
#5105 = CARTESIAN_POINT ( 'NONE',  ( 0.8700000000003244000, 4.049999999999999800, -0.5000000000000490700 ) ) ;
#5106 = AXIS2_PLACEMENT_3D ( 'NONE', #953, #690, #659 ) ;
#5107 = EDGE_CURVE ( 'NONE', #2114, #6407, #8082, .T. ) ;
#5108 = CARTESIAN_POINT ( 'NONE',  ( -4.908578643762689700, 1.749999999999999600, -3.500000000000000000 ) ) ;
#5109 = ORIENTED_EDGE ( 'NONE', *, *, #4873, .F. ) ;
#5110 = DIRECTION ( 'NONE',  ( -0.0000000000000000000, -1.000000000000000000, -0.0000000000000000000 ) ) ;
#5111 = VECTOR ( 'NONE', #315, 1000.000000000000000 ) ;
#5112 = ORIENTED_EDGE ( 'NONE', *, *, #3654, .F. ) ;
#5113 = ADVANCED_FACE ( 'NONE', ( #1468 ), #1970, .T. ) ;
#5114 = FACE_OUTER_BOUND ( 'NONE', #4601, .T. ) ;
#5115 = PLANE ( 'NONE',  #6867 ) ;
#5116 = CARTESIAN_POINT ( 'NONE',  ( -0.5867983187777693300, 6.399992209528957000, -3.123073221531582600 ) ) ;
#5117 = CARTESIAN_POINT ( 'NONE',  ( 0.5496581763550764100, 6.250000000000000000, -4.180612138694232100 ) ) ;
#5118 = FACE_OUTER_BOUND ( 'NONE', #5898, .T. ) ;
#5119 = ORIENTED_EDGE ( 'NONE', *, *, #4590, .F. ) ;
#5120 = VECTOR ( 'NONE', #4882, 1000.000000000000000 ) ;
#5121 = DIRECTION ( 'NONE',  ( 0.0000000000000000000, 0.0000000000000000000, 1.000000000000000000 ) ) ;
#5122 = ORIENTED_EDGE ( 'NONE', *, *, #4610, .T. ) ;
#5123 = VECTOR ( 'NONE', #741, 1000.000000000000000 ) ;
#5124 = LINE ( 'NONE', #1704, #1350 ) ;
#5125 = ORIENTED_EDGE ( 'NONE', *, *, #330, .T. ) ;
#5126 = LINE ( 'NONE', #4384, #4606 ) ;
#5128 = ORIENTED_EDGE ( 'NONE', *, *, #7472, .T. ) ;
#5127 = AXIS2_PLACEMENT_3D ( 'NONE', #6843, #5035, #985 ) ;
#5129 = FACE_OUTER_BOUND ( 'NONE', #1969, .T. ) ;
#5130 = VECTOR ( 'NONE', #4674, 1000.000000000000000 ) ;
#5131 = ORIENTED_EDGE ( 'NONE', *, *, #5994, .T. ) ;
#5132 = ORIENTED_EDGE ( 'NONE', *, *, #733, .T. ) ;
#5133 = DIRECTION ( 'NONE',  ( -0.0000000000000000000, 1.000000000000000000, -0.0000000000000000000 ) ) ;
#5134 = DIRECTION ( 'NONE',  ( 8.673617379884037000E-015, 0.0000000000000000000, 1.000000000000000000 ) ) ;
#5135 = AXIS2_PLACEMENT_3D ( 'NONE', #5781, #6399, #2626 ) ;
#5136 = LINE ( 'NONE', #6578, #1604 ) ;
#5137 = VERTEX_POINT ( 'NONE', #1218 ) ;
#5138 = ADVANCED_FACE ( 'NONE', ( #1241 ), #4604, .F. ) ;
#5139 = DIRECTION ( 'NONE',  ( 0.0000000000000000000, 1.000000000000000000, -0.0000000000000000000 ) ) ;
#5140 = AXIS2_PLACEMENT_3D ( 'NONE', #5066, #5011, #4950 ) ;
#5141 = EDGE_CURVE ( 'NONE', #8035, #3538, #6283, .T. ) ;
#5142 = CARTESIAN_POINT ( 'NONE',  ( -0.7489158714129632300, 6.338579685423336900, -2.825545556394005100 ) ) ;
#5143 = CARTESIAN_POINT ( 'NONE',  ( -4.850000000000000500, 7.400000000000000400, -5.500000000000000000 ) ) ;
#5144 = EDGE_LOOP ( 'NONE', ( #4328, #3956, #1767, #5634 ) ) ;
#5145 = ORIENTED_EDGE ( 'NONE', *, *, #1974, .T. ) ;
#5146 = EDGE_LOOP ( 'NONE', ( #7389, #2854, #6837, #1286 ) ) ;
#5147 = AXIS2_PLACEMENT_3D ( 'NONE', #3640, #3610, #3554 ) ;
#5148 = ADVANCED_FACE ( 'NONE', ( #7912 ), #2678, .T. ) ;
#5149 = ORIENTED_EDGE ( 'NONE', *, *, #2006, .T. ) ;
#5150 = EDGE_CURVE ( 'NONE', #7572, #5802, #1012, .T. ) ;
#5151 = ORIENTED_EDGE ( 'NONE', *, *, #5301, .F. ) ;
#5152 = VECTOR ( 'NONE', #5056, 1000.000000000000000 ) ;
#5153 = CARTESIAN_POINT ( 'NONE',  ( 2.049999999999999800, 38.46135999999999900, 9.377564394267999100 ) ) ;
#5154 = DIRECTION ( 'NONE',  ( 0.0000000000000000000, -1.000000000000000000, 0.0000000000000000000 ) ) ;
#5155 = ORIENTED_EDGE ( 'NONE', *, *, #5729, .F. ) ;
#5156 = DIRECTION ( 'NONE',  ( -0.0000000000000000000, -1.000000000000000000, -0.0000000000000000000 ) ) ;
#5157 = ORIENTED_EDGE ( 'NONE', *, *, #1839, .T. ) ;
#5158 = ORIENTED_EDGE ( 'NONE', *, *, #1027, .T. ) ;
#5159 = DIRECTION ( 'NONE',  ( 0.0000000000000000000, 0.0000000000000000000, 1.000000000000000000 ) ) ;
#5160 = VECTOR ( 'NONE', #4978, 1000.000000000000000 ) ;
#5161 = DIRECTION ( 'NONE',  ( 0.0000000000000000000, 1.000000000000000000, 0.0000000000000000000 ) ) ;
#5162 = DIRECTION ( 'NONE',  ( 0.0000000000000000000, -1.000000000000000000, 0.0000000000000000000 ) ) ;
#5163 = DIRECTION ( 'NONE',  ( 0.0000000000000000000, 0.0000000000000000000, -1.000000000000000000 ) ) ;
#5164 = ORIENTED_EDGE ( 'NONE', *, *, #2024, .F. ) ;
#5165 = EDGE_CURVE ( 'NONE', #5049, #3104, #2936, .T. ) ;
#5166 = ORIENTED_EDGE ( 'NONE', *, *, #3574, .F. ) ;
#5167 = CARTESIAN_POINT ( 'NONE',  ( -4.270987516473000200, 5.400000000000002100, 12.39510061684000100 ) ) ;
#5168 = DIRECTION ( 'NONE',  ( 0.0000000000000000000, 0.0000000000000000000, -1.000000000000000000 ) ) ;
#5169 = CARTESIAN_POINT ( 'NONE',  ( 3.000000000000000000, 0.0000000000000000000, 4.200000000000000200 ) ) ;
#5170 = CIRCLE ( 'NONE', #7052, 4.099999999999999600 ) ;
#5171 = DIRECTION ( 'NONE',  ( -0.0000000000000000000, 1.000000000000000000, 0.0000000000000000000 ) ) ;
#5172 = ORIENTED_EDGE ( 'NONE', *, *, #4339, .F. ) ;
#5173 = VERTEX_POINT ( 'NONE', #8343 ) ;
#5174 = AXIS2_PLACEMENT_3D ( 'NONE', #6695, #7026, #6873 ) ;
#5175 = CARTESIAN_POINT ( 'NONE',  ( -3.000000000000000000, 4.049999999999999800, 2.500000000000000000 ) ) ;
#5176 = VECTOR ( 'NONE', #3995, 1000.000000000000000 ) ;
#5177 = ORIENTED_EDGE ( 'NONE', *, *, #6291, .F. ) ;
#5178 = LINE ( 'NONE', #1571, #1903 ) ;
#5179 = DIRECTION ( 'NONE',  ( -0.9976004757977950900, 0.0000000000000000000, 0.06923359508224827300 ) ) ;
#5180 = CARTESIAN_POINT ( 'NONE',  ( -2.049999999999999800, 2.946173311192998400, 9.377564394267999100 ) ) ;
#5181 = CARTESIAN_POINT ( 'NONE',  ( -4.949999999999999300, 8.299999999999988300, 8.349999999999996100 ) ) ;
#5182 = ORIENTED_EDGE ( 'NONE', *, *, #7352, .T. ) ;
#5183 = CARTESIAN_POINT ( 'NONE',  ( 2.899999999999999900, 2.946173311193000200, 9.923000000000000000 ) ) ;
#5184 = VECTOR ( 'NONE', #7225, 1000.000000000000100 ) ;
#5185 = CYLINDRICAL_SURFACE ( 'NONE', #3014, 0.1000000000000002600 ) ;
#5186 = LINE ( 'NONE', #3813, #5094 ) ;
#5187 = CARTESIAN_POINT ( 'NONE',  ( -3.388763160061588400, -1.600000000000001200, 3.630759807894149600 ) ) ;
#5188 = EDGE_LOOP ( 'NONE', ( #4199, #8027, #2883, #6709 ) ) ;
#5189 = LINE ( 'NONE', #2579, #3131 ) ;
#5190 = EDGE_CURVE ( 'NONE', #3104, #1941, #6083, .T. ) ;
#5191 = ORIENTED_EDGE ( 'NONE', *, *, #4151, .F. ) ;
#5192 = ADVANCED_FACE ( 'NONE', ( #7738 ), #2522, .T. ) ;
#5193 = DIRECTION ( 'NONE',  ( 0.9428090415776020400, 0.0000000000000000000, 0.3333333333459519400 ) ) ;
#5194 = EDGE_CURVE ( 'NONE', #4559, #7572, #4219, .T. ) ;
#5195 = LINE ( 'NONE', #164, #5482 ) ;
#5196 = DIRECTION ( 'NONE',  ( 0.0000000000000000000, 0.0000000000000000000, -1.000000000000000000 ) ) ;
#5197 = CARTESIAN_POINT ( 'NONE',  ( 0.5000000000000000000, 4.049999999999999800, -2.500000000000000000 ) ) ;
#5198 = ORIENTED_EDGE ( 'NONE', *, *, #7281, .F. ) ;
#5199 = VECTOR ( 'NONE', #4853, 1000.000000000000000 ) ;
#5200 = ORIENTED_EDGE ( 'NONE', *, *, #8199, .T. ) ;
#5201 = CIRCLE ( 'NONE', #2098, 0.2999999999999999300 ) ;
#5202 = VERTEX_POINT ( 'NONE', #5948 ) ;
#5203 = CARTESIAN_POINT ( 'NONE',  ( -1.749999999999999800, 2.946173311193000200, 6.299999999999999800 ) ) ;
#5204 = UNCERTAINTY_MEASURE_WITH_UNIT (LENGTH_MEASURE( 1.000000000000000100E-005 ), #6678, 'distance_accuracy_value', 'NONE');
#5205 = LINE ( 'NONE', #3132, #8242 ) ;
#5206 = EDGE_CURVE ( 'NONE', #463, #4559, #2730, .T. ) ;
#5207 = DIRECTION ( 'NONE',  ( 0.0000000000000000000, 1.000000000000000000, -0.0000000000000000000 ) ) ;
#5208 = DIRECTION ( 'NONE',  ( 0.0000000000000000000, 0.0000000000000000000, 1.000000000000000000 ) ) ;
#5209 = FACE_OUTER_BOUND ( 'NONE', #6940, .T. ) ;
#5210 = ORIENTED_EDGE ( 'NONE', *, *, #2834, .F. ) ;
#5211 = EDGE_LOOP ( 'NONE', ( #5969, #2628, #6547, #924 ) ) ;
#5212 = PLANE ( 'NONE',  #2021 ) ;
#5213 = CARTESIAN_POINT ( 'NONE',  ( -0.8700000000003002000, 4.700000000000000200, -0.5000000000000000000 ) ) ;
#5214 = EDGE_CURVE ( 'NONE', #1941, #7603, #5897, .T. ) ;
#5215 = AXIS2_PLACEMENT_3D ( 'NONE', #5859, #5238, #1236 ) ;
#5216 = FACE_OUTER_BOUND ( 'NONE', #6946, .T. ) ;
#5217 = CARTESIAN_POINT ( 'NONE',  ( -3.726709602547078900, -1.346000000000000100, 3.839396932506244900 ) ) ;
#5218 = VECTOR ( 'NONE', #6311, 1000.000000000000000 ) ;
#5219 = VECTOR ( 'NONE', #4435, 1000.000000000000000 ) ;
#5220 = ORIENTED_EDGE ( 'NONE', *, *, #1475, .T. ) ;
#5221 = VECTOR ( 'NONE', #7427, 1000.000000000000000 ) ;
#5222 = DIRECTION ( 'NONE',  ( -1.000000000000000000, 0.0000000000000000000, -0.0000000000000000000 ) ) ;
#5223 = DIRECTION ( 'NONE',  ( 0.0000000000000000000, -1.000000000000000000, 0.0000000000000000000 ) ) ;
#5224 = CYLINDRICAL_SURFACE ( 'NONE', #5326, 0.2999999999999999300 ) ;
#5225 = VERTEX_POINT ( 'NONE', #5358 ) ;
#5226 = EDGE_CURVE ( 'NONE', #2667, #5049, #4026, .T. ) ;
#5227 = ORIENTED_EDGE ( 'NONE', *, *, #887, .F. ) ;
#5228 = CARTESIAN_POINT ( 'NONE',  ( 3.722003062068319800, 7.400000000000000400, 12.26166153081587100 ) ) ;
#5229 = ORIENTED_EDGE ( 'NONE', *, *, #5558, .F. ) ;
#5230 = CARTESIAN_POINT ( 'NONE',  ( 4.950000000000000200, 2.750000000000000000, 8.050000000000000700 ) ) ;
#5231 = ADVANCED_FACE ( 'NONE', ( #7330 ), #5973, .F. ) ;
#5232 = VERTEX_POINT ( 'NONE', #4714 ) ;
#5233 = DIRECTION ( 'NONE',  ( -1.000000000000000000, 0.0000000000000000000, 0.0000000000000000000 ) ) ;
#5234 = AXIS2_PLACEMENT_3D ( 'NONE', #7578, #3841, #8146 ) ;
#5235 = CARTESIAN_POINT ( 'NONE',  ( 4.908578643762693300, 8.499999999999996400, 7.950000000000002000 ) ) ;
#5236 = PLANE ( 'NONE',  #3413 ) ;
#5237 = EDGE_CURVE ( 'NONE', #7603, #1423, #7549, .T. ) ;
#5238 = DIRECTION ( 'NONE',  ( 1.000000000000000000, 0.0000000000000000000, 0.0000000000000000000 ) ) ;
#5239 = ORIENTED_EDGE ( 'NONE', *, *, #319, .F. ) ;
#5240 = ORIENTED_EDGE ( 'NONE', *, *, #5473, .T. ) ;
#5241 = LINE ( 'NONE', #5609, #5152 ) ;
#5242 = CARTESIAN_POINT ( 'NONE',  ( -1.899999999999999900, 4.049999999999999800, 3.200000000000000200 ) ) ;
#5243 = DIRECTION ( 'NONE',  ( 0.0000000000000000000, -1.000000000000000000, 0.0000000000000000000 ) ) ;
#5244 = VERTEX_POINT ( 'NONE', #5382 ) ;
#5245 = DIRECTION ( 'NONE',  ( -0.0000000000000000000, -0.0000000000000000000, 1.000000000000000000 ) ) ;
#5246 = ORIENTED_EDGE ( 'NONE', *, *, #7848, .F. ) ;
#5247 = VERTEX_POINT ( 'NONE', #1392 ) ;
#5248 = CYLINDRICAL_SURFACE ( 'NONE', #7535, 0.7000000000000000700 ) ;
#5249 = EDGE_CURVE ( 'NONE', #3538, #6996, #7136, .T. ) ;
#5250 = EDGE_LOOP ( 'NONE', ( #1222, #6522, #8002, #2804, #5439, #389, #4164, #4858, #1648, #5468 ) ) ;
#5251 = VECTOR ( 'NONE', #1297, 1000.000000000000000 ) ;
#5252 = ORIENTED_EDGE ( 'NONE', *, *, #247, .F. ) ;
#5253 = ORIENTED_EDGE ( 'NONE', *, *, #4238, .T. ) ;
#5254 = CARTESIAN_POINT ( 'NONE',  ( 4.850000000000000500, 0.0000000000000000000, 10.00000000000000000 ) ) ;
#5255 = AXIS2_PLACEMENT_3D ( 'NONE', #1699, #6840, #3138 ) ;
#5256 = DIRECTION ( 'NONE',  ( 0.0000000000000000000, 0.0000000000000000000, 1.000000000000000000 ) ) ;
#5257 = CARTESIAN_POINT ( 'NONE',  ( 2.950000000000000200, 3.246173311193000000, 9.377564394267999100 ) ) ;
#5258 = CARTESIAN_POINT ( 'NONE',  ( -4.950000000000000200, 8.000000000621998500, 8.349999999999997900 ) ) ;
#5259 = ORIENTED_EDGE ( 'NONE', *, *, #4908, .F. ) ;
#5260 = CARTESIAN_POINT ( 'NONE',  ( 3.747419205390900900E-016, 0.0000000000000000000, 3.060000000000000100 ) ) ;
#5261 = CARTESIAN_POINT ( 'NONE',  ( -2.450000000000000200, 4.099999999999999600, 3.399999999999999900 ) ) ;
#5262 = ORIENTED_EDGE ( 'NONE', *, *, #4503, .T. ) ;
#5263 = LINE ( 'NONE', #6329, #3607 ) ;
#5264 = CARTESIAN_POINT ( 'NONE',  ( 0.7500000000000000000, 2.946173311192998900, 9.377564394267999100 ) ) ;
#5265 = DIRECTION ( 'NONE',  ( -0.0000000000000000000, 0.0000000000000000000, -1.000000000000000000 ) ) ;
#5266 = ORIENTED_EDGE ( 'NONE', *, *, #2258, .T. ) ;
#5267 = AXIS2_PLACEMENT_3D ( 'NONE', #7816, #4081, #8363 ) ;
#5268 = ORIENTED_EDGE ( 'NONE', *, *, #625, .F. ) ;
#5269 = ADVANCED_FACE ( 'NONE', ( #299 ), #2981, .T. ) ;
#5270 = FACE_OUTER_BOUND ( 'NONE', #3953, .T. ) ;
#5271 = ORIENTED_EDGE ( 'NONE', *, *, #7837, .T. ) ;
#5272 = VECTOR ( 'NONE', #1139, 1000.000000000000000 ) ;
#5273 = CARTESIAN_POINT ( 'NONE',  ( -4.908578643762691500, 2.749999999999999100, 8.449999999999999300 ) ) ;
#5274 = DIRECTION ( 'NONE',  ( -0.6614378277647088300, 0.0000000000000000000, -0.7500000000012688700 ) ) ;
#5275 = CARTESIAN_POINT ( 'NONE',  ( -0.4000000000000001300, 2.946173311192999300, 13.19999999999999900 ) ) ;
#5276 = PLANE ( 'NONE',  #2470 ) ;
#5277 = ORIENTED_EDGE ( 'NONE', *, *, #3574, .T. ) ;
#5278 = LINE ( 'NONE', #24, #5670 ) ;
#5279 = VERTEX_POINT ( 'NONE', #3012 ) ;
#5280 = VECTOR ( 'NONE', #3969, 1000.000000000000000 ) ;
#5281 = ORIENTED_EDGE ( 'NONE', *, *, #6656, .T. ) ;
#5282 = LINE ( 'NONE', #4059, #5096 ) ;
#5283 = AXIS2_PLACEMENT_3D ( 'NONE', #7988, #865, #5560 ) ;
#5284 = CARTESIAN_POINT ( 'NONE',  ( -4.850000000000000500, 8.514499687108999700, 10.00000000000000000 ) ) ;
#5285 = EDGE_CURVE ( 'NONE', #7603, #2878, #3839, .T. ) ;
#5286 = VERTEX_POINT ( 'NONE', #55 ) ;
#5287 = DIRECTION ( 'NONE',  ( 0.0000000000000000000, 0.0000000000000000000, -1.000000000000000000 ) ) ;
#5288 = LINE ( 'NONE', #326, #5111 ) ;
#5289 = AXIS2_PLACEMENT_3D ( 'NONE', #404, #366, #341 ) ;
#5290 = ORIENTED_EDGE ( 'NONE', *, *, #1429, .F. ) ;
#5291 = VECTOR ( 'NONE', #6122, 1000.000000000000000 ) ;
#5292 = CARTESIAN_POINT ( 'NONE',  ( -4.850000000000000500, -0.4000000000000000200, -4.599999999999999600 ) ) ;
#5293 = CARTESIAN_POINT ( 'NONE',  ( -3.722003062060000200, 7.400000000000000400, 12.26166153083000200 ) ) ;
#5294 = ORIENTED_EDGE ( 'NONE', *, *, #5626, .F. ) ;
#5295 = CARTESIAN_POINT ( 'NONE',  ( 0.0000000000000000000, -16.24500000000000100, 3.000000000000000000 ) ) ;
#5296 = FACE_OUTER_BOUND ( 'NONE', #6179, .T. ) ;
#5297 = AXIS2_PLACEMENT_3D ( 'NONE', #3740, #7684, #3660 ) ;
#5298 = ORIENTED_EDGE ( 'NONE', *, *, #804, .F. ) ;
#5299 = CARTESIAN_POINT ( 'NONE',  ( -3.000000000000000000, 1.300000000000000300, -4.850000000000001400 ) ) ;
#5300 = VECTOR ( 'NONE', #1137, 1000.000000000000000 ) ;
#5301 = EDGE_CURVE ( 'NONE', #1242, #3917, #2062, .T. ) ;
#5302 = VECTOR ( 'NONE', #632, 1000.000000000000000 ) ;
#5303 = ORIENTED_EDGE ( 'NONE', *, *, #332, .F. ) ;
#5304 = DIRECTION ( 'NONE',  ( 0.0000000000000000000, 0.0000000000000000000, -1.000000000000000000 ) ) ;
#5305 = FACE_OUTER_BOUND ( 'NONE', #2009, .T. ) ;
#5306 = DIRECTION ( 'NONE',  ( 1.000000000000000000, 0.0000000000000000000, 0.0000000000000000000 ) ) ;
#5307 = DIRECTION ( 'NONE',  ( 0.0000000000000000000, 0.0000000000000000000, 1.000000000000000000 ) ) ;
#5308 = CARTESIAN_POINT ( 'NONE',  ( -3.250000000000000400, 2.946173311193000200, 6.299999999999999800 ) ) ;
#5309 = ORIENTED_EDGE ( 'NONE', *, *, #7255, .F. ) ;
#5310 = VECTOR ( 'NONE', #7425, 1000.000000000000000 ) ;
#5311 = CIRCLE ( 'NONE', #7077, 3.049999999999999800 ) ;
#5312 = CIRCLE ( 'NONE', #3458, 3.399999999999999900 ) ;
#5313 = VERTEX_POINT ( 'NONE', #90 ) ;
#5314 = LINE ( 'NONE', #4268, #4412 ) ;
#5315 = DIRECTION ( 'NONE',  ( 0.0000000000000000000, 0.0000000000000000000, 1.000000000000000000 ) ) ;
#5316 = EDGE_LOOP ( 'NONE', ( #5946, #115, #3120, #7173 ) ) ;
#5317 = EDGE_CURVE ( 'NONE', #1167, #2484, #5703, .T. ) ;
#5318 = DIRECTION ( 'NONE',  ( 0.0000000000000000000, -0.0000000000000000000, 1.000000000000000000 ) ) ;
#5319 = ADVANCED_FACE ( 'NONE', ( #53 ), #4263, .F. ) ;
#5320 = LINE ( 'NONE', #2016, #4713 ) ;
#5321 = ORIENTED_EDGE ( 'NONE', *, *, #280, .T. ) ;
#5322 = CARTESIAN_POINT ( 'NONE',  ( 3.250000000000000400, 2.946173311192998900, 9.377564394267999100 ) ) ;
#5323 = DIRECTION ( 'NONE',  ( 0.0000000000000000000, -0.0000000000000000000, -1.000000000000000000 ) ) ;
#5324 = EDGE_CURVE ( 'NONE', #2336, #5077, #1818, .T. ) ;
#5325 = DIRECTION ( 'NONE',  ( -1.000000000000000000, -0.0000000000000000000, -0.0000000000000000000 ) ) ;
#5327 = VERTEX_POINT ( 'NONE', #2359 ) ;
#5326 = AXIS2_PLACEMENT_3D ( 'NONE', #7468, #159, #6814 ) ;
#5328 = DIRECTION ( 'NONE',  ( -0.6614378277647088300, 0.0000000000000000000, -0.7500000000012688700 ) ) ;
#5329 = DIRECTION ( 'NONE',  ( 0.0000000000000000000, 1.000000000000000000, 0.0000000000000000000 ) ) ;
#5330 = DIRECTION ( 'NONE',  ( 0.0000000000000000000, 0.7071067811865474600, -0.7071067811865474600 ) ) ;
#5331 = CIRCLE ( 'NONE', #1995, 1.003444069194000100 ) ;
#5332 = ORIENTED_EDGE ( 'NONE', *, *, #355, .F. ) ;
#5333 = EDGE_LOOP ( 'NONE', ( #6995, #2731, #6691, #1135 ) ) ;
#5334 = DIRECTION ( 'NONE',  ( 0.0000000000000000000, -1.000000000000000000, 0.0000000000000000000 ) ) ;
#5335 = CARTESIAN_POINT ( 'NONE',  ( 0.0000000000000000000, -0.4000000000000000200, 0.0000000000000000000 ) ) ;
#5336 = DIRECTION ( 'NONE',  ( 1.000000000000000000, 0.0000000000000000000, 0.0000000000000000000 ) ) ;
#5337 = EDGE_CURVE ( 'NONE', #4513, #3225, #8337, .T. ) ;
#5338 = AXIS2_PLACEMENT_3D ( 'NONE', #5343, #1355, #5957 ) ;
#5339 = VERTEX_POINT ( 'NONE', #6190 ) ;
#5340 = AXIS2_PLACEMENT_3D ( 'NONE', #6422, #6394, #6373 ) ;
#5341 = VERTEX_POINT ( 'NONE', #878 ) ;
#5342 = DIRECTION ( 'NONE',  ( -1.000000000000000000, 0.0000000000000000000, 0.0000000000000000000 ) ) ;
#5343 = CARTESIAN_POINT ( 'NONE',  ( 0.0000000000000000000, 6.250000000000000000, 4.200000000000000200 ) ) ;
#5344 = ORIENTED_EDGE ( 'NONE', *, *, #2341, .T. ) ;
#5345 = VERTEX_POINT ( 'NONE', #1630 ) ;
#5346 = DIRECTION ( 'NONE',  ( 1.000000000000000000, 0.0000000000000000000, -0.0000000000000000000 ) ) ;
#5347 = LINE ( 'NONE', #4629, #4951 ) ;
#5348 = DIRECTION ( 'NONE',  ( -0.0000000000000000000, -1.000000000000000000, -0.0000000000000000000 ) ) ;
#5349 = EDGE_CURVE ( 'NONE', #3126, #3961, #5312, .T. ) ;
#5350 = DIRECTION ( 'NONE',  ( 0.0000000000000000000, 0.0000000000000000000, 1.000000000000000000 ) ) ;
#5351 = EDGE_CURVE ( 'NONE', #5232, #8298, #3658, .T. ) ;
#5352 = ORIENTED_EDGE ( 'NONE', *, *, #6970, .F. ) ;
#5353 = ORIENTED_EDGE ( 'NONE', *, *, #1619, .T. ) ;
#5354 = CARTESIAN_POINT ( 'NONE',  ( 0.0000000000000000000, 4.700000000000000200, 0.5000000000000000000 ) ) ;
#5355 = ORIENTED_EDGE ( 'NONE', *, *, #1735, .T. ) ;
#5356 = LINE ( 'NONE', #5400, #5160 ) ;
#5357 = ADVANCED_FACE ( 'NONE', ( #1580 ), #4916, .T. ) ;
#5358 = CARTESIAN_POINT ( 'NONE',  ( 3.000000000000000000, 1.300000000000000300, 3.550000000000000700 ) ) ;
#5359 = CARTESIAN_POINT ( 'NONE',  ( -0.5122083953444424000, 6.399999999999373300, -5.281100623790891300 ) ) ;
#5360 = DIRECTION ( 'NONE',  ( 0.0000000000000000000, 1.000000000000000000, 0.0000000000000000000 ) ) ;
#5361 = ORIENTED_EDGE ( 'NONE', *, *, #1192, .F. ) ;
#5362 = ORIENTED_EDGE ( 'NONE', *, *, #7421, .F. ) ;
#5363 = CARTESIAN_POINT ( 'NONE',  ( 4.850000000000000500, 0.6155003128912000000, 9.900000000000000400 ) ) ;
#5364 = ORIENTED_EDGE ( 'NONE', *, *, #3541, .T. ) ;
#5365 = EDGE_CURVE ( 'NONE', #7125, #4065, #8165, .T. ) ;
#5366 = LINE ( 'NONE', #2154, #3426 ) ;
#5367 = LINE ( 'NONE', #5431, #4080 ) ;
#5368 = DIRECTION ( 'NONE',  ( 1.000000000000000000, -0.0000000000000000000, -0.0000000000000000000 ) ) ;
#5369 = CARTESIAN_POINT ( 'NONE',  ( -1.925000000000413500, 2.946173311192998400, 9.650282197134190600 ) ) ;
#5370 = ORIENTED_EDGE ( 'NONE', *, *, #2806, .T. ) ;
#5371 =( BOUNDED_CURVE ( )  B_SPLINE_CURVE ( 3, ( #3756, #5635, #2459, #6849 ),
 .UNSPECIFIED., .F., .F. ) 
 B_SPLINE_CURVE_WITH_KNOTS ( ( 4, 4 ),
 ( 0.0000000000000000000, 1.000000000000000000 ),
 .UNSPECIFIED. ) 
 CURVE ( )  GEOMETRIC_REPRESENTATION_ITEM ( )  RATIONAL_B_SPLINE_CURVE ( ( 1.000000000000000000, 0.8047378541243649400, 0.8047378541243649400, 1.000000000000000000 ) ) 
 REPRESENTATION_ITEM ( '' )  );
#5372 = DIRECTION ( 'NONE',  ( 1.000000000000000000, -0.0000000000000000000, 0.0000000000000000000 ) ) ;
#5373 = ORIENTED_EDGE ( 'NONE', *, *, #1646, .F. ) ;
#5374 = VECTOR ( 'NONE', #6798, 1000.000000000000000 ) ;
#5375 = DIRECTION ( 'NONE',  ( 0.0000000000000000000, 1.000000000000000000, 0.0000000000000000000 ) ) ;
#5376 = LINE ( 'NONE', #4178, #5280 ) ;
#5377 = EDGE_LOOP ( 'NONE', ( #6326, #7944, #2728, #5660, #353, #4064, #4237, #1549, #5415, #7375 ) ) ;
#5378 = LINE ( 'NONE', #5496, #8395 ) ;
#5379 = EDGE_CURVE ( 'NONE', #7590, #2199, #5124, .T. ) ;
#5380 = ORIENTED_EDGE ( 'NONE', *, *, #1126, .F. ) ;
#5381 = VECTOR ( 'NONE', #258, 1000.000000000000000 ) ;
#5382 = CARTESIAN_POINT ( 'NONE',  ( -1.899999999999999700, 4.700000000000000200, -3.200000000000000200 ) ) ;
#5383 = VECTOR ( 'NONE', #2777, 1000.000000000000000 ) ;
#5384 = LINE ( 'NONE', #3981, #5176 ) ;
#5385 = ORIENTED_EDGE ( 'NONE', *, *, #1093, .T. ) ;
#5386 = VECTOR ( 'NONE', #1583, 1000.000000000000000 ) ;
#5387 = DIRECTION ( 'NONE',  ( 0.0000000000000000000, 0.0000000000000000000, 1.000000000000000000 ) ) ;
#5388 = VERTEX_POINT ( 'NONE', #7497 ) ;
#5389 = EDGE_LOOP ( 'NONE', ( #7899, #2630, #6074, #272 ) ) ;
#5390 = DIRECTION ( 'NONE',  ( 0.0000000000000000000, -0.0000000000000000000, -1.000000000000000000 ) ) ;
#5391 = LINE ( 'NONE', #6080, #8412 ) ;
#5392 = AXIS2_PLACEMENT_3D ( 'NONE', #6064, #6032, #6008 ) ;
#5393 = CARTESIAN_POINT ( 'NONE',  ( 4.549999999999999800, 7.700000000000000200, 9.619999999999999200 ) ) ;
#5394 = EDGE_CURVE ( 'NONE', #7590, #4065, #6376, .T. ) ;
#5395 = ADVANCED_FACE ( 'NONE', ( #6566 ), #3142, .F. ) ;
#5396 = VERTEX_POINT ( 'NONE', #4375 ) ;
#5397 = ORIENTED_EDGE ( 'NONE', *, *, #1613, .F. ) ;
#5398 = CARTESIAN_POINT ( 'NONE',  ( 3.722003062066460400, 5.400000000000002100, 12.26166153082269600 ) ) ;
#5399 = CARTESIAN_POINT ( 'NONE',  ( 4.549999999999999800, 8.115000000000000200, 9.919999999999999900 ) ) ;
#5400 = CARTESIAN_POINT ( 'NONE',  ( -4.549999999999999800, 7.400000000000000400, -5.500000000000000000 ) ) ;
#5401 = LINE ( 'NONE', #2417, #3749 ) ;
#5402 = LINE ( 'NONE', #8122, #3750 ) ;
#5403 = ORIENTED_EDGE ( 'NONE', *, *, #316, .T. ) ;
#5404 = DIRECTION ( 'NONE',  ( -0.0000000000000000000, -1.000000000000000000, -0.0000000000000000000 ) ) ;
#5405 = LINE ( 'NONE', #4269, #3366 ) ;
#5406 = EDGE_CURVE ( 'NONE', #5286, #6698, #7982, .T. ) ;
#5407 = CARTESIAN_POINT ( 'NONE',  ( -0.4000000000000000200, 3.246173311193000000, 13.19999999999999900 ) ) ;
#5408 = CARTESIAN_POINT ( 'NONE',  ( 4.950000000000000200, 2.208578643762689500, 7.450000000008120800 ) ) ;
#5409 = DIRECTION ( 'NONE',  ( 0.6614378277618936400, 0.0000000000000000000, 0.7500000000037515500 ) ) ;
#5410 = FACE_OUTER_BOUND ( 'NONE', #6215, .T. ) ;
#5411 = ORIENTED_EDGE ( 'NONE', *, *, #590, .F. ) ;
#5412 = CARTESIAN_POINT ( 'NONE',  ( -0.8700000000003245100, 4.700000000000000200, 0.5000000000000488500 ) ) ;
#5413 = VECTOR ( 'NONE', #4492, 1000.000000000000100 ) ;
#5414 = AXIS2_PLACEMENT_3D ( 'NONE', #5335, #7180, #2811 ) ;
#5415 = ORIENTED_EDGE ( 'NONE', *, *, #697, .T. ) ;
#5416 = EDGE_CURVE ( 'NONE', #838, #434, #1120, .T. ) ;
#5417 = CYLINDRICAL_SURFACE ( 'NONE', #1492, 0.5999999999999998700 ) ;
#5418 = FACE_OUTER_BOUND ( 'NONE', #1716, .T. ) ;
#5419 = ORIENTED_EDGE ( 'NONE', *, *, #1335, .T. ) ;
#5420 = DIRECTION ( 'NONE',  ( 0.0000000000000000000, 0.0000000000000000000, 1.000000000000000000 ) ) ;
#5421 = VERTEX_POINT ( 'NONE', #6129 ) ;
#5422 = DIRECTION ( 'NONE',  ( 0.0000000000000000000, 1.000000000000000000, 0.0000000000000000000 ) ) ;
#5423 = ORIENTED_EDGE ( 'NONE', *, *, #4648, .F. ) ;
#5424 = EDGE_CURVE ( 'NONE', #3073, #7031, #4496, .T. ) ;
#5425 = AXIS2_PLACEMENT_3D ( 'NONE', #8179, #4481, #356 ) ;
#5426 = CARTESIAN_POINT ( 'NONE',  ( 0.0000000000000000000, 4.700000000000000200, 4.900000000000000400 ) ) ;
#5427 = EDGE_LOOP ( 'NONE', ( #3973, #6441, #1459, #5298 ) ) ;
#5428 = CARTESIAN_POINT ( 'NONE',  ( 4.400000000000000400, 0.0000000000000000000, -5.500000000000000900 ) ) ;
#5429 = EDGE_LOOP ( 'NONE', ( #4321, #6496, #6233, #5423 ) ) ;
#5430 = ADVANCED_FACE ( 'NONE', ( #6175 ), #6160, .F. ) ;
#5431 = CARTESIAN_POINT ( 'NONE',  ( 3.000000000000000000, 4.700000000000000200, 0.0000000000000000000 ) ) ;
#5432 = CARTESIAN_POINT ( 'NONE',  ( -0.5094624315082161300, 6.399992209528956100, 3.084405277896798700 ) ) ;
#5433 = ORIENTED_EDGE ( 'NONE', *, *, #7166, .T. ) ;
#5434 = CARTESIAN_POINT ( 'NONE',  ( -0.7500000000000000000, 0.0000000000000000000, 6.299999999999999800 ) ) ;
#5435 = VECTOR ( 'NONE', #4619, 1000.000000000000100 ) ;
#5436 = EDGE_LOOP ( 'NONE', ( #2682, #6610, #1049, #7398 ) ) ;
#5437 = CARTESIAN_POINT ( 'NONE',  ( 4.946590467579095900, 7.400000000000000400, 13.39815458646972800 ) ) ;
#5438 = ORIENTED_EDGE ( 'NONE', *, *, #1945, .T. ) ;
#5439 = ORIENTED_EDGE ( 'NONE', *, *, #1204, .F. ) ;
#5440 = CARTESIAN_POINT ( 'NONE',  ( -2.899999999999999900, 2.946173311193000200, 6.299999999999999800 ) ) ;
#5441 = FACE_OUTER_BOUND ( 'NONE', #4345, .T. ) ;
#5442 = CARTESIAN_POINT ( 'NONE',  ( 3.250000000000000900, 2.946173311193000200, 6.299999999999999800 ) ) ;
#5443 = ORIENTED_EDGE ( 'NONE', *, *, #827, .T. ) ;
#5444 = AXIS2_PLACEMENT_3D ( 'NONE', #3797, #3806, #3700 ) ;
#5445 = VECTOR ( 'NONE', #6456, 1000.000000000000000 ) ;
#5446 = VERTEX_POINT ( 'NONE', #3042 ) ;
#5447 = CARTESIAN_POINT ( 'NONE',  ( -3.041179433069428800, -1.600000000000001400, 3.606637457255615200 ) ) ;
#5448 = VERTEX_POINT ( 'NONE', #7397 ) ;
#5449 = CARTESIAN_POINT ( 'NONE',  ( -3.250000000000000400, 0.0000000000000000000, 6.299999999999999800 ) ) ;
#5450 = APPLICATION_CONTEXT ( 'automotive_design' ) ;
#5451 = EDGE_CURVE ( 'NONE', #7498, #93, #7826, .T. ) ;
#5452 = CARTESIAN_POINT ( 'NONE',  ( -18.87591023243999900, 1.014999999999999900, 9.619999999999999200 ) ) ;
#5453 =( BOUNDED_CURVE ( )  B_SPLINE_CURVE ( 3, ( #255, #4402, #1755, #6304 ),
 .UNSPECIFIED., .F., .F. ) 
 B_SPLINE_CURVE_WITH_KNOTS ( ( 4, 4 ),
 ( 0.0000000000000000000, 1.000000000000000000 ),
 .UNSPECIFIED. ) 
 CURVE ( )  GEOMETRIC_REPRESENTATION_ITEM ( )  RATIONAL_B_SPLINE_CURVE ( ( 1.000000000000000000, 0.3450853784151690600, 0.3450853784151690600, 1.000000000000000000 ) ) 
 REPRESENTATION_ITEM ( '' )  );
#5454 = EDGE_CURVE ( 'NONE', #7772, #961, #875, .T. ) ;
#5455 = CARTESIAN_POINT ( 'NONE',  ( 0.0000000000000000000, -0.4000000000000000200, 4.599999999999999600 ) ) ;
#5456 = VERTEX_POINT ( 'NONE', #7993 ) ;
#5457 = AXIS2_PLACEMENT_3D ( 'NONE', #8359, #7761, #7257 ) ;
#5458 = ORIENTED_EDGE ( 'NONE', *, *, #1294, .T. ) ;
#5459 = VECTOR ( 'NONE', #6864, 1000.000000000000000 ) ;
#5460 = DIRECTION ( 'NONE',  ( 0.0000000000000000000, 1.000000000000000000, 0.0000000000000000000 ) ) ;
#5461 = EDGE_CURVE ( 'NONE', #5232, #7508, #7637, .T. ) ;
#5462 = DIRECTION ( 'NONE',  ( 0.03525065691957913300, 0.0000000000000000000, -0.9993785024637753500 ) ) ;
#5463 = CARTESIAN_POINT ( 'NONE',  ( 0.5094624315082161300, 6.399992209528956100, 5.315594722103203800 ) ) ;
#5464 = ORIENTED_EDGE ( 'NONE', *, *, #1380, .T. ) ;
#5465 = EDGE_CURVE ( 'NONE', #3003, #4761, #5985, .T. ) ;
#5466 = VERTEX_POINT ( 'NONE', #4318 ) ;
#5467 = VECTOR ( 'NONE', #4051, 1000.000000000000000 ) ;
#5468 = ORIENTED_EDGE ( 'NONE', *, *, #658, .F. ) ;
#5469 = FACE_OUTER_BOUND ( 'NONE', #4462, .T. ) ;
#5470 = CARTESIAN_POINT ( 'NONE',  ( 3.250000000000000400, 3.246173311193000000, 9.377564394267999100 ) ) ;
#5471 = CARTESIAN_POINT ( 'NONE',  ( -3.250000000000000900, 3.246173311193000000, 6.299999999999999800 ) ) ;
#5472 = VERTEX_POINT ( 'NONE', #6185 ) ;
#5473 = EDGE_CURVE ( 'NONE', #5622, #777, #4304, .T. ) ;
#5474 = LINE ( 'NONE', #287, #5381 ) ;
#5475 = ADVANCED_FACE ( 'NONE', ( #3046 ), #4056, .T. ) ;
#5476 = ORIENTED_EDGE ( 'NONE', *, *, #590, .T. ) ;
#5477 = LINE ( 'NONE', #3954, #6045 ) ;
#5478 = VERTEX_POINT ( 'NONE', #6269 ) ;
#5479 = CARTESIAN_POINT ( 'NONE',  ( -2.951536488527992700, -1.494789755157235100, 4.898320333411397200 ) ) ;
#5480 = APPLICATION_PROTOCOL_DEFINITION ( 'draft international standard', 'automotive_design', 1998, #768 ) ;
#5481 = ORIENTED_EDGE ( 'NONE', *, *, #1216, .F. ) ;
#5482 = VECTOR ( 'NONE', #338, 1000.000000000000000 ) ;
#5483 = EDGE_LOOP ( 'NONE', ( #5227, #7388, #2556, #6460 ) ) ;
#5484 = DIRECTION ( 'NONE',  ( 1.000000000000000000, 0.0000000000000000000, -0.0000000000000000000 ) ) ;
#5485 = EDGE_CURVE ( 'NONE', #2342, #4768, #2627, .T. ) ;
#5486 = AXIS2_PLACEMENT_3D ( 'NONE', #5701, #1781, #6321 ) ;
#5487 = ORIENTED_EDGE ( 'NONE', *, *, #5770, .T. ) ;
#5488 = DIRECTION ( 'NONE',  ( 0.0000000000000000000, 0.0000000000000000000, -1.000000000000000000 ) ) ;
#5489 = CARTESIAN_POINT ( 'NONE',  ( -4.850000000000000500, 3.899999999999999900, -3.399999999999999900 ) ) ;
#5490 = LINE ( 'NONE', #152, #4991 ) ;
#5491 = CARTESIAN_POINT ( 'NONE',  ( -0.6995649517246269600, 6.338579685423336900, 4.175324540155846100 ) ) ;
#5492 = VERTEX_POINT ( 'NONE', #3794 ) ;
#5493 = LINE ( 'NONE', #6586, #7321 ) ;
#5494 = VERTEX_POINT ( 'NONE', #7523 ) ;
#5495 = VECTOR ( 'NONE', #271, 1000.000000000000000 ) ;
#5496 = CARTESIAN_POINT ( 'NONE',  ( 0.0000000000000000000, 3.899999999999999900, 3.399999999999999900 ) ) ;
#5497 = EDGE_LOOP ( 'NONE', ( #7160, #7828, #2550, #4232 ) ) ;
#5498 = DIRECTION ( 'NONE',  ( -1.000000000000000000, -0.0000000000000000000, -0.0000000000000000000 ) ) ;
#5499 = EDGE_CURVE ( 'NONE', #412, #8188, #5600, .T. ) ;
#5500 = VECTOR ( 'NONE', #1838, 1000.000000000000000 ) ;
#5501 = CYLINDRICAL_SURFACE ( 'NONE', #5847, 0.2999999999999999300 ) ;
#5502 = EDGE_CURVE ( 'NONE', #6554, #3800, #2410, .T. ) ;
#5503 = VECTOR ( 'NONE', #6615, 1000.000000000000000 ) ;
#5504 = ORIENTED_EDGE ( 'NONE', *, *, #2518, .F. ) ;
#5505 = LINE ( 'NONE', #4457, #5027 ) ;
#5506 = FACE_OUTER_BOUND ( 'NONE', #3705, .T. ) ;
#5507 = DIRECTION ( 'NONE',  ( 0.0000000000000000000, -1.000000000000000000, 0.0000000000000000000 ) ) ;
#5508 = VECTOR ( 'NONE', #5265, 1000.000000000000000 ) ;
#5509 = ORIENTED_EDGE ( 'NONE', *, *, #5870, .T. ) ;
#5510 = ADVANCED_FACE ( 'NONE', ( #4115 ), #8095, .T. ) ;
#5511 = VERTEX_POINT ( 'NONE', #6302 ) ;
#5512 = EDGE_CURVE ( 'NONE', #3800, #1442, #2171, .T. ) ;
#5513 = DIRECTION ( 'NONE',  ( -0.0000000000000000000, 1.000000000000000000, -0.0000000000000000000 ) ) ;
#5514 = CARTESIAN_POINT ( 'NONE',  ( -0.5496577428988237400, 6.400000000000000400, -4.219387846017000700 ) ) ;
#5515 = PLANE ( 'NONE',  #797 ) ;
#5516 = DIRECTION ( 'NONE',  ( 0.0000000000000000000, 0.0000000000000000000, 1.000000000000000000 ) ) ;
#5517 = FACE_OUTER_BOUND ( 'NONE', #3775, .T. ) ;
#5518 = ORIENTED_EDGE ( 'NONE', *, *, #1759, .T. ) ;
#5519 =( BOUNDED_CURVE ( )  B_SPLINE_CURVE ( 3, ( #7585, #7462, #7521, #7593 ),
 .UNSPECIFIED., .F., .F. ) 
 B_SPLINE_CURVE_WITH_KNOTS ( ( 4, 4 ),
 ( 4.712388980387036200, 6.283185307179586200 ),
 .UNSPECIFIED. ) 
 CURVE ( )  GEOMETRIC_REPRESENTATION_ITEM ( )  RATIONAL_B_SPLINE_CURVE ( ( 1.000000000000000000, 0.8047378541249179400, 0.8047378541249179400, 1.000000000000000000 ) ) 
 REPRESENTATION_ITEM ( '' )  );
#5520 = VERTEX_POINT ( 'NONE', #4426 ) ;
#5521 = DIRECTION ( 'NONE',  ( -1.000000000000000000, 0.0000000000000000000, -0.0000000000000000000 ) ) ;
#5522 = CARTESIAN_POINT ( 'NONE',  ( -2.721542477815910300, -8.100001634816271300, 1.269008755794738700 ) ) ;
#5523 = CARTESIAN_POINT ( 'NONE',  ( -0.7500000000000001100, 3.246173311193000000, 6.299999999999999800 ) ) ;
#5524 = CARTESIAN_POINT ( 'NONE',  ( 0.5499996096467729700, 6.399999999999717000, 4.200000000000000200 ) ) ;
#5525 = EDGE_LOOP ( 'NONE', ( #6620, #6043, #6404, #5253 ) ) ;
#5526 = ORIENTED_EDGE ( 'NONE', *, *, #2569, .F. ) ;
#5527 = DIRECTION ( 'NONE',  ( -0.0000000000000000000, -0.0000000000000000000, 1.000000000000000000 ) ) ;
#5528 = DIRECTION ( 'NONE',  ( -0.0000000000000000000, 1.000000000000000000, 0.0000000000000000000 ) ) ;
#5529 = EDGE_CURVE ( 'NONE', #8188, #7034, #5402, .T. ) ;
#5530 = ORIENTED_EDGE ( 'NONE', *, *, #139, .F. ) ;
#5531 = DIRECTION ( 'NONE',  ( 0.0000000000000000000, 1.000000000000000000, 0.0000000000000000000 ) ) ;
#5532 = VERTEX_POINT ( 'NONE', #7554 ) ;
#5533 = CARTESIAN_POINT ( 'NONE',  ( 3.000000000000000000, -1.346000000000000100, -4.200000000000000200 ) ) ;
#5534 = LINE ( 'NONE', #5919, #5435 ) ;
#5535 = DIRECTION ( 'NONE',  ( 0.0000000000000000000, 0.0000000000000000000, 1.000000000000000000 ) ) ;
#5536 = DIRECTION ( 'NONE',  ( -0.0000000000000000000, 1.000000000000000000, 0.0000000000000000000 ) ) ;
#5537 = CARTESIAN_POINT ( 'NONE',  ( 0.0000000000000000000, 2.600000000000000500, -4.099999999999999600 ) ) ;
#5538 = DIRECTION ( 'NONE',  ( 0.0000000000000000000, -1.599198204416128700E-012, 1.000000000000000000 ) ) ;
#5539 = ORIENTED_EDGE ( 'NONE', *, *, #1398, .F. ) ;
#5540 = SURFACE_STYLE_FILL_AREA ( #1484 ) ;
#5541 = CARTESIAN_POINT ( 'NONE',  ( -0.5496581763550764100, 6.250000000000000000, 4.180612138694232100 ) ) ;
#5542 = AXIS2_PLACEMENT_3D ( 'NONE', #6424, #2656, #7029 ) ;
#5543 = ORIENTED_EDGE ( 'NONE', *, *, #2170, .T. ) ;
#5544 = ORIENTED_EDGE ( 'NONE', *, *, #468, .F. ) ;
#5545 = EDGE_CURVE ( 'NONE', #7034, #4509, #7030, .T. ) ;
#5546 = DIRECTION ( 'NONE',  ( 0.0000000000000000000, 0.0000000000000000000, -1.000000000000000000 ) ) ;
#5547 = ORIENTED_EDGE ( 'NONE', *, *, #4610, .F. ) ;
#5548 = ADVANCED_FACE ( 'NONE', ( #1940 ), #3556, .T. ) ;
#5549 =( BOUNDED_SURFACE ( )  B_SPLINE_SURFACE ( 3, 3, ( 
 ( #1857, #8192, #1144, #5786 ),
 ( #1890, #6402, #2631, #7003 ),
 ( #3308, #7653, #3914, #8211 ),
 ( #4525, #416, #5181, #1174 ) ),
 .UNSPECIFIED., .F., .F., .F. ) 
 B_SPLINE_SURFACE_WITH_KNOTS ( ( 4, 4 ),
 ( 4, 4 ),
 ( 0.0000000000000000000, 1.000000000000000000 ),
 ( 0.0000000000000000000, 1.000000000000000000 ),
 .UNSPECIFIED. ) 
 GEOMETRIC_REPRESENTATION_ITEM ( )  RATIONAL_B_SPLINE_SURFACE ( (
 ( 1.000000000000000000, 0.3333333333333296500, 0.3333333333333296500, 1.000000000000000000),
 ( 0.8047378541243547200, 0.2682459513747819700, 0.2682459513747819700, 0.8047378541243547200),
 ( 0.8047378541243547200, 0.2682459513747819700, 0.2682459513747819700, 0.8047378541243547200),
 ( 1.000000000000000000, 0.3333333333333296500, 0.3333333333333296500, 1.000000000000000000) ) ) 
 REPRESENTATION_ITEM ( '' )  SURFACE ( )  );
#5550 = EDGE_LOOP ( 'NONE', ( #206, #3875, #6552, #1366 ) ) ;
#5551 = AXIS2_PLACEMENT_3D ( 'NONE', #7570, #8304, #7236 ) ;
#5552 = CARTESIAN_POINT ( 'NONE',  ( 1.029915672994685200, -8.099981292000146400, 2.829900310855495400 ) ) ;
#5553 = CARTESIAN_POINT ( 'NONE',  ( -4.850000000000000500, 1.014999999999999900, 9.919999999999999900 ) ) ;
#5554 = VERTEX_POINT ( 'NONE', #320 ) ;
#5555 = LINE ( 'NONE', #4801, #7010 ) ;
#5556 = EDGE_LOOP ( 'NONE', ( #1730, #4370, #8226, #3239 ) ) ;
#5557 = FACE_OUTER_BOUND ( 'NONE', #5913, .T. ) ;
#5558 = EDGE_CURVE ( 'NONE', #5520, #1504, #174, .T. ) ;
#5559 = DIRECTION ( 'NONE',  ( 0.9428090415820780100, 0.0000000000000000000, -0.3333333333332922400 ) ) ;
#5560 = DIRECTION ( 'NONE',  ( 0.0000000000000000000, -0.0000000000000000000, 1.000000000000000000 ) ) ;
#5561 = ORIENTED_EDGE ( 'NONE', *, *, #5045, .T. ) ;
#5562 = DIRECTION ( 'NONE',  ( 0.0000000000000000000, 1.000000000000000000, 0.0000000000000000000 ) ) ;
#5563 = VERTEX_POINT ( 'NONE', #1825 ) ;
#5564 = VECTOR ( 'NONE', #7483, 1000.000000000000000 ) ;
#5565 = CARTESIAN_POINT ( 'NONE',  ( -18.87591023243999900, 8.514499687108999700, 9.900000000000000400 ) ) ;
#5566 = EDGE_CURVE ( 'NONE', #4509, #412, #1701, .T. ) ;
#5567 = CYLINDRICAL_SURFACE ( 'NONE', #3264, 0.2999999999999999300 ) ;
#5568 = CARTESIAN_POINT ( 'NONE',  ( 18.87591023243999900, 0.7153752346684408800, 9.904999999999001000 ) ) ;
#5569 = ORIENTED_EDGE ( 'NONE', *, *, #1256, .F. ) ;
#5570 = LINE ( 'NONE', #7447, #138 ) ;
#5571 = CARTESIAN_POINT ( 'NONE',  ( 4.650000000000000400, 4.200000000000000200, 3.399999999999999900 ) ) ;
#5572 = VERTEX_POINT ( 'NONE', #4449 ) ;
#5573 = CIRCLE ( 'NONE', #2409, 0.4000000000000001900 ) ;
#5574 = CARTESIAN_POINT ( 'NONE',  ( -4.850000000000000500, 3.899999999999999500, 6.576452044609999900 ) ) ;
#5575 = LINE ( 'NONE', #4084, #5663 ) ;
#5576 = DIRECTION ( 'NONE',  ( 0.0000000000000000000, 0.0000000000000000000, 1.000000000000000000 ) ) ;
#5577 = ORIENTED_EDGE ( 'NONE', *, *, #613, .F. ) ;
#5578 = VECTOR ( 'NONE', #2315, 1000.000000000000000 ) ;
#5579 = DIRECTION ( 'NONE',  ( -0.0000000000000000000, 1.000000000000000000, -0.0000000000000000000 ) ) ;
#5580 = DIRECTION ( 'NONE',  ( 0.0000000000000000000, 0.0000000000000000000, 1.000000000000000000 ) ) ;
#5581 = CARTESIAN_POINT ( 'NONE',  ( 0.5499996096467729700, 6.399999999999717000, -4.200000000000000200 ) ) ;
#5582 = DIRECTION ( 'NONE',  ( 1.000000000000000000, -0.0000000000000000000, 0.0000000000000000000 ) ) ;
#5583 = ADVANCED_FACE ( 'NONE', ( #6648 ), #3359, .F. ) ;
#5584 = EDGE_CURVE ( 'NONE', #3437, #1772, #8420, .T. ) ;
#5585 = ORIENTED_EDGE ( 'NONE', *, *, #2963, .T. ) ;
#5586 = ORIENTED_EDGE ( 'NONE', *, *, #3088, .T. ) ;
#5587 = CARTESIAN_POINT ( 'NONE',  ( 2.966168351362037800, -8.099993530777840800, -0.5197852643465461500 ) ) ;
#5588 = CARTESIAN_POINT ( 'NONE',  ( 2.000000000000000000, 0.0000000000000000000, 5.000000000000000000 ) ) ;
#5589 = DIRECTION ( 'NONE',  ( 0.0000000000000000000, 0.0000000000000000000, -1.000000000000000000 ) ) ;
#5590 = LINE ( 'NONE', #2920, #7426 ) ;
#5591 = CARTESIAN_POINT ( 'NONE',  ( 0.0000000000000000000, -16.24500000000000100, 0.0000000000000000000 ) ) ;
#5592 = VERTEX_POINT ( 'NONE', #8168 ) ;
#5593 = LINE ( 'NONE', #2330, #5495 ) ;
#5595 = EDGE_LOOP ( 'NONE', ( #845, #3582, #7268, #1862 ) ) ;
#5594 = AXIS2_PLACEMENT_3D ( 'NONE', #7959, #6744, #3022 ) ;
#5596 = ADVANCED_FACE ( 'NONE', ( #5017 ), #1230, .T. ) ;
#5597 = CARTESIAN_POINT ( 'NONE',  ( -4.950000000000000200, 2.398528137465628900, 8.050000000045690400 ) ) ;
#5598 = FACE_OUTER_BOUND ( 'NONE', #7119, .T. ) ;
#5599 = PLANE ( 'NONE',  #4399 ) ;
#5600 = LINE ( 'NONE', #4338, #3925 ) ;
#5601 = ORIENTED_EDGE ( 'NONE', *, *, #1574, .T. ) ;
#5602 = DIRECTION ( 'NONE',  ( 0.0000000000000000000, 0.0000000000000000000, -1.000000000000000000 ) ) ;
#5603 = CARTESIAN_POINT ( 'NONE',  ( -6.840226191709001000, -2.600000000000000100, -1.500000000000000000 ) ) ;
#5604 = ORIENTED_EDGE ( 'NONE', *, *, #1216, .T. ) ;
#5605 = CARTESIAN_POINT ( 'NONE',  ( 4.950000000000000200, 1.849999999999999200, 7.450000000000000200 ) ) ;
#5606 = CIRCLE ( 'NONE', #1623, 0.5999999999999998700 ) ;
#5607 = FACE_OUTER_BOUND ( 'NONE', #4013, .T. ) ;
#5608 = ORIENTED_EDGE ( 'NONE', *, *, #1547, .F. ) ;
#5609 = CARTESIAN_POINT ( 'NONE',  ( -4.850000000000000500, 0.0000000000000000000, 11.43619059381999700 ) ) ;
#5610 = VECTOR ( 'NONE', #4517, 1000.000000000000000 ) ;
#5611 = EDGE_CURVE ( 'NONE', #1772, #6229, #4804, .T. ) ;
#5612 = ORIENTED_EDGE ( 'NONE', *, *, #3033, .T. ) ;
#5613 = LINE ( 'NONE', #3686, #3765 ) ;
#5614 = EDGE_CURVE ( 'NONE', #3003, #7358, #4009, .T. ) ;
#5615 = CYLINDRICAL_SURFACE ( 'NONE', #1796, 0.5999999999999998700 ) ;
#5616 = ORIENTED_EDGE ( 'NONE', *, *, #5, .F. ) ;
#5617 = DIRECTION ( 'NONE',  ( 0.01762806762306931200, -0.0000000000000000000, -0.9998446135434628800 ) ) ;
#5618 = EDGE_LOOP ( 'NONE', ( #855, #4659, #6607, #2038 ) ) ;
#5619 = CARTESIAN_POINT ( 'NONE',  ( 0.5000000000000000000, 4.049999999999999800, -2.500000000000000000 ) ) ;
#5620 = PLANE ( 'NONE',  #2421 ) ;
#5621 = CARTESIAN_POINT ( 'NONE',  ( 3.049999999999999800, -0.4000000000000000200, -4.599999999999999600 ) ) ;
#5622 = VERTEX_POINT ( 'NONE', #7652 ) ;
#5623 =( BOUNDED_CURVE ( )  B_SPLINE_CURVE ( 3, ( #6171, #1609, #791, #6762 ),
 .UNSPECIFIED., .F., .F. ) 
 B_SPLINE_CURVE_WITH_KNOTS ( ( 4, 4 ),
 ( 0.0000000000000000000, 1.000000000000000000 ),
 .UNSPECIFIED. ) 
 CURVE ( )  GEOMETRIC_REPRESENTATION_ITEM ( )  RATIONAL_B_SPLINE_CURVE ( ( 1.000000000000000000, 0.8047378540937236700, 0.8047378540937236700, 1.000000000000000000 ) ) 
 REPRESENTATION_ITEM ( '' )  );
#5624 = ADVANCED_FACE ( 'NONE', ( #8076 ), #4594, .T. ) ;
#5625 = CARTESIAN_POINT ( 'NONE',  ( -4.950000000000000200, 2.432842712512312700, 7.991421356278539900 ) ) ;
#5626 = EDGE_CURVE ( 'NONE', #7358, #1643, #6068, .T. ) ;
#5627 = DIRECTION ( 'NONE',  ( 0.0000000000000000000, 1.000000000000000000, -0.0000000000000000000 ) ) ;
#5628 = DIRECTION ( 'NONE',  ( -1.000000000000000000, 0.0000000000000000000, 0.0000000000000000000 ) ) ;
#5629 = ORIENTED_EDGE ( 'NONE', *, *, #358, .T. ) ;
#5630 = DIRECTION ( 'NONE',  ( 0.0000000000000000000, 0.0000000000000000000, -1.000000000000000000 ) ) ;
#5631 = DIRECTION ( 'NONE',  ( 0.0000000000000000000, 1.000000000000000000, 0.0000000000000000000 ) ) ;
#5632 = ORIENTED_EDGE ( 'NONE', *, *, #453, .F. ) ;
#5633 = AXIS2_PLACEMENT_3D ( 'NONE', #5891, #6504, #2742 ) ;
#5634 = ORIENTED_EDGE ( 'NONE', *, *, #516, .F. ) ;
#5635 = CARTESIAN_POINT ( 'NONE',  ( -4.950000000000000200, 2.222792206135785900, 8.349999999999999600 ) ) ;
#5636 = DIRECTION ( 'NONE',  ( -1.000000000000000000, 0.0000000000000000000, 0.0000000000000000000 ) ) ;
#5637 = DIRECTION ( 'NONE',  ( 1.000000000000000000, -0.0000000000000000000, -0.0000000000000000000 ) ) ;
#5638 = VECTOR ( 'NONE', #4458, 1000.000000000000000 ) ;
#5639 = ADVANCED_FACE ( 'NONE', ( #5209 ), #1172, .T. ) ;
#5640 = ORIENTED_EDGE ( 'NONE', *, *, #1936, .T. ) ;
#5641 = EDGE_LOOP ( 'NONE', ( #4424, #8275, #3330, #7606 ) ) ;
#5642 = ORIENTED_EDGE ( 'NONE', *, *, #2207, .F. ) ;
#5643 = AXIS2_PLACEMENT_3D ( 'NONE', #701, #5422, #1451 ) ;
#5644 = LINE ( 'NONE', #4717, #5638 ) ;
#5645 = CARTESIAN_POINT ( 'NONE',  ( 0.4500000000000000700, -43.06136000000000100, 9.377564394267999100 ) ) ;
#5646 = EDGE_LOOP ( 'NONE', ( #7651, #738, #4554, #5158 ) ) ;
#5647 = FACE_OUTER_BOUND ( 'NONE', #4477, .T. ) ;
#5648 = VERTEX_POINT ( 'NONE', #1202 ) ;
#5649 = EDGE_LOOP ( 'NONE', ( #1968, #5853, #4363, #3035 ) ) ;
#5650 = DIRECTION ( 'NONE',  ( 0.0000000000000000000, -0.0000000000000000000, 1.000000000000000000 ) ) ;
#5651 = DIRECTION ( 'NONE',  ( 0.0000000000000000000, 0.0000000000000000000, 1.000000000000000000 ) ) ;
#5652 = CARTESIAN_POINT ( 'NONE',  ( 0.0000000000000000000, 0.09999999999999939500, 0.0000000000000000000 ) ) ;
#5653 = AXIS2_PLACEMENT_3D ( 'NONE', #5679, #1044, #5709 ) ;
#5654 = ORIENTED_EDGE ( 'NONE', *, *, #5866, .T. ) ;
#5655 = EDGE_CURVE ( 'NONE', #6229, #337, #1458, .T. ) ;
#5656 = ORIENTED_EDGE ( 'NONE', *, *, #1613, .T. ) ;
#5657 = LINE ( 'NONE', #193, #3801 ) ;
#5658 = CARTESIAN_POINT ( 'NONE',  ( -18.87591023243999900, 8.900000000000000400, 9.900000000000000400 ) ) ;
#5659 = CARTESIAN_POINT ( 'NONE',  ( 4.850000000000000500, 1.014999999999999900, 9.919999999999999900 ) ) ;
#5660 = ORIENTED_EDGE ( 'NONE', *, *, #4830, .F. ) ;
#5661 = ADVANCED_FACE ( 'NONE', ( #2926 ), #6320, .T. ) ;
#5662 = ORIENTED_EDGE ( 'NONE', *, *, #1456, .F. ) ;
#5663 = VECTOR ( 'NONE', #4062, 1000.000000000000000 ) ;
#5664 = ORIENTED_EDGE ( 'NONE', *, *, #1443, .T. ) ;
#5665 = VECTOR ( 'NONE', #6400, 1000.000000000000000 ) ;
#5666 = AXIS2_PLACEMENT_3D ( 'NONE', #3684, #4111, #3735 ) ;
#5667 = CARTESIAN_POINT ( 'NONE',  ( -18.87591023243999900, 8.414624765331508300, 9.904999999994023700 ) ) ;
#5668 = DIRECTION ( 'NONE',  ( 1.000000000000000000, 0.0000000000000000000, 0.0000000000000000000 ) ) ;
#5669 = ORIENTED_EDGE ( 'NONE', *, *, #1279, .F. ) ;
#5670 = VECTOR ( 'NONE', #118, 1000.000000000000000 ) ;
#5671 = VERTEX_POINT ( 'NONE', #5258 ) ;
#5672 = CARTESIAN_POINT ( 'NONE',  ( 4.650000000000000400, 4.500000000000000900, 4.599999999999999600 ) ) ;
#5673 = LINE ( 'NONE', #4073, #5467 ) ;
#5674 = ORIENTED_EDGE ( 'NONE', *, *, #3583, .T. ) ;
#5675 = VECTOR ( 'NONE', #4599, 1000.000000000000000 ) ;
#5676 = DIRECTION ( 'NONE',  ( 0.0000000000000000000, 1.000000000000000000, 0.0000000000000000000 ) ) ;
#5677 = ADVANCED_FACE ( 'NONE', ( #2722 ), #439, .F. ) ;
#5678 = CARTESIAN_POINT ( 'NONE',  ( 4.549999999999999800, 3.899999999999999900, -5.500000000000000000 ) ) ;
#5679 = CARTESIAN_POINT ( 'NONE',  ( 4.549999999999999800, 7.400000000000000400, 11.32280125192000000 ) ) ;
#5680 = ORIENTED_EDGE ( 'NONE', *, *, #634, .T. ) ;
#5681 = CARTESIAN_POINT ( 'NONE',  ( 4.850000000000000500, 3.899999999999999500, 3.400000000000000400 ) ) ;
#5682 = CARTESIAN_POINT ( 'NONE',  ( -2.600000000000000500, 41.88643412431000000, 13.19999999999999900 ) ) ;
#5683 = VECTOR ( 'NONE', #685, 1000.000000000000000 ) ;
#5684 = CARTESIAN_POINT ( 'NONE',  ( 4.400000000000000400, 4.049999999999999800, 3.200000000000000200 ) ) ;
#5685 = EDGE_LOOP ( 'NONE', ( #5380, #8079, #2952, #5530 ) ) ;
#5686 = CYLINDRICAL_SURFACE ( 'NONE', #3143, 3.000000000000000000 ) ;
#5687 = CARTESIAN_POINT ( 'NONE',  ( -0.5000000000000000000, 4.700000000000000200, 2.500000000000000000 ) ) ;
#5688 = ORIENTED_EDGE ( 'NONE', *, *, #5866, .F. ) ;
#5689 = DIRECTION ( 'NONE',  ( 0.0000000000000000000, 0.0000000000000000000, 1.000000000000000000 ) ) ;
#5690 = CARTESIAN_POINT ( 'NONE',  ( 18.87591023243999900, 5.780000000000000200, 21.82068048137000100 ) ) ;
#5691 = LINE ( 'NONE', #1490, #5683 ) ;
#5692 = EDGE_LOOP ( 'NONE', ( #4229, #5959, #1719, #5569 ) ) ;
#5693 = EDGE_CURVE ( 'NONE', #5478, #6218, #7905, .T. ) ;
#5694 = VECTOR ( 'NONE', #538, 1000.000000000000000 ) ;
#5695 = ORIENTED_EDGE ( 'NONE', *, *, #3664, .F. ) ;
#5696 = VECTOR ( 'NONE', #382, 1000.000000000000000 ) ;
#5697 = CARTESIAN_POINT ( 'NONE',  ( 18.87591023243999900, 8.115000000000000200, 9.619999999999999200 ) ) ;
#5698 = DIRECTION ( 'NONE',  ( 0.0000000000000000000, 1.000000000000000000, 0.0000000000000000000 ) ) ;
#5699 = ORIENTED_EDGE ( 'NONE', *, *, #1095, .F. ) ;
#5700 = VECTOR ( 'NONE', #2807, 1000.000000000000000 ) ;
#5701 = CARTESIAN_POINT ( 'NONE',  ( -4.000000000000000000, 7.400000000000000400, 12.40000000000000200 ) ) ;
#5702 = DIRECTION ( 'NONE',  ( -1.000000000000000000, 0.0000000000000000000, -0.0000000000000000000 ) ) ;
#5703 = CIRCLE ( 'NONE', #1059, 0.2999999999999999300 ) ;
#5704 = ORIENTED_EDGE ( 'NONE', *, *, #5740, .T. ) ;
#5705 = LINE ( 'NONE', #5099, #5219 ) ;
#5706 = ADVANCED_FACE ( 'NONE', ( #7541 ), #2741, .T. ) ;
#5707 = ORIENTED_EDGE ( 'NONE', *, *, #420, .F. ) ;
#5708 = DIRECTION ( 'NONE',  ( 0.0000000000000000000, 0.0000000000000000000, 1.000000000000000000 ) ) ;
#5709 = DIRECTION ( 'NONE',  ( -0.6614378277661208100, 0.0000000000000000000, 0.7500000000000235400 ) ) ;
#5710 = EDGE_CURVE ( 'NONE', #337, #3437, #5885, .T. ) ;
#5711 = CARTESIAN_POINT ( 'NONE',  ( 0.0000000000000000000, -1.100000000000000300, 3.049999999999999800 ) ) ;
#5712 = DIRECTION ( 'NONE',  ( 0.0000000000000000000, 0.0000000000000000000, -1.000000000000000000 ) ) ;
#5713 = FACE_OUTER_BOUND ( 'NONE', #7515, .T. ) ;
#5714 = LINE ( 'NONE', #8281, #4037 ) ;
#5715 = VERTEX_POINT ( 'NONE', #3414 ) ;
#5716 = DIRECTION ( 'NONE',  ( -1.000000000000000000, 0.0000000000000000000, -0.0000000000000000000 ) ) ;
#5717 = ORIENTED_EDGE ( 'NONE', *, *, #2683, .F. ) ;
#5718 = CARTESIAN_POINT ( 'NONE',  ( 4.908578643762691500, 1.749999999999999300, -3.000000000000000000 ) ) ;
#5719 = AXIS2_PLACEMENT_3D ( 'NONE', #4252, #4261, #4240 ) ;
#5720 = DIRECTION ( 'NONE',  ( -0.0000000000000000000, -0.0000000000000000000, 1.000000000000000000 ) ) ;
#5721 = VECTOR ( 'NONE', #6549, 1000.000000000000000 ) ;
#5722 = VERTEX_POINT ( 'NONE', #1295 ) ;
#5723 = ADVANCED_FACE ( 'NONE', ( #4212 ), #5915, .F. ) ;
#5724 = VERTEX_POINT ( 'NONE', #2057 ) ;
#5725 = DIRECTION ( 'NONE',  ( -1.000000000000000000, 0.0000000000000000000, 0.0000000000000000000 ) ) ;
#5726 = ORIENTED_EDGE ( 'NONE', *, *, #2014, .T. ) ;
#5727 = B_SPLINE_CURVE_WITH_KNOTS ( 'NONE', 3,
 ( #6719, #2988, #7354, #3650, #7957, #4244, #62, #4893, #820, #5522, #1572, #6141, #2339, #6741, #3021, #7379, #3676, #7977, #4267, #97, #4923, #853 ),
 .UNSPECIFIED., .F., .F.,
 ( 4, 2, 2, 2, 2, 2, 2, 2, 2, 2, 4 ),
 ( 0.0000000000000000000, 0.0007838602792283082700, 0.001567720558456616500, 0.002351580837684924700, 0.002743510977299078700, 0.003135441116913233100, 0.003919301396141541500, 0.004703161675369851200, 0.005095091814984006000, 0.005487021954598160800, 0.006270882233826471400 ),
 .UNSPECIFIED. ) ;
#5728 = CARTESIAN_POINT ( 'NONE',  ( -4.908578643762691500, 2.250000000000000400, -3.000000000000000000 ) ) ;
#5729 = EDGE_CURVE ( 'NONE', #2691, #5279, #752, .T. ) ;
#5730 = EDGE_LOOP ( 'NONE', ( #4415, #6051, #1819, #5699 ) ) ;
#5731 = DIRECTION ( 'NONE',  ( -1.000000000000000000, -0.0000000000000000000, -0.0000000000000000000 ) ) ;
#5732 = DIRECTION ( 'NONE',  ( 0.0000000000000000000, -1.000000000000000000, 0.0000000000000000000 ) ) ;
#5733 = EDGE_CURVE ( 'NONE', #2484, #4042, #2511, .T. ) ;
#5734 = DIRECTION ( 'NONE',  ( 0.0000000000000000000, 0.0000000000000000000, 1.000000000000000000 ) ) ;
#5735 = DIRECTION ( 'NONE',  ( 0.0000000000000000000, 0.0000000000000000000, 1.000000000000000000 ) ) ;
#5736 = ORIENTED_EDGE ( 'NONE', *, *, #7098, .F. ) ;
#5737 = DIRECTION ( 'NONE',  ( 0.0000000000000000000, 1.000000000000000000, -0.0000000000000000000 ) ) ;
#5738 = VERTEX_POINT ( 'NONE', #5322 ) ;
#5739 = VECTOR ( 'NONE', #5245, 1000.000000000000000 ) ;
#5740 = EDGE_CURVE ( 'NONE', #5279, #7351, #2287, .T. ) ;
#5741 = DIRECTION ( 'NONE',  ( -0.3333333333332900200, 0.0000000000000000000, 0.9428090415820787900 ) ) ;
#5742 = VERTEX_POINT ( 'NONE', #3479 ) ;
#5743 = CARTESIAN_POINT ( 'NONE',  ( -0.5496577428988119700, 6.399999999999685900, -4.219387846017000700 ) ) ;
#5744 = EDGE_LOOP ( 'NONE', ( #522, #4322, #4187, #1760 ) ) ;
#5745 = ORIENTED_EDGE ( 'NONE', *, *, #2592, .F. ) ;
#5746 = ADVANCED_FACE ( 'NONE', ( #521 ), #4702, .F. ) ;
#5747 = EDGE_CURVE ( 'NONE', #7351, #6372, #5493, .T. ) ;
#5748 = AXIS2_PLACEMENT_3D ( 'NONE', #3442, #2050, #2791 ) ;
#5749 = VERTEX_POINT ( 'NONE', #5964 ) ;
#5750 = ORIENTED_EDGE ( 'NONE', *, *, #4214, .T. ) ;
#5751 = CARTESIAN_POINT ( 'NONE',  ( 1.750000000000000000, 3.246173311193000000, 9.377564394267999100 ) ) ;
#5752 = FILL_AREA_STYLE_COLOUR ( '', #7725 ) ;
#5753 = CARTESIAN_POINT ( 'NONE',  ( -4.650000000000000400, 4.200000000000000200, 3.399999999999999900 ) ) ;
#5754 = ADVANCED_FACE ( 'NONE', ( #7124 ), #6924, .T. ) ;
#5755 = ORIENTED_EDGE ( 'NONE', *, *, #3876, .F. ) ;
#5756 = DIRECTION ( 'NONE',  ( 1.000000000000000000, 0.0000000000000000000, 0.0000000000000000000 ) ) ;
#5757 = CARTESIAN_POINT ( 'NONE',  ( 0.6995649517246427300, 6.338579685423336900, -4.175324540156294600 ) ) ;
#5758 = FACE_OUTER_BOUND ( 'NONE', #2044, .T. ) ;
#5759 = CARTESIAN_POINT ( 'NONE',  ( -4.549999999999999800, 5.399999999999999500, 9.619999999999999200 ) ) ;
#5760 = EDGE_LOOP ( 'NONE', ( #6472, #2790, #6732, #1212 ) ) ;
#5761 = VECTOR ( 'NONE', #6574, 1000.000000000000000 ) ;
#5762 = CARTESIAN_POINT ( 'NONE',  ( -2.291299550703727000, -8.599999910821694000, -1.000000089207363900 ) ) ;
#5763 = EDGE_CURVE ( 'NONE', #5572, #6218, #44, .T. ) ;
#5764 = ORIENTED_EDGE ( 'NONE', *, *, #8147, .T. ) ;
#5765 = ORIENTED_EDGE ( 'NONE', *, *, #87, .T. ) ;
#5766 = CIRCLE ( 'NONE', #4034, 1.003444069194000100 ) ;
#5767 = ORIENTED_EDGE ( 'NONE', *, *, #1321, .T. ) ;
#5768 = LINE ( 'NONE', #1421, #3232 ) ;
#5769 = CARTESIAN_POINT ( 'NONE',  ( 4.850000000000000500, 3.899999999999999500, -4.599999999999999600 ) ) ;
#5770 = EDGE_CURVE ( 'NONE', #2034, #1442, #4015, .T. ) ;
#5771 = PLANE ( 'NONE',  #6024 ) ;
#5772 = ORIENTED_EDGE ( 'NONE', *, *, #5729, .T. ) ;
#5773 = LINE ( 'NONE', #8008, #3253 ) ;
#5774 = LINE ( 'NONE', #989, #6154 ) ;
#5775 = FACE_OUTER_BOUND ( 'NONE', #1317, .T. ) ;
#5776 = VERTEX_POINT ( 'NONE', #7221 ) ;
#5777 = VECTOR ( 'NONE', #2879, 1000.000000000000000 ) ;
#5778 = EDGE_CURVE ( 'NONE', #2034, #6554, #3834, .T. ) ;
#5779 = DIRECTION ( 'NONE',  ( 0.0000000000000000000, 0.0000000000000000000, -1.000000000000000000 ) ) ;
#5780 = VERTEX_POINT ( 'NONE', #8375 ) ;
#5781 = CARTESIAN_POINT ( 'NONE',  ( 2.000000000000000000, 1.500000000000000000, 6.299999999999999800 ) ) ;
#5782 = VECTOR ( 'NONE', #1224, 1000.000000000000000 ) ;
#5783 = ORIENTED_EDGE ( 'NONE', *, *, #4494, .F. ) ;
#5784 = CARTESIAN_POINT ( 'NONE',  ( 4.400000000000000400, 0.0000000000000000000, 6.299999999999999800 ) ) ;
#5785 = LINE ( 'NONE', #4159, #2397 ) ;
#5786 = CARTESIAN_POINT ( 'NONE',  ( -4.850000000000000500, 7.999999999999996400, 8.449999999999997500 ) ) ;
#5787 = EDGE_CURVE ( 'NONE', #5780, #7591, #8330, .T. ) ;
#5788 = AXIS2_PLACEMENT_3D ( 'NONE', #6390, #2614, #6990 ) ;
#5789 = CARTESIAN_POINT ( 'NONE',  ( -4.949999999998103900, 5.557401153703137800, 13.79999999999803100 ) ) ;
#5790 = ORIENTED_EDGE ( 'NONE', *, *, #1369, .T. ) ;
#5791 = CARTESIAN_POINT ( 'NONE',  ( -2.969121816591965900, -1.600000000000000300, 4.644929812205722500 ) ) ;
#5792 = ORIENTED_EDGE ( 'NONE', *, *, #334, .T. ) ;
#5793 = FACE_OUTER_BOUND ( 'NONE', #6613, .T. ) ;
#5794 = DIRECTION ( 'NONE',  ( 0.0000000000000000000, 0.0000000000000000000, 1.000000000000000000 ) ) ;
#5795 = ORIENTED_EDGE ( 'NONE', *, *, #4299, .T. ) ;
#5796 = CARTESIAN_POINT ( 'NONE',  ( 0.0000000000000000000, 4.700000000000000200, 4.200000000000000200 ) ) ;
#5797 = DIRECTION ( 'NONE',  ( 0.0000000000000000000, 0.0000000000000000000, -1.000000000000000000 ) ) ;
#5799 = ORIENTED_EDGE ( 'NONE', *, *, #1622, .T. ) ;
#5798 = AXIS2_PLACEMENT_3D ( 'NONE', #4500, #8210, #5159 ) ;
#5800 = CIRCLE ( 'NONE', #113, 0.2999999999999999300 ) ;
#5801 = FACE_OUTER_BOUND ( 'NONE', #5086, .T. ) ;
#5802 = VERTEX_POINT ( 'NONE', #6606 ) ;
#5803 = LINE ( 'NONE', #4662, #5610 ) ;
#5804 = EDGE_LOOP ( 'NONE', ( #7073, #1620, #4167, #8160 ) ) ;
#5805 = CARTESIAN_POINT ( 'NONE',  ( -4.850000000000000500, 0.7153752346684341100, 9.904999999999500200 ) ) ;
#5806 = ADVANCED_FACE ( 'NONE', ( #2053 ), #3519, .T. ) ;
#5807 = CARTESIAN_POINT ( 'NONE',  ( -3.049999999999999800, 4.530027300002999800, 4.000000000000000000 ) ) ;
#5808 = CARTESIAN_POINT ( 'NONE',  ( -4.650000000000000400, 4.500000000000000900, 3.399999999999999900 ) ) ;
#5809 = AXIS2_PLACEMENT_3D ( 'NONE', #6664, #678, #2226 ) ;
#5810 = CIRCLE ( 'NONE', #6309, 2.239370392146000200 ) ;
#5811 = ORIENTED_EDGE ( 'NONE', *, *, #2089, .F. ) ;
#5812 = CARTESIAN_POINT ( 'NONE',  ( 4.950000000000000200, 8.299999999999995400, 8.050000000000000700 ) ) ;
#5813 = AXIS2_PLACEMENT_3D ( 'NONE', #6788, #6742, #6720 ) ;
#5814 = EDGE_CURVE ( 'NONE', #2785, #7591, #3646, .T. ) ;
#5815 = DIRECTION ( 'NONE',  ( -0.0000000000000000000, 1.000000000000000000, -0.0000000000000000000 ) ) ;
#5816 = CARTESIAN_POINT ( 'NONE',  ( -4.850000000000000500, 5.400000000000000400, 11.43619059381999900 ) ) ;
#5817 = EDGE_LOOP ( 'NONE', ( #3144, #5795, #677, #4485 ) ) ;
#5818 = CARTESIAN_POINT ( 'NONE',  ( -2.951536483440304600, -1.494789755157234700, 4.898320333058309800 ) ) ;
#5819 = ORIENTED_EDGE ( 'NONE', *, *, #5733, .T. ) ;
#5820 = EDGE_LOOP ( 'NONE', ( #7079, #1888, #5783, #8306 ) ) ;
#5821 = CARTESIAN_POINT ( 'NONE',  ( 18.87591023243999900, 1.014999999999999900, 9.919999999999999900 ) ) ;
#5822 = VERTEX_POINT ( 'NONE', #2181 ) ;
#5823 =( BOUNDED_CURVE ( )  B_SPLINE_CURVE ( 3, ( #1333, #5942, #2096, #6565 ),
 .UNSPECIFIED., .F., .F. ) 
 B_SPLINE_CURVE_WITH_KNOTS ( ( 4, 4 ),
 ( 0.0000000000000000000, 1.000000000000000000 ),
 .UNSPECIFIED. ) 
 CURVE ( )  GEOMETRIC_REPRESENTATION_ITEM ( )  RATIONAL_B_SPLINE_CURVE ( ( 1.000000000000000000, 0.3333333333333303700, 0.3333333333333303700, 1.000000000000000000 ) ) 
 REPRESENTATION_ITEM ( '' )  );
#5824 = ORIENTED_EDGE ( 'NONE', *, *, #166, .T. ) ;
#5825 = LINE ( 'NONE', #5143, #5739 ) ;
#5826 = DIRECTION ( 'NONE',  ( -0.0000000000000000000, -1.000000000000000000, -0.0000000000000000000 ) ) ;
#5827 = VERTEX_POINT ( 'NONE', #5398 ) ;
#5828 = ORIENTED_EDGE ( 'NONE', *, *, #7848, .T. ) ;
#5829 = ORIENTED_EDGE ( 'NONE', *, *, #579, .T. ) ;
#5830 = DIRECTION ( 'NONE',  ( 0.0000000000000000000, 0.0000000000000000000, -1.000000000000000000 ) ) ;
#5831 = VECTOR ( 'NONE', #4583, 1000.000000000000000 ) ;
#5832 = DIRECTION ( 'NONE',  ( 0.0000000000000000000, 0.0000000000000000000, 1.000000000000000000 ) ) ;
#5833 = DIRECTION ( 'NONE',  ( -1.000000000000000000, -0.0000000000000000000, -0.0000000000000000000 ) ) ;
#5834 = CARTESIAN_POINT ( 'NONE',  ( -4.549999999999999800, 1.014999999999999900, 9.919999999999999900 ) ) ;
#5835 = CARTESIAN_POINT ( 'NONE',  ( -3.048463511472006900, -1.346000000000000100, 3.501679666588605000 ) ) ;
#5836 = LINE ( 'NONE', #4501, #3972 ) ;
#5837 = EDGE_LOOP ( 'NONE', ( #2983, #6977, #1503, #4190, #8120, #3060, #7248, #605 ) ) ;
#5838 = ORIENTED_EDGE ( 'NONE', *, *, #7766, .F. ) ;
#5839 = EDGE_CURVE ( 'NONE', #6372, #2691, #3461, .T. ) ;
#5840 = VERTEX_POINT ( 'NONE', #2214 ) ;
#5841 = ADVANCED_FACE ( 'NONE', ( #5118 ), #6462, .T. ) ;
#5842 = CARTESIAN_POINT ( 'NONE',  ( -4.850000000000000500, 0.0000000000000000000, 9.619999999999999200 ) ) ;
#5843 = CARTESIAN_POINT ( 'NONE',  ( 0.0000000000000000000, 4.700000000000000200, -4.799999999999999800 ) ) ;
#5844 = ORIENTED_EDGE ( 'NONE', *, *, #3492, .T. ) ;
#5845 = EDGE_LOOP ( 'NONE', ( #7885, #2905, #6909, #1402 ) ) ;
#5846 = LINE ( 'NONE', #6213, #246 ) ;
#5847 = AXIS2_PLACEMENT_3D ( 'NONE', #8361, #7814, #5943 ) ;
#5848 = CARTESIAN_POINT ( 'NONE',  ( 4.850000000000000500, 0.7150000000000000800, 9.619999999999999200 ) ) ;
#5849 = VERTEX_POINT ( 'NONE', #799 ) ;
#5850 = ORIENTED_EDGE ( 'NONE', *, *, #5098, .F. ) ;
#5851 = CARTESIAN_POINT ( 'NONE',  ( -0.4500000000000000700, 3.246173311193000000, 9.377564394267999100 ) ) ;
#5852 = VECTOR ( 'NONE', #4301, 1000.000000000000000 ) ;
#5853 = ORIENTED_EDGE ( 'NONE', *, *, #4974, .T. ) ;
#5854 = CYLINDRICAL_SURFACE ( 'NONE', #3880, 0.5799999999999999600 ) ;
#5855 = CARTESIAN_POINT ( 'NONE',  ( 0.0000000000000000000, -0.4000000000000000200, 5.500000000000000000 ) ) ;
#5856 = CARTESIAN_POINT ( 'NONE',  ( 4.908578643762691500, 8.000000000000001800, 8.449999999999997500 ) ) ;
#5857 = DIRECTION ( 'NONE',  ( 0.0000000000000000000, -0.0000000000000000000, 1.000000000000000000 ) ) ;
#5858 = VERTEX_POINT ( 'NONE', #4867 ) ;
#5859 = CARTESIAN_POINT ( 'NONE',  ( -18.87591023243999900, 1.014999999999999900, 9.919999999999999900 ) ) ;
#5860 = LINE ( 'NONE', #14, #5120 ) ;
#5861 = CARTESIAN_POINT ( 'NONE',  ( 0.5499995662741782300, 6.399999999999373300, -5.262373040000826800 ) ) ;
#5862 = CIRCLE ( 'NONE', #3436, 0.2999999999999999300 ) ;
#5863 = ORIENTED_EDGE ( 'NONE', *, *, #190, .T. ) ;
#5864 = FACE_OUTER_BOUND ( 'NONE', #949, .T. ) ;
#5865 = DIRECTION ( 'NONE',  ( 0.0000000000000000000, 1.000000000000000000, -0.0000000000000000000 ) ) ;
#5866 = EDGE_CURVE ( 'NONE', #1597, #4465, #1807, .T. ) ;
#5867 =( BOUNDED_CURVE ( )  B_SPLINE_CURVE ( 3, ( #6787, #7448, #2402, #8023 ),
 .UNSPECIFIED., .F., .T. ) 
 B_SPLINE_CURVE_WITH_KNOTS ( ( 4, 4 ),
 ( 0.0000000000000000000, 1.000000000000000000 ),
 .UNSPECIFIED. ) 
 CURVE ( )  GEOMETRIC_REPRESENTATION_ITEM ( )  RATIONAL_B_SPLINE_CURVE ( ( 1.000000000000000000, 0.3333333333333296500, 0.3333333333333296500, 1.000000000000000000 ) ) 
 REPRESENTATION_ITEM ( '' )  );
#5868 = VERTEX_POINT ( 'NONE', #8427 ) ;
#5869 = CARTESIAN_POINT ( 'NONE',  ( -4.850000000000000500, 2.749999999999999100, 8.449999999999999300 ) ) ;
#5870 = EDGE_CURVE ( 'NONE', #1442, #3800, #3255, .T. ) ;
#5871 = LINE ( 'NONE', #433, #5383 ) ;
#5872 = CARTESIAN_POINT ( 'NONE',  ( 3.250000000000000400, 0.0000000000000000000, 6.299999999999999800 ) ) ;
#5873 = CARTESIAN_POINT ( 'NONE',  ( -4.950000000000000200, 5.400000000000000400, 9.619999999999999200 ) ) ;
#5874 = DIRECTION ( 'NONE',  ( 1.000000000000000000, 0.0000000000000000000, 0.0000000000000000000 ) ) ;
#5875 = ORIENTED_EDGE ( 'NONE', *, *, #3371, .F. ) ;
#5876 = LINE ( 'NONE', #3774, #4203 ) ;
#5877 = ORIENTED_EDGE ( 'NONE', *, *, #6291, .T. ) ;
#5878 = VERTEX_POINT ( 'NONE', #3576 ) ;
#5879 = AXIS2_PLACEMENT_3D ( 'NONE', #6231, #6204, #6178 ) ;
#5880 = SURFACE_STYLE_FILL_AREA ( #6375 ) ;
#5881 = EDGE_CURVE ( 'NONE', #7658, #4042, #6369, .T. ) ;
#5882 = DIRECTION ( 'NONE',  ( 1.000000000000000000, 0.0000000000000000000, -0.0000000000000000000 ) ) ;
#5883 = ADVANCED_FACE ( 'NONE', ( #7975 ), #2994, .F. ) ;
#5884 = DIRECTION ( 'NONE',  ( 0.0000000000000000000, 0.0000000000000000000, 1.000000000000000000 ) ) ;
#5885 = LINE ( 'NONE', #4643, #1001 ) ;
#5886 = ORIENTED_EDGE ( 'NONE', *, *, #7719, .F. ) ;
#5887 = VECTOR ( 'NONE', #635, 1000.000000000000000 ) ;
#5888 = EDGE_LOOP ( 'NONE', ( #266, #3971, #6249, #1448 ) ) ;
#5889 = DIRECTION ( 'NONE',  ( -1.000000000000000000, 0.0000000000000000000, -0.0000000000000000000 ) ) ;
#5890 = CARTESIAN_POINT ( 'NONE',  ( 2.399999999999999900, 3.246173311193000000, 13.19999999999999900 ) ) ;
#5891 = CARTESIAN_POINT ( 'NONE',  ( 4.950000000000000200, 3.899999999999999900, -5.500000000000000000 ) ) ;
#5892 = EDGE_CURVE ( 'NONE', #4465, #5780, #4906, .T. ) ;
#5893 = DIRECTION ( 'NONE',  ( 0.0000000000000000000, 0.0000000000000000000, 1.000000000000000000 ) ) ;
#5894 = AXIS2_PLACEMENT_3D ( 'NONE', #7913, #4197, #8460 ) ;
#5895 = FACE_OUTER_BOUND ( 'NONE', #3050, .T. ) ;
#5896 = CARTESIAN_POINT ( 'NONE',  ( -3.049999999999999800, 4.099999999999999600, -4.599999999999999600 ) ) ;
#5897 = CIRCLE ( 'NONE', #3179, 0.2999999999999999300 ) ;
#5898 = EDGE_LOOP ( 'NONE', ( #3950, #253, #6227, #2594, #7863, #6950 ) ) ;
#5899 = DIRECTION ( 'NONE',  ( 0.0000000000000000000, 0.0000000000000000000, 1.000000000000000000 ) ) ;
#5900 = LINE ( 'NONE', #4532, #5413 ) ;
#5901 = ORIENTED_EDGE ( 'NONE', *, *, #902, .T. ) ;
#5902 = LINE ( 'NONE', #1101, #771 ) ;
#5903 = CARTESIAN_POINT ( 'NONE',  ( -4.908578643762691500, 1.750000000000001100, 8.035786437626903500 ) ) ;
#5904 = CARTESIAN_POINT ( 'NONE',  ( -3.000000000000000000, 0.0000000000000000000, -4.200000000000000200 ) ) ;
#5905 = DIRECTION ( 'NONE',  ( 0.0000000000000000000, -0.0000000000000000000, 1.000000000000000000 ) ) ;
#5906 = VECTOR ( 'NONE', #6359, 1000.000000000000000 ) ;
#5907 = EDGE_LOOP ( 'NONE', ( #906, #822 ) ) ;
#5908 = EDGE_CURVE ( 'NONE', #4432, #7070, #8279, .T. ) ;
#5909 = DIRECTION ( 'NONE',  ( -1.000000000000000000, 0.0000000000000000000, -0.0000000000000000000 ) ) ;
#5910 = VERTEX_POINT ( 'NONE', #7386 ) ;
#5911 = CYLINDRICAL_SURFACE ( 'NONE', #5215, 0.2999999999999999300 ) ;
#5912 = ORIENTED_EDGE ( 'NONE', *, *, #5194, .T. ) ;
#5913 = EDGE_LOOP ( 'NONE', ( #5629, #7301, #2846, #6828, #1280, #5361, #8020, #2876, #5481, #458 ) ) ;
#5914 = DIRECTION ( 'NONE',  ( 0.0000000000000000000, 0.0000000000000000000, 1.000000000000000000 ) ) ;
#5915 = PLANE ( 'NONE',  #2673 ) ;
#5916 = EDGE_CURVE ( 'NONE', #5572, #4223, #3476, .T. ) ;
#5917 = CARTESIAN_POINT ( 'NONE',  ( 0.7500000000000000000, 0.0000000000000000000, 6.299999999999999800 ) ) ;
#5918 = ORIENTED_EDGE ( 'NONE', *, *, #5584, .F. ) ;
#5919 = CARTESIAN_POINT ( 'NONE',  ( -4.950000000000000200, 7.400000000000000400, 11.32280125192000000 ) ) ;
#5920 = CARTESIAN_POINT ( 'NONE',  ( 4.850000000000000500, 2.681099760024999900, 8.050000000000000700 ) ) ;
#5921 = VERTEX_POINT ( 'NONE', #80 ) ;
#5922 = EDGE_CURVE ( 'NONE', #7658, #1836, #3942, .T. ) ;
#5923 = PLANE ( 'NONE',  #4163 ) ;
#5924 = CARTESIAN_POINT ( 'NONE',  ( 3.000000000000000400, 4.049999999999999800, 2.500000000000000000 ) ) ;
#5925 = ADVANCED_FACE ( 'NONE', ( #6556 ), #5417, .T. ) ;
#5926 = CARTESIAN_POINT ( 'NONE',  ( 0.0000000000000000000, 3.246173311193000000, 13.50000000000000000 ) ) ;
#5927 = CARTESIAN_POINT ( 'NONE',  ( -18.87591023243999900, 8.514499687108999700, 9.900000000000000400 ) ) ;
#5928 = CARTESIAN_POINT ( 'NONE',  ( -3.446000000000000200, -1.600000000000000100, 4.200000000000000200 ) ) ;
#5929 = ORIENTED_EDGE ( 'NONE', *, *, #3371, .T. ) ;
#5930 = DIRECTION ( 'NONE',  ( 0.0000000000000000000, -0.0000000000000000000, -1.000000000000000000 ) ) ;
#5931 = LINE ( 'NONE', #4385, #5831 ) ;
#5932 = ORIENTED_EDGE ( 'NONE', *, *, #316, .F. ) ;
#5933 = EDGE_LOOP ( 'NONE', ( #4979, #8453 ) ) ;
#5934 = ORIENTED_EDGE ( 'NONE', *, *, #6193, .T. ) ;
#5935 = DIRECTION ( 'NONE',  ( -0.9428090415820780100, 0.0000000000000000000, -0.3333333333332922400 ) ) ;
#5936 = CARTESIAN_POINT ( 'NONE',  ( 3.735172737399427100E-016, -16.24500000000000100, -3.049999999999999800 ) ) ;
#5937 = VERTEX_POINT ( 'NONE', #2350 ) ;
#5938 = CARTESIAN_POINT ( 'NONE',  ( 0.8700000000003265100, 4.049999999999999800, 0.5000000000000000000 ) ) ;
#5939 = ORIENTED_EDGE ( 'NONE', *, *, #2363, .F. ) ;
#5940 = VECTOR ( 'NONE', #7005, 1000.000000000000000 ) ;
#5941 = CARTESIAN_POINT ( 'NONE',  ( 0.0000000000000000000, 4.099999999999999600, -3.399999999999999900 ) ) ;
#5942 = CARTESIAN_POINT ( 'NONE',  ( -4.950000000000000200, 1.849999999999998800, -3.300000000000002900 ) ) ;
#5943 = DIRECTION ( 'NONE',  ( 0.0000000000000000000, 0.0000000000000000000, -1.000000000000000000 ) ) ;
#5944 = AXIS2_PLACEMENT_3D ( 'NONE', #870, #5562, #1626 ) ;
#5945 = ORIENTED_EDGE ( 'NONE', *, *, #7472, .F. ) ;
#5946 = ORIENTED_EDGE ( 'NONE', *, *, #964, .F. ) ;
#5947 = LINE ( 'NONE', #3463, #2584 ) ;
#5948 = CARTESIAN_POINT ( 'NONE',  ( 0.5499996096467729700, 6.399999999999717000, -4.200000000000000200 ) ) ;
#5949 = CARTESIAN_POINT ( 'NONE',  ( -4.400000000000000400, 4.700000000000000200, -4.799999999999999800 ) ) ;
#5950 = DIRECTION ( 'NONE',  ( 0.0000000000000000000, -0.0000000000000000000, 1.000000000000000000 ) ) ;
#5951 = ORIENTED_EDGE ( 'NONE', *, *, #1443, .F. ) ;
#5952 = VERTEX_POINT ( 'NONE', #7987 ) ;
#5953 = VECTOR ( 'NONE', #4309, 1000.000000000000000 ) ;
#5954 = ORIENTED_EDGE ( 'NONE', *, *, #262, .F. ) ;
#5955 = CIRCLE ( 'NONE', #6296, 0.2999999999999999300 ) ;
#5956 = CARTESIAN_POINT ( 'NONE',  ( -2.899999999999999900, 3.246173311193000000, 13.19999999999999900 ) ) ;
#5957 = DIRECTION ( 'NONE',  ( 0.0000000000000000000, 0.0000000000000000000, 1.000000000000000000 ) ) ;
#5958 = EDGE_CURVE ( 'NONE', #2785, #1597, #5613, .T. ) ;
#5959 = ORIENTED_EDGE ( 'NONE', *, *, #1376, .T. ) ;
#5960 = ADVANCED_FACE ( 'NONE', ( #195 ), #6842, .T. ) ;
#5961 = LINE ( 'NONE', #1501, #5782 ) ;
#5962 = ORIENTED_EDGE ( 'NONE', *, *, #1285, .T. ) ;
#5963 = LINE ( 'NONE', #2853, #5578 ) ;
#5964 = CARTESIAN_POINT ( 'NONE',  ( -4.850000000000000500, 3.899999999999999500, 3.400000000000000400 ) ) ;
#5965 = DIRECTION ( 'NONE',  ( -0.0000000000000000000, -0.0000000000000000000, 1.000000000000000000 ) ) ;
#5966 =( BOUNDED_CURVE ( )  B_SPLINE_CURVE ( 3, ( #3968, #3949, #8155, #3874 ),
 .UNSPECIFIED., .F., .F. ) 
 B_SPLINE_CURVE_WITH_KNOTS ( ( 4, 4 ),
 ( 0.0000000000000000000, 1.000000000000000000 ),
 .UNSPECIFIED. ) 
 CURVE ( )  GEOMETRIC_REPRESENTATION_ITEM ( )  RATIONAL_B_SPLINE_CURVE ( ( 1.000000000000000000, 0.3450853784153810100, 0.3450853784153810100, 1.000000000000000000 ) ) 
 REPRESENTATION_ITEM ( '' )  );
#5967 = DIRECTION ( 'NONE',  ( -0.01762806762307010000, -0.0000000000000000000, 0.9998446135434628800 ) ) ;
#5968 = DIRECTION ( 'NONE',  ( 0.0000000000000000000, 1.000000000000000000, 0.0000000000000000000 ) ) ;
#5969 = ORIENTED_EDGE ( 'NONE', *, *, #790, .T. ) ;
#5970 = VECTOR ( 'NONE', #2505, 1000.000000000000000 ) ;
#5971 = EDGE_LOOP ( 'NONE', ( #6356, #7992, #2793, #5669 ) ) ;
#5972 = VECTOR ( 'NONE', #3534, 1000.000000000000000 ) ;
#5973 = PLANE ( 'NONE',  #7767 ) ;
#5974 = EDGE_CURVE ( 'NONE', #3573, #710, #7045, .T. ) ;
#5975 = ORIENTED_EDGE ( 'NONE', *, *, #5892, .T. ) ;
#5976 = PLANE ( 'NONE',  #6237 ) ;
#5977 = LINE ( 'NONE', #525, #5887 ) ;
#5978 = CARTESIAN_POINT ( 'NONE',  ( 4.549999999999999800, 0.0000000000000000000, -5.500000000000000000 ) ) ;
#5979 = CARTESIAN_POINT ( 'NONE',  ( 0.0000000000000000000, -16.24500000000000100, 2.239370392146000200 ) ) ;
#5980 = ORIENTED_EDGE ( 'NONE', *, *, #1574, .F. ) ;
#5981 = AXIS2_PLACEMENT_3D ( 'NONE', #5808, #4522, #4498 ) ;
#5982 = AXIS2_PLACEMENT_3D ( 'NONE', #2499, #2468, #2439 ) ;
#5983 = VECTOR ( 'NONE', #4283, 1000.000000000000000 ) ;
#5984 = EDGE_CURVE ( 'NONE', #7962, #615, #1957, .T. ) ;
#5985 = CIRCLE ( 'NONE', #7615, 0.2540000000000002800 ) ;
#5986 = ORIENTED_EDGE ( 'NONE', *, *, #5365, .F. ) ;
#5987 = CARTESIAN_POINT ( 'NONE',  ( -1.899999999999999900, 4.700000000000000200, 3.200000000000000200 ) ) ;
#5988 = VECTOR ( 'NONE', #7188, 1000.000000000000000 ) ;
#5989 = FACE_OUTER_BOUND ( 'NONE', #149, .T. ) ;
#5990 = ORIENTED_EDGE ( 'NONE', *, *, #3933, .F. ) ;
#5991 = DIRECTION ( 'NONE',  ( 0.0000000000000000000, 1.000000000000000000, 0.0000000000000000000 ) ) ;
#5992 = VECTOR ( 'NONE', #4894, 1000.000000000000000 ) ;
#5993 = DIRECTION ( 'NONE',  ( -1.000000000000000000, 0.0000000000000000000, 0.0000000000000000000 ) ) ;
#5994 = EDGE_CURVE ( 'NONE', #615, #2463, #7245, .T. ) ;
#5996 = ORIENTED_EDGE ( 'NONE', *, *, #565, .F. ) ;
#5995 = AXIS2_PLACEMENT_3D ( 'NONE', #571, #5329, #7811 ) ;
#5997 = DIRECTION ( 'NONE',  ( 0.9428090415820780100, 0.0000000000000000000, -0.3333333333332921800 ) ) ;
#5998 = CIRCLE ( 'NONE', #1301, 0.2999999999999999300 ) ;
#5999 = ORIENTED_EDGE ( 'NONE', *, *, #130, .T. ) ;
#6000 = ADVANCED_FACE ( 'NONE', ( #8432 ), #3373, .T. ) ;
#6001 = UNCERTAINTY_MEASURE_WITH_UNIT (LENGTH_MEASURE( 1.000000000000000100E-005 ), #4787, 'distance_accuracy_value', 'NONE');
#6002 = EDGE_LOOP ( 'NONE', ( #3551, #7749, #2455, #5829, #104, #3784, #6022, #1296, #5132, #4839, #2456, #6365, #731, #3557, #7655, #2338, #4286, #15, #3687, #3926, #1217, #5044, #4027, #2371, #6277, #608, #3412, #7553, #2220 ) ) ;
#6003 = DIRECTION ( 'NONE',  ( -0.0000000000000000000, 1.000000000000000000, 0.0000000000000000000 ) ) ;
#6004 = CARTESIAN_POINT ( 'NONE',  ( 0.5481303751426360700, 6.399992209528957000, 4.219333971817555100 ) ) ;
#6005 = AXIS2_PLACEMENT_3D ( 'NONE', #129, #4952, #892 ) ;
#6006 = ORIENTED_EDGE ( 'NONE', *, *, #6722, .F. ) ;
#6007 = ORIENTED_EDGE ( 'NONE', *, *, #2324, .T. ) ;
#6008 = DIRECTION ( 'NONE',  ( 0.0000000000000000000, 0.0000000000000000000, -1.000000000000000000 ) ) ;
#6009 = DIRECTION ( 'NONE',  ( 0.0000000000000000000, 0.0000000000000000000, 1.000000000000000000 ) ) ;
#6010 = ORIENTED_EDGE ( 'NONE', *, *, #7006, .F. ) ;
#6011 = ORIENTED_EDGE ( 'NONE', *, *, #2012, .T. ) ;
#6012 = CARTESIAN_POINT ( 'NONE',  ( -1.750000000000000000, 0.0000000000000000000, 0.0000000000000000000 ) ) ;
#6013 = VECTOR ( 'NONE', #4845, 1000.000000000000000 ) ;
#6014 = CARTESIAN_POINT ( 'NONE',  ( 4.549999999999999800, 3.899999999999999900, 9.619999999999999200 ) ) ;
#6015 = CARTESIAN_POINT ( 'NONE',  ( 1.925000000000000300, 3.246173311193000000, 9.650282197134000500 ) ) ;
#6016 = CARTESIAN_POINT ( 'NONE',  ( 1.749999999999999800, 2.946173311193000200, 6.299999999999999800 ) ) ;
#6017 = EDGE_CURVE ( 'NONE', #2114, #6060, #6659, .T. ) ;
#6018 = ORIENTED_EDGE ( 'NONE', *, *, #173, .F. ) ;
#6019 = ORIENTED_EDGE ( 'NONE', *, *, #1024, .T. ) ;
#6020 = CARTESIAN_POINT ( 'NONE',  ( 0.0000000000000000000, 4.700000000000000200, 4.799999999999999800 ) ) ;
#6021 = CARTESIAN_POINT ( 'NONE',  ( 4.850000000000000500, 0.7153752346684523200, 9.904999999999500200 ) ) ;
#6022 = ORIENTED_EDGE ( 'NONE', *, *, #3261, .T. ) ;
#6023 = LINE ( 'NONE', #6855, #6013 ) ;
#6024 = AXIS2_PLACEMENT_3D ( 'NONE', #393, #1906, #6415 ) ;
#6025 = CARTESIAN_POINT ( 'NONE',  ( 0.0000000000000000000, 0.0000000000000000000, 5.000000000000000000 ) ) ;
#6026 = CARTESIAN_POINT ( 'NONE',  ( 4.949999999999999300, 2.398528137428036700, 8.050000000000000700 ) ) ;
#6027 = FACE_OUTER_BOUND ( 'NONE', #5649, .T. ) ;
#6028 = DIRECTION ( 'NONE',  ( -0.0000000000000000000, -1.000000000000000000, -0.0000000000000000000 ) ) ;
#6029 = EDGE_LOOP ( 'NONE', ( #7810, #2246, #6106, #394, #3283 ) ) ;
#6030 = ORIENTED_EDGE ( 'NONE', *, *, #3492, .F. ) ;
#6031 = ORIENTED_EDGE ( 'NONE', *, *, #3933, .T. ) ;
#6032 = DIRECTION ( 'NONE',  ( 0.0000000000000000000, -1.000000000000000000, 0.0000000000000000000 ) ) ;
#6033 = CARTESIAN_POINT ( 'NONE',  ( 2.450000000000000200, 4.099999999999999600, 3.399999999999999900 ) ) ;
#6034 = ADVANCED_FACE ( 'NONE', ( #1473 ), #4825, .F. ) ;
#6035 = CYLINDRICAL_SURFACE ( 'NONE', #4815, 1.003444069194000100 ) ;
#6036 = VERTEX_POINT ( 'NONE', #4992 ) ;
#6037 = LINE ( 'NONE', #117, #2687 ) ;
#6038 = AXIS2_PLACEMENT_3D ( 'NONE', #6531, #2769, #7144 ) ;
#6039 = DIRECTION ( 'NONE',  ( 0.0000000000000000000, 1.000000000000000000, -0.0000000000000000000 ) ) ;
#6040 = CARTESIAN_POINT ( 'NONE',  ( 3.049999999999999800, 4.500000000000000900, 4.000000000000000000 ) ) ;
#6041 = VERTEX_POINT ( 'NONE', #931 ) ;
#6042 = CARTESIAN_POINT ( 'NONE',  ( -4.850000000000000500, 0.0000000000000000000, 9.619999999999999200 ) ) ;
#6043 = ORIENTED_EDGE ( 'NONE', *, *, #5107, .F. ) ;
#6044 = CARTESIAN_POINT ( 'NONE',  ( 4.950000000000000200, 1.850000000000000100, 7.450000000000000200 ) ) ;
#6045 = VECTOR ( 'NONE', #3929, 1000.000000000000000 ) ;
#6046 = ORIENTED_EDGE ( 'NONE', *, *, #4859, .F. ) ;
#6047 = CIRCLE ( 'NONE', #2108, 0.5999999999999998700 ) ;
#6048 = CARTESIAN_POINT ( 'NONE',  ( -4.400000000000000400, 0.0000000000000000000, 4.800000000000000700 ) ) ;
#6049 = EDGE_CURVE ( 'NONE', #2463, #4641, #8258, .T. ) ;
#6050 = AXIS2_PLACEMENT_3D ( 'NONE', #6012, #2877, #7252 ) ;
#6051 = ORIENTED_EDGE ( 'NONE', *, *, #1080, .F. ) ;
#6052 = VECTOR ( 'NONE', #333, 1000.000000000000000 ) ;
#6053 = ORIENTED_EDGE ( 'NONE', *, *, #4941, .F. ) ;
#6054 = CARTESIAN_POINT ( 'NONE',  ( 4.549999999999998900, 0.0000000000000000000, 9.900000000000000400 ) ) ;
#6055 = DIRECTION ( 'NONE',  ( 0.0000000000000000000, -1.000000000000000000, 0.0000000000000000000 ) ) ;
#6056 = VECTOR ( 'NONE', #4356, 1000.000000000000000 ) ;
#6057 = ORIENTED_EDGE ( 'NONE', *, *, #916, .F. ) ;
#6058 = VECTOR ( 'NONE', #4535, 1000.000000000000000 ) ;
#6059 = DIRECTION ( 'NONE',  ( 0.0000000000000000000, 0.7071035559844589500, 0.7071100063739256300 ) ) ;
#6060 = VERTEX_POINT ( 'NONE', #6831 ) ;
#6061 = VECTOR ( 'NONE', #2292, 1000.000000000000000 ) ;
#6062 = DIRECTION ( 'NONE',  ( -0.0000000000000000000, -1.000000000000000000, -0.0000000000000000000 ) ) ;
#6063 = EDGE_LOOP ( 'NONE', ( #381, #4156, #7261, #1639 ) ) ;
#6064 = CARTESIAN_POINT ( 'NONE',  ( -2.600000000000000500, 2.946173311192998400, 13.19999999999999900 ) ) ;
#6065 = LINE ( 'NONE', #3720, #2919 ) ;
#6066 = CARTESIAN_POINT ( 'NONE',  ( -1.899999999999999900, 4.049999999999999800, 3.200000000000000200 ) ) ;
#6067 = EDGE_CURVE ( 'NONE', #785, #4641, #8086, .T. ) ;
#6068 =( BOUNDED_CURVE ( )  B_SPLINE_CURVE ( 3, ( #415, #4523, #1925, #6426 ),
 .UNSPECIFIED., .F., .T. ) 
 B_SPLINE_CURVE_WITH_KNOTS ( ( 4, 4 ),
 ( 0.0000000000000000000, 0.5220553790833478700 ),
 .UNSPECIFIED. ) 
 CURVE ( )  GEOMETRIC_REPRESENTATION_ITEM ( )  RATIONAL_B_SPLINE_CURVE ( ( 1.000000000000000000, 0.7881266715487007500, 0.7881266715487007500, 1.000000000000000000 ) ) 
 REPRESENTATION_ITEM ( '' )  );
#6069 = VERTEX_POINT ( 'NONE', #1688 ) ;
#6070 = VERTEX_POINT ( 'NONE', #4333 ) ;
#6071 = CARTESIAN_POINT ( 'NONE',  ( -2.430759809310337100, -1.600000000000001400, 3.811236837864782100 ) ) ;
#6072 = SURFACE_SIDE_STYLE ('',( #5540 ) ) ;
#6073 = CYLINDRICAL_SURFACE ( 'NONE', #1562, 3.060000000000000100 ) ;
#6074 = ORIENTED_EDGE ( 'NONE', *, *, #759, .T. ) ;
#6075 = LINE ( 'NONE', #357, #5696 ) ;
#6076 = DIRECTION ( 'NONE',  ( 0.0000000000000000000, 0.0000000000000000000, -1.000000000000000000 ) ) ;
#6077 = ORIENTED_EDGE ( 'NONE', *, *, #3948, .T. ) ;
#6078 = ADVANCED_FACE ( 'NONE', ( #1248 ), #4613, .T. ) ;
#6079 = FACE_OUTER_BOUND ( 'NONE', #7155, .T. ) ;
#6080 = CARTESIAN_POINT ( 'NONE',  ( 1.899999999999999700, 4.700000000000000200, -4.799999999999999800 ) ) ;
#6081 = CARTESIAN_POINT ( 'NONE',  ( -9.437580067829999800E-006, -8.600000000058116700, 2.499979039790249000 ) ) ;
#6082 = CARTESIAN_POINT ( 'NONE',  ( 3.000000000000000400, 4.049999999999999800, -2.500000000000000000 ) ) ;
#6083 = LINE ( 'NONE', #4681, #763 ) ;
#6084 = ORIENTED_EDGE ( 'NONE', *, *, #1460, .F. ) ;
#6085 = DIRECTION ( 'NONE',  ( 0.0000000000000000000, 0.0000000000000000000, -1.000000000000000000 ) ) ;
#6086 = LINE ( 'NONE', #5228, #5992 ) ;
#6087 = ORIENTED_EDGE ( 'NONE', *, *, #1913, .T. ) ;
#6088 = FACE_OUTER_BOUND ( 'NONE', #2104, .T. ) ;
#6089 = CARTESIAN_POINT ( 'NONE',  ( 0.0000000000000000000, 6.250000000000000000, -4.200000000000000200 ) ) ;
#6090 = DIRECTION ( 'NONE',  ( 0.6941355705842079400, 0.0000000000000000000, -0.7198442954207083800 ) ) ;
#6091 = DIRECTION ( 'NONE',  ( 0.0000000000000000000, 0.0000000000000000000, 1.000000000000000000 ) ) ;
#6092 = LINE ( 'NONE', #3866, #5906 ) ;
#6093 = ORIENTED_EDGE ( 'NONE', *, *, #2002, .F. ) ;
#6094 = DIRECTION ( 'NONE',  ( 0.0000000000000000000, 0.0000000000000000000, 1.000000000000000000 ) ) ;
#6095 = CARTESIAN_POINT ( 'NONE',  ( -0.5749999999999588800, 38.46135999999999900, 9.650282197133911700 ) ) ;
#6096 = ORIENTED_EDGE ( 'NONE', *, *, #5451, .F. ) ;
#6097 = CARTESIAN_POINT ( 'NONE',  ( -2.639396935153504900, -1.346000000000000100, 3.473290396139316400 ) ) ;
#6098 = LINE ( 'NONE', #7735, #4231 ) ;
#6099 = VERTEX_POINT ( 'NONE', #1722 ) ;
#6100 = DIRECTION ( 'NONE',  ( -0.0000000000000000000, 1.000000000000000000, -0.0000000000000000000 ) ) ;
#6101 = ORIENTED_EDGE ( 'NONE', *, *, #921, .F. ) ;
#6102 = CARTESIAN_POINT ( 'NONE',  ( 0.0000000000000000000, 3.246173311193000000, 13.50000000000000000 ) ) ;
#6103 = ORIENTED_EDGE ( 'NONE', *, *, #4134, .T. ) ;
#6104 = CARTESIAN_POINT ( 'NONE',  ( -1.899999999999999900, 4.700000000000000200, -4.799999999999999800 ) ) ;
#6105 = DIRECTION ( 'NONE',  ( -0.6614378277623818000, 0.0000000000000000000, 0.7500000000033211200 ) ) ;
#6106 = ORIENTED_EDGE ( 'NONE', *, *, #49, .T. ) ;
#6107 = CARTESIAN_POINT ( 'NONE',  ( 0.6502140320371980800, 6.338579685423336100, 5.623805363293889100 ) ) ;
#6108 = AXIS2_PLACEMENT_3D ( 'NONE', #7430, #4312, #8012 ) ;
#6109 = B_SPLINE_CURVE_WITH_KNOTS ( 'NONE', 3,
 ( #5762, #4475, #8173, #6385 ),
 .UNSPECIFIED., .F., .F.,
 ( 4, 4 ),
 ( 0.0000000000000000000, 0.0007707886790429532800 ),
 .UNSPECIFIED. ) ;
#6110 = EDGE_CURVE ( 'NONE', #785, #7962, #7916, .T. ) ;
#6111 = ORIENTED_EDGE ( 'NONE', *, *, #4873, .T. ) ;
#6112 = CARTESIAN_POINT ( 'NONE',  ( -0.5000000000000000000, 4.700000000000000200, -2.500000000000000000 ) ) ;
#6113 = VERTEX_POINT ( 'NONE', #7516 ) ;
#6114 = CARTESIAN_POINT ( 'NONE',  ( 8.572527594031470700E-017, 6.250000000000000000, 3.500000000000000400 ) ) ;
#6115 = LINE ( 'NONE', #5514, #6209 ) ;
#6116 = ADVANCED_FACE ( 'NONE', ( #1019 ), #4396, .F. ) ;
#6117 = EDGE_LOOP ( 'NONE', ( #5458, #5060, #2723, #6688 ) ) ;
#6118 = AXIS2_PLACEMENT_3D ( 'NONE', #7478, #7565, #8378 ) ;
#6119 = LINE ( 'NONE', #1414, #4445 ) ;
#6120 = ORIENTED_EDGE ( 'NONE', *, *, #5062, .F. ) ;
#6121 = ORIENTED_EDGE ( 'NONE', *, *, #7418, .T. ) ;
#6122 = DIRECTION ( 'NONE',  ( -1.000000000000000000, 0.0000000000000000000, -0.0000000000000000000 ) ) ;
#6123 = EDGE_CURVE ( 'NONE', #5421, #6783, #6290, .T. ) ;
#6124 = DIRECTION ( 'NONE',  ( 0.0000000000000000000, 1.000000000000000000, -0.0000000000000000000 ) ) ;
#6125 = VERTEX_POINT ( 'NONE', #1746 ) ;
#6126 = AXIS2_PLACEMENT_3D ( 'NONE', #94, #61, #31 ) ;
#6127 = ORIENTED_EDGE ( 'NONE', *, *, #4048, .T. ) ;
#6128 = VECTOR ( 'NONE', #8212, 1000.000000000000000 ) ;
#6129 = CARTESIAN_POINT ( 'NONE',  ( 3.049999999999999800, 4.500000000000000900, 4.599999999999999600 ) ) ;
#6130 = CARTESIAN_POINT ( 'NONE',  ( 1.750000000000000000, 3.246173311193000000, 0.0000000000000000000 ) ) ;
#6131 = DIRECTION ( 'NONE',  ( 0.0000000000000000000, 0.0000000000000000000, 1.000000000000000000 ) ) ;
#6132 = DIRECTION ( 'NONE',  ( -0.6614378277661208100, -0.0000000000000000000, 0.7500000000000235400 ) ) ;
#6133 = DIRECTION ( 'NONE',  ( 0.0000000000000000000, 1.000000000000000000, 0.0000000000000000000 ) ) ;
#6134 = DIRECTION ( 'NONE',  ( 0.0000000000000000000, 0.0000000000000000000, -1.000000000000000000 ) ) ;
#6135 = CARTESIAN_POINT ( 'NONE',  ( 4.549999999999998900, 5.399999999999999500, 11.32280125192000100 ) ) ;
#6136 = EDGE_CURVE ( 'NONE', #7070, #6996, #1082, .T. ) ;
#6137 = ORIENTED_EDGE ( 'NONE', *, *, #388, .T. ) ;
#6138 = ORIENTED_EDGE ( 'NONE', *, *, #1758, .F. ) ;
#6139 = VECTOR ( 'NONE', #7818, 1000.000000000000000 ) ;
#6140 = PRODUCT_DEFINITION_SHAPE ( 'NONE', 'NONE',  #6585 ) ;
#6141 = CARTESIAN_POINT ( 'NONE',  ( -2.466418100221875200, -8.099998321805511400, 1.727774697067396600 ) ) ;
#6142 = CARTESIAN_POINT ( 'NONE',  ( 0.0000000000000000000, -16.24500000000000100, 0.0000000000000000000 ) ) ;
#6143 = CARTESIAN_POINT ( 'NONE',  ( -2.598081935755228900, -8.100003082805859100, -1.500002817547450000 ) ) ;
#6144 = ORIENTED_EDGE ( 'NONE', *, *, #1363, .F. ) ;
#6145 = EDGE_CURVE ( 'NONE', #7031, #1209, #4416, .T. ) ;
#6146 = AXIS2_PLACEMENT_3D ( 'NONE', #224, #2482, #6866 ) ;
#6147 = ORIENTED_EDGE ( 'NONE', *, *, #2006, .F. ) ;
#6148 = LINE ( 'NONE', #4361, #5852 ) ;
#6149 = ORIENTED_EDGE ( 'NONE', *, *, #81, .T. ) ;
#6150 = VECTOR ( 'NONE', #2802, 1000.000000000000000 ) ;
#6151 = DIRECTION ( 'NONE',  ( 0.0000000000000000000, 0.0000000000000000000, 1.000000000000000000 ) ) ;
#6152 = CARTESIAN_POINT ( 'NONE',  ( 18.87591023243999900, 8.115000000000000200, 9.919999999999999900 ) ) ;
#6153 = ORIENTED_EDGE ( 'NONE', *, *, #3920, .T. ) ;
#6154 = VECTOR ( 'NONE', #674, 1000.000000000000000 ) ;
#6155 = CARTESIAN_POINT ( 'NONE',  ( 3.049999999999999800, 4.059547866544000300, 4.000000000000000000 ) ) ;
#6156 = ORIENTED_EDGE ( 'NONE', *, *, #1149, .F. ) ;
#6157 = LINE ( 'NONE', #3739, #4686 ) ;
#6158 = DIRECTION ( 'NONE',  ( 0.0000000000000000000, 0.0000000000000000000, -1.000000000000000000 ) ) ;
#6159 = ADVANCED_FACE ( 'NONE', ( #2738 ), #3185, .T. ) ;
#6160 = PLANE ( 'NONE',  #6367 ) ;
#6161 = AXIS2_PLACEMENT_3D ( 'NONE', #6964, #6934, #6903 ) ;
#6162 = ORIENTED_EDGE ( 'NONE', *, *, #509, .T. ) ;
#6163 = DIRECTION ( 'NONE',  ( 0.0000000000000000000, 1.000000000000000000, 0.0000000000000000000 ) ) ;
#6164 = LINE ( 'NONE', #2268, #5970 ) ;
#6165 = DIRECTION ( 'NONE',  ( -0.9993785024637752400, 0.0000000000000000000, -0.03525065691957832100 ) ) ;
#6166 = EDGE_LOOP ( 'NONE', ( #1125, #4332, #7942, #2717 ) ) ;
#6167 = CYLINDRICAL_SURFACE ( 'NONE', #3303, 0.2000000000000005100 ) ;
#6168 = VERTEX_POINT ( 'NONE', #1038 ) ;
#6169 = VECTOR ( 'NONE', #511, 1000.000000000000000 ) ;
#6170 = AXIS2_PLACEMENT_3D ( 'NONE', #7924, #4209, #12 ) ;
#6171 = CARTESIAN_POINT ( 'NONE',  ( -4.950000000000000200, 2.149999999999999900, 7.450000000000000200 ) ) ;
#6172 = ORIENTED_EDGE ( 'NONE', *, *, #2881, .T. ) ;
#6173 = DIRECTION ( 'NONE',  ( 0.0000000000000000000, 0.0000000000000000000, -1.000000000000000000 ) ) ;
#6174 = FACE_BOUND ( 'NONE', #5933, .T. ) ;
#6175 = FACE_OUTER_BOUND ( 'NONE', #2515, .T. ) ;
#6176 = VERTEX_POINT ( 'NONE', #7573 ) ;
#6177 = CARTESIAN_POINT ( 'NONE',  ( 1.725519136517520200, -8.099981083571375300, 2.468100272248895600 ) ) ;
#6178 = DIRECTION ( 'NONE',  ( 0.0000000000000000000, 0.0000000000000000000, -1.000000000000000000 ) ) ;
#6179 = EDGE_LOOP ( 'NONE', ( #5419, #348, #4060, #6144 ) ) ;
#6180 = LINE ( 'NONE', #592, #7640 ) ;
#6181 = ORIENTED_EDGE ( 'NONE', *, *, #3924, .F. ) ;
#6182 = FACE_OUTER_BOUND ( 'NONE', #6820, .T. ) ;
#6183 = ADVANCED_FACE ( 'NONE', ( #7557 ), #3763, .T. ) ;
#6184 = ORIENTED_EDGE ( 'NONE', *, *, #1554, .F. ) ;
#6185 = CARTESIAN_POINT ( 'NONE',  ( -4.850000000000000500, 0.0000000000000000000, 5.500000000000000900 ) ) ;
#6186 = EDGE_CURVE ( 'NONE', #7508, #3573, #5902, .T. ) ;
#6187 = CARTESIAN_POINT ( 'NONE',  ( 4.163799117101000600E-016, -0.4000000000000000200, 3.399999999999999900 ) ) ;
#6188 = DIRECTION ( 'NONE',  ( 0.0000000000000000000, 0.0000000000000000000, 1.000000000000000000 ) ) ;
#6189 = CARTESIAN_POINT ( 'NONE',  ( 0.0000000000000000000, 0.0000000000000000000, 10.00000000000000000 ) ) ;
#6190 = CARTESIAN_POINT ( 'NONE',  ( 4.549999999999999800, 1.014999999999999900, 9.619999999999999200 ) ) ;
#6191 = LINE ( 'NONE', #5434, #2845 ) ;
#6192 = VERTEX_POINT ( 'NONE', #5751 ) ;
#6193 = EDGE_CURVE ( 'NONE', #4223, #3935, #4224, .T. ) ;
#6194 = ORIENTED_EDGE ( 'NONE', *, *, #2405, .F. ) ;
#6195 = DIRECTION ( 'NONE',  ( -0.0000000000000000000, 1.000000000000000000, -0.0000000000000000000 ) ) ;
#6196 = CARTESIAN_POINT ( 'NONE',  ( 5.114273150378305200, 7.399999999999478100, 13.57497153597452000 ) ) ;
#6197 = CARTESIAN_POINT ( 'NONE',  ( 4.549999999999999800, 4.099999999999999600, 4.599999999999999600 ) ) ;
#6198 = DIRECTION ( 'NONE',  ( -0.0000000000000000000, -0.0000000000000000000, 1.000000000000000000 ) ) ;
#6199 = CARTESIAN_POINT ( 'NONE',  ( 3.872003062062999900, 5.400000000000002100, 12.39394909638000000 ) ) ;
#6200 = ORIENTED_EDGE ( 'NONE', *, *, #5107, .T. ) ;
#6201 = ADVANCED_FACE ( 'NONE', ( #2527, #5713 ), #3882, .T. ) ;
#6202 = VERTEX_POINT ( 'NONE', #8187 ) ;
#6203 = CARTESIAN_POINT ( 'NONE',  ( 2.730169204626451900, -8.099998385079182100, -1.271208514619593700 ) ) ;
#6204 = DIRECTION ( 'NONE',  ( -0.0000000000000000000, 1.000000000000000000, -0.0000000000000000000 ) ) ;
#6205 = DIRECTION ( 'NONE',  ( 0.0000000000000000000, 0.0000000000000000000, -1.000000000000000000 ) ) ;
#6206 = ORIENTED_EDGE ( 'NONE', *, *, #5693, .T. ) ;
#6207 = ORIENTED_EDGE ( 'NONE', *, *, #808, .F. ) ;
#6208 = DIRECTION ( 'NONE',  ( -0.0000000000000000000, -0.0000000000000000000, 1.000000000000000000 ) ) ;
#6209 = VECTOR ( 'NONE', #5617, 999.9999999999998900 ) ;
#6210 =( BOUNDED_SURFACE ( )  B_SPLINE_SURFACE ( 3, 3, ( 
 ( #1764, #2520, #3828, #8128 ),
 ( #4434, #297, #5097, #1053 ),
 ( #5718, #1798, #6338, #2551 ),
 ( #6933, #3233, #7586, #3847 ) ),
 .UNSPECIFIED., .F., .F., .F. ) 
 B_SPLINE_SURFACE_WITH_KNOTS ( ( 4, 4 ),
 ( 4, 4 ),
 ( 0.0000000000000000000, 1.000000000000000000 ),
 ( 0.0000000000000000000, 1.000000000000000000 ),
 .UNSPECIFIED. ) 
 GEOMETRIC_REPRESENTATION_ITEM ( )  RATIONAL_B_SPLINE_SURFACE ( (
 ( 1.000000000000000000, 0.3333333333333332000, 0.3333333333333332000, 1.000000000000000000),
 ( 0.8047378541243640500, 0.2682459513747879100, 0.2682459513747879100, 0.8047378541243640500),
 ( 0.8047378541243640500, 0.2682459513747879100, 0.2682459513747879100, 0.8047378541243640500),
 ( 1.000000000000000000, 0.3333333333333332000, 0.3333333333333332000, 1.000000000000000000) ) ) 
 REPRESENTATION_ITEM ( '' )  SURFACE ( )  );
#6211 = CARTESIAN_POINT ( 'NONE',  ( -2.969121816591965900, -1.346000000000000100, 4.644929812205723400 ) ) ;
#6212 = DIRECTION ( 'NONE',  ( 0.0000000000000000000, 0.0000000000000000000, -1.000000000000000000 ) ) ;
#6213 = CARTESIAN_POINT ( 'NONE',  ( -1.899999999999999700, 4.700000000000000200, -3.200000000000000200 ) ) ;
#6214 = CARTESIAN_POINT ( 'NONE',  ( 4.549999999999999800, 5.400000000000000400, 0.0000000000000000000 ) ) ;
#6215 = EDGE_LOOP ( 'NONE', ( #1539, #5397, #7282, #2676 ) ) ;
#6216 = DIRECTION ( 'NONE',  ( 0.0000000000000000000, 0.0000000000000000000, -1.000000000000000000 ) ) ;
#6217 = AXIS2_PLACEMENT_3D ( 'NONE', #8457, #1494, #4831 ) ;
#6218 = VERTEX_POINT ( 'NONE', #1882 ) ;
#6219 = ORIENTED_EDGE ( 'NONE', *, *, #2200, .F. ) ;
#6220 = VECTOR ( 'NONE', #8044, 1000.000000000000000 ) ;
#6221 = DIRECTION ( 'NONE',  ( 7.228014483236697500E-016, 0.0000000000000000000, -1.000000000000000000 ) ) ;
#6222 = AXIS2_PLACEMENT_3D ( 'NONE', #4607, #4574, #4545 ) ;
#6223 = CARTESIAN_POINT ( 'NONE',  ( 4.950000000000000200, 2.188477631673894800, 8.408578644406819800 ) ) ;
#6224 = CARTESIAN_POINT ( 'NONE',  ( 0.0000000000000000000, 4.700000000000000200, 0.0000000000000000000 ) ) ;
#6225 = LINE ( 'NONE', #2542, #2875 ) ;
#6226 = EDGE_LOOP ( 'NONE', ( #4298, #514, #6729, #2930 ) ) ;
#6227 = ORIENTED_EDGE ( 'NONE', *, *, #8385, .F. ) ;
#6228 = ADVANCED_FACE ( 'NONE', ( #6088 ), #7139, .T. ) ;
#6229 = VERTEX_POINT ( 'NONE', #6998 ) ;
#6230 = AXIS2_PLACEMENT_3D ( 'NONE', #7315, #7536, #7630 ) ;
#6231 = CARTESIAN_POINT ( 'NONE',  ( 0.0000000000000000000, -1.200000000000000000, 0.0000000000000000000 ) ) ;
#6233 = ORIENTED_EDGE ( 'NONE', *, *, #4887, .F. ) ;
#6232 = DIRECTION ( 'NONE',  ( -0.0000000000000000000, -1.000000000000000000, -0.0000000000000000000 ) ) ;
#6234 = ORIENTED_EDGE ( 'NONE', *, *, #3226, .F. ) ;
#6235 = LINE ( 'NONE', #3006, #7871 ) ;
#6236 = EDGE_CURVE ( 'NONE', #1836, #2250, #304, .T. ) ;
#6237 = AXIS2_PLACEMENT_3D ( 'NONE', #7842, #8387, #4739 ) ;
#6238 = VERTEX_POINT ( 'NONE', #3908 ) ;
#6239 = ADVANCED_FACE ( 'NONE', ( #4032 ), #60, .T. ) ;
#6240 = CARTESIAN_POINT ( 'NONE',  ( -4.950000000000001100, 2.208578643762690000, 7.450000000000001100 ) ) ;
#6241 = VERTEX_POINT ( 'NONE', #5805 ) ;
#6242 = PLANE ( 'NONE',  #5255 ) ;
#6243 = EDGE_CURVE ( 'NONE', #3935, #5478, #2069, .T. ) ;
#6244 = VECTOR ( 'NONE', #4442, 1000.000000000000000 ) ;
#6245 = ORIENTED_EDGE ( 'NONE', *, *, #2159, .F. ) ;
#6246 = VECTOR ( 'NONE', #5631, 1000.000000000000000 ) ;
#6247 = DIRECTION ( 'NONE',  ( -0.0000000000000000000, -1.000000000000000000, 0.0000000000000000000 ) ) ;
#6248 = DIRECTION ( 'NONE',  ( -0.0000000000000000000, 1.000000000000000000, -0.0000000000000000000 ) ) ;
#6249 = ORIENTED_EDGE ( 'NONE', *, *, #1394, .T. ) ;
#6250 = LINE ( 'NONE', #392, #6052 ) ;
#6251 = ORIENTED_EDGE ( 'NONE', *, *, #1065, .T. ) ;
#6252 = LINE ( 'NONE', #4394, #6056 ) ;
#6253 = ORIENTED_EDGE ( 'NONE', *, *, #3299, .F. ) ;
#6254 = CIRCLE ( 'NONE', #7260, 0.2999999999999999300 ) ;
#6255 = DIRECTION ( 'NONE',  ( 0.0000000000000000000, 1.000000000000000000, -0.0000000000000000000 ) ) ;
#6256 = VECTOR ( 'NONE', #1610, 1000.000000000000000 ) ;
#6257 = EDGE_CURVE ( 'NONE', #1209, #5622, #2304, .T. ) ;
#6258 = ORIENTED_EDGE ( 'NONE', *, *, #1475, .F. ) ;
#6259 = ORIENTED_EDGE ( 'NONE', *, *, #139, .T. ) ;
#6260 = DIRECTION ( 'NONE',  ( -1.000000000000000000, 0.0000000000000000000, 0.0000000000000000000 ) ) ;
#6261 = CARTESIAN_POINT ( 'NONE',  ( 2.545738749516671500, -1.494789755157234000, -4.874029652655065300 ) ) ;
#6262 = VECTOR ( 'NONE', #5536, 1000.000000000000000 ) ;
#6263 = CARTESIAN_POINT ( 'NONE',  ( 0.8700000000000000000, 4.049999999999999800, -0.5000000000000000000 ) ) ;
#6264 = ORIENTED_EDGE ( 'NONE', *, *, #7364, .F. ) ;
#6265 = DIRECTION ( 'NONE',  ( 0.0000000000000000000, -0.0000000000000000000, 1.000000000000000000 ) ) ;
#6267 = VERTEX_POINT ( 'NONE', #8229 ) ;
#6266 = AXIS2_PLACEMENT_3D ( 'NONE', #1364, #2125, #6592 ) ;
#6268 = ADVANCED_FACE ( 'NONE', ( #5506 ), #1165, .T. ) ;
#6269 = CARTESIAN_POINT ( 'NONE',  ( -0.5000000000000000000, 4.049999999999999800, 2.500000000000000000 ) ) ;
#6270 = LINE ( 'NONE', #3246, #751 ) ;
#6271 = DIRECTION ( 'NONE',  ( 0.0000000000000000000, -1.000000000000000000, 0.0000000000000000000 ) ) ;
#6272 = DIRECTION ( 'NONE',  ( 0.0000000000000000000, 0.0000000000000000000, 1.000000000000000000 ) ) ;
#6273 = DIRECTION ( 'NONE',  ( -1.000000000000000000, 0.0000000000000000000, 0.0000000000000000000 ) ) ;
#6274 = VERTEX_POINT ( 'NONE', #4548 ) ;
#6275 = FACE_OUTER_BOUND ( 'NONE', #7106, .T. ) ;
#6276 = DIRECTION ( 'NONE',  ( 0.0000000000000000000, 0.0000000000000000000, 1.000000000000000000 ) ) ;
#6277 = ORIENTED_EDGE ( 'NONE', *, *, #367, .T. ) ;
#6278 = DIRECTION ( 'NONE',  ( 0.0000000000000000000, -1.000000000000000000, 0.0000000000000000000 ) ) ;
#6279 = CARTESIAN_POINT ( 'NONE',  ( -0.6999999999999999600, 2.946173311192998400, 9.923000000000000000 ) ) ;
#6280 = CYLINDRICAL_SURFACE ( 'NONE', #6419, 4.099999999999999600 ) ;
#6281 = CARTESIAN_POINT ( 'NONE',  ( -4.950000000000000200, 1.850000000000000100, -3.048502316928000300 ) ) ;
#6282 = DIRECTION ( 'NONE',  ( 0.0000000000000000000, 1.000000000000000000, 0.0000000000000000000 ) ) ;
#6283 = CIRCLE ( 'NONE', #4001, 2.499995456364858100 ) ;
#6284 = ORIENTED_EDGE ( 'NONE', *, *, #2534, .F. ) ;
#6285 = DIRECTION ( 'NONE',  ( 0.6941355705842079400, 0.0000000000000000000, 0.7198442954207083800 ) ) ;
#6286 = VECTOR ( 'NONE', #5171, 1000.000000000000000 ) ;
#6287 = EDGE_CURVE ( 'NONE', #5878, #1226, #1829, .T. ) ;
#6288 = ADVANCED_FACE ( 'NONE', ( #5129 ), #1586, .F. ) ;
#6289 = ORIENTED_EDGE ( 'NONE', *, *, #2306, .T. ) ;
#6290 = LINE ( 'NONE', #5672, #2944 ) ;
#6291 = EDGE_CURVE ( 'NONE', #2013, #2250, #3475, .T. ) ;
#6292 = DIRECTION ( 'NONE',  ( 0.0000000000000000000, 0.0000000000000000000, 1.000000000000000000 ) ) ;
#6293 = LINE ( 'NONE', #7581, #1021 ) ;
#6294 = EDGE_LOOP ( 'NONE', ( #7219, #4637, #4264, #7690 ) ) ;
#6295 = CARTESIAN_POINT ( 'NONE',  ( 4.120987516469999600, 5.400000000000000400, 12.26281305128999900 ) ) ;
#6296 = AXIS2_PLACEMENT_3D ( 'NONE', #4074, #4052, #4024 ) ;
#6297 = EDGE_LOOP ( 'NONE', ( #6605, #1039, #6907, #7894, #2622, #6342 ) ) ;
#6298 = CARTESIAN_POINT ( 'NONE',  ( 2.598075369644055100, -8.100000511174373600, -1.500000540738096700 ) ) ;
#6299 = CARTESIAN_POINT ( 'NONE',  ( -4.125720662159555900, 7.400000000000002100, 12.53256902702200300 ) ) ;
#6300 = VECTOR ( 'NONE', #7700, 1000.000000000000000 ) ;
#6301 = VERTEX_POINT ( 'NONE', #5230 ) ;
#6302 = CARTESIAN_POINT ( 'NONE',  ( 0.0000000000000000000, 0.0000000000000000000, -3.060000000000000100 ) ) ;
#6303 = EDGE_CURVE ( 'NONE', #8035, #6996, #6739, .T. ) ;
#6304 = CARTESIAN_POINT ( 'NONE',  ( -0.5499996096467753000, 6.399999999999717000, 4.200000000000000200 ) ) ;
#6305 = CARTESIAN_POINT ( 'NONE',  ( 0.0000000000000000000, 0.0000000000000000000, 0.0000000000000000000 ) ) ;
#6306 = EDGE_LOOP ( 'NONE', ( #5290, #5951, #2619, #6538, #923, #6925, #7822 ) ) ;
#6307 = ORIENTED_EDGE ( 'NONE', *, *, #1416, .T. ) ;
#6308 = EDGE_CURVE ( 'NONE', #3073, #777, #8342, .T. ) ;
#6309 = AXIS2_PLACEMENT_3D ( 'NONE', #2332, #6735, #3011 ) ;
#6310 = ORIENTED_EDGE ( 'NONE', *, *, #972, .T. ) ;
#6311 = DIRECTION ( 'NONE',  ( -0.0000000000000000000, -1.000000000000000000, -0.0000000000000000000 ) ) ;
#6312 = CIRCLE ( 'NONE', #7783, 0.2999999999999999300 ) ;
#6313 = ADVANCED_FACE ( 'NONE', ( #6573 ), #7081, .T. ) ;
#6314 = VERTEX_POINT ( 'NONE', #3987 ) ;
#6315 = VERTEX_POINT ( 'NONE', #6495 ) ;
#6316 = VERTEX_POINT ( 'NONE', #2736 ) ;
#6317 = DIRECTION ( 'NONE',  ( 0.0000000000000000000, 0.0000000000000000000, 1.000000000000000000 ) ) ;
#6318 = EDGE_CURVE ( 'NONE', #8284, #2342, #5320, .T. ) ;
#6319 = LINE ( 'NONE', #6533, #6502 ) ;
#6320 =( BOUNDED_SURFACE ( )  B_SPLINE_SURFACE ( 3, 3, ( 
 ( #6454, #5812, #7058, #3362 ),
 ( #7697, #3964, #8260, #4580 ),
 ( #469, #5235, #1234, #5856 ),
 ( #1990, #6480, #2710, #7085 ) ),
 .UNSPECIFIED., .F., .F., .F. ) 
 B_SPLINE_SURFACE_WITH_KNOTS ( ( 4, 4 ),
 ( 4, 4 ),
 ( 0.0000000000000000000, 1.000000000000000000 ),
 ( 0.0000000000000000000, 1.000000000000000000 ),
 .UNSPECIFIED. ) 
 GEOMETRIC_REPRESENTATION_ITEM ( )  RATIONAL_B_SPLINE_SURFACE ( (
 ( 1.000000000000000000, 0.3333333333333330900, 0.3333333333333330900, 1.000000000000000000),
 ( 0.8047378541243608300, 0.2682459513747867400, 0.2682459513747867400, 0.8047378541243608300),
 ( 0.8047378541243608300, 0.2682459513747867400, 0.2682459513747867400, 0.8047378541243608300),
 ( 1.000000000000000000, 0.3333333333333330900, 0.3333333333333330900, 1.000000000000000000) ) ) 
 REPRESENTATION_ITEM ( '' )  SURFACE ( )  );
#6321 = DIRECTION ( 'NONE',  ( -0.6881162959158699800, 0.0000000000000000000, 0.7256004157213684600 ) ) ;
#6322 = DIRECTION ( 'NONE',  ( 0.0000000000000000000, -1.000000000000000000, 0.0000000000000000000 ) ) ;
#6323 = ORIENTED_EDGE ( 'NONE', *, *, #59, .F. ) ;
#6324 = VECTOR ( 'NONE', #4753, 1000.000000000000000 ) ;
#6325 = ORIENTED_EDGE ( 'NONE', *, *, #1854, .T. ) ;
#6326 = ORIENTED_EDGE ( 'NONE', *, *, #684, .F. ) ;
#6327 = ADVANCED_FACE ( 'NONE', ( #3054 ), #4920, .T. ) ;
#6328 = DIRECTION ( 'NONE',  ( 1.000000000000000000, 0.0000000000000000000, -0.0000000000000000000 ) ) ;
#6329 = CARTESIAN_POINT ( 'NONE',  ( 0.0000000000000000000, 4.700000000000000200, -2.500000000000000000 ) ) ;
#6330 = DIRECTION ( 'NONE',  ( -1.000000000000000000, 0.0000000000000000000, -0.0000000000000000000 ) ) ;
#6331 = PLANE ( 'NONE',  #7808 ) ;
#6332 = AXIS2_PLACEMENT_3D ( 'NONE', #6529, #568, #5323 ) ;
#6333 = VERTEX_POINT ( 'NONE', #5284 ) ;
#6334 = CARTESIAN_POINT ( 'NONE',  ( -0.7500000000000000000, 2.946173311192999300, 9.377564394267999100 ) ) ;
#6335 = EDGE_CURVE ( 'NONE', #5878, #4759, #7986, .T. ) ;
#6336 = ORIENTED_EDGE ( 'NONE', *, *, #7734, .F. ) ;
#6337 = CYLINDRICAL_SURFACE ( 'NONE', #532, 3.060000000000000100 ) ;
#6338 = CARTESIAN_POINT ( 'NONE',  ( 4.908578643762692400, 2.250000000000000900, -3.500000000000000900 ) ) ;
#6339 = EDGE_CURVE ( 'NONE', #7793, #7500, #6384, .T. ) ;
#6340 = DIRECTION ( 'NONE',  ( 0.0000000000000000000, -1.000000000000000000, 0.0000000000000000000 ) ) ;
#6341 = CARTESIAN_POINT ( 'NONE',  ( -3.445999999999999700, -1.600000000000000300, 3.952872858918868600 ) ) ;
#6342 = ORIENTED_EDGE ( 'NONE', *, *, #1398, .T. ) ;
#6343 = ORIENTED_EDGE ( 'NONE', *, *, #1896, .T. ) ;
#6344 = ORIENTED_EDGE ( 'NONE', *, *, #4230, .T. ) ;
#6345 = FACE_OUTER_BOUND ( 'NONE', #4542, .T. ) ;
#6346 = ORIENTED_EDGE ( 'NONE', *, *, #2782, .T. ) ;
#6347 = ORIENTED_EDGE ( 'NONE', *, *, #6145, .T. ) ;
#6348 = CARTESIAN_POINT ( 'NONE',  ( -4.949999999999999300, 1.791421356237309100, -3.417157287525381300 ) ) ;
#6349 = VECTOR ( 'NONE', #4543, 1000.000000000000000 ) ;
#6350 = ORIENTED_EDGE ( 'NONE', *, *, #6791, .F. ) ;
#6351 = LINE ( 'NONE', #7227, #4676 ) ;
#6352 = CARTESIAN_POINT ( 'NONE',  ( 3.722003062064571700, 7.399999999999996800, 12.26166153082040500 ) ) ;
#6353 = ADVANCED_FACE ( 'NONE', ( #3272 ), #1292, .F. ) ;
#6354 = CARTESIAN_POINT ( 'NONE',  ( 4.400000000000000400, 4.049999999999999800, 3.200000000000000200 ) ) ;
#6355 = CARTESIAN_POINT ( 'NONE',  ( 4.950000000000000200, 8.000000000000000000, 8.349999999999999600 ) ) ;
#6356 = ORIENTED_EDGE ( 'NONE', *, *, #1263, .T. ) ;
#6357 = CARTESIAN_POINT ( 'NONE',  ( 3.600000000000000500, 5.400000000000000400, 12.40000000000000200 ) ) ;
#6358 = VECTOR ( 'NONE', #2681, 1000.000000000000000 ) ;
#6359 = DIRECTION ( 'NONE',  ( -1.000000000000000000, -0.0000000000000000000, 0.0000000000000000000 ) ) ;
#6360 = EDGE_LOOP ( 'NONE', ( #2545, #6084, #185, #3871, #5945, #1359, #5220 ) ) ;
#6361 = VECTOR ( 'NONE', #4329, 1000.000000000000000 ) ;
#6362 = ORIENTED_EDGE ( 'NONE', *, *, #6905, .F. ) ;
#6363 = CARTESIAN_POINT ( 'NONE',  ( 4.850000000000000500, 7.400000000000000400, -5.500000000000000000 ) ) ;
#6364 = CARTESIAN_POINT ( 'NONE',  ( 3.445432778308668000, -1.599999999999999900, -4.222486440541368700 ) ) ;
#6365 = ORIENTED_EDGE ( 'NONE', *, *, #828, .T. ) ;
#6366 = ADVANCED_FACE ( 'NONE', ( #4504 ), #1322, .T. ) ;
#6367 = AXIS2_PLACEMENT_3D ( 'NONE', #840, #2355, #6754 ) ;
#6368 = LINE ( 'NONE', #7860, #5972 ) ;
#6369 = LINE ( 'NONE', #7360, #4698 ) ;
#6370 = ORIENTED_EDGE ( 'NONE', *, *, #1974, .F. ) ;
#6371 = CYLINDRICAL_SURFACE ( 'NONE', #2577, 0.2999999999999999300 ) ;
#6372 = VERTEX_POINT ( 'NONE', #2084 ) ;
#6373 = DIRECTION ( 'NONE',  ( 0.0000000000000000000, 0.0000000000000000000, 1.000000000000000000 ) ) ;
#6374 = CIRCLE ( 'NONE', #1751, 0.2000000000000005100 ) ;
#6375 = FILL_AREA_STYLE ('',( #5752 ) ) ;
#6376 = LINE ( 'NONE', #2454, #4709 ) ;
#6377 = ORIENTED_EDGE ( 'NONE', *, *, #4238, .F. ) ;
#6378 = ORIENTED_EDGE ( 'NONE', *, *, #7964, .T. ) ;
#6379 = CARTESIAN_POINT ( 'NONE',  ( 1.899999999999999900, 4.049999999999999800, -4.799999999999999800 ) ) ;
#6380 = AXIS2_PLACEMENT_3D ( 'NONE', #5363, #5342, #5315 ) ;
#6381 = CARTESIAN_POINT ( 'NONE',  ( 1.800000000000000300, 3.246173311193000000, 9.923000000000000000 ) ) ;
#6382 = CARTESIAN_POINT ( 'NONE',  ( -0.7489158714129633400, 6.250000000000000900, -2.825545556394005500 ) ) ;
#6383 = CARTESIAN_POINT ( 'NONE',  ( -0.8700000000000000000, 4.700000000000000200, 0.5000000000000000000 ) ) ;
#6384 = CIRCLE ( 'NONE', #3665, 0.2540000000000001700 ) ;
#6385 = CARTESIAN_POINT ( 'NONE',  ( -2.598081935755228900, -8.100003082805859100, -1.500002817547450000 ) ) ;
#6386 = EDGE_LOOP ( 'NONE', ( #5025, #2549, #6453, #834 ) ) ;
#6387 = DIRECTION ( 'NONE',  ( 1.000000000000000000, -0.0000000000000000000, 0.0000000000000000000 ) ) ;
#6388 = AXIS2_PLACEMENT_3D ( 'NONE', #7484, #8062, #7146 ) ;
#6389 = CARTESIAN_POINT ( 'NONE',  ( 5.021051876504147400E-016, 0.0000000000000000000, 4.099999999999999600 ) ) ;
#6390 = CARTESIAN_POINT ( 'NONE',  ( 3.000000000000000000, 1.300000000000000300, 4.200000000000000200 ) ) ;
#6391 = CIRCLE ( 'NONE', #2934, 0.5799999999999999600 ) ;
#6392 = ORIENTED_EDGE ( 'NONE', *, *, #1079, .F. ) ;
#6393 = ORIENTED_EDGE ( 'NONE', *, *, #5512, .F. ) ;
#6394 = DIRECTION ( 'NONE',  ( -1.000000000000000000, 0.0000000000000000000, 0.0000000000000000000 ) ) ;
#6395 = VERTEX_POINT ( 'NONE', #3474 ) ;
#6396 = DIRECTION ( 'NONE',  ( 0.0000000000000000000, 0.0000000000000000000, -1.000000000000000000 ) ) ;
#6397 = EDGE_CURVE ( 'NONE', #3917, #1802, #7831, .T. ) ;
#6398 = VERTEX_POINT ( 'NONE', #4068 ) ;
#6399 = DIRECTION ( 'NONE',  ( 0.0000000000000000000, 1.000000000000000000, -0.0000000000000000000 ) ) ;
#6400 = DIRECTION ( 'NONE',  ( 0.0000000000000000000, 1.000000000000000000, 0.0000000000000000000 ) ) ;
#6401 = CARTESIAN_POINT ( 'NONE',  ( -2.553999999999999800, -1.600000000000000100, 4.200000000000000200 ) ) ;
#6402 = CARTESIAN_POINT ( 'NONE',  ( -4.908578643762692400, 8.500000000000005300, 7.949999999999998400 ) ) ;
#6403 = PLANE ( 'NONE',  #2984 ) ;
#6404 = ORIENTED_EDGE ( 'NONE', *, *, #6017, .T. ) ;
#6405 = CARTESIAN_POINT ( 'NONE',  ( -4.850000000000000500, -0.4000000000000000200, 3.399999999999999900 ) ) ;
#6406 = CARTESIAN_POINT ( 'NONE',  ( -3.444929812318205700, -1.600000000000000300, 4.230878181787243600 ) ) ;
#6407 = VERTEX_POINT ( 'NONE', #7165 ) ;
#6408 = CIRCLE ( 'NONE', #7921, 0.2999999999999999300 ) ;
#6409 = EDGE_CURVE ( 'NONE', #3681, #45, #6180, .T. ) ;
#6410 = AXIS2_PLACEMENT_3D ( 'NONE', #6694, #7324, #3618 ) ;
#6411 = ADVANCED_FACE ( 'NONE', ( #2837 ), #6583, .F. ) ;
#6412 = DIRECTION ( 'NONE',  ( 1.000000000000000000, 0.0000000000000000000, -0.0000000000000000000 ) ) ;
#6413 = ORIENTED_EDGE ( 'NONE', *, *, #7820, .F. ) ;
#6414 = CARTESIAN_POINT ( 'NONE',  ( 4.549999999999999800, 5.400000000000000400, 11.32280125192000000 ) ) ;
#6415 = DIRECTION ( 'NONE',  ( 0.0000000000000000000, 0.0000000000000000000, -1.000000000000000000 ) ) ;
#6416 = EDGE_LOOP ( 'NONE', ( #3122, #5790, #661, #4455, #5093, #1877, #5767, #8219 ) ) ;
#6417 = ORIENTED_EDGE ( 'NONE', *, *, #1793, .T. ) ;
#6418 = FACE_OUTER_BOUND ( 'NONE', #7415, .T. ) ;
#6419 = AXIS2_PLACEMENT_3D ( 'NONE', #4895, #4927, #6173 ) ;
#6420 = ORIENTED_EDGE ( 'NONE', *, *, #2076, .T. ) ;
#6421 = ORIENTED_EDGE ( 'NONE', *, *, #4769, .F. ) ;
#6422 = CARTESIAN_POINT ( 'NONE',  ( 4.850000000000000500, 7.700000000000000200, 9.919999999999999900 ) ) ;
#6423 = ORIENTED_EDGE ( 'NONE', *, *, #3614, .F. ) ;
#6424 = CARTESIAN_POINT ( 'NONE',  ( -3.872003062062999900, 5.400000000000002100, 12.39394909638000000 ) ) ;
#6425 = PLANE ( 'NONE',  #6773 ) ;
#6426 = CARTESIAN_POINT ( 'NONE',  ( -3.030878375134738300, -1.600000000000000300, 3.755067331298787900 ) ) ;
#6427 = CLOSED_SHELL ( 'NONE', ( #3315, #2039, #3134, #5138 ) ) ;
#6428 = CARTESIAN_POINT ( 'NONE',  ( 4.549999999999999800, 0.7153752346684523200, 9.904999999999500200 ) ) ;
#6429 = DIRECTION ( 'NONE',  ( 1.000000000000000000, -0.0000000000000000000, -0.0000000000000000000 ) ) ;
#6430 = ORIENTED_EDGE ( 'NONE', *, *, #6236, .T. ) ;
#6431 = CIRCLE ( 'NONE', #1228, 1.003444069194000100 ) ;
#6432 = CARTESIAN_POINT ( 'NONE',  ( -3.669931063922628600, -1.494789755157234700, 4.657530095525458200 ) ) ;
#6433 = ORIENTED_EDGE ( 'NONE', *, *, #5814, .F. ) ;
#6434 = ORIENTED_EDGE ( 'NONE', *, *, #1840, .F. ) ;
#6435 = LINE ( 'NONE', #4514, #6244 ) ;
#6436 = ORIENTED_EDGE ( 'NONE', *, *, #7130, .F. ) ;
#6437 = CIRCLE ( 'NONE', #7792, 0.2999999999999999300 ) ;
#6438 = CARTESIAN_POINT ( 'NONE',  ( 4.400000000000000400, 4.700000000000000200, -4.799999999999999800 ) ) ;
#6439 = EDGE_CURVE ( 'NONE', #7381, #1669, #884, .T. ) ;
#6440 = DIRECTION ( 'NONE',  ( 1.000000000000000000, -0.0000000000000000000, 0.0000000000000000000 ) ) ;
#6441 = ORIENTED_EDGE ( 'NONE', *, *, #773, .T. ) ;
#6442 = LINE ( 'NONE', #551, #6169 ) ;
#6443 = LINE ( 'NONE', #4538, #6349 ) ;
#6444 = VERTEX_POINT ( 'NONE', #5987 ) ;
#6445 = LINE ( 'NONE', #8180, #8053 ) ;
#6446 = VECTOR ( 'NONE', #1980, 1000.000000000000000 ) ;
#6447 = CARTESIAN_POINT ( 'NONE',  ( -2.900000000000000400, 41.88643412431000000, 9.923000000000000000 ) ) ;
#6448 = EDGE_CURVE ( 'NONE', #2365, #7500, #1357, .T. ) ;
#6449 = CARTESIAN_POINT ( 'NONE',  ( 1.800000000000000300, 41.88643412431000000, 9.923000000000000000 ) ) ;
#6450 = ADVANCED_FACE ( 'NONE', ( #2634 ), #8374, .T. ) ;
#6451 = DIRECTION ( 'NONE',  ( -0.0000000000000000000, 1.000000000000000000, -0.0000000000000000000 ) ) ;
#6452 = FACE_OUTER_BOUND ( 'NONE', #5333, .T. ) ;
#6453 = ORIENTED_EDGE ( 'NONE', *, *, #8056, .F. ) ;
#6454 = CARTESIAN_POINT ( 'NONE',  ( 4.950000000000000200, 8.000000000000000000, 8.050000000000000700 ) ) ;
#6455 = CYLINDRICAL_SURFACE ( 'NONE', #7033, 0.2999999999999999300 ) ;
#6456 = DIRECTION ( 'NONE',  ( -1.000000000000000000, -0.0000000000000000000, -0.0000000000000000000 ) ) ;
#6457 = CARTESIAN_POINT ( 'NONE',  ( 4.850000000000000500, 5.399999999999999500, 11.43619059383000000 ) ) ;
#6458 = AXIS2_PLACEMENT_3D ( 'NONE', #3417, #8303, #4646 ) ;
#6459 = ORIENTED_EDGE ( 'NONE', *, *, #3106, .F. ) ;
#6460 = ORIENTED_EDGE ( 'NONE', *, *, #903, .T. ) ;
#6461 = CARTESIAN_POINT ( 'NONE',  ( 4.950000000000000200, 3.899999999999999900, 4.599999999999999600 ) ) ;
#6462 =( BOUNDED_SURFACE ( )  B_SPLINE_SURFACE ( 3, 3, ( 
 ( #6653, #2909, #7900, #4173, #8449, #4818, #734 ),
 ( #5447, #1482, #6071, #2243, #6675, #2938, #7305 ),
 ( #3598, #7922, #4207, #11, #4842, #765, #5479 ),
 ( #1515, #6097, #2280, #6701, #2967, #7332, #3628 ) ),
 .UNSPECIFIED., .F., .F., .T. ) 
 B_SPLINE_SURFACE_WITH_KNOTS ( ( 4, 4 ),
 ( 4, 3, 4 ),
 ( 0.0000000000000000000, 1.000000000000000000 ),
 ( 0.0000000000000000000, 0.5000000000000000000, 1.000000000000000000 ),
 .UNSPECIFIED. ) 
 GEOMETRIC_REPRESENTATION_ITEM ( )  RATIONAL_B_SPLINE_SURFACE ( (
 ( 1.000000000000000000, 0.8047378532657480900, 0.8047378532657480900, 1.000000000000000000, 0.8047378532657480900, 0.8047378532657480900, 1.000000000000000000),
 ( 0.8047378541243632700, 0.6476030131697247900, 0.6476030131697247900, 0.8047378541243632700, 0.6476030131697247900, 0.6476030131697247900, 0.8047378541243632700),
 ( 0.8047378541243632700, 0.6476030131697247900, 0.6476030131697247900, 0.8047378541243632700, 0.6476030131697247900, 0.6476030131697247900, 0.8047378541243632700),
 ( 1.000000000000000000, 0.8047378532657480900, 0.8047378532657480900, 1.000000000000000000, 0.8047378532657480900, 0.8047378532657480900, 1.000000000000000000) ) ) 
 REPRESENTATION_ITEM ( '' )  SURFACE ( )  );
#6463 = VECTOR ( 'NONE', #5052, 1000.000000000000000 ) ;
#6464 = CARTESIAN_POINT ( 'NONE',  ( 0.0000000000000000000, 3.600000000000000500, 0.0000000000000000000 ) ) ;
#6465 = VECTOR ( 'NONE', #3886, 1000.000000000000000 ) ;
#6466 = ORIENTED_EDGE ( 'NONE', *, *, #5958, .T. ) ;
#6467 = DIRECTION ( 'NONE',  ( 0.0000000000000000000, 0.0000000000000000000, -1.000000000000000000 ) ) ;
#6469 = EDGE_LOOP ( 'NONE', ( #1046, #4871 ) ) ;
#6468 = AXIS2_PLACEMENT_3D ( 'NONE', #4250, #72, #4902 ) ;
#6470 = CIRCLE ( 'NONE', #6005, 0.2999999999999999300 ) ;
#6471 = LINE ( 'NONE', #7016, #4816 ) ;
#6472 = ORIENTED_EDGE ( 'NONE', *, *, #1254, .T. ) ;
#6473 = FACE_BOUND ( 'NONE', #6854, .T. ) ;
#6474 = CARTESIAN_POINT ( 'NONE',  ( -1.899999999999999900, 4.700000000000000200, -4.799999999999999800 ) ) ;
#6475 = ORIENTED_EDGE ( 'NONE', *, *, #5451, .T. ) ;
#6476 = DIRECTION ( 'NONE',  ( 0.0000000000000000000, 0.0000000000000000000, -1.000000000000000000 ) ) ;
#6477 = VECTOR ( 'NONE', #2442, 1000.000000000000000 ) ;
#6478 = FACE_OUTER_BOUND ( 'NONE', #7489, .T. ) ;
#6479 = ORIENTED_EDGE ( 'NONE', *, *, #1881, .F. ) ;
#6480 = CARTESIAN_POINT ( 'NONE',  ( 4.850000000000000500, 8.499999999999996400, 7.950000000000000200 ) ) ;
#6481 = CARTESIAN_POINT ( 'NONE',  ( 1.899999999999999900, 4.049999999999999800, 4.799999999999999800 ) ) ;
#6482 = CARTESIAN_POINT ( 'NONE',  ( 4.000000000000000000, 7.400000000000000400, 12.40000000000000200 ) ) ;
#6483 = VERTEX_POINT ( 'NONE', #5393 ) ;
#6484 = CARTESIAN_POINT ( 'NONE',  ( -3.030878183408034100, -1.346000000000000100, 3.755070187794277800 ) ) ;
#6485 = PLANE ( 'NONE',  #1439 ) ;
#6486 = ADVANCED_FACE ( 'NONE', ( #7445 ), #1408, .T. ) ;
#6487 = ORIENTED_EDGE ( 'NONE', *, *, #7777, .F. ) ;
#6488 = CARTESIAN_POINT ( 'NONE',  ( 0.0000000000000000000, 4.049999999999999800, 0.0000000000000000000 ) ) ;
#6489 = ORIENTED_EDGE ( 'NONE', *, *, #1735, .F. ) ;
#6490 = CARTESIAN_POINT ( 'NONE',  ( -18.74924356577335200, 7.019999999999999600, 22.17894791717119000 ) ) ;
#6491 = EDGE_CURVE ( 'NONE', #2013, #478, #5800, .T. ) ;
#6492 = ORIENTED_EDGE ( 'NONE', *, *, #1633, .T. ) ;
#6493 = LINE ( 'NONE', #6726, #6220 ) ;
#6494 = AXIS2_PLACEMENT_3D ( 'NONE', #8075, #1728, #6272 ) ;
#6495 = CARTESIAN_POINT ( 'NONE',  ( -4.850000000000458800, 7.400000000000000400, 11.43619059382040200 ) ) ;
#6496 = ORIENTED_EDGE ( 'NONE', *, *, #4278, .T. ) ;
#6497 = EDGE_CURVE ( 'NONE', #1848, #6113, #4121, .T. ) ;
#6498 = DIRECTION ( 'NONE',  ( 1.000000000000000000, 0.0000000000000000000, -0.0000000000000000000 ) ) ;
#6499 = ORIENTED_EDGE ( 'NONE', *, *, #5892, .F. ) ;
#6500 = ORIENTED_EDGE ( 'NONE', *, *, #2388, .F. ) ;
#6501 = CARTESIAN_POINT ( 'NONE',  ( -0.5000000000000000000, 4.049999999999999800, 2.500000000000000000 ) ) ;
#6502 = VECTOR ( 'NONE', #6429, 1000.000000000000000 ) ;
#6503 = DIRECTION ( 'NONE',  ( 0.0000000000000000000, 0.0000000000000000000, -1.000000000000000000 ) ) ;
#6504 = DIRECTION ( 'NONE',  ( 0.0000000000000000000, 1.000000000000000000, -0.0000000000000000000 ) ) ;
#6505 = DIRECTION ( 'NONE',  ( 1.000000000000000000, 0.0000000000000000000, -0.0000000000000000000 ) ) ;
#6506 = ORIENTED_EDGE ( 'NONE', *, *, #8169, .T. ) ;
#6507 = CIRCLE ( 'NONE', #7582, 0.7000000000000000700 ) ;
#6508 = ORIENTED_EDGE ( 'NONE', *, *, #6697, .F. ) ;
#6509 = DIRECTION ( 'NONE',  ( 1.000000000000000000, 0.0000000000000000000, 0.0000000000000000000 ) ) ;
#6510 = ORIENTED_EDGE ( 'NONE', *, *, #6448, .T. ) ;
#6511 = AXIS2_PLACEMENT_3D ( 'NONE', #2070, #5334, #2721 ) ;
#6512 = CARTESIAN_POINT ( 'NONE',  ( -4.950000000000001100, 2.749999999999999100, 8.408578643762691500 ) ) ;
#6513 = DIRECTION ( 'NONE',  ( 0.0000000000000000000, 0.0000000000000000000, 1.000000000000000000 ) ) ;
#6514 = CARTESIAN_POINT ( 'NONE',  ( 4.949999999999477900, 5.557401153702619100, 13.79999999999955500 ) ) ;
#6515 = ORIENTED_EDGE ( 'NONE', *, *, #5839, .T. ) ;
#6516 = VERTEX_POINT ( 'NONE', #692 ) ;
#6517 = FACE_OUTER_BOUND ( 'NONE', #825, .T. ) ;
#6518 = CARTESIAN_POINT ( 'NONE',  ( 4.660158464154713800, 7.400000000000000400, 13.49942359245681400 ) ) ;
#6519 = AXIS2_PLACEMENT_3D ( 'NONE', #183, #4996, #932 ) ;
#6520 = CARTESIAN_POINT ( 'NONE',  ( 4.549999999999999800, 3.899999999999999500, -5.500000000000000900 ) ) ;
#6521 = ORIENTED_EDGE ( 'NONE', *, *, #5814, .T. ) ;
#6522 = ORIENTED_EDGE ( 'NONE', *, *, #639, .T. ) ;
#6523 = AXIS2_PLACEMENT_3D ( 'NONE', #6142, #6282, #6091 ) ;
#6524 = DIRECTION ( 'NONE',  ( 1.000000000000000000, 0.0000000000000000000, 0.0000000000000000000 ) ) ;
#6525 = ADVANCED_FACE ( 'NONE', ( #418 ), #6626, .T. ) ;
#6526 = EDGE_LOOP ( 'NONE', ( #4989, #8458, #3591, #6251, #1150, #4954, #5101, #2300, #6184, #494, #3368, #7475, #2112 ) ) ;
#6527 = VECTOR ( 'NONE', #8268, 1000.000000000000000 ) ;
#6528 = FACE_OUTER_BOUND ( 'NONE', #7865, .T. ) ;
#6529 = CARTESIAN_POINT ( 'NONE',  ( 4.549999999999999800, 0.0000000000000000000, 5.500000000000000000 ) ) ;
#6530 = VERTEX_POINT ( 'NONE', #1446 ) ;
#6531 = CARTESIAN_POINT ( 'NONE',  ( 3.200000000000000200, 2.946173311192998400, 9.923000000000000000 ) ) ;
#6532 = FACE_OUTER_BOUND ( 'NONE', #6386, .T. ) ;
#6533 = CARTESIAN_POINT ( 'NONE',  ( 18.87591023243999900, 7.700000000000000200, 9.619999999999999200 ) ) ;
#6534 = VERTEX_POINT ( 'NONE', #7272 ) ;
#6535 = CARTESIAN_POINT ( 'NONE',  ( 4.850000000000000500, 0.6155003128912000000, 10.00000000000000000 ) ) ;
#6536 = VECTOR ( 'NONE', #4688, 1000.000000000000000 ) ;
#6537 = CARTESIAN_POINT ( 'NONE',  ( 2.000000000000000000, 0.0000000000000000000, 6.299999999999999800 ) ) ;
#6538 = ORIENTED_EDGE ( 'NONE', *, *, #6123, .F. ) ;
#6539 = LINE ( 'NONE', #7148, #1318 ) ;
#6540 = AXIS2_PLACEMENT_3D ( 'NONE', #5117, #5462, #8130 ) ;
#6541 = DIRECTION ( 'NONE',  ( 0.0000000000000000000, -0.0000000000000000000, 1.000000000000000000 ) ) ;
#6542 = VERTEX_POINT ( 'NONE', #7896 ) ;
#6543 = EDGE_CURVE ( 'NONE', #7664, #478, #3932, .T. ) ;
#6544 = VECTOR ( 'NONE', #2946, 1000.000000000000000 ) ;
#6545 = DIRECTION ( 'NONE',  ( 0.0000000000000000000, 0.0000000000000000000, 1.000000000000000000 ) ) ;
#6546 = DIRECTION ( 'NONE',  ( 0.0000000000000000000, 1.000000000000000000, 0.0000000000000000000 ) ) ;
#6547 = ORIENTED_EDGE ( 'NONE', *, *, #818, .F. ) ;
#6548 = LINE ( 'NONE', #4903, #1551 ) ;
#6549 = DIRECTION ( 'NONE',  ( -0.0000000000000000000, 1.000000000000000000, 0.0000000000000000000 ) ) ;
#6550 = AXIS2_PLACEMENT_3D ( 'NONE', #3083, #2235, #2203 ) ;
#6551 = DIRECTION ( 'NONE',  ( 0.9428090415820780100, 0.0000000000000000000, -0.3333333333332921800 ) ) ;
#6552 = ORIENTED_EDGE ( 'NONE', *, *, #173, .T. ) ;
#6553 = EDGE_CURVE ( 'NONE', #4759, #45, #5606, .T. ) ;
#6554 = VERTEX_POINT ( 'NONE', #725 ) ;
#6555 = FACE_OUTER_BOUND ( 'NONE', #5427, .T. ) ;
#6556 = FACE_OUTER_BOUND ( 'NONE', #2423, .T. ) ;
#6557 = ORIENTED_EDGE ( 'NONE', *, *, #2770, .T. ) ;
#6558 = VECTOR ( 'NONE', #669, 1000.000000000000000 ) ;
#6559 = VERTEX_POINT ( 'NONE', #2848 ) ;
#6560 = CARTESIAN_POINT ( 'NONE',  ( 0.4500000000000000700, 3.246173311193000000, 9.377564394267999100 ) ) ;
#6561 =( BOUNDED_CURVE ( )  B_SPLINE_CURVE ( 3, ( #7008, #8315, #6799, #6851 ),
 .UNSPECIFIED., .F., .F. ) 
 B_SPLINE_CURVE_WITH_KNOTS ( ( 4, 4 ),
 ( 0.0000000000000000000, 1.000000000000000000 ),
 .UNSPECIFIED. ) 
 CURVE ( )  GEOMETRIC_REPRESENTATION_ITEM ( )  RATIONAL_B_SPLINE_CURVE ( ( 1.000000000000000000, 0.3450853784151690600, 0.3450853784151690600, 1.000000000000000000 ) ) 
 REPRESENTATION_ITEM ( '' )  );
#6562 = EDGE_CURVE ( 'NONE', #6790, #8284, #2178, .T. ) ;
#6563 = FACE_OUTER_BOUND ( 'NONE', #2558, .T. ) ;
#6564 = DIRECTION ( 'NONE',  ( 0.0000000000000000000, 0.0000000000000000000, 1.000000000000000000 ) ) ;
#6565 = CARTESIAN_POINT ( 'NONE',  ( -4.950000000000000200, 2.149999999999999900, -3.000000000621999800 ) ) ;
#6566 = FACE_OUTER_BOUND ( 'NONE', #5436, .T. ) ;
#6567 = ORIENTED_EDGE ( 'NONE', *, *, #8198, .F. ) ;
#6568 = CARTESIAN_POINT ( 'NONE',  ( 4.850000000000000500, 2.750000000712000200, 8.449999999999999300 ) ) ;
#6569 = CARTESIAN_POINT ( 'NONE',  ( -2.450000000000000200, 4.099999999999999600, -3.399999999999999900 ) ) ;
#6570 = PLANE ( 'NONE',  #8162 ) ;
#6571 = EDGE_LOOP ( 'NONE', ( #6031, #268, #3216, #7291, #1924 ) ) ;
#6572 = ADVANCED_FACE ( 'NONE', ( #4310 ), #1947, .T. ) ;
#6573 = FACE_OUTER_BOUND ( 'NONE', #6360, .T. ) ;
#6574 = DIRECTION ( 'NONE',  ( -0.0000000000000000000, 1.000000000000000000, 0.0000000000000000000 ) ) ;
#6575 = CYLINDRICAL_SURFACE ( 'NONE', #5995, 0.2999999999999999300 ) ;
#6576 = ORIENTED_EDGE ( 'NONE', *, *, #3343, .T. ) ;
#6577 = EDGE_CURVE ( 'NONE', #4314, #4609, #3755, .T. ) ;
#6578 = CARTESIAN_POINT ( 'NONE',  ( -2.450000000000000200, 4.099999999999999600, 4.599999999999999600 ) ) ;
#6579 = AXIS2_PLACEMENT_3D ( 'NONE', #7218, #3515, #7847 ) ;
#6580 = ORIENTED_EDGE ( 'NONE', *, *, #7629, .T. ) ;
#6581 = LINE ( 'NONE', #5979, #8353 ) ;
#6582 = ORIENTED_EDGE ( 'NONE', *, *, #5747, .T. ) ;
#6583 = PLANE ( 'NONE',  #6971 ) ;
#6584 = EDGE_LOOP ( 'NONE', ( #7384, #2018, #4946, #8360, #3439 ) ) ;
#6585 = PRODUCT_DEFINITION ( 'UNKNOWN', '', #6984, #7164 ) ;
#6586 = CARTESIAN_POINT ( 'NONE',  ( -4.400000000000000400, 4.049999999999999800, 0.0000000000000000000 ) ) ;
#6587 = CARTESIAN_POINT ( 'NONE',  ( 2.899999999999999900, 3.246173311193000000, 9.622999999999999300 ) ) ;
#6588 = ORIENTED_EDGE ( 'NONE', *, *, #6656, .F. ) ;
#6589 = DIRECTION ( 'NONE',  ( -0.0000000000000000000, -1.000000000000000000, -0.0000000000000000000 ) ) ;
#6590 = ORIENTED_EDGE ( 'NONE', *, *, #7335, .F. ) ;
#6591 = EDGE_CURVE ( 'NONE', #961, #7772, #647, .T. ) ;
#6592 = DIRECTION ( 'NONE',  ( 0.0000000000000000000, 0.0000000000000000000, 1.000000000000000000 ) ) ;
#6593 = PLANE ( 'NONE',  #7628 ) ;
#6594 = ORIENTED_EDGE ( 'NONE', *, *, #5529, .F. ) ;
#6595 = CARTESIAN_POINT ( 'NONE',  ( -4.650000000000000400, 4.200000000000000200, 4.599999999999999600 ) ) ;
#6596 = ORIENTED_EDGE ( 'NONE', *, *, #4464, .T. ) ;
#6597 = CARTESIAN_POINT ( 'NONE',  ( 2.400000000000000400, 2.946173311192998900, 13.50000000000000000 ) ) ;
#6598 = VECTOR ( 'NONE', #7702, 1000.000000000000000 ) ;
#6599 = CARTESIAN_POINT ( 'NONE',  ( -3.049999999999999800, 4.500000000000000900, 4.599999999999999600 ) ) ;
#6600 = ORIENTED_EDGE ( 'NONE', *, *, #6339, .T. ) ;
#6601 = ORIENTED_EDGE ( 'NONE', *, *, #6439, .T. ) ;
#6602 = ORIENTED_EDGE ( 'NONE', *, *, #5984, .T. ) ;
#6603 = CIRCLE ( 'NONE', #8109, 0.7000000000000000700 ) ;
#6604 = ADVANCED_FACE ( 'NONE', ( #6830 ), #1709, .T. ) ;
#6605 = ORIENTED_EDGE ( 'NONE', *, *, #1372, .T. ) ;
#6606 = CARTESIAN_POINT ( 'NONE',  ( -2.600000000000000500, 3.246173311193000000, 13.50000000000000000 ) ) ;
#6607 = ORIENTED_EDGE ( 'NONE', *, *, #930, .T. ) ;
#6608 = DIRECTION ( 'NONE',  ( 1.000000000000000000, -0.0000000000000000000, -0.0000000000000000000 ) ) ;
#6609 = PLANE ( 'NONE',  #2337 ) ;
#6610 = ORIENTED_EDGE ( 'NONE', *, *, #699, .F. ) ;
#6611 = CARTESIAN_POINT ( 'NONE',  ( 0.0000000000000000000, 6.250000000000000000, 4.200000000000000200 ) ) ;
#6612 = VERTEX_POINT ( 'NONE', #1536 ) ;
#6613 = EDGE_LOOP ( 'NONE', ( #4497, #8293, #3361, #7490, #889, #4701, #7116, #2063, #5980, #161, #3162, #7210, #1752, #4507, #8245, #3287, #7672, #764, #4588, #4736 ) ) ;
#6614 = CIRCLE ( 'NONE', #219, 4.099999999999999600 ) ;
#6615 = DIRECTION ( 'NONE',  ( 1.000000000000000000, -0.0000000000000000000, 0.0000000000000000000 ) ) ;
#6616 = CARTESIAN_POINT ( 'NONE',  ( 4.850000000000000500, 4.423606797749989100, 4.599999999999999600 ) ) ;
#6617 = CARTESIAN_POINT ( 'NONE',  ( 4.850000000000000500, 2.250000000004394300, 7.742893218817469500 ) ) ;
#6618 = DIRECTION ( 'NONE',  ( 0.0000000000000000000, 1.000000000000000000, 0.0000000000000000000 ) ) ;
#6619 = CARTESIAN_POINT ( 'NONE',  ( 2.600000000000000500, 2.946173311192998400, 13.19999999999999900 ) ) ;
#6620 = ORIENTED_EDGE ( 'NONE', *, *, #4134, .F. ) ;
#6621 = LINE ( 'NONE', #4721, #6536 ) ;
#6622 = VERTEX_POINT ( 'NONE', #33 ) ;
#6623 = VECTOR ( 'NONE', #885, 1000.000000000000000 ) ;
#6624 = AXIS2_PLACEMENT_3D ( 'NONE', #4218, #7932, #779 ) ;
#6625 = CARTESIAN_POINT ( 'NONE',  ( 1.899999999999999900, 4.049999999999999800, -3.200000000000000200 ) ) ;
#6626 = PLANE ( 'NONE',  #2135 ) ;
#6627 = VECTOR ( 'NONE', #1028, 1000.000000000000000 ) ;
#6628 = LINE ( 'NONE', #2557, #6061 ) ;
#6629 = LINE ( 'NONE', #4527, #6703 ) ;
#6630 = EDGE_LOOP ( 'NONE', ( #7183, #967, #4782, #5277, #2163 ) ) ;
#6631 = LINE ( 'NONE', #666, #4995 ) ;
#6632 = CARTESIAN_POINT ( 'NONE',  ( 4.549999999999999800, 7.700000000000000200, 9.919999999999999900 ) ) ;
#6633 = DIRECTION ( 'NONE',  ( -0.0000000000000000000, 0.0000000000000000000, -1.000000000000000000 ) ) ;
#6634 = VECTOR ( 'NONE', #1190, 1000.000000000000000 ) ;
#6635 = AXIS2_PLACEMENT_3D ( 'NONE', #4330, #5637, #5538 ) ;
#6636 = VERTEX_POINT ( 'NONE', #4863 ) ;
#6637 = DIRECTION ( 'NONE',  ( -1.000000000000000000, -0.0000000000000000000, -0.0000000000000000000 ) ) ;
#6638 = VECTOR ( 'NONE', #7951, 1000.000000000000000 ) ;
#6639 = ADVANCED_FACE ( 'NONE', ( #5216 ), #793, .T. ) ;
#6640 = EDGE_CURVE ( 'NONE', #6680, #7070, #8246, .T. ) ;
#6641 = PLANE ( 'NONE',  #4972 ) ;
#6642 = CARTESIAN_POINT ( 'NONE',  ( 4.949999999999999300, 2.149999999999997200, 7.450000000009001000 ) ) ;
#6643 = LINE ( 'NONE', #569, #6558 ) ;
#6644 = PLANE ( 'NONE',  #5063 ) ;
#6645 = VERTEX_POINT ( 'NONE', #3653 ) ;
#6646 = VECTOR ( 'NONE', #6858, 1000.000000000000000 ) ;
#6647 = DIRECTION ( 'NONE',  ( 0.0000000000000000000, -0.0000000000000000000, -1.000000000000000000 ) ) ;
#6648 = FACE_OUTER_BOUND ( 'NONE', #7258, .T. ) ;
#6649 = ORIENTED_EDGE ( 'NONE', *, *, #6760, .F. ) ;
#6650 = DIRECTION ( 'NONE',  ( 0.0000000000000000000, -0.0000000000000000000, -1.000000000000000000 ) ) ;
#6651 = CARTESIAN_POINT ( 'NONE',  ( -4.549999999999999800, 0.0000000000000000000, -5.500000000000000000 ) ) ;
#6652 = FACE_OUTER_BOUND ( 'NONE', #3473, .T. ) ;
#6653 = CARTESIAN_POINT ( 'NONE',  ( -3.030878183408034900, -1.600000000000000300, 3.755070187794278700 ) ) ;
#6654 = CIRCLE ( 'NONE', #6222, 0.2000000000000005100 ) ;
#6655 = DIRECTION ( 'NONE',  ( 0.0000000000000000000, 0.0000000000000000000, 1.000000000000000000 ) ) ;
#6656 = EDGE_CURVE ( 'NONE', #2083, #5492, #8425, .T. ) ;
#6657 = CARTESIAN_POINT ( 'NONE',  ( -1.800000000000000300, -44.99959868226000000, 9.923000000000000000 ) ) ;
#6658 = ORIENTED_EDGE ( 'NONE', *, *, #1958, .F. ) ;
#6659 = LINE ( 'NONE', #7461, #3569 ) ;
#6660 = CARTESIAN_POINT ( 'NONE',  ( -4.550000000000332900, 5.399999999999999500, 11.32280125192000000 ) ) ;
#6661 = FACE_OUTER_BOUND ( 'NONE', #2401, .T. ) ;
#6662 = VERTEX_POINT ( 'NONE', #5524 ) ;
#6663 = ORIENTED_EDGE ( 'NONE', *, *, #6823, .F. ) ;
#6664 = CARTESIAN_POINT ( 'NONE',  ( 0.0000000000000000000, 4.700000000000000200, 0.0000000000000000000 ) ) ;
#6665 = CARTESIAN_POINT ( 'NONE',  ( -3.872003062062999900, 41.88643412431000000, 12.39394909638000000 ) ) ;
#6666 = DIRECTION ( 'NONE',  ( -0.0000000000000000000, 1.000000000000000000, 0.0000000000000000000 ) ) ;
#6667 = DIRECTION ( 'NONE',  ( 0.0000000000000000000, -1.000000000000000000, 0.0000000000000000000 ) ) ;
#6668 = EDGE_LOOP ( 'NONE', ( #2008, #5901 ) ) ;
#6669 = CARTESIAN_POINT ( 'NONE',  ( -1.750000000000000000, 3.246173311193000000, 6.299999999999999800 ) ) ;
#6670 = CARTESIAN_POINT ( 'NONE',  ( 4.850000000000000500, 0.0000000000000000000, 9.619999999999999200 ) ) ;
#6671 = DIRECTION ( 'NONE',  ( -0.0000000000000000000, -1.000000000000000000, -0.0000000000000000000 ) ) ;
#6672 = ADVANCED_FACE ( 'NONE', ( #6652 ), #1577, .F. ) ;
#6673 = ORIENTED_EDGE ( 'NONE', *, *, #7443, .T. ) ;
#6674 = AXIS2_PLACEMENT_3D ( 'NONE', #5553, #5325, #5196 ) ;
#6675 = CARTESIAN_POINT ( 'NONE',  ( -2.382515104900875700, -1.600000000000001400, 4.506404300319368300 ) ) ;
#6676 = VECTOR ( 'NONE', #8090, 1000.000000000000000 ) ;
#6677 = CARTESIAN_POINT ( 'NONE',  ( 4.950000000000000200, 7.700000000000000200, 9.619999999999999200 ) ) ;
#6678 =( LENGTH_UNIT ( ) NAMED_UNIT ( * ) SI_UNIT ( .MILLI., .METRE. ) );
#6679 = DIRECTION ( 'NONE',  ( 0.0000000000000000000, -1.000000000000000000, -0.0000000000000000000 ) ) ;
#6680 = VERTEX_POINT ( 'NONE', #6143 ) ;
#6681 = EDGE_LOOP ( 'NONE', ( #7, #3064 ) ) ;
#6682 = CARTESIAN_POINT ( 'NONE',  ( 4.549999999999998900, 9.000000000000001800, 9.900000000000000400 ) ) ;
#6683 = CARTESIAN_POINT ( 'NONE',  ( 4.850000000000000500, 0.0000000000000000000, 4.599999999999999600 ) ) ;
#6684 = ORIENTED_EDGE ( 'NONE', *, *, #1115, .T. ) ;
#6685 = FACE_OUTER_BOUND ( 'NONE', #4965, .T. ) ;
#6686 = AXIS2_PLACEMENT_3D ( 'NONE', #5920, #5375, #5350 ) ;
#6687 = CARTESIAN_POINT ( 'NONE',  ( 0.0000000000000000000, 2.600000000000000500, 0.0000000000000000000 ) ) ;
#6688 = ORIENTED_EDGE ( 'NONE', *, *, #1321, .F. ) ;
#6689 = LINE ( 'NONE', #667, #6324 ) ;
#6690 = CARTESIAN_POINT ( 'NONE',  ( -0.5481303751426360700, 6.399992209528957000, 4.180666028182445300 ) ) ;
#6691 = ORIENTED_EDGE ( 'NONE', *, *, #683, .T. ) ;
#6692 =( BOUNDED_CURVE ( )  B_SPLINE_CURVE ( 3, ( #5743, #5359, #5861, #5581 ),
 .UNSPECIFIED., .F., .F. ) 
 B_SPLINE_CURVE_WITH_KNOTS ( ( 4, 4 ),
 ( 0.0000000000000000000, 1.000000000000000000 ),
 .UNSPECIFIED. ) 
 CURVE ( )  GEOMETRIC_REPRESENTATION_ITEM ( )  RATIONAL_B_SPLINE_CURVE ( ( 1.000000000000000000, 0.3450853784153810100, 0.3450853784153810100, 1.000000000000000000 ) ) 
 REPRESENTATION_ITEM ( '' )  );
#6693 = DIRECTION ( 'NONE',  ( 0.0000000000000000000, -1.000000000000000000, -0.0000000000000000000 ) ) ;
#6694 = CARTESIAN_POINT ( 'NONE',  ( -4.549999999999999800, -0.4000000000000000200, -5.500000000000000000 ) ) ;
#6695 = CARTESIAN_POINT ( 'NONE',  ( 3.000000000000000000, 0.0000000000000000000, -4.200000000000000200 ) ) ;
#6696 = DIRECTION ( 'NONE',  ( 0.0000000000000000000, -0.0000000000000000000, 1.000000000000000000 ) ) ;
#6697 = EDGE_CURVE ( 'NONE', #1632, #5059, #5405, .T. ) ;
#6698 = VERTEX_POINT ( 'NONE', #7382 ) ;
#6699 = CYLINDRICAL_SURFACE ( 'NONE', #7318, 0.2999999999999999300 ) ;
#6700 = AXIS2_PLACEMENT_3D ( 'NONE', #1498, #6085, #2266 ) ;
#6701 = CARTESIAN_POINT ( 'NONE',  ( -2.301679666765146700, -1.346000000000000100, 4.151536485984149900 ) ) ;
#6702 = ORIENTED_EDGE ( 'NONE', *, *, #6697, .T. ) ;
#6703 = VECTOR ( 'NONE', #4516, 1000.000000000000000 ) ;
#6704 = ORIENTED_EDGE ( 'NONE', *, *, #6409, .F. ) ;
#6705 = VECTOR ( 'NONE', #3128, 1000.000000000000000 ) ;
#6706 = EDGE_CURVE ( 'NONE', #2137, #3305, #1464, .T. ) ;
#6707 = FACE_OUTER_BOUND ( 'NONE', #1435, .T. ) ;
#6708 = ADVANCED_FACE ( 'NONE', ( #1238 ), #6280, .F. ) ;
#6709 = ORIENTED_EDGE ( 'NONE', *, *, #566, .T. ) ;
#6710 = VECTOR ( 'NONE', #4697, 1000.000000000000000 ) ;
#6711 = EDGE_LOOP ( 'NONE', ( #4537, #4664, #8383, #3481 ) ) ;
#6712 = CYLINDRICAL_SURFACE ( 'NONE', #4602, 0.7000000000000000700 ) ;
#6713 = CARTESIAN_POINT ( 'NONE',  ( -0.6995649517246270700, 6.250000000000000000, 4.175324540155846100 ) ) ;
#6714 = LINE ( 'NONE', #2700, #6544 ) ;
#6715 = DIRECTION ( 'NONE',  ( 0.0000000000000000000, 1.000000000000000000, 0.0000000000000000000 ) ) ;
#6717 = ORIENTED_EDGE ( 'NONE', *, *, #1896, .F. ) ;
#6716 = AXIS2_PLACEMENT_3D ( 'NONE', #599, #5348, #1361 ) ;
#6718 = CIRCLE ( 'NONE', #5034, 0.2999999999999999300 ) ;
#6719 = CARTESIAN_POINT ( 'NONE',  ( -2.598081935755228900, -8.100003082805859100, -1.500002817547450000 ) ) ;
#6720 = DIRECTION ( 'NONE',  ( 0.0000000000000000000, 0.0000000000000000000, 1.000000000000000000 ) ) ;
#6721 = DIRECTION ( 'NONE',  ( 0.0000000000000000000, 0.0000000000000000000, -1.000000000000000000 ) ) ;
#6722 = EDGE_CURVE ( 'NONE', #5822, #7664, #6470, .T. ) ;
#6723 = VECTOR ( 'NONE', #644, 1000.000000000000000 ) ;
#6724 = ORIENTED_EDGE ( 'NONE', *, *, #1971, .F. ) ;
#6725 = CARTESIAN_POINT ( 'NONE',  ( 3.000000000000000000, 4.700000000000000200, -0.5000000000000000000 ) ) ;
#6726 = CARTESIAN_POINT ( 'NONE',  ( -5.232842712474110600, 7.400000000000000400, 13.70000000000031400 ) ) ;
#6727 = CIRCLE ( 'NONE', #7625, 0.2999999999999999300 ) ;
#6728 = VECTOR ( 'NONE', #1413, 1000.000000000000000 ) ;
#6729 = ORIENTED_EDGE ( 'NONE', *, *, #3423, .F. ) ;
#6730 = LINE ( 'NONE', #995, #6627 ) ;
#6731 = CARTESIAN_POINT ( 'NONE',  ( -1.899999999999999900, 4.700000000000000200, 3.200000000000000200 ) ) ;
#6732 = ORIENTED_EDGE ( 'NONE', *, *, #1263, .F. ) ;
#6733 = LINE ( 'NONE', #708, #3469 ) ;
#6734 = VECTOR ( 'NONE', #5004, 1000.000000000000000 ) ;
#6735 = DIRECTION ( 'NONE',  ( -0.0000000000000000000, -1.000000000000000000, -0.0000000000000000000 ) ) ;
#6736 = VECTOR ( 'NONE', #5390, 1000.000000000000000 ) ;
#6737 = ORIENTED_EDGE ( 'NONE', *, *, #626, .F. ) ;
#6738 = PLANE ( 'NONE',  #391 ) ;
#6739 = LINE ( 'NONE', #4575, #8172 ) ;
#6740 = PLANE ( 'NONE',  #3210 ) ;
#6741 = CARTESIAN_POINT ( 'NONE',  ( -1.934323382427113100, -8.099993471287744400, 2.308286759911457600 ) ) ;
#6742 = DIRECTION ( 'NONE',  ( -1.000000000000000000, 0.0000000000000000000, 0.0000000000000000000 ) ) ;
#6743 = FACE_BOUND ( 'NONE', #6681, .T. ) ;
#6744 = DIRECTION ( 'NONE',  ( -0.0000000000000000000, 1.000000000000000000, 0.0000000000000000000 ) ) ;
#6745 = ADVANCED_FACE ( 'NONE', ( #4814 ), #8005, .F. ) ;
#6746 = VERTEX_POINT ( 'NONE', #2406 ) ;
#6747 = DIRECTION ( 'NONE',  ( 0.0000000000000000000, 0.0000000000000000000, -1.000000000000000000 ) ) ;
#6748 = LINE ( 'NONE', #3489, #74 ) ;
#6749 = CARTESIAN_POINT ( 'NONE',  ( 4.850000000000000500, 0.0000000000000000000, 11.43619059383000000 ) ) ;
#6750 = AXIS2_PLACEMENT_3D ( 'NONE', #6777, #3075, #7433 ) ;
#6751 = EDGE_LOOP ( 'NONE', ( #2948, #6969, #1497, #5373, #8110, #3019, #6684, #591, #4391, #6576, #1797, #5664, #7705, #2896, #6876, #1374, #5355, #8052, #2923, #5518, #499, #4290, #6417, #1742, #5604, #7197, #2827, #6776, #1255, #6434 ) ) ;
#6752 = DIRECTION ( 'NONE',  ( 0.0000000000000000000, 0.0000000000000000000, 1.000000000000000000 ) ) ;
#6753 = CARTESIAN_POINT ( 'NONE',  ( 4.949999999998033800, 7.242598846296939300, 13.79999999999805000 ) ) ;
#6754 = DIRECTION ( 'NONE',  ( 1.000000000000000000, 0.0000000000000000000, -0.0000000000000000000 ) ) ;
#6755 = DIRECTION ( 'NONE',  ( -1.000000000000000000, 0.0000000000000000000, 0.0000000000000000000 ) ) ;
#6756 = CARTESIAN_POINT ( 'NONE',  ( -4.550000000000001600, 8.500000000000000000, 6.576452044609999900 ) ) ;
#6757 = VERTEX_POINT ( 'NONE', #3703 ) ;
#6758 = AXIS2_PLACEMENT_3D ( 'NONE', #5807, #5154, #1921 ) ;
#6759 = AXIS2_PLACEMENT_3D ( 'NONE', #4924, #4807, #4774 ) ;
#6760 = EDGE_CURVE ( 'NONE', #4768, #6790, #4603, .T. ) ;
#6761 = EDGE_LOOP ( 'NONE', ( #7096, #1663 ) ) ;
#6762 = CARTESIAN_POINT ( 'NONE',  ( -4.950000000000000200, 2.750000000399499500, 8.049999999903999300 ) ) ;
#6763 = VECTOR ( 'NONE', #7926, 1000.000000000000000 ) ;
#6764 = CARTESIAN_POINT ( 'NONE',  ( -1.899999999999999900, 4.049999999999999800, 4.799999999999999800 ) ) ;
#6765 = VERTEX_POINT ( 'NONE', #6789 ) ;
#6766 = AXIS2_PLACEMENT_3D ( 'NONE', #5978, #5737, #8334 ) ;
#6767 = ORIENTED_EDGE ( 'NONE', *, *, #2640, .F. ) ;
#6768 = CARTESIAN_POINT ( 'NONE',  ( 2.304099014066444400, -8.099982159588186900, 1.938848957679293300 ) ) ;
#6769 = LINE ( 'NONE', #6042, #6598 ) ;
#6770 = EDGE_CURVE ( 'NONE', #7508, #8298, #2935, .T. ) ;
#6771 = DIRECTION ( 'NONE',  ( 0.0000000000000000000, 1.000000000000000000, -0.0000000000000000000 ) ) ;
#6772 = CARTESIAN_POINT ( 'NONE',  ( 0.8700000000000000000, 4.700000000000000200, -0.5000000000000000000 ) ) ;
#6773 = AXIS2_PLACEMENT_3D ( 'NONE', #3911, #3302, #3281 ) ;
#6774 =( BOUNDED_SURFACE ( )  B_SPLINE_SURFACE ( 3, 3, ( 
 ( #5791, #8195, #1895, #6406, #2635, #7011, #3310 ),
 ( #7656, #3918, #8216, #4528, #419, #5187, #1178 ),
 ( #5818, #1932, #6432, #2663, #7036, #3339, #7676 ),
 ( #3951, #8239, #4556, #444, #5217, #1211, #5835 ) ),
 .UNSPECIFIED., .F., .F., .F. ) 
 B_SPLINE_SURFACE_WITH_KNOTS ( ( 4, 4 ),
 ( 4, 3, 4 ),
 ( 0.0000000000000000000, 1.000000000000000000 ),
 ( 0.0000000000000000000, 0.5000000000000000000, 1.000000000000000000 ),
 .UNSPECIFIED. ) 
 GEOMETRIC_REPRESENTATION_ITEM ( )  RATIONAL_B_SPLINE_SURFACE ( (
 ( 1.000000000000000000, 0.8047378532657479800, 0.8047378532657479800, 1.000000000000000000, 0.8047378532657479800, 0.8047378532657479800, 1.000000000000000000),
 ( 0.8047378541243641600, 0.6476030131697254600, 0.6476030131697254600, 0.8047378541243641600, 0.6476030131697254600, 0.6476030131697254600, 0.8047378541243641600),
 ( 0.8047378541243641600, 0.6476030131697254600, 0.6476030131697254600, 0.8047378541243641600, 0.6476030131697254600, 0.6476030131697254600, 0.8047378541243641600),
 ( 1.000000000000000000, 0.8047378532657479800, 0.8047378532657479800, 1.000000000000000000, 0.8047378532657479800, 0.8047378532657479800, 1.000000000000000000) ) ) 
 REPRESENTATION_ITEM ( '' )  SURFACE ( )  );
#6775 = ADVANCED_FACE ( 'NONE', ( #7736 ), #8028, .T. ) ;
#6776 = ORIENTED_EDGE ( 'NONE', *, *, #1824, .F. ) ;
#6777 = CARTESIAN_POINT ( 'NONE',  ( 0.0000000000000000000, -1.100000000000000300, 0.0000000000000000000 ) ) ;
#6778 = DIRECTION ( 'NONE',  ( 0.0000000000000000000, 0.0000000000000000000, 1.000000000000000000 ) ) ;
#6779 = DIRECTION ( 'NONE',  ( 0.0000000000000000000, 0.0000000000000000000, -1.000000000000000000 ) ) ;
#6780 = DIRECTION ( 'NONE',  ( 1.000000000000000000, 0.0000000000000000000, -0.0000000000000000000 ) ) ;
#6781 = DIRECTION ( 'NONE',  ( -0.0000000000000000000, 1.000000000000000000, -0.0000000000000000000 ) ) ;
#6782 = PLANE ( 'NONE',  #1595 ) ;
#6783 = VERTEX_POINT ( 'NONE', #919 ) ;
#6784 = FACE_OUTER_BOUND ( 'NONE', #2466, .T. ) ;
#6785 = CARTESIAN_POINT ( 'NONE',  ( 1.750000000000000000, 0.0000000000000000000, 9.377564394267999100 ) ) ;
#6786 = CARTESIAN_POINT ( 'NONE',  ( -4.850000000000000500, -0.2645751311064795700, 5.500000000000000000 ) ) ;
#6787 = CARTESIAN_POINT ( 'NONE',  ( -4.950000000000000200, 8.000000000000000000, 8.049999999904001100 ) ) ;
#6788 = CARTESIAN_POINT ( 'NONE',  ( 4.850000000000000500, 8.115000000000000200, 9.919999999999999900 ) ) ;
#6789 = CARTESIAN_POINT ( 'NONE',  ( 0.6995649517246428400, 6.250000000000000000, -4.175324540156294600 ) ) ;
#6790 = VERTEX_POINT ( 'NONE', #5242 ) ;
#6791 = EDGE_CURVE ( 'NONE', #4101, #5286, #7909, .T. ) ;
#6792 = ORIENTED_EDGE ( 'NONE', *, *, #7020, .F. ) ;
#6793 = LINE ( 'NONE', #6677, #5291 ) ;
#6794 = FACE_OUTER_BOUND ( 'NONE', #1823, .T. ) ;
#6795 = VERTEX_POINT ( 'NONE', #4589 ) ;
#6796 = FACE_OUTER_BOUND ( 'NONE', #3277, .T. ) ;
#6797 = CARTESIAN_POINT ( 'NONE',  ( -1.750000000000000000, 3.246173311193000000, 6.299999999999999800 ) ) ;
#6798 = DIRECTION ( 'NONE',  ( -0.0000000000000000000, -0.0000000000000000000, -1.000000000000000000 ) ) ;
#6799 = CARTESIAN_POINT ( 'NONE',  ( -0.5499995662741770100, 6.399999999999374200, -3.137626959998514900 ) ) ;
#6800 = ORIENTED_EDGE ( 'NONE', *, *, #7941, .F. ) ;
#6801 = CIRCLE ( 'NONE', #2858, 0.2499999999999997800 ) ;
#6802 = LINE ( 'NONE', #2689, #6358 ) ;
#6803 = VECTOR ( 'NONE', #4749, 1000.000000000000000 ) ;
#6804 = ORIENTED_EDGE ( 'NONE', *, *, #7555, .T. ) ;
#6805 = VECTOR ( 'NONE', #7444, 1000.000000000000000 ) ;
#6806 = PLANE ( 'NONE',  #6519 ) ;
#6807 = AXIS2_PLACEMENT_3D ( 'NONE', #225, #3369, #7710 ) ;
#6808 = ADVANCED_FACE ( 'NONE', ( #3158 ), #6485, .T. ) ;
#6809 = DIRECTION ( 'NONE',  ( 0.06923359508527887600, 0.0000000000000000000, 0.9976004757975847100 ) ) ;
#6810 = CARTESIAN_POINT ( 'NONE',  ( -3.075000000001016300, 3.246173311193000000, 9.650282197133535100 ) ) ;
#6811 = ORIENTED_EDGE ( 'NONE', *, *, #5778, .F. ) ;
#6812 = CARTESIAN_POINT ( 'NONE',  ( -4.850000000000000500, 1.014999999999999900, 9.619999999999999200 ) ) ;
#6813 = VECTOR ( 'NONE', #621, 1000.000000000000000 ) ;
#6814 = DIRECTION ( 'NONE',  ( 0.0000000000000000000, 0.0000000000000000000, -1.000000000000000000 ) ) ;
#6815 = CARTESIAN_POINT ( 'NONE',  ( 0.0000000000000000000, -1.200000000000000000, 0.0000000000000000000 ) ) ;
#6816 = EDGE_LOOP ( 'NONE', ( #368, #4113, #6978, #1594 ) ) ;
#6817 = LINE ( 'NONE', #7370, #1687 ) ;
#6818 = CARTESIAN_POINT ( 'NONE',  ( 4.950000000000001100, 1.791421356237308500, 7.450000000000001100 ) ) ;
#6819 = ORIENTED_EDGE ( 'NONE', *, *, #1933, .F. ) ;
#6820 = EDGE_LOOP ( 'NONE', ( #7326, #1965, #4926, #8324, #3384, #4270, #913, #4741, #5268, #2119, #5996, #216, #3176, #7251, #1813, #4355, #8264, #3304, #4719, #833, #4634, #5239, #2025, #5932, #78, #3094, #7147, #1693, #4489, #8206 ) ) ;
#6821 = ADVANCED_FACE ( 'NONE', ( #6079 ), #1273, .T. ) ;
#6822 = FACE_BOUND ( 'NONE', #4254, .T. ) ;
#6823 = EDGE_CURVE ( 'NONE', #1351, #838, #4408, .T. ) ;
#6824 = VECTOR ( 'NONE', #2599, 1000.000000000000000 ) ;
#6825 = ORIENTED_EDGE ( 'NONE', *, *, #3309, .T. ) ;
#6826 = CARTESIAN_POINT ( 'NONE',  ( 4.549999999999998900, 7.400000000000000400, 11.32280125192000000 ) ) ;
#6827 = CARTESIAN_POINT ( 'NONE',  ( -4.549999999999999800, 0.0000000000000000000, 10.00000000000000000 ) ) ;
#6828 = ORIENTED_EDGE ( 'NONE', *, *, #1170, .F. ) ;
#6829 = AXIS2_PLACEMENT_3D ( 'NONE', #8202, #3898, #3928 ) ;
#6830 = FACE_OUTER_BOUND ( 'NONE', #5730, .T. ) ;
#6831 = CARTESIAN_POINT ( 'NONE',  ( 0.0000000000000000000, 3.599999999999999200, 0.5799999999999999600 ) ) ;
#6832 = CARTESIAN_POINT ( 'NONE',  ( -4.950000000000000200, 7.400000000000000400, 13.80000000000000100 ) ) ;
#6833 = CARTESIAN_POINT ( 'NONE',  ( -3.000000000000000000, -1.346000000000000100, 4.200000000000000200 ) ) ;
#6834 = VECTOR ( 'NONE', #3923, 1000.000000000000200 ) ;
#6835 = ORIENTED_EDGE ( 'NONE', *, *, #5502, .F. ) ;
#6836 = CYLINDRICAL_SURFACE ( 'NONE', #6920, 0.3799999999999992300 ) ;
#6837 = ORIENTED_EDGE ( 'NONE', *, *, #542, .T. ) ;
#6838 = CARTESIAN_POINT ( 'NONE',  ( -4.908578643762690600, 2.457106781221357000, 7.950000000038075500 ) ) ;
#6839 = DIRECTION ( 'NONE',  ( 0.0000000000000000000, 0.0000000000000000000, 1.000000000000000000 ) ) ;
#6840 = DIRECTION ( 'NONE',  ( -0.0000000000000000000, 1.000000000000000000, 0.0000000000000000000 ) ) ;
#6841 = CARTESIAN_POINT ( 'NONE',  ( 3.594033303025153900, -1.600000000000000300, -4.229988126600803300 ) ) ;
#6842 = CYLINDRICAL_SURFACE ( 'NONE', #2007, 0.3799999999999992300 ) ;
#6843 = CARTESIAN_POINT ( 'NONE',  ( -4.950000000000000200, 8.414999999999999100, 9.619999999999999200 ) ) ;
#6844 = LINE ( 'NONE', #2427, #3572 ) ;
#6845 = ORIENTED_EDGE ( 'NONE', *, *, #166, .F. ) ;
#6846 = DIRECTION ( 'NONE',  ( -0.0000000000000000000, 1.000000000000000000, -0.0000000000000000000 ) ) ;
#6847 = CARTESIAN_POINT ( 'NONE',  ( -4.549999999999999800, 4.099999999999999600, -3.399999999999999900 ) ) ;
#6848 = ORIENTED_EDGE ( 'NONE', *, *, #3112, .F. ) ;
#6849 = CARTESIAN_POINT ( 'NONE',  ( -4.950000000000000200, 1.850000000000000100, 7.450000000000001100 ) ) ;
#6850 = DIRECTION ( 'NONE',  ( 0.0000000000000000000, -1.000000000000000000, -0.0000000000000000000 ) ) ;
#6851 = CARTESIAN_POINT ( 'NONE',  ( -0.5499996096467753000, 6.399999999999717000, -4.200000000000000200 ) ) ;
#6852 = ORIENTED_EDGE ( 'NONE', *, *, #4183, .F. ) ;
#6853 = ADVANCED_FACE ( 'NONE', ( #2729 ), #2519, .T. ) ;
#6854 = EDGE_LOOP ( 'NONE', ( #3909, #1002, #4835, #4108, #2193, #6057, #329, #3229 ) ) ;
#6855 = CARTESIAN_POINT ( 'NONE',  ( -4.949999999998259300, 7.400000000000000400, 13.80000000000073800 ) ) ;
#6856 = ORIENTED_EDGE ( 'NONE', *, *, #2076, .F. ) ;
#6857 = VERTEX_POINT ( 'NONE', #5299 ) ;
#6858 = DIRECTION ( 'NONE',  ( -1.000000000000000000, -0.0000000000000000000, 0.0000000000000000000 ) ) ;
#6859 = DIRECTION ( 'NONE',  ( 0.0000000000000000000, 0.0000000000000000000, -1.000000000000000000 ) ) ;
#6860 = LINE ( 'NONE', #8009, #6763 ) ;
#6861 = ADVANCED_FACE ( 'NONE', ( #5895 ), #5923, .F. ) ;
#6862 = DIRECTION ( 'NONE',  ( 0.0000000000000000000, 0.0000000000000000000, 1.000000000000000000 ) ) ;
#6863 = CARTESIAN_POINT ( 'NONE',  ( 0.0000000000000000000, 3.899999999999999900, -4.599999999999999600 ) ) ;
#6864 = DIRECTION ( 'NONE',  ( -1.000000000000000000, -0.0000000000000000000, -0.0000000000000000000 ) ) ;
#6865 = VERTEX_POINT ( 'NONE', #543 ) ;
#6866 = DIRECTION ( 'NONE',  ( 0.0000000000000000000, -0.0000000000000000000, 1.000000000000000000 ) ) ;
#6867 = AXIS2_PLACEMENT_3D ( 'NONE', #6921, #1073, #5734 ) ;
#6868 = ORIENTED_EDGE ( 'NONE', *, *, #1467, .F. ) ;
#6869 = VERTEX_POINT ( 'NONE', #3457 ) ;
#6870 = VECTOR ( 'NONE', #1250, 1000.000000000000000 ) ;
#6871 = DIRECTION ( 'NONE',  ( 0.0000000000000000000, 0.0000000000000000000, 1.000000000000000000 ) ) ;
#6872 = DIRECTION ( 'NONE',  ( 1.000000000000000000, 0.0000000000000000000, 0.0000000000000000000 ) ) ;
#6873 = DIRECTION ( 'NONE',  ( 0.0000000000000000000, 0.0000000000000000000, -1.000000000000000000 ) ) ;
#6874 = EDGE_LOOP ( 'NONE', ( #4202, #5210, #1702, #5539 ) ) ;
#6875 = CIRCLE ( 'NONE', #3824, 0.2999999999999999300 ) ;
#6876 = ORIENTED_EDGE ( 'NONE', *, *, #1710, .F. ) ;
#6877 = VERTEX_POINT ( 'NONE', #4055 ) ;
#6878 = AXIS2_PLACEMENT_3D ( 'NONE', #5834, #4788, #4429 ) ;
#6879 = ORIENTED_EDGE ( 'NONE', *, *, #1214, .T. ) ;
#6880 =( BOUNDED_CURVE ( )  B_SPLINE_CURVE ( 3, ( #7843, #7945, #8026, #6965 ),
 .UNSPECIFIED., .F., .F. ) 
 B_SPLINE_CURVE_WITH_KNOTS ( ( 4, 4 ),
 ( 0.02205536386543364300, 1.000000000000000000 ),
 .UNSPECIFIED. ) 
 CURVE ( )  GEOMETRIC_REPRESENTATION_ITEM ( )  RATIONAL_B_SPLINE_CURVE ( ( 1.000000000000000000, 0.3564250364515749200, 0.3564250364515749200, 1.000000000000000000 ) ) 
 REPRESENTATION_ITEM ( '' )  );
#6881 = VERTEX_POINT ( 'NONE', #2776 ) ;
#6882 = LINE ( 'NONE', #1756, #5078 ) ;
#6883 = CARTESIAN_POINT ( 'NONE',  ( 2.500939792855892700, -8.268240983397003400, -1.331759016602996400 ) ) ;
#6884 = CARTESIAN_POINT ( 'NONE',  ( -4.400000000000000400, 4.700000000000000200, -3.200000000000000200 ) ) ;
#6885 = DIRECTION ( 'NONE',  ( 1.000000000000000000, 0.0000000000000000000, -0.0000000000000000000 ) ) ;
#6886 = AXIS2_PLACEMENT_3D ( 'NONE', #6305, #2509, #6890 ) ;
#6887 = ADVANCED_FACE ( 'NONE', ( #527 ), #4677, .T. ) ;
#6888 = DIRECTION ( 'NONE',  ( 0.0000000000000000000, 0.0000000000000000000, 1.000000000000000000 ) ) ;
#6889 = VERTEX_POINT ( 'NONE', #8338 ) ;
#6890 = DIRECTION ( 'NONE',  ( 0.0000000000000000000, 0.0000000000000000000, -1.000000000000000000 ) ) ;
#6891 = EDGE_CURVE ( 'NONE', #4710, #7191, #761, .T. ) ;
#6892 = LINE ( 'NONE', #4487, #1892 ) ;
#6893 = ORIENTED_EDGE ( 'NONE', *, *, #3682, .F. ) ;
#6894 = CIRCLE ( 'NONE', #8390, 0.2999999999999999300 ) ;
#6895 = CARTESIAN_POINT ( 'NONE',  ( -4.400000000000000400, 4.700000000000000200, -3.200000000000000200 ) ) ;
#6896 = DIRECTION ( 'NONE',  ( 0.0000000000000000000, -0.0000000000000000000, 1.000000000000000000 ) ) ;
#6897 = VECTOR ( 'NONE', #1122, 1000.000000000000000 ) ;
#6898 = VERTEX_POINT ( 'NONE', #6568 ) ;
#6899 = CYLINDRICAL_SURFACE ( 'NONE', #3645, 0.09999999999999939500 ) ;
#6900 = EDGE_LOOP ( 'NONE', ( #3517, #7187 ) ) ;
#6901 = FACE_OUTER_BOUND ( 'NONE', #4692, .T. ) ;
#6902 = CARTESIAN_POINT ( 'NONE',  ( -4.946590467581001100, 5.400000000000000400, 13.39815458647000000 ) ) ;
#6903 = DIRECTION ( 'NONE',  ( 0.0000000000000000000, 0.0000000000000000000, -1.000000000000000000 ) ) ;
#6904 = CARTESIAN_POINT ( 'NONE',  ( 0.0000000000000000000, 8.900000000000000400, 10.00000000000000000 ) ) ;
#6905 = EDGE_CURVE ( 'NONE', #2964, #6176, #7546, .T. ) ;
#6906 = ADVANCED_FACE ( 'NONE', ( #4217 ), #5501, .T. ) ;
#6907 = ORIENTED_EDGE ( 'NONE', *, *, #1170, .T. ) ;
#6908 = LINE ( 'NONE', #423, #6634 ) ;
#6909 = ORIENTED_EDGE ( 'NONE', *, *, #6791, .T. ) ;
#6910 = DIRECTION ( 'NONE',  ( -1.000000000000000000, 0.0000000000000000000, 0.0000000000000000000 ) ) ;
#6911 = EDGE_CURVE ( 'NONE', #7796, #4249, #4022, .T. ) ;
#6912 = CARTESIAN_POINT ( 'NONE',  ( -4.850000000000000500, 1.750000000000000000, -2.999999999999999600 ) ) ;
#6913 = ORIENTED_EDGE ( 'NONE', *, *, #2200, .T. ) ;
#6914 = DIRECTION ( 'NONE',  ( -1.000000000000000000, -0.0000000000000000000, 0.0000000000000000000 ) ) ;
#6915 = VECTOR ( 'NONE', #1748, 1000.000000000000000 ) ;
#6917 = ORIENTED_EDGE ( 'NONE', *, *, #437, .T. ) ;
#6916 = AXIS2_PLACEMENT_3D ( 'NONE', #1011, #5676, #1747 ) ;
#6918 = DIRECTION ( 'NONE',  ( -0.0000000000000000000, 0.0000000000000000000, -1.000000000000000000 ) ) ;
#6919 = LINE ( 'NONE', #1851, #5300 ) ;
#6920 = AXIS2_PLACEMENT_3D ( 'NONE', #5690, #5935, #5741 ) ;
#6921 = CARTESIAN_POINT ( 'NONE',  ( -1.750000000000000000, 3.246173311193000000, 6.299999999999999800 ) ) ;
#6922 = DIRECTION ( 'NONE',  ( 0.0000000000000000000, 0.0000000000000000000, -1.000000000000000000 ) ) ;
#6923 = DIRECTION ( 'NONE',  ( 0.0000000000000000000, 0.0000000000000000000, 1.000000000000000000 ) ) ;
#6924 = CYLINDRICAL_SURFACE ( 'NONE', #4794, 0.1000000000000002600 ) ;
#6925 = ORIENTED_EDGE ( 'NONE', *, *, #1453, .T. ) ;
#6926 = CIRCLE ( 'NONE', #2971, 0.5999999999999998700 ) ;
#6927 = DIRECTION ( 'NONE',  ( -1.000000000000000000, 0.0000000000000000000, -0.0000000000000000000 ) ) ;
#6928 = ORIENTED_EDGE ( 'NONE', *, *, #2121, .T. ) ;
#6929 = CARTESIAN_POINT ( 'NONE',  ( -0.4000000000000000200, 3.246173311193000000, 13.19999999999999900 ) ) ;
#6930 = DIRECTION ( 'NONE',  ( -0.0000000000000000000, 1.000000000000000000, 0.0000000000000000000 ) ) ;
#6931 = LINE ( 'NONE', #1087, #5500 ) ;
#6932 = CYLINDRICAL_SURFACE ( 'NONE', #6266, 0.2999999999999999300 ) ;
#6933 = CARTESIAN_POINT ( 'NONE',  ( 4.850000000000000500, 1.749999999999999800, -3.000000000000000000 ) ) ;
#6934 = DIRECTION ( 'NONE',  ( 1.000000000000000000, 0.0000000000000000000, 0.0000000000000000000 ) ) ;
#6935 = VECTOR ( 'NONE', #3671, 1000.000000000000000 ) ;
#6936 = ORIENTED_EDGE ( 'NONE', *, *, #7067, .F. ) ;
#6937 = DIRECTION ( 'NONE',  ( 1.000000000000000000, 0.0000000000000000000, 0.0000000000000000000 ) ) ;
#6938 = CIRCLE ( 'NONE', #6380, 0.09999999999999939500 ) ;
#6939 = ADVANCED_FACE ( 'NONE', ( #3838 ), #6932, .F. ) ;
#6940 = EDGE_LOOP ( 'NONE', ( #3204, #7428, #720, #4536, #5076, #1931, #5828, #7864, #3016, #7064, #1585, #5601, #8156 ) ) ;
#6941 = VECTOR ( 'NONE', #7028, 1000.000000000000000 ) ;
#6942 = EDGE_CURVE ( 'NONE', #3478, #556, #3701, .T. ) ;
#6943 = VECTOR ( 'NONE', #2033, 1000.000000000000000 ) ;
#6944 = ORIENTED_EDGE ( 'NONE', *, *, #3827, .F. ) ;
#6945 = AXIS2_PLACEMENT_3D ( 'NONE', #7499, #7471, #7442 ) ;
#6946 = EDGE_LOOP ( 'NONE', ( #1520, #5353, #7269, #2645, #6590, #986, #7363, #7849, #2573, #6093, #243, #3930, #6392, #1407 ) ) ;
#6947 = CARTESIAN_POINT ( 'NONE',  ( -4.949999999999999300, 2.208578643762690900, -3.000000000000000000 ) ) ;
#6948 = DIRECTION ( 'NONE',  ( 0.0000000000000000000, 1.000000000000000000, -0.0000000000000000000 ) ) ;
#6949 = FACE_OUTER_BOUND ( 'NONE', #8297, .T. ) ;
#6950 = ORIENTED_EDGE ( 'NONE', *, *, #5614, .T. ) ;
#6951 = ADVANCED_FACE ( 'NONE', ( #7134 ), #2160, .T. ) ;
#6952 = DIRECTION ( 'NONE',  ( -0.0000000000000000000, -1.000000000000000000, -0.0000000000000000000 ) ) ;
#6953 = EDGE_CURVE ( 'NONE', #6554, #2034, #5311, .T. ) ;
#6954 = DIRECTION ( 'NONE',  ( -1.000000000000000000, 0.0000000000000000000, 0.0000000000000000000 ) ) ;
#6955 = CARTESIAN_POINT ( 'NONE',  ( 0.5094624315082161300, 6.399992209528957000, -3.084405277896799200 ) ) ;
#6956 = DIRECTION ( 'NONE',  ( 0.0000000000000000000, 0.0000000000000000000, 1.000000000000000000 ) ) ;
#6957 = VERTEX_POINT ( 'NONE', #8410 ) ;
#6958 = CARTESIAN_POINT ( 'NONE',  ( 0.4000000000000000200, 2.946173311193000200, 9.622999999999999300 ) ) ;
#6959 = CARTESIAN_POINT ( 'NONE',  ( 4.850000000000000500, 8.000000002023000400, 8.050000000000000700 ) ) ;
#6960 = ORIENTED_EDGE ( 'NONE', *, *, #7335, .T. ) ;
#6961 = AXIS2_PLACEMENT_3D ( 'NONE', #6895, #3823, #8124 ) ;
#6962 = ORIENTED_EDGE ( 'NONE', *, *, #2312, .T. ) ;
#6963 = DIRECTION ( 'NONE',  ( -0.0000000000000000000, -1.000000000000000000, -0.0000000000000000000 ) ) ;
#6964 = CARTESIAN_POINT ( 'NONE',  ( 4.850000000000000500, 8.514499687108999700, 9.900000000000000400 ) ) ;
#6965 = CARTESIAN_POINT ( 'NONE',  ( 2.553999999999999800, -1.600000000000000100, -4.200000000000000200 ) ) ;
#6966 = CARTESIAN_POINT ( 'NONE',  ( -4.850000000000000500, 8.000000000000000000, 7.950000000000000200 ) ) ;
#6967 = VERTEX_POINT ( 'NONE', #7856 ) ;
#6968 = DIRECTION ( 'NONE',  ( -0.0000000000000000000, -1.000000000000000000, -0.0000000000000000000 ) ) ;
#6969 = ORIENTED_EDGE ( 'NONE', *, *, #231, .F. ) ;
#6970 = EDGE_CURVE ( 'NONE', #1563, #2972, #1814, .T. ) ;
#6971 = AXIS2_PLACEMENT_3D ( 'NONE', #4695, #7829, #4091 ) ;
#6972 = LINE ( 'NONE', #106, #6676 ) ;
#6973 = SURFACE_STYLE_USAGE ( .BOTH. , #2596 ) ;
#6974 = DIRECTION ( 'NONE',  ( 0.0000000000000000000, 0.0000000000000000000, 1.000000000000000000 ) ) ;
#6975 = EDGE_LOOP ( 'NONE', ( #8011, #2857, #5464, #430 ) ) ;
#6976 = CARTESIAN_POINT ( 'NONE',  ( -4.850000000000000500, -0.2645751311064791200, -5.500000000000000000 ) ) ;
#6977 = ORIENTED_EDGE ( 'NONE', *, *, #6577, .T. ) ;
#6978 = ORIENTED_EDGE ( 'NONE', *, *, #1945, .F. ) ;
#6979 = ADVANCED_FACE ( 'NONE', ( #3657 ), #2885, .F. ) ;
#6980 = CARTESIAN_POINT ( 'NONE',  ( -9.437580067829999800E-006, -8.100002083779145300, -1.641657460882753300E-005 ) ) ;
#6981 = LINE ( 'NONE', #7387, #6870 ) ;
#6982 = DIRECTION ( 'NONE',  ( 0.0000000000000000000, 0.0000000000000000000, -1.000000000000000000 ) ) ;
#6983 = CARTESIAN_POINT ( 'NONE',  ( 0.6995649517246427300, 6.250000000000000000, -4.175324540156294600 ) ) ;
#6984 = PRODUCT_DEFINITION_FORMATION_WITH_SPECIFIED_SOURCE ( 'ANY', '', #6985, .NOT_KNOWN. ) ;
#6985 = PRODUCT ( 'PTV09A-2015F-B103', 'PTV09A-2015F-B103', '', ( #4844 ) ) ;
#6986 = CARTESIAN_POINT ( 'NONE',  ( 0.8700000000003244000, 4.700000000000000200, -0.5000000000000490700 ) ) ;
#6987 = ORIENTED_EDGE ( 'NONE', *, *, #827, .F. ) ;
#6988 = ORIENTED_EDGE ( 'NONE', *, *, #5165, .T. ) ;
#6989 = CARTESIAN_POINT ( 'NONE',  ( -3.244307303727641800, -1.600000000000000300, 4.664027716669681700 ) ) ;
#6990 = DIRECTION ( 'NONE',  ( 0.0000000000000000000, 0.0000000000000000000, -1.000000000000000000 ) ) ;
#6991 = ORIENTED_EDGE ( 'NONE', *, *, #6243, .T. ) ;
#6992 = CIRCLE ( 'NONE', #1472, 0.2000000000000005100 ) ;
#6993 = LINE ( 'NONE', #3609, #4976 ) ;
#6994 = CARTESIAN_POINT ( 'NONE',  ( -0.4000000000000001900, 2.946173311193000200, 6.299999999999999800 ) ) ;
#6995 = ORIENTED_EDGE ( 'NONE', *, *, #642, .T. ) ;
#6996 = VERTEX_POINT ( 'NONE', #4157 ) ;
#6997 = CIRCLE ( 'NONE', #5064, 0.2999999999999999300 ) ;
#6998 = CARTESIAN_POINT ( 'NONE',  ( 4.400000000000000400, 4.049999999999999800, -3.200000000000000200 ) ) ;
#6999 = CIRCLE ( 'NONE', #4086, 0.2999999999999999300 ) ;
#7000 = ORIENTED_EDGE ( 'NONE', *, *, #1795, .F. ) ;
#7001 = FACE_OUTER_BOUND ( 'NONE', #3962, .T. ) ;
#7002 = CARTESIAN_POINT ( 'NONE',  ( -4.850000000000000500, 3.899999999999999500, 4.599999999999999600 ) ) ;
#7003 = CARTESIAN_POINT ( 'NONE',  ( -4.908578643762692400, 7.999999999999996400, 8.449999999999997500 ) ) ;
#7004 = VERTEX_POINT ( 'NONE', #8434 ) ;
#7005 = DIRECTION ( 'NONE',  ( -0.0000000000000000000, 1.000000000000000000, 0.0000000000000000000 ) ) ;
#7006 = EDGE_CURVE ( 'NONE', #7034, #1563, #6733, .T. ) ;
#7007 = VECTOR ( 'NONE', #1112, 1000.000000000000000 ) ;
#7008 = CARTESIAN_POINT ( 'NONE',  ( 0.5496577428988118600, 6.399999999999685900, -4.180612153983000600 ) ) ;
#7009 = LINE ( 'NONE', #397, #6723 ) ;
#7010 = VECTOR ( 'NONE', #4840, 1000.000000000000000 ) ;
#7011 = CARTESIAN_POINT ( 'NONE',  ( -3.291512030737034700, -1.600000000000000100, 3.773158206781664200 ) ) ;
#7012 = VERTEX_POINT ( 'NONE', #5428 ) ;
#7013 = CIRCLE ( 'NONE', #1660, 0.2999999999999999300 ) ;
#7014 = DIRECTION ( 'NONE',  ( 0.0000000000000000000, -0.0000000000000000000, -1.000000000000000000 ) ) ;
#7015 = ORIENTED_EDGE ( 'NONE', *, *, #64, .T. ) ;
#7016 = CARTESIAN_POINT ( 'NONE',  ( -4.946590467580001000, 7.400000000000000400, 13.39815458647000000 ) ) ;
#7017 = CARTESIAN_POINT ( 'NONE',  ( -0.6995649517246428400, 6.250000000000000000, -4.224675459843706600 ) ) ;
#7018 = DIRECTION ( 'NONE',  ( 0.0000000000000000000, 0.0000000000000000000, 1.000000000000000000 ) ) ;
#7019 = EDGE_LOOP ( 'NONE', ( #6343, #7972, #2765, #6819 ) ) ;
#7020 = EDGE_CURVE ( 'NONE', #3305, #2342, #296, .T. ) ;
#7021 = AXIS2_PLACEMENT_3D ( 'NONE', #5784, #8235, #4551 ) ;
#7022 = LINE ( 'NONE', #7345, #6638 ) ;
#7023 = VERTEX_POINT ( 'NONE', #2190 ) ;
#7024 = CIRCLE ( 'NONE', #3026, 0.1000000000000002600 ) ;
#7025 = VERTEX_POINT ( 'NONE', #6660 ) ;
#7026 = DIRECTION ( 'NONE',  ( 0.0000000000000000000, -1.000000000000000000, 0.0000000000000000000 ) ) ;
#7027 = FACE_OUTER_BOUND ( 'NONE', #7290, .T. ) ;
#7028 = DIRECTION ( 'NONE',  ( 1.000000000000000000, 0.0000000000000000000, -0.0000000000000000000 ) ) ;
#7029 = DIRECTION ( 'NONE',  ( -1.301042606982602000E-014, 0.0000000000000000000, -1.000000000000000000 ) ) ;
#7030 = LINE ( 'NONE', #3218, #640 ) ;
#7031 = VERTEX_POINT ( 'NONE', #3580 ) ;
#7032 = DIRECTION ( 'NONE',  ( 0.0000000000000000000, 0.0000000000000000000, 1.000000000000000000 ) ) ;
#7033 = AXIS2_PLACEMENT_3D ( 'NONE', #1556, #50, #4239 ) ;
#7034 = VERTEX_POINT ( 'NONE', #7906 ) ;
#7035 = VECTOR ( 'NONE', #7919, 1000.000000000000000 ) ;
#7036 = CARTESIAN_POINT ( 'NONE',  ( -3.726709602547078500, -1.494789755157234700, 3.839396932506244900 ) ) ;
#7037 = LINE ( 'NONE', #6902, #421 ) ;
#7038 = ORIENTED_EDGE ( 'NONE', *, *, #1291, .F. ) ;
#7039 = EDGE_CURVE ( 'NONE', #6036, #3935, #4912, .T. ) ;
#7040 = CARTESIAN_POINT ( 'NONE',  ( 4.850000000000000500, 8.000000000000000000, 8.199999999999999300 ) ) ;
#7041 = CIRCLE ( 'NONE', #5140, 0.09999999999999939500 ) ;
#7042 =( BOUNDED_SURFACE ( )  B_SPLINE_SURFACE ( 3, 3, ( 
 ( #1396, #4109, #6617, #2864 ),
 ( #7235, #3535, #7861, #4136 ),
 ( #8414, #4765, #679, #5408 ),
 ( #1432, #6026, #2196, #6642 ) ),
 .UNSPECIFIED., .F., .F., .F. ) 
 B_SPLINE_SURFACE_WITH_KNOTS ( ( 4, 4 ),
 ( 4, 4 ),
 ( 0.0000000000000000000, 1.000000000000000000 ),
 ( 0.0000000000000000000, 1.000000000000000000 ),
 .UNSPECIFIED. ) 
 GEOMETRIC_REPRESENTATION_ITEM ( )  RATIONAL_B_SPLINE_SURFACE ( (
 ( 1.000000000000000000, 0.8047378541279007800, 0.8047378541279007800, 1.000000000000000000),
 ( 0.8047378541243587200, 0.6476030138635280300, 0.6476030138635280300, 0.8047378541243587200),
 ( 0.8047378541243587200, 0.6476030138635280300, 0.6476030138635280300, 0.8047378541243587200),
 ( 1.000000000000000000, 0.8047378541279007800, 0.8047378541279007800, 1.000000000000000000) ) ) 
 REPRESENTATION_ITEM ( '' )  SURFACE ( )  );
#7043 = EDGE_LOOP ( 'NONE', ( #895, #3647, #7787, #2490 ) ) ;
#7044 = ADVANCED_FACE ( 'NONE', ( #6563 ), #1489, .T. ) ;
#7045 = CIRCLE ( 'NONE', #8455, 3.000000000000000000 ) ;
#7046 = CARTESIAN_POINT ( 'NONE',  ( 3.444945174253443800, -1.600000000000000300, -4.230879200273584200 ) ) ;
#7047 = DIRECTION ( 'NONE',  ( 0.0000000000000000000, 0.0000000000000000000, -1.000000000000000000 ) ) ;
#7048 = FACE_OUTER_BOUND ( 'NONE', #879, .T. ) ;
#7049 = ORIENTED_EDGE ( 'NONE', *, *, #1865, .F. ) ;
#7050 = ORIENTED_EDGE ( 'NONE', *, *, #1600, .T. ) ;
#7051 = DIRECTION ( 'NONE',  ( -1.000000000000000000, -0.0000000000000000000, -0.0000000000000000000 ) ) ;
#7052 = AXIS2_PLACEMENT_3D ( 'NONE', #6687, #2954, #7314 ) ;
#7053 = VERTEX_POINT ( 'NONE', #7311 ) ;
#7054 = DIRECTION ( 'NONE',  ( -0.0000000000000000000, -1.000000000000000000, -0.0000000000000000000 ) ) ;
#7055 = EDGE_LOOP ( 'NONE', ( #6479, #2758, #6717, #1180 ) ) ;
#7056 = CARTESIAN_POINT ( 'NONE',  ( 2.899999999999999900, 2.946173311192998900, 13.19999999999999900 ) ) ;
#7057 = DIRECTION ( 'NONE',  ( 0.0000000000000000000, 0.0000000000000000000, -1.000000000000000000 ) ) ;
#7058 = CARTESIAN_POINT ( 'NONE',  ( 4.950000000000000200, 8.299999999999995400, 8.349999999999996100 ) ) ;
#7059 = CARTESIAN_POINT ( 'NONE',  ( 3.728034202984648300, 7.399999999999996800, 12.53277621050272600 ) ) ;
#7060 = CARTESIAN_POINT ( 'NONE',  ( -4.549999999999999800, 4.099999999999999600, 3.399999999999999900 ) ) ;
#7061 = ORIENTED_EDGE ( 'NONE', *, *, #787, .F. ) ;
#7062 = DIRECTION ( 'NONE',  ( -1.000000000000000000, 0.0000000000000000000, -0.0000000000000000000 ) ) ;
#7063 = DIRECTION ( 'NONE',  ( 0.0000000000000000000, -0.0000000000000000000, 1.000000000000000000 ) ) ;
#7064 = ORIENTED_EDGE ( 'NONE', *, *, #5545, .F. ) ;
#7065 = CIRCLE ( 'NONE', #92, 0.09999999999999939500 ) ;
#7066 = DIRECTION ( 'NONE',  ( 0.0000000000000000000, -1.000000000000000000, -0.0000000000000000000 ) ) ;
#7067 = EDGE_CURVE ( 'NONE', #8188, #2972, #3262, .T. ) ;
#7068 = AXIS2_PLACEMENT_3D ( 'NONE', #5167, #1153, #5794 ) ;
#7069 = CARTESIAN_POINT ( 'NONE',  ( 0.0000000000000000000, 0.09999999999999939500, 0.0000000000000000000 ) ) ;
#7070 = VERTEX_POINT ( 'NONE', #2945 ) ;
#7071 = DIRECTION ( 'NONE',  ( 0.0000000000000000000, 0.0000000000000000000, -1.000000000000000000 ) ) ;
#7072 = CARTESIAN_POINT ( 'NONE',  ( 1.749999999999999800, 2.946173311193000200, 6.299999999999999800 ) ) ;
#7073 = ORIENTED_EDGE ( 'NONE', *, *, #380, .T. ) ;
#7074 = ORIENTED_EDGE ( 'NONE', *, *, #108, .F. ) ;
#7075 = ORIENTED_EDGE ( 'NONE', *, *, #303, .F. ) ;
#7076 = LINE ( 'NONE', #8237, #5445 ) ;
#7077 = AXIS2_PLACEMENT_3D ( 'NONE', #673, #5404, #1425 ) ;
#7078 = ORIENTED_EDGE ( 'NONE', *, *, #2153, .F. ) ;
#7079 = ORIENTED_EDGE ( 'NONE', *, *, #6497, .T. ) ;
#7080 = CARTESIAN_POINT ( 'NONE',  ( 1.925000000000040900, 2.946173311192998400, 9.650282197133911700 ) ) ;
#7081 = PLANE ( 'NONE',  #3242 ) ;
#7082 = ADVANCED_FACE ( 'NONE', ( #7981 ), #4849, .T. ) ;
#7083 = DIRECTION ( 'NONE',  ( 0.0000000000000000000, 0.0000000000000000000, 1.000000000000000000 ) ) ;
#7084 = CARTESIAN_POINT ( 'NONE',  ( 4.850000000000000500, 0.0000000000000000000, 7.950000000000000200 ) ) ;
#7085 = CARTESIAN_POINT ( 'NONE',  ( 4.850000000000000500, 8.000000000000000000, 8.449999999999997500 ) ) ;
#7086 = DIRECTION ( 'NONE',  ( -1.000000000000000000, 0.0000000000000000000, -0.0000000000000000000 ) ) ;
#7087 = EDGE_LOOP ( 'NONE', ( #5252, #5037, #2589, #6492 ) ) ;
#7088 = LINE ( 'NONE', #222, #5459 ) ;
#7089 = DIRECTION ( 'NONE',  ( -0.06923359508527887600, 0.0000000000000000000, -0.9976004757975847100 ) ) ;
#7090 = AXIS2_PLACEMENT_3D ( 'NONE', #5682, #5162, #5168 ) ;
#7091 = DIRECTION ( 'NONE',  ( 0.0000000000000000000, 0.0000000000000000000, 1.000000000000000000 ) ) ;
#7092 = CARTESIAN_POINT ( 'NONE',  ( 4.650000000000000400, 4.500000000000000900, -3.399999999999999900 ) ) ;
#7093 = ORIENTED_EDGE ( 'NONE', *, *, #2782, .F. ) ;
#7094 = VERTEX_POINT ( 'NONE', #6682 ) ;
#7095 = FACE_OUTER_BOUND ( 'NONE', #5497, .T. ) ;
#7096 = ORIENTED_EDGE ( 'NONE', *, *, #262, .T. ) ;
#7097 = LINE ( 'NONE', #6095, #6705 ) ;
#7098 = EDGE_CURVE ( 'NONE', #1142, #5822, #1347, .T. ) ;
#7099 = CARTESIAN_POINT ( 'NONE',  ( 4.850000000000000500, 8.115000000000000200, 9.619999999999999200 ) ) ;
#7100 = DIRECTION ( 'NONE',  ( 0.0000000000000000000, -1.000000000000000000, 0.0000000000000000000 ) ) ;
#7101 = ORIENTED_EDGE ( 'NONE', *, *, #980, .T. ) ;
#7102 = CIRCLE ( 'NONE', #3201, 0.09999999999999982500 ) ;
#7103 = CARTESIAN_POINT ( 'NONE',  ( -0.6999999999999999600, 41.88643412431000000, 9.923000000000000000 ) ) ;
#7104 = ORIENTED_EDGE ( 'NONE', *, *, #3761, .T. ) ;
#7105 = ORIENTED_EDGE ( 'NONE', *, *, #2592, .T. ) ;
#7106 = EDGE_LOOP ( 'NONE', ( #5438, #4569, #2702, #6658 ) ) ;
#7107 = FACE_OUTER_BOUND ( 'NONE', #2734, .T. ) ;
#7108 = CARTESIAN_POINT ( 'NONE',  ( -2.450000000000000200, 4.099999999999999600, -4.599999999999999600 ) ) ;
#7109 = VERTEX_POINT ( 'NONE', #7340 ) ;
#7110 = CARTESIAN_POINT ( 'NONE',  ( -4.270987516473000200, -44.99959868226000000, 12.39510061684000100 ) ) ;
#7111 = VECTOR ( 'NONE', #6693, 1000.000000000000000 ) ;
#7112 = VERTEX_POINT ( 'NONE', #2291 ) ;
#7113 = DIRECTION ( 'NONE',  ( -1.000000000000000000, 0.0000000000000000000, -0.0000000000000000000 ) ) ;
#7114 = CARTESIAN_POINT ( 'NONE',  ( 0.7500000000000000000, 3.246173311193000000, 9.377564394267999100 ) ) ;
#7115 = EDGE_CURVE ( 'NONE', #4710, #7381, #6374, .T. ) ;
#7116 = ORIENTED_EDGE ( 'NONE', *, *, #1543, .T. ) ;
#7117 = DIRECTION ( 'NONE',  ( -1.000000000000000000, 0.0000000000000000000, 0.0000000000000000000 ) ) ;
#7118 = LINE ( 'NONE', #6683, #7111 ) ;
#7119 = EDGE_LOOP ( 'NONE', ( #5726, #134, #3846, #7420 ) ) ;
#7120 = CARTESIAN_POINT ( 'NONE',  ( -18.87591023243999900, 8.900000000000000400, 9.900000000000000400 ) ) ;
#7121 = CARTESIAN_POINT ( 'NONE',  ( 4.400000000000000400, 4.700000000000000200, -4.799999999999999800 ) ) ;
#7122 = ADVANCED_FACE ( 'NONE', ( #4705 ), #3635, .T. ) ;
#7123 = CARTESIAN_POINT ( 'NONE',  ( -4.950000000000000200, 1.791421356237309600, 8.011522368914974400 ) ) ;
#7124 = FACE_OUTER_BOUND ( 'NONE', #5692, .T. ) ;
#7125 = VERTEX_POINT ( 'NONE', #4236 ) ;
#7126 = DIRECTION ( 'NONE',  ( -0.0000000000000000000, 1.000000000000000000, 0.0000000000000000000 ) ) ;
#7127 = LINE ( 'NONE', #1146, #7007 ) ;
#7128 = CARTESIAN_POINT ( 'NONE',  ( 0.4000000000000000200, 3.246173311193000000, 9.923000000000000000 ) ) ;
#7129 = CARTESIAN_POINT ( 'NONE',  ( 4.660158464155437700, 5.400000000000000400, 13.49942359245756600 ) ) ;
#7130 = EDGE_CURVE ( 'NONE', #5059, #4101, #7823, .T. ) ;
#7131 = CARTESIAN_POINT ( 'NONE',  ( 7.347880794884117800E-017, 4.700000000000000200, -0.5999999999999999800 ) ) ;
#7132 = ORIENTED_EDGE ( 'NONE', *, *, #1708, .T. ) ;
#7133 = VECTOR ( 'NONE', #1134, 1000.000000000000000 ) ;
#7134 = FACE_OUTER_BOUND ( 'NONE', #4567, .T. ) ;
#7135 = CARTESIAN_POINT ( 'NONE',  ( 4.849999999999999600, 2.750000000000000000, 8.049999999999998900 ) ) ;
#7136 = CIRCLE ( 'NONE', #7337, 2.499995456364858100 ) ;
#7137 = ORIENTED_EDGE ( 'NONE', *, *, #7150, .F. ) ;
#7138 = CARTESIAN_POINT ( 'NONE',  ( 2.000000000000000000, 0.0000000000000000000, 5.500000000000000000 ) ) ;
#7139 = CYLINDRICAL_SURFACE ( 'NONE', #8320, 0.2999999999999999300 ) ;
#7140 = AXIS2_PLACEMENT_3D ( 'NONE', #1328, #2797, #7171 ) ;
#7141 = LINE ( 'NONE', #7762, #6943 ) ;
#7142 = ORIENTED_EDGE ( 'NONE', *, *, #6067, .F. ) ;
#7143 = DIRECTION ( 'NONE',  ( 1.000000000000000000, 0.0000000000000000000, 0.0000000000000000000 ) ) ;
#7144 = DIRECTION ( 'NONE',  ( 0.0000000000000000000, 0.0000000000000000000, 1.000000000000000000 ) ) ;
#7145 =( BOUNDED_CURVE ( )  B_SPLINE_CURVE ( 3, ( #1964, #1720, #1548, #1526 ),
 .UNSPECIFIED., .F., .F. ) 
 B_SPLINE_CURVE_WITH_KNOTS ( ( 4, 4 ),
 ( 0.0000000000000000000, 0.02205536386543405600 ),
 .UNSPECIFIED. ) 
 CURVE ( )  GEOMETRIC_REPRESENTATION_ITEM ( )  RATIONAL_B_SPLINE_CURVE ( ( 1.000000000000000000, 0.9995999599112697100, 0.9995999599112697100, 1.000000000000000000 ) ) 
 REPRESENTATION_ITEM ( '' )  );
#7146 = DIRECTION ( 'NONE',  ( 0.0000000000000000000, -1.565587937069077900E-012, 1.000000000000000000 ) ) ;
#7147 = ORIENTED_EDGE ( 'NONE', *, *, #1619, .F. ) ;
#7148 = CARTESIAN_POINT ( 'NONE',  ( 4.549999999999999800, 4.099999999999999600, -3.399999999999999900 ) ) ;
#7149 = CARTESIAN_POINT ( 'NONE',  ( -4.400000000000000400, 0.0000000000000000000, 6.299999999999999800 ) ) ;
#7150 = EDGE_CURVE ( 'NONE', #3225, #2365, #1579, .T. ) ;
#7151 = CARTESIAN_POINT ( 'NONE',  ( -3.722003062059470000, 7.400000000000000400, 12.26166153082953300 ) ) ;
#7152 = DIRECTION ( 'NONE',  ( 0.0000000000000000000, -1.000000000000000000, 4.440892098500626200E-016 ) ) ;
#7153 = VECTOR ( 'NONE', #8291, 1000.000000000000000 ) ;
#7154 = ORIENTED_EDGE ( 'NONE', *, *, #6110, .T. ) ;
#7155 = EDGE_LOOP ( 'NONE', ( #1085, #7202, #7927, #2675 ) ) ;
#7156 = CARTESIAN_POINT ( 'NONE',  ( -4.549999999999999800, 3.899999999999999900, 4.599999999999999600 ) ) ;
#7157 = DIRECTION ( 'NONE',  ( 0.0000000000000000000, -1.000000000000000000, 0.0000000000000000000 ) ) ;
#7158 = DIRECTION ( 'NONE',  ( -0.0000000000000000000, -1.000000000000000000, -0.0000000000000000000 ) ) ;
#7159 = DIRECTION ( 'NONE',  ( 0.0000000000000000000, 0.0000000000000000000, 1.000000000000000000 ) ) ;
#7160 = ORIENTED_EDGE ( 'NONE', *, *, #818, .T. ) ;
#7161 = DIRECTION ( 'NONE',  ( 0.0000000000000000000, 0.0000000000000000000, 1.000000000000000000 ) ) ;
#7162 = EDGE_CURVE ( 'NONE', #7616, #1142, #2830, .T. ) ;
#7163 = VERTEX_POINT ( 'NONE', #836 ) ;
#7164 = PRODUCT_DEFINITION_CONTEXT ( 'detailed design', #768, 'design' ) ;
#7165 = CARTESIAN_POINT ( 'NONE',  ( 7.102951435054648900E-017, 0.09999999999999939500, -0.5799999999999999600 ) ) ;
#7166 = EDGE_CURVE ( 'NONE', #6790, #6444, #7635, .T. ) ;
#7167 = ADVANCED_FACE ( 'NONE', ( #6174, #871, #4303, #1119, #2625, #636, #7434, #5793 ), #110, .T. ) ;
#7168 = ORIENTED_EDGE ( 'NONE', *, *, #2719, .F. ) ;
#7169 = DIRECTION ( 'NONE',  ( 0.0000000000000000000, 0.0000000000000000000, 1.000000000000000000 ) ) ;
#7170 = VECTOR ( 'NONE', #4914, 1000.000000000000000 ) ;
#7171 = DIRECTION ( 'NONE',  ( 0.0000000000000000000, -0.0000000000000000000, -1.000000000000000000 ) ) ;
#7172 = CARTESIAN_POINT ( 'NONE',  ( -4.549999999999999800, 9.000000000000001800, -5.500000000000000000 ) ) ;
#7173 = ORIENTED_EDGE ( 'NONE', *, *, #987, .T. ) ;
#7174 = COLOUR_RGB ( '',0.7921568627450980000, 0.8196078431372548800, 0.9333333333333333500 ) ;
#7175 = ORIENTED_EDGE ( 'NONE', *, *, #1644, .F. ) ;
#7176 = CARTESIAN_POINT ( 'NONE',  ( -4.549999999999999800, 0.0000000000000000000, -3.399999999999999900 ) ) ;
#7177 = CARTESIAN_POINT ( 'NONE',  ( -4.849999999999999600, 5.399999999999999500, 11.43619059381999900 ) ) ;
#7178 = VERTEX_POINT ( 'NONE', #2351 ) ;
#7179 = AXIS2_PLACEMENT_3D ( 'NONE', #154, #4966, #907 ) ;
#7180 = DIRECTION ( 'NONE',  ( 0.0000000000000000000, -1.000000000000000000, 0.0000000000000000000 ) ) ;
#7181 = CARTESIAN_POINT ( 'NONE',  ( 0.0000000000000000000, 2.600000000000000500, 0.0000000000000000000 ) ) ;
#7182 = CARTESIAN_POINT ( 'NONE',  ( 4.850000000000000500, 2.750000000000000000, 7.949999999999998400 ) ) ;
#7183 = ORIENTED_EDGE ( 'NONE', *, *, #3664, .T. ) ;
#7184 = ORIENTED_EDGE ( 'NONE', *, *, #280, .F. ) ;
#7185 = AXIS2_PLACEMENT_3D ( 'NONE', #3941, #8208, #436 ) ;
#7186 = CARTESIAN_POINT ( 'NONE',  ( 2.300890258259937300, -1.345999999999999900, -4.164707380316238900 ) ) ;
#7187 = ORIENTED_EDGE ( 'NONE', *, *, #2754, .T. ) ;
#7188 = DIRECTION ( 'NONE',  ( 0.0000000000000000000, -1.000000000000000000, 0.0000000000000000000 ) ) ;
#7189 = EDGE_CURVE ( 'NONE', #8284, #851, #2408, .T. ) ;
#7190 = LINE ( 'NONE', #4789, #6803 ) ;
#7191 = VERTEX_POINT ( 'NONE', #4937 ) ;
#7192 = CARTESIAN_POINT ( 'NONE',  ( 4.850000000000000500, 1.850000000000000100, 7.518900239975000200 ) ) ;
#7193 = DIRECTION ( 'NONE',  ( 0.0000000000000000000, 0.0000000000000000000, 1.000000000000000000 ) ) ;
#7194 = ORIENTED_EDGE ( 'NONE', *, *, #5461, .T. ) ;
#7195 = VERTEX_POINT ( 'NONE', #3069 ) ;
#7196 = LINE ( 'NONE', #7851, #5564 ) ;
#7197 = ORIENTED_EDGE ( 'NONE', *, *, #1806, .T. ) ;
#7198 = EDGE_LOOP ( 'NONE', ( #6702, #307, #4018, #6370 ) ) ;
#7199 = FACE_OUTER_BOUND ( 'NONE', #4243, .T. ) ;
#7200 = AXIS2_PLACEMENT_3D ( 'NONE', #4943, #4822, #4683 ) ;
#7201 = CARTESIAN_POINT ( 'NONE',  ( 2.612790841652922000, -1.600000000000000300, -3.337412909748815400 ) ) ;
#7202 = ORIENTED_EDGE ( 'NONE', *, *, #1681, .T. ) ;
#7203 = ADVANCED_FACE ( 'NONE', ( #5598 ), #172, .T. ) ;
#7204 = DIRECTION ( 'NONE',  ( -1.000000000000000000, 0.0000000000000000000, 0.0000000000000000000 ) ) ;
#7205 = EDGE_CURVE ( 'NONE', #1167, #7616, #406, .T. ) ;
#7206 = VECTOR ( 'NONE', #1201, 1000.000000000000000 ) ;
#7207 = DIRECTION ( 'NONE',  ( -0.0000000000000000000, 1.000000000000000000, -0.0000000000000000000 ) ) ;
#7208 = ORIENTED_EDGE ( 'NONE', *, *, #2925, .F. ) ;
#7209 = DIRECTION ( 'NONE',  ( -1.000000000000000000, -0.0000000000000000000, -0.0000000000000000000 ) ) ;
#7210 = ORIENTED_EDGE ( 'NONE', *, *, #8089, .T. ) ;
#7211 = CIRCLE ( 'NONE', #4392, 0.6500000000000003600 ) ;
#7212 = PLANE ( 'NONE',  #8186 ) ;
#7213 = ORIENTED_EDGE ( 'NONE', *, *, #657, .T. ) ;
#7214 = LINE ( 'NONE', #946, #6915 ) ;
#7215 = VERTEX_POINT ( 'NONE', #3715 ) ;
#7216 = CARTESIAN_POINT ( 'NONE',  ( 2.321719022499118000, -1.346000000000000100, -3.752111429137299700 ) ) ;
#7217 = LINE ( 'NONE', #4191, #163 ) ;
#7218 = CARTESIAN_POINT ( 'NONE',  ( 3.000000000000000000, -1.346000000000000100, -4.200000000000000200 ) ) ;
#7219 = ORIENTED_EDGE ( 'NONE', *, *, #5454, .F. ) ;
#7220 = EDGE_LOOP ( 'NONE', ( #7473, #1267, #5103, #6879 ) ) ;
#7221 = CARTESIAN_POINT ( 'NONE',  ( 2.399999999999999900, 3.246173311193000000, 13.50000000000000000 ) ) ;
#7222 = CARTESIAN_POINT ( 'NONE',  ( 4.549999999999999800, 7.400000000000000400, -5.500000000000000000 ) ) ;
#7223 = CARTESIAN_POINT ( 'NONE',  ( -3.000000000000000000, -1.346000000000000100, 4.200000000000000200 ) ) ;
#7224 = EDGE_CURVE ( 'NONE', #851, #6444, #5401, .T. ) ;
#7225 = DIRECTION ( 'NONE',  ( 0.6614378277678102400, 0.0000000000000000000, -0.7499999999985338400 ) ) ;
#7226 = VECTOR ( 'NONE', #6208, 1000.000000000000000 ) ;
#7227 = CARTESIAN_POINT ( 'NONE',  ( 4.950000000000000200, 5.779999999999999400, 13.80000000000000100 ) ) ;
#7228 = VECTOR ( 'NONE', #252, 1000.000000000000000 ) ;
#7229 = VERTEX_POINT ( 'NONE', #151 ) ;
#7230 = DIRECTION ( 'NONE',  ( 0.0000000000000000000, -0.0000000000000000000, -1.000000000000000000 ) ) ;
#7231 = DIRECTION ( 'NONE',  ( 0.0000000000000000000, -1.000000000000000000, 0.0000000000000000000 ) ) ;
#7232 = ORIENTED_EDGE ( 'NONE', *, *, #7834, .T. ) ;
#7233 = VECTOR ( 'NONE', #4809, 1000.000000000000000 ) ;
#7234 = CARTESIAN_POINT ( 'NONE',  ( 0.7500000000000001100, 3.246173311193000000, 6.299999999999999800 ) ) ;
#7235 = CARTESIAN_POINT ( 'NONE',  ( 4.908578643762690600, 2.749999999999999100, 7.949999999999999300 ) ) ;
#7236 = DIRECTION ( 'NONE',  ( 0.0000000000000000000, 0.0000000000000000000, 1.000000000000000000 ) ) ;
#7237 = LINE ( 'NONE', #3804, #4122 ) ;
#7238 = VERTEX_POINT ( 'NONE', #4960 ) ;
#7239 = DIRECTION ( 'NONE',  ( -4.336808689942018500E-015, 0.0000000000000000000, 1.000000000000000000 ) ) ;
#7240 = AXIS2_PLACEMENT_3D ( 'NONE', #7417, #5582, #1640 ) ;
#7241 = LINE ( 'NONE', #5254, #6286 ) ;
#7242 = VERTEX_POINT ( 'NONE', #8038 ) ;
#7243 = DIRECTION ( 'NONE',  ( -0.0000000000000000000, -1.000000000000000000, -0.0000000000000000000 ) ) ;
#7244 = AXIS2_PLACEMENT_3D ( 'NONE', #7740, #7824, #7838 ) ;
#7245 = LINE ( 'NONE', #147, #1717 ) ;
#7246 = CARTESIAN_POINT ( 'NONE',  ( 2.629498605797254500, -1.346000000000000100, -3.476537510825332200 ) ) ;
#7247 = LINE ( 'NONE', #3751, #197 ) ;
#7248 = ORIENTED_EDGE ( 'NONE', *, *, #4731, .T. ) ;
#7249 =( BOUNDED_CURVE ( )  B_SPLINE_CURVE ( 3, ( #365, #91, #229, #82 ),
 .UNSPECIFIED., .F., .F. ) 
 B_SPLINE_CURVE_WITH_KNOTS ( ( 4, 4 ),
 ( 0.0000000000000000000, 1.000000000000000000 ),
 .UNSPECIFIED. ) 
 CURVE ( )  GEOMETRIC_REPRESENTATION_ITEM ( )  RATIONAL_B_SPLINE_CURVE ( ( 1.000000000000000000, 0.8047378541243649400, 0.8047378541243649400, 1.000000000000000000 ) ) 
 REPRESENTATION_ITEM ( '' )  );
#7250 = ADVANCED_FACE ( 'NONE', ( #1937 ), #6806, .T. ) ;
#7251 = ORIENTED_EDGE ( 'NONE', *, *, #456, .F. ) ;
#7252 = DIRECTION ( 'NONE',  ( 0.0000000000000000000, 0.0000000000000000000, -1.000000000000000000 ) ) ;
#7253 = DIRECTION ( 'NONE',  ( -0.0000000000000000000, 0.0000000000000000000, 1.000000000000000000 ) ) ;
#7254 = FILL_AREA_STYLE_COLOUR ( '', #7174 ) ;
#7255 = EDGE_CURVE ( 'NONE', #7671, #5492, #3921, .T. ) ;
#7256 = VERTEX_POINT ( 'NONE', #4335 ) ;
#7257 = DIRECTION ( 'NONE',  ( 0.0000000000000000000, -0.0000000000000000000, -1.000000000000000000 ) ) ;
#7258 = EDGE_LOOP ( 'NONE', ( #283, #3597, #7704, #1158 ) ) ;
#7259 = EDGE_CURVE ( 'NONE', #7381, #841, #8418, .T. ) ;
#7260 = AXIS2_PLACEMENT_3D ( 'NONE', #8244, #4565, #455 ) ;
#7261 = ORIENTED_EDGE ( 'NONE', *, *, #1294, .F. ) ;
#7262 = DIRECTION ( 'NONE',  ( 1.000000000000000000, 0.0000000000000000000, -0.0000000000000000000 ) ) ;
#7263 = ORIENTED_EDGE ( 'NONE', *, *, #2324, .F. ) ;
#7264 = CARTESIAN_POINT ( 'NONE',  ( 0.0000000000000000000, 3.599999999999999200, 0.0000000000000000000 ) ) ;
#7265 = LINE ( 'NONE', #1736, #7170 ) ;
#7266 = ORIENTED_EDGE ( 'NONE', *, *, #2078, .T. ) ;
#7267 = DIRECTION ( 'NONE',  ( 0.6881162959158699800, -0.0000000000000000000, 0.7256004157213684600 ) ) ;
#7268 = ORIENTED_EDGE ( 'NONE', *, *, #887, .T. ) ;
#7269 = ORIENTED_EDGE ( 'NONE', *, *, #1488, .T. ) ;
#7270 = CARTESIAN_POINT ( 'NONE',  ( 3.041879928140291500, -1.346000000000000100, -3.501253929085133900 ) ) ;
#7271 = CIRCLE ( 'NONE', #8154, 0.2999999999999999300 ) ;
#7272 = CARTESIAN_POINT ( 'NONE',  ( 4.549999999999999800, 3.899999999999999500, 6.576452044609999900 ) ) ;
#7273 = AXIS2_PLACEMENT_3D ( 'NONE', #7770, #4039, #8318 ) ;
#7274 = ORIENTED_EDGE ( 'NONE', *, *, #203, .F. ) ;
#7275 = LINE ( 'NONE', #7673, #698 ) ;
#7276 = ORIENTED_EDGE ( 'NONE', *, *, #1057, .F. ) ;
#7277 = VERTEX_POINT ( 'NONE', #4367 ) ;
#7278 = CARTESIAN_POINT ( 'NONE',  ( 18.87591023243999900, 7.400000000000000400, 9.919999999999999900 ) ) ;
#7279 = CARTESIAN_POINT ( 'NONE',  ( 0.6366504108524343500, 6.400894984940225500, 4.222456301747284300 ) ) ;
#7280 = EDGE_LOOP ( 'NONE', ( #6245, #558, #3462, #7529 ) ) ;
#7281 = EDGE_CURVE ( 'NONE', #2083, #1632, #5205, .T. ) ;
#7282 = ORIENTED_EDGE ( 'NONE', *, *, #1240, .T. ) ;
#7283 = ADVANCED_FACE ( 'NONE', ( #6822, #7027 ), #7486, .T. ) ;
#7284 = VECTOR ( 'NONE', #4968, 1000.000000000000000 ) ;
#7285 = DIRECTION ( 'NONE',  ( -0.0000000000000000000, -1.000000000000000000, -0.0000000000000000000 ) ) ;
#7286 = CARTESIAN_POINT ( 'NONE',  ( -0.5867983187777710000, 6.399992209528956100, 5.276926778468419100 ) ) ;
#7287 = ORIENTED_EDGE ( 'NONE', *, *, #1204, .T. ) ;
#7288 = UNCERTAINTY_MEASURE_WITH_UNIT (LENGTH_MEASURE( 1.000000000000000100E-005 ), #1828, 'distance_accuracy_value', 'NONE');
#7289 = ORIENTED_EDGE ( 'NONE', *, *, #7224, .F. ) ;
#7290 = EDGE_LOOP ( 'NONE', ( #5229, #5172 ) ) ;
#7291 = ORIENTED_EDGE ( 'NONE', *, *, #3967, .T. ) ;
#7292 = FACE_OUTER_BOUND ( 'NONE', #4723, .T. ) ;
#7293 = CARTESIAN_POINT ( 'NONE',  ( 0.0000000000000000000, 4.700000000000000200, -3.500000000000000400 ) ) ;
#7294 = AXIS2_PLACEMENT_3D ( 'NONE', #6381, #2601, #6982 ) ;
#7295 = CARTESIAN_POINT ( 'NONE',  ( 3.454261250483329000, -1.346000000000000100, -3.525970347344935500 ) ) ;
#7296 = CARTESIAN_POINT ( 'NONE',  ( 0.0000000000000000000, -16.24500000000000100, 0.0000000000000000000 ) ) ;
#7297 = EDGE_CURVE ( 'NONE', #6238, #8118, #1697, .T. ) ;
#7298 = ORIENTED_EDGE ( 'NONE', *, *, #8073, .F. ) ;
#7299 = LINE ( 'NONE', #1177, #6897 ) ;
#7300 = VERTEX_POINT ( 'NONE', #976 ) ;
#7301 = ORIENTED_EDGE ( 'NONE', *, *, #2760, .F. ) ;
#7302 = EDGE_LOOP ( 'NONE', ( #1315, #5157, #6856, #2512 ) ) ;
#7303 = LINE ( 'NONE', #7072, #5675 ) ;
#7304 = EDGE_CURVE ( 'NONE', #4249, #6314, #5016, .T. ) ;
#7305 = CARTESIAN_POINT ( 'NONE',  ( -2.958820571253577100, -1.600000000000001400, 4.793362543044403300 ) ) ;
#7306 =( NAMED_UNIT ( * ) SI_UNIT ( $, .STERADIAN. ) SOLID_ANGLE_UNIT ( ) );
#7307 = DIRECTION ( 'NONE',  ( 1.000000000000000000, 0.0000000000000000000, 0.0000000000000000000 ) ) ;
#7308 = VERTEX_POINT ( 'NONE', #3789 ) ;
#7309 = LINE ( 'NONE', #6461, #7623 ) ;
#7310 = VERTEX_POINT ( 'NONE', #6299 ) ;
#7311 = CARTESIAN_POINT ( 'NONE',  ( 4.549999999999999800, 4.099999999999999600, -3.399999999999999900 ) ) ;
#7312 = CARTESIAN_POINT ( 'NONE',  ( 4.850000000000000500, 2.149999999999999900, 7.450000000302999600 ) ) ;
#7313 = ORIENTED_EDGE ( 'NONE', *, *, #369, .T. ) ;
#7314 = DIRECTION ( 'NONE',  ( 0.0000000000000000000, 0.0000000000000000000, -1.000000000000000000 ) ) ;
#7315 = CARTESIAN_POINT ( 'NONE',  ( 4.000000000000000000, 7.400000000000000400, 12.40000000000000200 ) ) ;
#7316 = CARTESIAN_POINT ( 'NONE',  ( -3.049999999999999800, 4.099999999999999600, 3.399999999999999900 ) ) ;
#7317 = ORIENTED_EDGE ( 'NONE', *, *, #4778, .T. ) ;
#7318 = AXIS2_PLACEMENT_3D ( 'NONE', #3169, #2450, #3796 ) ;
#7319 = DIRECTION ( 'NONE',  ( -0.0000000000000000000, -0.0000000000000000000, -1.000000000000000000 ) ) ;
#7320 = EDGE_CURVE ( 'NONE', #4467, #4314, #1454, .T. ) ;
#7321 = VECTOR ( 'NONE', #2828, 1000.000000000000000 ) ;
#7322 = ORIENTED_EDGE ( 'NONE', *, *, #6017, .F. ) ;
#7323 = LINE ( 'NONE', #1417, #7882 ) ;
#7324 = DIRECTION ( 'NONE',  ( 0.0000000000000000000, -1.000000000000000000, 0.0000000000000000000 ) ) ;
#7325 = CARTESIAN_POINT ( 'NONE',  ( 3.726922209870786200, -1.346000000000000100, -3.836333453359321400 ) ) ;
#7326 = ORIENTED_EDGE ( 'NONE', *, *, #829, .F. ) ;
#7327 = CARTESIAN_POINT ( 'NONE',  ( 4.549999999999999800, 0.0000000000000000000, -5.500000000000000000 ) ) ;
#7328 = ADVANCED_FACE ( 'NONE', ( #3355 ), #3187, .T. ) ;
#7329 = VECTOR ( 'NONE', #610, 1000.000000000000000 ) ;
#7330 = FACE_OUTER_BOUND ( 'NONE', #3881, .T. ) ;
#7331 = VERTEX_POINT ( 'NONE', #6884 ) ;
#7332 = CARTESIAN_POINT ( 'NONE',  ( -2.542469906914968500, -1.346000000000000100, 4.869931065589321800 ) ) ;
#7333 = CIRCLE ( 'NONE', #4868, 0.2999999999999999300 ) ;
#7334 = CARTESIAN_POINT ( 'NONE',  ( -2.100000000000000100, 2.946173311193000200, 6.299999999999999800 ) ) ;
#7335 = EDGE_CURVE ( 'NONE', #2773, #5396, #3151, .T. ) ;
#7336 = CARTESIAN_POINT ( 'NONE',  ( -4.850000000000000500, 8.115000000000000200, 9.919999999999999900 ) ) ;
#7338 = EDGE_LOOP ( 'NONE', ( #6420, #788, #3599, #7693 ) ) ;
#7337 = AXIS2_PLACEMENT_3D ( 'NONE', #4886, #814, #5516 ) ;
#7339 = VECTOR ( 'NONE', #7621, 1000.000000000000000 ) ;
#7340 = CARTESIAN_POINT ( 'NONE',  ( 0.09999999999999996400, 2.946173311192999300, 13.50000000000000000 ) ) ;
#7341 = DIRECTION ( 'NONE',  ( 1.000000000000000000, 0.0000000000000000000, 0.0000000000000000000 ) ) ;
#7342 = FACE_OUTER_BOUND ( 'NONE', #750, .T. ) ;
#7343 = ORIENTED_EDGE ( 'NONE', *, *, #1835, .F. ) ;
#7344 = ORIENTED_EDGE ( 'NONE', *, *, #4214, .F. ) ;
#7345 = CARTESIAN_POINT ( 'NONE',  ( 0.0000000000000000000, 4.700000000000000200, -2.500000000000000000 ) ) ;
#7346 = DIRECTION ( 'NONE',  ( 0.0000000000000000000, 0.0000000000000000000, 1.000000000000000000 ) ) ;
#7347 = CARTESIAN_POINT ( 'NONE',  ( 0.6502140320371980800, 6.250000000000000900, 5.623805363293888200 ) ) ;
#7348 = CARTESIAN_POINT ( 'NONE',  ( -4.650000000000000400, 4.500000000000000900, 3.399999999999999900 ) ) ;
#7349 = AXIS2_PLACEMENT_3D ( 'NONE', #217, #1723, #6265 ) ;
#7350 = FACE_OUTER_BOUND ( 'NONE', #7198, .T. ) ;
#7351 = VERTEX_POINT ( 'NONE', #4422 ) ;
#7352 = EDGE_CURVE ( 'NONE', #7163, #2130, #4803, .T. ) ;
#7353 = ORIENTED_EDGE ( 'NONE', *, *, #1958, .T. ) ;
#7354 = CARTESIAN_POINT ( 'NONE',  ( -2.829999565265178200, -8.100014554838637100, -1.029689062016112300 ) ) ;
#7355 = CARTESIAN_POINT ( 'NONE',  ( 3.698320333058456200, -1.346000000000000100, -4.248463516557575500 ) ) ;
#7356 = CARTESIAN_POINT ( 'NONE',  ( 2.450000000000000200, 4.099999999999999600, -4.599999999999999600 ) ) ;
#7357 = ORIENTED_EDGE ( 'NONE', *, *, #3708, .T. ) ;
#7358 = VERTEX_POINT ( 'NONE', #7575 ) ;
#7359 = AXIS2_PLACEMENT_3D ( 'NONE', #7181, #5075, #4988 ) ;
#7360 = CARTESIAN_POINT ( 'NONE',  ( 0.7500000000000000000, 3.246173311193000000, 0.0000000000000000000 ) ) ;
#7361 = CARTESIAN_POINT ( 'NONE',  ( -0.4000000000000001300, 2.946173311192998900, 9.923000000000000000 ) ) ;
#7362 = DIRECTION ( 'NONE',  ( -1.000000000000000000, -0.0000000000000000000, -0.0000000000000000000 ) ) ;
#7363 = ORIENTED_EDGE ( 'NONE', *, *, #1590, .T. ) ;
#7364 = EDGE_CURVE ( 'NONE', #5082, #3380, #1229, .T. ) ;
#7365 = ORIENTED_EDGE ( 'NONE', *, *, #2806, .F. ) ;
#7366 = CARTESIAN_POINT ( 'NONE',  ( 0.0000000000000000000, 6.250000000000000000, -3.500000000000000400 ) ) ;
#7367 = FACE_OUTER_BOUND ( 'NONE', #2916, .T. ) ;
#7368 = ADVANCED_FACE ( 'NONE', ( #8072 ), #6073, .F. ) ;
#7369 = CARTESIAN_POINT ( 'NONE',  ( 0.5000000000000000000, 4.049999999999999800, 0.8700000000000000000 ) ) ;
#7370 = CARTESIAN_POINT ( 'NONE',  ( 2.000000000000000000, 1.500000000000000000, 6.299999999999999800 ) ) ;
#7371 = CARTESIAN_POINT ( 'NONE',  ( 4.650000000000000400, 4.200000000000000200, 4.599999999999999600 ) ) ;
#7372 = ORIENTED_EDGE ( 'NONE', *, *, #3495, .T. ) ;
#7373 = CARTESIAN_POINT ( 'NONE',  ( -4.946590467579384600, 7.400000000000000400, 13.39815458647045400 ) ) ;
#7374 = EDGE_LOOP ( 'NONE', ( #2432, #5811, #54, #3752 ) ) ;
#7375 = ORIENTED_EDGE ( 'NONE', *, *, #699, .T. ) ;
#7376 = CARTESIAN_POINT ( 'NONE',  ( 4.850000000000000500, 2.750000000000000000, 7.450000000000000200 ) ) ;
#7377 = EDGE_CURVE ( 'NONE', #6698, #7915, #999, .T. ) ;
#7378 = CARTESIAN_POINT ( 'NONE',  ( 5.232842712474999700, 7.400000000000000400, 13.70000000000000100 ) ) ;
#7379 = CARTESIAN_POINT ( 'NONE',  ( -1.387628033138202300, -8.099989810421627500, 2.663004432025379800 ) ) ;
#7380 = CARTESIAN_POINT ( 'NONE',  ( 2.300890258259937300, -1.494789755157234000, -4.164707380316238000 ) ) ;
#7381 = VERTEX_POINT ( 'NONE', #2562 ) ;
#7382 = CARTESIAN_POINT ( 'NONE',  ( 4.650000000000000400, 4.500000000000000900, -3.399999999999999900 ) ) ;
#7383 = EDGE_CURVE ( 'NONE', #5492, #4397, #2720, .T. ) ;
#7384 = ORIENTED_EDGE ( 'NONE', *, *, #10, .T. ) ;
#7385 = FACE_BOUND ( 'NONE', #2836, .T. ) ;
#7386 = CARTESIAN_POINT ( 'NONE',  ( -0.5499996096467753000, 6.399999999999717000, -4.200000000000000200 ) ) ;
#7387 = CARTESIAN_POINT ( 'NONE',  ( 2.000000000000000000, 0.0000000000000000000, 5.000000000000000000 ) ) ;
#7388 = ORIENTED_EDGE ( 'NONE', *, *, #4957, .T. ) ;
#7389 = ORIENTED_EDGE ( 'NONE', *, *, #497, .T. ) ;
#7390 = EDGE_LOOP ( 'NONE', ( #7618, #2264, #5009, #3, #3661, #7049, #1193, #5005, #4038, #2353 ) ) ;
#7391 = LINE ( 'NONE', #1343, #5761 ) ;
#7392 = DIRECTION ( 'NONE',  ( -0.0000000000000000000, -1.000000000000000000, -0.0000000000000000000 ) ) ;
#7393 = DIRECTION ( 'NONE',  ( 1.000000000000000000, 0.0000000000000000000, 0.0000000000000000000 ) ) ;
#7394 = EDGE_CURVE ( 'NONE', #641, #2690, #6270, .T. ) ;
#7395 = ORIENTED_EDGE ( 'NONE', *, *, #7681, .F. ) ;
#7396 = BREP_WITH_VOIDS ( 'NONE', #3986, ( #559, #2080 ) );
#7397 = CARTESIAN_POINT ( 'NONE',  ( -4.550000000000000700, 9.000000000000001800, 7.076452044609999900 ) ) ;
#7398 = ORIENTED_EDGE ( 'NONE', *, *, #746, .T. ) ;
#7399 = DIRECTION ( 'NONE',  ( -0.0000000000000000000, -1.000000000000000000, -0.0000000000000000000 ) ) ;
#7400 = DIRECTION ( 'NONE',  ( 0.0000000000000000000, 0.0000000000000000000, 1.000000000000000000 ) ) ;
#7401 = ORIENTED_EDGE ( 'NONE', *, *, #4395, .F. ) ;
#7402 = CARTESIAN_POINT ( 'NONE',  ( -0.5481303751426485100, 6.399992209528957000, 4.180666028182797000 ) ) ;
#7403 = ORIENTED_EDGE ( 'NONE', *, *, #425, .T. ) ;
#7404 = CIRCLE ( 'NONE', #278, 0.5799999999999999600 ) ;
#7405 = PLANE ( 'NONE',  #2771 ) ;
#7406 = CARTESIAN_POINT ( 'NONE',  ( 0.6999999999999999600, 3.246173311193000000, 9.923000000000000000 ) ) ;
#7407 = DIRECTION ( 'NONE',  ( 0.0000000000000000000, 0.0000000000000000000, -1.000000000000000000 ) ) ;
#7408 = CARTESIAN_POINT ( 'NONE',  ( 0.0000000000000000000, 4.049999999999999800, 0.0000000000000000000 ) ) ;
#7409 = ORIENTED_EDGE ( 'NONE', *, *, #5710, .T. ) ;
#7410 = LINE ( 'NONE', #8061, #1682 ) ;
#7411 = DIRECTION ( 'NONE',  ( 0.0000000000000000000, -1.000000000000000000, 0.0000000000000000000 ) ) ;
#7412 = VERTEX_POINT ( 'NONE', #7598 ) ;
#7413 = CARTESIAN_POINT ( 'NONE',  ( 5.232842712474724300, 5.779999999999999400, 13.69999999999969600 ) ) ;
#7415 = EDGE_LOOP ( 'NONE', ( #2419, #6325, #700, #3514 ) ) ;
#7414 = PRODUCT_RELATED_PRODUCT_CATEGORY ( 'part', '', ( #6985 ) ) ;
#7416 = CYLINDRICAL_SURFACE ( 'NONE', #4285, 0.2999999999999999300 ) ;
#7417 = CARTESIAN_POINT ( 'NONE',  ( -1.899999999999999900, 4.700000000000000200, 4.799999999999999800 ) ) ;
#7418 = EDGE_CURVE ( 'NONE', #1772, #3256, #6919, .T. ) ;
#7419 = ADVANCED_FACE ( 'NONE', ( #4401 ), #1883, .F. ) ;
#7420 = ORIENTED_EDGE ( 'NONE', *, *, #2061, .F. ) ;
#7421 = EDGE_CURVE ( 'NONE', #3478, #3225, #7539, .T. ) ;
#7422 = LINE ( 'NONE', #933, #7206 ) ;
#7423 = VERTEX_POINT ( 'NONE', #6352 ) ;
#7424 = CARTESIAN_POINT ( 'NONE',  ( 2.662334957708732700, -8.099984042231156400, 1.388862562906771200 ) ) ;
#7425 = DIRECTION ( 'NONE',  ( 0.0000000000000000000, -1.000000000000000000, -0.0000000000000000000 ) ) ;
#7426 = VECTOR ( 'NONE', #1465, 1000.000000000000000 ) ;
#7427 = DIRECTION ( 'NONE',  ( 0.0000000000000000000, 0.0000000000000000000, -1.000000000000000000 ) ) ;
#7428 = ORIENTED_EDGE ( 'NONE', *, *, #1633, .F. ) ;
#7429 = FACE_OUTER_BOUND ( 'NONE', #1502, .T. ) ;
#7430 = CARTESIAN_POINT ( 'NONE',  ( -18.87591023243999900, 0.1000000000000000100, 9.900000000000000400 ) ) ;
#7431 = DIRECTION ( 'NONE',  ( 0.0000000000000000000, -1.000000000000000000, 0.0000000000000000000 ) ) ;
#7432 = ORIENTED_EDGE ( 'NONE', *, *, #177, .T. ) ;
#7433 = DIRECTION ( 'NONE',  ( 0.0000000000000000000, 0.0000000000000000000, 1.000000000000000000 ) ) ;
#7434 = FACE_BOUND ( 'NONE', #6571, .T. ) ;
#7435 = DIRECTION ( 'NONE',  ( 0.0000000000000000000, 0.0000000000000000000, -1.000000000000000000 ) ) ;
#7436 = CARTESIAN_POINT ( 'NONE',  ( -3.049999999999999800, 4.099999999999999600, 4.599999999999999600 ) ) ;
#7437 = VECTOR ( 'NONE', #3748, 1000.000000000000000 ) ;
#7438 = ORIENTED_EDGE ( 'NONE', *, *, #7297, .F. ) ;
#7439 = CARTESIAN_POINT ( 'NONE',  ( -4.850000000000000500, 3.899999999999999500, -5.500000000000000900 ) ) ;
#7440 = ORIENTED_EDGE ( 'NONE', *, *, #2213, .T. ) ;
#7441 = DIRECTION ( 'NONE',  ( 0.0000000000000000000, -0.0000000000000000000, -1.000000000000000000 ) ) ;
#7442 = DIRECTION ( 'NONE',  ( -1.445602896647339500E-015, 0.0000000000000000000, 1.000000000000000000 ) ) ;
#7443 = EDGE_CURVE ( 'NONE', #1669, #7191, #1805, .T. ) ;
#7444 = DIRECTION ( 'NONE',  ( 0.0000000000000000000, -1.000000000000000000, -0.0000000000000000000 ) ) ;
#7445 = FACE_OUTER_BOUND ( 'NONE', #1346, .T. ) ;
#7446 = AXIS2_PLACEMENT_3D ( 'NONE', #105, #73, #39 ) ;
#7447 = CARTESIAN_POINT ( 'NONE',  ( 8.572527594031472000E-017, 4.700000000000000200, -4.900000000000000400 ) ) ;
#7448 = CARTESIAN_POINT ( 'NONE',  ( -4.950000000000001100, 8.299999999999998900, 8.050000000000000700 ) ) ;
#7449 = CARTESIAN_POINT ( 'NONE',  ( 2.321719022499117500, -1.494789755157233600, -3.752111429137298800 ) ) ;
#7450 = VECTOR ( 'NONE', #2492, 1000.000000000000000 ) ;
#7451 = ORIENTED_EDGE ( 'NONE', *, *, #3678, .F. ) ;
#7452 = DIRECTION ( 'NONE',  ( -0.0000000000000000000, -0.0000000000000000000, 1.000000000000000000 ) ) ;
#7453 = CARTESIAN_POINT ( 'NONE',  ( 5.232842712474999700, 7.400000000000000400, 13.70000000000000100 ) ) ;
#7454 = ADVANCED_FACE ( 'NONE', ( #42 ), #3459, .T. ) ;
#7455 = ORIENTED_EDGE ( 'NONE', *, *, #6308, .T. ) ;
#7456 = CARTESIAN_POINT ( 'NONE',  ( -1.899999999999999700, 4.700000000000000200, 4.799999999999999800 ) ) ;
#7457 = FACE_OUTER_BOUND ( 'NONE', #95, .T. ) ;
#7458 = ORIENTED_EDGE ( 'NONE', *, *, #980, .F. ) ;
#7459 = DIRECTION ( 'NONE',  ( -0.0000000000000000000, -0.0000000000000000000, 1.000000000000000000 ) ) ;
#7460 = ORIENTED_EDGE ( 'NONE', *, *, #693, .F. ) ;
#7461 = CARTESIAN_POINT ( 'NONE',  ( 0.0000000000000000000, -16.24500000000000100, 0.5799999999999999600 ) ) ;
#7462 = CARTESIAN_POINT ( 'NONE',  ( -5.114273150378005000, 5.400000000000522600, 13.57497153597462600 ) ) ;
#7463 = EDGE_LOOP ( 'NONE', ( #5043, #1859 ) ) ;
#7464 = ADVANCED_FACE ( 'NONE', ( #8326 ), #3332, .T. ) ;
#7465 = CARTESIAN_POINT ( 'NONE',  ( -4.950000000000000200, 2.750000000077999800, 8.050000000000000700 ) ) ;
#7466 = DIRECTION ( 'NONE',  ( 0.0000000000000000000, -0.0000000000000000000, 1.000000000000000000 ) ) ;
#7467 = VERTEX_POINT ( 'NONE', #8230 ) ;
#7468 = CARTESIAN_POINT ( 'NONE',  ( -0.1000000000000000100, 41.88643412431000000, 13.19999999999999900 ) ) ;
#7469 = DIRECTION ( 'NONE',  ( 0.0000000000000000000, 0.0000000000000000000, -1.000000000000000000 ) ) ;
#7470 = AXIS2_PLACEMENT_3D ( 'NONE', #4259, #6755, #3044 ) ;
#7471 = DIRECTION ( 'NONE',  ( -0.0000000000000000000, -1.000000000000000000, -0.0000000000000000000 ) ) ;
#7472 = EDGE_CURVE ( 'NONE', #4397, #7915, #3644, .T. ) ;
#7473 = ORIENTED_EDGE ( 'NONE', *, *, #2118, .F. ) ;
#7474 = CARTESIAN_POINT ( 'NONE',  ( 4.908578643762691500, 2.164213562987412400, 8.450000000671961300 ) ) ;
#7475 = ORIENTED_EDGE ( 'NONE', *, *, #3696, .T. ) ;
#7476 = CARTESIAN_POINT ( 'NONE',  ( -4.950000000000000200, 2.701497683072000100, 8.349999999999999600 ) ) ;
#7477 = CARTESIAN_POINT ( 'NONE',  ( 2.629498605797254000, -1.494789755157234000, -3.476537510825332700 ) ) ;
#7478 = CARTESIAN_POINT ( 'NONE',  ( -4.850000000000000500, 0.1000000000000000100, 9.900000000000000400 ) ) ;
#7479 = VECTOR ( 'NONE', #3125, 1000.000000000000000 ) ;
#7480 = VERTEX_POINT ( 'NONE', #7056 ) ;
#7481 = ORIENTED_EDGE ( 'NONE', *, *, #2344, .T. ) ;
#7482 = ORIENTED_EDGE ( 'NONE', *, *, #562, .F. ) ;
#7483 = DIRECTION ( 'NONE',  ( 0.0000000000000000000, 1.000000000000000000, -0.0000000000000000000 ) ) ;
#7484 = CARTESIAN_POINT ( 'NONE',  ( -4.549999999999998900, 0.6155003128912000000, 9.900000000000000400 ) ) ;
#7485 = DIRECTION ( 'NONE',  ( 0.0000000000000000000, 1.000000000000000000, 0.0000000000000000000 ) ) ;
#7486 = PLANE ( 'NONE',  #7349 ) ;
#7487 = CARTESIAN_POINT ( 'NONE',  ( 4.850000000000000500, 2.250000000000000400, -5.500000000000000000 ) ) ;
#7488 = CYLINDRICAL_SURFACE ( 'NONE', #7732, 0.09999999999999939500 ) ;
#7489 = EDGE_LOOP ( 'NONE', ( #2185, #4625, #8448, #3568 ) ) ;
#7490 = ORIENTED_EDGE ( 'NONE', *, *, #7224, .T. ) ;
#7491 = ADVANCED_FACE ( 'NONE', ( #6555 ), #3251, .T. ) ;
#7492 = ORIENTED_EDGE ( 'NONE', *, *, #1047, .F. ) ;
#7493 = CARTESIAN_POINT ( 'NONE',  ( -4.908578643762691500, 2.249999999999998700, 7.450000000000001100 ) ) ;
#7494 = DIRECTION ( 'NONE',  ( 0.0000000000000000000, 0.0000000000000000000, 1.000000000000000000 ) ) ;
#7495 = PLANE ( 'NONE',  #6494 ) ;
#7496 = LINE ( 'NONE', #1290, #3316 ) ;
#7497 = CARTESIAN_POINT ( 'NONE',  ( -4.549999999999999800, -0.4000000000000000200, -5.500000000000000000 ) ) ;
#7498 = VERTEX_POINT ( 'NONE', #8257 ) ;
#7499 = CARTESIAN_POINT ( 'NONE',  ( 2.950000000000000200, 2.946173311192998400, 9.377564394267999100 ) ) ;
#7500 = VERTEX_POINT ( 'NONE', #4577 ) ;
#7501 = VECTOR ( 'NONE', #3668, 1000.000000000000000 ) ;
#7502 = CARTESIAN_POINT ( 'NONE',  ( 3.041879928140290600, -1.494789755157234000, -3.501253929085133900 ) ) ;
#7503 = DIRECTION ( 'NONE',  ( 0.0000000000000000000, -1.000000000000000000, -0.0000000000000000000 ) ) ;
#7504 = EDGE_LOOP ( 'NONE', ( #29, #992, #1306 ) ) ;
#7505 = ADVANCED_FACE ( 'NONE', ( #1339 ), #7973, .T. ) ;
#7506 = AXIS2_PLACEMENT_3D ( 'NONE', #3869, #6387, #2612 ) ;
#7507 = ORIENTED_EDGE ( 'NONE', *, *, #955, .T. ) ;
#7508 = VERTEX_POINT ( 'NONE', #1984 ) ;
#7509 = ORIENTED_EDGE ( 'NONE', *, *, #6953, .T. ) ;
#7510 = CIRCLE ( 'NONE', #4722, 0.2999999999999999300 ) ;
#7511 = DIRECTION ( 'NONE',  ( -0.6614378277658948800, 0.0000000000000000000, 0.7500000000002229300 ) ) ;
#7512 = CARTESIAN_POINT ( 'NONE',  ( 0.0000000000000000000, 6.250000000000000000, 4.200000000000000200 ) ) ;
#7513 = ORIENTED_EDGE ( 'NONE', *, *, #2341, .F. ) ;
#7514 = FACE_OUTER_BOUND ( 'NONE', #1784, .T. ) ;
#7515 = EDGE_LOOP ( 'NONE', ( #6393, #323 ) ) ;
#7516 = CARTESIAN_POINT ( 'NONE',  ( -3.250000000000000900, 2.946173311193000200, 6.299999999999999800 ) ) ;
#7517 = EDGE_LOOP ( 'NONE', ( #6811, #5487, #5509, #6835 ) ) ;
#7518 = ORIENTED_EDGE ( 'NONE', *, *, #3214, .F. ) ;
#7519 = LINE ( 'NONE', #7875, #3627 ) ;
#7520 = CARTESIAN_POINT ( 'NONE',  ( 4.549999999999999800, 0.0000000000000000000, -5.500000000000000000 ) ) ;
#7521 = CARTESIAN_POINT ( 'NONE',  ( -5.232842712472739200, 5.557401153702191000, 13.69999999999803800 ) ) ;
#7522 = AXIS2_PLACEMENT_3D ( 'NONE', #8381, #2859, #7230 ) ;
#7523 = CARTESIAN_POINT ( 'NONE',  ( -4.850000000000000500, 0.6155003128912499600, 10.00000000000000000 ) ) ;
#7524 = DIRECTION ( 'NONE',  ( -1.000000000000000000, 0.0000000000000000000, -0.0000000000000000000 ) ) ;
#7525 = ORIENTED_EDGE ( 'NONE', *, *, #5787, .T. ) ;
#7526 = CARTESIAN_POINT ( 'NONE',  ( -18.87591023243999900, 0.1000000000000000200, 10.00000000000000000 ) ) ;
#7527 = FACE_OUTER_BOUND ( 'NONE', #3372, .T. ) ;
#7528 = CARTESIAN_POINT ( 'NONE',  ( -1.750000000000000000, 3.246173311193000000, 6.299999999999999800 ) ) ;
#7529 = ORIENTED_EDGE ( 'NONE', *, *, #2173, .T. ) ;
#7530 = FACE_OUTER_BOUND ( 'NONE', #6002, .T. ) ;
#7531 = CARTESIAN_POINT ( 'NONE',  ( 3.000000000000000400, 4.700000000000000200, -2.500000000000000000 ) ) ;
#7532 = EDGE_LOOP ( 'NONE', ( #6377, #4595 ) ) ;
#7533 = DIRECTION ( 'NONE',  ( -0.0000000000000000000, -0.0000000000000000000, -1.000000000000000000 ) ) ;
#7534 = CARTESIAN_POINT ( 'NONE',  ( 3.454261250483328500, -1.494789755157233600, -3.525970347344935500 ) ) ;
#7535 = AXIS2_PLACEMENT_3D ( 'NONE', #5796, #5698, #4484 ) ;
#7536 = DIRECTION ( 'NONE',  ( 0.7500000000000236500, -0.0000000000000000000, 0.6614378277661209200 ) ) ;
#7537 = ORIENTED_EDGE ( 'NONE', *, *, #36, .F. ) ;
#7538 = ADVANCED_FACE ( 'NONE', ( #5114 ), #7695, .T. ) ;
#7539 = CIRCLE ( 'NONE', #4691, 0.2540000000000001700 ) ;
#7540 = EDGE_CURVE ( 'NONE', #3380, #2843, #6727, .T. ) ;
#7541 = FACE_OUTER_BOUND ( 'NONE', #2664, .T. ) ;
#7542 = ORIENTED_EDGE ( 'NONE', *, *, #351, .T. ) ;
#7543 = CIRCLE ( 'NONE', #3483, 0.4999999999999987200 ) ;
#7544 = ORIENTED_EDGE ( 'NONE', *, *, #2285, .F. ) ;
#7545 = AXIS2_PLACEMENT_3D ( 'NONE', #3526, #3482, #3452 ) ;
#7546 = LINE ( 'NONE', #7176, #2294 ) ;
#7547 = DIRECTION ( 'NONE',  ( 1.000000000000000000, 0.0000000000000000000, -0.0000000000000000000 ) ) ;
#7548 = CARTESIAN_POINT ( 'NONE',  ( 4.850000000000000500, 2.149999999999999900, -3.000000000000000000 ) ) ;
#7549 = LINE ( 'NONE', #4106, #5503 ) ;
#7550 = ORIENTED_EDGE ( 'NONE', *, *, #3522, .F. ) ;
#7551 = FACE_OUTER_BOUND ( 'NONE', #2870, .T. ) ;
#7552 = ADVANCED_FACE ( 'NONE', ( #4905 ), #501, .F. ) ;
#7553 = ORIENTED_EDGE ( 'NONE', *, *, #453, .T. ) ;
#7554 = CARTESIAN_POINT ( 'NONE',  ( -4.549999999999999800, 0.1000000000000000200, 10.00000000000000000 ) ) ;
#7555 = EDGE_CURVE ( 'NONE', #6765, #1351, #4694, .T. ) ;
#7556 = CARTESIAN_POINT ( 'NONE',  ( -1.899999999999999700, 4.700000000000000200, 4.799999999999999800 ) ) ;
#7557 = FACE_OUTER_BOUND ( 'NONE', #5646, .T. ) ;
#7558 = CARTESIAN_POINT ( 'NONE',  ( -2.000000000000000000, 0.0000000000000000000, 6.299999999999999800 ) ) ;
#7559 = CIRCLE ( 'NONE', #8177, 0.2999999999999999300 ) ;
#7560 = ORIENTED_EDGE ( 'NONE', *, *, #2819, .F. ) ;
#7561 = DIRECTION ( 'NONE',  ( -0.0000000000000000000, -2.775557561562891400E-016, -1.000000000000000000 ) ) ;
#7562 = VERTEX_POINT ( 'NONE', #8274 ) ;
#7563 = CARTESIAN_POINT ( 'NONE',  ( -0.8700000000002965400, 4.700000000000000200, 0.5000000000000974800 ) ) ;
#7564 = CARTESIAN_POINT ( 'NONE',  ( 3.726922209870786200, -1.494789755157234000, -3.836333453359320500 ) ) ;
#7565 = DIRECTION ( 'NONE',  ( 1.000000000000000000, 0.0000000000000000000, 0.0000000000000000000 ) ) ;
#7566 = LINE ( 'NONE', #7748, #7153 ) ;
#7567 = ORIENTED_EDGE ( 'NONE', *, *, #4479, .T. ) ;
#7568 =( BOUNDED_SURFACE ( )  B_SPLINE_SURFACE ( 3, 3, ( 
 ( #6690, #7286, #5463, #7936 ),
 ( #4221, #27, #4856, #783 ),
 ( #5491, #1527, #6107, #2301 ),
 ( #6713, #2980, #7347, #3642 ) ),
 .UNSPECIFIED., .F., .F., .F. ) 
 B_SPLINE_SURFACE_WITH_KNOTS ( ( 4, 4 ),
 ( 4, 4 ),
 ( 0.0000000000000000000, 1.000000000000000000 ),
 ( 0.0000000000000000000, 1.000000000000000000 ),
 .UNSPECIFIED. ) 
 GEOMETRIC_REPRESENTATION_ITEM ( )  RATIONAL_B_SPLINE_SURFACE ( (
 ( 1.000000000000000000, 0.3333333333331199300, 0.3333333333331199300, 1.000000000000000000),
 ( 0.8023295011647724200, 0.2674431670547529100, 0.2674431670547529100, 0.8023295011647724200),
 ( 0.8023295011647724200, 0.2674431670547529100, 0.2674431670547529100, 0.8023295011647724200),
 ( 1.000000000000000000, 0.3333333333331199300, 0.3333333333331199300, 1.000000000000000000) ) ) 
 REPRESENTATION_ITEM ( '' )  SURFACE ( )  );
#7569 = ORIENTED_EDGE ( 'NONE', *, *, #2273, .T. ) ;
#7570 = CARTESIAN_POINT ( 'NONE',  ( 0.0000000000000000000, -16.24500000000000100, 0.0000000000000000000 ) ) ;
#7571 = AXIS2_PLACEMENT_3D ( 'NONE', #3278, #4495, #372 ) ;
#7572 = VERTEX_POINT ( 'NONE', #4014 ) ;
#7573 = CARTESIAN_POINT ( 'NONE',  ( -4.549999999999999800, 3.899999999999999900, -3.399999999999999900 ) ) ;
#7574 = VERTEX_POINT ( 'NONE', #7727 ) ;
#7575 = CARTESIAN_POINT ( 'NONE',  ( -2.553999999999999800, -1.600000000000000100, 4.200000000000000200 ) ) ;
#7576 = DIRECTION ( 'NONE',  ( 0.0000000000000000000, 1.000000000000000000, 0.0000000000000000000 ) ) ;
#7577 = ADVANCED_FACE ( 'NONE', ( #1108 ), #6167, .F. ) ;
#7578 = CARTESIAN_POINT ( 'NONE',  ( 2.049999999999999800, 3.246173311193000000, 9.377564394267999100 ) ) ;
#7579 = DIRECTION ( 'NONE',  ( -0.0000000000000000000, 0.0000000000000000000, 1.000000000000000000 ) ) ;
#7580 = ORIENTED_EDGE ( 'NONE', *, *, #2286, .T. ) ;
#7581 = CARTESIAN_POINT ( 'NONE',  ( -3.250000000000000400, 3.246173311193000000, 0.0000000000000000000 ) ) ;
#7582 = AXIS2_PLACEMENT_3D ( 'NONE', #7223, #3521, #7852 ) ;
#7583 = ORIENTED_EDGE ( 'NONE', *, *, #1657, .F. ) ;
#7584 = CIRCLE ( 'NONE', #214, 0.09999999999999939500 ) ;
#7585 = CARTESIAN_POINT ( 'NONE',  ( -4.946590467578794800, 5.400000000000000400, 13.39815458646983300 ) ) ;
#7586 = CARTESIAN_POINT ( 'NONE',  ( 4.849999999999999600, 2.250000000000001300, -3.500000000000000400 ) ) ;
#7587 = CARTESIAN_POINT ( 'NONE',  ( 3.698320333058455800, -1.494789755157234000, -4.248463516557575500 ) ) ;
#7588 = EDGE_LOOP ( 'NONE', ( #2269, #6138, #461, #3326 ) ) ;
#7589 = CARTESIAN_POINT ( 'NONE',  ( -4.549999999999999800, 3.899999999999999900, 6.576452044609999900 ) ) ;
#7590 = VERTEX_POINT ( 'NONE', #7138 ) ;
#7591 = VERTEX_POINT ( 'NONE', #3445 ) ;
#7592 = ADVANCED_FACE ( 'NONE', ( #1564 ), #2824, .F. ) ;
#7593 = CARTESIAN_POINT ( 'NONE',  ( -5.232842712473208200, 5.780000000000000200, 13.69999999999856200 ) ) ;
#7594 = ORIENTED_EDGE ( 'NONE', *, *, #7659, .T. ) ;
#7595 = EDGE_LOOP ( 'NONE', ( #6219, #1102, #4944, #4633 ) ) ;
#7596 = FACE_OUTER_BOUND ( 'NONE', #2533, .T. ) ;
#7597 = CARTESIAN_POINT ( 'NONE',  ( -4.949999999999999300, 1.849999999999999200, -3.299999999999999800 ) ) ;
#7598 = CARTESIAN_POINT ( 'NONE',  ( -4.549999999999999800, 3.899999999999999500, 3.400000000000000400 ) ) ;
#7599 = DIRECTION ( 'NONE',  ( 0.0000000000000000000, 0.0000000000000000000, -1.000000000000000000 ) ) ;
#7600 = ORIENTED_EDGE ( 'NONE', *, *, #6110, .F. ) ;
#7601 = CARTESIAN_POINT ( 'NONE',  ( 18.87591023243999900, 0.6155003128912000000, 9.900000000000000400 ) ) ;
#7602 = CARTESIAN_POINT ( 'NONE',  ( -0.6366504108524343500, 6.400894984940225500, -4.222456301747284300 ) ) ;
#7603 = VERTEX_POINT ( 'NONE', #4107 ) ;
#7604 = CIRCLE ( 'NONE', #4138, 0.2999999999999999300 ) ;
#7605 = DIRECTION ( 'NONE',  ( 0.0000000000000000000, 0.0000000000000000000, -1.000000000000000000 ) ) ;
#7606 = ORIENTED_EDGE ( 'NONE', *, *, #944, .T. ) ;
#7607 = ORIENTED_EDGE ( 'NONE', *, *, #4645, .F. ) ;
#7608 = ORIENTED_EDGE ( 'NONE', *, *, #1245, .F. ) ;
#7609 = ORIENTED_EDGE ( 'NONE', *, *, #1298, .F. ) ;
#7610 = VECTOR ( 'NONE', #5328, 1000.000000000000100 ) ;
#7611 = CARTESIAN_POINT ( 'NONE',  ( -4.549999999999999800, 3.899999999999999500, 4.599999999999999600 ) ) ;
#7612 = CARTESIAN_POINT ( 'NONE',  ( 2.405966696974844300, -1.599999999999999600, -4.170011873399198000 ) ) ;
#7613 = CARTESIAN_POINT ( 'NONE',  ( -3.446000000000000200, -1.600000000000000100, 4.200000000000000200 ) ) ;
#7614 = ADVANCED_FACE ( 'NONE', ( #3031 ), #4045, .F. ) ;
#7615 = AXIS2_PLACEMENT_3D ( 'NONE', #6211, #2424, #6809 ) ;
#7616 = VERTEX_POINT ( 'NONE', #8329 ) ;
#7617 = VECTOR ( 'NONE', #7231, 1000.000000000000000 ) ;
#7618 = ORIENTED_EDGE ( 'NONE', *, *, #1155, .F. ) ;
#7619 = FACE_OUTER_BOUND ( 'NONE', #4579, .T. ) ;
#7620 = CARTESIAN_POINT ( 'NONE',  ( 2.423664890663487000, -1.599999999999999400, -3.819429237998358300 ) ) ;
#7621 = DIRECTION ( 'NONE',  ( 0.0000000000000000000, 0.0000000000000000000, 1.000000000000000000 ) ) ;
#7622 =( NAMED_UNIT ( * ) PLANE_ANGLE_UNIT ( ) SI_UNIT ( $, .RADIAN. ) );
#7623 = VECTOR ( 'NONE', #848, 1000.000000000000000 ) ;
#7624 = DIRECTION ( 'NONE',  ( -0.0000000000000000000, -1.000000000000000000, -0.0000000000000000000 ) ) ;
#7626 = ORIENTED_EDGE ( 'NONE', *, *, #5046, .F. ) ;
#7625 = AXIS2_PLACEMENT_3D ( 'NONE', #5257, #1262, #5884 ) ;
#7627 = LINE ( 'NONE', #7883, #862 ) ;
#7628 = AXIS2_PLACEMENT_3D ( 'NONE', #6569, #6667, #6647 ) ;
#7629 = EDGE_CURVE ( 'NONE', #412, #4176, #7815, .T. ) ;
#7630 = DIRECTION ( 'NONE',  ( 0.6614378277661208100, 0.0000000000000000000, -0.7500000000000235400 ) ) ;
#7631 = VERTEX_POINT ( 'NONE', #6616 ) ;
#7632 = CARTESIAN_POINT ( 'NONE',  ( 0.0000000000000000000, 4.700000000000000200, 4.900000000000000400 ) ) ;
#7633 = ORIENTED_EDGE ( 'NONE', *, *, #8336, .F. ) ;
#7634 = DIRECTION ( 'NONE',  ( 0.0000000000000000000, 0.0000000000000000000, -1.000000000000000000 ) ) ;
#7635 = LINE ( 'NONE', #6731, #5983 ) ;
#7636 = AXIS2_PLACEMENT_3D ( 'NONE', #4324, #5712, #5628 ) ;
#7637 = CIRCLE ( 'NONE', #7179, 3.000000000000000000 ) ;
#7638 = ORIENTED_EDGE ( 'NONE', *, *, #4990, .F. ) ;
#7639 = ORIENTED_EDGE ( 'NONE', *, *, #6891, .F. ) ;
#7640 = VECTOR ( 'NONE', #2825, 1000.000000000000000 ) ;
#7641 = EDGE_CURVE ( 'NONE', #4140, #2843, #6368, .T. ) ;
#7642 = CIRCLE ( 'NONE', #922, 0.2999999999999999300 ) ;
#7643 = ORIENTED_EDGE ( 'NONE', *, *, #4766, .T. ) ;
#7644 = VECTOR ( 'NONE', #6255, 1000.000000000000000 ) ;
#7645 = CARTESIAN_POINT ( 'NONE',  ( 2.685185094938192600, -1.599999999999999900, -3.585274175997652500 ) ) ;
#7646 = AXIS2_PLACEMENT_3D ( 'NONE', #5753, #1923, #1168 ) ;
#7647 = VERTEX_POINT ( 'NONE', #4135 ) ;
#7648 = CARTESIAN_POINT ( 'NONE',  ( -4.850000000000000500, 2.149999999999999900, 7.498502316928000500 ) ) ;
#7649 = CARTESIAN_POINT ( 'NONE',  ( 0.0000000000000000000, 4.700000000000000200, 0.0000000000000000000 ) ) ;
#7650 = FACE_OUTER_BOUND ( 'NONE', #5837, .T. ) ;
#7651 = ORIENTED_EDGE ( 'NONE', *, *, #1017, .F. ) ;
#7652 = CARTESIAN_POINT ( 'NONE',  ( 3.000000000000000400, 4.049999999999999800, 0.5000000000000000000 ) ) ;
#7653 = CARTESIAN_POINT ( 'NONE',  ( -4.950000000000003700, 8.417157287525382600, 7.991421356237309800 ) ) ;
#7654 = CARTESIAN_POINT ( 'NONE',  ( 0.0000000000000000000, 2.600000000000000500, 0.0000000000000000000 ) ) ;
#7655 = ORIENTED_EDGE ( 'NONE', *, *, #7941, .T. ) ;
#7656 = CARTESIAN_POINT ( 'NONE',  ( -2.958820566930572000, -1.600000000000001000, 4.793362542744385600 ) ) ;
#7657 = CARTESIAN_POINT ( 'NONE',  ( 4.549999999999999800, 8.115000000000000200, 9.619999999999999200 ) ) ;
#7658 = VERTEX_POINT ( 'NONE', #7234 ) ;
#7659 = EDGE_CURVE ( 'NONE', #6176, #641, #2617, .T. ) ;
#7660 = ORIENTED_EDGE ( 'NONE', *, *, #2159, .T. ) ;
#7661 = CARTESIAN_POINT ( 'NONE',  ( -4.120846395939718600, 5.399999999999999500, 12.26297306692710400 ) ) ;
#7662 = CARTESIAN_POINT ( 'NONE',  ( -4.660158464155506100, 7.400000000000000400, 13.49942359245754100 ) ) ;
#7663 = EDGE_LOOP ( 'NONE', ( #4576, #6103, #6557, #7322 ) ) ;
#7664 = VERTEX_POINT ( 'NONE', #5407 ) ;
#7665 = CARTESIAN_POINT ( 'NONE',  ( 3.035585360292238000, -1.600000000000000100, -3.606275707947810700 ) ) ;
#7666 = CARTESIAN_POINT ( 'NONE',  ( 3.000000000000000000, 4.049999999999999800, 2.500000000000000000 ) ) ;
#7667 = ADVANCED_FACE ( 'NONE', ( #4291 ), #6641, .T. ) ;
#7668 = CARTESIAN_POINT ( 'NONE',  ( 3.049999999999999800, 4.529368840467999900, -3.400000000000000400 ) ) ;
#7669 = CARTESIAN_POINT ( 'NONE',  ( 3.600000000000000500, 7.400000000000000400, 12.40000000000000200 ) ) ;
#7670 = EDGE_LOOP ( 'NONE', ( #3691, #7580, #1231, #5051 ) ) ;
#7671 = VERTEX_POINT ( 'NONE', #8413 ) ;
#7672 = ORIENTED_EDGE ( 'NONE', *, *, #1588, .F. ) ;
#7673 = CARTESIAN_POINT ( 'NONE',  ( 2.598075027086107700, -16.24500000000000100, -1.500002051209104600 ) ) ;
#7674 = DIRECTION ( 'NONE',  ( 0.0000000000000000000, -0.0000000000000000000, -1.000000000000000000 ) ) ;
#7675 = CARTESIAN_POINT ( 'NONE',  ( -4.549999999999999800, 8.115000000000000200, 9.919999999999999900 ) ) ;
#7676 = CARTESIAN_POINT ( 'NONE',  ( -3.048463511472006900, -1.494789755157234700, 3.501679666588605000 ) ) ;
#7677 = LINE ( 'NONE', #321, #4352 ) ;
#7678 = EDGE_LOOP ( 'NONE', ( #7440, #2077, #4277, #8402 ) ) ;
#7679 = DIRECTION ( 'NONE',  ( -0.0000000000000000000, 1.000000000000000000, -0.0000000000000000000 ) ) ;
#7680 = ORIENTED_EDGE ( 'NONE', *, *, #6543, .F. ) ;
#7681 = EDGE_CURVE ( 'NONE', #6444, #2137, #7627, .T. ) ;
#7682 = ORIENTED_EDGE ( 'NONE', *, *, #5394, .F. ) ;
#7683 = EDGE_CURVE ( 'NONE', #4140, #5921, #5785, .T. ) ;
#7684 = DIRECTION ( 'NONE',  ( -0.0000000000000000000, -0.0000000000000000000, -1.000000000000000000 ) ) ;
#7685 = ORIENTED_EDGE ( 'NONE', *, *, #5046, .T. ) ;
#7686 = AXIS2_PLACEMENT_3D ( 'NONE', #5821, #428, #7018 ) ;
#7687 = ORIENTED_EDGE ( 'NONE', *, *, #3780, .F. ) ;
#7688 = VECTOR ( 'NONE', #8017, 1000.000000000000000 ) ;
#7689 = CARTESIAN_POINT ( 'NONE',  ( 3.385985625646282600, -1.599999999999999900, -3.627277239897969800 ) ) ;
#7690 = ORIENTED_EDGE ( 'NONE', *, *, #4198, .F. ) ;
#7691 = VERTEX_POINT ( 'NONE', #6054 ) ;
#7692 = EDGE_LOOP ( 'NONE', ( #1336, #1462, #4281, #4256 ) ) ;
#7693 = ORIENTED_EDGE ( 'NONE', *, *, #2090, .F. ) ;
#7694 = FACE_OUTER_BOUND ( 'NONE', #4166, .T. ) ;
#7695 = PLANE ( 'NONE',  #377 ) ;
#7696 = DIRECTION ( 'NONE',  ( -0.0000000000000000000, -0.0000000000000000000, 1.000000000000000000 ) ) ;
#7697 = CARTESIAN_POINT ( 'NONE',  ( 4.950000000000001100, 8.000000000000001800, 7.991421356237309800 ) ) ;
#7698 = CARTESIAN_POINT ( 'NONE',  ( 0.0000000000000000000, -1.199999999999999700, 0.0000000000000000000 ) ) ;
#7699 = ORIENTED_EDGE ( 'NONE', *, *, #5974, .T. ) ;
#7700 = DIRECTION ( 'NONE',  ( 0.0000000000000000000, 0.0000000000000000000, 1.000000000000000000 ) ) ;
#7701 = VECTOR ( 'NONE', #1729, 1000.000000000000000 ) ;
#7702 = DIRECTION ( 'NONE',  ( 0.0000000000000000000, -1.000000000000000000, -0.0000000000000000000 ) ) ;
#7703 = AXIS2_PLACEMENT_3D ( 'NONE', #3405, #1282, #5909 ) ;
#7704 = ORIENTED_EDGE ( 'NONE', *, *, #2344, .F. ) ;
#7705 = ORIENTED_EDGE ( 'NONE', *, *, #1694, .F. ) ;
#7706 = CARTESIAN_POINT ( 'NONE',  ( -3.049999999999999800, 4.500000000000000900, -4.599999999999999600 ) ) ;
#7707 = ORIENTED_EDGE ( 'NONE', *, *, #6049, .F. ) ;
#7708 = FACE_OUTER_BOUND ( 'NONE', #6751, .T. ) ;
#7709 = LINE ( 'NONE', #8376, #2908 ) ;
#7710 = DIRECTION ( 'NONE',  ( 0.0000000000000000000, 0.0000000000000000000, -1.000000000000000000 ) ) ;
#7711 = CARTESIAN_POINT ( 'NONE',  ( 4.850000000000000500, 2.000000000000000000, -3.000000000000000000 ) ) ;
#7712 = ORIENTED_EDGE ( 'NONE', *, *, #3147, .F. ) ;
#7713 = ADVANCED_FACE ( 'NONE', ( #396 ), #3913, .F. ) ;
#7714 = DIRECTION ( 'NONE',  ( 0.0000000000000000000, 0.0000000000000000000, 1.000000000000000000 ) ) ;
#7715 = LINE ( 'NONE', #7785, #7617 ) ;
#7716 = CARTESIAN_POINT ( 'NONE',  ( -0.5917378073586655500, 6.400894984940224600, 2.904242876547411100 ) ) ;
#7717 = DIRECTION ( 'NONE',  ( -0.0000000000000000000, -1.000000000000000000, -0.0000000000000000000 ) ) ;
#7718 = ORIENTED_EDGE ( 'NONE', *, *, #5922, .T. ) ;
#7719 = EDGE_CURVE ( 'NONE', #4223, #7796, #5590, .T. ) ;
#7720 = CIRCLE ( 'NONE', #7866, 0.1499999999999999900 ) ;
#7721 = DIRECTION ( 'NONE',  ( -1.000000000000000000, -0.0000000000000000000, -0.0000000000000000000 ) ) ;
#7722 = ORIENTED_EDGE ( 'NONE', *, *, #823, .F. ) ;
#7723 = EDGE_LOOP ( 'NONE', ( #505, #3360 ) ) ;
#7724 = CARTESIAN_POINT ( 'NONE',  ( 3.617665547467714800, -1.600000000000000300, -3.890992662521019600 ) ) ;
#7725 = COLOUR_RGB ( '',0.7921568627450980000, 0.8196078431372548800, 0.9333333333333333500 ) ;
#7726 = DIRECTION ( 'NONE',  ( 0.0000000000000000000, -0.0000000000000000000, 1.000000000000000000 ) ) ;
#7727 = CARTESIAN_POINT ( 'NONE',  ( -4.850000000000000500, 1.750000000000000200, -3.000000000000000000 ) ) ;
#7728 = DIRECTION ( 'NONE',  ( 0.0000000000000000000, 0.0000000000000000000, -1.000000000000000000 ) ) ;
#7729 = VECTOR ( 'NONE', #1962, 1000.000000000000000 ) ;
#7730 = ORIENTED_EDGE ( 'NONE', *, *, #4957, .F. ) ;
#7731 = LINE ( 'NONE', #1766, #7701 ) ;
#7732 = AXIS2_PLACEMENT_3D ( 'NONE', #7601, #6954, #1826 ) ;
#7733 = ORIENTED_EDGE ( 'NONE', *, *, #7115, .T. ) ;
#7734 = EDGE_CURVE ( 'NONE', #6036, #7796, #7217, .T. ) ;
#7735 = CARTESIAN_POINT ( 'NONE',  ( -0.5000000000000000000, 4.700000000000000200, 0.0000000000000000000 ) ) ;
#7736 = FACE_OUTER_BOUND ( 'NONE', #2462, .T. ) ;
#7737 = DIRECTION ( 'NONE',  ( 0.0000000000000000000, 0.0000000000000000000, 1.000000000000000000 ) ) ;
#7738 = FACE_OUTER_BOUND ( 'NONE', #6975, .T. ) ;
#7739 = CARTESIAN_POINT ( 'NONE',  ( -2.100000000000000100, 2.946173311193000200, 9.622999999999999300 ) ) ;
#7740 = CARTESIAN_POINT ( 'NONE',  ( -4.549999999999999800, 3.899999999999999900, -5.500000000000000000 ) ) ;
#7741 = LINE ( 'NONE', #5956, #7644 ) ;
#7742 = EDGE_LOOP ( 'NONE', ( #3503, #6489, #1022, #4848 ) ) ;
#7743 = VECTOR ( 'NONE', #7547, 1000.000000000000000 ) ;
#7744 = CARTESIAN_POINT ( 'NONE',  ( -9.437580067829999800E-006, -8.600000000058116700, -1.641657460882753300E-005 ) ) ;
#7745 = CARTESIAN_POINT ( 'NONE',  ( -3.722003062060000200, 5.400000000000000400, 12.26166153083000200 ) ) ;
#7746 = DIRECTION ( 'NONE',  ( -0.0000000000000000000, 0.0000000000000000000, 1.000000000000000000 ) ) ;
#7747 = FACE_OUTER_BOUND ( 'NONE', #3093, .T. ) ;
#7748 = CARTESIAN_POINT ( 'NONE',  ( 0.7499999999999997800, 2.946173311193000200, 6.299999999999999800 ) ) ;
#7749 = ORIENTED_EDGE ( 'NONE', *, *, #555, .T. ) ;
#7750 = DIRECTION ( 'NONE',  ( -0.6941355705842079400, -0.0000000000000000000, -0.7198442954207083800 ) ) ;
#7751 = CARTESIAN_POINT ( 'NONE',  ( 3.593362542744510200, -1.600000000000000300, -4.241179433067627800 ) ) ;
#7752 = VECTOR ( 'NONE', #5833, 1000.000000000000000 ) ;
#7753 = DIRECTION ( 'NONE',  ( -1.000000000000000000, 0.0000000000000000000, 0.0000000000000000000 ) ) ;
#7754 = ADVANCED_FACE ( 'NONE', ( #2162 ), #1926, .T. ) ;
#7755 = VERTEX_POINT ( 'NONE', #2260 ) ;
#7756 = DIRECTION ( 'NONE',  ( 0.0000000000000000000, 1.000000000000000000, 0.0000000000000000000 ) ) ;
#7757 = CARTESIAN_POINT ( 'NONE',  ( 0.0000000000000000000, 4.049999999999999800, 0.0000000000000000000 ) ) ;
#7758 = DIRECTION ( 'NONE',  ( -1.000000000000000000, 0.0000000000000000000, 0.0000000000000000000 ) ) ;
#7759 =( BOUNDED_SURFACE ( )  B_SPLINE_SURFACE ( 3, 3, ( 
 ( #4451, #5116, #6955, #3254 ),
 ( #7602, #3864, #8170, #4472 ),
 ( #350, #5142, #1111, #5757 ),
 ( #1858, #6382, #2603, #6983 ) ),
 .UNSPECIFIED., .F., .F., .F. ) 
 B_SPLINE_SURFACE_WITH_KNOTS ( ( 4, 4 ),
 ( 4, 4 ),
 ( 0.0000000000000000000, 1.000000000000000000 ),
 ( 0.0000000000000000000, 1.000000000000000000 ),
 .UNSPECIFIED. ) 
 GEOMETRIC_REPRESENTATION_ITEM ( )  RATIONAL_B_SPLINE_SURFACE ( (
 ( 1.000000000000000000, 0.3333333333331203700, 0.3333333333331203700, 1.000000000000000000),
 ( 0.8023295011647724200, 0.2674431670547532900, 0.2674431670547532900, 0.8023295011647724200),
 ( 0.8023295011647724200, 0.2674431670547532900, 0.2674431670547532900, 0.8023295011647724200),
 ( 1.000000000000000000, 0.3333333333331203700, 0.3333333333331203700, 1.000000000000000000) ) ) 
 REPRESENTATION_ITEM ( '' )  SURFACE ( )  );
#7760 = CARTESIAN_POINT ( 'NONE',  ( -4.549999999999998900, 7.400000000000000400, 9.919999999999999900 ) ) ;
#7761 = DIRECTION ( 'NONE',  ( 0.0000000000000000000, -1.000000000000000000, 0.0000000000000000000 ) ) ;
#7762 = CARTESIAN_POINT ( 'NONE',  ( 0.0000000000000000000, 0.0000000000000000000, 5.500000000000000000 ) ) ;
#7763 = ORIENTED_EDGE ( 'NONE', *, *, #3530, .T. ) ;
#7764 = CARTESIAN_POINT ( 'NONE',  ( 0.0000000000000000000, 6.250000000000000000, -4.200000000000000200 ) ) ;
#7765 = CARTESIAN_POINT ( 'NONE',  ( 4.950000000000000200, 1.850000000000000100, 7.518900239975000200 ) ) ;
#7766 = EDGE_CURVE ( 'NONE', #3437, #8060, #5391, .T. ) ;
#7767 = AXIS2_PLACEMENT_3D ( 'NONE', #3506, #4737, #648 ) ;
#7768 = CARTESIAN_POINT ( 'NONE',  ( -4.950000000000000200, 2.749999999999999100, 8.349999999999999600 ) ) ;
#7769 = EDGE_LOOP ( 'NONE', ( #4805, #2381, #6289, #623 ) ) ;
#7770 = CARTESIAN_POINT ( 'NONE',  ( -3.049999999999999800, 4.099999999999999600, 4.000000000000000000 ) ) ;
#7771 = CIRCLE ( 'NONE', #8380, 0.2999999999999999300 ) ;
#7772 = VERTEX_POINT ( 'NONE', #3608 ) ;
#7773 = FACE_OUTER_BOUND ( 'NONE', #3312, .T. ) ;
#7774 = ORIENTED_EDGE ( 'NONE', *, *, #1329, .F. ) ;
#7775 = CARTESIAN_POINT ( 'NONE',  ( 2.554567221691331100, -1.599999999999999900, -4.177513559458632600 ) ) ;
#7776 = CARTESIAN_POINT ( 'NONE',  ( 0.0000000000000000000, 0.0000000000000000000, 0.0000000000000000000 ) ) ;
#7777 = EDGE_CURVE ( 'NONE', #3256, #8060, #4104, .T. ) ;
#7778 = CARTESIAN_POINT ( 'NONE',  ( -1.899999999999999900, 4.049999999999999800, -3.200000000000000200 ) ) ;
#7779 = CARTESIAN_POINT ( 'NONE',  ( -4.400000000000000400, 4.049999999999999800, 3.199999999999999700 ) ) ;
#7780 = EDGE_LOOP ( 'NONE', ( #5266, #2222, #6087, #346, #3245, #7353, #1987, #5745, #8341, #3402, #6258, #947, #4750, #5145, #2136, #6011, #233, #3192, #7266, #1850, #4437, #8270, #3320, #740, #3620, #7660, #2345, #6913, #19 ) ) ;
#7781 = CIRCLE ( 'NONE', #28, 4.099999999999999600 ) ;
#7782 = CARTESIAN_POINT ( 'NONE',  ( 0.4000000000000001300, 2.946173311192999300, 9.923000000000000000 ) ) ;
#7783 = AXIS2_PLACEMENT_3D ( 'NONE', #7790, #6273, #6513 ) ;
#7784 = CARTESIAN_POINT ( 'NONE',  ( 1.776356839399999900E-014, -8.349999999999999600, -1.250000000000000000 ) ) ;
#7785 = CARTESIAN_POINT ( 'NONE',  ( -0.4000000000000000200, 41.88643412431000000, 9.923000000000000000 ) ) ;
#7786 = ADVANCED_FACE ( 'NONE', ( #3741 ), #8236, .T. ) ;
#7787 = ORIENTED_EDGE ( 'NONE', *, *, #2014, .F. ) ;
#7788 = FACE_OUTER_BOUND ( 'NONE', #7670, .T. ) ;
#7789 = CARTESIAN_POINT ( 'NONE',  ( -4.549999999999999800, 4.099999999999999600, 3.399999999999999900 ) ) ;
#7790 = CARTESIAN_POINT ( 'NONE',  ( -4.850000000000000500, 7.700000000000000200, 9.919999999999999900 ) ) ;
#7791 = CARTESIAN_POINT ( 'NONE',  ( 4.650000000000000400, 4.500000000000000900, 3.399999999999999900 ) ) ;
#7792 = AXIS2_PLACEMENT_3D ( 'NONE', #6279, #6248, #6221 ) ;
#7793 = VERTEX_POINT ( 'NONE', #2295 ) ;
#7794 = PLANE ( 'NONE',  #7244 ) ;
#7795 = ORIENTED_EDGE ( 'NONE', *, *, #79, .F. ) ;
#7796 = VERTEX_POINT ( 'NONE', #2976 ) ;
#7797 = ORIENTED_EDGE ( 'NONE', *, *, #4503, .F. ) ;
#7798 = VECTOR ( 'NONE', #5968, 1000.000000000000000 ) ;
#7799 = CARTESIAN_POINT ( 'NONE',  ( 2.567838120049437600, -1.599999999999999900, -3.914630996278907600 ) ) ;
#7800 =( BOUNDED_CURVE ( )  B_SPLINE_CURVE ( 3, ( #7907, #6753, #7881, #6518 ),
 .UNSPECIFIED., .F., .F. ) 
 B_SPLINE_CURVE_WITH_KNOTS ( ( 4, 4 ),
 ( 0.0000000000000000000, 1.570796326787621700 ),
 .UNSPECIFIED. ) 
 CURVE ( )  GEOMETRIC_REPRESENTATION_ITEM ( )  RATIONAL_B_SPLINE_CURVE ( ( 1.000000000000000000, 0.8047378541260796800, 0.8047378541260796800, 1.000000000000000000 ) ) 
 REPRESENTATION_ITEM ( '' )  );
#7801 = VERTEX_POINT ( 'NONE', #1524 ) ;
#7802 = ORIENTED_EDGE ( 'NONE', *, *, #8056, .T. ) ;
#7803 = CIRCLE ( 'NONE', #4900, 0.09999999999999939500 ) ;
#7804 = DIRECTION ( 'NONE',  ( -1.000000000000000000, 0.0000000000000000000, -0.0000000000000000000 ) ) ;
#7805 = CARTESIAN_POINT ( 'NONE',  ( 0.0000000000000000000, 4.700000000000000200, 0.0000000000000000000 ) ) ;
#7806 = EDGE_CURVE ( 'NONE', #7242, #1370, #7022, .T. ) ;
#7807 = DIRECTION ( 'NONE',  ( -1.000000000000000000, -0.0000000000000000000, -0.0000000000000000000 ) ) ;
#7808 = AXIS2_PLACEMENT_3D ( 'NONE', #1048, #2546, #6927 ) ;
#7809 = PLANE ( 'NONE',  #5457 ) ;
#7810 = ORIENTED_EDGE ( 'NONE', *, *, #121, .T. ) ;
#7811 = DIRECTION ( 'NONE',  ( 0.0000000000000000000, 0.0000000000000000000, 1.000000000000000000 ) ) ;
#7812 = VECTOR ( 'NONE', #6551, 1000.000000000000100 ) ;
#7813 = VERTEX_POINT ( 'NONE', #3637 ) ;
#7814 = DIRECTION ( 'NONE',  ( 0.0000000000000000000, -1.000000000000000000, 0.0000000000000000000 ) ) ;
#7815 = LINE ( 'NONE', #1395, #4488 ) ;
#7816 = CARTESIAN_POINT ( 'NONE',  ( -2.399999999999999900, 3.246173311193000000, 13.19999999999999900 ) ) ;
#7817 = ORIENTED_EDGE ( 'NONE', *, *, #6186, .T. ) ;
#7818 = DIRECTION ( 'NONE',  ( -0.0000000000000000000, 0.0000000000000000000, -1.000000000000000000 ) ) ;
#7819 = CIRCLE ( 'NONE', #3772, 0.1000000000000002600 ) ;
#7820 = EDGE_CURVE ( 'NONE', #5279, #1778, #3546, .T. ) ;
#7821 = DIRECTION ( 'NONE',  ( 0.0000000000000000000, 1.000000000000000000, 0.0000000000000000000 ) ) ;
#7822 = ORIENTED_EDGE ( 'NONE', *, *, #1444, .T. ) ;
#7823 = LINE ( 'NONE', #7946, #4493 ) ;
#7824 = DIRECTION ( 'NONE',  ( 0.0000000000000000000, 1.000000000000000000, -0.0000000000000000000 ) ) ;
#7825 = AXIS2_PLACEMENT_3D ( 'NONE', #7711, #7721, #7728 ) ;
#7826 = CIRCLE ( 'NONE', #5944, 0.5999999999999999800 ) ;
#7827 = CARTESIAN_POINT ( 'NONE',  ( 2.763937683122250200, -1.600000000000000300, -3.739051042611569700 ) ) ;
#7828 = ORIENTED_EDGE ( 'NONE', *, *, #829, .T. ) ;
#7829 = DIRECTION ( 'NONE',  ( 1.000000000000000000, -0.0000000000000000000, 0.0000000000000000000 ) ) ;
#7830 = ADVANCED_FACE ( 'NONE', ( #1445 ), #6455, .T. ) ;
#7831 = CIRCLE ( 'NONE', #5338, 0.7000000000000000700 ) ;
#7832 = LINE ( 'NONE', #5440, #6736 ) ;
#7833 = CARTESIAN_POINT ( 'NONE',  ( 0.0000000000000000000, 1.300000000000000300, 0.0000000000000000000 ) ) ;
#7834 = EDGE_CURVE ( 'NONE', #1071, #4314, #6817, .T. ) ;
#7835 = CARTESIAN_POINT ( 'NONE',  ( -0.6366504108524486700, 6.400894984940225500, 4.177543698253124700 ) ) ;
#7836 = EDGE_LOOP ( 'NONE', ( #3424, #7569 ) ) ;
#7837 = EDGE_CURVE ( 'NONE', #5921, #6192, #5006, .T. ) ;
#7838 = DIRECTION ( 'NONE',  ( 0.0000000000000000000, 0.0000000000000000000, 1.000000000000000000 ) ) ;
#7839 = VECTOR ( 'NONE', #6059, 1000.000000000000000 ) ;
#7840 = VERTEX_POINT ( 'NONE', #3005 ) ;
#7841 = DIRECTION ( 'NONE',  ( -0.0000000000000000000, -1.000000000000000000, -0.0000000000000000000 ) ) ;
#7842 = CARTESIAN_POINT ( 'NONE',  ( 0.0000000000000000000, 5.400000000000000400, 0.0000000000000000000 ) ) ;
#7843 = CARTESIAN_POINT ( 'NONE',  ( 3.444945174253443800, -1.600000000000000300, -4.230879200273584200 ) ) ;
#7844 = CARTESIAN_POINT ( 'NONE',  ( 3.728034202990319300, 41.88643412431000000, 12.53277621050872700 ) ) ;
#7845 = ORIENTED_EDGE ( 'NONE', *, *, #5566, .F. ) ;
#7846 = CARTESIAN_POINT ( 'NONE',  ( 3.026683497072242700, -1.600000000000000100, -3.754798931959956800 ) ) ;
#7847 = DIRECTION ( 'NONE',  ( 0.0000000000000000000, 0.0000000000000000000, -1.000000000000000000 ) ) ;
#7848 = EDGE_CURVE ( 'NONE', #6229, #2488, #8063, .T. ) ;
#7849 = ORIENTED_EDGE ( 'NONE', *, *, #1634, .T. ) ;
#7850 = LINE ( 'NONE', #1662, #8271 ) ;
#7851 = CARTESIAN_POINT ( 'NONE',  ( 4.549999999999999800, 3.899999999999999900, 11.32280125191999800 ) ) ;
#7852 = DIRECTION ( 'NONE',  ( 0.0000000000000000000, 0.0000000000000000000, -1.000000000000000000 ) ) ;
#7853 = CARTESIAN_POINT ( 'NONE',  ( -3.446000000000000200, -1.600000000000000100, 4.200000000000000200 ) ) ;
#7854 = VERTEX_POINT ( 'NONE', #842 ) ;
#7855 = ORIENTED_EDGE ( 'NONE', *, *, #3967, .F. ) ;
#7856 = CARTESIAN_POINT ( 'NONE',  ( -4.850000000000000500, 8.500000000000000000, 6.576452044609999900 ) ) ;
#7857 = CARTESIAN_POINT ( 'NONE',  ( 4.949999999998222000, 7.400000000000000400, 13.80000000000063000 ) ) ;
#7858 = LINE ( 'NONE', #2893, #7479 ) ;
#7859 = ADVANCED_FACE ( 'NONE', ( #4795 ), #1598, .F. ) ;
#7860 = CARTESIAN_POINT ( 'NONE',  ( 3.250000000000000400, 3.246173311193000000, 0.0000000000000000000 ) ) ;
#7861 = CARTESIAN_POINT ( 'NONE',  ( 4.908578643762692400, 2.250000000004393800, 7.742893218817470400 ) ) ;
#7862 = VECTOR ( 'NONE', #4427, 1000.000000000000000 ) ;
#7863 = ORIENTED_EDGE ( 'NONE', *, *, #5465, .F. ) ;
#7864 = ORIENTED_EDGE ( 'NONE', *, *, #1576, .T. ) ;
#7865 = EDGE_LOOP ( 'NONE', ( #2221, #4325 ) ) ;
#7866 = AXIS2_PLACEMENT_3D ( 'NONE', #4340, #192, #5000 ) ;
#7867 = CARTESIAN_POINT ( 'NONE',  ( 3.289429311022234800, -1.600000000000000300, -3.770546821308345300 ) ) ;
#7868 = DIRECTION ( 'NONE',  ( -1.000000000000000000, -0.0000000000000000000, 0.0000000000000000000 ) ) ;
#7869 = EDGE_CURVE ( 'NONE', #4010, #4509, #1223, .T. ) ;
#7870 = ORIENTED_EDGE ( 'NONE', *, *, #8238, .T. ) ;
#7871 = VECTOR ( 'NONE', #7970, 1000.000000000000000 ) ;
#7872 = DIRECTION ( 'NONE',  ( 1.000000000000000000, 0.0000000000000000000, -0.0000000000000000000 ) ) ;
#7873 = CARTESIAN_POINT ( 'NONE',  ( -4.549999999999999800, 0.0000000000000000000, 5.500000000000000000 ) ) ;
#7874 = DIRECTION ( 'NONE',  ( -1.000000000000000000, 0.0000000000000000000, 0.0000000000000000000 ) ) ;
#7875 = CARTESIAN_POINT ( 'NONE',  ( 4.549999999999999800, 4.099999999999999600, 3.399999999999999900 ) ) ;
#7876 = ORIENTED_EDGE ( 'NONE', *, *, #3322, .T. ) ;
#7877 = VERTEX_POINT ( 'NONE', #4942 ) ;
#7878 = LINE ( 'NONE', #3826, #6246 ) ;
#7879 = AXIS2_PLACEMENT_3D ( 'NONE', #7589, #7047, #7062 ) ;
#7880 = DIRECTION ( 'NONE',  ( -1.000000000000000000, 0.0000000000000000000, -0.0000000000000000000 ) ) ;
#7881 = CARTESIAN_POINT ( 'NONE',  ( 4.829943704912939700, 7.399999999998379400, 13.67549717546535800 ) ) ;
#7882 = VECTOR ( 'NONE', #1397, 1000.000000000000000 ) ;
#7883 = CARTESIAN_POINT ( 'NONE',  ( -1.899999999999999900, 4.700000000000000200, 0.0000000000000000000 ) ) ;
#7884 = CARTESIAN_POINT ( 'NONE',  ( 3.000000000000000000, 4.700000000000000200, -0.5000000000000000000 ) ) ;
#7885 = ORIENTED_EDGE ( 'NONE', *, *, #1098, .F. ) ;
#7886 = EDGE_LOOP ( 'NONE', ( #4962, #6500, #2317, #6194 ) ) ;
#7887 = LINE ( 'NONE', #1869, #4572 ) ;
#7888 = DIRECTION ( 'NONE',  ( 0.0000000000000000000, 0.0000000000000000000, 1.000000000000000000 ) ) ;
#7889 = CIRCLE ( 'NONE', #4658, 0.09999999999999939500 ) ;
#7890 =( BOUNDED_CURVE ( )  B_SPLINE_CURVE ( 3, ( #2000, #2303, #2536, #1985 ),
 .UNSPECIFIED., .F., .F. ) 
 B_SPLINE_CURVE_WITH_KNOTS ( ( 4, 4 ),
 ( 0.0000000000000000000, 1.000000000000000000 ),
 .UNSPECIFIED. ) 
 CURVE ( )  GEOMETRIC_REPRESENTATION_ITEM ( )  RATIONAL_B_SPLINE_CURVE ( ( 1.000000000000000000, 0.3333333333333335400, 0.3333333333333335400, 1.000000000000000000 ) ) 
 REPRESENTATION_ITEM ( '' )  );
#7891 = DIRECTION ( 'NONE',  ( -0.0000000000000000000, -1.000000000000000000, -0.0000000000000000000 ) ) ;
#7892 = VECTOR ( 'NONE', #7891, 1000.000000000000000 ) ;
#7893 = CARTESIAN_POINT ( 'NONE',  ( 4.125867433327469400, 7.400000000000002100, 12.53272387602196100 ) ) ;
#7894 = ORIENTED_EDGE ( 'NONE', *, *, #2518, .T. ) ;
#7895 = FACE_OUTER_BOUND ( 'NONE', #1607, .T. ) ;
#7896 = CARTESIAN_POINT ( 'NONE',  ( -1.749999999999999800, 3.246173311193000000, 9.377564394267999100 ) ) ;
#7897 = DIRECTION ( 'NONE',  ( 1.000000000000000000, 0.0000000000000000000, -0.0000000000000000000 ) ) ;
#7898 = ADVANCED_FACE ( 'NONE', ( #988 ), #4393, .T. ) ;
#7899 = ORIENTED_EDGE ( 'NONE', *, *, #757, .F. ) ;
#7900 = CARTESIAN_POINT ( 'NONE',  ( -2.573158207843584800, -1.600000000000000100, 3.908487967708066200 ) ) ;
#7901 = CARTESIAN_POINT ( 'NONE',  ( -3.250000000000000400, 0.0000000000000000000, 9.377564394267999100 ) ) ;
#7902 =( NAMED_UNIT ( * ) PLANE_ANGLE_UNIT ( ) SI_UNIT ( $, .RADIAN. ) );
#7903 = DIRECTION ( 'NONE',  ( -1.000000000000000000, 0.0000000000000000000, 0.0000000000000000000 ) ) ;
#7904 = VECTOR ( 'NONE', #5702, 1000.000000000000000 ) ;
#7905 = LINE ( 'NONE', #6501, #4404 ) ;
#7906 = CARTESIAN_POINT ( 'NONE',  ( 4.400000000000000400, 4.049999999999999800, 4.799999999999999800 ) ) ;
#7907 = CARTESIAN_POINT ( 'NONE',  ( 4.949999999997921800, 7.019999999999999600, 13.79999999999875400 ) ) ;
#7908 = VERTEX_POINT ( 'NONE', #6187 ) ;
#7909 = CIRCLE ( 'NONE', #8039, 0.2999999999999999300 ) ;
#7910 = CARTESIAN_POINT ( 'NONE',  ( 3.000000000000000000, 4.700000000000000200, -2.500000000000000000 ) ) ;
#7911 = DIRECTION ( 'NONE',  ( 0.0000000000000000000, 0.0000000000000000000, -1.000000000000000000 ) ) ;
#7912 = FACE_OUTER_BOUND ( 'NONE', #5483, .T. ) ;
#7913 = CARTESIAN_POINT ( 'NONE',  ( -4.400000000000000400, 0.0000000000000000000, 6.299999999999999800 ) ) ;
#7914 = VECTOR ( 'NONE', #5826, 1000.000000000000000 ) ;
#7915 = VERTEX_POINT ( 'NONE', #2389 ) ;
#7916 = LINE ( 'NONE', #6263, #5033 ) ;
#7917 = CARTESIAN_POINT ( 'NONE',  ( 3.444929812205816500, -1.600000000000000300, -4.230878183406684200 ) ) ;
#7918 = VECTOR ( 'NONE', #1078, 1000.000000000000000 ) ;
#7919 = DIRECTION ( 'NONE',  ( -1.000000000000000000, 0.0000000000000000000, -0.0000000000000000000 ) ) ;
#7920 = ORIENTED_EDGE ( 'NONE', *, *, #7166, .F. ) ;
#7921 = AXIS2_PLACEMENT_3D ( 'NONE', #8149, #7903, #5893 ) ;
#7922 = CARTESIAN_POINT ( 'NONE',  ( -2.639396935153504900, -1.494789755157234900, 3.473290396139315600 ) ) ;
#7923 = CARTESIAN_POINT ( 'NONE',  ( 0.0000000000000000000, 4.700000000000000200, 0.0000000000000000000 ) ) ;
#7924 = CARTESIAN_POINT ( 'NONE',  ( 0.0000000000000000000, 0.0000000000000000000, 0.0000000000000000000 ) ) ;
#7925 = LINE ( 'NONE', #7060, #6300 ) ;
#7926 = DIRECTION ( 'NONE',  ( 1.000000000000000000, -0.0000000000000000000, 0.0000000000000000000 ) ) ;
#7927 = ORIENTED_EDGE ( 'NONE', *, *, #1457, .T. ) ;
#7928 = DIRECTION ( 'NONE',  ( 0.0000000000000000000, 1.000000000000000000, -0.0000000000000000000 ) ) ;
#7929 = CARTESIAN_POINT ( 'NONE',  ( 0.0000000000000000000, 5.400000000000000400, 9.619999999999999200 ) ) ;
#7930 = AXIS2_PLACEMENT_3D ( 'NONE', #1385, #1362, #1331 ) ;
#7931 = ADVANCED_FACE ( 'NONE', ( #7895 ), #743, .F. ) ;
#7932 = DIRECTION ( 'NONE',  ( 0.0000000000000000000, -1.000000000000000000, 0.0000000000000000000 ) ) ;
#7933 = CARTESIAN_POINT ( 'NONE',  ( -3.000000000000000000, 0.0000000000000000000, 4.200000000000000200 ) ) ;
#7934 = CARTESIAN_POINT ( 'NONE',  ( 4.650000000000000400, 4.200000000000000200, -3.399999999999999900 ) ) ;
#7935 = ORIENTED_EDGE ( 'NONE', *, *, #8058, .T. ) ;
#7936 = CARTESIAN_POINT ( 'NONE',  ( 0.5481303751426485100, 6.399992209528957000, 4.219333971817204300 ) ) ;
#7937 = ORIENTED_EDGE ( 'NONE', *, *, #8255, .T. ) ;
#7938 = VECTOR ( 'NONE', #2882, 1000.000000000000000 ) ;
#7939 = DIRECTION ( 'NONE',  ( -0.0000000000000000000, -1.000000000000000000, -0.0000000000000000000 ) ) ;
#7940 = DIRECTION ( 'NONE',  ( -0.0000000000000000000, 1.000000000000000000, 0.0000000000000000000 ) ) ;
#7941 = EDGE_CURVE ( 'NONE', #2130, #5396, #6065, .T. ) ;
#7942 = ORIENTED_EDGE ( 'NONE', *, *, #1335, .F. ) ;
#7943 = CIRCLE ( 'NONE', #1831, 0.5999999999999998700 ) ;
#7944 = ORIENTED_EDGE ( 'NONE', *, *, #3309, .F. ) ;
#7945 = CARTESIAN_POINT ( 'NONE',  ( 3.387209158347075800, -1.600000000000000100, -5.062587090251184000 ) ) ;
#7946 = CARTESIAN_POINT ( 'NONE',  ( 4.850000000000000500, -0.4000000000000000200, -4.599999999999999600 ) ) ;
#7947 = CARTESIAN_POINT ( 'NONE',  ( 4.850000000000000500, 5.400000000000000400, -5.500000000000000000 ) ) ;
#7948 = AXIS2_PLACEMENT_3D ( 'NONE', #4611, #498, #5256 ) ;
#7949 = EDGE_LOOP ( 'NONE', ( #7481, #2123 ) ) ;
#7950 = LINE ( 'NONE', #3842, #4660 ) ;
#7951 = DIRECTION ( 'NONE',  ( 1.000000000000000000, 0.0000000000000000000, 0.0000000000000000000 ) ) ;
#7952 = PLANE ( 'NONE',  #1725 ) ;
#7953 = CARTESIAN_POINT ( 'NONE',  ( 3.250000000000000400, 0.0000000000000000000, 0.0000000000000000000 ) ) ;
#7954 = VERTEX_POINT ( 'NONE', #908 ) ;
#7955 = LINE ( 'NONE', #7745, #1077 ) ;
#7956 = CARTESIAN_POINT ( 'NONE',  ( 4.125720662159659800, 5.400000000000000400, 12.53256902702190300 ) ) ;
#7957 = CARTESIAN_POINT ( 'NONE',  ( -3.000045224602025100, -8.100010879908422700, -0.2603651289126229800 ) ) ;
#7958 = DIRECTION ( 'NONE',  ( 0.0000000000000000000, 0.0000000000000000000, -1.000000000000000000 ) ) ;
#7959 = CARTESIAN_POINT ( 'NONE',  ( 2.450000000000000200, 4.099999999999999600, -3.399999999999999900 ) ) ;
#7960 = ADVANCED_FACE ( 'NONE', ( #7530 ), #4967, .T. ) ;
#7961 = ORIENTED_EDGE ( 'NONE', *, *, #432, .F. ) ;
#7962 = VERTEX_POINT ( 'NONE', #155 ) ;
#7963 = LINE ( 'NONE', #5941, #3440 ) ;
#7964 = EDGE_CURVE ( 'NONE', #7215, #7647, #7720, .T. ) ;
#7965 = DIRECTION ( 'NONE',  ( 0.0000000000000000000, 0.0000000000000000000, 1.000000000000000000 ) ) ;
#7966 = LINE ( 'NONE', #410, #6813 ) ;
#7967 = ORIENTED_EDGE ( 'NONE', *, *, #7394, .F. ) ;
#7968 = FACE_OUTER_BOUND ( 'NONE', #3130, .T. ) ;
#7969 = DIRECTION ( 'NONE',  ( -0.0000000000000000000, 1.000000000000000000, 0.0000000000000000000 ) ) ;
#7970 = DIRECTION ( 'NONE',  ( 0.0000000000000000000, 1.000000000000000000, -0.0000000000000000000 ) ) ;
#7971 = PLANE ( 'NONE',  #6230 ) ;
#7972 = ORIENTED_EDGE ( 'NONE', *, *, #1710, .T. ) ;
#7973 = CYLINDRICAL_SURFACE ( 'NONE', #8371, 0.5000000000000004400 ) ;
#7974 = DIRECTION ( 'NONE',  ( 0.0000000000000000000, 0.0000000000000000000, -1.000000000000000000 ) ) ;
#7975 = FACE_OUTER_BOUND ( 'NONE', #4308, .T. ) ;
#7976 = CARTESIAN_POINT ( 'NONE',  ( 4.125769585891205800, 6.066666666666669100, 12.53262064336456300 ) ) ;
#7977 = CARTESIAN_POINT ( 'NONE',  ( -1.026356109103461200, -8.099987803797043600, 2.822015586602496300 ) ) ;
#7978 = DIRECTION ( 'NONE',  ( 1.000000000000000000, 0.0000000000000000000, 0.0000000000000000000 ) ) ;
#7979 = VERTEX_POINT ( 'NONE', #6810 ) ;
#7980 = DIRECTION ( 'NONE',  ( 1.000000000000000000, 0.0000000000000000000, -0.0000000000000000000 ) ) ;
#7981 = FACE_OUTER_BOUND ( 'NONE', #6306, .T. ) ;
#7982 = LINE ( 'NONE', #1732, #3266 ) ;
#7983 = CARTESIAN_POINT ( 'NONE',  ( -9.437580067829994700E-006, -8.099983601147744800, 2.999999999985155400 ) ) ;
#7984 = CARTESIAN_POINT ( 'NONE',  ( 3.049999999999999800, 4.059547866544000300, 3.400000000000000400 ) ) ;
#7985 = ORIENTED_EDGE ( 'NONE', *, *, #1644, .T. ) ;
#7986 = LINE ( 'NONE', #7108, #1127 ) ;
#7987 = CARTESIAN_POINT ( 'NONE',  ( -3.000000000000000400, 4.700000000000000200, -2.500000000000000000 ) ) ;
#7988 = CARTESIAN_POINT ( 'NONE',  ( 0.0000000000000000000, 4.700000000000000200, 0.0000000000000000000 ) ) ;
#7989 = DIRECTION ( 'NONE',  ( -1.000000000000000000, 0.0000000000000000000, -0.0000000000000000000 ) ) ;
#7990 = LINE ( 'NONE', #755, #3273 ) ;
#7991 = ADVANCED_FACE ( 'NONE', ( #2711 ), #8041, .T. ) ;
#7992 = ORIENTED_EDGE ( 'NONE', *, *, #1547, .T. ) ;
#7993 = CARTESIAN_POINT ( 'NONE',  ( -3.000000000000000000, -0.4000000000000000200, 4.900000000000000400 ) ) ;
#7994 = DIRECTION ( 'NONE',  ( 0.0000000000000000000, 1.000000000000000000, 0.0000000000000000000 ) ) ;
#7995 = DIRECTION ( 'NONE',  ( 0.0000000000000000000, 1.000000000000000000, 0.0000000000000000000 ) ) ;
#7996 = DIRECTION ( 'NONE',  ( 0.0000000000000000000, 1.000000000000000000, 0.0000000000000000000 ) ) ;
#7997 = DIRECTION ( 'NONE',  ( 0.0000000000000000000, 0.0000000000000000000, 1.000000000000000000 ) ) ;
#7998 = AXIS2_PLACEMENT_3D ( 'NONE', #2680, #1956, #5208 ) ;
#7999 = FACE_OUTER_BOUND ( 'NONE', #3544, .T. ) ;
#8000 = CARTESIAN_POINT ( 'NONE',  ( 1.899999999999999900, 4.700000000000000200, 4.799999999999999800 ) ) ;
#8001 = AXIS2_PLACEMENT_3D ( 'NONE', #7548, #7561, #7576 ) ;
#8002 = ORIENTED_EDGE ( 'NONE', *, *, #642, .F. ) ;
#8003 = CARTESIAN_POINT ( 'NONE',  ( 4.125818495846549400, 6.733333333333336900, 12.53267227274386800 ) ) ;
#8004 = CARTESIAN_POINT ( 'NONE',  ( -4.549999999999999800, 3.899999999999999900, -5.500000000000000000 ) ) ;
#8005 = PLANE ( 'NONE',  #7240 ) ;
#8006 = ORIENTED_EDGE ( 'NONE', *, *, #2660, .F. ) ;
#8007 = CARTESIAN_POINT ( 'NONE',  ( 2.820619912584586300, -8.099985507092283000, 1.030171855502911600 ) ) ;
#8008 = CARTESIAN_POINT ( 'NONE',  ( -3.075000000001991000, 38.46135999999999900, 9.650282197132979100 ) ) ;
#8009 = CARTESIAN_POINT ( 'NONE',  ( -4.950000000000000200, 8.115000000000000200, 9.619999999999999200 ) ) ;
#8010 = DIRECTION ( 'NONE',  ( -0.0000000000000000000, -1.000000000000000000, -0.0000000000000000000 ) ) ;
#8011 = ORIENTED_EDGE ( 'NONE', *, *, #1854, .F. ) ;
#8012 = DIRECTION ( 'NONE',  ( 0.0000000000000000000, 0.0000000000000000000, -1.000000000000000000 ) ) ;
#8013 = DIRECTION ( 'NONE',  ( 0.0000000000000000000, 0.0000000000000000000, -1.000000000000000000 ) ) ;
#8014 = FACE_OUTER_BOUND ( 'NONE', #2993, .T. ) ;
#8015 = AXIS2_PLACEMENT_3D ( 'NONE', #1853, #8424, #7897 ) ;
#8016 = ADVANCED_FACE ( 'NONE', ( #507 ), #5686, .T. ) ;
#8017 = DIRECTION ( 'NONE',  ( 0.0000000000000000000, 1.000000000000000000, -0.0000000000000000000 ) ) ;
#8018 = ORIENTED_EDGE ( 'NONE', *, *, #2754, .F. ) ;
#8019 = DIRECTION ( 'NONE',  ( 0.0000000000000000000, -1.000000000000000000, 0.0000000000000000000 ) ) ;
#8020 = ORIENTED_EDGE ( 'NONE', *, *, #1194, .F. ) ;
#8021 = VECTOR ( 'NONE', #3139, 1000.000000000000000 ) ;
#8022 = DIRECTION ( 'NONE',  ( 0.0000000000000000000, 0.0000000000000000000, 1.000000000000000000 ) ) ;
#8023 = CARTESIAN_POINT ( 'NONE',  ( -4.950000000000000200, 8.000000000621998500, 8.349999999999997900 ) ) ;
#8024 = CARTESIAN_POINT ( 'NONE',  ( 4.850000000000000500, 8.900000000000000400, 9.900000000000000400 ) ) ;
#8025 = CIRCLE ( 'NONE', #5234, 0.2999999999999999300 ) ;
#8026 = CARTESIAN_POINT ( 'NONE',  ( 2.554000000000000300, -1.600000000000000100, -5.033709434141090200 ) ) ;
#8027 = ORIENTED_EDGE ( 'NONE', *, *, #542, .F. ) ;
#8028 = PLANE ( 'NONE',  #8416 ) ;
#8029 = EDGE_CURVE ( 'NONE', #2773, #7163, #5876, .T. ) ;
#8030 = ADVANCED_FACE ( 'NONE', ( #57 ), #940, .T. ) ;
#8031 = ORIENTED_EDGE ( 'NONE', *, *, #177, .F. ) ;
#8032 = AXIS2_PLACEMENT_3D ( 'NONE', #8004, #4949, #886 ) ;
#8033 = DIRECTION ( 'NONE',  ( -0.0000000000000000000, 1.000000000000000000, -0.0000000000000000000 ) ) ;
#8034 = CARTESIAN_POINT ( 'NONE',  ( 0.1000000000000000100, 3.246173311193000000, 13.50000000000000000 ) ) ;
#8035 = VERTEX_POINT ( 'NONE', #8074 ) ;
#8036 = LINE ( 'NONE', #2296, #1189 ) ;
#8037 = DIRECTION ( 'NONE',  ( 0.0000000000000000000, 0.0000000000000000000, 1.000000000000000000 ) ) ;
#8038 = CARTESIAN_POINT ( 'NONE',  ( 0.5000000000000000000, 4.700000000000000200, -2.500000000000000000 ) ) ;
#8039 = AXIS2_PLACEMENT_3D ( 'NONE', #2718, #7091, #3395 ) ;
#8040 = CARTESIAN_POINT ( 'NONE',  ( -4.400000000000000400, 4.049999999999999800, 4.799999999999999800 ) ) ;
#8041 = PLANE ( 'NONE',  #2204 ) ;
#8042 = DIRECTION ( 'NONE',  ( 0.0000000000000000000, 0.0000000000000000000, 1.000000000000000000 ) ) ;
#8043 = ORIENTED_EDGE ( 'NONE', *, *, #2134, .T. ) ;
#8044 = DIRECTION ( 'NONE',  ( -0.0000000000000000000, -1.000000000000000000, 0.0000000000000000000 ) ) ;
#8045 = ORIENTED_EDGE ( 'NONE', *, *, #1567, .F. ) ;
#8046 = FACE_OUTER_BOUND ( 'NONE', #2167, .T. ) ;
#8047 = DIRECTION ( 'NONE',  ( -0.0000000000000000000, -0.0000000000000000000, 1.000000000000000000 ) ) ;
#8048 = CARTESIAN_POINT ( 'NONE',  ( -0.4500000000000000700, 38.46135999999999900, 9.377564394267999100 ) ) ;
#8049 = CARTESIAN_POINT ( 'NONE',  ( -4.549999999999999800, 3.899999999999999500, -4.599999999999999600 ) ) ;
#8050 = CARTESIAN_POINT ( 'NONE',  ( 4.908578643762691500, 1.749999999999999600, 7.450000000000001100 ) ) ;
#8051 = VERTEX_POINT ( 'NONE', #5031 ) ;
#8052 = ORIENTED_EDGE ( 'NONE', *, *, #1745, .T. ) ;
#8053 = VECTOR ( 'NONE', #167, 1000.000000000000000 ) ;
#8054 = DIRECTION ( 'NONE',  ( -0.0000000000000000000, -1.000000000000000000, -0.0000000000000000000 ) ) ;
#8055 = LINE ( 'NONE', #1847, #4784 ) ;
#8056 = EDGE_CURVE ( 'NONE', #1226, #6757, #4961, .T. ) ;
#8057 = ADVANCED_FACE ( 'NONE', ( #2502 ), #3102, .T. ) ;
#8058 = EDGE_CURVE ( 'NONE', #7215, #1977, #5453, .T. ) ;
#8059 = LINE ( 'NONE', #6490, #7812 ) ;
#8060 = VERTEX_POINT ( 'NONE', #8096 ) ;
#8061 = CARTESIAN_POINT ( 'NONE',  ( 4.549999999999999800, 7.400000000000000400, 11.32280125192000000 ) ) ;
#8062 = DIRECTION ( 'NONE',  ( 1.000000000000000000, -0.0000000000000000000, -0.0000000000000000000 ) ) ;
#8063 = LINE ( 'NONE', #2328, #6262 ) ;
#8064 = AXIS2_PLACEMENT_3D ( 'NONE', #3378, #7717, #3980 ) ;
#8065 =( BOUNDED_CURVE ( )  B_SPLINE_CURVE ( 3, ( #5437, #6196, #4921, #4890 ),
 .UNSPECIFIED., .F., .T. ) 
 B_SPLINE_CURVE_WITH_KNOTS ( ( 4, 4 ),
 ( 4.712388980387034500, 6.283185307179586200 ),
 .UNSPECIFIED. ) 
 CURVE ( )  GEOMETRIC_REPRESENTATION_ITEM ( )  RATIONAL_B_SPLINE_CURVE ( ( 1.000000000000000000, 0.8047378541249177200, 0.8047378541249177200, 1.000000000000000000 ) ) 
 REPRESENTATION_ITEM ( '' )  );
#8066 = DIRECTION ( 'NONE',  ( 1.000000000000000000, 0.0000000000000000000, -0.0000000000000000000 ) ) ;
#8067 = EDGE_CURVE ( 'NONE', #4768, #2137, #1399, .T. ) ;
#8068 = CARTESIAN_POINT ( 'NONE',  ( 3.049999999999999800, 4.099999999999999600, 4.599999999999999600 ) ) ;
#8069 = ORIENTED_EDGE ( 'NONE', *, *, #3530, .F. ) ;
#8070 = ADVANCED_FACE ( 'NONE', ( #6418 ), #1018, .T. ) ;
#8071 = CARTESIAN_POINT ( 'NONE',  ( -4.850000000000000500, 2.457106781221357400, 7.950000000038075500 ) ) ;
#8072 = FACE_OUTER_BOUND ( 'NONE', #6226, .T. ) ;
#8073 = EDGE_CURVE ( 'NONE', #8430, #6192, #8025, .T. ) ;
#8074 = CARTESIAN_POINT ( 'NONE',  ( -2.291299550703727000, -8.599999910821694000, -1.000000089207363900 ) ) ;
#8075 = CARTESIAN_POINT ( 'NONE',  ( -3.000000000000000000, 4.700000000000000200, -2.500000000000000000 ) ) ;
#8076 = FACE_OUTER_BOUND ( 'NONE', #1522, .T. ) ;
#8077 = DIRECTION ( 'NONE',  ( 0.0000000000000000000, 1.000000000000000000, -0.0000000000000000000 ) ) ;
#8078 = DIRECTION ( 'NONE',  ( -1.000000000000000000, -0.0000000000000000000, 0.0000000000000000000 ) ) ;
#8079 = ORIENTED_EDGE ( 'NONE', *, *, #1140, .F. ) ;
#8080 = VECTOR ( 'NONE', #1611, 1000.000000000000000 ) ;
#8081 = PLANE ( 'NONE',  #3344 ) ;
#8082 = CIRCLE ( 'NONE', #1739, 0.5799999999999999600 ) ;
#8083 = CARTESIAN_POINT ( 'NONE',  ( -4.650000000000000400, 4.500000000000000900, -3.399999999999999900 ) ) ;
#8084 = CYLINDRICAL_SURFACE ( 'NONE', #6523, 2.239370392146000200 ) ;
#8085 = ORIENTED_EDGE ( 'NONE', *, *, #438, .T. ) ;
#8086 = CIRCLE ( 'NONE', #1006, 1.003444069194000100 ) ;
#8087 = DIRECTION ( 'NONE',  ( 0.0000000000000000000, 1.000000000000000000, 0.0000000000000000000 ) ) ;
#8088 = VECTOR ( 'NONE', #8077, 1000.000000000000000 ) ;
#8089 = EDGE_CURVE ( 'NONE', #4176, #4010, #6225, .T. ) ;
#8090 = DIRECTION ( 'NONE',  ( 0.0000000000000000000, -1.000000000000000000, -0.0000000000000000000 ) ) ;
#8091 = ORIENTED_EDGE ( 'NONE', *, *, #1872, .F. ) ;
#8092 = CARTESIAN_POINT ( 'NONE',  ( 4.400000000000000400, -1.600000000000000100, -5.500000000000000000 ) ) ;
#8093 = CARTESIAN_POINT ( 'NONE',  ( -6.840226191709001000, -8.599999999999999600, -1.500000000000000000 ) ) ;
#8094 = ADVANCED_FACE ( 'NONE', ( #1179 ), #5115, .T. ) ;
#8095 = PLANE ( 'NONE',  #1874 ) ;
#8096 = CARTESIAN_POINT ( 'NONE',  ( 1.899999999999999700, 4.700000000000000200, -4.799999999999999800 ) ) ;
#8097 = DIRECTION ( 'NONE',  ( 0.0000000000000000000, 0.0000000000000000000, -1.000000000000000000 ) ) ;
#8098 = VERTEX_POINT ( 'NONE', #1787 ) ;
#8099 = DIRECTION ( 'NONE',  ( -0.0000000000000000000, -1.000000000000000000, -0.0000000000000000000 ) ) ;
#8100 = CARTESIAN_POINT ( 'NONE',  ( -0.5496577428988118600, 6.399999999999685900, 4.180612153983000600 ) ) ;
#8101 = EDGE_CURVE ( 'NONE', #2972, #4176, #7677, .T. ) ;
#8102 = VERTEX_POINT ( 'NONE', #6355 ) ;
#8103 = DIRECTION ( 'NONE',  ( 0.0000000000000000000, -1.000000000000000000, -0.0000000000000000000 ) ) ;
#8104 = DIRECTION ( 'NONE',  ( -1.000000000000000000, -0.0000000000000000000, -0.0000000000000000000 ) ) ;
#8105 = LINE ( 'NONE', #3008, #8021 ) ;
#8106 = B_SPLINE_CURVE_WITH_KNOTS ( 'NONE', 3,
 ( #7956, #7976, #8003, #7893 ),
 .UNSPECIFIED., .F., .F.,
 ( 4, 4 ),
 ( 0.0000000000000000000, 1.000000000000000000 ),
 .UNSPECIFIED. ) ;
#8107 = ADVANCED_FACE ( 'NONE', ( #934 ), #7488, .T. ) ;
#8108 = ORIENTED_EDGE ( 'NONE', *, *, #2474, .T. ) ;
#8109 = AXIS2_PLACEMENT_3D ( 'NONE', #7512, #7158, #6923 ) ;
#8110 = ORIENTED_EDGE ( 'NONE', *, *, #1666, .F. ) ;
#8111 = CARTESIAN_POINT ( 'NONE',  ( -4.400000000000000400, 4.700000000000000200, -5.500000000000000900 ) ) ;
#8112 = DIRECTION ( 'NONE',  ( 1.000000000000000000, 0.0000000000000000000, 0.0000000000000000000 ) ) ;
#8113 = CIRCLE ( 'NONE', #285, 0.09999999999999939500 ) ;
#8114 = EDGE_CURVE ( 'NONE', #8430, #1528, #4541, .T. ) ;
#8115 = CARTESIAN_POINT ( 'NONE',  ( 2.291280485333092400, -8.600000201366579900, -0.9999997986624774600 ) ) ;
#8116 = DIRECTION ( 'NONE',  ( 0.0000000000000000000, -0.0000000000000000000, -1.000000000000000000 ) ) ;
#8117 = CARTESIAN_POINT ( 'NONE',  ( 4.950000000000000200, 2.149999999999999900, -5.500000000000000000 ) ) ;
#8118 = VERTEX_POINT ( 'NONE', #4470 ) ;
#8119 = FACE_OUTER_BOUND ( 'NONE', #3990, .T. ) ;
#8120 = ORIENTED_EDGE ( 'NONE', *, *, #1062, .F. ) ;
#8121 = AXIS2_PLACEMENT_3D ( 'NONE', #4428, #286, #5083 ) ;
#8122 = CARTESIAN_POINT ( 'NONE',  ( 1.899999999999999900, 4.049999999999999800, 4.799999999999999800 ) ) ;
#8123 = PLANE ( 'NONE',  #8121 ) ;
#8124 = DIRECTION ( 'NONE',  ( 1.000000000000000000, 0.0000000000000000000, -0.0000000000000000000 ) ) ;
#8125 = CARTESIAN_POINT ( 'NONE',  ( 4.850000000000000500, 1.849999999999999900, -3.000000000000000000 ) ) ;
#8126 = ORIENTED_EDGE ( 'NONE', *, *, #367, .F. ) ;
#8127 = FACE_OUTER_BOUND ( 'NONE', #5211, .T. ) ;
#8128 = CARTESIAN_POINT ( 'NONE',  ( 4.950000000000000200, 2.149999999999999900, -2.999999999999999600 ) ) ;
#8129 = CARTESIAN_POINT ( 'NONE',  ( 3.463153293717672600, -1.600000000000000300, -3.968292457426082300 ) ) ;
#8130 = DIRECTION ( 'NONE',  ( 0.9993785024637752400, 0.0000000000000000000, 0.03525065691957832100 ) ) ;
#8131 = ADVANCED_FACE ( 'NONE', ( #6027 ), #2460, .T. ) ;
#8132 = VERTEX_POINT ( 'NONE', #3887 ) ;
#8133 = ORIENTED_EDGE ( 'NONE', *, *, #4990, .T. ) ;
#8134 = VECTOR ( 'NONE', #1249, 1000.000000000000000 ) ;
#8135 = VECTOR ( 'NONE', #2205, 1000.000000000000000 ) ;
#8136 = CARTESIAN_POINT ( 'NONE',  ( 0.0000000000000000000, 0.09999999999999939500, 0.5799999999999999600 ) ) ;
#8137 = CARTESIAN_POINT ( 'NONE',  ( -4.849999999999999600, 2.250000000000000900, -3.500000000000001300 ) ) ;
#8138 = ORIENTED_EDGE ( 'NONE', *, *, #2436, .T. ) ;
#8139 = VERTEX_POINT ( 'NONE', #379 ) ;
#8140 = CYLINDRICAL_SURFACE ( 'NONE', #5048, 0.7000000000000000700 ) ;
#8141 = DIRECTION ( 'NONE',  ( 0.0000000000000000000, 0.0000000000000000000, -1.000000000000000000 ) ) ;
#8142 = DIRECTION ( 'NONE',  ( 0.0000000000000000000, -6.383782391594650100E-016, -1.000000000000000000 ) ) ;
#8143 = AXIS2_PLACEMENT_3D ( 'NONE', #314, #5110, #1067 ) ;
#8144 = ADVANCED_FACE ( 'NONE', ( #4161 ), #5549, .T. ) ;
#8145 = DIRECTION ( 'NONE',  ( 0.0000000000000000000, 1.000000000000000000, 0.0000000000000000000 ) ) ;
#8146 = DIRECTION ( 'NONE',  ( 0.0000000000000000000, 0.0000000000000000000, -1.000000000000000000 ) ) ;
#8147 = EDGE_CURVE ( 'NONE', #7070, #5232, #7275, .T. ) ;
#8148 = DIRECTION ( 'NONE',  ( 0.0000000000000000000, -1.000000000000000000, 0.0000000000000000000 ) ) ;
#8149 = CARTESIAN_POINT ( 'NONE',  ( -4.549999999999998900, 7.700000000000000200, 9.919999999999999900 ) ) ;
#8150 = LINE ( 'NONE', #7844, #8224 ) ;
#8151 = ORIENTED_EDGE ( 'NONE', *, *, #3214, .T. ) ;
#8152 = VECTOR ( 'NONE', #5528, 1000.000000000000000 ) ;
#8153 = LINE ( 'NONE', #7857, #7892 ) ;
#8154 = AXIS2_PLACEMENT_3D ( 'NONE', #7336, #7209, #8345 ) ;
#8155 = CARTESIAN_POINT ( 'NONE',  ( 0.5499995662741799000, 6.399999999999373300, 3.137626959999176600 ) ) ;
#8156 = ORIENTED_EDGE ( 'NONE', *, *, #1052, .T. ) ;
#8157 = VECTOR ( 'NONE', #6451, 1000.000000000000000 ) ;
#8158 = FACE_OUTER_BOUND ( 'NONE', #4407, .T. ) ;
#8159 = EDGE_CURVE ( 'NONE', #4850, #1528, #5836, .T. ) ;
#8160 = ORIENTED_EDGE ( 'NONE', *, *, #3285, .F. ) ;
#8161 = CARTESIAN_POINT ( 'NONE',  ( 4.850000000000000500, 0.0000000000000000000, 10.00000000000000000 ) ) ;
#8162 = AXIS2_PLACEMENT_3D ( 'NONE', #7408, #6930, #6896 ) ;
#8163 = VECTOR ( 'NONE', #2917, 1000.000000000000000 ) ;
#8164 = CARTESIAN_POINT ( 'NONE',  ( -4.949999999999999300, 2.149999999999999900, -3.000000000000000000 ) ) ;
#8165 = LINE ( 'NONE', #943, #6734 ) ;
#8166 = ADVANCED_FACE ( 'NONE', ( #5647 ), #5212, .F. ) ;
#8167 = ORIENTED_EDGE ( 'NONE', *, *, #8198, .T. ) ;
#8168 = CARTESIAN_POINT ( 'NONE',  ( -4.850000000000000500, 8.414624765331542000, 9.904999999997016900 ) ) ;
#8169 = EDGE_CURVE ( 'NONE', #710, #3573, #234, .T. ) ;
#8170 = CARTESIAN_POINT ( 'NONE',  ( 0.5917378073586654400, 6.400894984940224600, -2.904242876547412900 ) ) ;
#8171 = CARTESIAN_POINT ( 'NONE',  ( -4.950000000000000200, 0.0000000000000000000, 9.900000000000000400 ) ) ;
#8172 = VECTOR ( 'NONE', #8254, 1000.000000000000000 ) ;
#8173 = CARTESIAN_POINT ( 'NONE',  ( -2.500957769335445200, -8.268242449705677900, -1.331757550294322400 ) ) ;
#8174 = FACE_BOUND ( 'NONE', #6668, .T. ) ;
#8175 = PLANE ( 'NONE',  #954 ) ;
#8176 = EDGE_CURVE ( 'NONE', #2488, #3256, #7076, .T. ) ;
#8178 = ORIENTED_EDGE ( 'NONE', *, *, #1967, .F. ) ;
#8177 = AXIS2_PLACEMENT_3D ( 'NONE', #4505, #385, #5163 ) ;
#8179 = CARTESIAN_POINT ( 'NONE',  ( -2.600000000000000500, 3.246173311193000000, 13.19999999999999900 ) ) ;
#8180 = CARTESIAN_POINT ( 'NONE',  ( 1.750000000000000000, 0.0000000000000000000, 6.299999999999999800 ) ) ;
#8181 = LINE ( 'NONE', #2231, #7839 ) ;
#8182 = ADVANCED_FACE ( 'NONE', ( #462 ), #5236, .T. ) ;
#8183 = VERTEX_POINT ( 'NONE', #7059 ) ;
#8184 = DIRECTION ( 'NONE',  ( 0.0000000000000000000, -1.000000000000000000, 0.0000000000000000000 ) ) ;
#8185 = AXIS2_PLACEMENT_3D ( 'NONE', #2143, #4118, #8397 ) ;
#8186 = AXIS2_PLACEMENT_3D ( 'NONE', #7092, #7431, #7441 ) ;
#8187 = CARTESIAN_POINT ( 'NONE',  ( 4.850000000000000500, 8.000000000000000000, 8.449999999999999300 ) ) ;
#8188 = VERTEX_POINT ( 'NONE', #6481 ) ;
#8189 = DIRECTION ( 'NONE',  ( 0.0000000000000000000, -0.0000000000000000000, -1.000000000000000000 ) ) ;
#8190 = CARTESIAN_POINT ( 'NONE',  ( 7.102951435054648900E-017, 3.599999999999999200, -0.5799999999999999600 ) ) ;
#8191 = CARTESIAN_POINT ( 'NONE',  ( 1.899999999999999900, 4.049999999999999800, -3.200000000000000200 ) ) ;
#8192 = CARTESIAN_POINT ( 'NONE',  ( -4.850000000000000500, 8.500000000000007100, 7.949999999999998400 ) ) ;
#8193 = DIRECTION ( 'NONE',  ( 0.0000000000000000000, 0.0000000000000000000, -1.000000000000000000 ) ) ;
#8194 = CARTESIAN_POINT ( 'NONE',  ( 0.6815630143470310400, 6.400894984940224600, 2.949155480041601800 ) ) ;
#8195 = CARTESIAN_POINT ( 'NONE',  ( -3.229755667030766600, -1.600000000000000100, 4.663017833316949600 ) ) ;
#8196 = ORIENTED_EDGE ( 'NONE', *, *, #2683, .T. ) ;
#8197 = LINE ( 'NONE', #2922, #7938 ) ;
#8198 = EDGE_CURVE ( 'NONE', #2690, #5466, #3791, .T. ) ;
#8199 = EDGE_CURVE ( 'NONE', #5776, #4850, #6875, .T. ) ;
#8200 = VERTEX_POINT ( 'NONE', #2712 ) ;
#8201 = CARTESIAN_POINT ( 'NONE',  ( 0.5496577428988118600, 6.399999999999685900, -4.180612153983000600 ) ) ;
#8202 = CARTESIAN_POINT ( 'NONE',  ( 0.0000000000000000000, -0.4000000000000000200, 3.399999999999999900 ) ) ;
#8203 = VERTEX_POINT ( 'NONE', #5260 ) ;
#8204 = VECTOR ( 'NONE', #3096, 1000.000000000000000 ) ;
#8205 = DIRECTION ( 'NONE',  ( -0.0000000000000000000, 1.000000000000000000, 0.0000000000000000000 ) ) ;
#8206 = ORIENTED_EDGE ( 'NONE', *, *, #868, .F. ) ;
#8207 = DIRECTION ( 'NONE',  ( -0.0000000000000000000, -0.0000000000000000000, 1.000000000000000000 ) ) ;
#8208 = DIRECTION ( 'NONE',  ( 0.3333333333332921800, -0.0000000000000000000, 0.9428090415820780100 ) ) ;
#8209 = CARTESIAN_POINT ( 'NONE',  ( 0.0000000000000000000, 4.700000000000000200, 0.5999999999999999800 ) ) ;
#8210 = DIRECTION ( 'NONE',  ( 0.0000000000000000000, 1.000000000000000000, 0.0000000000000000000 ) ) ;
#8211 = CARTESIAN_POINT ( 'NONE',  ( -4.950000000000002800, 7.999999999999999100, 8.408578643762686200 ) ) ;
#8212 = DIRECTION ( 'NONE',  ( 0.0000000000000000000, 1.000000000000000000, 0.0000000000000000000 ) ) ;
#8213 = PLANE ( 'NONE',  #7879 ) ;
#8214 = VERTEX_POINT ( 'NONE', #3992 ) ;
#8215 = FACE_OUTER_BOUND ( 'NONE', #4745, .T. ) ;
#8216 = CARTESIAN_POINT ( 'NONE',  ( -3.569240190689663400, -1.600000000000001200, 4.588763162135219200 ) ) ;
#8217 = CARTESIAN_POINT ( 'NONE',  ( 4.850000000000000500, 1.750000000000000000, -5.500000000000000000 ) ) ;
#8218 = ADVANCED_FACE ( 'NONE', ( #2230 ), #3386, .T. ) ;
#8219 = ORIENTED_EDGE ( 'NONE', *, *, #1337, .T. ) ;
#8220 = ORIENTED_EDGE ( 'NONE', *, *, #2719, .T. ) ;
#8221 = CIRCLE ( 'NONE', #6945, 0.2999999999999999300 ) ;
#8222 = CARTESIAN_POINT ( 'NONE',  ( -4.850000000000000500, 2.750000000032499800, 7.949999999999998400 ) ) ;
#8223 = DIRECTION ( 'NONE',  ( -0.0000000000000000000, -0.0000000000000000000, 1.000000000000000000 ) ) ;
#8224 = VECTOR ( 'NONE', #7679, 1000.000000000000000 ) ;
#8225 = VERTEX_POINT ( 'NONE', #539 ) ;
#8226 = ORIENTED_EDGE ( 'NONE', *, *, #964, .T. ) ;
#8227 = LINE ( 'NONE', #6785, #6805 ) ;
#8228 = CARTESIAN_POINT ( 'NONE',  ( -0.6995649517246427300, 6.250000000000000000, -4.224675459843707500 ) ) ;
#8229 = CARTESIAN_POINT ( 'NONE',  ( 0.0000000000000000000, -1.200000000000000000, -3.060000000000000100 ) ) ;
#8230 = CARTESIAN_POINT ( 'NONE',  ( -4.550000000000332900, 7.400000000000000400, 11.32280125192000000 ) ) ;
#8231 = CARTESIAN_POINT ( 'NONE',  ( 4.850000000000000500, 1.850000000000001000, 7.450000000000000200 ) ) ;
#8232 = VECTOR ( 'NONE', #7696, 1000.000000000000000 ) ;
#8234 = ORIENTED_EDGE ( 'NONE', *, *, #5337, .T. ) ;
#8233 = AXIS2_PLACEMENT_3D ( 'NONE', #116, #7994, #872 ) ;
#8235 = DIRECTION ( 'NONE',  ( 1.000000000000000000, -0.0000000000000000000, 0.0000000000000000000 ) ) ;
#8236 = CYLINDRICAL_SURFACE ( 'NONE', #6624, 0.09999999999999939500 ) ;
#8237 = CARTESIAN_POINT ( 'NONE',  ( 0.0000000000000000000, 4.700000000000000200, -3.200000000000000200 ) ) ;
#8238 = EDGE_CURVE ( 'NONE', #6757, #3211, #8459, .T. ) ;
#8239 = CARTESIAN_POINT ( 'NONE',  ( -3.360603064846495500, -1.346000000000000100, 4.926709603860684800 ) ) ;
#8240 = ORIENTED_EDGE ( 'NONE', *, *, #601, .T. ) ;
#8241 = DIRECTION ( 'NONE',  ( -0.0000000000000000000, 2.914335439641035900E-016, 1.000000000000000000 ) ) ;
#8242 = VECTOR ( 'NONE', #5023, 1000.000000000000000 ) ;
#8243 = VECTOR ( 'NONE', #3862, 1000.000000000000000 ) ;
#8244 = CARTESIAN_POINT ( 'NONE',  ( 1.800000000000000300, 2.946173311192998400, 9.923000000000000000 ) ) ;
#8245 = ORIENTED_EDGE ( 'NONE', *, *, #7777, .T. ) ;
#8246 = LINE ( 'NONE', #4247, #3562 ) ;
#8247 = DIRECTION ( 'NONE',  ( 0.0000000000000000000, -1.000000000000000000, 0.0000000000000000000 ) ) ;
#8248 = EDGE_CURVE ( 'NONE', #3103, #5776, #3596, .T. ) ;
#8249 = CIRCLE ( 'NONE', #7068, 0.2000000000000005100 ) ;
#8250 = LINE ( 'NONE', #5848, #7914 ) ;
#8251 = CARTESIAN_POINT ( 'NONE',  ( -0.6502140320371980800, 6.250000000000000900, -5.623805363293888200 ) ) ;
#8252 = AXIS2_PLACEMENT_3D ( 'NONE', #6665, #3585, #1466 ) ;
#8253 = ORIENTED_EDGE ( 'NONE', *, *, #6577, .F. ) ;
#8254 = DIRECTION ( 'NONE',  ( 1.000000000000000000, 0.0000000000000000000, 0.0000000000000000000 ) ) ;
#8255 = EDGE_CURVE ( 'NONE', #3211, #481, #1750, .T. ) ;
#8256 = ADVANCED_FACE ( 'NONE', ( #1998 ), #2768, .T. ) ;
#8257 = CARTESIAN_POINT ( 'NONE',  ( 0.0000000000000000000, 2.600000000000000500, 0.5999999999999999800 ) ) ;
#8258 = LINE ( 'NONE', #5619, #6477 ) ;
#8259 = VECTOR ( 'NONE', #3776, 1000.000000000000000 ) ;
#8260 = CARTESIAN_POINT ( 'NONE',  ( 4.950000000000002800, 8.417157287525377300, 8.408578643762689700 ) ) ;
#8261 = DIRECTION ( 'NONE',  ( 0.0000000000000000000, 0.0000000000000000000, 1.000000000000000000 ) ) ;
#8262 = CARTESIAN_POINT ( 'NONE',  ( -3.000000000000000400, 4.049999999999999800, 2.500000000000000000 ) ) ;
#8263 = DIRECTION ( 'NONE',  ( 0.0000000000000000000, -0.0000000000000000000, 1.000000000000000000 ) ) ;
#8264 = ORIENTED_EDGE ( 'NONE', *, *, #369, .F. ) ;
#8265 = DIRECTION ( 'NONE',  ( -0.6881162959158699800, 0.0000000000000000000, -0.7256004157213684600 ) ) ;
#8266 = ORIENTED_EDGE ( 'NONE', *, *, #2464, .F. ) ;
#8267 = DIRECTION ( 'NONE',  ( 0.0000000000000000000, -0.0000000000000000000, 1.000000000000000000 ) ) ;
#8268 = DIRECTION ( 'NONE',  ( 0.0000000000000000000, -1.000000000000000000, -0.0000000000000000000 ) ) ;
#8269 = CARTESIAN_POINT ( 'NONE',  ( 3.000000000000000000, -0.4000000000000000200, -3.500000000000000400 ) ) ;
#8270 = ORIENTED_EDGE ( 'NONE', *, *, #2118, .T. ) ;
#8271 = VECTOR ( 'NONE', #2955, 1000.000000000000000 ) ;
#8272 = CARTESIAN_POINT ( 'NONE',  ( 0.7489158714129668900, 6.250000000000000900, -5.574454443605995700 ) ) ;
#8273 = CARTESIAN_POINT ( 'NONE',  ( 0.0000000000000000000, -0.4000000000000000200, -3.399999999999999900 ) ) ;
#8274 = CARTESIAN_POINT ( 'NONE',  ( -4.549999999999999800, 8.514499687108999700, 10.00000000000000000 ) ) ;
#8275 = ORIENTED_EDGE ( 'NONE', *, *, #4928, .T. ) ;
#8276 = ORIENTED_EDGE ( 'NONE', *, *, #244, .T. ) ;
#8277 = LINE ( 'NONE', #6904, #8204 ) ;
#8278 = CARTESIAN_POINT ( 'NONE',  ( -4.650000000000000400, 4.200000000000000200, -3.399999999999999900 ) ) ;
#8279 = B_SPLINE_CURVE_WITH_KNOTS ( 'NONE', 3,
 ( #7983, #1582, #859, #5552, #1616, #6177, #2377, #6768, #3061, #7424, #3706, #8007, #4306, #142, #4955, #897, #5587, #1647, #6203, #2412 ),
 .UNSPECIFIED., .F., .F.,
 ( 4, 2, 2, 2, 2, 2, 2, 2, 2, 4 ),
 ( 0.006270882233826471400, 0.007054706930348559500, 0.007838531626870648400, 0.008622356323392737400, 0.009406181019914824600, 0.009798093368175869000, 0.01019000571643691400, 0.01097383041295900100, 0.01175765510948109000, 0.01254147980600317900 ),
 .UNSPECIFIED. ) ;
#8280 = DIRECTION ( 'NONE',  ( 0.0000000000000000000, 1.000000000000000000, 0.0000000000000000000 ) ) ;
#8281 = CARTESIAN_POINT ( 'NONE',  ( -4.400000000000000400, 0.0000000000000000000, 6.299999999999999800 ) ) ;
#8282 = ORIENTED_EDGE ( 'NONE', *, *, #675, .T. ) ;
#8283 = VECTOR ( 'NONE', #1265, 1000.000000000000000 ) ;
#8284 = VERTEX_POINT ( 'NONE', #7779 ) ;
#8285 = DIRECTION ( 'NONE',  ( 0.0000000000000000000, 0.0000000000000000000, -1.000000000000000000 ) ) ;
#8286 = ADVANCED_FACE ( 'NONE', ( #3410 ), #2092, .T. ) ;
#8287 = DIRECTION ( 'NONE',  ( 0.0000000000000000000, 0.0000000000000000000, 1.000000000000000000 ) ) ;
#8288 = EDGE_CURVE ( 'NONE', #681, #3103, #5068, .T. ) ;
#8289 = CARTESIAN_POINT ( 'NONE',  ( -4.400000000000000400, 4.700000000000000200, 4.800000000000000700 ) ) ;
#8290 = CARTESIAN_POINT ( 'NONE',  ( 4.829943704913996600, 5.400000000001064400, 13.67549717546645400 ) ) ;
#8291 = DIRECTION ( 'NONE',  ( -0.0000000000000000000, 0.0000000000000000000, 1.000000000000000000 ) ) ;
#8292 = AXIS2_PLACEMENT_3D ( 'NONE', #2746, #2219, #2187 ) ;
#8293 = ORIENTED_EDGE ( 'NONE', *, *, #3780, .T. ) ;
#8294 = CIRCLE ( 'NONE', #6886, 3.060000000000000100 ) ;
#8295 = CARTESIAN_POINT ( 'NONE',  ( 0.6995649517246270700, 6.250000000000000000, -4.175324540155846100 ) ) ;
#8296 = DIRECTION ( 'NONE',  ( 0.0000000000000000000, 0.0000000000000000000, -1.000000000000000000 ) ) ;
#8297 = EDGE_LOOP ( 'NONE', ( #4170, #1557, #1083, #1493 ) ) ;
#8298 = VERTEX_POINT ( 'NONE', #8356 ) ;
#8299 = FACE_OUTER_BOUND ( 'NONE', #4772, .T. ) ;
#8300 = CARTESIAN_POINT ( 'NONE',  ( 0.0000000000000000000, 6.250000000000000000, -4.200000000000000200 ) ) ;
#8301 = DIRECTION ( 'NONE',  ( 0.0000000000000000000, -0.0000000000000000000, 1.000000000000000000 ) ) ;
#8302 = CARTESIAN_POINT ( 'NONE',  ( 0.0000000000000000000, 3.246173311193000000, 13.50000000000000000 ) ) ;
#8303 = DIRECTION ( 'NONE',  ( -0.7198442954207083800, 0.0000000000000000000, 0.6941355705842079400 ) ) ;
#8304 = DIRECTION ( 'NONE',  ( 0.0000000000000000000, 1.000000000000000000, 0.0000000000000000000 ) ) ;
#8305 = DIRECTION ( 'NONE',  ( -0.0000000000000000000, 0.0000000000000000000, 1.000000000000000000 ) ) ;
#8306 = ORIENTED_EDGE ( 'NONE', *, *, #2051, .F. ) ;
#8307 = CARTESIAN_POINT ( 'NONE',  ( -1.899999999999999700, 4.049999999999999800, 4.799999999999999800 ) ) ;
#8308 = ORIENTED_EDGE ( 'NONE', *, *, #4731, .F. ) ;
#8309 = FACE_OUTER_BOUND ( 'NONE', #386, .T. ) ;
#8310 = DIRECTION ( 'NONE',  ( 0.0000000000000000000, 0.0000000000000000000, 1.000000000000000000 ) ) ;
#8311 = CARTESIAN_POINT ( 'NONE',  ( 4.850000000000000500, 2.750000001424000500, 8.349999999999999600 ) ) ;
#8312 = CARTESIAN_POINT ( 'NONE',  ( -4.950000000000001100, 1.850000000000000500, 7.977207793864211600 ) ) ;
#8313 = LINE ( 'NONE', #7765, #8232 ) ;
#8314 = CARTESIAN_POINT ( 'NONE',  ( 0.0000000000000000000, 0.0000000000000000000, 0.0000000000000000000 ) ) ;
#8315 = CARTESIAN_POINT ( 'NONE',  ( 0.5122083953451080900, 6.399999999999374200, -3.118899376208778700 ) ) ;
#8316 = VERTEX_POINT ( 'NONE', #4703 ) ;
#8317 = CYLINDRICAL_SURFACE ( 'NONE', #4938, 0.2999999999999999300 ) ;
#8318 = DIRECTION ( 'NONE',  ( 0.0000000000000000000, 0.0000000000000000000, -1.000000000000000000 ) ) ;
#8319 = DIRECTION ( 'NONE',  ( -0.0000000000000000000, -1.000000000000000000, 0.0000000000000000000 ) ) ;
#8320 = AXIS2_PLACEMENT_3D ( 'NONE', #5153, #1136, #6396 ) ;
#8321 = DIRECTION ( 'NONE',  ( -0.0000000000000000000, 1.000000000000000000, -0.0000000000000000000 ) ) ;
#8322 = FACE_OUTER_BOUND ( 'NONE', #4975, .T. ) ;
#8323 = AXIS2_PLACEMENT_3D ( 'NONE', #3906, #3778, #3879 ) ;
#8324 = ORIENTED_EDGE ( 'NONE', *, *, #759, .F. ) ;
#8325 = CARTESIAN_POINT ( 'NONE',  ( -0.6995649517246427300, 6.338579685423336900, -4.224675459843706600 ) ) ;
#8326 = FACE_OUTER_BOUND ( 'NONE', #5888, .T. ) ;
#8327 = DIRECTION ( 'NONE',  ( 0.06923359508224978500, 0.0000000000000000000, 0.9976004757977950900 ) ) ;
#8328 = ADVANCED_FACE ( 'NONE', ( #8119 ), #3202, .T. ) ;
#8329 = CARTESIAN_POINT ( 'NONE',  ( 0.3999999999999999700, 3.246173311193000000, 13.19999999999999900 ) ) ;
#8330 = LINE ( 'NONE', #2852, #6728 ) ;
#8331 = AXIS2_PLACEMENT_3D ( 'NONE', #7805, #2120, #3480 ) ;
#8332 = ORIENTED_EDGE ( 'NONE', *, *, #4119, .T. ) ;
#8333 = DIRECTION ( 'NONE',  ( 0.0000000000000000000, 0.0000000000000000000, -1.000000000000000000 ) ) ;
#8334 = DIRECTION ( 'NONE',  ( 0.0000000000000000000, 0.0000000000000000000, 1.000000000000000000 ) ) ;
#8335 = VECTOR ( 'NONE', #6637, 1000.000000000000000 ) ;
#8336 = EDGE_CURVE ( 'NONE', #5082, #681, #4855, .T. ) ;
#8337 = CIRCLE ( 'NONE', #2998, 0.7000000000000000700 ) ;
#8338 = CARTESIAN_POINT ( 'NONE',  ( -4.850000000000000500, 9.000000000000001800, 7.076452044609999900 ) ) ;
#8339 = DIRECTION ( 'NONE',  ( 0.0000000000000000000, 0.0000000000000000000, -1.000000000000000000 ) ) ;
#8340 = CIRCLE ( 'NONE', #5392, 0.2999999999999999300 ) ;
#8341 = ORIENTED_EDGE ( 'NONE', *, *, #2932, .T. ) ;
#8342 = CIRCLE ( 'NONE', #7948, 1.003444069194000100 ) ;
#8343 = CARTESIAN_POINT ( 'NONE',  ( 4.850000000000000500, 3.899999999999999900, 4.599999999999999600 ) ) ;
#8344 = DIRECTION ( 'NONE',  ( 0.0000000000000000000, 1.000000000000000000, 0.0000000000000000000 ) ) ;
#8345 = DIRECTION ( 'NONE',  ( 0.0000000000000000000, 1.156482317317871600E-014, -1.000000000000000000 ) ) ;
#8346 = DIRECTION ( 'NONE',  ( 0.0000000000000000000, 1.000000000000000000, 0.0000000000000000000 ) ) ;
#8347 = VECTOR ( 'NONE', #331, 1000.000000000000000 ) ;
#8348 = VECTOR ( 'NONE', #3454, 1000.000000000000000 ) ;
#8349 = DIRECTION ( 'NONE',  ( 0.0000000000000000000, 1.000000000000000000, 0.0000000000000000000 ) ) ;
#8350 = ORIENTED_EDGE ( 'NONE', *, *, #6823, .T. ) ;
#8351 = CARTESIAN_POINT ( 'NONE',  ( -4.000000000000000000, 5.399999999999999500, 12.40000000000000200 ) ) ;
#8352 = CARTESIAN_POINT ( 'NONE',  ( -0.6502140320371980800, 6.338579685423336100, -5.623805363293889100 ) ) ;
#8353 = VECTOR ( 'NONE', #8367, 1000.000000000000000 ) ;
#8354 = CARTESIAN_POINT ( 'NONE',  ( -2.000000000000000000, 1.500000000000000000, 5.000000000000000000 ) ) ;
#8355 = ORIENTED_EDGE ( 'NONE', *, *, #6942, .F. ) ;
#8356 = CARTESIAN_POINT ( 'NONE',  ( -2.598076211353157500, -2.600000000000000100, -1.500000000000000000 ) ) ;
#8357 = CARTESIAN_POINT ( 'NONE',  ( 0.0000000000000000000, 4.700000000000000200, 0.5999999999999999800 ) ) ;
#8358 = DIRECTION ( 'NONE',  ( -0.0000000000000000000, 1.000000000000000000, -0.0000000000000000000 ) ) ;
#8359 = CARTESIAN_POINT ( 'NONE',  ( -3.250000000000000400, 2.946173311193000200, 6.299999999999999800 ) ) ;
#8360 = ORIENTED_EDGE ( 'NONE', *, *, #6911, .T. ) ;
#8361 = CARTESIAN_POINT ( 'NONE',  ( -2.950000000000000200, 38.46135999999999900, 9.377564394267999100 ) ) ;
#8362 = ADVANCED_FACE ( 'NONE', ( #1287 ), #4650, .T. ) ;
#8363 = DIRECTION ( 'NONE',  ( 0.0000000000000000000, 0.0000000000000000000, 1.000000000000000000 ) ) ;
#8364 = CARTESIAN_POINT ( 'NONE',  ( 4.850000000000000500, 5.399999999999999500, 9.619999999999999200 ) ) ;
#8365 = DIRECTION ( 'NONE',  ( 0.0000000000000000000, -1.000000000000000000, -0.0000000000000000000 ) ) ;
#8366 = VERTEX_POINT ( 'NONE', #633 ) ;
#8367 = DIRECTION ( 'NONE',  ( 0.0000000000000000000, 1.000000000000000000, 0.0000000000000000000 ) ) ;
#8368 = VECTOR ( 'NONE', #7459, 1000.000000000000000 ) ;
#8369 = DIRECTION ( 'NONE',  ( 0.0000000000000000000, -1.000000000000000000, 0.0000000000000000000 ) ) ;
#8370 = VERTEX_POINT ( 'NONE', #5369 ) ;
#8371 = AXIS2_PLACEMENT_3D ( 'NONE', #3960, #5233, #3358 ) ;
#8372 = CARTESIAN_POINT ( 'NONE',  ( 0.7489158714129667800, 6.338579685423336100, -5.574454443605996600 ) ) ;
#8373 = LINE ( 'NONE', #7172, #8368 ) ;
#8374 = PLANE ( 'NONE',  #8185 ) ;
#8375 = CARTESIAN_POINT ( 'NONE',  ( -3.000000000000000400, 4.049999999999999800, -0.5000000000000000000 ) ) ;
#8376 = CARTESIAN_POINT ( 'NONE',  ( 4.549999999999999800, 3.899999999999999900, 9.619999999999999200 ) ) ;
#8377 = DIRECTION ( 'NONE',  ( 1.000000000000000000, 0.0000000000000000000, 0.0000000000000000000 ) ) ;
#8378 = DIRECTION ( 'NONE',  ( 0.0000000000000000000, 0.0000000000000000000, -1.000000000000000000 ) ) ;
#8379 = ORIENTED_EDGE ( 'NONE', *, *, #663, .F. ) ;
#8380 = AXIS2_PLACEMENT_3D ( 'NONE', #7675, #7807, #7911 ) ;
#8381 = CARTESIAN_POINT ( 'NONE',  ( -6.840226191709001000, -2.600000000000000500, -1.500000000000000000 ) ) ;
#8382 = CARTESIAN_POINT ( 'NONE',  ( 4.850000000000000500, 2.750000000000000000, 7.450000000000000200 ) ) ;
#8383 = ORIENTED_EDGE ( 'NONE', *, *, #1095, .T. ) ;
#8384 = VECTOR ( 'NONE', #7285, 1000.000000000000000 ) ;
#8385 = EDGE_CURVE ( 'NONE', #5137, #2336, #6507, .T. ) ;
#8386 = CARTESIAN_POINT ( 'NONE',  ( 0.0000000000000000000, -0.4000000000000000200, 4.599999999999999600 ) ) ;
#8387 = DIRECTION ( 'NONE',  ( 0.0000000000000000000, 1.000000000000000000, -0.0000000000000000000 ) ) ;
#8388 = CARTESIAN_POINT ( 'NONE',  ( -3.000000000000000400, 4.049999999999999800, 0.5000000000000000000 ) ) ;
#8389 = DIRECTION ( 'NONE',  ( -0.0000000000000000000, -0.0000000000000000000, 1.000000000000000000 ) ) ;
#8390 = AXIS2_PLACEMENT_3D ( 'NONE', #1447, #727, #694 ) ;
#8391 = DIRECTION ( 'NONE',  ( -1.000000000000000000, -0.0000000000000000000, -0.0000000000000000000 ) ) ;
#8392 = FACE_OUTER_BOUND ( 'NONE', #7595, .T. ) ;
#8393 = ORIENTED_EDGE ( 'NONE', *, *, #5214, .T. ) ;
#8394 = ORIENTED_EDGE ( 'NONE', *, *, #4040, .F. ) ;
#8395 = VECTOR ( 'NONE', #3731, 1000.000000000000000 ) ;
#8396 = CARTESIAN_POINT ( 'NONE',  ( 0.6995649517246269600, 6.338579685423336900, -4.175324540155846100 ) ) ;
#8397 = DIRECTION ( 'NONE',  ( 1.000000000000000000, 0.0000000000000000000, -0.0000000000000000000 ) ) ;
#8398 = ADVANCED_FACE ( 'NONE', ( #2979 ), #2152, .T. ) ;
#8399 = CARTESIAN_POINT ( 'NONE',  ( 3.200000000000000200, -44.99959868226000000, 9.923000000000000000 ) ) ;
#8400 = VECTOR ( 'NONE', #7750, 1000.000000000000000 ) ;
#8401 = ORIENTED_EDGE ( 'NONE', *, *, #5150, .T. ) ;
#8402 = ORIENTED_EDGE ( 'NONE', *, *, #2258, .F. ) ;
#8403 = CIRCLE ( 'NONE', #7446, 0.6500000000000000200 ) ;
#8404 = CARTESIAN_POINT ( 'NONE',  ( 0.0000000000000000000, -1.199999999999999700, 0.0000000000000000000 ) ) ;
#8405 = DIRECTION ( 'NONE',  ( 0.0000000000000000000, -0.0000000000000000000, -1.000000000000000000 ) ) ;
#8406 = EDGE_CURVE ( 'NONE', #4759, #4699, #6689, .T. ) ;
#8407 = CARTESIAN_POINT ( 'NONE',  ( 4.850000000000000500, 8.500000000000000000, 6.576452044609999900 ) ) ;
#8408 = LINE ( 'NONE', #7669, #8400 ) ;
#8409 = ORIENTED_EDGE ( 'NONE', *, *, #121, .F. ) ;
#8410 = CARTESIAN_POINT ( 'NONE',  ( -3.000000000000000400, 4.700000000000000200, -0.5000000000000000000 ) ) ;
#8411 = DIRECTION ( 'NONE',  ( 0.0000000000000000000, 0.0000000000000000000, -1.000000000000000000 ) ) ;
#8412 = VECTOR ( 'NONE', #5460, 1000.000000000000000 ) ;
#8413 = CARTESIAN_POINT ( 'NONE',  ( 3.049999999999999800, 4.500000000000000900, -4.599999999999999600 ) ) ;
#8414 = CARTESIAN_POINT ( 'NONE',  ( 4.950000000000000200, 2.749999999999999100, 7.991421356237308000 ) ) ;
#8415 = CARTESIAN_POINT ( 'NONE',  ( -4.850000000000000500, 4.423606797749999800, -5.500000000000000000 ) ) ;
#8417 = ORIENTED_EDGE ( 'NONE', *, *, #6439, .F. ) ;
#8416 = AXIS2_PLACEMENT_3D ( 'NONE', #7453, #3974, #8265 ) ;
#8418 = LINE ( 'NONE', #6832, #3555 ) ;
#8419 = DIRECTION ( 'NONE',  ( -0.6881162959158699800, 0.0000000000000000000, 0.7256004157213684600 ) ) ;
#8420 = LINE ( 'NONE', #6379, #6824 ) ;
#8421 = CARTESIAN_POINT ( 'NONE',  ( -0.6366504108524486700, 6.400894984940225500, -4.222456301746879200 ) ) ;
#8422 = ORIENTED_EDGE ( 'NONE', *, *, #46, .T. ) ;
#8423 = DIRECTION ( 'NONE',  ( 0.0000000000000000000, -1.000000000000000000, 0.0000000000000000000 ) ) ;
#8424 = DIRECTION ( 'NONE',  ( 0.0000000000000000000, 0.0000000000000000000, 1.000000000000000000 ) ) ;
#8425 = LINE ( 'NONE', #7356, #5021 ) ;
#8426 = LINE ( 'NONE', #7563, #5218 ) ;
#8427 = CARTESIAN_POINT ( 'NONE',  ( 4.850000000000000500, 9.000000000000001800, 9.900000000000000400 ) ) ;
#8428 = FACE_OUTER_BOUND ( 'NONE', #2841, .T. ) ;
#8429 = DIRECTION ( 'NONE',  ( 0.9428090415776020400, 0.0000000000000000000, -0.3333333333459519400 ) ) ;
#8430 = VERTEX_POINT ( 'NONE', #6015 ) ;
#8431 = DIRECTION ( 'NONE',  ( -0.0000000000000000000, -0.0000000000000000000, 1.000000000000000000 ) ) ;
#8432 = FACE_OUTER_BOUND ( 'NONE', #5525, .T. ) ;
#8433 = EDGE_CURVE ( 'NONE', #4128, #8214, #6119, .T. ) ;
#8434 = CARTESIAN_POINT ( 'NONE',  ( 0.5000000000000000000, 4.700000000000000200, -0.8700000000003262900 ) ) ;
#8435 = CARTESIAN_POINT ( 'NONE',  ( 4.850000000000000500, 0.0000000000000000000, 8.449999999999999300 ) ) ;
#8436 = CIRCLE ( 'NONE', #4050, 0.5799999999999999600 ) ;
#8437 = AXIS2_PLACEMENT_3D ( 'NONE', #3348, #5223, #1221 ) ;
#8438 = ADVANCED_FACE ( 'NONE', ( #7773 ), #6609, .F. ) ;
#8439 = ORIENTED_EDGE ( 'NONE', *, *, #5190, .F. ) ;
#8440 = CARTESIAN_POINT ( 'NONE',  ( 0.0000000000000000000, 4.049999999999999800, 0.0000000000000000000 ) ) ;
#8441 = CARTESIAN_POINT ( 'NONE',  ( 4.850000000000000500, 8.000000000000000000, 8.349999999999996100 ) ) ;
#8442 = EDGE_CURVE ( 'NONE', #5421, #8214, #7943, .T. ) ;
#8443 = VERTEX_POINT ( 'NONE', #3553 ) ;
#8444 = DIRECTION ( 'NONE',  ( 0.0000000000000000000, 1.000000000000000000, -0.0000000000000000000 ) ) ;
#8445 = CARTESIAN_POINT ( 'NONE',  ( -0.5917378073586638800, 6.400894984940225500, -5.495757123452590600 ) ) ;
#8446 = CARTESIAN_POINT ( 'NONE',  ( -0.4000000000000000200, 3.246173311193000000, 9.622999999999999300 ) ) ;
#8447 = PLANE ( 'NONE',  #2116 ) ;
#8448 = ORIENTED_EDGE ( 'NONE', *, *, #1774, .F. ) ;
#8449 = CARTESIAN_POINT ( 'NONE',  ( -2.536982167520005500, -1.600000000000000100, 4.429755668717448600 ) ) ;
#8450 = CIRCLE ( 'NONE', #398, 0.09999999999999939500 ) ;
#8451 = DIRECTION ( 'NONE',  ( 0.0000000000000000000, 1.000000000000000000, -0.0000000000000000000 ) ) ;
#8452 = VERTEX_POINT ( 'NONE', #2910 ) ;
#8453 = ORIENTED_EDGE ( 'NONE', *, *, #2467, .T. ) ;
#8454 = DIRECTION ( 'NONE',  ( -0.0000000000000000000, 1.000000000000000000, 4.607425552194399600E-015 ) ) ;
#8455 = AXIS2_PLACEMENT_3D ( 'NONE', #3714, #8010, #4311 ) ;
#8456 = FACE_OUTER_BOUND ( 'NONE', #4357, .T. ) ;
#8457 = CARTESIAN_POINT ( 'NONE',  ( 0.0000000000000000000, 4.700000000000000200, 0.0000000000000000000 ) ) ;
#8458 = ORIENTED_EDGE ( 'NONE', *, *, #8029, .T. ) ;
#8459 = LINE ( 'NONE', #5292, #5251 ) ;
#8460 = DIRECTION ( 'NONE',  ( 1.000000000000000000, 0.0000000000000000000, -0.0000000000000000000 ) ) ;
#8461 = ORIENTED_EDGE ( 'NONE', *, *, #4299, .F. ) ;
#8462 = DIRECTION ( 'NONE',  ( 0.0000000000000000000, 0.0000000000000000000, 1.000000000000000000 ) ) ;
#8463 = CARTESIAN_POINT ( 'NONE',  ( -1.750000000000000000, 3.246173311193000000, 6.299999999999999800 ) ) ;
ENDSEC;
END-ISO-10303-21;
