ISO-10303-21;
HEADER;
FILE_DESCRIPTION (( 'STEP AP214' ),
    '1' );
FILE_NAME ('AS02008MR-2-LWC30 draft.STEP',
    '2026-03-25T14:38:23',
    ( '' ),
    ( '' ),
    'SwSTEP 2.0',
    'SolidWorks 2021',
    '' );
FILE_SCHEMA (( 'AUTOMOTIVE_DESIGN' ));
ENDSEC;

DATA;
#1 = CARTESIAN_POINT ( 'NONE',  ( 33.74905385955251091, 3.364286852003705697, 0.02880559401939992645 ) ) ;
#2 = VECTOR ( 'NONE', #3530, 999.9999999999998863 ) ;
#3 = CARTESIAN_POINT ( 'NONE',  ( 38.11878453928508748, 3.202496303544307921, 0.2355499228619953589 ) ) ;
#4 = CARTESIAN_POINT ( 'NONE',  ( 30.16396079160432819, 3.440157678561483579, -1.018107820497000882 ) ) ;
#5 = CARTESIAN_POINT ( 'NONE',  ( 47.95195805264940958, 3.252434838328307265, -0.4212970506570909990 ) ) ;
#6 = EDGE_CURVE ( 'NONE', #5171, #8365, #2380, .T. ) ;
#7 = CARTESIAN_POINT ( 'NONE',  ( 47.08617783738729656, 2.683790977146862655, -0.6565995652822078643 ) ) ;
#8 = FACE_OUTER_BOUND ( 'NONE', #4046, .T. ) ;
#9 = VECTOR ( 'NONE', #6862, 1000.000000000000000 ) ;
#10 = CARTESIAN_POINT ( 'NONE',  ( 29.33928498435295396, 3.232312030855631679, 0.9767474397514334106 ) ) ;
#11 = VERTEX_POINT ( 'NONE', #4225 ) ;
#12 = DIRECTION ( 'NONE',  ( -0.9998918860475783932, 2.955562780817105814E-15, 0.01470429244188330674 ) ) ;
#13 = CARTESIAN_POINT ( 'NONE',  ( 48.70000000000000284, 2.531393742013005266, -1.125000000000000000 ) ) ;
#14 = DIRECTION ( 'NONE',  ( 0.000000000000000000, 0.000000000000000000, -1.000000000000000000 ) ) ;
#15 = VERTEX_POINT ( 'NONE', #6437 ) ;
#16 = VERTEX_POINT ( 'NONE', #4393 ) ;
#17 = CARTESIAN_POINT ( 'NONE',  ( 52.29999999999999716, 3.381393742012989811, -0.8000000000000210276 ) ) ;
#18 = CARTESIAN_POINT ( 'NONE',  ( 45.96998881661135528, 3.230767114171340104, -0.02668187462842140298 ) ) ;
#19 = CARTESIAN_POINT ( 'NONE',  ( 43.58776991527757616, 2.934328248368706760, 0.2584896670905227900 ) ) ;
#20 = CARTESIAN_POINT ( 'NONE',  ( 31.76541706525372888, 3.192814955564537538, -0.3974505745558281067 ) ) ;
#21 = CARTESIAN_POINT ( 'NONE',  ( 25.97062115303515739, 3.730461837990918461, -3.701968832127108922 ) ) ;
#22 = B_SPLINE_CURVE_WITH_KNOTS ( 'NONE', 3,
 ( #81, #746, #3315, #5223, #1990, #1314, #5752, #3870, #7058, #6463 ),
 .UNSPECIFIED., .F., .F.,
 ( 4, 2, 2, 2, 4 ),
 ( 2.642252078890984739E-17, 0.0001567148201653363528, 0.0003134296403306462511, 0.0004701444604959561764, 0.0006268592806612661560 ),
 .UNSPECIFIED. ) ;
#23 = CARTESIAN_POINT ( 'NONE',  ( 31.43047247749944617, 3.359673131624035136, -0.8295338069307336415 ) ) ;
#24 = ORIENTED_EDGE ( 'NONE', *, *, #5580, .F. ) ;
#25 = CARTESIAN_POINT ( 'NONE',  ( 48.07531098464185959, 3.256913463351192917, 0.4245159932024936134 ) ) ;
#26 = VECTOR ( 'NONE', #2955, 1000.000000000000000 ) ;
#27 = VERTEX_POINT ( 'NONE', #7676 ) ;
#28 = ADVANCED_FACE ( 'NONE', ( #3796 ), #1958, .F. ) ;
#29 = FACE_OUTER_BOUND ( 'NONE', #7117, .T. ) ;
#30 = CARTESIAN_POINT ( 'NONE',  ( 38.66240284799588522, 3.045486102383421212, 0.09994508474526395125 ) ) ;
#31 = CARTESIAN_POINT ( 'NONE',  ( 35.03187846737706934, 2.921812184209973573, -0.2386553630810281934 ) ) ;
#32 = EDGE_CURVE ( 'NONE', #4396, #7925, #5470, .T. ) ;
#33 = PLANE ( 'NONE',  #7783 ) ;
#34 = ORIENTED_EDGE ( 'NONE', *, *, #6937, .F. ) ;
#35 = CARTESIAN_POINT ( 'NONE',  ( 43.87317348622794100, 3.941355987432174413, 0.5254983801971381263 ) ) ;
#36 = SURFACE_STYLE_FILL_AREA ( #777 ) ;
#37 = CARTESIAN_POINT ( 'NONE',  ( 0.000000000000000000, 0.5000000000000022204, 0.000000000000000000 ) ) ;
#38 = CARTESIAN_POINT ( 'NONE',  ( 32.07632621439920939, 3.111992644607818104, 0.4010631918969244647 ) ) ;
#39 = CARTESIAN_POINT ( 'NONE',  ( 42.92285523959142779, 3.147179787150558017, 0.003385962645957202831 ) ) ;
#40 = CARTESIAN_POINT ( 'NONE',  ( 38.70111893992811503, 3.207315261194164879, 0.4779341995312642588 ) ) ;
#41 = FACE_OUTER_BOUND ( 'NONE', #172, .T. ) ;
#42 = CARTESIAN_POINT ( 'NONE',  ( 47.93576501160070080, 3.652122755026608658, -0.4210033837788616506 ) ) ;
#43 = CARTESIAN_POINT ( 'NONE',  ( 45.65056823456576041, 2.499595531747341948, 0.2236610021684286298 ) ) ;
#44 = CARTESIAN_POINT ( 'NONE',  ( 33.16521200046231144, 3.590978199306088303, 0.2386580203657336086 ) ) ;
#45 = CARTESIAN_POINT ( 'NONE',  ( 48.80000000000000426, 1.931393742013005177, -2.125000000000000000 ) ) ;
#46 = CARTESIAN_POINT ( 'NONE',  ( 29.25075028392798160, 3.017066534702035785, 0.6176274807472459383 ) ) ;
#47 = CARTESIAN_POINT ( 'NONE',  ( 34.38825587047664101, 2.453007780180586295, -0.3186252155384496354 ) ) ;
#48 = LINE ( 'NONE', #4397, #3849 ) ;
#49 = DIRECTION ( 'NONE',  ( 0.000000000000000000, 2.775557561562891043E-17, 1.000000000000000000 ) ) ;
#50 = CARTESIAN_POINT ( 'NONE',  ( 31.54561086861979646, 2.983455816891993351, 0.3817221612387427521 ) ) ;
#51 = AXIS2_PLACEMENT_3D ( 'NONE', #7614, #450, #3018 ) ;
#52 = EDGE_CURVE ( 'NONE', #639, #3763, #6264, .T. ) ;
#53 = ORIENTED_EDGE ( 'NONE', *, *, #5284, .T. ) ;
#54 = ORIENTED_EDGE ( 'NONE', *, *, #6288, .F. ) ;
#55 = VECTOR ( 'NONE', #1703, 1000.000000000000000 ) ;
#56 = CARTESIAN_POINT ( 'NONE',  ( 50.39949548389100187, 4.631393742012989811, 0.1911690512336855219 ) ) ;
#57 = DIRECTION ( 'NONE',  ( -2.666144858838235626E-32, -1.000000000000000000, -1.861759004257252044E-46 ) ) ;
#58 = CARTESIAN_POINT ( 'NONE',  ( 34.75981937422498191, 4.048617663602905203, 0.1978032339669019979 ) ) ;
#59 = CARTESIAN_POINT ( 'NONE',  ( 41.64340948601829240, 2.955146419932334290, 0.3061546596491403482 ) ) ;
#60 = CARTESIAN_POINT ( 'NONE',  ( 26.42096956037340050, 3.477242631687881946, -2.899995006091684147 ) ) ;
#61 = CLOSED_SHELL ( 'NONE', ( #1207, #2433, #4022, #2939, #575, #4074, #5418, #2295, #2305, #7463, #714, #4319, #5814, #345 ) ) ;
#62 = VECTOR ( 'NONE', #4847, 1000.000000000000114 ) ;
#63 = VECTOR ( 'NONE', #5271, 1000.000000000000000 ) ;
#64 = EDGE_CURVE ( 'NONE', #3615, #6241, #5764, .T. ) ;
#65 = CARTESIAN_POINT ( 'NONE',  ( 29.46975882908344957, 3.003450777672290961, 0.4410729503378487681 ) ) ;
#66 = CARTESIAN_POINT ( 'NONE',  ( 51.29999999999999716, 4.381393742012985371, 1.474999999999999867 ) ) ;
#67 = VERTEX_POINT ( 'NONE', #3092 ) ;
#68 = VECTOR ( 'NONE', #5946, 999.9999999999998863 ) ;
#69 = LINE ( 'NONE', #3774, #4133 ) ;
#70 = EDGE_CURVE ( 'NONE', #268, #1522, #5155, .T. ) ;
#71 = CARTESIAN_POINT ( 'NONE',  ( 32.43691299390174265, 3.270501946975878926, -0.2358018173061872391 ) ) ;
#72 = DIRECTION ( 'NONE',  ( -2.196152422706720170E-15, 1.000000000000000000, 0.000000000000000000 ) ) ;
#73 = VECTOR ( 'NONE', #2329, 1000.000000000000000 ) ;
#74 = DIRECTION ( 'NONE',  ( -1.000000000000000000, 2.999999999999999839E-15, 0.000000000000000000 ) ) ;
#75 = CIRCLE ( 'NONE', #4247, 8.050000000000000711 ) ;
#76 = EDGE_CURVE ( 'NONE', #4514, #5300, #7067, .T. ) ;
#77 = AXIS2_PLACEMENT_3D ( 'NONE', #5345, #1644, #2888 ) ;
#78 = CARTESIAN_POINT ( 'NONE',  ( 25.88808349951793275, 1.716191923245076634, 4.783567529719106481 ) ) ;
#79 = VERTEX_POINT ( 'NONE', #4470 ) ;
#80 = CARTESIAN_POINT ( 'NONE',  ( 43.40650209799510151, 4.112317186820240167, -0.1127512694714216668 ) ) ;
#81 = CARTESIAN_POINT ( 'NONE',  ( 25.13738994517776604, 1.727156155566246243, 4.283351686312391493 ) ) ;
#82 = VERTEX_POINT ( 'NONE', #1282 ) ;
#83 = CARTESIAN_POINT ( 'NONE',  ( 35.96521180070425316, 3.017738378963652934, 0.3345815577608014513 ) ) ;
#84 = CARTESIAN_POINT ( 'NONE',  ( 43.67923260807279462, 3.651054012432117357, 0.2772413507655533405 ) ) ;
#85 = VECTOR ( 'NONE', #3999, 1000.000000000000000 ) ;
#86 = CARTESIAN_POINT ( 'NONE',  ( 40.49042773635246562, 3.228420756770043365, -0.5007191693807003796 ) ) ;
#87 = DIRECTION ( 'NONE',  ( -1.000000000000000000, 0.000000000000000000, 7.000000000000000150E-15 ) ) ;
#88 = CARTESIAN_POINT ( 'NONE',  ( 45.88770661132601703, 2.875472838586447200, 0.06163579886229433868 ) ) ;
#89 = ADVANCED_FACE ( 'NONE', ( #6989 ), #5639, .F. ) ;
#90 = CARTESIAN_POINT ( 'NONE',  ( 41.40957226364647425, 3.111940225509431279, 0.4014356977655963443 ) ) ;
#91 = FACE_OUTER_BOUND ( 'NONE', #5656, .T. ) ;
#92 = CARTESIAN_POINT ( 'NONE',  ( 30.28189411554972921, 3.147275264414892693, 0.1570486333577538474 ) ) ;
#93 = CARTESIAN_POINT ( 'NONE',  ( 33.45492215036990302, 2.937767974758542788, 0.8033856986750159690 ) ) ;
#94 = FACE_OUTER_BOUND ( 'NONE', #4969, .T. ) ;
#95 = CARTESIAN_POINT ( 'NONE',  ( 39.38776994895975037, 3.211438678724785944, 0.4105147597248616220 ) ) ;
#96 = CARTESIAN_POINT ( 'NONE',  ( 51.68038475772939933, 3.531393742012984838, 1.775000000000000133 ) ) ;
#97 = CARTESIAN_POINT ( 'NONE',  ( -8.050000000000000711, -0.05000000000000000278, -5.719869022868807001E-14 ) ) ;
#98 = VECTOR ( 'NONE', #2609, 1000.000000000000000 ) ;
#99 = VERTEX_POINT ( 'NONE', #4992 ) ;
#100 = ORIENTED_EDGE ( 'NONE', *, *, #4840, .T. ) ;
#101 = CARTESIAN_POINT ( 'NONE',  ( 25.79448995169368075, 1.727156155566249129, 4.765024611868893700 ) ) ;
#102 = CARTESIAN_POINT ( 'NONE',  ( 45.47169113027398168, 3.256670114186026588, 0.2374873898752966617 ) ) ;
#103 = CARTESIAN_POINT ( 'NONE',  ( 40.16521180071076458, 3.661733455981939667, -0.06783006277916289739 ) ) ;
#104 = CARTESIAN_POINT ( 'NONE',  ( 42.65443661556615496, 2.997904001932514717, -0.3220657997620509638 ) ) ;
#105 = LINE ( 'NONE', #4564, #2370 ) ;
#106 = CARTESIAN_POINT ( 'NONE',  ( 42.69315270826584197, 3.676712642162884848, 0.7000549141177790924 ) ) ;
#107 = ADVANCED_FACE ( 'NONE', ( #1202, #1798 ), #4352, .F. ) ;
#108 = CARTESIAN_POINT ( 'NONE',  ( 48.13059057104412375, 3.256393742012991588, 0.4250000000000083711 ) ) ;
#109 = ORIENTED_EDGE ( 'NONE', *, *, #8032, .F. ) ;
#110 = CARTESIAN_POINT ( 'NONE',  ( 48.70000000000000284, 2.531393742012999937, 0.4249999999999999889 ) ) ;
#111 = CARTESIAN_POINT ( 'NONE',  ( 42.90111894300756745, 2.883739492546009586, 0.3032468032874187092 ) ) ;
#112 = DIRECTION ( 'NONE',  ( -2.196152422706720170E-15, 1.000000000000000000, 0.000000000000000000 ) ) ;
#113 = CARTESIAN_POINT ( 'NONE',  ( 52.44999999999999574, 3.531393742012990167, -0.9500000000000220490 ) ) ;
#114 = CARTESIAN_POINT ( 'NONE',  ( 45.47229497646491581, 2.851212508853238070, -0.2254022645527475333 ) ) ;
#115 = VERTEX_POINT ( 'NONE', #3717 ) ;
#116 = CARTESIAN_POINT ( 'NONE',  ( 37.37923264373239363, 2.849226205954390689, 0.2585228997803955542 ) ) ;
#117 = DIRECTION ( 'NONE',  ( 2.783159565502880019E-15, 1.000000000000000000, 0.000000000000000000 ) ) ;
#118 = CARTESIAN_POINT ( 'NONE',  ( 45.60981462212834003, 2.892882168761289563, 0.1631237060646167636 ) ) ;
#119 = CARTESIAN_POINT ( 'NONE',  ( 36.50957226365128605, 2.830235549691661578, 0.02016514339826156257 ) ) ;
#120 = EDGE_CURVE ( 'NONE', #2916, #7925, #866, .T. ) ;
#121 = CARTESIAN_POINT ( 'NONE',  ( 45.57197750855588936, 2.528021869201021676, 0.3219157226630722790 ) ) ;
#122 = CARTESIAN_POINT ( 'NONE',  ( 37.02906951466453478, 3.023293162429252945, 0.01162635872559652367 ) ) ;
#123 = CARTESIAN_POINT ( 'NONE',  ( 30.71538916661405594, 3.925002242666348451, 0.3954748071076416016 ) ) ;
#124 = CARTESIAN_POINT ( 'NONE',  ( 46.97811685555762296, 3.504347897866261885, -0.6781910586362995819 ) ) ;
#125 = LINE ( 'NONE', #4667, #3965 ) ;
#126 = CARTESIAN_POINT ( 'NONE',  ( 38.92110328229242100, 2.997904001735836044, -0.3220658004685756359 ) ) ;
#127 = DIRECTION ( 'NONE',  ( 1.219615242270666178E-14, 0.000000000000000000, 1.000000000000000000 ) ) ;
#128 = EDGE_CURVE ( 'NONE', #6423, #3209, #2625, .T. ) ;
#129 = CARTESIAN_POINT ( 'NONE',  ( 31.05621875558350098, 3.227894114820120119, -0.4067556419917228161 ) ) ;
#130 = CARTESIAN_POINT ( 'NONE',  ( 41.45283894185715923, 2.867417262231417130, 0.7508697078732311514 ) ) ;
#131 = DIRECTION ( 'NONE',  ( 0.000000000000000000, 0.000000000000000000, -1.000000000000000000 ) ) ;
#132 = CARTESIAN_POINT ( 'NONE',  ( 44.05443621027013279, 2.845882380714084725, -0.04495295524809304194 ) ) ;
#133 = CARTESIAN_POINT ( 'NONE',  ( 29.80776706716518376, 3.309819896460983291, -0.5983735058350950764 ) ) ;
#134 = DIRECTION ( 'NONE',  ( -0.8295410558727396300, -1.274514711852572050E-14, -0.5584457329244628676 ) ) ;
#135 = ADVANCED_FACE ( 'NONE', ( #3129 ), #5720, .T. ) ;
#136 = AXIS2_PLACEMENT_3D ( 'NONE', #4317, #6778, #4953 ) ;
#137 = EDGE_LOOP ( 'NONE', ( #3495, #5113 ) ) ;
#138 = ORIENTED_EDGE ( 'NONE', *, *, #6537, .T. ) ;
#139 =( NAMED_UNIT ( * ) SI_UNIT ( $, .STERADIAN. ) SOLID_ANGLE_UNIT ( ) );
#140 = CARTESIAN_POINT ( 'NONE',  ( 48.13210034540296789, 3.656393742012992831, 0.4250000000000082601 ) ) ;
#141 = CARTESIAN_POINT ( 'NONE',  ( 29.64522546132994307, 2.885171124024292322, 1.008088419775262867 ) ) ;
#142 = CARTESIAN_POINT ( 'NONE',  ( 33.20756399956841420, 2.662063564011994288, -0.5569386819291246571 ) ) ;
#143 = CARTESIAN_POINT ( 'NONE',  ( 47.95195805264941669, 3.260352645697688789, 0.4212970506571028784 ) ) ;
#144 = CARTESIAN_POINT ( 'NONE',  ( 47.80394996717134148, 3.670016100096265443, 0.4122020725168366040 ) ) ;
#145 = ORIENTED_EDGE ( 'NONE', *, *, #2009, .F. ) ;
#146 = CARTESIAN_POINT ( 'NONE',  ( 51.00000000000000000, 2.081393742012994874, -0.4500000000000159983 ) ) ;
#147 = CARTESIAN_POINT ( 'NONE',  ( 41.96778560660152380, 3.559640528875044119, 0.3726542400551353107 ) ) ;
#148 = CARTESIAN_POINT ( 'NONE',  ( 48.16494492839986918, 3.656393742013002601, -0.8249999999999989564 ) ) ;
#149 = DIRECTION ( 'NONE',  ( -0.000000000000000000, -1.000000000000000000, -0.000000000000000000 ) ) ;
#150 = AXIS2_PLACEMENT_3D ( 'NONE', #4718, #5545, #5370 ) ;
#151 = CARTESIAN_POINT ( 'NONE',  ( 33.07353799716526055, 1.727156155566248907, -9.085398552352205668E-16 ) ) ;
#152 = VERTEX_POINT ( 'NONE', #1881 ) ;
#153 = CARTESIAN_POINT ( 'NONE',  ( 39.67316836520608092, 4.112317056335879073, -0.1127506780069171682 ) ) ;
#154 = CARTESIAN_POINT ( 'NONE',  ( 45.45421155199282026, 3.567459438743850519, -0.2538312578385860663 ) ) ;
#155 = CARTESIAN_POINT ( 'NONE',  ( 48.50000000000000000, 4.039128768931959712, 0.9327350269189670362 ) ) ;
#156 = DIRECTION ( 'NONE',  ( -2.999999999999999839E-15, -1.000000000000000000, -2.999999999999999839E-15 ) ) ;
#157 = AXIS2_PLACEMENT_3D ( 'NONE', #5705, #377, #1821 ) ;
#158 = CARTESIAN_POINT ( 'NONE',  ( 41.92906951465955245, 3.334856117030112976, -0.2198060693861154380 ) ) ;
#159 = CARTESIAN_POINT ( 'NONE',  ( 29.46525526258374228, 3.284862059637096099, -0.8813730859758099889 ) ) ;
#160 = CARTESIAN_POINT ( 'NONE',  ( 47.09055939457235951, 3.085803623373157833, -0.2585806878833139533 ) ) ;
#161 = DIRECTION ( 'NONE',  ( -2.999999999999999839E-15, -1.000000000000000000, -2.999999999999999839E-15 ) ) ;
#162 = CARTESIAN_POINT ( 'NONE',  ( 44.32285619351799255, 3.331225565292314172, -0.07962099413560159988 ) ) ;
#163 = DIRECTION ( 'NONE',  ( -1.000000000000000000, 2.999999999999999839E-15, 7.000000000000000150E-15 ) ) ;
#164 = CARTESIAN_POINT ( 'NONE',  ( 30.52303354658195644, 2.581304497849533863, -0.2363341352082683200 ) ) ;
#165 = CARTESIAN_POINT ( 'NONE',  ( 44.09315678810376937, 4.048617163461915247, 0.1977951316150119154 ) ) ;
#166 = ADVANCED_FACE ( 'NONE', ( #2119 ), #3957, .T. ) ;
#167 = CARTESIAN_POINT ( 'NONE',  ( 38.37674281935038323, 3.685891802205856216, -0.003470011671381868779 ) ) ;
#168 = CARTESIAN_POINT ( 'NONE',  ( 29.67976024123952783, 3.074003169950120462, -1.145118691204630279 ) ) ;
#169 = CARTESIAN_POINT ( 'NONE',  ( 32.94589888087691065, 3.173369040226226900, -0.4751035262018716288 ) ) ;
#170 = EDGE_CURVE ( 'NONE', #5092, #152, #2074, .T. ) ;
#171 =( BOUNDED_SURFACE ( )  B_SPLINE_SURFACE ( 3, 3, ( 
 ( #596, #2539, #3166, #1488, #6471, #4668, #5994, #1957, #5270, #7797, #6632, #4509, #1364, #5880, #7912, #6510, #3915, #5955, #90, #2622, #206, #3956, #3878, #5836, #5193, #7270, #4548, #126, #3400, #2073, #841, #7145, #2701, #5153, #4035, #1999, #2118, #709, #7110, #7231, #7756, #1323, #671, #5313, #3280, #3244, #6595, #1406, #4628, #7873, #44, #757, #2661, #5232, #6553, #7835, #2036, #4587 ),
 ( #3995, #7188, #3326, #5917, #1448, #796, #162, #3364, #2741, #380, #2323, #7985, #6848, #1579, #288, #2157, #5442, #5403, #8118, #1533, #7494, #6124, #4125, #975, #2783, #7353, #4212, #2861, #928, #887, #7446, #1620, #5491, #337, #3483, #4842, #6761, #2819, #6212, #6081, #6803, #4710, #3529, #2197, #4749, #6720, #6672, #2947, #5361, #4077, #8028, #2243, #3444, #6039, #4797, #1063, #3616, #1660 ),
 ( #7400, #1702, #247, #4888, #7945, #7306, #2905, #4163, #4262, #8079, #2286, #1020, #5535, #3576, #6169, #1229, #1145, #6253, #1269, #7621, #7539, #1105, #459, #2530, #8208, #3746, #7057, #5708, #1911, #2409, #6343, #3828, #5101, #3030, #3152, #1787, #2367, #2488, #8333, #7704, #5577, #587, #4342, #5751, #1871, #5017, #8288, #548, #417, #4380, #4458, #509, #1824, #6888, #2988, #8158, #3702, #3654 ),
 ( #4936, #8247, #1748, #3780, #4298, #3079, #6382, #5629, #4979, #7580, #6928, #6301, #5665, #2449, #6975, #1191, #3116, #5058, #7663, #4418, #7016, #6424, #2612, #7862, #6500, #4537, #4494, #2688, #5222, #745, #1394, #7135, #116, #2025, #6461, #1475, #1352, #2062, #5789, #4576, #5826, #3233, #7786, #1950, #6583, #627, #7748, #3906, #660, #5142, #7099, #700, #4656, #1312, #6540, #782, #3983, #3314 ),
 ( #7899, #3351, #8372, #2104, #5864, #3869, #3196, #35, #3268, #80, #2648, #7175, #2729, #5260, #4617, #7824, #3945, #5299, #5905, #7258, #7217, #5181, #1438, #153, #5942, #1989, #2572, #6327, #4326, #2432, #4195, #1000, #3557, #7478, #2973, #1730, #1089, #8189, #2394, #1527, #7224, #2111, #4662, #5872, #4028, #5353, #7789, #4071, #6666, #7181, #880, #242, #1993, #4542, #7139, #1358, #4581, #1400 ),
 ( #3318, #121, #2695, #573, #3522, #8071, #3680, #4744, #6328, #3105, #6116, #7607, #5692, #3730, #2278, #5484, #328, #7344, #6797, #3061, #533, #8275, #5436, #4206, #968, #1653, #2898, #4835, #7439, #2474, #1129, #8020, #6075, #6285, #492, #5042, #281, #5397, #5651, #2434, #6713, #2236, #8233, #5002, #1810, #1614, #4158, #7978, #6755, #4363, #6959, #4120, #1176, #7650, #1856, #4406, #1572, #4790 ),
 ( #7001, #1216, #3769, #922, #6367, #2190, #3478, #2854, #7393, #5247, #5894, #1299, #6487, #104, #3810, #3140, #4525, #59, #4443, #3184, #1340, #3857, #2597, #7732, #1935, #5735, #4482, #5209, #1975, #1894, #5848, #725, #7123, #1379, #5086, #5778, #7689, #3256, #3891, #4603, #2637, #7040, #7080, #686, #7813, #7204, #2049, #7851, #2675, #1420, #5167, #6407, #6568, #613, #5815, #20, #7769, #2016 ) ),
 .UNSPECIFIED., .T., .F., .F. ) 
 B_SPLINE_SURFACE_WITH_KNOTS ( ( 4, 3, 4 ),
 ( 4, 2, 2, 2, 2, 2, 2, 2, 2, 2, 2, 2, 2, 2, 2, 2, 2, 2, 2, 2, 2, 2, 2, 2, 2, 2, 2, 2, 4 ),
 ( 0.000000000000000000, 0.5000000000000000000, 1.000000000000000000 ),
 ( 0.1308689870526984211, 0.1419233613375222303, 0.1750864841920457826, 0.1971952327616690592, 0.2193039813312923081, 0.2414127299009406202, 0.2635214784705889324, 0.2856302270402372723, 0.3077389756098856122, 0.3409020984643585939, 0.3740652213188316866, 0.3961739698884907401, 0.4182827184581498492, 0.4403914670277873089, 0.4625002155974248241, 0.4956633384518976393, 0.5177720870215460902, 0.5398808355911944856, 0.5730439584462085900, 0.5951527070155860910, 0.6172614555849635920, 0.6393702041546120984, 0.6614789527242606049, 0.6835877012939084452, 0.7056964498635562855, 0.7278051984332052360, 0.7499139470028541865, 0.7830770698573270572, 0.7941314441421509773 ),
 .UNSPECIFIED. ) 
 GEOMETRIC_REPRESENTATION_ITEM ( )  RATIONAL_B_SPLINE_SURFACE ( (
 ( 1.000000000000000000, 1.000000000000000000, 1.000000000000000000, 1.000000000000000000, 1.000000000000000000, 1.000000000000000000, 1.000000000000000000, 1.000000000000000000, 1.000000000000000000, 1.000000000000000000, 1.000000000000000000, 1.000000000000000000, 1.000000000000000000, 1.000000000000000000, 1.000000000000000000, 1.000000000000000000, 1.000000000000000000, 1.000000000000000000, 1.000000000000000000, 1.000000000000000000, 1.000000000000000000, 1.000000000000000000, 1.000000000000000000, 1.000000000000000000, 1.000000000000000000, 1.000000000000000000, 1.000000000000000000, 1.000000000000000000, 1.000000000000000000, 1.000000000000000000, 1.000000000000000000, 1.000000000000000000, 1.000000000000000000, 1.000000000000000000, 1.000000000000000000, 1.000000000000000000, 1.000000000000000000, 1.000000000000000000, 1.000000000000000000, 1.000000000000000000, 1.000000000000000000, 1.000000000000000000, 1.000000000000000000, 1.000000000000000000, 1.000000000000000000, 1.000000000000000000, 1.000000000000000000, 1.000000000000000000, 1.000000000000000000, 1.000000000000000000, 1.000000000000000000, 1.000000000000000000, 1.000000000000000000, 1.000000000000000000, 1.000000000000000000, 1.000000000000000000, 1.000000000000000000, 1.000000000000000000),
 ( 0.3333333333333333703, 0.3333333333333333703, 0.3333333333333333703, 0.3333333333333333703, 0.3333333333333333703, 0.3333333333333333703, 0.3333333333333333703, 0.3333333333333333703, 0.3333333333333333703, 0.3333333333333333703, 0.3333333333333333703, 0.3333333333333333703, 0.3333333333333333703, 0.3333333333333333703, 0.3333333333333333703, 0.3333333333333333703, 0.3333333333333333703, 0.3333333333333333703, 0.3333333333333333703, 0.3333333333333333703, 0.3333333333333333703, 0.3333333333333333703, 0.3333333333333333703, 0.3333333333333333703, 0.3333333333333333703, 0.3333333333333333703, 0.3333333333333333703, 0.3333333333333333703, 0.3333333333333333703, 0.3333333333333333703, 0.3333333333333333703, 0.3333333333333333703, 0.3333333333333333703, 0.3333333333333333703, 0.3333333333333333703, 0.3333333333333333703, 0.3333333333333333703, 0.3333333333333333703, 0.3333333333333333703, 0.3333333333333333703, 0.3333333333333333703, 0.3333333333333333703, 0.3333333333333333703, 0.3333333333333333703, 0.3333333333333333703, 0.3333333333333333703, 0.3333333333333333703, 0.3333333333333333703, 0.3333333333333333703, 0.3333333333333333703, 0.3333333333333333703, 0.3333333333333333703, 0.3333333333333333703, 0.3333333333333333703, 0.3333333333333333703, 0.3333333333333333703, 0.3333333333333333703, 0.3333333333333333703),
 ( 0.3333333333333333703, 0.3333333333333333703, 0.3333333333333333703, 0.3333333333333333703, 0.3333333333333333703, 0.3333333333333333703, 0.3333333333333333703, 0.3333333333333333703, 0.3333333333333333703, 0.3333333333333333703, 0.3333333333333333703, 0.3333333333333333703, 0.3333333333333333703, 0.3333333333333333703, 0.3333333333333333703, 0.3333333333333333703, 0.3333333333333333703, 0.3333333333333333703, 0.3333333333333333703, 0.3333333333333333703, 0.3333333333333333703, 0.3333333333333333703, 0.3333333333333333703, 0.3333333333333333703, 0.3333333333333333703, 0.3333333333333333703, 0.3333333333333333703, 0.3333333333333333703, 0.3333333333333333703, 0.3333333333333333703, 0.3333333333333333703, 0.3333333333333333703, 0.3333333333333333703, 0.3333333333333333703, 0.3333333333333333703, 0.3333333333333333703, 0.3333333333333333703, 0.3333333333333333703, 0.3333333333333333703, 0.3333333333333333703, 0.3333333333333333703, 0.3333333333333333703, 0.3333333333333333703, 0.3333333333333333703, 0.3333333333333333703, 0.3333333333333333703, 0.3333333333333333703, 0.3333333333333333703, 0.3333333333333333703, 0.3333333333333333703, 0.3333333333333333703, 0.3333333333333333703, 0.3333333333333333703, 0.3333333333333333703, 0.3333333333333333703, 0.3333333333333333703, 0.3333333333333333703, 0.3333333333333333703),
 ( 1.000000000000000000, 1.000000000000000000, 1.000000000000000000, 1.000000000000000000, 1.000000000000000000, 1.000000000000000000, 1.000000000000000000, 1.000000000000000000, 1.000000000000000000, 1.000000000000000000, 1.000000000000000000, 1.000000000000000000, 1.000000000000000000, 1.000000000000000000, 1.000000000000000000, 1.000000000000000000, 1.000000000000000000, 1.000000000000000000, 1.000000000000000000, 1.000000000000000000, 1.000000000000000000, 1.000000000000000000, 1.000000000000000000, 1.000000000000000000, 1.000000000000000000, 1.000000000000000000, 1.000000000000000000, 1.000000000000000000, 1.000000000000000000, 1.000000000000000000, 1.000000000000000000, 1.000000000000000000, 1.000000000000000000, 1.000000000000000000, 1.000000000000000000, 1.000000000000000000, 1.000000000000000000, 1.000000000000000000, 1.000000000000000000, 1.000000000000000000, 1.000000000000000000, 1.000000000000000000, 1.000000000000000000, 1.000000000000000000, 1.000000000000000000, 1.000000000000000000, 1.000000000000000000, 1.000000000000000000, 1.000000000000000000, 1.000000000000000000, 1.000000000000000000, 1.000000000000000000, 1.000000000000000000, 1.000000000000000000, 1.000000000000000000, 1.000000000000000000, 1.000000000000000000, 1.000000000000000000),
 ( 0.3333333333333333703, 0.3333333333333333703, 0.3333333333333333703, 0.3333333333333333703, 0.3333333333333333703, 0.3333333333333333703, 0.3333333333333333703, 0.3333333333333333703, 0.3333333333333333703, 0.3333333333333333703, 0.3333333333333333703, 0.3333333333333333703, 0.3333333333333333703, 0.3333333333333333703, 0.3333333333333333703, 0.3333333333333333703, 0.3333333333333333703, 0.3333333333333333703, 0.3333333333333333703, 0.3333333333333333703, 0.3333333333333333703, 0.3333333333333333703, 0.3333333333333333703, 0.3333333333333333703, 0.3333333333333333703, 0.3333333333333333703, 0.3333333333333333703, 0.3333333333333333703, 0.3333333333333333703, 0.3333333333333333703, 0.3333333333333333703, 0.3333333333333333703, 0.3333333333333333703, 0.3333333333333333703, 0.3333333333333333703, 0.3333333333333333703, 0.3333333333333333703, 0.3333333333333333703, 0.3333333333333333703, 0.3333333333333333703, 0.3333333333333333703, 0.3333333333333333703, 0.3333333333333333703, 0.3333333333333333703, 0.3333333333333333703, 0.3333333333333333703, 0.3333333333333333703, 0.3333333333333333703, 0.3333333333333333703, 0.3333333333333333703, 0.3333333333333333703, 0.3333333333333333703, 0.3333333333333333703, 0.3333333333333333703, 0.3333333333333333703, 0.3333333333333333703, 0.3333333333333333703, 0.3333333333333333703),
 ( 0.3333333333333333703, 0.3333333333333333703, 0.3333333333333333703, 0.3333333333333333703, 0.3333333333333333703, 0.3333333333333333703, 0.3333333333333333703, 0.3333333333333333703, 0.3333333333333333703, 0.3333333333333333703, 0.3333333333333333703, 0.3333333333333333703, 0.3333333333333333703, 0.3333333333333333703, 0.3333333333333333703, 0.3333333333333333703, 0.3333333333333333703, 0.3333333333333333703, 0.3333333333333333703, 0.3333333333333333703, 0.3333333333333333703, 0.3333333333333333703, 0.3333333333333333703, 0.3333333333333333703, 0.3333333333333333703, 0.3333333333333333703, 0.3333333333333333703, 0.3333333333333333703, 0.3333333333333333703, 0.3333333333333333703, 0.3333333333333333703, 0.3333333333333333703, 0.3333333333333333703, 0.3333333333333333703, 0.3333333333333333703, 0.3333333333333333703, 0.3333333333333333703, 0.3333333333333333703, 0.3333333333333333703, 0.3333333333333333703, 0.3333333333333333703, 0.3333333333333333703, 0.3333333333333333703, 0.3333333333333333703, 0.3333333333333333703, 0.3333333333333333703, 0.3333333333333333703, 0.3333333333333333703, 0.3333333333333333703, 0.3333333333333333703, 0.3333333333333333703, 0.3333333333333333703, 0.3333333333333333703, 0.3333333333333333703, 0.3333333333333333703, 0.3333333333333333703, 0.3333333333333333703, 0.3333333333333333703),
 ( 1.000000000000000000, 1.000000000000000000, 1.000000000000000000, 1.000000000000000000, 1.000000000000000000, 1.000000000000000000, 1.000000000000000000, 1.000000000000000000, 1.000000000000000000, 1.000000000000000000, 1.000000000000000000, 1.000000000000000000, 1.000000000000000000, 1.000000000000000000, 1.000000000000000000, 1.000000000000000000, 1.000000000000000000, 1.000000000000000000, 1.000000000000000000, 1.000000000000000000, 1.000000000000000000, 1.000000000000000000, 1.000000000000000000, 1.000000000000000000, 1.000000000000000000, 1.000000000000000000, 1.000000000000000000, 1.000000000000000000, 1.000000000000000000, 1.000000000000000000, 1.000000000000000000, 1.000000000000000000, 1.000000000000000000, 1.000000000000000000, 1.000000000000000000, 1.000000000000000000, 1.000000000000000000, 1.000000000000000000, 1.000000000000000000, 1.000000000000000000, 1.000000000000000000, 1.000000000000000000, 1.000000000000000000, 1.000000000000000000, 1.000000000000000000, 1.000000000000000000, 1.000000000000000000, 1.000000000000000000, 1.000000000000000000, 1.000000000000000000, 1.000000000000000000, 1.000000000000000000, 1.000000000000000000, 1.000000000000000000, 1.000000000000000000, 1.000000000000000000, 1.000000000000000000, 1.000000000000000000) ) ) 
 REPRESENTATION_ITEM ( '' )  SURFACE ( )  );
#172 = EDGE_LOOP ( 'NONE', ( #6100, #5890, #3845, #1052, #3947 ) ) ;
#173 = CARTESIAN_POINT ( 'NONE',  ( 52.10000000000000142, 0.4213937420129920119, -0.8250000000000289324 ) ) ;
#174 = CARTESIAN_POINT ( 'NONE',  ( 48.00451966079844368, 3.658702805382704426, 0.4228434082003750261 ) ) ;
#175 = VERTEX_POINT ( 'NONE', #45 ) ;
#176 = CARTESIAN_POINT ( 'NONE',  ( 31.60985403315105202, 3.093211492997045120, -0.3638939754813264593 ) ) ;
#177 = DIRECTION ( 'NONE',  ( -2.666144858838235626E-32, -1.000000000000000000, -1.861759004257252044E-46 ) ) ;
#178 = LINE ( 'NONE', #7380, #4799 ) ;
#179 = ORIENTED_EDGE ( 'NONE', *, *, #7476, .T. ) ;
#180 = CARTESIAN_POINT ( 'NONE',  ( 48.70000000000000284, 4.381393742013000470, 0.3750000000000069944 ) ) ;
#181 = EDGE_CURVE ( 'NONE', #639, #308, #4629, .T. ) ;
#182 = CARTESIAN_POINT ( 'NONE',  ( 44.33988220286944681, 3.143579380676232660, -0.8559372356345927857 ) ) ;
#183 = CARTESIAN_POINT ( 'NONE',  ( 46.32689500430943497, 3.317393999680646743, -0.05900175466205028613 ) ) ;
#184 = VECTOR ( 'NONE', #4430, 1000.000000000000000 ) ;
#185 = PLANE ( 'NONE',  #7180 ) ;
#186 = VECTOR ( 'NONE', #7847, 1000.000000000000000 ) ;
#187 = DIRECTION ( 'NONE',  ( -0.7071067811865424657, -3.037114485100894890E-29, 0.7071067811865525687 ) ) ;
#188 = VECTOR ( 'NONE', #2644, 1000.000000000000227 ) ;
#189 = EDGE_LOOP ( 'NONE', ( #6900, #372, #5133, #4827, #4720, #5350 ) ) ;
#190 = DIRECTION ( 'NONE',  ( 1.219615242270666178E-14, 0.000000000000000000, 1.000000000000000000 ) ) ;
#191 = ORIENTED_EDGE ( 'NONE', *, *, #942, .T. ) ;
#192 = AXIS2_PLACEMENT_3D ( 'NONE', #5945, #1569, #3353 ) ;
#193 = VECTOR ( 'NONE', #7999, 1000.000000000000000 ) ;
#194 =( LENGTH_UNIT ( ) NAMED_UNIT ( * ) SI_UNIT ( .MILLI., .METRE. ) );
#195 = CARTESIAN_POINT ( 'NONE',  ( 32.85443694365472567, 2.845879122557499752, -0.04495457197404910399 ) ) ;
#196 = ORIENTED_EDGE ( 'NONE', *, *, #4988, .T. ) ;
#197 = CARTESIAN_POINT ( 'NONE',  ( 52.20000000000000284, 2.981393742012994785, -1.475000000000021849 ) ) ;
#198 = DIRECTION ( 'NONE',  ( -1.000000000000000000, 2.999999999999999839E-15, 0.000000000000000000 ) ) ;
#199 = AXIS2_PLACEMENT_3D ( 'NONE', #7205, #2716, #7124 ) ;
#200 = CARTESIAN_POINT ( 'NONE',  ( 44.92308027960917372, 2.798969996132055105, 0.1980693153960387809 ) ) ;
#201 = CARTESIAN_POINT ( 'NONE',  ( 42.27923264372959977, 3.339421487564969926, 0.4751061835044296799 ) ) ;
#202 = CARTESIAN_POINT ( 'NONE',  ( 31.17719321599470561, 3.792165466571497667, 0.6314013613452844620 ) ) ;
#203 = CARTESIAN_POINT ( 'NONE',  ( 45.47289882265589256, 2.446307647866492019, -0.2133171392302520564 ) ) ;
#204 = CARTESIAN_POINT ( 'NONE',  ( 46.38117082045368278, 2.920833406590060299, -0.05867563128563312025 ) ) ;
#205 = EDGE_CURVE ( 'NONE', #2137, #6992, #2159, .T. ) ;
#206 = CARTESIAN_POINT ( 'NONE',  ( 40.70957226364450321, 3.571991999291145525, 0.2870804379966734321 ) ) ;
#207 = DIRECTION ( 'NONE',  ( -0.000000000000000000, -1.000000000000000000, -0.000000000000000000 ) ) ;
#208 = LINE ( 'NONE', #4266, #5177 ) ;
#209 = CARTESIAN_POINT ( 'NONE',  ( 51.29999999999999716, 4.381393742012985371, 1.474999999999999867 ) ) ;
#210 = CARTESIAN_POINT ( 'NONE',  ( 35.54090169495732709, 3.229947571226821967, -0.8140653903592240948 ) ) ;
#211 = VECTOR ( 'NONE', #4732, 999.9999999999998863 ) ;
#212 = DIRECTION ( 'NONE',  ( -6.411560504908934199E-15, 0.1643989873053590955, -0.9863939238321435266 ) ) ;
#213 = ADVANCED_FACE ( 'NONE', ( #91 ), #7946, .F. ) ;
#214 = CARTESIAN_POINT ( 'NONE',  ( 45.14333685535501672, 3.417866292783676041, -0.3984402521576851375 ) ) ;
#215 = CARTESIAN_POINT ( 'NONE',  ( 30.16396079160432819, 3.440157678561483579, -1.018107820497000882 ) ) ;
#216 = LINE ( 'NONE', #4042, #26 ) ;
#217 = VECTOR ( 'NONE', #3731, 1000.000000000000000 ) ;
#218 = CARTESIAN_POINT ( 'NONE',  ( 31.34981945619846044, 3.479478850433995074, -0.04267824210612679997 ) ) ;
#219 = EDGE_CURVE ( 'NONE', #3115, #6452, #758, .T. ) ;
#220 = ORIENTED_EDGE ( 'NONE', *, *, #1320, .F. ) ;
#221 = CARTESIAN_POINT ( 'NONE',  ( 46.29541976154579430, 3.604253717754538844, 0.4492394956755573765 ) ) ;
#222 = CARTESIAN_POINT ( 'NONE',  ( 48.70000000000000284, 2.531393742012994608, 0.8249999999999999556 ) ) ;
#223 = ORIENTED_EDGE ( 'NONE', *, *, #5293, .T. ) ;
#224 = CARTESIAN_POINT ( 'NONE',  ( 25.13395495143924663, 1.727156155566249351, -4.285748435792597455 ) ) ;
#225 = ORIENTED_EDGE ( 'NONE', *, *, #6937, .T. ) ;
#226 = CARTESIAN_POINT ( 'NONE',  ( 48.70000000000000995, 3.256393742013003134, -0.6249999999999985567 ) ) ;
#227 = AXIS2_PLACEMENT_3D ( 'NONE', #1261, #2605, #1183 ) ;
#228 = ORIENTED_EDGE ( 'NONE', *, *, #3532, .T. ) ;
#229 = DIRECTION ( 'NONE',  ( 2.783159565502900135E-15, 1.000000000000000000, 2.999999999999999839E-15 ) ) ;
#230 = CARTESIAN_POINT ( 'NONE',  ( 36.91256597706634324, 3.361501372307170055, -0.4707142213603056069 ) ) ;
#231 = CARTESIAN_POINT ( 'NONE',  ( 46.82317342642996039, 3.439744536586724521, -0.6123345544546273667 ) ) ;
#232 = ADVANCED_FACE ( 'NONE', ( #5918 ), #7232, .T. ) ;
#233 = CYLINDRICAL_SURFACE ( 'NONE', #7867, 9.750000000000000000 ) ;
#234 = CARTESIAN_POINT ( 'NONE',  ( 48.12918411396465501, 3.256393742012991588, 0.8250000000000082823 ) ) ;
#235 = VERTEX_POINT ( 'NONE', #4036 ) ;
#236 = LINE ( 'NONE', #8108, #2160 ) ;
#237 = ORIENTED_EDGE ( 'NONE', *, *, #850, .F. ) ;
#238 =( NAMED_UNIT ( * ) SI_UNIT ( $, .STERADIAN. ) SOLID_ANGLE_UNIT ( ) );
#239 = CARTESIAN_POINT ( 'NONE',  ( 41.40957226364646715, 3.400847258516603855, -0.4014356977654928715 ) ) ;
#240 = PLANE ( 'NONE',  #1158 ) ;
#241 = CARTESIAN_POINT ( 'NONE',  ( 34.50111893992895773, 2.953146955161982223, -0.3726542400497701024 ) ) ;
#242 = CARTESIAN_POINT ( 'NONE',  ( 32.67316918524453939, 3.941350827344536345, 0.5255028803904727708 ) ) ;
#243 = CARTESIAN_POINT ( 'NONE',  ( 41.42325718064624596, 2.757641064093760086, 0.007962229535707283576 ) ) ;
#244 = CARTESIAN_POINT ( 'NONE',  ( 48.70000000000000284, 3.981393742013000114, 0.1250000000000026090 ) ) ;
#245 = CARTESIAN_POINT ( 'NONE',  ( 46.67348841029671291, 2.963416067151193545, -0.1220894337825126214 ) ) ;
#246 = DIRECTION ( 'NONE',  ( -2.999999999999999839E-15, -1.000000000000000000, -2.999999999999999839E-15 ) ) ;
#247 = CARTESIAN_POINT ( 'NONE',  ( 45.19326561752586713, 3.155200407643679483, -0.2065810236777426423 ) ) ;
#248 = CARTESIAN_POINT ( 'NONE',  ( 24.96791241634318226, 1.577156155566248996, -5.508069892759424491 ) ) ;
#249 = CARTESIAN_POINT ( 'NONE',  ( 29.64522546132994307, 2.885171124024292322, 1.008088419775262867 ) ) ;
#250 = CARTESIAN_POINT ( 'NONE',  ( 33.67423468701937139, 3.282839394669748945, 0.8140657627429630505 ) ) ;
#251 = PLANE ( 'NONE',  #2642 ) ;
#252 = EDGE_CURVE ( 'NONE', #645, #6738, #4669, .T. ) ;
#253 = CARTESIAN_POINT ( 'NONE',  ( 36.74340948601911094, 2.858261358957955078, -0.1611559191274506975 ) ) ;
#254 = CARTESIAN_POINT ( 'NONE',  ( 30.97928004954311731, 3.312636197705712604, 0.3744479239730426623 ) ) ;
#255 = CARTESIAN_POINT ( 'NONE',  ( 31.41595238962310077, 2.980402538908984766, -0.3239227492340394643 ) ) ;
#256 = ORIENTED_EDGE ( 'NONE', *, *, #8334, .T. ) ;
#257 = ORIENTED_EDGE ( 'NONE', *, *, #307, .T. ) ;
#258 = CARTESIAN_POINT ( 'NONE',  ( 47.99175702206061800, 3.258892925116072536, 0.4226645090272053151 ) ) ;
#259 = CARTESIAN_POINT ( 'NONE',  ( 24.90850174927125593, 1.727156155566247797, 3.955311759208319788 ) ) ;
#260 = ORIENTED_EDGE ( 'NONE', *, *, #1384, .F. ) ;
#261 = AXIS2_PLACEMENT_3D ( 'NONE', #1014, #4793, #455 ) ;
#262 = CARTESIAN_POINT ( 'NONE',  ( 48.70000000000000284, 2.381393742012994696, 0.8249999999999999556 ) ) ;
#263 = SURFACE_SIDE_STYLE ('',( #4279 ) ) ;
#264 = VECTOR ( 'NONE', #3445, 1000.000000000000000 ) ;
#265 = ORIENTED_EDGE ( 'NONE', *, *, #1588, .F. ) ;
#266 = CARTESIAN_POINT ( 'NONE',  ( 50.99999598302429860, 3.981431960983485396, 1.050000059073159964 ) ) ;
#267 = AXIS2_PLACEMENT_3D ( 'NONE', #5605, #1639, #2927 ) ;
#268 = VERTEX_POINT ( 'NONE', #673 ) ;
#269 = CARTESIAN_POINT ( 'NONE',  ( 51.29999999999999716, 4.381393742012989811, 1.125000000000000000 ) ) ;
#270 = CARTESIAN_POINT ( 'NONE',  ( 42.00650169854350935, 3.941349690754151869, 0.5255024107240736653 ) ) ;
#271 = CARTESIAN_POINT ( 'NONE',  ( 47.70226286916695813, 3.638609028782060495, -0.8082787275204359467 ) ) ;
#272 = DIRECTION ( 'NONE',  ( 2.999999999999999839E-15, 1.000000000000000000, 2.999999999999999839E-15 ) ) ;
#273 = DIRECTION ( 'NONE',  ( 0.000000000000000000, 2.536145432714631771E-17, 1.000000000000000000 ) ) ;
#274 = ADVANCED_FACE ( 'NONE', ( #1366 ), #3281, .F. ) ;
#275 = ORIENTED_EDGE ( 'NONE', *, *, #4096, .T. ) ;
#276 = CARTESIAN_POINT ( 'NONE',  ( 47.99175702206061800, 3.258892925116072536, 0.4226645090272053151 ) ) ;
#277 = CARTESIAN_POINT ( 'NONE',  ( 32.69854658570662309, 2.851019630124985049, 0.06783208943140121849 ) ) ;
#278 = LINE ( 'NONE', #2852, #2889 ) ;
#279 = CARTESIAN_POINT ( 'NONE',  ( 33.10111892584750848, 3.207315249665265267, 0.4779342264013854424 ) ) ;
#280 = ADVANCED_FACE ( 'NONE', ( #6634 ), #5958, .T. ) ;
#281 = CARTESIAN_POINT ( 'NONE',  ( 36.55283894184021420, 4.098961751125754560, 0.07202201126515751783 ) ) ;
#282 = CARTESIAN_POINT ( 'NONE',  ( 33.56778560552828594, 2.883739501078944389, 0.3032467866362989484 ) ) ;
#283 = CARTESIAN_POINT ( 'NONE',  ( 42.47316836610634994, 3.369144421459679517, 0.8559233146469016340 ) ) ;
#284 = DIRECTION ( 'NONE',  ( -0.4999999999999995004, 0.8660254037844390407, 6.098076211353324580E-15 ) ) ;
#285 = AXIS2_PLACEMENT_3D ( 'NONE', #4257, #1745, #8245 ) ;
#286 = CARTESIAN_POINT ( 'NONE',  ( 47.86491909266279521, 2.847637043583057359, -0.4167888517484731881 ) ) ;
#287 = DIRECTION ( 'NONE',  ( 0.9998918860475787262, -2.788709722502854453E-15, 0.01470429244186939599 ) ) ;
#288 = CARTESIAN_POINT ( 'NONE',  ( 42.45618857310268623, 3.181562051004515723, 0.07962016501407599700 ) ) ;
#289 = AXIS2_PLACEMENT_3D ( 'NONE', #2349, #1642, #7333 ) ;
#290 = LINE ( 'NONE', #7448, #4374 ) ;
#291 = LINE ( 'NONE', #5997, #4379 ) ;
#292 = CARTESIAN_POINT ( 'NONE',  ( 43.43187846828771370, 3.495049104163495457, -0.3345815584238815976 ) ) ;
#293 = CARTESIAN_POINT ( 'NONE',  ( 39.85443661562626261, 3.578459542472986143, -0.2584897402749173900 ) ) ;
#294 = CARTESIAN_POINT ( 'NONE',  ( 34.21572052400781416, 3.200470427532734696, -0.09666058147165867975 ) ) ;
#295 = CARTESIAN_POINT ( 'NONE',  ( 31.39014596684895508, 3.093211492997088641, 0.4361060245186738626 ) ) ;
#296 = DIRECTION ( 'NONE',  ( 0.000000000000000000, -0.000000000000000000, 1.000000000000000000 ) ) ;
#297 = CARTESIAN_POINT ( 'NONE',  ( 35.49854513404105205, 3.324223804794101511, 0.4053397139653678316 ) ) ;
#298 = CARTESIAN_POINT ( 'NONE',  ( 29.25444561345224059, 2.681490009521374507, 0.8796041606770028665 ) ) ;
#299 = ORIENTED_EDGE ( 'NONE', *, *, #4089, .F. ) ;
#300 = ORIENTED_EDGE ( 'NONE', *, *, #676, .T. ) ;
#301 = LINE ( 'NONE', #2872, #6889 ) ;
#302 = DIRECTION ( 'NONE',  ( -0.8200998161168383538, 9.279821423521090047E-15, -0.5722204921226851093 ) ) ;
#303 = ORIENTED_EDGE ( 'NONE', *, *, #1247, .F. ) ;
#304 = CARTESIAN_POINT ( 'NONE',  ( 48.70000000000000284, 3.981393742013000114, 0.3750000000000054956 ) ) ;
#305 = DIRECTION ( 'NONE',  ( -0.4999999999999941158, -1.098076211353347069E-15, 0.8660254037844420383 ) ) ;
#306 = CARTESIAN_POINT ( 'NONE',  ( 48.80000000000000426, 1.931393742013005177, -1.824999999999999956 ) ) ;
#307 = EDGE_CURVE ( 'NONE', #1967, #2832, #6473, .T. ) ;
#308 = VERTEX_POINT ( 'NONE', #4589 ) ;
#309 = CARTESIAN_POINT ( 'NONE',  ( 29.32641739690356886, 2.893902494939893710, 1.245420415730013053 ) ) ;
#310 = ORIENTED_EDGE ( 'NONE', *, *, #648, .T. ) ;
#311 = CARTESIAN_POINT ( 'NONE',  ( 31.68905017659830037, 3.370769151286080234, 0.3842674699572761199 ) ) ;
#312 = CARTESIAN_POINT ( 'NONE',  ( 0.000000000000000000, 4.400000000000001243, 0.000000000000000000 ) ) ;
#313 = CARTESIAN_POINT ( 'NONE',  ( 38.73983503186035193, 3.369144420004901885, 0.8559233143172648717 ) ) ;
#314 = CARTESIAN_POINT ( 'NONE',  ( 45.68523837014541300, 3.265695407226043123, 0.1094376238979963695 ) ) ;
#315 = CARTESIAN_POINT ( 'NONE',  ( 24.80886276129695389, 2.935479234257819758, -4.024834358300811488 ) ) ;
#316 = EDGE_CURVE ( 'NONE', #3767, #681, #2623, .T. ) ;
#317 = COLOUR_RGB ( '',0.7921568627450980005, 0.8196078431372548767, 0.9333333333333333481 ) ;
#318 = DIRECTION ( 'NONE',  ( -1.000000000000000000, 2.999999999999999839E-15, 0.000000000000000000 ) ) ;
#319 = ORIENTED_EDGE ( 'NONE', *, *, #316, .F. ) ;
#320 = CARTESIAN_POINT ( 'NONE',  ( 47.21748633108274618, 3.373069724619973009, 0.3124592270551822537 ) ) ;
#321 = ADVANCED_FACE ( 'NONE', ( #5196 ), #5233, .F. ) ;
#322 = ORIENTED_EDGE ( 'NONE', *, *, #5849, .F. ) ;
#323 = PLANE ( 'NONE',  #7811 ) ;
#324 = CARTESIAN_POINT ( 'NONE',  ( 33.32110331287330496, 2.997903979852758471, -0.3220657735985721914 ) ) ;
#325 = CARTESIAN_POINT ( 'NONE',  ( 44.52110031537073098, 3.514875088364091127, 0.3220305819355014365 ) ) ;
#326 = CIRCLE ( 'NONE', #8308, 0.2000000000000001499 ) ;
#327 = CARTESIAN_POINT ( 'NONE',  ( 41.96778560660151669, 2.953146955150987019, -0.3726542400550396095 ) ) ;
#328 = CARTESIAN_POINT ( 'NONE',  ( 42.07423502829298911, 2.442328351647225837, 0.02644617077584467471 ) ) ;
#329 = CARTESIAN_POINT ( 'NONE',  ( 31.46345359729858160, 3.473434451797280609, -0.4157325300427279768 ) ) ;
#330 = EDGE_CURVE ( 'NONE', #2294, #5817, #7642, .T. ) ;
#331 = CARTESIAN_POINT ( 'NONE',  ( 44.33988220286944681, 3.143579380676232660, -0.8559372356345927857 ) ) ;
#332 = DIRECTION ( 'NONE',  ( -7.000000000000000150E-15, 2.999999999999999839E-15, -1.000000000000000000 ) ) ;
#333 = CARTESIAN_POINT ( 'NONE',  ( 45.78541943070504772, 2.861466138237983792, -0.3252017739257861972 ) ) ;
#334 = DIRECTION ( 'NONE',  ( 5.373696741271740343E-15, -2.999999999999999839E-15, 1.000000000000000000 ) ) ;
#335 = VECTOR ( 'NONE', #7322, 1000.000000000000000 ) ;
#336 = ORIENTED_EDGE ( 'NONE', *, *, #5306, .F. ) ;
#337 = CARTESIAN_POINT ( 'NONE',  ( 37.24905385702755467, 3.367097400702046883, -0.01467600239845065144 ) ) ;
#338 = CARTESIAN_POINT ( 'NONE',  ( 48.70000000000000284, 2.381393742013000026, 0.4249999999999999889 ) ) ;
#339 = DIRECTION ( 'NONE',  ( -2.999999999999999839E-15, -1.000000000000000000, -2.999999999999999839E-15 ) ) ;
#340 = AXIS2_PLACEMENT_3D ( 'NONE', #7221, #1882, #2504 ) ;
#341 = CARTESIAN_POINT ( 'NONE',  ( 52.29999999999999716, 3.381393742012989811, -0.8000000000000210276 ) ) ;
#342 = CARTESIAN_POINT ( 'NONE',  ( 29.37041205382674391, 2.677449584574592478, 0.7918155573476504117 ) ) ;
#343 = CARTESIAN_POINT ( 'NONE',  ( 42.18776994895921462, 2.845878982307471272, -0.04495506327772768457 ) ) ;
#344 = CARTESIAN_POINT ( 'NONE',  ( 33.63187848229765819, 3.324223817062423425, 0.4053400320341014051 ) ) ;
#345 = ADVANCED_FACE ( 'NONE', ( #7913 ), #710, .F. ) ;
#346 = CARTESIAN_POINT ( 'NONE',  ( 32.65623158784674729, 3.259751714035564074, 0.1092736210124415908 ) ) ;
#347 = CARTESIAN_POINT ( 'NONE',  ( 30.38542347618798800, 3.590567636690245923, 0.3941840293075271617 ) ) ;
#348 = CARTESIAN_POINT ( 'NONE',  ( 31.76541706525373598, 3.319972528461555328, 0.3974505745560665271 ) ) ;
#349 = CARTESIAN_POINT ( 'NONE',  ( 31.51002320087813047, 3.031687948793192700, -0.3382121326378996762 ) ) ;
#350 = EDGE_LOOP ( 'NONE', ( #2890, #1258, #5505, #2529 ) ) ;
#351 = ORIENTED_EDGE ( 'NONE', *, *, #7476, .F. ) ;
#352 = CARTESIAN_POINT ( 'NONE',  ( 49.09999999999999432, 4.531393742012990167, 2.125000000000000000 ) ) ;
#353 = DIRECTION ( 'NONE',  ( -0.000000000000000000, -1.000000000000000000, -0.000000000000000000 ) ) ;
#354 = ORIENTED_EDGE ( 'NONE', *, *, #7640, .F. ) ;
#355 = DIRECTION ( 'NONE',  ( -1.000000000000000000, 2.999999999999999839E-15, 0.000000000000000000 ) ) ;
#356 = CARTESIAN_POINT ( 'NONE',  ( 29.26596775313396037, 3.063726198661242961, 1.158784682787478815 ) ) ;
#357 = AXIS2_PLACEMENT_3D ( 'NONE', #2342, #4812, #6268 ) ;
#358 = ORIENTED_EDGE ( 'NONE', *, *, #6196, .T. ) ;
#359 = CARTESIAN_POINT ( 'NONE',  ( 49.29999999999999716, 3.981393742013000114, -1.474999999999999867 ) ) ;
#360 = ORIENTED_EDGE ( 'NONE', *, *, #330, .F. ) ;
#361 = CARTESIAN_POINT ( 'NONE',  ( 32.31007928061278989, 2.955161476144765320, 0.3061561758467100103 ) ) ;
#362 = CARTESIAN_POINT ( 'NONE',  ( 8.050000000000000711, -2.146246611364780191E-31, 5.621284955537445964E-14 ) ) ;
#363 = CARTESIAN_POINT ( 'NONE',  ( 35.32158920464762275, 2.937768527785133088, 0.8033859624288781642 ) ) ;
#364 = FACE_OUTER_BOUND ( 'NONE', #4774, .T. ) ;
#365 = EDGE_CURVE ( 'NONE', #1075, #3868, #5883, .T. ) ;
#366 = DIRECTION ( 'NONE',  ( -0.5000000000000061062, 4.098076211353317325E-15, -0.8660254037844351549 ) ) ;
#367 = ORIENTED_EDGE ( 'NONE', *, *, #1122, .T. ) ;
#368 = CARTESIAN_POINT ( 'NONE',  ( 46.38117082045368278, 3.591954077435945081, 0.05867563128566699593 ) ) ;
#369 = ORIENTED_EDGE ( 'NONE', *, *, #3162, .T. ) ;
#370 = DIRECTION ( 'NONE',  ( 2.999999999999999839E-15, 1.000000000000000000, 2.891205793294675072E-15 ) ) ;
#371 = CARTESIAN_POINT ( 'NONE',  ( 39.65618857310929002, 3.336013907015392022, 0.07483169100082860681 ) ) ;
#372 = ORIENTED_EDGE ( 'NONE', *, *, #7540, .F. ) ;
#373 = CARTESIAN_POINT ( 'NONE',  ( 41.64340948601829240, 2.955146419932334290, 0.3061546596491403482 ) ) ;
#374 = CARTESIAN_POINT ( 'NONE',  ( 36.91256597706635034, 3.151286111718891725, 0.4707142213604720293 ) ) ;
#375 = CARTESIAN_POINT ( 'NONE',  ( 43.87317348622793389, 2.571431496593846511, -0.5254983801970691815 ) ) ;
#376 = CARTESIAN_POINT ( 'NONE',  ( 50.39949548389100187, 4.631393742012989811, 1.074999999999999956 ) ) ;
#377 = DIRECTION ( 'NONE',  ( 1.000000000000000000, -2.999999999999999839E-15, -7.000000000000000150E-15 ) ) ;
#378 = CARTESIAN_POINT ( 'NONE',  ( 51.00000000000000000, 1.831393742012995096, -0.4500000000000169975 ) ) ;
#379 = ORIENTED_EDGE ( 'NONE', *, *, #4263, .F. ) ;
#380 = CARTESIAN_POINT ( 'NONE',  ( 43.54905347405693306, 3.200470297205841863, -0.09666000034101582261 ) ) ;
#381 = EDGE_CURVE ( 'NONE', #1201, #7846, #6806, .T. ) ;
#382 = CARTESIAN_POINT ( 'NONE',  ( 31.51002320087813757, 3.481099535232901498, 0.3382121326381417603 ) ) ;
#383 = CARTESIAN_POINT ( 'NONE',  ( 48.70000000000000284, 1.631393742013000026, -1.400000000000000069E-15 ) ) ;
#384 = DIRECTION ( 'NONE',  ( -0.1045284632676499736, 0.9945218953682737340, 0.000000000000000000 ) ) ;
#385 = CARTESIAN_POINT ( 'NONE',  ( 45.45421155199282737, 2.945328045282160190, 0.2538312578386329177 ) ) ;
#386 = CARTESIAN_POINT ( 'NONE',  ( 32.85443694365472567, 2.845879122557499752, -0.04495457197404910399 ) ) ;
#387 = CARTESIAN_POINT ( 'NONE',  ( 31.65018054380155021, 3.479478850434024384, 0.7573217578938699068 ) ) ;
#388 = FILL_AREA_STYLE_COLOUR ( '', #4868 ) ;
#389 = CARTESIAN_POINT ( 'NONE',  ( 37.28776994896031738, 3.140829607577540816, -0.3964697422149614514 ) ) ;
#390 = CARTESIAN_POINT ( 'NONE',  ( 29.58491703248251525, 2.888308474261557901, 1.055561162576485135 ) ) ;
#391 = ADVANCED_FACE ( 'NONE', ( #3578 ), #7402, .T. ) ;
#392 = EDGE_LOOP ( 'NONE', ( #3553, #3014, #1806, #7513 ) ) ;
#393 = VERTEX_POINT ( 'NONE', #6763 ) ;
#394 = DIRECTION ( 'NONE',  ( 1.000000000000000000, -2.999999999999999839E-15, -7.000000000000000150E-15 ) ) ;
#395 = ORIENTED_EDGE ( 'NONE', *, *, #6744, .F. ) ;
#396 = CARTESIAN_POINT ( 'NONE',  ( 48.50000000000000000, 3.981393742013000114, -0.3172649730810330193 ) ) ;
#397 = CARTESIAN_POINT ( 'NONE',  ( 48.70000000000000284, 2.381393742013000026, -0.8249999999999999556 ) ) ;
#398 = CARTESIAN_POINT ( 'NONE',  ( 48.59999999999999432, 2.531393742012999937, 0.1250000000000000000 ) ) ;
#399 = EDGE_LOOP ( 'NONE', ( #1228, #4519, #2061, #828 ) ) ;
#400 = ORIENTED_EDGE ( 'NONE', *, *, #4984, .F. ) ;
#401 = CARTESIAN_POINT ( 'NONE',  ( 52.10000000000000142, 4.381393742012989811, -0.8250000000000170530 ) ) ;
#402 = DIRECTION ( 'NONE',  ( 0.000000000000000000, 0.000000000000000000, -1.000000000000000000 ) ) ;
#403 = AXIS2_PLACEMENT_3D ( 'NONE', #6758, #6844, #7534 ) ;
#404 = AXIS2_PLACEMENT_3D ( 'NONE', #383, #2326, #1065 ) ;
#405 = CARTESIAN_POINT ( 'NONE',  ( 25.97062115303515739, 3.730461837990918461, -3.701968832127108922 ) ) ;
#406 = AXIS2_PLACEMENT_3D ( 'NONE', #4239, #5000, #5468 ) ;
#407 = ORIENTED_EDGE ( 'NONE', *, *, #8142, .T. ) ;
#408 = CARTESIAN_POINT ( 'NONE',  ( 47.81272921212165272, 3.266783311398406831, 0.8152523333722716536 ) ) ;
#409 = EDGE_LOOP ( 'NONE', ( #4579, #3928, #1210, #3336 ) ) ;
#410 = CARTESIAN_POINT ( 'NONE',  ( 34.72110328229667431, 2.845878982300857896, -0.04495506328104605792 ) ) ;
#411 = CARTESIAN_POINT ( 'NONE',  ( 39.81572052368412074, 3.312317056335720267, 0.09666058144965852805 ) ) ;
#412 = CARTESIAN_POINT ( 'NONE',  ( 44.33988220286946103, 3.369208103349785599, 0.8559372356346551802 ) ) ;
#413 = CARTESIAN_POINT ( 'NONE',  ( 52.44999999999999574, 2.081393742012984660, 1.474999999999973888 ) ) ;
#414 = DIRECTION ( 'NONE',  ( 2.999999999999999839E-15, 1.000000000000000000, 2.999999999999999839E-15 ) ) ;
#415 = DIRECTION ( 'NONE',  ( 0.000000000000000000, 0.1643989873053600392, -0.9863939238321433045 ) ) ;
#416 = ORIENTED_EDGE ( 'NONE', *, *, #4968, .T. ) ;
#417 = CARTESIAN_POINT ( 'NONE',  ( 33.37020974092649794, 3.020536819543884643, -0.01406576274270774328 ) ) ;
#418 = CARTESIAN_POINT ( 'NONE',  ( 29.38457700004529372, 3.618884989086212922, -1.204839847270405384 ) ) ;
#419 = DIRECTION ( 'NONE',  ( -0.9998918860475783932, 2.955562780817105814E-15, 0.01470429244188330674 ) ) ;
#420 = CARTESIAN_POINT ( 'NONE',  ( 25.22700451201816207, 1.537818692689173261, 3.733078070015822369 ) ) ;
#421 = DIRECTION ( 'NONE',  ( 2.783159565502900135E-15, 1.000000000000000000, 2.999999999999999839E-15 ) ) ;
#422 = CARTESIAN_POINT ( 'NONE',  ( 35.96521180070424606, 3.495049105062414618, -0.3345815577606217062 ) ) ;
#423 = CARTESIAN_POINT ( 'NONE',  ( 43.08238716858401318, 3.364286830061374634, 0.02880556816296311190 ) ) ;
#424 = CARTESIAN_POINT ( 'NONE',  ( 30.89994783366332598, 3.713363360494824406, 0.1023232800367804285 ) ) ;
#425 = CARTESIAN_POINT ( 'NONE',  ( 48.70000000000000284, 4.381393742013000470, -0.8750000000000000000 ) ) ;
#426 = CARTESIAN_POINT ( 'NONE',  ( 32.31007928061278989, 2.955161476144765320, 0.3061561758467100103 ) ) ;
#427 = AXIS2_PLACEMENT_3D ( 'NONE', #3039, #8167, #4388 ) ;
#428 = ORIENTED_EDGE ( 'NONE', *, *, #1543, .F. ) ;
#429 = EDGE_CURVE ( 'NONE', #6154, #7662, #6127, .T. ) ;
#430 = VERTEX_POINT ( 'NONE', #1580 ) ;
#431 = CARTESIAN_POINT ( 'NONE',  ( -1.333072429419117847E-33, -0.05000000000000000278, -9.308795021286259977E-48 ) ) ;
#432 = CARTESIAN_POINT ( 'NONE',  ( 30.95894478463011623, 3.001256909120548766, 0.2883637331983465169 ) ) ;
#433 = ORIENTED_EDGE ( 'NONE', *, *, #7432, .F. ) ;
#434 = DIRECTION ( 'NONE',  ( 0.000000000000000000, 0.000000000000000000, -1.000000000000000000 ) ) ;
#435 = CARTESIAN_POINT ( 'NONE',  ( 43.21256597496826402, 2.781287557595339521, 0.08302774416284026959 ) ) ;
#436 = EDGE_CURVE ( 'NONE', #1260, #6413, #290, .T. ) ;
#437 = CARTESIAN_POINT ( 'NONE',  ( 31.80498751362983967, 3.275020281688270973, 0.7962491037784253933 ) ) ;
#438 = EDGE_LOOP ( 'NONE', ( #275, #3591, #3029, #4529 ) ) ;
#439 = ORIENTED_EDGE ( 'NONE', *, *, #6015, .T. ) ;
#440 = CARTESIAN_POINT ( 'NONE',  ( 43.43187846828772081, 3.017738379862527243, 0.3345815584239568152 ) ) ;
#441 = LINE ( 'NONE', #2971, #5812 ) ;
#442 = CARTESIAN_POINT ( 'NONE',  ( 33.45492215036990302, 3.575019509267540307, -0.8033856986748011408 ) ) ;
#443 = CARTESIAN_POINT ( 'NONE',  ( 25.08931720340075699, 2.690539500765623870, -3.829148692087024131 ) ) ;
#444 =( NAMED_UNIT ( * ) PLANE_ANGLE_UNIT ( ) SI_UNIT ( $, .RADIAN. ) );
#446 = EDGE_CURVE ( 'NONE', #6915, #6342, #7192, .T. ) ;
#445 = ORIENTED_EDGE ( 'NONE', *, *, #1543, .T. ) ;
#447 = CARTESIAN_POINT ( 'NONE',  ( 48.16494492839986918, 3.256393742012991588, 0.8250000000000078382 ) ) ;
#448 = EDGE_LOOP ( 'NONE', ( #3908, #2728, #6405, #7004 ) ) ;
#449 = CARTESIAN_POINT ( 'NONE',  ( 33.78776995121341997, 3.211438680359668840, 0.4105147599306732675 ) ) ;
#450 = DIRECTION ( 'NONE',  ( 2.602085213965210642E-17, -2.775557561562891043E-17, -1.000000000000000000 ) ) ;
#451 = CARTESIAN_POINT ( 'NONE',  ( 32.65623158784674729, 3.259751714035564074, 0.1092736210124415908 ) ) ;
#452 = CARTESIAN_POINT ( 'NONE',  ( 37.57316836516714176, 2.508771526968621046, 0.4317157153933716129 ) ) ;
#453 = AXIS2_PLACEMENT_3D ( 'NONE', #3189, #2564, #6456 ) ;
#454 = CARTESIAN_POINT ( 'NONE',  ( 35.93983503185041428, 2.400470427706821841, 0.1127506779706164003 ) ) ;
#455 = DIRECTION ( 'NONE',  ( -0.8137334712067331166, 0.5812381937190991277, 0.000000000000000000 ) ) ;
#456 = CARTESIAN_POINT ( 'NONE',  ( 48.54803847577289844, 2.501393742012999688, -0.3950000000000000178 ) ) ;
#457 = LINE ( 'NONE', #4210, #2091 ) ;
#458 = ORIENTED_EDGE ( 'NONE', *, *, #3821, .F. ) ;
#459 = CARTESIAN_POINT ( 'NONE',  ( 39.90354274948521862, 3.242328351648336771, 0.2358574302340686324 ) ) ;
#460 = LINE ( 'NONE', #4343, #2760 ) ;
#461 = CARTESIAN_POINT ( 'NONE',  ( 26.45258507211082843, 2.688468551124536532, 2.877935442932887611 ) ) ;
#462 = CARTESIAN_POINT ( 'NONE',  ( 48.70000000000000284, 3.981393742013000114, -0.3749999999999945599 ) ) ;
#463 = CARTESIAN_POINT ( 'NONE',  ( 45.41271665538884150, 3.312241749976733818, 0.09172235332779010708 ) ) ;
#464 = CARTESIAN_POINT ( 'NONE',  ( 42.23687608278921601, 3.079671620794495190, 0.1568306554290243016 ) ) ;
#465 = DIRECTION ( 'NONE',  ( -7.000000000000000150E-15, 2.999999999999999839E-15, -1.000000000000000000 ) ) ;
#466 = CYLINDRICAL_SURFACE ( 'NONE', #2847, 0.2999999999999999334 ) ;
#467 = VECTOR ( 'NONE', #6344, 1000.000000000000000 ) ;
#468 = VECTOR ( 'NONE', #3327, 1000.000000000000000 ) ;
#469 = ADVANCED_FACE ( 'NONE', ( #4752 ), #2369, .T. ) ;
#470 = CARTESIAN_POINT ( 'NONE',  ( 37.59854513404337695, 3.348843728336661663, -0.4004425066835425318 ) ) ;
#471 = FACE_OUTER_BOUND ( 'NONE', #2671, .T. ) ;
#472 = AXIS2_PLACEMENT_3D ( 'NONE', #4205, #6753, #4742 ) ;
#473 = ORIENTED_EDGE ( 'NONE', *, *, #6832, .T. ) ;
#474 = DIRECTION ( 'NONE',  ( -1.000000000000000000, 2.999999999999999839E-15, 7.000000000000000150E-15 ) ) ;
#475 = CARTESIAN_POINT ( 'NONE',  ( 48.50000000000000000, 2.531393742012999937, 0.3672649730810374491 ) ) ;
#476 = VECTOR ( 'NONE', #8344, 1000.000000000000000 ) ;
#477 = CARTESIAN_POINT ( 'NONE',  ( 31.25723606179801095, 3.473387636144853019, -0.07778767790396987070 ) ) ;
#478 = ORIENTED_EDGE ( 'NONE', *, *, #3532, .F. ) ;
#479 = CARTESIAN_POINT ( 'NONE',  ( 48.80000000000000426, 1.931393742012995185, 1.824999999999999956 ) ) ;
#480 = DIRECTION ( 'NONE',  ( -0.8200998161168339129, 0.000000000000000000, 0.5722204921226915486 ) ) ;
#481 = CARTESIAN_POINT ( 'NONE',  ( 52.29999999999999716, 3.381393742012989811, 0.4499999999999784728 ) ) ;
#482 = VECTOR ( 'NONE', #5588, 1000.000000000000000 ) ;
#483 = VECTOR ( 'NONE', #7896, 1000.000000000000000 ) ;
#484 = CARTESIAN_POINT ( 'NONE',  ( 48.16494492839986208, 3.256393742012991588, 0.6250000000000076605 ) ) ;
#485 = EDGE_CURVE ( 'NONE', #6992, #6567, #2863, .T. ) ;
#486 = ORIENTED_EDGE ( 'NONE', *, *, #436, .T. ) ;
#487 = ORIENTED_EDGE ( 'NONE', *, *, #1100, .F. ) ;
#488 = CARTESIAN_POINT ( 'NONE',  ( 42.03187846737970546, 3.661733455982842944, -0.06783006277898963321 ) ) ;
#489 = LINE ( 'NONE', #5517, #6213 ) ;
#490 = CARTESIAN_POINT ( 'NONE',  ( 39.67316836520608092, 2.400470427690165831, 0.1127506780070449688 ) ) ;
#491 = AXIS2_PLACEMENT_3D ( 'NONE', #2641, #7817, #3110 ) ;
#492 = CARTESIAN_POINT ( 'NONE',  ( 37.17423502831010040, 3.592356155675370921, 0.7419778408466038977 ) ) ;
#493 = CARTESIAN_POINT ( 'NONE',  ( 25.22696988029716536, 1.539299418827543064, -3.733102234123658381 ) ) ;
#494 = CARTESIAN_POINT ( 'NONE',  ( 30.89994783366332243, 2.799424123531273345, -0.1023232800365298095 ) ) ;
#495 = VERTEX_POINT ( 'NONE', #6850 ) ;
#496 = CARTESIAN_POINT ( 'NONE',  ( 45.68523837014541300, 3.247092076799967142, -0.1094376238979527377 ) ) ;
#497 = ORIENTED_EDGE ( 'NONE', *, *, #2180, .T. ) ;
#498 = EDGE_CURVE ( 'NONE', #566, #7526, #4938, .T. ) ;
#499 = CARTESIAN_POINT ( 'NONE',  ( 25.16892910348343904, 2.295443270631495558, -4.261345398381744864 ) ) ;
#500 = CARTESIAN_POINT ( 'NONE',  ( 44.48234321966224769, 3.159796843891492291, 0.05593924479911753511 ) ) ;
#501 = CARTESIAN_POINT ( 'NONE',  ( 39.38776994895974326, 3.301348805301261180, -0.4105147597247298386 ) ) ;
#502 = ADVANCED_FACE ( 'NONE', ( #4126 ), #2906, .T. ) ;
#503 = CARTESIAN_POINT ( 'NONE',  ( 34.53983503185725823, 3.941349690741782652, 0.5255024107356290886 ) ) ;
#504 = CARTESIAN_POINT ( 'NONE',  ( 24.56989852456307233, 1.842542358373733258, 4.191570443905906274 ) ) ;
#505 = DIRECTION ( 'NONE',  ( -7.000000000000000150E-15, 2.999999999999999839E-15, -1.000000000000000000 ) ) ;
#506 = CIRCLE ( 'NONE', #763, 0.2000000000000009270 ) ;
#507 = CARTESIAN_POINT ( 'NONE',  ( 48.70000000000000284, 2.531393742012999937, -0.8249999999999999556 ) ) ;
#508 = VERTEX_POINT ( 'NONE', #6673 ) ;
#509 = CARTESIAN_POINT ( 'NONE',  ( 32.59573516476761057, 3.177930799407812312, 0.2198065823230501981 ) ) ;
#510 = VECTOR ( 'NONE', #7530, 1000.000000000000114 ) ;
#511 = CARTESIAN_POINT ( 'NONE',  ( 25.12828175689045196, 2.723343559565614580, -3.801961372281658313 ) ) ;
#512 = EDGE_LOOP ( 'NONE', ( #7654, #1315, #6356, #3222, #3151, #486, #6290, #4274, #1248, #4055, #7373, #3006, #3733, #719, #8238, #2650 ) ) ;
#513 = CARTESIAN_POINT ( 'NONE',  ( 26.07914960422881023, 2.972792225956604639, 3.626243655105322983 ) ) ;
#514 = CARTESIAN_POINT ( 'NONE',  ( 29.26596775313395327, 3.063726198661242961, 1.158784682787478815 ) ) ;
#515 = CARTESIAN_POINT ( 'NONE',  ( 33.12286000135622288, 3.331232478598080249, -0.07962264119787268446 ) ) ;
#516 = CARTESIAN_POINT ( 'NONE',  ( 32.90354688177081499, 3.433114760934236731, -0.1568228646384273728 ) ) ;
#517 = DIRECTION ( 'NONE',  ( -1.000000000000000000, 0.000000000000000000, 0.000000000000000000 ) ) ;
#518 = DIRECTION ( 'NONE',  ( 0.7745966692414824051, 0.4472135954999572061, -0.4472135954999602037 ) ) ;
#519 = CARTESIAN_POINT ( 'NONE',  ( 49.85000000000000142, 4.831393742013000647, -1.066911764705875898 ) ) ;
#520 = CARTESIAN_POINT ( 'NONE',  ( 30.28189411554972921, 3.147275264414892693, 0.1570486333577538474 ) ) ;
#521 = CARTESIAN_POINT ( 'NONE',  ( 29.52572719006993296, 3.288010611271038108, -0.8337665703337679979 ) ) ;
#522 = CARTESIAN_POINT ( 'NONE',  ( 30.82133471423613003, 3.342172258606869839, 0.1305138390993456632 ) ) ;
#523 = ORIENTED_EDGE ( 'NONE', *, *, #5916, .F. ) ;
#524 = PLANE ( 'NONE',  #891 ) ;
#525 = DIRECTION ( 'NONE',  ( 0.9998918860475787262, -3.043788535468364441E-15, 0.01470429244186939599 ) ) ;
#526 = DIRECTION ( 'NONE',  ( 0.5492701657552520045, 0.8159112450799037575, -0.1805301225927660458 ) ) ;
#527 = ORIENTED_EDGE ( 'NONE', *, *, #4958, .F. ) ;
#528 = VERTEX_POINT ( 'NONE', #888 ) ;
#529 = DIRECTION ( 'NONE',  ( -7.000000000000000150E-15, 0.000000000000000000, -1.000000000000000000 ) ) ;
#530 = CARTESIAN_POINT ( 'NONE',  ( 46.38117082045368278, 3.591954077435945081, 0.05867563128566699593 ) ) ;
#531 = EDGE_LOOP ( 'NONE', ( #6403, #4477, #1776, #3935 ) ) ;
#532 = CARTESIAN_POINT ( 'NONE',  ( 32.12008119149810881, 2.868071488740226105, 0.7506727787042895006 ) ) ;
#533 = CARTESIAN_POINT ( 'NONE',  ( 40.75283894184652667, 3.801252042306498158, 0.6467128053824580114 ) ) ;
#534 = CARTESIAN_POINT ( 'NONE',  ( 26.18767805542103844, 2.931887250075001727, -3.550518478084130347 ) ) ;
#535 = SURFACE_SIDE_STYLE ('',( #4328 ) ) ;
#536 = ORIENTED_EDGE ( 'NONE', *, *, #1838, .F. ) ;
#537 = CARTESIAN_POINT ( 'NONE',  ( 46.97811685555763717, 3.008439586159740387, 0.6781910586363250060 ) ) ;
#538 = ORIENTED_EDGE ( 'NONE', *, *, #4078, .T. ) ;
#539 = FACE_OUTER_BOUND ( 'NONE', #7261, .T. ) ;
#540 =( NAMED_UNIT ( * ) PLANE_ANGLE_UNIT ( ) SI_UNIT ( $, .RADIAN. ) );
#541 = CARTESIAN_POINT ( 'NONE',  ( 45.19326561752586713, 3.357587076382333002, 0.2065810236777931574 ) ) ;
#542 = CARTESIAN_POINT ( 'NONE',  ( 33.13983505448693023, 3.143643032144589622, -0.8559233943542249312 ) ) ;
#543 = VECTOR ( 'NONE', #4398, 1000.000000000000000 ) ;
#544 = CARTESIAN_POINT ( 'NONE',  ( 25.17552836200584210, 2.028983853716442631, 4.256740799178070134 ) ) ;
#545 = CARTESIAN_POINT ( 'NONE',  ( -11.50000000000001066, -0.05000000000000000278, 1.499999999999919842 ) ) ;
#546 = EDGE_CURVE ( 'NONE', #235, #4966, #729, .T. ) ;
#547 = VERTEX_POINT ( 'NONE', #7497 ) ;
#548 = CARTESIAN_POINT ( 'NONE',  ( 33.52906951386735557, 3.036587672722981690, -0.07846237927513713406 ) ) ;
#549 = EDGE_CURVE ( 'NONE', #5640, #5083, #7355, .T. ) ;
#550 = CARTESIAN_POINT ( 'NONE',  ( 31.60985403315105913, 3.419575991029048634, 0.3638939754815671557 ) ) ;
#551 = CARTESIAN_POINT ( 'NONE',  ( 24.57115779279680368, 1.516493618443335523, 4.190691795875304493 ) ) ;
#552 = CARTESIAN_POINT ( 'NONE',  ( 48.70000000000000284, 2.531393742013005266, -1.125000000000000000 ) ) ;
#553 = CARTESIAN_POINT ( 'NONE',  ( 31.64886276149288946, 3.152894912674102823, 0.01663925445126079872 ) ) ;
#554 = CARTESIAN_POINT ( 'NONE',  ( 43.63687606550655573, 3.270459216836597349, -0.2358574301420630903 ) ) ;
#555 = CARTESIAN_POINT ( 'NONE',  ( 31.29773790957258228, 3.161102866609445616, 0.4617878673620931518 ) ) ;
#556 = CARTESIAN_POINT ( 'NONE',  ( 0.000000000000000000, 0.5000000000000022204, -9.549999999999998934 ) ) ;
#557 = CARTESIAN_POINT ( 'NONE',  ( 45.58548561915559105, 2.450923678389273608, -0.2468940949111550209 ) ) ;
#558 = DIRECTION ( 'NONE',  ( 0.5492701657552520045, 0.8159112450799037575, -0.1805301225927660458 ) ) ;
#559 = CARTESIAN_POINT ( 'NONE',  ( 47.09055939457235951, 3.085803623373157833, -0.2585806878833139533 ) ) ;
#560 = CARTESIAN_POINT ( 'NONE',  ( 31.08450650071262089, 3.011063005702800943, 0.1908282470343214965 ) ) ;
#561 = ORIENTED_EDGE ( 'NONE', *, *, #7510, .F. ) ;
#562 = CYLINDRICAL_SURFACE ( 'NONE', #624, 0.1999999999999996225 ) ;
#563 = CARTESIAN_POINT ( 'NONE',  ( 31.51002320087813757, 3.481099535232901498, 0.3382121326381417603 ) ) ;
#564 = CARTESIAN_POINT ( 'NONE',  ( 38.15659051398019130, 3.614695289199546302, 0.3470412541901572445 ) ) ;
#565 = VECTOR ( 'NONE', #5078, 1000.000000000000000 ) ;
#566 = VERTEX_POINT ( 'NONE', #3619 ) ;
#567 = ORIENTED_EDGE ( 'NONE', *, *, #8062, .F. ) ;
#568 = CARTESIAN_POINT ( 'NONE',  ( 26.00179323022354794, 1.625412670796970716, -4.805509957458471426 ) ) ;
#569 = CARTESIAN_POINT ( 'NONE',  ( 47.33173919859419243, 2.923935195840605239, 0.7608201942701841025 ) ) ;
#570 = VECTOR ( 'NONE', #3979, 1000.000000000000000 ) ;
#571 = CARTESIAN_POINT ( 'NONE',  ( 40.94340948602382468, 3.088826077397435643, -0.3954765511323940497 ) ) ;
#572 = EDGE_CURVE ( 'NONE', #1969, #7297, #4079, .T. ) ;
#573 = CARTESIAN_POINT ( 'NONE',  ( 45.18065993969630512, 2.833744970798473428, 0.7361277485371745533 ) ) ;
#574 = CARTESIAN_POINT ( 'NONE',  ( 45.60981462212834714, 3.619905315264720702, -0.1631237060645720494 ) ) ;
#575 = ADVANCED_FACE ( 'NONE', ( #929 ), #3485, .T. ) ;
#576 = CARTESIAN_POINT ( 'NONE',  ( 31.07490818079990191, 3.388532536437959486, -0.03303112816443962152 ) ) ;
#577 = ORIENTED_EDGE ( 'NONE', *, *, #7054, .T. ) ;
#578 = CARTESIAN_POINT ( 'NONE',  ( 45.47229497646492291, 3.661574975172772639, 0.2254022645527941349 ) ) ;
#579 = ORIENTED_EDGE ( 'NONE', *, *, #3077, .F. ) ;
#580 = CARTESIAN_POINT ( 'NONE',  ( 48.59999999999999432, 2.381393742013000026, 0.4249999999999999889 ) ) ;
#581 = CARTESIAN_POINT ( 'NONE',  ( 43.21256597496826402, 2.781287557595339521, 0.08302774416284026959 ) ) ;
#582 = DIRECTION ( 'NONE',  ( -0.4999999999999941158, -1.098076211353347069E-15, 0.8660254037844420383 ) ) ;
#583 = EDGE_CURVE ( 'NONE', #1647, #1182, #4696, .T. ) ;
#584 = CARTESIAN_POINT ( 'NONE',  ( 24.88050635747736195, 2.687162905151465164, 3.974845402009473005 ) ) ;
#585 = ADVANCED_FACE ( 'NONE', ( #2230 ), #2314, .T. ) ;
#586 = VERTEX_POINT ( 'NONE', #4113 ) ;
#587 = CARTESIAN_POINT ( 'NONE',  ( 34.92906951465712950, 3.467301381651819003, -0.09994508475211449916 ) ) ;
#588 = PLANE ( 'NONE',  #2886 ) ;
#589 = CARTESIAN_POINT ( 'NONE',  ( 25.27955325439379308, 2.588649715181664313, 3.696412451230546736 ) ) ;
#590 = CARTESIAN_POINT ( 'NONE',  ( 33.16521200046231144, 2.921809284719995681, -0.2386580203655147003 ) ) ;
#591 = CARTESIAN_POINT ( 'NONE',  ( 44.10354297722633987, 3.079670827471908900, 0.1568297336874766301 ) ) ;
#592 = CARTESIAN_POINT ( 'NONE',  ( 41.92906951465955956, 3.177931366995919493, 0.2198060693862116666 ) ) ;
#593 = CARTESIAN_POINT ( 'NONE',  ( 31.40652212078298078, 3.389360160759499419, -0.05161231500649817588 ) ) ;
#594 = CARTESIAN_POINT ( 'NONE',  ( 47.22206160005102760, 2.707826843653228899, -0.2807131932971058119 ) ) ;
#595 = PRESENTATION_LAYER_ASSIGNMENT (  '', '', ( #4086 ) ) ;
#596 = CARTESIAN_POINT ( 'NONE',  ( 45.60981462212834003, 2.892882168761289563, 0.1631237060646176240 ) ) ;
#597 = EDGE_LOOP ( 'NONE', ( #4829, #1910, #702, #2811, #7056 ) ) ;
#598 = CARTESIAN_POINT ( 'NONE',  ( 30.97928004954311021, 3.200151286320384703, -0.3744479239727931397 ) ) ;
#599 = EDGE_CURVE ( 'NONE', #2095, #6605, #5806, .T. ) ;
#600 = CARTESIAN_POINT ( 'NONE',  ( 31.21789509216856118, 3.208828430640707108, 0.4511106579106981540 ) ) ;
#601 = ORIENTED_EDGE ( 'NONE', *, *, #4644, .F. ) ;
#602 = DIRECTION ( 'NONE',  ( -7.000000000000000150E-15, 2.999999999999999839E-15, -1.000000000000000000 ) ) ;
#603 = STYLED_ITEM ( 'NONE', ( #6805 ), #6968 ) ;
#604 = LINE ( 'NONE', #8179, #7782 ) ;
#605 = VECTOR ( 'NONE', #3316, 1000.000000000000000 ) ;
#606 = ORIENTED_EDGE ( 'NONE', *, *, #3175, .F. ) ;
#607 = CIRCLE ( 'NONE', #5320, 0.2000000000000009270 ) ;
#608 = VERTEX_POINT ( 'NONE', #4064 ) ;
#609 = LINE ( 'NONE', #3726, #7214 ) ;
#610 = CARTESIAN_POINT ( 'NONE',  ( 45.60981462212834003, 3.619905315264720258, -0.1631237060645729653 ) ) ;
#611 = EDGE_LOOP ( 'NONE', ( #478, #3720, #8091, #2105 ) ) ;
#612 = CARTESIAN_POINT ( 'NONE',  ( 32.89315395389318297, 2.464169108589141732, -0.1978027210076002129 ) ) ;
#613 = CARTESIAN_POINT ( 'NONE',  ( 32.31007928061278278, 3.557626007881323993, -0.3061561758464791394 ) ) ;
#614 = LINE ( 'NONE', #3185, #3581 ) ;
#615 = CARTESIAN_POINT ( 'NONE',  ( 30.97928004954311021, 3.200151286320384703, -0.3744479239727931397 ) ) ;
#616 = ORIENTED_EDGE ( 'NONE', *, *, #3911, .F. ) ;
#617 = CARTESIAN_POINT ( 'NONE',  ( 46.38117082045368278, 3.591954077435945081, 0.05867563128566699593 ) ) ;
#618 = ORIENTED_EDGE ( 'NONE', *, *, #572, .T. ) ;
#619 = DIRECTION ( 'NONE',  ( -0.000000000000000000, -1.000000000000000000, -0.000000000000000000 ) ) ;
#620 = STYLED_ITEM ( 'NONE', ( #2958 ), #1494 ) ;
#621 = CARTESIAN_POINT ( 'NONE',  ( 34.30354275015866961, 3.242328350834343009, 0.2358574290057350586 ) ) ;
#622 = CARTESIAN_POINT ( 'NONE',  ( 34.25443661575972953, 2.934327941533930062, 0.2584897403253711423 ) ) ;
#623 = EDGE_CURVE ( 'NONE', #1326, #2095, #2850, .T. ) ;
#624 = AXIS2_PLACEMENT_3D ( 'NONE', #7801, #3096, #2507 ) ;
#625 = CARTESIAN_POINT ( 'NONE',  ( 48.59999999999999432, 2.531393742012994608, 1.125000000000000000 ) ) ;
#626 = ORIENTED_EDGE ( 'NONE', *, *, #3736, .T. ) ;
#627 = CARTESIAN_POINT ( 'NONE',  ( 34.03445227321547861, 2.778459542545617555, -0.04907848086734052651 ) ) ;
#628 = DIRECTION ( 'NONE',  ( -7.000000000000000150E-15, 2.999999999999999839E-15, -1.000000000000000000 ) ) ;
#629 = ORIENTED_EDGE ( 'NONE', *, *, #6576, .T. ) ;
#630 = CARTESIAN_POINT ( 'NONE',  ( 34.25443661575972243, 3.578459542492147705, -0.2584897403251674719 ) ) ;
#631 = CARTESIAN_POINT ( 'NONE',  ( 42.45618857310268623, 3.181562051004515723, 0.07962016501407599700 ) ) ;
#632 = CARTESIAN_POINT ( 'NONE',  ( 39.12906951467343220, 3.036587672676217320, -0.07846237501625331900 ) ) ;
#633 = CARTESIAN_POINT ( 'NONE',  ( 31.41595238962310788, 3.532384945117109876, 0.3239227492342828807 ) ) ;
#634 = CARTESIAN_POINT ( 'NONE',  ( 47.76942555552374614, 3.241358216062208530, -0.4108700358038009925 ) ) ;
#635 = CARTESIAN_POINT ( 'NONE',  ( 47.95296121502894948, 2.852455416352838391, -0.8213164123489777868 ) ) ;
#636 = DIRECTION ( 'NONE',  ( -1.000000000000000000, 2.999999999999999839E-15, 0.000000000000000000 ) ) ;
#637 = EDGE_LOOP ( 'NONE', ( #24, #7472, #4776, #4447 ) ) ;
#638 = DIRECTION ( 'NONE',  ( 1.000000000000000000, 0.000000000000000000, -7.000000000000000150E-15 ) ) ;
#639 = VERTEX_POINT ( 'NONE', #6109 ) ;
#640 = DIRECTION ( 'NONE',  ( 2.666144858838235626E-32, 1.000000000000000000, 1.861759004257252044E-46 ) ) ;
#641 = CARTESIAN_POINT ( 'NONE',  ( 49.09999999999999432, 3.531393742013005266, -1.775000000000000133 ) ) ;
#642 = LINE ( 'NONE', #7116, #2181 ) ;
#643 = ADVANCED_FACE ( 'NONE', ( #3564 ), #4310, .T. ) ;
#644 = ORIENTED_EDGE ( 'NONE', *, *, #5503, .F. ) ;
#645 = VERTEX_POINT ( 'NONE', #4021 ) ;
#646 = LINE ( 'NONE', #5687, #1416 ) ;
#647 = CARTESIAN_POINT ( 'NONE',  ( 48.13059057104412375, 3.256393742012991588, 0.4250000000000083711 ) ) ;
#648 = EDGE_CURVE ( 'NONE', #7249, #5144, #236, .T. ) ;
#649 = CARTESIAN_POINT ( 'NONE',  ( 45.60981462212834003, 3.619905315264720258, -0.1631237060645729653 ) ) ;
#650 = PLANE ( 'NONE',  #7512 ) ;
#651 = LINE ( 'NONE', #6913, #8198 ) ;
#652 = ORIENTED_EDGE ( 'NONE', *, *, #5175, .T. ) ;
#653 = PLANE ( 'NONE',  #2823 ) ;
#654 = ORIENTED_EDGE ( 'NONE', *, *, #6431, .T. ) ;
#655 = CARTESIAN_POINT ( 'NONE',  ( 48.50000000000000000, 2.473658715094035010, -0.06726497308103779327 ) ) ;
#656 = CARTESIAN_POINT ( 'NONE',  ( 40.44716105815046348, 3.457680799785404435, -0.1410868019949262642 ) ) ;
#657 = PLANE ( 'NONE',  #5996 ) ;
#658 = LINE ( 'NONE', #5258, #98 ) ;
#659 = ORIENTED_EDGE ( 'NONE', *, *, #2077, .F. ) ;
#660 = CARTESIAN_POINT ( 'NONE',  ( 33.41256594564819693, 2.979152397151217269, 0.3946599679661542681 ) ) ;
#661 = CARTESIAN_POINT ( 'NONE',  ( 49.29999999999999716, 3.981393742012995229, 1.474999999999999867 ) ) ;
#662 = VERTEX_POINT ( 'NONE', #4785 ) ;
#663 = DIRECTION ( 'NONE',  ( -0.8295410558727318584, 1.772239345376213347E-14, 0.5584457329244745249 ) ) ;
#664 = CARTESIAN_POINT ( 'NONE',  ( 25.17716044020891886, 1.727156155566247131, -4.255602024879861389 ) ) ;
#665 = VECTOR ( 'NONE', #8096, 1000.000000000000000 ) ;
#666 = CARTESIAN_POINT ( 'NONE',  ( 43.54905347405693306, 3.200470297205841863, -0.09666000034101582261 ) ) ;
#667 = AXIS2_PLACEMENT_3D ( 'NONE', #7481, #7338, #5476 ) ;
#668 = CARTESIAN_POINT ( 'NONE',  ( 31.34981945619846044, 3.033308633592100456, 0.04267824210637111149 ) ) ;
#669 = CARTESIAN_POINT ( 'NONE',  ( 47.58174716997854148, 3.221193643173045018, -0.3917177348014784233 ) ) ;
#670 = CARTESIAN_POINT ( 'NONE',  ( 45.63493770921355264, 2.456670104923295739, 0.1657050867800645144 ) ) ;
#671 = CARTESIAN_POINT ( 'NONE',  ( 35.03187846737706934, 2.921812184209973573, -0.2386553630810281934 ) ) ;
#672 = VECTOR ( 'NONE', #1045, 1000.000000000000000 ) ;
#673 = CARTESIAN_POINT ( 'NONE',  ( 52.44999999999999574, 2.081393742012984660, 0.9499999999999739764 ) ) ;
#674 = CARTESIAN_POINT ( 'NONE',  ( 29.33928498435295396, 3.232312030855631679, 0.9767474397514334106 ) ) ;
#675 = CARTESIAN_POINT ( 'NONE',  ( 52.10000000000000142, 2.081393742012989989, -0.4500000000000239919 ) ) ;
#676 = EDGE_CURVE ( 'NONE', #2257, #5678, #6661, .T. ) ;
#677 = CARTESIAN_POINT ( 'NONE',  ( 31.23740271875277585, 3.616396209625593272, 0.2749584008940114677 ) ) ;
#678 = CARTESIAN_POINT ( 'NONE',  ( 51.70000000000000284, 4.381393742012989811, 0.4249999999999860001 ) ) ;
#679 = EDGE_CURVE ( 'NONE', #6370, #4559, #3899, .T. ) ;
#680 = VERTEX_POINT ( 'NONE', #827 ) ;
#681 = VERTEX_POINT ( 'NONE', #872 ) ;
#682 = FILL_AREA_STYLE_COLOUR ( '', #4234 ) ;
#683 = PLANE ( 'NONE',  #4573 ) ;
#684 = CARTESIAN_POINT ( 'NONE',  ( 37.79315270753539124, 3.742311070901769732, -0.6562234457888715955 ) ) ;
#685 = EDGE_CURVE ( 'NONE', #4369, #5161, #8001, .T. ) ;
#686 = CARTESIAN_POINT ( 'NONE',  ( 34.72110328229667431, 2.845878982300857896, -0.04495506328104605792 ) ) ;
#687 = CARTESIAN_POINT ( 'NONE',  ( 24.89908115240746511, 1.527156155566259610, -3.961884932945568760 ) ) ;
#688 = CARTESIAN_POINT ( 'NONE',  ( 29.80776706716519087, 3.202967587565121121, 0.5983735058353609748 ) ) ;
#689 = EDGE_LOOP ( 'NONE', ( #3804, #772, #962, #1461, #2469 ) ) ;
#690 = DIRECTION ( 'NONE',  ( -2.999999999999999839E-15, -1.000000000000000000, -2.999999999999999839E-15 ) ) ;
#691 = AXIS2_PLACEMENT_3D ( 'NONE', #2321, #2361, #2943 ) ;
#692 = EDGE_LOOP ( 'NONE', ( #7643, #5378, #7695, #6373 ) ) ;
#693 = DIRECTION ( 'NONE',  ( 1.000000000000000000, 2.023844055306275241E-29, -7.000000000000000150E-15 ) ) ;
#694 = CARTESIAN_POINT ( 'NONE',  ( 43.63687606550655573, 3.270459216836597349, -0.2358574301420630903 ) ) ;
#695 = FACE_OUTER_BOUND ( 'NONE', #5843, .T. ) ;
#696 = ADVANCED_FACE ( 'NONE', ( #6620 ), #917, .T. ) ;
#697 = LINE ( 'NONE', #3386, #3381 ) ;
#698 = DIRECTION ( 'NONE',  ( 1.000000000000000000, -2.999999999999999839E-15, 0.000000000000000000 ) ) ;
#699 = VERTEX_POINT ( 'NONE', #2810 ) ;
#700 = CARTESIAN_POINT ( 'NONE',  ( 32.63445217500606077, 3.559640813376177881, 0.3726547313567596387 ) ) ;
#701 = LINE ( 'NONE', #2531, #3838 ) ;
#702 = ORIENTED_EDGE ( 'NONE', *, *, #7083, .T. ) ;
#703 = CARTESIAN_POINT ( 'NONE',  ( 34.56521180070720334, 3.661733456739625581, -0.06783006281420211891 ) ) ;
#704 = CARTESIAN_POINT ( 'NONE',  ( 35.23687608281505845, 3.492251172251236380, 0.01406539035935488145 ) ) ;
#705 = CARTESIAN_POINT ( 'NONE',  ( 39.47923264373509511, 2.781287558506203350, 0.08302774555445914528 ) ) ;
#706 = CARTESIAN_POINT ( 'NONE',  ( 30.74098916560602746, 3.721506780541057768, -0.02601479899478611676 ) ) ;
#707 = CARTESIAN_POINT ( 'NONE',  ( 48.06954615951741516, 3.255842604746482571, -0.8244864296338874077 ) ) ;
#708 = CARTESIAN_POINT ( 'NONE',  ( 48.59999999999999432, 4.381393742013000470, 0.3750000000000074940 ) ) ;
#709 = CARTESIAN_POINT ( 'NONE',  ( 36.12110328229557155, 3.578459542491055245, -0.2584897402769664732 ) ) ;
#710 = PLANE ( 'NONE',  #5867 ) ;
#711 = CARTESIAN_POINT ( 'NONE',  ( 31.55052504865270535, 2.909984930065003805, -0.7222123220957779033 ) ) ;
#712 = CARTESIAN_POINT ( 'NONE',  ( 33.60650169718922342, 2.730891329434896431, 0.6849559525477244559 ) ) ;
#713 = LINE ( 'NONE', #1451, #85 ) ;
#714 = ADVANCED_FACE ( 'NONE', ( #5430 ), #7419, .T. ) ;
#715 = CARTESIAN_POINT ( 'NONE',  ( 43.89854515320821804, 2.851054012432156171, 0.06783008095329695619 ) ) ;
#716 = DIRECTION ( 'NONE',  ( -1.000000000000000000, 2.999999999999999839E-15, 7.000000000000000150E-15 ) ) ;
#717 = CARTESIAN_POINT ( 'NONE',  ( 34.81256597706398992, 3.339421487545249700, 0.4751061834863989364 ) ) ;
#718 = ORIENTED_EDGE ( 'NONE', *, *, #1178, .F. ) ;
#719 = ORIENTED_EDGE ( 'NONE', *, *, #7113, .F. ) ;
#720 = VECTOR ( 'NONE', #1417, 1000.000000000000000 ) ;
#721 = CARTESIAN_POINT ( 'NONE',  ( 48.51339745962160066, 4.031393742012994608, 0.9250000000000000444 ) ) ;
#722 = CARTESIAN_POINT ( 'NONE',  ( 47.58174716997854858, 3.291593840852952813, 0.3917177348014955207 ) ) ;
#723 = ORIENTED_EDGE ( 'NONE', *, *, #6393, .F. ) ;
#724 = CARTESIAN_POINT ( 'NONE',  ( 40.32110328229548202, 3.666908501744223337, 0.04495506329377602778 ) ) ;
#725 = CARTESIAN_POINT ( 'NONE',  ( 37.75443661562896125, 3.057763481858819965, 0.3620626263887415930 ) ) ;
#726 = CARTESIAN_POINT ( 'NONE',  ( 27.41080196118424439, 3.449061285364876550, -2.697089969102352658 ) ) ;
#727 = CARTESIAN_POINT ( 'NONE',  ( 39.42648604088111597, 3.058590508019938703, 0.7922239215849691263 ) ) ;
#728 = CARTESIAN_POINT ( 'NONE',  ( 50.93168224707730474, 4.631393742012989811, -0.1750000000000079825 ) ) ;
#729 = B_SPLINE_CURVE_WITH_KNOTS ( 'NONE', 3,
 ( #5579, #5494, #8161, #8120, #2949, #1534, #5538, #4890 ),
 .UNSPECIFIED., .F., .F.,
 ( 4, 2, 2, 4 ),
 ( 0.000000000000000000, 0.5000000000000000000, 0.7500000000000000000, 0.9357604965038777145 ),
 .UNSPECIFIED. ) ;
#730 = VECTOR ( 'NONE', #7708, 1000.000000000000000 ) ;
#731 = AXIS2_PLACEMENT_3D ( 'NONE', #6171, #4214, #6082 ) ;
#732 = ORIENTED_EDGE ( 'NONE', *, *, #3404, .T. ) ;
#733 = EDGE_CURVE ( 'NONE', #7526, #6384, #5781, .T. ) ;
#734 = DIRECTION ( 'NONE',  ( -7.000000000000000150E-15, 0.000000000000000000, -1.000000000000000000 ) ) ;
#735 = ORIENTED_EDGE ( 'NONE', *, *, #823, .F. ) ;
#736 = AXIS2_PLACEMENT_3D ( 'NONE', #4586, #246, #7187 ) ;
#737 = DIRECTION ( 'NONE',  ( -2.999999999999999839E-15, -1.000000000000000000, -2.999999999999999839E-15 ) ) ;
#738 = CARTESIAN_POINT ( 'NONE',  ( 42.23687608278921601, 3.079671620794495190, 0.1568306554290243016 ) ) ;
#739 = CARTESIAN_POINT ( 'NONE',  ( 36.50957226365128605, 3.682551934334402866, -0.02016514339808948494 ) ) ;
#740 = CIRCLE ( 'NONE', #1161, 0.2000000000000001499 ) ;
#741 = CARTESIAN_POINT ( 'NONE',  ( 52.44999999999999574, 3.531393742012990167, 0.2999999999999779510 ) ) ;
#742 = LINE ( 'NONE', #5903, #3729 ) ;
#743 = ADVANCED_FACE ( 'NONE', ( #7127 ), #653, .F. ) ;
#744 = ORIENTED_EDGE ( 'NONE', *, *, #8191, .T. ) ;
#745 = CARTESIAN_POINT ( 'NONE',  ( 38.15659051398018420, 2.898092194826507928, -0.3470412541900081971 ) ) ;
#746 = CARTESIAN_POINT ( 'NONE',  ( 25.09393452821344894, 1.727156150737286788, 4.313672483356784326 ) ) ;
#747 = CARTESIAN_POINT ( 'NONE',  ( 48.13059057104411664, 3.256393742013003134, -0.4249999999999989897 ) ) ;
#748 = CARTESIAN_POINT ( 'NONE',  ( 48.59999999999999432, 3.981393742013000114, -0.8750000000000000000 ) ) ;
#749 = CARTESIAN_POINT ( 'NONE',  ( 49.29999999999999716, 3.981393742012995229, 0.1749999999999999889 ) ) ;
#750 = EDGE_CURVE ( 'NONE', #2253, #3763, #3223, .T. ) ;
#751 = CARTESIAN_POINT ( 'NONE',  ( 35.39573618136387978, 3.476199811307787879, 0.07846237501435690542 ) ) ;
#752 = AXIS2_PLACEMENT_3D ( 'NONE', #2893, #5479, #5618 ) ;
#753 = CARTESIAN_POINT ( 'NONE',  ( 34.34589931031766241, 3.651054027339916797, 0.2772413222721896719 ) ) ;
#754 = CARTESIAN_POINT ( 'NONE',  ( 29.38457700004529372, 3.618884989086212922, -1.204839847270405384 ) ) ;
#755 = CARTESIAN_POINT ( 'NONE',  ( 48.16494492839986918, 3.656393742013002601, -0.8249999999999989564 ) ) ;
#756 = DIRECTION ( 'NONE',  ( -1.000000000000000000, 2.999999999999999839E-15, 8.673617379884089598E-30 ) ) ;
#757 = CARTESIAN_POINT ( 'NONE',  ( 32.85443694365472567, 3.666908361468586453, 0.04495457197427234902 ) ) ;
#758 = LINE ( 'NONE', #1449, #3693 ) ;
#759 = CARTESIAN_POINT ( 'NONE',  ( 35.93983503185042139, 4.112317056319246156, -0.1127506779704363360 ) ) ;
#760 = DIRECTION ( 'NONE',  ( -1.734723475976807094E-17, -1.000000000000000000, 2.775557561562891043E-17 ) ) ;
#761 = CARTESIAN_POINT ( 'NONE',  ( 29.32641739690356530, 3.618884989086213366, -1.245420415729740604 ) ) ;
#762 = CARTESIAN_POINT ( 'NONE',  ( 45.50000000000002132, 3.656393742013004822, 2.192387032806522570E-14 ) ) ;
#763 = AXIS2_PLACEMENT_3D ( 'NONE', #1466, #5421, #3463 ) ;
#764 = ORIENTED_EDGE ( 'NONE', *, *, #5492, .F. ) ;
#765 = SURFACE_SIDE_STYLE ('',( #7809 ) ) ;
#766 = CARTESIAN_POINT ( 'NONE',  ( 45.90799567767802358, 3.642753939097983729, 0.3561162756998584311 ) ) ;
#767 = ORIENTED_EDGE ( 'NONE', *, *, #4984, .T. ) ;
#768 = DIRECTION ( 'NONE',  ( 0.5620479482407618743, 0.000000000000000000, 0.8271046511042904337 ) ) ;
#769 = CARTESIAN_POINT ( 'NONE',  ( 26.07914960422809614, 3.331174544032958984, -3.626243655105619190 ) ) ;
#770 = ORIENTED_EDGE ( 'NONE', *, *, #3291, .F. ) ;
#771 = CARTESIAN_POINT ( 'NONE',  ( 46.03688619525531323, 4.028020487905042302, -0.03754813616641815288 ) ) ;
#772 = ORIENTED_EDGE ( 'NONE', *, *, #2354, .T. ) ;
#773 = DIRECTION ( 'NONE',  ( -1.000000000000000000, 2.999999999999999839E-15, 0.000000000000000000 ) ) ;
#774 = ITEM_DEFINED_TRANSFORMATION ( 'NONE', 'NONE', #51,  #2081 ) ;
#775 = CARTESIAN_POINT ( 'NONE',  ( 42.27923264372959977, 3.339421487564969926, 0.4751061835044296799 ) ) ;
#776 = CARTESIAN_POINT ( 'NONE',  ( 46.00343750593333425, 2.883393682987816842, 0.03211500539746154487 ) ) ;
#777 = FILL_AREA_STYLE ('',( #4571 ) ) ;
#778 = CARTESIAN_POINT ( 'NONE',  ( 48.70000000000000284, 2.531393742012994608, 0.8249999999999999556 ) ) ;
#779 = PRODUCT ( 'AS02008MR-2-LWC30', 'AS02008MR-2-LWC30', '', ( #955 ) ) ;
#780 = FACE_OUTER_BOUND ( 'NONE', #6009, .T. ) ;
#781 = ORIENTED_EDGE ( 'NONE', *, *, #1021, .F. ) ;
#782 = CARTESIAN_POINT ( 'NONE',  ( 31.54561086861978936, 3.529331667134101291, -0.3817221612385012230 ) ) ;
#783 = EDGE_CURVE ( 'NONE', #1144, #3179, #2678, .T. ) ;
#784 = VERTEX_POINT ( 'NONE', #3303 ) ;
#785 = CARTESIAN_POINT ( 'NONE',  ( 34.09854513467972481, 3.495049117955309370, -0.3345815717126813804 ) ) ;
#786 = ORIENTED_EDGE ( 'NONE', *, *, #6, .F. ) ;
#787 = CARTESIAN_POINT ( 'NONE',  ( 30.10898509200915640, 3.342191348724545819, -0.3266593461211818594 ) ) ;
#788 = CARTESIAN_POINT ( 'NONE',  ( 45.50000000000001421, 2.856393742013005888, 2.428612866367529932E-14 ) ) ;
#789 = CARTESIAN_POINT ( 'NONE',  ( 37.92376106968770699, 2.783084751874800755, -0.1657732618567976934 ) ) ;
#790 = CARTESIAN_POINT ( 'NONE',  ( 41.96778560660151669, 2.953146955150987019, -0.3726542400550396095 ) ) ;
#791 = ADVANCED_FACE ( 'NONE', ( #5251 ), #7853, .T. ) ;
#792 = CARTESIAN_POINT ( 'NONE',  ( 34.03445227321548572, 3.734327941480461543, 0.04907848086754725697 ) ) ;
#793 = CARTESIAN_POINT ( 'NONE',  ( 30.15800260955082379, 3.914355142074381622, -0.09163209346010697809 ) ) ;
#794 = CARTESIAN_POINT ( 'NONE',  ( 47.70226286916695813, 3.638609028782060495, -0.8082787275204359467 ) ) ;
#795 = EDGE_CURVE ( 'NONE', #4811, #3632, #3628, .T. ) ;
#796 = CARTESIAN_POINT ( 'NONE',  ( 44.48234321966224769, 3.352990640134524636, -0.05593924479905708347 ) ) ;
#797 = AXIS2_PLACEMENT_3D ( 'NONE', #5077, #716, #7761 ) ;
#798 = CARTESIAN_POINT ( 'NONE',  ( 48.70000000000000284, 4.381393742013000470, 0.3750000000000069944 ) ) ;
#799 = CARTESIAN_POINT ( 'NONE',  ( 29.58491703248251525, 2.888308474261557901, 1.055561162576485135 ) ) ;
#800 = CARTESIAN_POINT ( 'NONE',  ( 36.00756836166062413, 3.813324633097923577, -0.5943314245550102015 ) ) ;
#801 = DIRECTION ( 'NONE',  ( -7.000000000000000150E-15, 2.999999999999999839E-15, -1.000000000000000000 ) ) ;
#802 = CARTESIAN_POINT ( 'NONE',  ( 37.28776994896031738, 3.140829607577540816, -0.3964697422149614514 ) ) ;
#803 = CARTESIAN_POINT ( 'NONE',  ( 29.92728475127560372, 3.649416144902251968, -0.7727029479682226976 ) ) ;
#804 = LINE ( 'NONE', #678, #3916 ) ;
#805 = CARTESIAN_POINT ( 'NONE',  ( 39.69854513404409602, 3.017738378951121625, 0.3345815577754220338 ) ) ;
#806 = VECTOR ( 'NONE', #2589, 1000.000000000000000 ) ;
#807 = EDGE_CURVE ( 'NONE', #4396, #5628, #506, .T. ) ;
#808 = EDGE_LOOP ( 'NONE', ( #3195, #5411, #5591, #2044 ) ) ;
#809 = EDGE_LOOP ( 'NONE', ( #4331, #3313, #5889, #2129 ) ) ;
#810 = LINE ( 'NONE', #173, #186 ) ;
#811 = CARTESIAN_POINT ( 'NONE',  ( 45.47289882265589966, 4.066479836159518690, 0.2133171392302986302 ) ) ;
#812 = VERTEX_POINT ( 'NONE', #359 ) ;
#813 = DIRECTION ( 'NONE',  ( -1.000000000000000000, 0.000000000000000000, 7.837792587829701093E-15 ) ) ;
#814 = CARTESIAN_POINT ( 'NONE',  ( 27.18191376433517092, 3.449061285364876550, -2.369050042655620469 ) ) ;
#815 = CARTESIAN_POINT ( 'NONE',  ( 35.22648604090009883, 3.676712641106401946, 0.7000549152478228176 ) ) ;
#816 = LINE ( 'NONE', #2762, #7387 ) ;
#817 = ORIENTED_EDGE ( 'NONE', *, *, #6331, .T. ) ;
#819 = EDGE_CURVE ( 'NONE', #1333, #79, #7889, .T. ) ;
#818 = FACE_OUTER_BOUND ( 'NONE', #4261, .T. ) ;
#820 = SHAPE_DEFINITION_REPRESENTATION ( #2742, #5396 ) ;
#821 = CARTESIAN_POINT ( 'NONE',  ( 35.90111893992993686, 2.778459542495079759, -0.04907848082109001614 ) ) ;
#822 = CARTESIAN_POINT ( 'NONE',  ( 52.20000000000000284, 3.481393742012984571, 1.474999999999980105 ) ) ;
#823 = EDGE_CURVE ( 'NONE', #3235, #5171, #7929, .T. ) ;
#824 = VECTOR ( 'NONE', #6972, 1000.000000000000000 ) ;
#825 = DIRECTION ( 'NONE',  ( 1.734723475976807094E-17, 1.000000000000000000, -2.775557561562891043E-17 ) ) ;
#826 = EDGE_LOOP ( 'NONE', ( #7069, #6530, #3517, #2299 ) ) ;
#827 = CARTESIAN_POINT ( 'NONE',  ( 49.09999999999999432, 3.481393742012994785, 1.474999999999999867 ) ) ;
#828 = ORIENTED_EDGE ( 'NONE', *, *, #3627, .T. ) ;
#829 = EDGE_CURVE ( 'NONE', #7242, #4135, #908, .T. ) ;
#830 = CARTESIAN_POINT ( 'NONE',  ( 35.03187846737706934, 3.590975299816099753, 0.2386553630812209559 ) ) ;
#831 = ORIENTED_EDGE ( 'NONE', *, *, #6393, .T. ) ;
#832 = CARTESIAN_POINT ( 'NONE',  ( 44.05443621027013279, 3.666905103311934422, 0.04495295524815948879 ) ) ;
#833 = CARTESIAN_POINT ( 'NONE',  ( 37.06778560659729749, 3.028153638175724360, 0.4227721033391697580 ) ) ;
#834 = VECTOR ( 'NONE', #6273, 1000.000000000000000 ) ;
#835 = CARTESIAN_POINT ( 'NONE',  ( 40.06240284801620533, 3.177931366997541307, 0.2198060693201878968 ) ) ;
#836 = CARTESIAN_POINT ( 'NONE',  ( 44.92308027960918082, 3.713817487893958713, -0.1980693153959844910 ) ) ;
#837 = CARTESIAN_POINT ( 'NONE',  ( 29.18747730667001150, 3.830165936209832811, -0.9282114180915540524 ) ) ;
#838 = EDGE_CURVE ( 'NONE', #681, #4063, #2217, .T. ) ;
#839 = CARTESIAN_POINT ( 'NONE',  ( 48.70000000000000284, 3.981393742012995229, 1.125000000000000000 ) ) ;
#840 = DIRECTION ( 'NONE',  ( -7.000000000000000150E-15, 2.999999999999999839E-15, -1.000000000000000000 ) ) ;
#841 = CARTESIAN_POINT ( 'NONE',  ( 38.14290559697789718, 2.870391776824832153, 0.1817138430146801875 ) ) ;
#842 = DIRECTION ( 'NONE',  ( -0.4999999999999941158, -1.098076211353347069E-15, 0.8660254037844420383 ) ) ;
#843 = LINE ( 'NONE', #2824, #2364 ) ;
#844 = CARTESIAN_POINT ( 'NONE',  ( 35.00650169853574312, 3.143643064013831534, -0.8559233143205449146 ) ) ;
#845 = DIRECTION ( 'NONE',  ( -0.000000000000000000, -1.000000000000000000, -0.000000000000000000 ) ) ;
#846 = CARTESIAN_POINT ( 'NONE',  ( 35.18776994896078492, 3.514883482287408878, 0.3220658004636284821 ) ) ;
#847 = CARTESIAN_POINT ( 'NONE',  ( 30.75154245287331634, 3.372340180062342263, 0.2507205861289932280 ) ) ;
#848 = PLANE ( 'NONE',  #4051 ) ;
#849 = CARTESIAN_POINT ( 'NONE',  ( 29.74459074371065270, 3.435407232441029635, 1.094072414327768250 ) ) ;
#850 = EDGE_CURVE ( 'NONE', #2802, #4609, #816, .T. ) ;
#851 = ORIENTED_EDGE ( 'NONE', *, *, #2143, .F. ) ;
#852 = ORIENTED_EDGE ( 'NONE', *, *, #5211, .F. ) ;
#853 = CARTESIAN_POINT ( 'NONE',  ( 47.86491909266280231, 3.665150440442939583, 0.4167888517484862332 ) ) ;
#854 = DIRECTION ( 'NONE',  ( 1.000000000000000000, 0.000000000000000000, -2.500000000000000076E-14 ) ) ;
#855 = EDGE_LOOP ( 'NONE', ( #8002, #6876 ) ) ;
#856 = LINE ( 'NONE', #4009, #5610 ) ;
#857 = CARTESIAN_POINT ( 'NONE',  ( 26.46034231530386194, 3.077242629408555086, -2.872522865799914893 ) ) ;
#858 = CARTESIAN_POINT ( 'NONE',  ( 35.07423502827906958, 3.850725166557641188, 0.5569308911901842407 ) ) ;
#859 = FACE_OUTER_BOUND ( 'NONE', #3794, .T. ) ;
#860 = ORIENTED_EDGE ( 'NONE', *, *, #6549, .F. ) ;
#861 = DIRECTION ( 'NONE',  ( -1.000000000000000000, 0.000000000000000000, 7.000000000000000150E-15 ) ) ;
#862 = ORIENTED_EDGE ( 'NONE', *, *, #3662, .F. ) ;
#863 = CARTESIAN_POINT ( 'NONE',  ( 52.10000000000000142, 4.381393742012989811, -0.4250000000000169753 ) ) ;
#864 = CARTESIAN_POINT ( 'NONE',  ( 42.32158920466999774, 3.599171354335428674, 0.7933817115798481590 ) ) ;
#865 = CARTESIAN_POINT ( 'NONE',  ( 47.09738204415085505, 3.522138767672929216, -0.2954304375119861104 ) ) ;
#866 = CIRCLE ( 'NONE', #1960, 0.2000000000000001499 ) ;
#867 = DIRECTION ( 'NONE',  ( 2.999999999999999839E-15, 1.000000000000000000, 2.999999999999999839E-15 ) ) ;
#868 = AXIS2_PLACEMENT_3D ( 'NONE', #3967, #2086, #1458 ) ;
#869 = CARTESIAN_POINT ( 'NONE',  ( 52.44999999999999574, 2.081393742012984660, 1.474999999999973888 ) ) ;
#870 = VECTOR ( 'NONE', #2525, 1000.000000000000000 ) ;
#871 = ORIENTED_EDGE ( 'NONE', *, *, #5110, .F. ) ;
#872 = CARTESIAN_POINT ( 'NONE',  ( 48.50000000000000000, 1.931393742012995185, 2.125000000000000000 ) ) ;
#873 = ORIENTED_EDGE ( 'NONE', *, *, #6941, .T. ) ;
#874 = VECTOR ( 'NONE', #3198, 1000.000000000000000 ) ;
#875 = EDGE_CURVE ( 'NONE', #6384, #8063, #2801, .T. ) ;
#876 = VECTOR ( 'NONE', #5676, 1000.000000000000114 ) ;
#877 = FACE_OUTER_BOUND ( 'NONE', #4281, .T. ) ;
#878 = CYLINDRICAL_SURFACE ( 'NONE', #5749, 0.2999999999999999334 ) ;
#879 = CARTESIAN_POINT ( 'NONE',  ( 36.52325718064204096, 3.454614269589637576, 0.4577403775620802473 ) ) ;
#880 = CARTESIAN_POINT ( 'NONE',  ( 32.98825087998302052, 3.599164164507860697, 0.7933841877655405384 ) ) ;
#881 = VECTOR ( 'NONE', #4726, 1000.000000000000000 ) ;
#882 = CARTESIAN_POINT ( 'NONE',  ( 41.81256597706619260, 2.861733455982804486, -0.2772413222354614959 ) ) ;
#883 = COLOUR_RGB ( '',0.5019607843137254832, 0.5019607843137254832, 0.5019607843137254832 ) ;
#884 = CARTESIAN_POINT ( 'NONE',  ( 29.46975882908344957, 3.509336706353816560, -0.4410729503375781513 ) ) ;
#885 = CARTESIAN_POINT ( 'NONE',  ( 47.55700098739872317, 2.809748327289188108, -0.3807159154064310158 ) ) ;
#886 = CARTESIAN_POINT ( 'NONE',  ( 49.09999999999999432, 1.931393742012995185, 1.824999999999999956 ) ) ;
#887 = CARTESIAN_POINT ( 'NONE',  ( 38.33893684465528651, 3.239094667475435951, 0.1149613429996902553 ) ) ;
#888 = CARTESIAN_POINT ( 'NONE',  ( 48.70000000000000284, 2.531393742012994608, 1.125000000000000000 ) ) ;
#889 = CARTESIAN_POINT ( 'NONE',  ( 31.05585661911122486, 2.677014031514201697, -0.5803300776849089626 ) ) ;
#890 = CARTESIAN_POINT ( 'NONE',  ( 34.53983503185725823, 2.571437793284294226, -0.5255024107354294705 ) ) ;
#891 = AXIS2_PLACEMENT_3D ( 'NONE', #5802, #2587, #5768 ) ;
#892 = VECTOR ( 'NONE', #4308, 1000.000000000000000 ) ;
#893 = CARTESIAN_POINT ( 'NONE',  ( 37.59854513404337695, 3.348843728336661663, -0.4004425066835425318 ) ) ;
#894 = CARTESIAN_POINT ( 'NONE',  ( 29.26388263861401029, 3.279237581643515309, -1.031425395231654996 ) ) ;
#895 = AXIS2_PLACEMENT_3D ( 'NONE', #1001, #3469, #1682 ) ;
#896 = CARTESIAN_POINT ( 'NONE',  ( 29.98207977571802374, 2.622786971306006798, 0.2643910194293920823 ) ) ;
#897 = ORIENTED_EDGE ( 'NONE', *, *, #2100, .F. ) ;
#898 = ORIENTED_EDGE ( 'NONE', *, *, #3077, .T. ) ;
#899 = CARTESIAN_POINT ( 'NONE',  ( 47.80394996717134148, 3.670016100096265443, 0.4122020725168366040 ) ) ;
#900 = DIRECTION ( 'NONE',  ( -7.000000000000000150E-15, 2.999999999999999839E-15, -1.000000000000000000 ) ) ;
#901 = ORIENTED_EDGE ( 'NONE', *, *, #7536, .F. ) ;
#902 = CARTESIAN_POINT ( 'NONE',  ( 30.23054662516042512, 2.830785002918090765, 0.4991544489487648173 ) ) ;
#903 = FILL_AREA_STYLE_COLOUR ( '', #8180 ) ;
#904 = EDGE_CURVE ( 'NONE', #7118, #67, #178, .T. ) ;
#905 = CARTESIAN_POINT ( 'NONE',  ( 34.60756836086619614, 4.070459133245200256, -0.02644616954774038978 ) ) ;
#906 = CARTESIAN_POINT ( 'NONE',  ( 46.00343750593334136, 3.629393801038190759, -0.03211500539742238175 ) ) ;
#907 = ADVANCED_FACE ( 'NONE', ( #2136 ), #3422, .T. ) ;
#908 = LINE ( 'NONE', #7328, #1189 ) ;
#909 = AXIS2_PLACEMENT_3D ( 'NONE', #3369, #6599, #5960 ) ;
#910 = VERTEX_POINT ( 'NONE', #4819 ) ;
#911 = LINE ( 'NONE', #4568, #7895 ) ;
#912 = CARTESIAN_POINT ( 'NONE',  ( 36.52325718064203386, 3.058173214436426868, -0.4577403775619083293 ) ) ;
#913 = CARTESIAN_POINT ( 'NONE',  ( 45.60981462212834003, 2.892882168761289563, 0.1631237060646176240 ) ) ;
#914 = CARTESIAN_POINT ( 'NONE',  ( 48.70000000000000284, 2.381393742013000026, -0.4249999999999999889 ) ) ;
#915 = FACE_OUTER_BOUND ( 'NONE', #3429, .T. ) ;
#916 = VERTEX_POINT ( 'NONE', #2879 ) ;
#917 = PLANE ( 'NONE',  #1771 ) ;
#918 = ORIENTED_EDGE ( 'NONE', *, *, #4690, .F. ) ;
#919 = CARTESIAN_POINT ( 'NONE',  ( 32.31007928061278989, 2.955161476144765320, 0.3061561758467100103 ) ) ;
#920 = DIRECTION ( 'NONE',  ( 7.000000000000000150E-15, -2.999999999999999839E-15, 1.000000000000000000 ) ) ;
#921 = DIRECTION ( 'NONE',  ( -7.000000000000000150E-15, 2.999999999999999839E-15, -1.000000000000000000 ) ) ;
#922 = CARTESIAN_POINT ( 'NONE',  ( 45.14333685535502383, 3.094921191242336445, 0.3984402521577363743 ) ) ;
#923 = CARTESIAN_POINT ( 'NONE',  ( 42.32158920466998353, 2.913616129690601575, -0.7933817115797574537 ) ) ;
#924 = CARTESIAN_POINT ( 'NONE',  ( 40.76106315528373614, 3.385164824282263396, -0.8873224957002705526 ) ) ;
#925 = CARTESIAN_POINT ( 'NONE',  ( 48.50000000000000000, 4.381393742013000470, 0.3172649730810435109 ) ) ;
#926 = CARTESIAN_POINT ( 'NONE',  ( 47.48376138092591248, 2.802932229039585721, -0.7742271554660815625 ) ) ;
#927 = CARTESIAN_POINT ( 'NONE',  ( 51.29999999999999716, 4.381393742012995141, -1.125000000000000000 ) ) ;
#928 = CARTESIAN_POINT ( 'NONE',  ( 38.72285523979752497, 3.181562050982968959, 0.07962016501646100586 ) ) ;
#929 = FACE_OUTER_BOUND ( 'NONE', #4597, .T. ) ;
#930 = ADVANCED_FACE ( 'NONE', ( #7286 ), #7423, .F. ) ;
#931 = PLANE ( 'NONE',  #4230 ) ;
#932 = CARTESIAN_POINT ( 'NONE',  ( 48.59999999999999432, 3.981393742013000114, 0.3750000000000064948 ) ) ;
#933 = CARTESIAN_POINT ( 'NONE',  ( 44.90957529486983901, 3.276564300972226729, 0.4261744799732044009 ) ) ;
#934 = CARTESIAN_POINT ( 'NONE',  ( 42.96521180072354440, 3.188563679180277166, -0.4053397138899453300 ) ) ;
#935 = CARTESIAN_POINT ( 'NONE',  ( 35.45618857312476280, 3.365607696788951664, -0.003385962428674059530 ) ) ;
#936 = CARTESIAN_POINT ( 'NONE',  ( 31.46952135310356979, 3.359396516504702390, -0.04578805681973577985 ) ) ;
#937 = CARTESIAN_POINT ( 'NONE',  ( 32.85443694365472567, 2.845879122557499752, -0.04495457197404910399 ) ) ;
#938 = CARTESIAN_POINT ( 'NONE',  ( 30.74098916560602390, 2.791280703485041315, 0.02601479899503895271 ) ) ;
#939 = ORIENTED_EDGE ( 'NONE', *, *, #4291, .T. ) ;
#940 = ORIENTED_EDGE ( 'NONE', *, *, #5823, .T. ) ;
#941 = LINE ( 'NONE', #7413, #1365 ) ;
#942 = EDGE_CURVE ( 'NONE', #5558, #1967, #6147, .T. ) ;
#943 = CARTESIAN_POINT ( 'NONE',  ( 49.29999999999999716, 4.831393742012989989, 1.474999999999999867 ) ) ;
#944 = ORIENTED_EDGE ( 'NONE', *, *, #2554, .F. ) ;
#945 = AXIS2_PLACEMENT_3D ( 'NONE', #356, #480, #6318 ) ;
#946 = CARTESIAN_POINT ( 'NONE',  ( 45.50000000000002132, 3.656393742013004822, 2.192387032806522570E-14 ) ) ;
#947 = DIRECTION ( 'NONE',  ( -1.000000000000000000, 1.833333333333350239E-15, 0.000000000000000000 ) ) ;
#948 = CARTESIAN_POINT ( 'NONE',  ( 36.55283894184021420, 2.413825732900309440, -0.07202201126498603001 ) ) ;
#949 = EDGE_CURVE ( 'NONE', #4575, #1637, #951, .T. ) ;
#950 = ORIENTED_EDGE ( 'NONE', *, *, #963, .T. ) ;
#951 = LINE ( 'NONE', #2174, #5214 ) ;
#952 = ORIENTED_EDGE ( 'NONE', *, *, #2072, .F. ) ;
#953 = ADVANCED_FACE ( 'NONE', ( #6020 ), #2263, .T. ) ;
#954 = CARTESIAN_POINT ( 'NONE',  ( 34.72110328229668141, 3.666908501725217207, 0.04495506328124317108 ) ) ;
#955 = PRODUCT_CONTEXT ( 'NONE', #6047, 'mechanical' ) ;
#956 = CARTESIAN_POINT ( 'NONE',  ( 31.46345359729858870, 3.039353032228814033, 0.4157325300429706716 ) ) ;
#957 = CARTESIAN_POINT ( 'NONE',  ( 45.96998881661135528, 3.282020369854668385, 0.02668187462846103100 ) ) ;
#958 = CARTESIAN_POINT ( 'NONE',  ( 25.03775095814506102, 2.935479234257797110, -4.352874284748089906 ) ) ;
#959 = CARTESIAN_POINT ( 'NONE',  ( 45.56765270799773049, 3.662353851710050900, 0.2569540498075081891 ) ) ;
#960 = ORIENTED_EDGE ( 'NONE', *, *, #5746, .T. ) ;
#961 = CARTESIAN_POINT ( 'NONE',  ( 48.07531098464185959, 3.256913463351192917, 0.4245159932024936134 ) ) ;
#962 = ORIENTED_EDGE ( 'NONE', *, *, #5343, .F. ) ;
#963 = EDGE_CURVE ( 'NONE', #4808, #4023, #2262, .T. ) ;
#964 = CARTESIAN_POINT ( 'NONE',  ( 35.49854513404105205, 3.188563679231969150, -0.4053397139651816472 ) ) ;
#965 = CARTESIAN_POINT ( 'NONE',  ( 36.74340948601911094, 2.858261358957955078, -0.1611559191274506975 ) ) ;
#966 = CARTESIAN_POINT ( 'NONE',  ( 51.70000000000000284, 3.981393742012989900, 0.8249999999999850786 ) ) ;
#967 = DIRECTION ( 'NONE',  ( -0.000000000000000000, -1.000000000000000000, -0.000000000000000000 ) ) ;
#968 = CARTESIAN_POINT ( 'NONE',  ( 39.74090169497890201, 3.813324633139196340, -0.5943314245498850790 ) ) ;
#969 = CARTESIAN_POINT ( 'NONE',  ( 41.46106315534724018, 2.387336089715123677, 0.2205946510712072650 ) ) ;
#970 = CARTESIAN_POINT ( 'NONE',  ( 42.93983505482678709, 2.730891350634340853, 0.6849559791488732952 ) ) ;
#971 = LINE ( 'NONE', #3024, #1357 ) ;
#972 = FACE_OUTER_BOUND ( 'NONE', #3109, .T. ) ;
#973 = CARTESIAN_POINT ( 'NONE',  ( 52.20000000000000284, 2.931393742012994963, -1.775000000000000133 ) ) ;
#974 = ORIENTED_EDGE ( 'NONE', *, *, #5823, .F. ) ;
#975 = CARTESIAN_POINT ( 'NONE',  ( 39.81572052368412074, 3.200470427690324637, -0.09666058144953273978 ) ) ;
#976 = VECTOR ( 'NONE', #1560, 1000.000000000000000 ) ;
#977 = SURFACE_STYLE_USAGE ( .BOTH. , #765 ) ;
#978 = CARTESIAN_POINT ( 'NONE',  ( 52.20000000000000284, 2.981393742012984571, 1.474999999999978106 ) ) ;
#979 = PLANE ( 'NONE',  #2483 ) ;
#980 = CARTESIAN_POINT ( 'NONE',  ( 31.60985403315104492, 3.093211492997044232, -0.3638939754813264593 ) ) ;
#981 = CARTESIAN_POINT ( 'NONE',  ( 45.14333685535502383, 3.094921191242336445, 0.3984402521577363743 ) ) ;
#982 = CARTESIAN_POINT ( 'NONE',  ( 42.49854513404306999, 2.921812184234044096, -0.2386553630611706334 ) ) ;
#983 = CARTESIAN_POINT ( 'NONE',  ( 38.88238719036019830, 3.353054323479470966, -0.05592331431728632396 ) ) ;
#984 = CARTESIAN_POINT ( 'NONE',  ( 29.06678294523873518, 3.490518528767135642, -0.7547969660528035529 ) ) ;
#985 = CARTESIAN_POINT ( 'NONE',  ( 34.25443661575972243, 3.578459542492147705, -0.2584897403251674719 ) ) ;
#986 = ORIENTED_EDGE ( 'NONE', *, *, #5840, .F. ) ;
#987 = ORIENTED_EDGE ( 'NONE', *, *, #6449, .F. ) ;
#988 = EDGE_CURVE ( 'NONE', #6241, #6182, #4102, .T. ) ;
#989 = PLANE ( 'NONE',  #1018 ) ;
#990 = EDGE_LOOP ( 'NONE', ( #6365, #4187, #1567, #1097 ) ) ;
#991 = DIRECTION ( 'NONE',  ( -3.510212787052005290E-15, -1.000000000000000000, -2.999999999999999839E-15 ) ) ;
#992 = DIRECTION ( 'NONE',  ( 7.000000000000000150E-15, -2.999999999999999839E-15, 1.000000000000000000 ) ) ;
#993 = CARTESIAN_POINT ( 'NONE',  ( 31.50000000000000711, 3.256393742013067083, 0.4000000000001205369 ) ) ;
#994 = DIRECTION ( 'NONE',  ( -0.5000000000000061062, 4.098076211353317325E-15, -0.8660254037844351549 ) ) ;
#995 = DIRECTION ( 'NONE',  ( 0.5492701657552517824, -0.8159112450799056449, 0.1805301225927583575 ) ) ;
#996 = ORIENTED_EDGE ( 'NONE', *, *, #5840, .T. ) ;
#997 = CARTESIAN_POINT ( 'NONE',  ( 33.78776995121341287, 3.301348803666412035, -0.4105147599304630468 ) ) ;
#998 = DIRECTION ( 'NONE',  ( 1.000000000000000000, 0.000000000000000000, -7.000000000000000150E-15 ) ) ;
#999 = CARTESIAN_POINT ( 'NONE',  ( 38.19439648867528092, 4.026894274854778466, 0.4585325855183265409 ) ) ;
#1000 = CARTESIAN_POINT ( 'NONE',  ( 37.57316836516714176, 2.508771526968621046, 0.4317157153933716129 ) ) ;
#1001 = CARTESIAN_POINT ( 'NONE',  ( 48.80000000000000426, 1.931393742012995185, 1.824999999999999956 ) ) ;
#1002 = CIRCLE ( 'NONE', #8299, 9.750000000000000000 ) ;
#1003 = CARTESIAN_POINT ( 'NONE',  ( 48.06954615951742937, 3.256944879279512595, 0.8244864296338976217 ) ) ;
#1004 = EDGE_LOOP ( 'NONE', ( #2351, #4818, #2487, #4153, #7785 ) ) ;
#1005 = CARTESIAN_POINT ( 'NONE',  ( 47.58174716997854858, 3.291593840852952813, 0.3917177348014955207 ) ) ;
#1006 = VERTEX_POINT ( 'NONE', #309 ) ;
#1007 = CARTESIAN_POINT ( 'NONE',  ( 32.69854658570662309, 3.661767853901102487, -0.06783208943117578771 ) ) ;
#1008 = FILL_AREA_STYLE_COLOUR ( '', #3822 ) ;
#1009 = CARTESIAN_POINT ( 'NONE',  ( 35.92285523974785377, 3.336013906999154788, 0.07483169096641283102 ) ) ;
#1010 = CARTESIAN_POINT ( 'NONE',  ( 44.90957529486983901, 3.276564300972226729, 0.4261744799732044009 ) ) ;
#1011 = CIRCLE ( 'NONE', #6536, 9.750000000000000000 ) ;
#1012 = CARTESIAN_POINT ( 'NONE',  ( 39.98825587131313597, 4.059779704439544723, 0.3186252142375963214 ) ) ;
#1013 = CARTESIAN_POINT ( 'NONE',  ( 45.35217706658694681, 4.099207109531703530, -0.005058572039445312363 ) ) ;
#1014 = CARTESIAN_POINT ( 'NONE',  ( 51.35000000000000142, 1.831393742012989989, -1.935000000000000085E-14 ) ) ;
#1015 = CARTESIAN_POINT ( 'NONE',  ( 47.48098989623284183, 3.202708356862089989, -0.3740124348085139827 ) ) ;
#1016 = EDGE_CURVE ( 'NONE', #5628, #4396, #8061, .T. ) ;
#1017 = LINE ( 'NONE', #8025, #3290 ) ;
#1018 = AXIS2_PLACEMENT_3D ( 'NONE', #5507, #2131, #3497 ) ;
#1019 = ORIENTED_EDGE ( 'NONE', *, *, #5587, .T. ) ;
#1020 = CARTESIAN_POINT ( 'NONE',  ( 42.86240283118836203, 3.476199849568354594, 0.07846237257412611021 ) ) ;
#1021 = EDGE_CURVE ( 'NONE', #6018, #3597, #5376, .T. ) ;
#1022 = CARTESIAN_POINT ( 'NONE',  ( 24.96791241634318581, 1.625690120991741594, -5.508069892759422714 ) ) ;
#1023 = AXIS2_PLACEMENT_3D ( 'NONE', #4547, #7984, #4162 ) ;
#1024 = CARTESIAN_POINT ( 'NONE',  ( 48.59999999999999432, 4.381393742013000470, -0.3749999999999925060 ) ) ;
#1025 = DIRECTION ( 'NONE',  ( 0.3022482188480728471, -0.8491185186067461421, 0.4331786647126706358 ) ) ;
#1026 = CARTESIAN_POINT ( 'NONE',  ( 34.56521180070719623, 2.851054027286450410, 0.06783006281440141783 ) ) ;
#1027 = CARTESIAN_POINT ( 'NONE',  ( 39.34905385703837055, 3.364286849429631410, 0.02880559786475071424 ) ) ;
#1028 = CARTESIAN_POINT ( 'NONE',  ( 30.71538916661405594, 3.925002242666348451, 0.3954748071076416016 ) ) ;
#1029 = CARTESIAN_POINT ( 'NONE',  ( 52.44999999999999574, 2.081393742012989989, -0.3000000000000264677 ) ) ;
#1030 = CARTESIAN_POINT ( 'NONE',  ( 38.37674281935038323, 3.685891802205856216, -0.003470011671381868779 ) ) ;
#1031 = FACE_OUTER_BOUND ( 'NONE', #4699, .T. ) ;
#1032 = ORIENTED_EDGE ( 'NONE', *, *, #3961, .T. ) ;
#1033 = VERTEX_POINT ( 'NONE', #3312 ) ;
#1034 = CARTESIAN_POINT ( 'NONE',  ( 46.38117082045368278, 3.591954077435945081, 0.05867563128566699593 ) ) ;
#1035 = LINE ( 'NONE', #7958, #6287 ) ;
#1036 = ORIENTED_EDGE ( 'NONE', *, *, #5327, .F. ) ;
#1037 = FACE_OUTER_BOUND ( 'NONE', #2987, .T. ) ;
#1038 = CARTESIAN_POINT ( 'NONE',  ( 51.29999999999999716, 3.981393742012995229, -1.475000000000011857 ) ) ;
#1039 =( NAMED_UNIT ( * ) PLANE_ANGLE_UNIT ( ) SI_UNIT ( $, .RADIAN. ) );
#1040 = VECTOR ( 'NONE', #12, 1000.000000000000114 ) ;
#1041 = CARTESIAN_POINT ( 'NONE',  ( 45.60981462212834714, 3.619905315264720702, -0.1631237060645720494 ) ) ;
#1042 = CARTESIAN_POINT ( 'NONE',  ( 46.58018908645584588, 2.951877934492536326, -0.5119121207760302106 ) ) ;
#1043 = ORIENTED_EDGE ( 'NONE', *, *, #5549, .T. ) ;
#1044 = CARTESIAN_POINT ( 'NONE',  ( 38.37674281935038323, 3.685891802205856216, -0.003470011671381868779 ) ) ;
#1045 = DIRECTION ( 'NONE',  ( -7.000000000000000150E-15, 2.999999999999999839E-15, -1.000000000000000000 ) ) ;
#1046 = CARTESIAN_POINT ( 'NONE',  ( 37.96702774789753221, 4.149693735766647684, 0.09158994922484009482 ) ) ;
#1047 = CARTESIAN_POINT ( 'NONE',  ( 25.74173295618509982, 3.730461837990941110, -3.373928905680930512 ) ) ;
#1048 = SURFACE_STYLE_USAGE ( .BOTH. , #535 ) ;
#1049 =( BOUNDED_SURFACE ( )  B_SPLINE_SURFACE ( 3, 3, ( 
 ( #8357, #647, #1295, #6325, #7730, #6484, #6404, #5124, #1853, #5206, #4561, #7037, #530, #2514, #7646, #3765, #3216, #610 ),
 ( #4480, #5846, #4402, #2634, #3854, #5082, #1932, #5688, #8315, #5164, #3181, #1890, #6998, #18, #2552, #5811, #2595, #1251 ),
 ( #5732, #8272, #1214, #5775, #7767, #6364, #1971, #3138, #569, #7686, #4521, #3253, #7120, #1336, #7810, #2012, #102, #5244 ),
 ( #7996, #2046, #1502, #1547, #7321, #4047, #7881, #1418, #2208, #4600, #2087, #6010, #221, #766, #4721, #3375, #6049, #2672 ),
 ( #1460, #4094, #4007, #3968, #7201, #4639, #4680, #6690, #6566, #1376, #2754, #6646, #7848, #3335, #7923, #7243, #811, #5927 ),
 ( #3930, #140, #3414, #174, #2712, #853, #899, #5330, #7957, #3295, #5283, #5891, #2793, #2130, #2834, #5372, #6604, #5968 ),
 ( #2168, #7279, #3456, #258, #5412, #4767, #6520, #722, #2420, #8045, #1672, #4227, #1034, #5551, #6265, #6228, #3001, #2962 ) ),
 .UNSPECIFIED., .T., .F., .F. ) 
 B_SPLINE_SURFACE_WITH_KNOTS ( ( 4, 3, 4 ),
 ( 4, 2, 2, 2, 2, 2, 2, 2, 4 ),
 ( 0.000000000000000000, 0.5000000000000000000, 1.000000000000000000 ),
 ( 0.02102900256225530631, 0.02372079054736778159, 0.02641257853248025339, 0.03179615450270520394, 0.04256330644315510503, 0.06409761032405490722, 0.09748329868837665724, 0.1141761428705375392, 0.1308689870526984211 ),
 .UNSPECIFIED. ) 
 GEOMETRIC_REPRESENTATION_ITEM ( )  RATIONAL_B_SPLINE_SURFACE ( (
 ( 1.000000000000000000, 1.000000000000000000, 1.000000000000000000, 1.000000000000000000, 1.000000000000000000, 1.000000000000000000, 1.000000000000000000, 1.000000000000000000, 1.000000000000000000, 1.000000000000000000, 1.000000000000000000, 1.000000000000000000, 1.000000000000000000, 1.000000000000000000, 1.000000000000000000, 1.000000000000000000, 1.000000000000000000, 1.000000000000000000),
 ( 0.3333333333333333703, 0.3333333333333333703, 0.3333333333333333703, 0.3333333333333333703, 0.3333333333333333703, 0.3333333333333333703, 0.3333333333333333703, 0.3333333333333333703, 0.3333333333333333703, 0.3333333333333333703, 0.3333333333333333703, 0.3333333333333333703, 0.3333333333333333703, 0.3333333333333333703, 0.3333333333333333703, 0.3333333333333333703, 0.3333333333333333703, 0.3333333333333333703),
 ( 0.3333333333333333703, 0.3333333333333333703, 0.3333333333333333703, 0.3333333333333333703, 0.3333333333333333703, 0.3333333333333333703, 0.3333333333333333703, 0.3333333333333333703, 0.3333333333333333703, 0.3333333333333333703, 0.3333333333333333703, 0.3333333333333333703, 0.3333333333333333703, 0.3333333333333333703, 0.3333333333333333703, 0.3333333333333333703, 0.3333333333333333703, 0.3333333333333333703),
 ( 1.000000000000000000, 1.000000000000000000, 1.000000000000000000, 1.000000000000000000, 1.000000000000000000, 1.000000000000000000, 1.000000000000000000, 1.000000000000000000, 1.000000000000000000, 1.000000000000000000, 1.000000000000000000, 1.000000000000000000, 1.000000000000000000, 1.000000000000000000, 1.000000000000000000, 1.000000000000000000, 1.000000000000000000, 1.000000000000000000),
 ( 0.3333333333333333703, 0.3333333333333333703, 0.3333333333333333703, 0.3333333333333333703, 0.3333333333333333703, 0.3333333333333333703, 0.3333333333333333703, 0.3333333333333333703, 0.3333333333333333703, 0.3333333333333333703, 0.3333333333333333703, 0.3333333333333333703, 0.3333333333333333703, 0.3333333333333333703, 0.3333333333333333703, 0.3333333333333333703, 0.3333333333333333703, 0.3333333333333333703),
 ( 0.3333333333333333703, 0.3333333333333333703, 0.3333333333333333703, 0.3333333333333333703, 0.3333333333333333703, 0.3333333333333333703, 0.3333333333333333703, 0.3333333333333333703, 0.3333333333333333703, 0.3333333333333333703, 0.3333333333333333703, 0.3333333333333333703, 0.3333333333333333703, 0.3333333333333333703, 0.3333333333333333703, 0.3333333333333333703, 0.3333333333333333703, 0.3333333333333333703),
 ( 1.000000000000000000, 1.000000000000000000, 1.000000000000000000, 1.000000000000000000, 1.000000000000000000, 1.000000000000000000, 1.000000000000000000, 1.000000000000000000, 1.000000000000000000, 1.000000000000000000, 1.000000000000000000, 1.000000000000000000, 1.000000000000000000, 1.000000000000000000, 1.000000000000000000, 1.000000000000000000, 1.000000000000000000, 1.000000000000000000) ) ) 
 REPRESENTATION_ITEM ( '' )  SURFACE ( )  );
#1050 = ORIENTED_EDGE ( 'NONE', *, *, #4679, .T. ) ;
#1051 = CARTESIAN_POINT ( 'NONE',  ( 47.09738204415085505, 2.990648716353072167, 0.2954304375120099801 ) ) ;
#1052 = ORIENTED_EDGE ( 'NONE', *, *, #8184, .F. ) ;
#1053 = CARTESIAN_POINT ( 'NONE',  ( 51.39999999999999858, 1.831393742012995096, -0.4500000000000199951 ) ) ;
#1054 = CARTESIAN_POINT ( 'NONE',  ( 45.10601377101374254, 3.156690072339817910, -0.06075275577823974898 ) ) ;
#1055 = VERTEX_POINT ( 'NONE', #7097 ) ;
#1056 = CARTESIAN_POINT ( 'NONE',  ( 39.47923264373509511, 3.731499925519843330, -0.08302774555432863857 ) ) ;
#1057 = CARTESIAN_POINT ( 'NONE',  ( 43.25492253732147674, 2.463012025881468059, 0.3427776127088245084 ) ) ;
#1058 = DIRECTION ( 'NONE',  ( 2.999999999999999839E-15, 1.000000000000000000, 2.999999999999999839E-15 ) ) ;
#1059 = CARTESIAN_POINT ( 'NONE',  ( 49.09999999999999432, 4.831393742013000647, -1.474999999999999867 ) ) ;
#1060 = DIRECTION ( 'NONE',  ( -2.999999999999999839E-15, -1.000000000000000000, -2.999999999999999839E-15 ) ) ;
#1061 = EDGE_CURVE ( 'NONE', #8349, #7006, #7399, .T. ) ;
#1062 = EDGE_LOOP ( 'NONE', ( #7281, #1043, #3827, #4854 ) ) ;
#1063 = CARTESIAN_POINT ( 'NONE',  ( 31.72584661687762875, 3.147862708791261177, 0.001347954666536627056 ) ) ;
#1064 = LINE ( 'NONE', #4419, #2215 ) ;
#1065 = DIRECTION ( 'NONE',  ( 2.999999999999999839E-15, 1.000000000000000000, 0.000000000000000000 ) ) ;
#1066 = ADVANCED_FACE ( 'NONE', ( #3867 ), #1987, .T. ) ;
#1067 = CARTESIAN_POINT ( 'NONE',  ( 24.79878672141028773, 1.842542358371877409, 4.519610370351712980 ) ) ;
#1068 = DIRECTION ( 'NONE',  ( -1.734723475976807094E-17, -1.000000000000000000, 2.775557561562891043E-17 ) ) ;
#1069 = CARTESIAN_POINT ( 'NONE',  ( 37.75443661562896125, 3.057763481858819965, 0.3620626263887415930 ) ) ;
#1070 = CARTESIAN_POINT ( 'NONE',  ( 35.14905385702147811, 3.353054323468413589, -0.05592331432056579094 ) ) ;
#1071 = CARTESIAN_POINT ( 'NONE',  ( 29.25075028392798160, 3.495720949324072624, -0.6176274807469721573 ) ) ;
#1072 = LINE ( 'NONE', #6260, #2454 ) ;
#1073 = CARTESIAN_POINT ( 'NONE',  ( 31.60985403315105913, 3.419575991029049522, 0.3638939754815675998 ) ) ;
#1074 = CARTESIAN_POINT ( 'NONE',  ( 29.45944211630342124, 2.892674059611622717, 1.150553107503537120 ) ) ;
#1075 = VERTEX_POINT ( 'NONE', #3826 ) ;
#1076 = ORIENTED_EDGE ( 'NONE', *, *, #7469, .T. ) ;
#1077 = LINE ( 'NONE', #475, #7287 ) ;
#1078 = CARTESIAN_POINT ( 'NONE',  ( 31.24711288162478695, 3.053776531749345491, 0.1025035139318049709 ) ) ;
#1079 = ORIENTED_EDGE ( 'NONE', *, *, #1247, .T. ) ;
#1080 = CARTESIAN_POINT ( 'NONE',  ( 49.09999999999999432, 1.631393742013004911, -1.824999999999999956 ) ) ;
#1081 = CYLINDRICAL_SURFACE ( 'NONE', #5933, 10.00000000000000000 ) ;
#1082 = DIRECTION ( 'NONE',  ( -0.5620479482407572114, 3.270674339014198059E-17, 0.8271046511042935423 ) ) ;
#1083 = ADVANCED_FACE ( 'NONE', ( #1267, #1909, #780 ), #2570, .T. ) ;
#1084 = CARTESIAN_POINT ( 'NONE',  ( 46.67348841029671291, 3.549371416874809615, 0.1220894337825424170 ) ) ;
#1085 = ORIENTED_EDGE ( 'NONE', *, *, #5691, .T. ) ;
#1086 = LINE ( 'NONE', #3638, #2753 ) ;
#1087 = DIRECTION ( 'NONE',  ( -0.000000000000000000, -1.000000000000000000, -0.000000000000000000 ) ) ;
#1088 = CARTESIAN_POINT ( 'NONE',  ( 37.57316836516714176, 4.004015957057438513, -0.4317157153932144054 ) ) ;
#1089 = CARTESIAN_POINT ( 'NONE',  ( 36.33369441454615156, 4.046645366488993645, 0.4264691872542311635 ) ) ;
#1090 = VECTOR ( 'NONE', #5404, 1000.000000000000000 ) ;
#1091 = FACE_BOUND ( 'NONE', #2792, .T. ) ;
#1092 = AXIS2_PLACEMENT_3D ( 'NONE', #5263, #5722, #6545 ) ;
#1093 = PLANE ( 'NONE',  #1305 ) ;
#1094 = EDGE_CURVE ( 'NONE', #5157, #5640, #742, .T. ) ;
#1095 = EDGE_LOOP ( 'NONE', ( #6069, #3412, #6539, #7126 ) ) ;
#1096 = CARTESIAN_POINT ( 'NONE',  ( 45.75762645567561293, 3.252312741231194515, 0.3320648881077659653 ) ) ;
#1097 = ORIENTED_EDGE ( 'NONE', *, *, #7113, .T. ) ;
#1098 = CARTESIAN_POINT ( 'NONE',  ( 35.65443661563279676, 3.301348805313893742, -0.4105147597397035830 ) ) ;
#1099 = CARTESIAN_POINT ( 'NONE',  ( 40.66630558544249396, 3.170055527750254232, 0.07255192938921398160 ) ) ;
#1100 = EDGE_CURVE ( 'NONE', #1159, #6567, #658, .T. ) ;
#1101 = CARTESIAN_POINT ( 'NONE',  ( 37.92376106968770699, 2.783084751874800755, -0.1657732618567976934 ) ) ;
#1102 = DIRECTION ( 'NONE',  ( 7.000000000000000150E-15, -2.999999999999999839E-15, 1.000000000000000000 ) ) ;
#1103 = DIRECTION ( 'NONE',  ( 1.734723475976807094E-17, 1.000000000000000000, -2.775557561562891043E-17 ) ) ;
#1104 = DIRECTION ( 'NONE',  ( 2.870543024180855264E-15, 1.000000000000000000, 2.999999999999999839E-15 ) ) ;
#1105 = CARTESIAN_POINT ( 'NONE',  ( 40.06240284801620533, 3.177931366997541307, 0.2198060693201878968 ) ) ;
#1106 = LINE ( 'NONE', #5630, #1146 ) ;
#1107 = CARTESIAN_POINT ( 'NONE',  ( 27.18191376433519935, 3.463726198661245093, 2.369050042655923782 ) ) ;
#1108 = CARTESIAN_POINT ( 'NONE',  ( 24.96791241634318226, 1.577156155566249218, 5.508069892759419162 ) ) ;
#1109 = EDGE_CURVE ( 'NONE', #6342, #2095, #5140, .T. ) ;
#1110 = CARTESIAN_POINT ( 'NONE',  ( 45.49257779767750520, 3.299207122943752957, 0.09945227611162878179 ) ) ;
#1111 = LINE ( 'NONE', #6132, #1225 ) ;
#1112 = DIRECTION ( 'NONE',  ( 0.7745966692414809618, 0.4472135954999575391, -0.4472135954999625351 ) ) ;
#1113 = CARTESIAN_POINT ( 'NONE',  ( 1.169537693185722361E-15, 5.000000000000000000, 9.549999999999998934 ) ) ;
#1114 = AXIS2_PLACEMENT_3D ( 'NONE', #762, #134, #7762 ) ;
#1115 = ORIENTED_EDGE ( 'NONE', *, *, #4939, .T. ) ;
#1116 = CARTESIAN_POINT ( 'NONE',  ( 30.65498695834394383, 3.015480188737282408, 0.5614875881596824714 ) ) ;
#1117 = ORIENTED_EDGE ( 'NONE', *, *, #3736, .F. ) ;
#1118 = CYLINDRICAL_SURFACE ( 'NONE', #4524, 10.00000000000000000 ) ;
#1119 = CARTESIAN_POINT ( 'NONE',  ( 9.750000000000000000, -0.05000000000000000278, 6.808388610744110674E-14 ) ) ;
#1120 = CARTESIAN_POINT ( 'NONE',  ( 49.29999999999999716, 3.981393742012995229, 1.474999999999999867 ) ) ;
#1121 = CARTESIAN_POINT ( 'NONE',  ( -8.050000000000000711, 2.146246611364780191E-31, -5.719869022868807001E-14 ) ) ;
#1122 = EDGE_CURVE ( 'NONE', #4855, #6452, #3904, .T. ) ;
#1123 = B_SPLINE_CURVE_WITH_KNOTS ( 'NONE', 3,
 ( #4370, #4203, #4970, #6293, #499, #5657 ),
 .UNSPECIFIED., .F., .F.,
 ( 4, 2, 4 ),
 ( 0.000000000000000000, 0.5000000000000000000, 0.9487944670623004173 ),
 .UNSPECIFIED. ) ;
#1124 = ORIENTED_EDGE ( 'NONE', *, *, #5862, .F. ) ;
#1125 = ORIENTED_EDGE ( 'NONE', *, *, #5438, .F. ) ;
#1126 = CARTESIAN_POINT ( 'NONE',  ( 34.56521180070720334, 3.661733456739625581, -0.06783006281420211891 ) ) ;
#1127 = CARTESIAN_POINT ( 'NONE',  ( 25.50844145124333906, 2.588649715181440047, 4.024452377677166126 ) ) ;
#1128 = CARTESIAN_POINT ( 'NONE',  ( 44.40756790410932098, 2.662061524141547952, -0.5569319571326342144 ) ) ;
#1129 = CARTESIAN_POINT ( 'NONE',  ( 38.18617227518772239, 2.450400773209440164, 0.2558971556467893316 ) ) ;
#1130 = CARTESIAN_POINT ( 'NONE',  ( 52.44999999999999574, 2.081393742012989989, -0.3000000000000264677 ) ) ;
#1131 = DIRECTION ( 'NONE',  ( 1.000000000000000000, 0.000000000000000000, -7.000000000000000150E-15 ) ) ;
#1132 = EDGE_LOOP ( 'NONE', ( #6324, #7411, #1805, #445 ) ) ;
#1133 = CARTESIAN_POINT ( 'NONE',  ( 48.16494492839988339, 2.856393742012992121, 0.8250000000000079492 ) ) ;
#1134 = ORIENTED_EDGE ( 'NONE', *, *, #5862, .T. ) ;
#1135 = DIRECTION ( 'NONE',  ( 7.000000000000000150E-15, -2.999999999999999839E-15, 1.000000000000000000 ) ) ;
#1136 = SURFACE_STYLE_USAGE ( .BOTH. , #6919 ) ;
#1137 = CARTESIAN_POINT ( 'NONE',  ( 34.52285524054820343, 3.253007780234052237, -0.1092139560806567877 ) ) ;
#1138 = CARTESIAN_POINT ( 'NONE',  ( 37.42158920465517724, 2.654579930432805490, 0.6202992567803580215 ) ) ;
#1139 = STYLED_ITEM ( 'NONE', ( #7902 ), #6579 ) ;
#1140 = CARTESIAN_POINT ( 'NONE',  ( 45.57197750855588936, 3.984765614824987701, -0.3219157226630270374 ) ) ;
#1141 = FACE_OUTER_BOUND ( 'NONE', #7551, .T. ) ;
#1142 = DIRECTION ( 'NONE',  ( 2.666144858838235626E-32, 1.000000000000000000, 1.861759004257252044E-46 ) ) ;
#1143 = LINE ( 'NONE', #4977, #3562 ) ;
#1144 = VERTEX_POINT ( 'NONE', #7055 ) ;
#1145 = CARTESIAN_POINT ( 'NONE',  ( 41.77020941615293026, 3.270459132378766842, -0.2358574302322323513 ) ) ;
#1146 = VECTOR ( 'NONE', #4264, 1000.000000000000000 ) ;
#1147 = CARTESIAN_POINT ( 'NONE',  ( 30.40649478394737315, 3.705831218681598038, -0.3265598408097679650 ) ) ;
#1148 = CARTESIAN_POINT ( 'NONE',  ( 25.49408096888841158, 1.905235870998244652, 4.034472331492788832 ) ) ;
#1149 = CARTESIAN_POINT ( 'NONE',  ( 49.09999999999999432, 3.531393742012994608, 1.775000000000000133 ) ) ;
#1150 = CARTESIAN_POINT ( 'NONE',  ( 42.14905385701725038, 3.227588144186594121, 0.1078931073913627497 ) ) ;
#1151 = CARTESIAN_POINT ( 'NONE',  ( 33.52906951386735557, 3.476199811303100962, 0.07846237927535093526 ) ) ;
#1152 = CARTESIAN_POINT ( 'NONE',  ( 31.51002320087813757, 3.481099535232901498, 0.3382121326381417603 ) ) ;
#1153 = CARTESIAN_POINT ( 'NONE',  ( 48.70000000000000284, 2.531393742012999937, -0.8249999999999999556 ) ) ;
#1154 = VECTOR ( 'NONE', #8163, 1000.000000000000000 ) ;
#1155 = AXIS2_PLACEMENT_3D ( 'NONE', #4711, #7189, #2001 ) ;
#1156 = CARTESIAN_POINT ( 'NONE',  ( 45.94144436699999545, 2.471406858061201195, -0.3506831449308225879 ) ) ;
#1157 = CARTESIAN_POINT ( 'NONE',  ( 48.59999999999999432, 3.981393742013000114, -0.1249999999999965861 ) ) ;
#1158 = AXIS2_PLACEMENT_3D ( 'NONE', #6624, #8068, #7262 ) ;
#1159 = VERTEX_POINT ( 'NONE', #3231 ) ;
#1160 = DIRECTION ( 'NONE',  ( -1.000000000000000000, 2.666144858838235626E-32, -6.982962677686266711E-15 ) ) ;
#1161 = AXIS2_PLACEMENT_3D ( 'NONE', #1623, #8033, #7403 ) ;
#1162 = DIRECTION ( 'NONE',  ( 2.666144858838235626E-32, 1.000000000000000000, 1.861759004257252044E-46 ) ) ;
#1163 = CARTESIAN_POINT ( 'NONE',  ( 29.58491703248251525, 2.888308474261557901, 1.055561162576485135 ) ) ;
#1164 = ORIENTED_EDGE ( 'NONE', *, *, #5593, .T. ) ;
#1165 = PLANE ( 'NONE',  #6436 ) ;
#1166 = LINE ( 'NONE', #6186, #4694 ) ;
#1167 = DIRECTION ( 'NONE',  ( -4.336808689942015369E-15, -1.000000000000000000, -2.999999999999999839E-15 ) ) ;
#1168 = VECTOR ( 'NONE', #7860, 1000.000000000000000 ) ;
#1169 = ORIENTED_EDGE ( 'NONE', *, *, #3682, .F. ) ;
#1170 = ORIENTED_EDGE ( 'NONE', *, *, #7368, .T. ) ;
#1171 = DIRECTION ( 'NONE',  ( -0.7071067811865450192, 0.7071067811865500152, 7.071067811865450484E-15 ) ) ;
#1172 = PLANE ( 'NONE',  #4316 ) ;
#1173 = CARTESIAN_POINT ( 'NONE',  ( 45.49570644859682744, 3.934373143438429477, -0.4159401623494225486 ) ) ;
#1174 = EDGE_CURVE ( 'NONE', #79, #7890, #5861, .T. ) ;
#1175 = CIRCLE ( 'NONE', #909, 1.499999999999999556 ) ;
#1176 = CARTESIAN_POINT ( 'NONE',  ( 32.74086158356650600, 4.070499937811680624, -0.02639055785013261907 ) ) ;
#1177 = CARTESIAN_POINT ( 'NONE',  ( 25.45816075205803131, 2.115669897798787336, -4.059535480821150344 ) ) ;
#1178 = EDGE_CURVE ( 'NONE', #508, #5280, #3266, .T. ) ;
#1179 = CARTESIAN_POINT ( 'NONE',  ( 31.46952135310356979, 3.153390967521392252, 0.04578805681997841215 ) ) ;
#1180 = ORIENTED_EDGE ( 'NONE', *, *, #2077, .T. ) ;
#1181 = CARTESIAN_POINT ( 'NONE',  ( 47.73678728081453926, 3.272765287376413035, 0.8096107642334724463 ) ) ;
#1182 = VERTEX_POINT ( 'NONE', #6422 ) ;
#1183 = DIRECTION ( 'NONE',  ( 2.783159565502880019E-15, 1.000000000000000000, 0.000000000000000000 ) ) ;
#1184 = SURFACE_STYLE_FILL_AREA ( #5525 ) ;
#1185 = CARTESIAN_POINT ( 'NONE',  ( 45.34943176543428933, 3.299595531747342658, 0.2236610021684352911 ) ) ;
#1186 = CARTESIAN_POINT ( 'NONE',  ( 43.58776991527756905, 3.578459235657315052, -0.2584896670904497928 ) ) ;
#1187 = CARTESIAN_POINT ( 'NONE',  ( 26.68147326895346794, 2.688468551125342110, 3.205975369379622464 ) ) ;
#1188 = LINE ( 'NONE', #5532, #2053 ) ;
#1189 = VECTOR ( 'NONE', #7248, 1000.000000000000000 ) ;
#1190 = ORIENTED_EDGE ( 'NONE', *, *, #3220, .F. ) ;
#1191 = CARTESIAN_POINT ( 'NONE',  ( 41.96778560660151669, 2.953146955150987019, -0.3726542400550396095 ) ) ;
#1192 = LINE ( 'NONE', #5537, #3683 ) ;
#1193 = CARTESIAN_POINT ( 'NONE',  ( 25.17552836200584210, 2.028983853716442631, 4.256740799178070134 ) ) ;
#1194 = DIRECTION ( 'NONE',  ( -0.9945218953682737340, -0.1045284632676499736, 6.648067877774959793E-15 ) ) ;
#1195 = CARTESIAN_POINT ( 'NONE',  ( 43.38952190593451519, 3.176773572449630656, -0.07483168987788987869 ) ) ;
#1196 = CARTESIAN_POINT ( 'NONE',  ( 40.68545120599247156, 3.494639151290336088, -0.04034631268807485627 ) ) ;
#1197 = CARTESIAN_POINT ( 'NONE',  ( 30.95894478463011623, 3.511530574905549429, -0.2883637331980967167 ) ) ;
#1198 = DIRECTION ( 'NONE',  ( -2.999999999999999839E-15, -1.000000000000000000, -2.999999999999999839E-15 ) ) ;
#1199 = DIRECTION ( 'NONE',  ( -1.216840434497162101E-15, 1.000000000000000000, 0.000000000000000000 ) ) ;
#1200 = EDGE_CURVE ( 'NONE', #4512, #1355, #1392, .T. ) ;
#1201 = VERTEX_POINT ( 'NONE', #3980 ) ;
#1202 = FACE_OUTER_BOUND ( 'NONE', #4020, .T. ) ;
#1203 = CARTESIAN_POINT ( 'NONE',  ( 0.000000000000000000, 1.000000000000001776, 0.000000000000000000 ) ) ;
#1204 = CARTESIAN_POINT ( 'NONE',  ( 29.93098407315487108, 3.423170676687306457, 0.9425857248818804157 ) ) ;
#1205 = ORIENTED_EDGE ( 'NONE', *, *, #5760, .T. ) ;
#1206 = CARTESIAN_POINT ( 'NONE',  ( 52.20000000000000284, 3.531393742012984838, 1.775000000000000133 ) ) ;
#1207 = ADVANCED_FACE ( 'NONE', ( #5787 ), #3943, .T. ) ;
#1208 = CARTESIAN_POINT ( 'NONE',  ( 48.80000000000000426, 4.531393742012990167, 2.125000000000000000 ) ) ;
#1209 = DIRECTION ( 'NONE',  ( -0.9396029094275818450, 0.3419874910615649521, 0.01381768984453099827 ) ) ;
#1210 = ORIENTED_EDGE ( 'NONE', *, *, #5027, .F. ) ;
#1211 = EDGE_CURVE ( 'NONE', #1716, #6573, #7745, .T. ) ;
#1212 = ORIENTED_EDGE ( 'NONE', *, *, #5110, .T. ) ;
#1213 = CARTESIAN_POINT ( 'NONE',  ( 25.00863522119763616, 1.727156155566248907, -5.299041726028370647 ) ) ;
#1214 = CARTESIAN_POINT ( 'NONE',  ( 48.06337017401779121, 2.856978988474405234, 0.8244543345036392523 ) ) ;
#1215 = CARTESIAN_POINT ( 'NONE',  ( 42.03187846737970546, 3.661733455982842944, -0.06783006277898963321 ) ) ;
#1217 = ADVANCED_FACE ( 'NONE', ( #4492 ), #33, .F. ) ;
#1216 = CARTESIAN_POINT ( 'NONE',  ( 45.53227765311667952, 2.913614496072386650, 0.2106839993873539651 ) ) ;
#1218 = CARTESIAN_POINT ( 'NONE',  ( 51.39999999999999858, 1.831393742012995096, -0.4500000000000199951 ) ) ;
#1219 = CARTESIAN_POINT ( 'NONE',  ( 47.52589099678485951, 3.295420764740003339, 0.7880891277508331738 ) ) ;
#1220 = EDGE_LOOP ( 'NONE', ( #7421, #497, #8290, #2083 ) ) ;
#1221 = FACE_OUTER_BOUND ( 'NONE', #2088, .T. ) ;
#1222 = CARTESIAN_POINT ( 'NONE',  ( 38.97020941614470502, 3.020536311765249948, -0.01406539035265797974 ) ) ;
#1223 = CARTESIAN_POINT ( 'NONE',  ( 37.59854513404338405, 3.163943755689396120, 0.4004425066836993508 ) ) ;
#1224 = CARTESIAN_POINT ( 'NONE',  ( 41.45283894185715212, 3.645370221794618448, -0.7508697078731282337 ) ) ;
#1225 = VECTOR ( 'NONE', #8215, 999.9999999999998863 ) ;
#1226 = CARTESIAN_POINT ( 'NONE',  ( 25.76776897028259938, 3.377601604363638543, 3.355762408742090752 ) ) ;
#1227 = ADVANCED_FACE ( 'NONE', ( #4695 ), #2227, .F. ) ;
#1228 = ORIENTED_EDGE ( 'NONE', *, *, #5621, .F. ) ;
#1229 = CARTESIAN_POINT ( 'NONE',  ( 41.92906951465955245, 3.334856117030112976, -0.2198060693861154380 ) ) ;
#1230 = CARTESIAN_POINT ( 'NONE',  ( 48.50000000000000000, 1.631393742013004911, -1.824999999999999956 ) ) ;
#1231 = DIRECTION ( 'NONE',  ( 0.000000000000000000, 0.000000000000000000, -1.000000000000000000 ) ) ;
#1232 = CARTESIAN_POINT ( 'NONE',  ( 34.09854513467972481, 3.495049117955309370, -0.3345815717126813804 ) ) ;
#1233 = CARTESIAN_POINT ( 'NONE',  ( 37.08952190644337321, 3.355998527743342397, -0.04492259245913814147 ) ) ;
#1234 = CARTESIAN_POINT ( 'NONE',  ( 43.32906921555382240, 3.156448174108769766, -0.2109080640273628127 ) ) ;
#1235 = CARTESIAN_POINT ( 'NONE',  ( 29.70037145111914612, 3.299476756846305925, -0.6918293376096040781 ) ) ;
#1236 = CARTESIAN_POINT ( 'NONE',  ( 51.29999999999999716, 3.981393742012985459, 1.474999999999988098 ) ) ;
#1237 = CARTESIAN_POINT ( 'NONE',  ( 48.16494492839986918, 2.856393742013002779, -0.4249999999999988787 ) ) ;
#1238 = LINE ( 'NONE', #1921, #8192 ) ;
#1239 = ORIENTED_EDGE ( 'NONE', *, *, #7011, .F. ) ;
#1240 = CARTESIAN_POINT ( 'NONE',  ( 31.39014596684895508, 3.419575991029009998, -0.4361060245184316675 ) ) ;
#1241 = LINE ( 'NONE', #6314, #68 ) ;
#1242 = CARTESIAN_POINT ( 'NONE',  ( 31.29761222151085676, 3.072160531346412427, 0.08148455955750145974 ) ) ;
#1243 = ORIENTED_EDGE ( 'NONE', *, *, #7722, .F. ) ;
#1244 = CARTESIAN_POINT ( 'NONE',  ( 48.59999999999999432, 2.381393742012994696, 0.8249999999999999556 ) ) ;
#1245 = CARTESIAN_POINT ( 'NONE',  ( 24.90506675399730696, 1.727156155566248685, -3.957708509760041515 ) ) ;
#1246 = CARTESIAN_POINT ( 'NONE',  ( 40.49042773635246562, 3.228420756770043365, -0.5007191693807003796 ) ) ;
#1247 = EDGE_CURVE ( 'NONE', #1546, #8349, #5195, .T. ) ;
#1248 = ORIENTED_EDGE ( 'NONE', *, *, #7983, .F. ) ;
#1249 = ORIENTED_EDGE ( 'NONE', *, *, #6431, .F. ) ;
#1250 = LINE ( 'NONE', #8356, #5044 ) ;
#1251 = CARTESIAN_POINT ( 'NONE',  ( 45.56906100969094098, 3.226618678250773531, -0.1025864099607544239 ) ) ;
#1252 = ORIENTED_EDGE ( 'NONE', *, *, #4817, .T. ) ;
#1253 = AXIS2_PLACEMENT_3D ( 'NONE', #4572, #1391, #6535 ) ;
#1254 = CARTESIAN_POINT ( 'NONE',  ( 41.64340948601828529, 3.557641064093699512, -0.3061546596490402061 ) ) ;
#1255 = FACE_OUTER_BOUND ( 'NONE', #7972, .T. ) ;
#1256 = CARTESIAN_POINT ( 'NONE',  ( 48.50000000000000000, 4.831393742012989989, 1.824999999999999956 ) ) ;
#1257 = CARTESIAN_POINT ( 'NONE',  ( 30.99600925282542363, 3.052124857874221053, -0.7631986024429949778 ) ) ;
#1258 = ORIENTED_EDGE ( 'NONE', *, *, #2185, .F. ) ;
#1259 = CARTESIAN_POINT ( 'NONE',  ( 45.43093899030911587, 4.086168805775235668, 0.1025864099608052304 ) ) ;
#1260 = VERTEX_POINT ( 'NONE', #7293 ) ;
#1261 = CARTESIAN_POINT ( 'NONE',  ( 52.10000000000000142, 0.4213937420129920119, -0.8250000000000289324 ) ) ;
#1262 = CARTESIAN_POINT ( 'NONE',  ( 34.77020941616201100, 3.079671620803706045, 0.1568306553774315437 ) ) ;
#1263 = CARTESIAN_POINT ( 'NONE',  ( 33.16521200046231144, 3.590978199306088303, 0.2386580203657336086 ) ) ;
#1264 = PRODUCT_DEFINITION ( 'UNKNOWN', '', #5443, #4497 ) ;
#1265 = CARTESIAN_POINT ( 'NONE',  ( 39.74090169497890912, 2.699462850886849008, 0.5943314245500118664 ) ) ;
#1266 = CARTESIAN_POINT ( 'NONE',  ( 27.41080196118428347, 3.063726198661242517, 2.697089969102657303 ) ) ;
#1267 = FACE_BOUND ( 'NONE', #3969, .T. ) ;
#1268 = EDGE_LOOP ( 'NONE', ( #5728, #7720 ) ) ;
#1269 = CARTESIAN_POINT ( 'NONE',  ( 41.14716105814763836, 3.049017311168183753, -0.1319734111817421063 ) ) ;
#1270 = DIRECTION ( 'NONE',  ( -7.000000000000000150E-15, 2.999999999999999839E-15, -1.000000000000000000 ) ) ;
#1271 = CARTESIAN_POINT ( 'NONE',  ( 49.29999999999999716, 3.981393742013000114, -1.474999999999999867 ) ) ;
#1272 = LINE ( 'NONE', #1683, #7352 ) ;
#1273 = CARTESIAN_POINT ( 'NONE',  ( 41.36630558543578928, 3.356463188787443652, 0.05200168765795812331 ) ) ;
#1274 = ADVANCED_FACE ( 'NONE', ( #915 ), #4826, .T. ) ;
#1275 = CARTESIAN_POINT ( 'NONE',  ( 36.24716105816828815, 3.298961751119653840, -0.2420948779275717277 ) ) ;
#1276 = CARTESIAN_POINT ( 'NONE',  ( 30.35745194145156134, 3.134193317112462740, -0.5614227756405441028 ) ) ;
#1277 = CARTESIAN_POINT ( 'NONE',  ( 46.95467563190861426, 3.061767756866792034, -0.6344670598684158946 ) ) ;
#1278 = VECTOR ( 'NONE', #7222, 1000.000000000000000 ) ;
#1279 = EDGE_CURVE ( 'NONE', #6528, #5780, #5297, .T. ) ;
#1280 = LINE ( 'NONE', #5638, #3432 ) ;
#1281 = ORIENTED_EDGE ( 'NONE', *, *, #5701, .T. ) ;
#1282 = CARTESIAN_POINT ( 'NONE',  ( 48.70000000000000284, 4.381393742012995141, 0.8750000000000000000 ) ) ;
#1283 = AXIS2_PLACEMENT_3D ( 'NONE', #1327, #6396, #638 ) ;
#1284 = ORIENTED_EDGE ( 'NONE', *, *, #4428, .T. ) ;
#1285 = CARTESIAN_POINT ( 'NONE',  ( 52.20000000000000284, 3.531393742012984838, 1.775000000000000133 ) ) ;
#1286 = COLOUR_RGB ( '',0.2509803921568627416, 0.2509803921568627416, 0.2509803921568627416 ) ;
#1287 = FACE_OUTER_BOUND ( 'NONE', #2210, .T. ) ;
#1288 = CARTESIAN_POINT ( 'NONE',  ( 49.29999999999999716, 3.981393742012995229, 1.474999999999999867 ) ) ;
#1289 = AXIS2_PLACEMENT_3D ( 'NONE', #973, #1577, #1698 ) ;
#1290 = AXIS2_PLACEMENT_3D ( 'NONE', #3457, #5331, #1548 ) ;
#1291 = ORIENTED_EDGE ( 'NONE', *, *, #3404, .F. ) ;
#1292 = AXIS2_PLACEMENT_3D ( 'NONE', #1157, #3714, #5719 ) ;
#1293 = ORIENTED_EDGE ( 'NONE', *, *, #6489, .F. ) ;
#1294 = CARTESIAN_POINT ( 'NONE',  ( 25.96842188038223043, 1.667014030258556545, -4.799153268465593314 ) ) ;
#1295 = CARTESIAN_POINT ( 'NONE',  ( 48.07531098464185959, 3.256913463351192917, 0.4245159932024936134 ) ) ;
#1296 = ORIENTED_EDGE ( 'NONE', *, *, #4030, .T. ) ;
#1297 = CARTESIAN_POINT ( 'NONE',  ( 33.20756399956841420, 2.662063564011994288, -0.5569386819291246571 ) ) ;
#1298 = AXIS2_PLACEMENT_3D ( 'NONE', #6736, #3547, #947 ) ;
#1299 = CARTESIAN_POINT ( 'NONE',  ( 43.12110328040321860, 3.301348795876313691, -0.4105147440243452350 ) ) ;
#1300 = CARTESIAN_POINT ( 'NONE',  ( 24.89908115240746511, 1.527156155566259610, -3.961884932945568760 ) ) ;
#1301 = CARTESIAN_POINT ( 'NONE',  ( 49.09999999999999432, 4.831393742012989989, 1.474999999999999867 ) ) ;
#1302 = EDGE_LOOP ( 'NONE', ( #8325, #3643, #6864, #5773 ) ) ;
#1303 = CARTESIAN_POINT ( 'NONE',  ( 49.29999999999999716, 4.831393742012989989, 1.474999999999999867 ) ) ;
#1304 = VECTOR ( 'NONE', #1885, 1000.000000000000000 ) ;
#1305 = AXIS2_PLACEMENT_3D ( 'NONE', #7609, #4246, #1131 ) ;
#1306 = CARTESIAN_POINT ( 'NONE',  ( 40.68545120599247156, 3.494639151290336088, -0.04034631268807485627 ) ) ;
#1307 = DIRECTION ( 'NONE',  ( 7.000000000000000150E-15, -2.999999999999999839E-15, 1.000000000000000000 ) ) ;
#1308 = CARTESIAN_POINT ( 'NONE',  ( 27.41080196118428347, 3.463726198661245093, 2.697089969102658191 ) ) ;
#1309 = AXIS2_PLACEMENT_3D ( 'NONE', #5693, #1772, #2475 ) ;
#1310 = CARTESIAN_POINT ( 'NONE',  ( 25.84099410509669070, 1.727156155566248907, 4.774311640317147720 ) ) ;
#1311 = ORIENTED_EDGE ( 'NONE', *, *, #5343, .T. ) ;
#1312 = CARTESIAN_POINT ( 'NONE',  ( 32.08992551985149078, 3.755164489891087420, -0.007960713337458978633 ) ) ;
#1313 = ADVANCED_FACE ( 'NONE', ( #4062 ), #6066, .F. ) ;
#1314 = CARTESIAN_POINT ( 'NONE',  ( 24.82817398899352312, 1.727156155566248685, 4.191622734067960820 ) ) ;
#1315 = ORIENTED_EDGE ( 'NONE', *, *, #7510, .T. ) ;
#1316 = CARTESIAN_POINT ( 'NONE',  ( 25.22563336763350250, 1.727156155566248685, -4.105010672184851828 ) ) ;
#1317 = CARTESIAN_POINT ( 'NONE',  ( 40.66630558544249396, 3.342731956275785343, -0.07255192938910010048 ) ) ;
#1318 = CARTESIAN_POINT ( 'NONE',  ( 34.92906951465712950, 3.045486102374255211, 0.09994508475230869105 ) ) ;
#1319 = CARTESIAN_POINT ( 'NONE',  ( 31.21789509216856118, 3.208828430640707108, 0.4511106579106981540 ) ) ;
#1320 = EDGE_CURVE ( 'NONE', #6234, #4763, #4106, .T. ) ;
#1321 = CARTESIAN_POINT ( 'NONE',  ( 45.68523837014541300, 3.265695407226043123, 0.1094376238979963695 ) ) ;
#1322 = CARTESIAN_POINT ( 'NONE',  ( 45.47229497646491581, 2.851212508853238070, -0.2254022645527475333 ) ) ;
#1323 = CARTESIAN_POINT ( 'NONE',  ( 35.18776994896077781, 2.997904001738663560, -0.3220658004634379123 ) ) ;
#1324 = VECTOR ( 'NONE', #3737, 1000.000000000000000 ) ;
#1325 = EDGE_CURVE ( 'NONE', #5171, #2673, #5474, .T. ) ;
#1326 = VERTEX_POINT ( 'NONE', #6618 ) ;
#1327 = CARTESIAN_POINT ( 'NONE',  ( 48.70000000000000284, 2.381393742013000026, -0.4249999999999999889 ) ) ;
#1328 = CARTESIAN_POINT ( 'NONE',  ( 29.20551810936435189, 3.233549902382592212, 1.072148949844944132 ) ) ;
#1329 = CARTESIAN_POINT ( 'NONE',  ( 50.94456188334830671, 4.631393742012989811, 0.1991847335786420259 ) ) ;
#1330 = CARTESIAN_POINT ( 'NONE',  ( 48.70000000000000284, 2.381393742012994696, 0.8249999999999999556 ) ) ;
#1331 = CARTESIAN_POINT ( 'NONE',  ( 33.10111892584750137, 3.305472234360819606, -0.4779342264011656738 ) ) ;
#1332 = ADVANCED_BREP_SHAPE_REPRESENTATION ( '', ( #6968, #1494, #4177, #7009, #2081 ), #5303 ) ;
#1333 = VERTEX_POINT ( 'NONE', #869 ) ;
#1334 = ORIENTED_EDGE ( 'NONE', *, *, #1641, .T. ) ;
#1335 = CARTESIAN_POINT ( 'NONE',  ( 48.70000000000000284, 2.381393742012994696, 0.8249999999999999556 ) ) ;
#1336 = CARTESIAN_POINT ( 'NONE',  ( 45.87454698835604461, 3.244127252231161052, 0.3615494064688594134 ) ) ;
#1337 = EDGE_LOOP ( 'NONE', ( #4391, #6499, #1426, #2880 ) ) ;
#1338 = CARTESIAN_POINT ( 'NONE',  ( 36.78121546068805969, 2.520105038172820944, -0.4219022008644148225 ) ) ;
#1339 = EDGE_CURVE ( 'NONE', #6452, #1355, #7971, .T. ) ;
#1340 = CARTESIAN_POINT ( 'NONE',  ( 40.70957226364450321, 3.571991999291145525, 0.2870804379966734321 ) ) ;
#1341 = CARTESIAN_POINT ( 'NONE',  ( 25.85026140737803857, 3.331174544033471907, -3.298203728659137024 ) ) ;
#1342 = CARTESIAN_POINT ( 'NONE',  ( 29.79942201113829725, 3.099167363948524656, 1.319306767805302538 ) ) ;
#1343 = CARTESIAN_POINT ( 'NONE',  ( 45.94144436700000256, 4.041380625964807294, 0.3506831449308626669 ) ) ;
#1344 = EDGE_LOOP ( 'NONE', ( #8101, #7470 ) ) ;
#1345 = LINE ( 'NONE', #1303, #6319 ) ;
#1346 = CARTESIAN_POINT ( 'NONE',  ( 33.99573618146357745, 3.356338826521048535, 0.2109076397210560838 ) ) ;
#1347 = CARTESIAN_POINT ( 'NONE',  ( 33.63187848229765819, 3.324223817062423425, 0.4053400320341014051 ) ) ;
#1348 = DIRECTION ( 'NONE',  ( 0.000000000000000000, 0.000000000000000000, -1.000000000000000000 ) ) ;
#1349 = CARTESIAN_POINT ( 'NONE',  ( 48.50000000000000000, 1.931393742013005177, -1.824999999999999956 ) ) ;
#1350 = B_SPLINE_CURVE_WITH_KNOTS ( 'NONE', 3,
 ( #176, #4139, #2797, #5460, #2089, #8048, #1633, #5929, #902, #3377, #2260, #141, #4683, #1505, #3499, #4050 ),
 .UNSPECIFIED., .F., .F.,
 ( 4, 2, 2, 2, 2, 2, 2, 4 ),
 ( 0.7941314441421509773, 0.8080660543021185305, 0.8220006644620860836, 0.8498698847820211899, 0.8777391051019562962, 0.8916737152619238493, 0.8986410203419077369, 0.9056083254218915135 ),
 .UNSPECIFIED. ) ;
#1351 = ORIENTED_EDGE ( 'NONE', *, *, #1588, .T. ) ;
#1352 = CARTESIAN_POINT ( 'NONE',  ( 36.29042773635721630, 3.630235549697703679, 0.3342820325909841017 ) ) ;
#1353 = EDGE_CURVE ( 'NONE', #508, #1670, #5428, .T. ) ;
#1354 = CARTESIAN_POINT ( 'NONE',  ( 48.59999999999999432, 3.981393742013000114, 0.3750000000000064948 ) ) ;
#1355 = VERTEX_POINT ( 'NONE', #2270 ) ;
#1356 = LINE ( 'NONE', #3909, #4918 ) ;
#1357 = VECTOR ( 'NONE', #1058, 1000.000000000000000 ) ;
#1358 = CARTESIAN_POINT ( 'NONE',  ( 31.58518131699588594, 3.574283913907385646, -0.7805206904608606999 ) ) ;
#1359 = CARTESIAN_POINT ( 'NONE',  ( 43.36778565677445130, 3.734328248368747882, 0.04907839727800537843 ) ) ;
#1360 = CARTESIAN_POINT ( 'NONE',  ( 34.96778560659643631, 3.207315261193249611, 0.4779341995365233298 ) ) ;
#1361 = CARTESIAN_POINT ( 'NONE',  ( 30.53038628994630344, 3.156988296218427692, -0.3919763807071551254 ) ) ;
#1362 = CARTESIAN_POINT ( 'NONE',  ( 45.47169113027397458, 3.256117369839984566, -0.2374873898752500601 ) ) ;
#1363 = CARTESIAN_POINT ( 'NONE',  ( 25.79448995169368075, 1.727156155566248907, -4.765024611868894588 ) ) ;
#1364 = CARTESIAN_POINT ( 'NONE',  ( 42.96521180072354440, 3.188563679180277166, -0.4053397138899453300 ) ) ;
#1365 = VECTOR ( 'NONE', #3496, 1000.000000000000000 ) ;
#1366 = FACE_OUTER_BOUND ( 'NONE', #6303, .T. ) ;
#1367 = CARTESIAN_POINT ( 'NONE',  ( 31.65018054380153600, 3.033308633592069370, -0.7573217578936298766 ) ) ;
#1368 = CARTESIAN_POINT ( 'NONE',  ( 39.42648604088110886, 3.454196976006108866, -0.7922239215848378979 ) ) ;
#1369 = CARTESIAN_POINT ( 'NONE',  ( 52.29999999999999716, 2.081393742012989989, -0.4500000000000249911 ) ) ;
#1370 = FACE_OUTER_BOUND ( 'NONE', #4638, .T. ) ;
#1371 = CARTESIAN_POINT ( 'NONE',  ( 49.09999999999999432, 4.831393742012989989, 1.824999999999999956 ) ) ;
#1372 = FACE_OUTER_BOUND ( 'NONE', #3254, .T. ) ;
#1373 = PRODUCT_DEFINITION ( 'UNKNOWN', '', #5597, #7827 ) ;
#1374 = ORIENTED_EDGE ( 'NONE', *, *, #6565, .T. ) ;
#1375 = PRESENTATION_STYLE_ASSIGNMENT (( #977 ) ) ;
#1376 = CARTESIAN_POINT ( 'NONE',  ( 47.21832542942141231, 3.773281602693540293, 0.7122486377224983567 ) ) ;
#1377 = ORIENTED_EDGE ( 'NONE', *, *, #807, .F. ) ;
#1378 = CARTESIAN_POINT ( 'NONE',  ( 39.23187846737792484, 3.188563679235957959, -0.4053397139604518196 ) ) ;
#1379 = CARTESIAN_POINT ( 'NONE',  ( 37.28776994896032448, 3.371957876448518743, 0.3964697422151226558 ) ) ;
#1380 = CYLINDRICAL_SURFACE ( 'NONE', #4921, 8.050000000000000711 ) ;
#1381 = EDGE_CURVE ( 'NONE', #7493, #6940, #6027, .T. ) ;
#1382 = PLANE ( 'NONE',  #2720 ) ;
#1383 = ORIENTED_EDGE ( 'NONE', *, *, #4577, .T. ) ;
#1384 = EDGE_CURVE ( 'NONE', #8065, #4991, #8011, .T. ) ;
#1385 = CARTESIAN_POINT ( 'NONE',  ( 45.70307128130328778, 3.646602030726652455, -0.1194975787942661877 ) ) ;
#1386 = VECTOR ( 'NONE', #1764, 1000.000000000000000 ) ;
#1387 = ORIENTED_EDGE ( 'NONE', *, *, #128, .F. ) ;
#1388 = CARTESIAN_POINT ( 'NONE',  ( 29.26596775313395327, 3.063726198661242961, 1.158784682787478815 ) ) ;
#1389 = CARTESIAN_POINT ( 'NONE',  ( 43.67923260807278751, 2.861733471593904010, -0.2772413507654816200 ) ) ;
#1390 = CARTESIAN_POINT ( 'NONE',  ( 35.18776994896077781, 2.997904001738663560, -0.3220658004634379123 ) ) ;
#1391 = DIRECTION ( 'NONE',  ( 2.999999999999999839E-15, 1.000000000000000000, 2.999999999999999839E-15 ) ) ;
#1392 = LINE ( 'NONE', #625, #5882 ) ;
#1393 = EDGE_LOOP ( 'NONE', ( #2390, #257, #8014, #1674 ) ) ;
#1394 = CARTESIAN_POINT ( 'NONE',  ( 37.92376106968770699, 2.783084751874800755, -0.1657732618567976934 ) ) ;
#1395 = DIRECTION ( 'NONE',  ( -0.5000000000000008882, -0.8660254037844382635, 9.019237886466885856E-16 ) ) ;
#1396 = ORIENTED_EDGE ( 'NONE', *, *, #7334, .F. ) ;
#1397 = CARTESIAN_POINT ( 'NONE',  ( 47.21748633108273907, 3.139717759406027042, -0.3124592270551600492 ) ) ;
#1398 = UNCERTAINTY_MEASURE_WITH_UNIT (LENGTH_MEASURE( 1.000000000000000082E-05 ), #194, 'distance_accuracy_value', 'NONE');
#1399 = CARTESIAN_POINT ( 'NONE',  ( 37.28776994896031738, 3.140829607577540816, -0.3964697422149614514 ) ) ;
#1400 = CARTESIAN_POINT ( 'NONE',  ( 31.43047247749945328, 3.359673131624032028, -0.8295338069307339746 ) ) ;
#1401 = CARTESIAN_POINT ( 'NONE',  ( 40.68545120599246445, 3.018148332735703931, 0.04034631268818846678 ) ) ;
#1402 = CARTESIAN_POINT ( 'NONE',  ( 43.83445290839429731, 2.953143556743827336, -0.3726562038302161373 ) ) ;
#1403 = CARTESIAN_POINT ( 'NONE',  ( 29.81965475162987644, 3.639067751603251910, -0.8663271453267038513 ) ) ;
#1404 = CARTESIAN_POINT ( 'NONE',  ( 48.16494492839986918, 3.656393742013002601, -0.4249999999999988787 ) ) ;
#1405 = PLANE ( 'NONE',  #1564 ) ;
#1406 = CARTESIAN_POINT ( 'NONE',  ( 33.78776995121341997, 3.211438680359668840, 0.4105147599306732675 ) ) ;
#1407 = CARTESIAN_POINT ( 'NONE',  ( 48.59999999999999432, 2.531393742012999937, -0.4249999999999999889 ) ) ;
#1408 = CARTESIAN_POINT ( 'NONE',  ( 29.30686363642925230, 3.014146513069105637, 0.5734607263402929922 ) ) ;
#1409 = CARTESIAN_POINT ( 'NONE',  ( 35.47316836516268523, 3.781896152775897413, -0.6849559486657018637 ) ) ;
#1410 = DIRECTION ( 'NONE',  ( -1.000000000000000000, 0.000000000000000000, 7.000000000000000150E-15 ) ) ;
#1411 = CARTESIAN_POINT ( 'NONE',  ( 43.12110328040322571, 3.211438688149710785, 0.4105147440244247825 ) ) ;
#1412 = CARTESIAN_POINT ( 'NONE',  ( 29.64522546132993241, 3.627616360001813423, -1.008088419774994637 ) ) ;
#1413 = CARTESIAN_POINT ( 'NONE',  ( 33.41256594564818982, 3.533635086874865827, -0.3946599679659388293 ) ) ;
#1414 =( GEOMETRIC_REPRESENTATION_CONTEXT ( 3 ) GLOBAL_UNCERTAINTY_ASSIGNED_CONTEXT ( ( #2651 ) ) GLOBAL_UNIT_ASSIGNED_CONTEXT ( ( #4252, #4927, #3818 ) ) REPRESENTATION_CONTEXT ( 'NONE', 'WORKASPACE' ) );
#1415 = VERTEX_POINT ( 'NONE', #3387 ) ;
#1416 = VECTOR ( 'NONE', #4401, 1000.000000000000000 ) ;
#1417 = DIRECTION ( 'NONE',  ( -1.000000000000000000, 2.999999999999999839E-15, 7.000000000000000150E-15 ) ) ;
#1418 = CARTESIAN_POINT ( 'NONE',  ( 47.52589099678485951, 3.295420764740003339, 0.7880891277508331738 ) ) ;
#1419 = ORIENTED_EDGE ( 'NONE', *, *, #4502, .T. ) ;
#1420 = CARTESIAN_POINT ( 'NONE',  ( 33.32110331287331206, 3.514883504173325068, 0.3220657735987889625 ) ) ;
#1421 = CARTESIAN_POINT ( 'NONE',  ( 25.03775095814506102, 2.935479234257797110, -4.352874284748089906 ) ) ;
#1422 = CARTESIAN_POINT ( 'NONE',  ( 36.15981937421604897, 2.556338826746794357, 0.4203188990688502824 ) ) ;
#1423 = DIRECTION ( 'NONE',  ( -2.999999999999999839E-15, -1.000000000000000000, -2.999999999999999839E-15 ) ) ;
#1424 = VECTOR ( 'NONE', #6305, 1000.000000000000114 ) ;
#1425 = CARTESIAN_POINT ( 'NONE',  ( 47.21748633108274618, 3.373069724619973009, 0.3124592270551822537 ) ) ;
#1426 = ORIENTED_EDGE ( 'NONE', *, *, #685, .F. ) ;
#1427 = AXIS2_PLACEMENT_3D ( 'NONE', #5359, #7230, #4626 ) ;
#1428 = EDGE_CURVE ( 'NONE', #5253, #4135, #7255, .T. ) ;
#1429 = CARTESIAN_POINT ( 'NONE',  ( 52.44999999999999574, 4.381393742012985371, 1.474999999999980105 ) ) ;
#1430 = APPLICATION_PROTOCOL_DEFINITION ( 'draft international standard', 'automotive_design', 1998, #7639 ) ;
#1431 = CARTESIAN_POINT ( 'NONE',  ( 44.18825468781765409, 2.913616261961954113, -0.7933826849557090721 ) ) ;
#1432 = LINE ( 'NONE', #5744, #870 ) ;
#1433 = DIRECTION ( 'NONE',  ( -2.196152422706720170E-15, 1.000000000000000000, 0.000000000000000000 ) ) ;
#1434 = EDGE_CURVE ( 'NONE', #1647, #1591, #2659, .T. ) ;
#1435 = DIRECTION ( 'NONE',  ( -3.510212787052005290E-15, -1.000000000000000000, -2.999999999999999839E-15 ) ) ;
#1436 = ORIENTED_EDGE ( 'NONE', *, *, #3193, .T. ) ;
#1437 = MANIFOLD_SOLID_BREP ( 'Revolve1', #4495 ) ;
#1438 = CARTESIAN_POINT ( 'NONE',  ( 39.98825587131313597, 4.059779704439544723, 0.3186252142375963214 ) ) ;
#1439 = CARTESIAN_POINT ( 'NONE',  ( 38.14290559697790428, 3.642395707201222077, -0.1817138430145309735 ) ) ;
#1440 = CARTESIAN_POINT ( 'NONE',  ( 30.28189411554972921, 3.365512219611209055, -0.1570486333574945825 ) ) ;
#1441 = DIRECTION ( 'NONE',  ( 2.999999999999999839E-15, 1.000000000000000000, 2.999999999999999839E-15 ) ) ;
#1442 = CARTESIAN_POINT ( 'NONE',  ( 39.47923264373509511, 3.731499925519843330, -0.08302774555432863857 ) ) ;
#1443 = CARTESIAN_POINT ( 'NONE',  ( 34.77020941616201100, 3.433115863222369057, -0.1568306553772351175 ) ) ;
#1444 = VECTOR ( 'NONE', #7554, 1000.000000000000000 ) ;
#1445 = CARTESIAN_POINT ( 'NONE',  ( 41.81256597706620681, 3.651054028043228428, 0.2772413222355593065 ) ) ;
#1446 = CARTESIAN_POINT ( 'NONE',  ( 29.26388263861401029, 3.279237581643515309, -1.031425395231654996 ) ) ;
#1447 = CARTESIAN_POINT ( 'NONE',  ( 47.73678728081452505, 3.240022196649584352, -0.8096107642334575694 ) ) ;
#1448 = CARTESIAN_POINT ( 'NONE',  ( 44.86633296762270362, 3.368771305308947195, 0.009749220968011661562 ) ) ;
#1449 = CARTESIAN_POINT ( 'NONE',  ( 48.50000000000000000, 4.039128768931959712, 1.125000000000000000 ) ) ;
#1450 = CARTESIAN_POINT ( 'NONE',  ( 37.17423502831010040, 3.592356155675370921, 0.7419778408466038977 ) ) ;
#1451 = CARTESIAN_POINT ( 'NONE',  ( 49.09999999999999432, 1.931393742013005177, -1.824999999999999956 ) ) ;
#1452 = CARTESIAN_POINT ( 'NONE',  ( 39.23187846737793194, 3.324223804790090053, 0.4053397139605857680 ) ) ;
#1453 = CARTESIAN_POINT ( 'NONE',  ( 30.88365191828635758, 3.501017447823283391, 0.7158647197814044238 ) ) ;
#1454 = CARTESIAN_POINT ( 'NONE',  ( 35.27923264373134771, 2.979152419779985461, 0.3946602860348565889 ) ) ;
#1455 = EDGE_CURVE ( 'NONE', #3048, #2229, #1734, .T. ) ;
#1456 = ORIENTED_EDGE ( 'NONE', *, *, #4595, .T. ) ;
#1457 = VERTEX_POINT ( 'NONE', #4874 ) ;
#1458 = DIRECTION ( 'NONE',  ( 0.000000000000000000, 2.775557561562891043E-17, 1.000000000000000000 ) ) ;
#1459 = ADVANCED_FACE ( 'NONE', ( #1859 ), #4366, .T. ) ;
#1460 = CARTESIAN_POINT ( 'NONE',  ( 48.16494492839988339, 3.656393742012992831, 0.8250000000000079492 ) ) ;
#1461 = ORIENTED_EDGE ( 'NONE', *, *, #4605, .F. ) ;
#1462 = DIRECTION ( 'NONE',  ( -0.8271046511042942084, 2.994794288060764894E-17, 0.5620479482407562122 ) ) ;
#1463 = CARTESIAN_POINT ( 'NONE',  ( 25.22927255521008760, 2.115669897798245991, -3.731495554373284396 ) ) ;
#1464 = CARTESIAN_POINT ( 'NONE',  ( 36.78121546068805969, 2.520105038172820944, -0.4219022008644148225 ) ) ;
#1465 = ADVANCED_FACE ( 'NONE', ( #3107 ), #1093, .F. ) ;
#1466 = CARTESIAN_POINT ( 'NONE',  ( 31.50000000000000000, 3.256393742013027115, -0.3999999999998783418 ) ) ;
#1467 = ORIENTED_EDGE ( 'NONE', *, *, #8195, .T. ) ;
#1468 = CARTESIAN_POINT ( 'NONE',  ( 51.70000000000000284, 0.4213937420129930111, -0.8250000000000260458 ) ) ;
#1469 = EDGE_CURVE ( 'NONE', #3232, #3609, #3013, .T. ) ;
#1470 = CARTESIAN_POINT ( 'NONE',  ( 31.54561086861979646, 2.983455816891993351, 0.3817221612387427521 ) ) ;
#1471 = CARTESIAN_POINT ( 'NONE',  ( 47.78585649381299305, 3.645163484541653620, -0.8144612515250314599 ) ) ;
#1472 = CARTESIAN_POINT ( 'NONE',  ( 0.000000000000000000, 5.000000000000000000, 0.000000000000000000 ) ) ;
#1473 = DIRECTION ( 'NONE',  ( -1.000000000000000000, 2.999999999999999839E-15, 7.000000000000000150E-15 ) ) ;
#1474 = ORIENTED_EDGE ( 'NONE', *, *, #2862, .F. ) ;
#1475 = CARTESIAN_POINT ( 'NONE',  ( 36.52325718064204096, 3.454614269589637576, 0.4577403775620802473 ) ) ;
#1476 = VERTEX_POINT ( 'NONE', #2476 ) ;
#1477 = CARTESIAN_POINT ( 'NONE',  ( 37.13187846737672970, 3.038610142316702234, -0.3485276241935704733 ) ) ;
#1478 = VERTEX_POINT ( 'NONE', #5611 ) ;
#1479 = DIRECTION ( 'NONE',  ( -0.7071067811865420216, -3.352658847189299612E-29, 0.7071067811865531239 ) ) ;
#1480 = UNCERTAINTY_MEASURE_WITH_UNIT (LENGTH_MEASURE( 1.000000000000000082E-05 ), #1597, 'distance_accuracy_value', 'NONE');
#1481 = CARTESIAN_POINT ( 'NONE',  ( 44.92308027960917372, 2.798969996132055105, 0.1980693153960387809 ) ) ;
#1482 = CARTESIAN_POINT ( 'NONE',  ( 45.39018537787168839, 2.819905315264722212, -0.1631237060645690518 ) ) ;
#1483 = CARTESIAN_POINT ( 'NONE',  ( 31.50604042024368923, 3.028408063665270156, -0.01707636798362134611 ) ) ;
#1484 = CARTESIAN_POINT ( 'NONE',  ( 30.52303354658196710, 3.931482986176567440, 0.2363341352085241986 ) ) ;
#1485 = CARTESIAN_POINT ( 'NONE',  ( 46.00343750593333425, 2.883393682987816842, 0.03211500539746154487 ) ) ;
#1486 = ADVANCED_FACE ( 'NONE', ( #8194 ), #3345, .T. ) ;
#1487 = CARTESIAN_POINT ( 'NONE',  ( 48.50000000000000000, 4.531393742013010595, -2.125000000000000000 ) ) ;
#1488 = CARTESIAN_POINT ( 'NONE',  ( 45.14333685535502383, 3.094921191242336445, 0.3984402521577363743 ) ) ;
#1489 = VECTOR ( 'NONE', #332, 1000.000000000000000 ) ;
#1490 = CARTESIAN_POINT ( 'NONE',  ( 32.98923080492914295, 1.577156155566248996, 0.1240656976656431126 ) ) ;
#1491 = AXIS2_PLACEMENT_3D ( 'NONE', #1646, #6750, #2184 ) ;
#1492 = DIRECTION ( 'NONE',  ( -0.000000000000000000, -1.000000000000000000, -0.000000000000000000 ) ) ;
#1493 = CARTESIAN_POINT ( 'NONE',  ( 38.41454879404545864, 2.414696696164964518, -0.1080213196566420092 ) ) ;
#1494 = MANIFOLD_SOLID_BREP ( 'Cut-Extrude3[1]', #2752 ) ;
#1495 = CARTESIAN_POINT ( 'NONE',  ( 0.000000000000000000, 1.000000000000001776, 0.000000000000000000 ) ) ;
#1496 = CARTESIAN_POINT ( 'NONE',  ( 45.60981462212834003, 3.619905315264720258, -0.1631237060645729653 ) ) ;
#1497 = CARTESIAN_POINT ( 'NONE',  ( 29.58167669342057593, 3.407604041962593922, -1.481468276449250165 ) ) ;
#1498 = SURFACE_STYLE_FILL_AREA ( #7952 ) ;
#1499 = AXIS2_PLACEMENT_3D ( 'NONE', #6785, #4867, #8231 ) ;
#1500 = CARTESIAN_POINT ( 'NONE',  ( 29.30686363642925230, 3.014146513069105637, 0.5734607263402929922 ) ) ;
#1501 = EDGE_LOOP ( 'NONE', ( #1456, #2836, #4646, #7816 ) ) ;
#1502 = CARTESIAN_POINT ( 'NONE',  ( 48.06954615951742937, 3.256944879279512595, 0.8244864296338976217 ) ) ;
#1503 = CARTESIAN_POINT ( 'NONE',  ( -1.333072429419117847E-33, -0.05000000000000000278, -9.308795021286259977E-48 ) ) ;
#1504 = ORIENTED_EDGE ( 'NONE', *, *, #4437, .T. ) ;
#1505 = CARTESIAN_POINT ( 'NONE',  ( 29.45944211630342124, 2.892674059611622717, 1.150553107503537120 ) ) ;
#1506 = CARTESIAN_POINT ( 'NONE',  ( 24.79777794645278988, 2.276275192513360413, -4.520314237970371352 ) ) ;
#1507 = CARTESIAN_POINT ( 'NONE',  ( 38.80756836163023138, 3.850725166560123203, 0.5569308911621019265 ) ) ;
#1508 = DIRECTION ( 'NONE',  ( -0.8630339426736877151, -0.08304547985373834929, 0.4982728791224467213 ) ) ;
#1509 = EDGE_CURVE ( 'NONE', #27, #3762, #3539, .T. ) ;
#1510 = VERTEX_POINT ( 'NONE', #2293 ) ;
#1511 = CARTESIAN_POINT ( 'NONE',  ( 48.70000000000000284, 3.981393742013000114, -1.125000000000000000 ) ) ;
#1512 = ORIENTED_EDGE ( 'NONE', *, *, #2482, .F. ) ;
#1513 = DIRECTION ( 'NONE',  ( -7.000000000000000150E-15, 2.999999999999999839E-15, -1.000000000000000000 ) ) ;
#1514 = B_SPLINE_CURVE_WITH_KNOTS ( 'NONE', 3,
 ( #550, #382, #2368, #2325, #3618, #6214, #4299, #1147, #1749, #1826, #6302, #7496, #5578, #3577, #418, #2450 ),
 .UNSPECIFIED., .F., .F.,
 ( 4, 2, 2, 2, 2, 2, 2, 4 ),
 ( 0.7941314441421509773, 0.8080660543021185305, 0.8220006644620860836, 0.8498698847820211899, 0.8777391051019562962, 0.8916737152619238493, 0.8986410203419077369, 0.9056083254218915135 ),
 .UNSPECIFIED. ) ;
#1515 = CARTESIAN_POINT ( 'NONE',  ( 43.25492253732147674, 2.463012025881468059, 0.3427776127088245084 ) ) ;
#1516 = CARTESIAN_POINT ( 'NONE',  ( 48.07531098464185249, 3.255874020674801805, -0.4245159932024834548 ) ) ;
#1517 = CARTESIAN_POINT ( 'NONE',  ( 50.93168224707730474, 4.631393742012989811, -0.1989953271629099907 ) ) ;
#1518 = VECTOR ( 'NONE', #2042, 1000.000000000000114 ) ;
#1519 = CARTESIAN_POINT ( 'NONE',  ( 48.59999999999999432, 2.381393742012994696, 0.8249999999999999556 ) ) ;
#1520 = ORIENTED_EDGE ( 'NONE', *, *, #5448, .T. ) ;
#1521 = DIRECTION ( 'NONE',  ( 0.000000000000000000, 2.212657494868376503E-17, 1.000000000000000000 ) ) ;
#1522 = VERTEX_POINT ( 'NONE', #4223 ) ;
#1523 = CARTESIAN_POINT ( 'NONE',  ( 40.16521180071076458, 2.851054028044102573, 0.06783006277928380068 ) ) ;
#1524 = VERTEX_POINT ( 'NONE', #1714 ) ;
#1525 = CARTESIAN_POINT ( 'NONE',  ( 31.39014596684895508, 3.093211492997084644, 0.4361060245186755835 ) ) ;
#1526 = CARTESIAN_POINT ( 'NONE',  ( 48.70000000000000284, 2.381393742013000026, -0.8249999999999999556 ) ) ;
#1527 = CARTESIAN_POINT ( 'NONE',  ( 35.47316836516268523, 3.781896152775897413, -0.6849559486657018637 ) ) ;
#1528 = CARTESIAN_POINT ( 'NONE',  ( 42.23687608278921601, 3.433115863231535059, -0.1568306554289324306 ) ) ;
#1529 = CARTESIAN_POINT ( 'NONE',  ( 39.94589931039915598, 2.861733455982103269, -0.2772413222357065776 ) ) ;
#1530 = CARTESIAN_POINT ( 'NONE',  ( 29.52572719006993296, 3.288010611271038108, -0.8337665703337679979 ) ) ;
#1531 = CARTESIAN_POINT ( 'NONE',  ( 45.65056823456576041, 2.499595531747341948, 0.2236610021684286298 ) ) ;
#1532 = CARTESIAN_POINT ( 'NONE',  ( 47.48098989623284183, 3.202708356862089989, -0.3740124348085139827 ) ) ;
#1533 = CARTESIAN_POINT ( 'NONE',  ( 40.90560351137820305, 3.369224243124564921, -0.02801154037359496543 ) ) ;
#1534 = CARTESIAN_POINT ( 'NONE',  ( 24.97108150408238814, 2.079927538575624180, 3.911647052313751427 ) ) ;
#1535 = ADVANCED_FACE ( 'NONE', ( #1031 ), #3586, .F. ) ;
#1536 = CARTESIAN_POINT ( 'NONE',  ( 48.70000000000000995, 3.256393742013003134, -0.4249999999999986011 ) ) ;
#1537 = CARTESIAN_POINT ( 'NONE',  ( 29.25444561345224059, 2.681490009521374507, 0.8796041606770028665 ) ) ;
#1538 = CARTESIAN_POINT ( 'NONE',  ( 31.90101162774591614, 3.952423368025927086, -0.5674426915629040558 ) ) ;
#1539 = CARTESIAN_POINT ( 'NONE',  ( 48.59999999999999432, 3.981393742012995229, 0.8750000000000000000 ) ) ;
#1540 = CARTESIAN_POINT ( 'NONE',  ( 36.50957226365128605, 2.830235549691661578, 0.02016514339826156257 ) ) ;
#1541 = CARTESIAN_POINT ( 'NONE',  ( 29.70037145111914612, 3.299476756846305925, -0.6918293376096040781 ) ) ;
#1542 = LINE ( 'NONE', #5024, #3786 ) ;
#1543 = EDGE_CURVE ( 'NONE', #82, #5678, #1280, .T. ) ;
#1544 = CARTESIAN_POINT ( 'NONE',  ( 29.81965475162988355, 2.873719732422852058, 0.8663271453269695277 ) ) ;
#1545 = ORIENTED_EDGE ( 'NONE', *, *, #4761, .F. ) ;
#1546 = VERTEX_POINT ( 'NONE', #7550 ) ;
#1547 = CARTESIAN_POINT ( 'NONE',  ( 47.97980380562329117, 3.259070069266385872, 0.8224978157140173662 ) ) ;
#1548 = DIRECTION ( 'NONE',  ( -1.000000000000000000, 0.000000000000000000, 7.000000000000000150E-15 ) ) ;
#1549 = ORIENTED_EDGE ( 'NONE', *, *, #1384, .T. ) ;
#1550 = PLANE ( 'NONE',  #1700 ) ;
#1551 =( NAMED_UNIT ( * ) SI_UNIT ( $, .STERADIAN. ) SOLID_ANGLE_UNIT ( ) );
#1552 = VECTOR ( 'NONE', #8248, 1000.000000000000000 ) ;
#1553 = ORIENTED_EDGE ( 'NONE', *, *, #446, .F. ) ;
#1554 = DIRECTION ( 'NONE',  ( 2.999999999999999839E-15, 1.000000000000000000, 2.999999999999999839E-15 ) ) ;
#1555 = ORIENTED_EDGE ( 'NONE', *, *, #7733, .T. ) ;
#1556 = CARTESIAN_POINT ( 'NONE',  ( 45.45421155199282026, 3.567459438743850519, -0.2538312578385860663 ) ) ;
#1557 = SHAPE_DEFINITION_REPRESENTATION ( #2212, #6271 ) ;
#1558 = CARTESIAN_POINT ( 'NONE',  ( 39.01256597706825602, 2.979152419777669536, 0.3946602860397090407 ) ) ;
#1559 = CARTESIAN_POINT ( 'NONE',  ( 46.97811685555762296, 3.504347897866261885, -0.6781910586362995819 ) ) ;
#1560 = DIRECTION ( 'NONE',  ( -1.000000000000000000, 2.999999999999999839E-15, 7.000000000000000150E-15 ) ) ;
#1561 = VECTOR ( 'NONE', #2804, 1000.000000000000000 ) ;
#1562 = AXIS2_PLACEMENT_3D ( 'NONE', #8303, #2503, #5072 ) ;
#1563 = CARTESIAN_POINT ( 'NONE',  ( 46.95467563190862137, 3.451019727159209793, 0.6344670598684416518 ) ) ;
#1564 = AXIS2_PLACEMENT_3D ( 'NONE', #5954, #161, #2818 ) ;
#1565 = ORIENTED_EDGE ( 'NONE', *, *, #170, .T. ) ;
#1566 = CARTESIAN_POINT ( 'NONE',  ( 24.96791241634318226, 1.527156155566248952, -5.508069892759420938 ) ) ;
#1567 = ORIENTED_EDGE ( 'NONE', *, *, #5721, .T. ) ;
#1568 = AXIS2_PLACEMENT_3D ( 'NONE', #2110, #967, #4661 ) ;
#1569 = DIRECTION ( 'NONE',  ( 7.000000000000000150E-15, -2.999999999999999839E-15, 1.000000000000000000 ) ) ;
#1570 = CARTESIAN_POINT ( 'NONE',  ( 51.39999999999999858, 1.831393742012989989, 0.4499999999999804712 ) ) ;
#1571 = CARTESIAN_POINT ( 'NONE',  ( 33.56778560552828594, 2.883739501078944389, 0.3032467866362989484 ) ) ;
#1572 = CARTESIAN_POINT ( 'NONE',  ( 31.72923759170371838, 3.131141752805931766, -0.7851741943653338662 ) ) ;
#1573 = PRESENTATION_LAYER_ASSIGNMENT (  '', '', ( #5612 ) ) ;
#1574 = CARTESIAN_POINT ( 'NONE',  ( 43.72158915063904061, 4.059779757674809808, 0.3186252713889781152 ) ) ;
#1575 = DIRECTION ( 'NONE',  ( -0.000000000000000000, -1.000000000000000000, -0.000000000000000000 ) ) ;
#1576 = CARTESIAN_POINT ( 'NONE',  ( 46.03688619525531323, 2.484766996120965299, 0.03754813616645685109 ) ) ;
#1577 = DIRECTION ( 'NONE',  ( 7.000000000000000150E-15, -2.999999999999999839E-15, 1.000000000000000000 ) ) ;
#1578 = ADVANCED_FACE ( 'NONE', ( #3792 ), #7715, .F. ) ;
#1579 = CARTESIAN_POINT ( 'NONE',  ( 42.61572052286648216, 3.159733162001905349, 0.05592331459359143470 ) ) ;
#1580 = CARTESIAN_POINT ( 'NONE',  ( 0.000000000000000000, 4.400000000000001243, -8.349999999999999645 ) ) ;
#1581 = CARTESIAN_POINT ( 'NONE',  ( 31.65018054380154666, 3.033308633592065817, -0.7573217578936304317 ) ) ;
#1582 = VECTOR ( 'NONE', #6967, 1000.000000000000000 ) ;
#1583 = EDGE_CURVE ( 'NONE', #1033, #1159, #1238, .T. ) ;
#1584 = CARTESIAN_POINT ( 'NONE',  ( 44.86633296762270362, 3.368771305308947195, 0.009749220968011661562 ) ) ;
#1585 = CARTESIAN_POINT ( 'NONE',  ( 45.10601377101374254, 3.156690072339817910, -0.06075275577823974898 ) ) ;
#1586 = CARTESIAN_POINT ( 'NONE',  ( 30.74098916560602746, 3.721506780541057768, -0.02601479899478611676 ) ) ;
#1587 = SURFACE_SIDE_STYLE ('',( #1498 ) ) ;
#1588 = EDGE_CURVE ( 'NONE', #8065, #4023, #1795, .T. ) ;
#1589 = CARTESIAN_POINT ( 'NONE',  ( 31.15148475036799525, 2.865395281631771152, -0.2389132818765485888 ) ) ;
#1590 = ORIENTED_EDGE ( 'NONE', *, *, #2339, .F. ) ;
#1591 = VERTEX_POINT ( 'NONE', #3840 ) ;
#1592 = CARTESIAN_POINT ( 'NONE',  ( 25.19996970091441924, 2.079927538540086385, 4.239686978772681414 ) ) ;
#1593 = FACE_OUTER_BOUND ( 'NONE', #5285, .T. ) ;
#1594 = EDGE_LOOP ( 'NONE', ( #6818, #5116, #7043, #6974 ) ) ;
#1595 =( BOUNDED_SURFACE ( )  B_SPLINE_SURFACE ( 3, 3, ( 
 ( #7390, #2731, #154, #5349, #4741, #5480, #7903, #7939, #3475, #6071, #6622, #2233, #3434, #2148, #7340, #4700, #5301, #8067, #239, #4658, #8016, #2812, #1523, #7219, #5390, #2106, #4067, #7974, #6752, #2275, #1439, #2894, #5432, #7260, #1477, #965, #3984, #6662, #4024, #4787, #6584, #6112, #830, #1611, #2187, #4155, #785, #3391, #5985, #324, #6709, #195, #277, #919, #2851, #3516, #2774, #3111 ),
 ( #6201, #3019, #4832, #1054, #6294, #500, #7436, #5619, #4971, #1817, #7615, #1780, #8201, #2980, #1649, #3608, #8111, #8151, #2402, #6879, #1099, #4253, #1691, #411, #371, #3690, #2937, #7486, #6337, #6839, #3568, #5526, #4928, #5699, #2317, #7569, #5011, #4880, #1009, #5569, #4333, #8282, #2357, #7531, #1137, #3072, #1740, #8241, #3647, #4290, #6920, #6245, #451, #4204, #5658, #2443, #4372, #6969 ),
 ( #1185, #3739, #541, #6794, #6159, #3308, #2481, #6533, #694, #3147, #2524, #4569, #1903, #5821, #738, #7778, #3939, #4451, #1943, #1306, #656, #3900, #4414, #7010, #7130, #1984, #1222, #30, #7819, #2606, #3263, #8327, #3190, #5049, #7656, #5176, #5094, #7697, #5216, #4488, #5784, #7049, #1262, #4531, #621, #1346, #5901, #5743, #8367, #6495, #5857, #3819, #71, #7089, #2565, #2643, #5136, #6375 ),
 ( #6416, #2020, #3863, #7742, #1865, #6457, #3228, #7169, #1389, #3776, #581, #111, #4148, #6701, #775, #147, #2220, #7892, #3425, #6742, #5380, #1606, #2098, #7933, #7290, #6656, #1558, #2057, #4612, #4733, #7968, #7210, #6024, #5424, #230, #912, #5936, #821, #2682, #5255, #2805, #2724, #5294, #2844, #2139, #3384, #4650, #7252, #2177, #4691, #3346, #7331, #3977, #8007, #6062, #1470, #956, #4015 ),
 ( #6577, #6615, #7856, #5977, #4108, #182, #1431, #2767, #5341, #4779, #1515, #7383, #3466, #4058, #864, #270, #3506, #7562, #1770, #6104, #4284, #6239, #3059, #490, #3009, #6871, #4240, #313, #2310, #999, #1046, #1088, #8141, #2348, #5518, #2928, #7477, #1640, #4963, #4194, #363, #7606, #8104, #4823, #6786, #6194, #4362, #3556, #442, #6282, #6151, #2267, #1680, #5606, #1729, #1809, #4869, #8188 ),
 ( #6830, #4325, #1173, #3600, #2972, #6912, #1128, #3679, #6957, #3640, #2883, #5001, #5469, #5561, #5650, #4914, #2393, #8057, #8232, #2431, #7522, #5813, #3890, #5847, #7039, #1893, #8317, #4562, #6486, #3807, #7648, #684, #3768, #2553, #7687, #1338, #5690, #7122, #5777, #4442, #3255, #3104, #3728, #58, #2635, #6326, #5208, #8358, #6406, #7163, #1297, #612, #1854, #6366, #532, #2516, #5084, #8274 ),
 ( #649, #7812, #3139, #3182, #5126, #1934, #5166, #2473, #5041, #19, #3217, #4403, #3855, #2014, #6448, #1973, #1215, #1254, #7000, #571, #2596, #5734, #7731, #4481, #7078, #7768, #4523, #6427, #7788, #6465, #5105, #1992, #5754, #1399, #7828, #1915, #119, #2533, #83, #4541, #8337, #3832, #1874, #4461, #703, #630, #1232, #4499, #7059, #7179, #590, #6547, #5186, #3199, #38, #4421, #5792, #3273 ) ),
 .UNSPECIFIED., .T., .F., .F. ) 
 B_SPLINE_SURFACE_WITH_KNOTS ( ( 4, 3, 4 ),
 ( 4, 2, 2, 2, 2, 2, 2, 2, 2, 2, 2, 2, 2, 2, 2, 2, 2, 2, 2, 2, 2, 2, 2, 2, 2, 2, 2, 2, 4 ),
 ( 0.000000000000000000, 0.5000000000000000000, 1.000000000000000000 ),
 ( 0.1308689870526984211, 0.1419233613375222303, 0.1750864841920457826, 0.1971952327616690592, 0.2193039813312923081, 0.2414127299009406202, 0.2635214784705889324, 0.2856302270402372723, 0.3077389756098856122, 0.3409020984643585939, 0.3740652213188316866, 0.3961739698884907401, 0.4182827184581498492, 0.4403914670277873089, 0.4625002155974248241, 0.4956633384518976393, 0.5177720870215460902, 0.5398808355911944856, 0.5730439584462085900, 0.5951527070155860910, 0.6172614555849635920, 0.6393702041546120984, 0.6614789527242606049, 0.6835877012939084452, 0.7056964498635562855, 0.7278051984332052360, 0.7499139470028541865, 0.7830770698573270572, 0.7941314441421509773 ),
 .UNSPECIFIED. ) 
 GEOMETRIC_REPRESENTATION_ITEM ( )  RATIONAL_B_SPLINE_SURFACE ( (
 ( 1.000000000000000000, 1.000000000000000000, 1.000000000000000000, 1.000000000000000000, 1.000000000000000000, 1.000000000000000000, 1.000000000000000000, 1.000000000000000000, 1.000000000000000000, 1.000000000000000000, 1.000000000000000000, 1.000000000000000000, 1.000000000000000000, 1.000000000000000000, 1.000000000000000000, 1.000000000000000000, 1.000000000000000000, 1.000000000000000000, 1.000000000000000000, 1.000000000000000000, 1.000000000000000000, 1.000000000000000000, 1.000000000000000000, 1.000000000000000000, 1.000000000000000000, 1.000000000000000000, 1.000000000000000000, 1.000000000000000000, 1.000000000000000000, 1.000000000000000000, 1.000000000000000000, 1.000000000000000000, 1.000000000000000000, 1.000000000000000000, 1.000000000000000000, 1.000000000000000000, 1.000000000000000000, 1.000000000000000000, 1.000000000000000000, 1.000000000000000000, 1.000000000000000000, 1.000000000000000000, 1.000000000000000000, 1.000000000000000000, 1.000000000000000000, 1.000000000000000000, 1.000000000000000000, 1.000000000000000000, 1.000000000000000000, 1.000000000000000000, 1.000000000000000000, 1.000000000000000000, 1.000000000000000000, 1.000000000000000000, 1.000000000000000000, 1.000000000000000000, 1.000000000000000000, 1.000000000000000000),
 ( 0.3333333333333333703, 0.3333333333333333703, 0.3333333333333333703, 0.3333333333333333703, 0.3333333333333333703, 0.3333333333333333703, 0.3333333333333333703, 0.3333333333333333703, 0.3333333333333333703, 0.3333333333333333703, 0.3333333333333333703, 0.3333333333333333703, 0.3333333333333333703, 0.3333333333333333703, 0.3333333333333333703, 0.3333333333333333703, 0.3333333333333333703, 0.3333333333333333703, 0.3333333333333333703, 0.3333333333333333703, 0.3333333333333333703, 0.3333333333333333703, 0.3333333333333333703, 0.3333333333333333703, 0.3333333333333333703, 0.3333333333333333703, 0.3333333333333333703, 0.3333333333333333703, 0.3333333333333333703, 0.3333333333333333703, 0.3333333333333333703, 0.3333333333333333703, 0.3333333333333333703, 0.3333333333333333703, 0.3333333333333333703, 0.3333333333333333703, 0.3333333333333333703, 0.3333333333333333703, 0.3333333333333333703, 0.3333333333333333703, 0.3333333333333333703, 0.3333333333333333703, 0.3333333333333333703, 0.3333333333333333703, 0.3333333333333333703, 0.3333333333333333703, 0.3333333333333333703, 0.3333333333333333703, 0.3333333333333333703, 0.3333333333333333703, 0.3333333333333333703, 0.3333333333333333703, 0.3333333333333333703, 0.3333333333333333703, 0.3333333333333333703, 0.3333333333333333703, 0.3333333333333333703, 0.3333333333333333703),
 ( 0.3333333333333333703, 0.3333333333333333703, 0.3333333333333333703, 0.3333333333333333703, 0.3333333333333333703, 0.3333333333333333703, 0.3333333333333333703, 0.3333333333333333703, 0.3333333333333333703, 0.3333333333333333703, 0.3333333333333333703, 0.3333333333333333703, 0.3333333333333333703, 0.3333333333333333703, 0.3333333333333333703, 0.3333333333333333703, 0.3333333333333333703, 0.3333333333333333703, 0.3333333333333333703, 0.3333333333333333703, 0.3333333333333333703, 0.3333333333333333703, 0.3333333333333333703, 0.3333333333333333703, 0.3333333333333333703, 0.3333333333333333703, 0.3333333333333333703, 0.3333333333333333703, 0.3333333333333333703, 0.3333333333333333703, 0.3333333333333333703, 0.3333333333333333703, 0.3333333333333333703, 0.3333333333333333703, 0.3333333333333333703, 0.3333333333333333703, 0.3333333333333333703, 0.3333333333333333703, 0.3333333333333333703, 0.3333333333333333703, 0.3333333333333333703, 0.3333333333333333703, 0.3333333333333333703, 0.3333333333333333703, 0.3333333333333333703, 0.3333333333333333703, 0.3333333333333333703, 0.3333333333333333703, 0.3333333333333333703, 0.3333333333333333703, 0.3333333333333333703, 0.3333333333333333703, 0.3333333333333333703, 0.3333333333333333703, 0.3333333333333333703, 0.3333333333333333703, 0.3333333333333333703, 0.3333333333333333703),
 ( 1.000000000000000000, 1.000000000000000000, 1.000000000000000000, 1.000000000000000000, 1.000000000000000000, 1.000000000000000000, 1.000000000000000000, 1.000000000000000000, 1.000000000000000000, 1.000000000000000000, 1.000000000000000000, 1.000000000000000000, 1.000000000000000000, 1.000000000000000000, 1.000000000000000000, 1.000000000000000000, 1.000000000000000000, 1.000000000000000000, 1.000000000000000000, 1.000000000000000000, 1.000000000000000000, 1.000000000000000000, 1.000000000000000000, 1.000000000000000000, 1.000000000000000000, 1.000000000000000000, 1.000000000000000000, 1.000000000000000000, 1.000000000000000000, 1.000000000000000000, 1.000000000000000000, 1.000000000000000000, 1.000000000000000000, 1.000000000000000000, 1.000000000000000000, 1.000000000000000000, 1.000000000000000000, 1.000000000000000000, 1.000000000000000000, 1.000000000000000000, 1.000000000000000000, 1.000000000000000000, 1.000000000000000000, 1.000000000000000000, 1.000000000000000000, 1.000000000000000000, 1.000000000000000000, 1.000000000000000000, 1.000000000000000000, 1.000000000000000000, 1.000000000000000000, 1.000000000000000000, 1.000000000000000000, 1.000000000000000000, 1.000000000000000000, 1.000000000000000000, 1.000000000000000000, 1.000000000000000000),
 ( 0.3333333333333333703, 0.3333333333333333703, 0.3333333333333333703, 0.3333333333333333703, 0.3333333333333333703, 0.3333333333333333703, 0.3333333333333333703, 0.3333333333333333703, 0.3333333333333333703, 0.3333333333333333703, 0.3333333333333333703, 0.3333333333333333703, 0.3333333333333333703, 0.3333333333333333703, 0.3333333333333333703, 0.3333333333333333703, 0.3333333333333333703, 0.3333333333333333703, 0.3333333333333333703, 0.3333333333333333703, 0.3333333333333333703, 0.3333333333333333703, 0.3333333333333333703, 0.3333333333333333703, 0.3333333333333333703, 0.3333333333333333703, 0.3333333333333333703, 0.3333333333333333703, 0.3333333333333333703, 0.3333333333333333703, 0.3333333333333333703, 0.3333333333333333703, 0.3333333333333333703, 0.3333333333333333703, 0.3333333333333333703, 0.3333333333333333703, 0.3333333333333333703, 0.3333333333333333703, 0.3333333333333333703, 0.3333333333333333703, 0.3333333333333333703, 0.3333333333333333703, 0.3333333333333333703, 0.3333333333333333703, 0.3333333333333333703, 0.3333333333333333703, 0.3333333333333333703, 0.3333333333333333703, 0.3333333333333333703, 0.3333333333333333703, 0.3333333333333333703, 0.3333333333333333703, 0.3333333333333333703, 0.3333333333333333703, 0.3333333333333333703, 0.3333333333333333703, 0.3333333333333333703, 0.3333333333333333703),
 ( 0.3333333333333333703, 0.3333333333333333703, 0.3333333333333333703, 0.3333333333333333703, 0.3333333333333333703, 0.3333333333333333703, 0.3333333333333333703, 0.3333333333333333703, 0.3333333333333333703, 0.3333333333333333703, 0.3333333333333333703, 0.3333333333333333703, 0.3333333333333333703, 0.3333333333333333703, 0.3333333333333333703, 0.3333333333333333703, 0.3333333333333333703, 0.3333333333333333703, 0.3333333333333333703, 0.3333333333333333703, 0.3333333333333333703, 0.3333333333333333703, 0.3333333333333333703, 0.3333333333333333703, 0.3333333333333333703, 0.3333333333333333703, 0.3333333333333333703, 0.3333333333333333703, 0.3333333333333333703, 0.3333333333333333703, 0.3333333333333333703, 0.3333333333333333703, 0.3333333333333333703, 0.3333333333333333703, 0.3333333333333333703, 0.3333333333333333703, 0.3333333333333333703, 0.3333333333333333703, 0.3333333333333333703, 0.3333333333333333703, 0.3333333333333333703, 0.3333333333333333703, 0.3333333333333333703, 0.3333333333333333703, 0.3333333333333333703, 0.3333333333333333703, 0.3333333333333333703, 0.3333333333333333703, 0.3333333333333333703, 0.3333333333333333703, 0.3333333333333333703, 0.3333333333333333703, 0.3333333333333333703, 0.3333333333333333703, 0.3333333333333333703, 0.3333333333333333703, 0.3333333333333333703, 0.3333333333333333703),
 ( 1.000000000000000000, 1.000000000000000000, 1.000000000000000000, 1.000000000000000000, 1.000000000000000000, 1.000000000000000000, 1.000000000000000000, 1.000000000000000000, 1.000000000000000000, 1.000000000000000000, 1.000000000000000000, 1.000000000000000000, 1.000000000000000000, 1.000000000000000000, 1.000000000000000000, 1.000000000000000000, 1.000000000000000000, 1.000000000000000000, 1.000000000000000000, 1.000000000000000000, 1.000000000000000000, 1.000000000000000000, 1.000000000000000000, 1.000000000000000000, 1.000000000000000000, 1.000000000000000000, 1.000000000000000000, 1.000000000000000000, 1.000000000000000000, 1.000000000000000000, 1.000000000000000000, 1.000000000000000000, 1.000000000000000000, 1.000000000000000000, 1.000000000000000000, 1.000000000000000000, 1.000000000000000000, 1.000000000000000000, 1.000000000000000000, 1.000000000000000000, 1.000000000000000000, 1.000000000000000000, 1.000000000000000000, 1.000000000000000000, 1.000000000000000000, 1.000000000000000000, 1.000000000000000000, 1.000000000000000000, 1.000000000000000000, 1.000000000000000000, 1.000000000000000000, 1.000000000000000000, 1.000000000000000000, 1.000000000000000000, 1.000000000000000000, 1.000000000000000000, 1.000000000000000000, 1.000000000000000000) ) ) 
 REPRESENTATION_ITEM ( '' )  SURFACE ( )  );
#1596 = FACE_OUTER_BOUND ( 'NONE', #6181, .T. ) ;
#1597 =( LENGTH_UNIT ( ) NAMED_UNIT ( * ) SI_UNIT ( .MILLI., .METRE. ) );
#1598 = AXIS2_PLACEMENT_3D ( 'NONE', #1602, #6099, #1636 ) ;
#1599 = CARTESIAN_POINT ( 'NONE',  ( 34.75981937422498191, 4.048617663602905203, 0.1978032339669019979 ) ) ;
#1600 = EDGE_CURVE ( 'NONE', #1478, #2583, #5069, .T. ) ;
#1601 = ORIENTED_EDGE ( 'NONE', *, *, #6388, .T. ) ;
#1602 = CARTESIAN_POINT ( 'NONE',  ( 48.50000000000000000, 1.931393742013005177, -1.824999999999999956 ) ) ;
#1603 = VECTOR ( 'NONE', #3284, 1000.000000000000000 ) ;
#1604 = ORIENTED_EDGE ( 'NONE', *, *, #5473, .F. ) ;
#1605 = CARTESIAN_POINT ( 'NONE',  ( 37.75443661562895414, 3.455024002167236929, -0.3620626263885869389 ) ) ;
#1606 = CARTESIAN_POINT ( 'NONE',  ( 40.10111893992863941, 2.953146955176136679, -0.3726542400366052443 ) ) ;
#1607 = CARTESIAN_POINT ( 'NONE',  ( 47.93576501160070080, 3.652122755026608658, -0.4210033837788616506 ) ) ;
#1608 = CARTESIAN_POINT ( 'NONE',  ( 24.56888974960484617, 2.276275192513979473, -4.192274311527142139 ) ) ;
#1609 = DIRECTION ( 'NONE',  ( -2.999999999999999839E-15, -1.000000000000000000, -2.999999999999999839E-15 ) ) ;
#1610 = ORIENTED_EDGE ( 'NONE', *, *, #8319, .F. ) ;
#1611 = CARTESIAN_POINT ( 'NONE',  ( 34.72110328229668141, 3.666908501725217207, 0.04495506328124317108 ) ) ;
#1612 = CARTESIAN_POINT ( 'NONE',  ( 45.53227765311667952, 2.913614496072386650, 0.2106839993873539651 ) ) ;
#1613 = CARTESIAN_POINT ( 'NONE',  ( 37.37923264373239363, 2.849226205954390689, 0.2585228997803955542 ) ) ;
#1614 = CARTESIAN_POINT ( 'NONE',  ( 34.29315270751164491, 2.556338826574516165, 0.4203188991788726070 ) ) ;
#1615 = CARTESIAN_POINT ( 'NONE',  ( 41.85492253797949758, 2.453007779586842130, -0.3186252142387011044 ) ) ;
#1616 = LINE ( 'NONE', #1655, #3103 ) ;
#1617 = CARTESIAN_POINT ( 'NONE',  ( 45.63433386302259009, 2.861574965910042678, 0.1536199614575689820 ) ) ;
#1618 = FACE_OUTER_BOUND ( 'NONE', #3293, .T. ) ;
#1619 = EDGE_CURVE ( 'NONE', #6692, #1415, #4468, .T. ) ;
#1620 = CARTESIAN_POINT ( 'NONE',  ( 37.71572052372252415, 3.345050550593350103, 0.06790180698844666685 ) ) ;
#1621 = LINE ( 'NONE', #4844, #6133 ) ;
#1622 = DIRECTION ( 'NONE',  ( 0.7745966692414870680, 0.4472135954999549856, 0.4472135954999544860 ) ) ;
#1623 = CARTESIAN_POINT ( 'NONE',  ( 29.26596775313394261, 3.449061285364864560, -1.158784682787205478 ) ) ;
#1624 = CARTESIAN_POINT ( 'NONE',  ( 37.28776994896032448, 3.371957876448518743, 0.3964697422151226558 ) ) ;
#1625 = CARTESIAN_POINT ( 'NONE',  ( 45.41271665538884150, 3.200545734049277780, -0.09172235332774267280 ) ) ;
#1626 = CARTESIAN_POINT ( 'NONE',  ( 29.25444561345223704, 3.831297474504734346, -0.8796041606767293075 ) ) ;
#1627 = CARTESIAN_POINT ( 'NONE',  ( 34.09854513467972481, 3.495049117955309370, -0.3345815717126813804 ) ) ;
#1628 = ORIENTED_EDGE ( 'NONE', *, *, #1279, .T. ) ;
#1629 = CARTESIAN_POINT ( 'NONE',  ( 31.39014596684895508, 3.419575991029009998, -0.4361060245184316675 ) ) ;
#1630 = VERTEX_POINT ( 'NONE', #6897 ) ;
#1631 = LINE ( 'NONE', #5596, #3438 ) ;
#1632 = AXIS2_PLACEMENT_3D ( 'NONE', #6994, #6400, #3760 ) ;
#1633 = CARTESIAN_POINT ( 'NONE',  ( 30.74098916560602390, 2.791280703485041315, 0.02601479899503895271 ) ) ;
#1634 = CARTESIAN_POINT ( 'NONE',  ( 48.59999999999999432, 2.381393742013000026, -0.4249999999999999889 ) ) ;
#1635 = ORIENTED_EDGE ( 'NONE', *, *, #6999, .T. ) ;
#1636 = DIRECTION ( 'NONE',  ( 0.000000000000000000, -2.891205793294679017E-15, 1.000000000000000000 ) ) ;
#1637 = VERTEX_POINT ( 'NONE', #7674 ) ;
#1638 = CARTESIAN_POINT ( 'NONE',  ( 42.49854513404306999, 3.590975299791984376, 0.2386553630612588683 ) ) ;
#1639 = DIRECTION ( 'NONE',  ( -0.8200998161168303602, -4.359222526820084534E-15, 0.5722204921226965446 ) ) ;
#1640 = CARTESIAN_POINT ( 'NONE',  ( 35.93983503185041428, 2.400470427706821841, 0.1127506779706164003 ) ) ;
#1641 = EDGE_CURVE ( 'NONE', #4820, #2670, #5798, .T. ) ;
#1642 = DIRECTION ( 'NONE',  ( 0.000000000000000000, 1.000000000000000000, 0.000000000000000000 ) ) ;
#1643 = ADVANCED_FACE ( 'NONE', ( #7630 ), #6262, .T. ) ;
#1644 = DIRECTION ( 'NONE',  ( -2.666144858838235626E-32, -1.000000000000000000, -1.861759004257252044E-46 ) ) ;
#1645 = ORIENTED_EDGE ( 'NONE', *, *, #6388, .F. ) ;
#1646 = CARTESIAN_POINT ( 'NONE',  ( 29.26596775313394261, 3.449061285364864560, -1.158784682787205478 ) ) ;
#1647 = VERTEX_POINT ( 'NONE', #3128 ) ;
#1648 = CARTESIAN_POINT ( 'NONE',  ( 48.80000000000000426, 1.931393742012995185, 1.824999999999999956 ) ) ;
#1649 = CARTESIAN_POINT ( 'NONE',  ( 42.45618857310268623, 3.331225433021514082, -0.07962016501398717916 ) ) ;
#1650 = ORIENTED_EDGE ( 'NONE', *, *, #6121, .T. ) ;
#1651 = CARTESIAN_POINT ( 'NONE',  ( 51.00000000000000000, 2.081393742012989989, 0.4499999999999839684 ) ) ;
#1652 = CARTESIAN_POINT ( 'NONE',  ( 31.85725665064701673, 3.708502212158333755, -0.2178331047555386035 ) ) ;
#1653 = CARTESIAN_POINT ( 'NONE',  ( 39.42648604088110886, 3.454196976006108866, -0.7922239215848378979 ) ) ;
#1654 = CARTESIAN_POINT ( 'NONE',  ( 44.73366223191442970, 2.829899289528771789, 0.7902537927787364191 ) ) ;
#1655 = CARTESIAN_POINT ( 'NONE',  ( 48.59999999999999432, 2.381393742013000026, -0.4249999999999999889 ) ) ;
#1656 =( GEOMETRIC_REPRESENTATION_CONTEXT ( 3 ) GLOBAL_UNCERTAINTY_ASSIGNED_CONTEXT ( ( #4069 ) ) GLOBAL_UNIT_ASSIGNED_CONTEXT ( ( #6005, #6088, #6683 ) ) REPRESENTATION_CONTEXT ( 'NONE', 'WORKASPACE' ) );
#1657 = CARTESIAN_POINT ( 'NONE',  ( 45.91549958635545181, 2.476464234029615241, 0.06849891304422631166 ) ) ;
#1658 = CARTESIAN_POINT ( 'NONE',  ( -1.333072429419117847E-33, -0.05000000000000000278, -9.308795021286259977E-48 ) ) ;
#1659 = ORIENTED_EDGE ( 'NONE', *, *, #1737, .T. ) ;
#1660 = CARTESIAN_POINT ( 'NONE',  ( 31.56952752250057515, 3.153114352402029752, 0.02953380693097645837 ) ) ;
#1661 = VECTOR ( 'NONE', #3348, 1000.000000000000000 ) ;
#1662 = DIRECTION ( 'NONE',  ( -2.999999999999999839E-15, -1.000000000000000000, -2.999999999999999839E-15 ) ) ;
#1663 = CARTESIAN_POINT ( 'NONE',  ( 24.99932103445172871, 1.727156155566248907, -5.345887877462590865 ) ) ;
#1664 = DIRECTION ( 'NONE',  ( 1.000000000000000000, -2.666144858838235079E-32, 6.982962677686266711E-15 ) ) ;
#1665 = CARTESIAN_POINT ( 'NONE',  ( 40.70957226364450321, 3.571991999291145525, 0.2870804379966734321 ) ) ;
#1666 = CARTESIAN_POINT ( 'NONE',  ( 39.38776994895974326, 3.301348805301261180, -0.4105147597247298386 ) ) ;
#1667 = CARTESIAN_POINT ( 'NONE',  ( 37.55618857312059333, 3.154197452815085789, -0.03866614968357946769 ) ) ;
#1668 = CARTESIAN_POINT ( 'NONE',  ( 0.000000000000000000, 0.000000000000000000, 0.000000000000000000 ) ) ;
#1669 = CARTESIAN_POINT ( 'NONE',  ( 30.71538916661404528, 2.587785241359751076, -0.3954748071073884153 ) ) ;
#1670 = VERTEX_POINT ( 'NONE', #519 ) ;
#1671 = DIRECTION ( 'NONE',  ( -0.9998918860475783932, 2.955562780817105814E-15, 0.01470429244188330674 ) ) ;
#1672 = CARTESIAN_POINT ( 'NONE',  ( 47.09055939457236661, 3.426983860652842662, 0.2585806878833379341 ) ) ;
#1673 = FACE_OUTER_BOUND ( 'NONE', #1846, .T. ) ;
#1674 = ORIENTED_EDGE ( 'NONE', *, *, #2616, .F. ) ;
#1675 = DIRECTION ( 'NONE',  ( 0.000000000000000000, 0.000000000000000000, 1.000000000000000000 ) ) ;
#1676 = CARTESIAN_POINT ( 'NONE',  ( 48.12918411396464080, 3.256393742013003134, -0.8249999999999989564 ) ) ;
#1677 = ORIENTED_EDGE ( 'NONE', *, *, #219, .T. ) ;
#1678 = CARTESIAN_POINT ( 'NONE',  ( 35.96521180070425316, 3.017738378963652934, 0.3345815577608014513 ) ) ;
#1679 = CARTESIAN_POINT ( 'NONE',  ( -11.49999999999998934, -0.05000000000000000278, -1.500000000000080158 ) ) ;
#1680 = CARTESIAN_POINT ( 'NONE',  ( 32.52154298962150847, 2.453037779154761289, -0.3186848804682713698 ) ) ;
#1681 = ADVANCED_FACE ( 'NONE', ( #8 ), #2418, .T. ) ;
#1682 = DIRECTION ( 'NONE',  ( 0.000000000000000000, -1.000000000000000000, -2.891205793294679017E-15 ) ) ;
#1683 = CARTESIAN_POINT ( 'NONE',  ( 48.59999999999999432, 3.981393742012995229, 1.125000000000000000 ) ) ;
#1684 =( BOUNDED_SURFACE ( )  B_SPLINE_SURFACE ( 3, 3, ( 
 ( #8124, #1709, #385, #4269, #4894, #2290, #3658, #3535, #6725, #4129, #4849, #2994, #934, #2330, #982, #6767, #2911, #5447, #7453, #6175, #2373, #6257, #4171, #293, #8036, #1666, #8213, #2247, #6854, #1753, #7545, #1069, #8085, #1624, #2413, #4802, #4219, #6220, #422, #6130, #4943, #3582, #6808, #3622, #1026, #7406, #3488, #5583, #344, #3036, #6085, #5498, #2952, #4303, #5542, #7500, #6893, #8164 ),
 ( #5634, #1110, #463, #4983, #1584, #2866, #2534, #5831, #4463, #666, #1195, #5106, #39, #3873, #631, #1150, #3708, #3834, #1273, #7104, #1317, #4346, #7710, #5793, #5021, #8293, #3787, #7060, #1916, #7586, #4386, #1953, #7020, #2495, #1233, #3238, #6428, #3159, #6932, #6347, #6306, #7625, #1831, #5064, #3200, #5714, #1875, #1, #1791, #7669, #515, #6980, #2576, #3750, #3085, #4422, #553, #4501 ),
 ( #5148, #3122, #5755, #5671, #6387, #8251, #591, #7751, #8338, #2455, #6466, #2617, #2152, #3910, #1528, #158, #6548, #3359, #5187, #1401, #6627, #835, #7790, #5950, #5305, #3990, #7907, #2736, #5910, #7300, #7182, #1994, #4543, #122, #3395, #7140, #2112, #4582, #2031, #751, #704, #2696, #1443, #5988, #4072, #7829, #6505, #3274, #5265, #3437, #5874, #4663, #5354, #2778, #7265, #3319, #5227, #6035 ),
 ( #1482, #4029, #3950, #200, #7226, #7868, #7942, #2067, #84, #1359, #4704, #4622, #6667, #2653, #6589, #790, #882, #243, #7394, #3610, #3523, #3648, #2815, #6881, #1056, #3479, #2855, #4929, #2237, #6162, #1101, #8112, #4292, #4791, #374, #6246, #7533, #4255, #4745, #7345, #7488, #4882, #2359, #1741, #7979, #2940, #6204, #282, #6117, #7440, #2318, #5528, #5398, #8021, #5571, #2279, #329, #4836 ),
 ( #8072, #1694, #6842, #4207, #1654, #412, #6798, #2191, #1574, #4121, #2982, #6714, #6076, #8152, #923, #5437, #1615, #969, #4159, #6756, #2899, #5485, #1012, #3571, #8202, #6921, #4972, #2403, #1781, #7571, #3022, #452, #1138, #4336, #5620, #3694, #4591, #759, #2786, #1409, #7191, #844, #3329, #890, #47, #4082, #6637, #712, #93, #2161, #7839, #3368, #6676, #5317, #1538, #2039, #5959, #3448 ),
 ( #2004, #4552, #4671, #2121, #7948, #4714, #5197, #165, #3403, #5884, #5920, #4631, #7915, #2745, #2624, #5236, #5365, #7875, #130, #2075, #7800, #7272, #3998, #7148, #3958, #1368, #2665, #6555, #2703, #1493, #5272, #7234, #4038, #3919, #1450, #6513, #6598, #5999, #800, #3283, #210, #7311, #2993, #4756, #4941, #3580, #4170, #4218, #250, #2245, #6218, #1752, #7358, #5541, #8123, #4848, #4893, #1581 ),
 ( #8035, #4128, #6724, #981, #933, #3487, #6084, #5446, #2865, #6766, #292, #3534, #2289, #4800, #6129, #343, #2909, #5497, #8083, #7452, #1665, #724, #103, #4602, #2048, #5246, #1378, #3931, #6522, #3297, #5893, #2674, #7850, #6877, #7568, #6793, #1689, #5568, #6244, #1098, #964, #6158, #3689, #410, #4251, #2979, #5009, #449, #4926, #6111, #8110, #8066, #1007, #3567, #6838, #3646, #7484, #3607 ) ),
 .UNSPECIFIED., .T., .F., .F. ) 
 B_SPLINE_SURFACE_WITH_KNOTS ( ( 4, 3, 4 ),
 ( 4, 2, 2, 2, 2, 2, 2, 2, 2, 2, 2, 2, 2, 2, 2, 2, 2, 2, 2, 2, 2, 2, 2, 2, 2, 2, 2, 2, 4 ),
 ( 0.000000000000000000, 0.5000000000000000000, 1.000000000000000000 ),
 ( 0.1308689870526984211, 0.1419233613375222303, 0.1750864841920457826, 0.1971952327616690592, 0.2193039813312923081, 0.2414127299009406202, 0.2635214784705889324, 0.2856302270402372723, 0.3077389756098856122, 0.3409020984643585939, 0.3740652213188316866, 0.3961739698884907401, 0.4182827184581498492, 0.4403914670277873089, 0.4625002155974248241, 0.4956633384518976393, 0.5177720870215460902, 0.5398808355911944856, 0.5730439584462085900, 0.5951527070155860910, 0.6172614555849635920, 0.6393702041546120984, 0.6614789527242606049, 0.6835877012939084452, 0.7056964498635562855, 0.7278051984332052360, 0.7499139470028541865, 0.7830770698573270572, 0.7941314441421509773 ),
 .UNSPECIFIED. ) 
 GEOMETRIC_REPRESENTATION_ITEM ( )  RATIONAL_B_SPLINE_SURFACE ( (
 ( 1.000000000000000000, 1.000000000000000000, 1.000000000000000000, 1.000000000000000000, 1.000000000000000000, 1.000000000000000000, 1.000000000000000000, 1.000000000000000000, 1.000000000000000000, 1.000000000000000000, 1.000000000000000000, 1.000000000000000000, 1.000000000000000000, 1.000000000000000000, 1.000000000000000000, 1.000000000000000000, 1.000000000000000000, 1.000000000000000000, 1.000000000000000000, 1.000000000000000000, 1.000000000000000000, 1.000000000000000000, 1.000000000000000000, 1.000000000000000000, 1.000000000000000000, 1.000000000000000000, 1.000000000000000000, 1.000000000000000000, 1.000000000000000000, 1.000000000000000000, 1.000000000000000000, 1.000000000000000000, 1.000000000000000000, 1.000000000000000000, 1.000000000000000000, 1.000000000000000000, 1.000000000000000000, 1.000000000000000000, 1.000000000000000000, 1.000000000000000000, 1.000000000000000000, 1.000000000000000000, 1.000000000000000000, 1.000000000000000000, 1.000000000000000000, 1.000000000000000000, 1.000000000000000000, 1.000000000000000000, 1.000000000000000000, 1.000000000000000000, 1.000000000000000000, 1.000000000000000000, 1.000000000000000000, 1.000000000000000000, 1.000000000000000000, 1.000000000000000000, 1.000000000000000000, 1.000000000000000000),
 ( 0.3333333333333333703, 0.3333333333333333703, 0.3333333333333333703, 0.3333333333333333703, 0.3333333333333333703, 0.3333333333333333703, 0.3333333333333333703, 0.3333333333333333703, 0.3333333333333333703, 0.3333333333333333703, 0.3333333333333333703, 0.3333333333333333703, 0.3333333333333333703, 0.3333333333333333703, 0.3333333333333333703, 0.3333333333333333703, 0.3333333333333333703, 0.3333333333333333703, 0.3333333333333333703, 0.3333333333333333703, 0.3333333333333333703, 0.3333333333333333703, 0.3333333333333333703, 0.3333333333333333703, 0.3333333333333333703, 0.3333333333333333703, 0.3333333333333333703, 0.3333333333333333703, 0.3333333333333333703, 0.3333333333333333703, 0.3333333333333333703, 0.3333333333333333703, 0.3333333333333333703, 0.3333333333333333703, 0.3333333333333333703, 0.3333333333333333703, 0.3333333333333333703, 0.3333333333333333703, 0.3333333333333333703, 0.3333333333333333703, 0.3333333333333333703, 0.3333333333333333703, 0.3333333333333333703, 0.3333333333333333703, 0.3333333333333333703, 0.3333333333333333703, 0.3333333333333333703, 0.3333333333333333703, 0.3333333333333333703, 0.3333333333333333703, 0.3333333333333333703, 0.3333333333333333703, 0.3333333333333333703, 0.3333333333333333703, 0.3333333333333333703, 0.3333333333333333703, 0.3333333333333333703, 0.3333333333333333703),
 ( 0.3333333333333333703, 0.3333333333333333703, 0.3333333333333333703, 0.3333333333333333703, 0.3333333333333333703, 0.3333333333333333703, 0.3333333333333333703, 0.3333333333333333703, 0.3333333333333333703, 0.3333333333333333703, 0.3333333333333333703, 0.3333333333333333703, 0.3333333333333333703, 0.3333333333333333703, 0.3333333333333333703, 0.3333333333333333703, 0.3333333333333333703, 0.3333333333333333703, 0.3333333333333333703, 0.3333333333333333703, 0.3333333333333333703, 0.3333333333333333703, 0.3333333333333333703, 0.3333333333333333703, 0.3333333333333333703, 0.3333333333333333703, 0.3333333333333333703, 0.3333333333333333703, 0.3333333333333333703, 0.3333333333333333703, 0.3333333333333333703, 0.3333333333333333703, 0.3333333333333333703, 0.3333333333333333703, 0.3333333333333333703, 0.3333333333333333703, 0.3333333333333333703, 0.3333333333333333703, 0.3333333333333333703, 0.3333333333333333703, 0.3333333333333333703, 0.3333333333333333703, 0.3333333333333333703, 0.3333333333333333703, 0.3333333333333333703, 0.3333333333333333703, 0.3333333333333333703, 0.3333333333333333703, 0.3333333333333333703, 0.3333333333333333703, 0.3333333333333333703, 0.3333333333333333703, 0.3333333333333333703, 0.3333333333333333703, 0.3333333333333333703, 0.3333333333333333703, 0.3333333333333333703, 0.3333333333333333703),
 ( 1.000000000000000000, 1.000000000000000000, 1.000000000000000000, 1.000000000000000000, 1.000000000000000000, 1.000000000000000000, 1.000000000000000000, 1.000000000000000000, 1.000000000000000000, 1.000000000000000000, 1.000000000000000000, 1.000000000000000000, 1.000000000000000000, 1.000000000000000000, 1.000000000000000000, 1.000000000000000000, 1.000000000000000000, 1.000000000000000000, 1.000000000000000000, 1.000000000000000000, 1.000000000000000000, 1.000000000000000000, 1.000000000000000000, 1.000000000000000000, 1.000000000000000000, 1.000000000000000000, 1.000000000000000000, 1.000000000000000000, 1.000000000000000000, 1.000000000000000000, 1.000000000000000000, 1.000000000000000000, 1.000000000000000000, 1.000000000000000000, 1.000000000000000000, 1.000000000000000000, 1.000000000000000000, 1.000000000000000000, 1.000000000000000000, 1.000000000000000000, 1.000000000000000000, 1.000000000000000000, 1.000000000000000000, 1.000000000000000000, 1.000000000000000000, 1.000000000000000000, 1.000000000000000000, 1.000000000000000000, 1.000000000000000000, 1.000000000000000000, 1.000000000000000000, 1.000000000000000000, 1.000000000000000000, 1.000000000000000000, 1.000000000000000000, 1.000000000000000000, 1.000000000000000000, 1.000000000000000000),
 ( 0.3333333333333333703, 0.3333333333333333703, 0.3333333333333333703, 0.3333333333333333703, 0.3333333333333333703, 0.3333333333333333703, 0.3333333333333333703, 0.3333333333333333703, 0.3333333333333333703, 0.3333333333333333703, 0.3333333333333333703, 0.3333333333333333703, 0.3333333333333333703, 0.3333333333333333703, 0.3333333333333333703, 0.3333333333333333703, 0.3333333333333333703, 0.3333333333333333703, 0.3333333333333333703, 0.3333333333333333703, 0.3333333333333333703, 0.3333333333333333703, 0.3333333333333333703, 0.3333333333333333703, 0.3333333333333333703, 0.3333333333333333703, 0.3333333333333333703, 0.3333333333333333703, 0.3333333333333333703, 0.3333333333333333703, 0.3333333333333333703, 0.3333333333333333703, 0.3333333333333333703, 0.3333333333333333703, 0.3333333333333333703, 0.3333333333333333703, 0.3333333333333333703, 0.3333333333333333703, 0.3333333333333333703, 0.3333333333333333703, 0.3333333333333333703, 0.3333333333333333703, 0.3333333333333333703, 0.3333333333333333703, 0.3333333333333333703, 0.3333333333333333703, 0.3333333333333333703, 0.3333333333333333703, 0.3333333333333333703, 0.3333333333333333703, 0.3333333333333333703, 0.3333333333333333703, 0.3333333333333333703, 0.3333333333333333703, 0.3333333333333333703, 0.3333333333333333703, 0.3333333333333333703, 0.3333333333333333703),
 ( 0.3333333333333333703, 0.3333333333333333703, 0.3333333333333333703, 0.3333333333333333703, 0.3333333333333333703, 0.3333333333333333703, 0.3333333333333333703, 0.3333333333333333703, 0.3333333333333333703, 0.3333333333333333703, 0.3333333333333333703, 0.3333333333333333703, 0.3333333333333333703, 0.3333333333333333703, 0.3333333333333333703, 0.3333333333333333703, 0.3333333333333333703, 0.3333333333333333703, 0.3333333333333333703, 0.3333333333333333703, 0.3333333333333333703, 0.3333333333333333703, 0.3333333333333333703, 0.3333333333333333703, 0.3333333333333333703, 0.3333333333333333703, 0.3333333333333333703, 0.3333333333333333703, 0.3333333333333333703, 0.3333333333333333703, 0.3333333333333333703, 0.3333333333333333703, 0.3333333333333333703, 0.3333333333333333703, 0.3333333333333333703, 0.3333333333333333703, 0.3333333333333333703, 0.3333333333333333703, 0.3333333333333333703, 0.3333333333333333703, 0.3333333333333333703, 0.3333333333333333703, 0.3333333333333333703, 0.3333333333333333703, 0.3333333333333333703, 0.3333333333333333703, 0.3333333333333333703, 0.3333333333333333703, 0.3333333333333333703, 0.3333333333333333703, 0.3333333333333333703, 0.3333333333333333703, 0.3333333333333333703, 0.3333333333333333703, 0.3333333333333333703, 0.3333333333333333703, 0.3333333333333333703, 0.3333333333333333703),
 ( 1.000000000000000000, 1.000000000000000000, 1.000000000000000000, 1.000000000000000000, 1.000000000000000000, 1.000000000000000000, 1.000000000000000000, 1.000000000000000000, 1.000000000000000000, 1.000000000000000000, 1.000000000000000000, 1.000000000000000000, 1.000000000000000000, 1.000000000000000000, 1.000000000000000000, 1.000000000000000000, 1.000000000000000000, 1.000000000000000000, 1.000000000000000000, 1.000000000000000000, 1.000000000000000000, 1.000000000000000000, 1.000000000000000000, 1.000000000000000000, 1.000000000000000000, 1.000000000000000000, 1.000000000000000000, 1.000000000000000000, 1.000000000000000000, 1.000000000000000000, 1.000000000000000000, 1.000000000000000000, 1.000000000000000000, 1.000000000000000000, 1.000000000000000000, 1.000000000000000000, 1.000000000000000000, 1.000000000000000000, 1.000000000000000000, 1.000000000000000000, 1.000000000000000000, 1.000000000000000000, 1.000000000000000000, 1.000000000000000000, 1.000000000000000000, 1.000000000000000000, 1.000000000000000000, 1.000000000000000000, 1.000000000000000000, 1.000000000000000000, 1.000000000000000000, 1.000000000000000000, 1.000000000000000000, 1.000000000000000000, 1.000000000000000000, 1.000000000000000000, 1.000000000000000000, 1.000000000000000000) ) ) 
 REPRESENTATION_ITEM ( '' )  SURFACE ( )  );
#1685 = ADVANCED_FACE ( 'NONE', ( #471 ), #3754, .T. ) ;
#1686 = ORIENTED_EDGE ( 'NONE', *, *, #6941, .F. ) ;
#1687 = CARTESIAN_POINT ( 'NONE',  ( 46.82317342642996749, 3.073042947439278638, 0.6123345544546550112 ) ) ;
#1688 = VERTEX_POINT ( 'NONE', #8300 ) ;
#1689 = CARTESIAN_POINT ( 'NONE',  ( 36.50957226365128605, 3.682551934334402866, -0.02016514339808948494 ) ) ;
#1690 = DIRECTION ( 'NONE',  ( 1.000000000000000000, 0.000000000000000000, 0.000000000000000000 ) ) ;
#1691 = CARTESIAN_POINT ( 'NONE',  ( 40.12285523979682722, 3.259779704439707437, 0.1092139547810463546 ) ) ;
#1692 = CARTESIAN_POINT ( 'NONE',  ( 41.40957226364647425, 3.111940225509431279, 0.4014356977655963443 ) ) ;
#1693 = VECTOR ( 'NONE', #2970, 1000.000000000000000 ) ;
#1694 = CARTESIAN_POINT ( 'NONE',  ( 45.35217706658693970, 2.413580374494307623, 0.005058572039493591452 ) ) ;
#1695 = LINE ( 'NONE', #376, #1489 ) ;
#1696 = DIRECTION ( 'NONE',  ( -2.666144858838235626E-32, -1.000000000000000000, -1.861759004257252044E-46 ) ) ;
#1697 = VECTOR ( 'NONE', #2733, 1000.000000000000000 ) ;
#1698 = DIRECTION ( 'NONE',  ( 1.000000000000000000, 0.000000000000000000, -7.000000000000000150E-15 ) ) ;
#1699 = VECTOR ( 'NONE', #421, 1000.000000000000000 ) ;
#1700 = AXIS2_PLACEMENT_3D ( 'NONE', #7959, #3459, #6053 ) ;
#1701 = EDGE_LOOP ( 'NONE', ( #3069, #8012, #7220, #1565 ) ) ;
#1702 = CARTESIAN_POINT ( 'NONE',  ( 45.27277735570855555, 3.184765628237038904, -0.2174048745119498971 ) ) ;
#1703 = DIRECTION ( 'NONE',  ( 1.000000000000000000, -4.084202172485500328E-15, -7.000000000000000150E-15 ) ) ;
#1704 = CARTESIAN_POINT ( 'NONE',  ( 52.29999999999999716, 2.081393742012984660, 0.4499999999999749756 ) ) ;
#1705 = AXIS2_PLACEMENT_3D ( 'NONE', #3176, #1082, #3670 ) ;
#1706 = DIRECTION ( 'NONE',  ( -0.8660254037844351549, 0.000000000000000000, 0.5000000000000061062 ) ) ;
#1707 = ADVANCED_FACE ( 'NONE', ( #6352 ), #4427, .T. ) ;
#1708 = CARTESIAN_POINT ( 'NONE',  ( 48.80000000000000426, 1.631393742013004911, -1.824999999999999956 ) ) ;
#1709 = CARTESIAN_POINT ( 'NONE',  ( 45.53227765311667952, 2.913614496072386650, 0.2106839993873539651 ) ) ;
#1710 = CARTESIAN_POINT ( 'NONE',  ( 42.14905385701725038, 3.285199339839436572, -0.1078931073912696159 ) ) ;
#1711 = CARTESIAN_POINT ( 'NONE',  ( 29.58491703248250460, 3.624479009764547843, -1.055561162576216017 ) ) ;
#1712 = DIRECTION ( 'NONE',  ( -7.000000000000000938E-15, 2.891205793294679411E-15, -1.000000000000000000 ) ) ;
#1713 = CARTESIAN_POINT ( 'NONE',  ( 33.63187848229765109, 3.188563666963658338, -0.4053400320338890750 ) ) ;
#1714 = CARTESIAN_POINT ( 'NONE',  ( 25.00863522119763616, 1.727156155566249129, 5.299041726028368871 ) ) ;
#1715 = ORIENTED_EDGE ( 'NONE', *, *, #3941, .F. ) ;
#1716 = VERTEX_POINT ( 'NONE', #7025 ) ;
#1717 = CARTESIAN_POINT ( 'NONE',  ( 25.13738994517776604, 1.727156155566246243, 4.283351686312391493 ) ) ;
#1718 = CARTESIAN_POINT ( 'NONE',  ( 30.40649478394737315, 2.806956265344502821, 0.3265598408100254813 ) ) ;
#1719 = VERTEX_POINT ( 'NONE', #6311 ) ;
#1720 = DIRECTION ( 'NONE',  ( 1.000000000000000000, 0.000000000000000000, -7.000000000000000150E-15 ) ) ;
#1721 = CARTESIAN_POINT ( 'NONE',  ( 48.50000000000000000, 2.323658715094035099, -0.3672649730810374491 ) ) ;
#1722 = EDGE_CURVE ( 'NONE', #3235, #3179, #1880, .T. ) ;
#1723 = AXIS2_PLACEMENT_3D ( 'NONE', #2015, #6523, #7466 ) ;
#1724 = EDGE_CURVE ( 'NONE', #5565, #1260, #6394, .T. ) ;
#1725 = ORIENTED_EDGE ( 'NONE', *, *, #6576, .F. ) ;
#1726 = ORIENTED_EDGE ( 'NONE', *, *, #5473, .T. ) ;
#1727 = CARTESIAN_POINT ( 'NONE',  ( 39.38776994895975037, 3.211438678724785944, 0.4105147597248616220 ) ) ;
#1728 = CARTESIAN_POINT ( 'NONE',  ( 48.70000000000000995, 3.256393742013003134, -0.8249999999999987343 ) ) ;
#1729 = CARTESIAN_POINT ( 'NONE',  ( 31.90101162774591970, 2.560364116000165779, 0.5674426915631407553 ) ) ;
#1730 = CARTESIAN_POINT ( 'NONE',  ( 36.56106315531101103, 3.792770590374771711, 0.7184866592990437617 ) ) ;
#1731 = DIRECTION ( 'NONE',  ( -7.000000000000000150E-15, 0.000000000000000000, -1.000000000000000000 ) ) ;
#1732 = ADVANCED_FACE ( 'NONE', ( #5026 ), #171, .T. ) ;
#1733 = VECTOR ( 'NONE', #4487, 1000.000000000000000 ) ;
#1734 = LINE ( 'NONE', #6914, #4115 ) ;
#1735 = ORIENTED_EDGE ( 'NONE', *, *, #1021, .T. ) ;
#1736 = CARTESIAN_POINT ( 'NONE',  ( 45.85991363629658224, 3.238306040882730219, -0.05477268468031426529 ) ) ;
#1737 = EDGE_CURVE ( 'NONE', #608, #3779, #8320, .T. ) ;
#1738 = ORIENTED_EDGE ( 'NONE', *, *, #6855, .F. ) ;
#1739 = CARTESIAN_POINT ( 'NONE',  ( 51.29999999999999716, 4.381393742012995141, -1.125000000000000000 ) ) ;
#1740 = CARTESIAN_POINT ( 'NONE',  ( 34.05618859409624832, 3.176773565350647921, -0.07483172509782423654 ) ) ;
#1741 = CARTESIAN_POINT ( 'NONE',  ( 34.50111893992895773, 2.953146955161982223, -0.3726542400497701024 ) ) ;
#1742 = ADVANCED_FACE ( 'NONE', ( #3299 ), #3933, .T. ) ;
#1743 = CARTESIAN_POINT ( 'NONE',  ( 34.85492253796599016, 3.599171354286792024, 0.7933817115953623045 ) ) ;
#1744 = DIRECTION ( 'NONE',  ( 1.219615242270666178E-14, 0.000000000000000000, 1.000000000000000000 ) ) ;
#1745 = DIRECTION ( 'NONE',  ( -1.000000000000000000, 2.999999999999999839E-15, 7.000000000000000150E-15 ) ) ;
#1746 = CARTESIAN_POINT ( 'NONE',  ( 51.00000000000000000, 3.981393742012989900, 1.050000000000000044 ) ) ;
#1747 = VERTEX_POINT ( 'NONE', #3970 ) ;
#1748 = CARTESIAN_POINT ( 'NONE',  ( 45.23476051413001642, 2.788286702949084539, -0.04447211916689984557 ) ) ;
#1749 = CARTESIAN_POINT ( 'NONE',  ( 30.23054662516042157, 3.682002481108011427, -0.4991544489485048031 ) ) ;
#1750 = CARTESIAN_POINT ( 'NONE',  ( 24.89908115240747932, 1.527156155566256057, 3.961884932945561655 ) ) ;
#1751 = CARTESIAN_POINT ( 'NONE',  ( -9.633924433998858561, 2.568543810014208884E-31, 1.499999999999932943 ) ) ;
#1752 = CARTESIAN_POINT ( 'NONE',  ( 32.89315395389319718, 4.048618375436944916, 0.1978027210078228959 ) ) ;
#1753 = CARTESIAN_POINT ( 'NONE',  ( 38.37674281935037612, 2.826895681820197126, 0.003470011671527804126 ) ) ;
#1754 = ADVANCED_FACE ( 'NONE', ( #1255 ), #650, .T. ) ;
#1755 = CARTESIAN_POINT ( 'NONE',  ( 38.09963891876807907, 3.222404703585833197, -0.1075305303824112824 ) ) ;
#1756 = CARTESIAN_POINT ( 'NONE',  ( 30.52303354658196710, 3.931482986176567440, 0.2363341352085241986 ) ) ;
#1757 = FACE_OUTER_BOUND ( 'NONE', #7199, .T. ) ;
#1758 = DIRECTION ( 'NONE',  ( 2.999999999999999839E-15, 1.000000000000000000, 0.000000000000000000 ) ) ;
#1759 = CARTESIAN_POINT ( 'NONE',  ( 31.51002320087813047, 3.031687948793192700, -0.3382121326378996762 ) ) ;
#1760 = VERTEX_POINT ( 'NONE', #5127 ) ;
#1761 = CARTESIAN_POINT ( 'NONE',  ( 31.60985403315105202, 3.093211492997045120, -0.3638939754813264593 ) ) ;
#1762 = DIRECTION ( 'NONE',  ( 0.01470429244188329286, -3.040600050306316796E-15, 0.9998918860475783932 ) ) ;
#1763 = CARTESIAN_POINT ( 'NONE',  ( 39.94589931039915598, 2.861733455982103269, -0.2772413222357065776 ) ) ;
#1764 = DIRECTION ( 'NONE',  ( -7.000000000000000150E-15, 2.999999999999999839E-15, -1.000000000000000000 ) ) ;
#1765 = ORIENTED_EDGE ( 'NONE', *, *, #3778, .F. ) ;
#1766 = VERTEX_POINT ( 'NONE', #2171 ) ;
#1767 = CARTESIAN_POINT ( 'NONE',  ( 34.25443661575972243, 3.578459542492147705, -0.2584897403251674719 ) ) ;
#1768 = CARTESIAN_POINT ( 'NONE',  ( 52.33259147561390279, 3.468635121323345061, -1.398448275862092194 ) ) ;
#1769 = VECTOR ( 'NONE', #4387, 1000.000000000000000 ) ;
#1770 = CARTESIAN_POINT ( 'NONE',  ( 41.23369441456900120, 3.952816099413878792, -0.5668946090334249233 ) ) ;
#1771 = AXIS2_PLACEMENT_3D ( 'NONE', #6029, #7295, #190 ) ;
#1772 = DIRECTION ( 'NONE',  ( -1.000000000000000000, 2.999999999999999839E-15, 7.000000000000000150E-15 ) ) ;
#1773 = ADVANCED_FACE ( 'NONE', ( #6693 ), #4097, .T. ) ;
#1774 = VECTOR ( 'NONE', #4440, 1000.000000000000000 ) ;
#1775 = FILL_AREA_STYLE ('',( #5520 ) ) ;
#1776 = ORIENTED_EDGE ( 'NONE', *, *, #1619, .T. ) ;
#1777 = CARTESIAN_POINT ( 'NONE',  ( 47.52326599273344243, 2.895580776399188316, 0.3879374795796247111 ) ) ;
#1778 = ORIENTED_EDGE ( 'NONE', *, *, #3921, .T. ) ;
#1779 = LINE ( 'NONE', #3017, #2396 ) ;
#1780 = CARTESIAN_POINT ( 'NONE',  ( 43.08238716858401318, 3.364286830061374634, 0.02880556816296311190 ) ) ;
#1781 = CARTESIAN_POINT ( 'NONE',  ( 38.58825587131532586, 2.913616129713836322, -0.7933817115858549096 ) ) ;
#1782 = CARTESIAN_POINT ( 'NONE',  ( 42.54090169498347507, 3.850725166562445789, 0.5569308911365110637 ) ) ;
#1783 = DIRECTION ( 'NONE',  ( -0.8000000000000000444, 4.265276524023165170E-16, 0.5999999999999999778 ) ) ;
#1784 = DIRECTION ( 'NONE',  ( -0.7745966692414809618, -0.4472135954999575391, 0.4472135954999625351 ) ) ;
#1785 = DIRECTION ( 'NONE',  ( 7.000000000000000150E-15, -2.999999999999999839E-15, 1.000000000000000000 ) ) ;
#1786 = ORIENTED_EDGE ( 'NONE', *, *, #7763, .F. ) ;
#1787 = CARTESIAN_POINT ( 'NONE',  ( 36.48545120597308511, 3.116457948804499889, 0.1969940958251146512 ) ) ;
#1788 = CARTESIAN_POINT ( 'NONE',  ( 52.10000000000000142, 0.4213937420129870159, 0.8249999999999710898 ) ) ;
#1789 = CARTESIAN_POINT ( 'NONE',  ( 24.85697575512326907, 2.152731836434644386, 4.479009266863348770 ) ) ;
#1790 = CARTESIAN_POINT ( 'NONE',  ( 24.96791241634318581, 1.625690120991741150, 5.508069892759419162 ) ) ;
#1791 = CARTESIAN_POINT ( 'NONE',  ( 33.58952227757595921, 3.365608239455090800, -0.003385698674760619694 ) ) ;
#1792 = CARTESIAN_POINT ( 'NONE',  ( 34.46240284800068565, 3.177931366986403106, 0.2198060693643085484 ) ) ;
#1793 = CARTESIAN_POINT ( 'NONE',  ( 29.92728475127560372, 3.649416144902251968, -0.7727029479682226976 ) ) ;
#1794 = CARTESIAN_POINT ( 'NONE',  ( 52.10000000000000142, 3.981393742012989900, -0.4250000000000179745 ) ) ;
#1795 = LINE ( 'NONE', #4351, #892 ) ;
#1796 = CIRCLE ( 'NONE', #6771, 9.750000000000000000 ) ;
#1797 = ADVANCED_FACE ( 'NONE', ( #7926 ), #2714, .T. ) ;
#1798 = FACE_BOUND ( 'NONE', #855, .T. ) ;
#1799 = CARTESIAN_POINT ( 'NONE',  ( 29.80776706716518376, 3.309819896460983291, -0.5983735058350950764 ) ) ;
#1800 = CARTESIAN_POINT ( 'NONE',  ( 25.21112522673504941, 1.727156155566249573, 4.205765437071813828 ) ) ;
#1801 = ORIENTED_EDGE ( 'NONE', *, *, #5984, .T. ) ;
#1802 = EDGE_CURVE ( 'NONE', #6689, #4697, #856, .T. ) ;
#1803 = CARTESIAN_POINT ( 'NONE',  ( 50.94456188334820723, 4.631393742012999581, -1.050815266421358141 ) ) ;
#1804 = DIRECTION ( 'NONE',  ( -0.8295410558727192019, 0.5584457329244930657, -3.431300346083131405E-14 ) ) ;
#1805 = ORIENTED_EDGE ( 'NONE', *, *, #6434, .T. ) ;
#1806 = ORIENTED_EDGE ( 'NONE', *, *, #4096, .F. ) ;
#1807 = LINE ( 'NONE', #5081, #6275 ) ;
#1808 = CARTESIAN_POINT ( 'NONE',  ( 0.000000000000000000, 5.000000000000000000, -9.549999999999998934 ) ) ;
#1809 = CARTESIAN_POINT ( 'NONE',  ( 31.58518131699589304, 2.938503570118708996, 0.7805206904611016183 ) ) ;
#1810 = CARTESIAN_POINT ( 'NONE',  ( 34.60756836086618904, 2.442328350780875290, 0.02644616954793909541 ) ) ;
#1811 = CARTESIAN_POINT ( 'NONE',  ( 48.70000000000001705, 3.256393742012988035, 0.8250000000000000666 ) ) ;
#1812 = DIRECTION ( 'NONE',  ( 0.7745966692414880672, 0.4472135954999545415, 0.4472135954999530427 ) ) ;
#1813 = ORIENTED_EDGE ( 'NONE', *, *, #838, .F. ) ;
#1814 = CARTESIAN_POINT ( 'NONE',  ( 45.34943176543428933, 3.299595531747342658, 0.2236610021684352911 ) ) ;
#1815 = ORIENTED_EDGE ( 'NONE', *, *, #5776, .F. ) ;
#1816 = CARTESIAN_POINT ( 'NONE',  ( 51.00000000000000000, 3.981393742012995229, -0.1750000000000104805 ) ) ;
#1817 = CARTESIAN_POINT ( 'NONE',  ( 43.54905347405693306, 3.312317186820180392, 0.09666000034108934713 ) ) ;
#1818 = VECTOR ( 'NONE', #3272, 999.9999999999998863 ) ;
#1819 = CARTESIAN_POINT ( 'NONE',  ( 34.07316836496740109, 4.112317056439874996, -0.1127506779859547142 ) ) ;
#1820 = CARTESIAN_POINT ( 'NONE',  ( 27.41080196118428347, 2.663726198661239497, 2.697089969102656415 ) ) ;
#1821 = DIRECTION ( 'NONE',  ( -7.000000000000000150E-15, 0.000000000000000000, -1.000000000000000000 ) ) ;
#1822 = ADVANCED_FACE ( 'NONE', ( #5334 ), #2133, .F. ) ;
#1823 = EDGE_LOOP ( 'NONE', ( #6945, #6619, #3897, #5646 ) ) ;
#1824 = CARTESIAN_POINT ( 'NONE',  ( 32.43691299390174976, 3.242285537050210387, 0.2358018173064163336 ) ) ;
#1825 = VECTOR ( 'NONE', #6997, 1000.000000000000000 ) ;
#1826 = CARTESIAN_POINT ( 'NONE',  ( 29.92728475127560372, 3.649416144902251968, -0.7727029479682226976 ) ) ;
#1827 = ORIENTED_EDGE ( 'NONE', *, *, #4335, .T. ) ;
#1828 = UNCERTAINTY_MEASURE_WITH_UNIT (LENGTH_MEASURE( 1.000000000000000082E-05 ), #2936, 'distance_accuracy_value', 'NONE');
#1829 = CARTESIAN_POINT ( 'NONE',  ( 25.50844145124333906, 2.588649715181440047, 4.024452377677166126 ) ) ;
#1830 = DIRECTION ( 'NONE',  ( -7.000000000000000150E-15, 2.999999999999999839E-15, -1.000000000000000000 ) ) ;
#1831 = CARTESIAN_POINT ( 'NONE',  ( 34.98952190647509752, 3.181562050951517229, 0.07962016502793975437 ) ) ;
#1832 = CARTESIAN_POINT ( 'NONE',  ( 32.03257123730029576, 3.355913800475406994, 0.05145360508955465484 ) ) ;
#1833 = CARTESIAN_POINT ( 'NONE',  ( 29.52077060353861881, 3.407604041962594810, -1.523965192118056811 ) ) ;
#1834 = LINE ( 'NONE', #425, #8129 ) ;
#1835 = VECTOR ( 'NONE', #3657, 1000.000000000000000 ) ;
#1836 = VECTOR ( 'NONE', #5362, 1000.000000000000000 ) ;
#1837 = CARTESIAN_POINT ( 'NONE',  ( 47.80394996717133438, 2.842771383929731943, -0.4122020725168226152 ) ) ;
#1838 = EDGE_CURVE ( 'NONE', #5678, #3494, #4770, .T. ) ;
#1839 = CARTESIAN_POINT ( 'NONE',  ( 51.29999999999999716, 0.4213937420129950095, -1.125000000000021760 ) ) ;
#1840 = VECTOR ( 'NONE', #5434, 1000.000000000000000 ) ;
#1841 = VERTEX_POINT ( 'NONE', #6013 ) ;
#1842 = EDGE_CURVE ( 'NONE', #5628, #1006, #1350, .T. ) ;
#1843 = DIRECTION ( 'NONE',  ( -1.000000000000000000, 0.000000000000000000, 7.000000000000000150E-15 ) ) ;
#1844 = CARTESIAN_POINT ( 'NONE',  ( 29.26388263861401029, 3.279237581643515309, -1.031425395231654996 ) ) ;
#1845 = CARTESIAN_POINT ( 'NONE',  ( 29.32641739690357952, 2.893902494939894154, 1.245420415730013497 ) ) ;
#1846 = EDGE_LOOP ( 'NONE', ( #2018, #8004, #4288, #1851 ) ) ;
#1847 = CARTESIAN_POINT ( 'NONE',  ( 48.70000000000000284, 2.531393742012999937, -0.4249999999999999889 ) ) ;
#1848 = DIRECTION ( 'NONE',  ( -2.067831595654039964E-13, -1.000000000000000000, 0.000000000000000000 ) ) ;
#1849 = CARTESIAN_POINT ( 'NONE',  ( 48.80000000000000426, 1.931393742013005177, -1.824999999999999956 ) ) ;
#1850 = EDGE_CURVE ( 'NONE', #6384, #1333, #7883, .T. ) ;
#1851 = ORIENTED_EDGE ( 'NONE', *, *, #7956, .T. ) ;
#1852 = LINE ( 'NONE', #1335, #1825 ) ;
#1853 = CARTESIAN_POINT ( 'NONE',  ( 47.48098989623284893, 3.310079127163908286, 0.3740124348085324679 ) ) ;
#1854 = CARTESIAN_POINT ( 'NONE',  ( 32.74086158356649179, 2.442287546214406913, 0.02639055785035745658 ) ) ;
#1855 = VECTOR ( 'NONE', #6678, 1000.000000000000000 ) ;
#1856 = CARTESIAN_POINT ( 'NONE',  ( 32.12008119149810170, 3.644715995285864985, -0.7506727787040560207 ) ) ;
#1857 = DIRECTION ( 'NONE',  ( -0.9417419115948382213, -0.3363363969981540413, 4.051626250461731147E-15 ) ) ;
#1858 = EDGE_CURVE ( 'NONE', #4314, #3685, #6680, .T. ) ;
#1859 = FACE_OUTER_BOUND ( 'NONE', #2545, .T. ) ;
#1860 = ORIENTED_EDGE ( 'NONE', *, *, #2072, .T. ) ;
#1861 =( REPRESENTATION_RELATIONSHIP ('NONE','NONE', #1912, #5396 ) REPRESENTATION_RELATIONSHIP_WITH_TRANSFORMATION ( #4107 )SHAPE_REPRESENTATION_RELATIONSHIP( ) );
#1862 = CARTESIAN_POINT ( 'NONE',  ( 47.93576501160070791, 2.860664728999387840, 0.4210033837788738076 ) ) ;
#1863 = ORIENTED_EDGE ( 'NONE', *, *, #6984, .F. ) ;
#1864 = FACE_OUTER_BOUND ( 'NONE', #5557, .T. ) ;
#1865 = CARTESIAN_POINT ( 'NONE',  ( 44.69041990466725878, 3.590681190160519787, -0.3738285337734854608 ) ) ;
#1866 = CARTESIAN_POINT ( 'NONE',  ( 42.22648604090120728, 4.048617663597670280, 0.1978032339469176781 ) ) ;
#1867 = CARTESIAN_POINT ( 'NONE',  ( 24.80004598964588425, 1.516493618443342184, 4.518731722322042899 ) ) ;
#1868 = LINE ( 'NONE', #7491, #5416 ) ;
#1869 = VECTOR ( 'NONE', #4012, 1000.000000000000114 ) ;
#1870 = VERTEX_POINT ( 'NONE', #224 ) ;
#1871 = CARTESIAN_POINT ( 'NONE',  ( 34.30354275015866961, 3.270459133191735202, -0.2358574290055321099 ) ) ;
#1872 = DIRECTION ( 'NONE',  ( -7.000000000000000150E-15, 2.999999999999999839E-15, -1.000000000000000000 ) ) ;
#1873 = CARTESIAN_POINT ( 'NONE',  ( 25.36576441299823514, 2.425497541452680039, 4.124004558320323532 ) ) ;
#1874 = CARTESIAN_POINT ( 'NONE',  ( 35.03187846737706934, 3.590975299816099753, 0.2386553630812209559 ) ) ;
#1875 = CARTESIAN_POINT ( 'NONE',  ( 34.05618859409624832, 3.336013918675431622, 0.07483172509803065475 ) ) ;
#1876 = CARTESIAN_POINT ( 'NONE',  ( 32.27224668164851806, 3.325470323658596072, 0.09350134616063422721 ) ) ;
#1877 = CARTESIAN_POINT ( 'NONE',  ( 30.10898509200915640, 3.342191348724545819, -0.3266593461211818594 ) ) ;
#1878 = SPHERICAL_SURFACE ( 'NONE', #6238, 0.2999999999999999889 ) ;
#1879 = EDGE_CURVE ( 'NONE', #1591, #5513, #607, .T. ) ;
#1880 = LINE ( 'NONE', #3090, #876 ) ;
#1881 = CARTESIAN_POINT ( 'NONE',  ( 52.10000000000000142, 3.981393742012985459, 0.8249999999999819700 ) ) ;
#1882 = DIRECTION ( 'NONE',  ( -1.000000000000000000, -2.023844055306275241E-29, 7.000000000000000150E-15 ) ) ;
#1883 = CARTESIAN_POINT ( 'NONE',  ( 31.34981945619846044, 3.479478850433995074, -0.04267824210612679997 ) ) ;
#1884 = ORIENTED_EDGE ( 'NONE', *, *, #8252, .F. ) ;
#1885 = DIRECTION ( 'NONE',  ( -7.000000000000000150E-15, 2.999999999999999839E-15, -1.000000000000000000 ) ) ;
#1886 = DIRECTION ( 'NONE',  ( 9.764759603238845912E-35, 2.775557561562890735E-17, 1.000000000000000000 ) ) ;
#1887 = CARTESIAN_POINT ( 'NONE',  ( 38.70111893992811503, 3.207315261194164879, 0.4779341995312642588 ) ) ;
#1888 = ORIENTED_EDGE ( 'NONE', *, *, #5721, .F. ) ;
#1889 = DIRECTION ( 'NONE',  ( 1.000000000000000000, -2.999999999999999839E-15, -7.000000000000000150E-15 ) ) ;
#1890 = CARTESIAN_POINT ( 'NONE',  ( 46.60147110511606883, 3.153939253566777179, 0.1194223967580794188 ) ) ;
#1891 = ADVANCED_FACE ( 'NONE', ( #5286 ), #1550, .F. ) ;
#1892 = ORIENTED_EDGE ( 'NONE', *, *, #4859, .T. ) ;
#1893 = CARTESIAN_POINT ( 'NONE',  ( 39.42648604088111597, 3.058590508019938703, 0.7922239215849691263 ) ) ;
#1894 = CARTESIAN_POINT ( 'NONE',  ( 38.37674281935037612, 2.826895681820197126, 0.003470011671527804126 ) ) ;
#1895 = CARTESIAN_POINT ( 'NONE',  ( 25.95878985857098442, 2.931887250076005369, -3.222478551637343092 ) ) ;
#1896 = CARTESIAN_POINT ( 'NONE',  ( 29.33928498435295396, 3.232312030855631679, 0.9767474397514334106 ) ) ;
#1897 = EDGE_LOOP ( 'NONE', ( #860, #5788, #3214, #654 ) ) ;
#1898 = CARTESIAN_POINT ( 'NONE',  ( 48.16494492839988339, 3.656393742012992831, 0.4250000000000077049 ) ) ;
#1899 = AXIS2_PLACEMENT_3D ( 'NONE', #5487, #284, #1744 ) ;
#1900 = ORIENTED_EDGE ( 'NONE', *, *, #4605, .T. ) ;
#1901 = EDGE_CURVE ( 'NONE', #5595, #2137, #4641, .T. ) ;
#1902 = CARTESIAN_POINT ( 'NONE',  ( 48.70000000000000284, 2.381393742013000026, -0.8249999999999999556 ) ) ;
#1903 = CARTESIAN_POINT ( 'NONE',  ( 42.70354274917158932, 3.020536311752227920, -0.01406539047915220976 ) ) ;
#1904 = PLANE ( 'NONE',  #7356 ) ;
#1905 = ADVANCED_FACE ( 'NONE', ( #1596 ), #7416, .F. ) ;
#1906 = CARTESIAN_POINT ( 'NONE',  ( 44.55985741107922138, 2.836027947432362417, -0.7000004086700009065 ) ) ;
#1907 = AXIS2_PLACEMENT_3D ( 'NONE', #1203, #3985, #7719 ) ;
#1908 = CARTESIAN_POINT ( 'NONE',  ( 25.45715197710003252, 1.748702321041497143, 4.060239348434286022 ) ) ;
#1909 = FACE_BOUND ( 'NONE', #4558, .T. ) ;
#1910 = ORIENTED_EDGE ( 'NONE', *, *, #4180, .T. ) ;
#1911 = CARTESIAN_POINT ( 'NONE',  ( 38.50354274948264077, 3.433115863230877363, -0.1568306554074317127 ) ) ;
#1912 = SHAPE_REPRESENTATION ( 'AS02008MR-2-LWC30 draft', ( #453, #4490, #51 ), #1414 ) ;
#1913 = PLANE ( 'NONE',  #2498 ) ;
#1914 = CARTESIAN_POINT ( 'NONE',  ( 26.64985775721738648, 3.088468552585866167, 3.228034932530065237 ) ) ;
#1915 = CARTESIAN_POINT ( 'NONE',  ( 36.74340948601911094, 2.858261358957955078, -0.1611559191274506975 ) ) ;
#1916 = CARTESIAN_POINT ( 'NONE',  ( 38.72285523979752497, 3.181562050982968959, 0.07962016501646100586 ) ) ;
#1917 = CARTESIAN_POINT ( 'NONE',  ( 37.02906951466453478, 3.489494321596808835, -0.01162635872543172147 ) ) ;
#1918 = CARTESIAN_POINT ( 'NONE',  ( 29.58167669342057593, 3.407604041962593922, -1.481468276449250165 ) ) ;
#1919 = CARTESIAN_POINT ( 'NONE',  ( 46.60147110511606883, 3.358848230459227313, -0.1194223967580486379 ) ) ;
#1920 = CARTESIAN_POINT ( 'NONE',  ( 48.16494492839985497, 3.256393742013003134, -0.4249999999999988232 ) ) ;
#1921 = CARTESIAN_POINT ( 'NONE',  ( 48.49607695154589493, 2.471393742013000328, 0.3649999999999999911 ) ) ;
#1922 = ORIENTED_EDGE ( 'NONE', *, *, #5438, .T. ) ;
#1923 = CARTESIAN_POINT ( 'NONE',  ( 52.10000000000000142, 3.981393742012989900, -0.4250000000000179745 ) ) ;
#1924 = CARTESIAN_POINT ( 'NONE',  ( 48.16494492839985497, 3.256393742013003134, -0.4249999999999988232 ) ) ;
#1925 = ORIENTED_EDGE ( 'NONE', *, *, #904, .F. ) ;
#1926 = CARTESIAN_POINT ( 'NONE',  ( 8.050000000000000711, -0.05000000000000000278, 5.621284955537445964E-14 ) ) ;
#1927 = CARTESIAN_POINT ( 'NONE',  ( 24.93234291387753032, 1.727156155566248241, -4.309348981688467362 ) ) ;
#1928 = DIRECTION ( 'NONE',  ( -7.000000000000000150E-15, 2.999999999999999839E-15, -1.000000000000000000 ) ) ;
#1929 = VECTOR ( 'NONE', #5674, 1000.000000000000000 ) ;
#1930 = ORIENTED_EDGE ( 'NONE', *, *, #6796, .F. ) ;
#1931 = CARTESIAN_POINT ( 'NONE',  ( 49.09999999999999432, 4.831393742013010417, -1.824999999999999956 ) ) ;
#1932 = CARTESIAN_POINT ( 'NONE',  ( 47.73490114387620054, 2.872842435831312269, 0.4095379990907943579 ) ) ;
#1933 = VECTOR ( 'NONE', #272, 1000.000000000000000 ) ;
#1934 = CARTESIAN_POINT ( 'NONE',  ( 44.52110031537072388, 2.997912395661925355, -0.3220305819354415400 ) ) ;
#1935 = CARTESIAN_POINT ( 'NONE',  ( 39.69854513404408891, 3.495049105074923723, -0.3345815577752945802 ) ) ;
#1936 = CARTESIAN_POINT ( 'NONE',  ( 27.18191376433517092, 3.449061285364876550, -2.369050042655620469 ) ) ;
#1937 = CARTESIAN_POINT ( 'NONE',  ( 30.16396079160434596, 3.072629805464619501, 1.018107820497261784 ) ) ;
#1938 = ORIENTED_EDGE ( 'NONE', *, *, #4607, .T. ) ;
#1939 = CARTESIAN_POINT ( 'NONE',  ( 46.43544663659794480, 3.988514670526531525, 0.05834950790925427788 ) ) ;
#1940 = EDGE_LOOP ( 'NONE', ( #7128, #6067, #1948, #4438 ) ) ;
#1941 = CARTESIAN_POINT ( 'NONE',  ( 29.15152365470940765, 3.449061285364865448, -0.9947647195638401607 ) ) ;
#1942 = ADVANCED_FACE ( 'NONE', ( #5970 ), #2756, .T. ) ;
#1943 = CARTESIAN_POINT ( 'NONE',  ( 41.14716105814763836, 3.463770172857853158, 0.1319734111818492428 ) ) ;
#1944 = CARTESIAN_POINT ( 'NONE',  ( 35.65443661563279676, 3.301348805313893742, -0.4105147597397035830 ) ) ;
#1945 = CARTESIAN_POINT ( 'NONE',  ( 24.79878672141028773, 1.842542358371877409, 4.519610370351712980 ) ) ;
#1946 = ADVANCED_FACE ( 'NONE', ( #8225 ), #5642, .F. ) ;
#1947 = CARTESIAN_POINT ( 'NONE',  ( 48.70000000000000284, 4.381393742013000470, -0.3749999999999935052 ) ) ;
#1948 = ORIENTED_EDGE ( 'NONE', *, *, #7845, .T. ) ;
#1949 = B_SPLINE_CURVE_WITH_KNOTS ( 'NONE', 3,
 ( #7019, #664, #7102, #1316, #3237, #3949, #5264, #6386, #5909, #5226 ),
 .UNSPECIFIED., .F., .F.,
 ( 4, 2, 2, 2, 4 ),
 ( 0.0006252547619417884181, 0.0007815628230608112062, 0.0009378708841798338858, 0.001094178945298856674, 0.001250487006417879462 ),
 .UNSPECIFIED. ) ;
#1950 = CARTESIAN_POINT ( 'NONE',  ( 34.50111893992895773, 2.953146955161982223, -0.3726542400497701024 ) ) ;
#1951 = CARTESIAN_POINT ( 'NONE',  ( 52.29999999999999716, 2.081393742012989989, -0.8000000000000251354 ) ) ;
#1952 = LINE ( 'NONE', #4580, #4632 ) ;
#1953 = CARTESIAN_POINT ( 'NONE',  ( 37.71572052372252415, 3.345050550593350103, 0.06790180698844666685 ) ) ;
#1954 = CARTESIAN_POINT ( 'NONE',  ( 38.97020941614470502, 3.020536311765249948, -0.01406539035265797974 ) ) ;
#1955 = CARTESIAN_POINT ( 'NONE',  ( 31.11642825834159254, 3.109124112260064354, 0.05031268154070338977 ) ) ;
#1956 = CARTESIAN_POINT ( 'NONE',  ( 47.73490114387619343, 3.639945048194685562, -0.4095379990907793699 ) ) ;
#1957 = CARTESIAN_POINT ( 'NONE',  ( 44.05443621027013279, 3.666905103311934422, 0.04495295524815948879 ) ) ;
#1958 = PLANE ( 'NONE',  #1283 ) ;
#1959 = CARTESIAN_POINT ( 'NONE',  ( 29.52572719006994362, 3.224776872755068080, 0.8337665703340376711 ) ) ;
#1960 = AXIS2_PLACEMENT_3D ( 'NONE', #8259, #5029, #3756 ) ;
#1961 = ORIENTED_EDGE ( 'NONE', *, *, #3197, .T. ) ;
#1962 = CARTESIAN_POINT ( 'NONE',  ( 48.70000000000000284, 4.381393742013000470, 0.3750000000000069944 ) ) ;
#1963 = FACE_OUTER_BOUND ( 'NONE', #4400, .T. ) ;
#1964 = CARTESIAN_POINT ( 'NONE',  ( 49.09999999999999432, 4.831393742013010417, -1.824999999999999956 ) ) ;
#1965 = CARTESIAN_POINT ( 'NONE',  ( 40.94340948602382468, 3.088826077397435643, -0.3954765511323940497 ) ) ;
#1966 = VECTOR ( 'NONE', #1270, 1000.000000000000000 ) ;
#1967 = VERTEX_POINT ( 'NONE', #2467 ) ;
#1968 = VECTOR ( 'NONE', #7324, 1000.000000000000000 ) ;
#1969 = VERTEX_POINT ( 'NONE', #1119 ) ;
#1970 = DIRECTION ( 'NONE',  ( -0.000000000000000000, -1.000000000000000000, -0.000000000000000000 ) ) ;
#1971 = CARTESIAN_POINT ( 'NONE',  ( 47.70226286916697234, 2.874178455243936892, 0.8082787275204514899 ) ) ;
#1972 = ORIENTED_EDGE ( 'NONE', *, *, #1583, .T. ) ;
#1973 = CARTESIAN_POINT ( 'NONE',  ( 42.18776994895922172, 3.666908501718558977, 0.04495506327782026329 ) ) ;
#1974 = VECTOR ( 'NONE', #1473, 1000.000000000000000 ) ;
#1975 = CARTESIAN_POINT ( 'NONE',  ( 38.76521180071387818, 2.921812184224445108, -0.2386553630727472064 ) ) ;
#1976 = CARTESIAN_POINT ( 'NONE',  ( 25.31820540024886057, 2.690539500766088388, -4.157188618533996127 ) ) ;
#1977 = EDGE_CURVE ( 'NONE', #3595, #784, #2966, .T. ) ;
#1978 = CARTESIAN_POINT ( 'NONE',  ( 30.56698378582403919, 2.928808421792234995, -0.5438721131995990499 ) ) ;
#1979 = CARTESIAN_POINT ( 'NONE',  ( 46.65220639163649707, 3.956341712841497049, 0.5145791578005277644 ) ) ;
#1980 = ORIENTED_EDGE ( 'NONE', *, *, #5617, .F. ) ;
#1981 = LINE ( 'NONE', #1902, #1582 ) ;
#1982 = VECTOR ( 'NONE', #4289, 1000.000000000000000 ) ;
#1983 = MECHANICAL_DESIGN_GEOMETRIC_PRESENTATION_REPRESENTATION (  '', ( #7794 ), #2773 ) ;
#1984 = CARTESIAN_POINT ( 'NONE',  ( 39.12906951467343220, 3.036587672676217320, -0.07846237501625331900 ) ) ;
#1985 = CARTESIAN_POINT ( 'NONE',  ( 32.69854658570662309, 3.661767853901102487, -0.06783208943117578771 ) ) ;
#1986 = EDGE_CURVE ( 'NONE', #5144, #680, #1166, .T. ) ;
#1987 = PLANE ( 'NONE',  #4127 ) ;
#1988 = ORIENTED_EDGE ( 'NONE', *, *, #546, .T. ) ;
#1989 = CARTESIAN_POINT ( 'NONE',  ( 39.20650169851617051, 3.781896152759523844, -0.6849559487038305861 ) ) ;
#1990 = CARTESIAN_POINT ( 'NONE',  ( 24.88808693639969505, 1.727156155566248907, 4.277366083528854723 ) ) ;
#1991 = ORIENTED_EDGE ( 'NONE', *, *, #6489, .T. ) ;
#1992 = CARTESIAN_POINT ( 'NONE',  ( 37.75443661562895414, 3.455024002167236929, -0.3620626263885869389 ) ) ;
#1993 = CARTESIAN_POINT ( 'NONE',  ( 32.52154298962151557, 4.059749704871327580, 0.3186848804684992986 ) ) ;
#1994 = CARTESIAN_POINT ( 'NONE',  ( 37.49573618135426045, 3.083345664437684874, -0.1566059234072075257 ) ) ;
#1995 = CARTESIAN_POINT ( 'NONE',  ( 33.87923264191195472, 3.731499913381734590, -0.08302773161886725650 ) ) ;
#1996 = CARTESIAN_POINT ( 'NONE',  ( 30.65498695834394027, 3.497307295288817119, -0.5614875881594284524 ) ) ;
#1997 = CARTESIAN_POINT ( 'NONE',  ( 46.38117082045368278, 2.920833406590060299, -0.05867563128563312025 ) ) ;
#1998 = CARTESIAN_POINT ( 'NONE',  ( 48.50000000000000000, 4.531393742012990167, 1.824999999999999956 ) ) ;
#1999 = CARTESIAN_POINT ( 'NONE',  ( 36.74340948601911094, 3.654526125068108033, 0.1611559191276195069 ) ) ;
#2000 = AXIS2_PLACEMENT_3D ( 'NONE', #1388, #3938, #7891 ) ;
#2001 = DIRECTION ( 'NONE',  ( -0.9396926207859077618, 0.3420201433256704338, 0.000000000000000000 ) ) ;
#2002 = ADVANCED_FACE ( 'NONE', ( #6903 ), #2343, .F. ) ;
#2003 = CARTESIAN_POINT ( 'NONE',  ( 29.39987131599941250, 3.444830849506210768, 1.350693726233257452 ) ) ;
#2004 = CARTESIAN_POINT ( 'NONE',  ( 45.65056823456576041, 2.499595531747341948, 0.2236610021684286298 ) ) ;
#2005 = FACE_OUTER_BOUND ( 'NONE', #6108, .T. ) ;
#2006 = CARTESIAN_POINT ( 'NONE',  ( 43.58776991527757616, 2.934328248368706760, 0.2584896670905227900 ) ) ;
#2007 = CARTESIAN_POINT ( 'NONE',  ( 48.59999999999999432, 3.981393742013000114, -1.125000000000000000 ) ) ;
#2008 = CARTESIAN_POINT ( 'NONE',  ( 34.03445227321548572, 3.734327941480461543, 0.04907848086754725697 ) ) ;
#2009 = EDGE_CURVE ( 'NONE', #6689, #8196, #2385, .T. ) ;
#2010 = ORIENTED_EDGE ( 'NONE', *, *, #2100, .T. ) ;
#2011 = SURFACE_SIDE_STYLE ('',( #4439 ) ) ;
#2012 = CARTESIAN_POINT ( 'NONE',  ( 45.54981979683985571, 3.262843897783365144, 0.2670140047038198627 ) ) ;
#2013 = VERTEX_POINT ( 'NONE', #7637 ) ;
#2014 = CARTESIAN_POINT ( 'NONE',  ( 42.65443661556616206, 3.514883482093512423, 0.3220657997621370061 ) ) ;
#2015 = CARTESIAN_POINT ( 'NONE',  ( 27.29635786275973786, 3.063726198661242961, 2.533070005879288544 ) ) ;
#2016 = CARTESIAN_POINT ( 'NONE',  ( 31.60985403315105202, 3.093211492997044232, -0.3638939754813269034 ) ) ;
#2017 = CARTESIAN_POINT ( 'NONE',  ( 46.74550571547737121, 3.944803580182839831, 0.1247564708070088707 ) ) ;
#2018 = ORIENTED_EDGE ( 'NONE', *, *, #5593, .F. ) ;
#2019 = CARTESIAN_POINT ( 'NONE',  ( 24.96791241634318226, 1.577156155566248996, -5.508069892759424491 ) ) ;
#2020 = CARTESIAN_POINT ( 'NONE',  ( 45.31247721114774407, 3.713614482660338556, 0.1061731512362735497 ) ) ;
#2021 = PLANE ( 'NONE',  #5873 ) ;
#2022 = FACE_OUTER_BOUND ( 'NONE', #1095, .T. ) ;
#2023 = DIRECTION ( 'NONE',  ( -1.000000000000000000, 2.999999999999999839E-15, 7.000000000000000150E-15 ) ) ;
#2024 = ORIENTED_EDGE ( 'NONE', *, *, #7691, .T. ) ;
#2025 = CARTESIAN_POINT ( 'NONE',  ( 37.06778560659729749, 3.028153638175724360, 0.4227721033391697580 ) ) ;
#2026 = CARTESIAN_POINT ( 'NONE',  ( 52.10000000000000142, 0.4213937420129880151, 0.4249999999999709566 ) ) ;
#2027 = ORIENTED_EDGE ( 'NONE', *, *, #4335, .F. ) ;
#2028 = DIRECTION ( 'NONE',  ( 0.5490731106416398832, 0.1824421337414189881, 0.8156185303229639416 ) ) ;
#2029 = LINE ( 'NONE', #5146, #5609 ) ;
#2030 = VECTOR ( 'NONE', #6516, 1000.000000000000114 ) ;
#2031 = CARTESIAN_POINT ( 'NONE',  ( 35.70354274944339323, 3.413224397496924301, 0.1767221212222351567 ) ) ;
#2032 = CARTESIAN_POINT ( 'NONE',  ( 39.01256597706825602, 2.979152419777669536, 0.3946602860397090407 ) ) ;
#2033 = CARTESIAN_POINT ( 'NONE',  ( 29.13206419026851179, 3.830165936209833699, -0.9668756393414178474 ) ) ;
#2034 = CARTESIAN_POINT ( 'NONE',  ( 46.50817178127520179, 3.347310097800569650, -0.5092450837515662965 ) ) ;
#2035 = FACE_OUTER_BOUND ( 'NONE', #8270, .T. ) ;
#2036 = CARTESIAN_POINT ( 'NONE',  ( 31.68905017659829326, 3.142018332740013520, -0.3842674699570365338 ) ) ;
#2037 = DIRECTION ( 'NONE',  ( 7.000000000000000150E-15, -2.999999999999999839E-15, 1.000000000000000000 ) ) ;
#2038 = CARTESIAN_POINT ( 'NONE',  ( 30.88365191828634693, 3.011770036202815692, -0.7158647197811535134 ) ) ;
#2039 = CARTESIAN_POINT ( 'NONE',  ( 31.58518131699588594, 3.574283913907385646, -0.7805206904608606999 ) ) ;
#2040 = DIRECTION ( 'NONE',  ( 0.7071067811865525687, -4.151100781645647273E-15, 0.7071067811865425767 ) ) ;
#2041 = CARTESIAN_POINT ( 'NONE',  ( 29.86408901497063439, 3.416986000315851868, -1.268394263768728658 ) ) ;
#2042 = DIRECTION ( 'NONE',  ( -0.7745966692414790744, 0.4472135954999580942, 0.4472135954999650886 ) ) ;
#2043 = ADVANCED_FACE ( 'NONE', ( #5035 ), #5554, .T. ) ;
#2044 = ORIENTED_EDGE ( 'NONE', *, *, #623, .F. ) ;
#2045 = ORIENTED_EDGE ( 'NONE', *, *, #5549, .F. ) ;
#2046 = CARTESIAN_POINT ( 'NONE',  ( 48.12918411396465501, 3.256393742012991588, 0.8250000000000082823 ) ) ;
#2047 = ADVANCED_FACE ( 'NONE', ( #2921 ), #6270, .F. ) ;
#2048 = CARTESIAN_POINT ( 'NONE',  ( 39.69854513404408891, 3.495049105074923723, -0.3345815577752945802 ) ) ;
#2049 = CARTESIAN_POINT ( 'NONE',  ( 34.09854513467973192, 3.017738366070769285, 0.3345815717128872158 ) ) ;
#2050 = VECTOR ( 'NONE', #4987, 999.9999999999998863 ) ;
#2051 = CARTESIAN_POINT ( 'NONE',  ( 34.29315270751164491, 3.956448657451561601, -0.4203188991786694917 ) ) ;
#2052 = CARTESIAN_POINT ( 'NONE',  ( 45.65056823456576041, 4.013191952278667429, -0.2236610021683844984 ) ) ;
#2053 = VECTOR ( 'NONE', #3744, 1000.000000000000000 ) ;
#2054 = ORIENTED_EDGE ( 'NONE', *, *, #485, .T. ) ;
#2055 = DIRECTION ( 'NONE',  ( -1.000000000000000000, 2.999999999999999839E-15, 7.000000000000000150E-15 ) ) ;
#2056 = ADVANCED_FACE ( 'NONE', ( #4278 ), #1081, .T. ) ;
#2057 = CARTESIAN_POINT ( 'NONE',  ( 38.70111893992811503, 3.207315261194164879, 0.4779341995312642588 ) ) ;
#2058 = DIRECTION ( 'NONE',  ( 0.000000000000000000, -1.000000000000000000, -1.267949192431151939E-15 ) ) ;
#2059 = CARTESIAN_POINT ( 'NONE',  ( 48.59999999999999432, 4.381393742013000470, -0.8750000000000000000 ) ) ;
#2060 = DIRECTION ( 'NONE',  ( -0.7745966692414796295, 0.4472135954999583718, 0.4472135954999638674 ) ) ;
#2061 = ORIENTED_EDGE ( 'NONE', *, *, #5134, .F. ) ;
#2062 = CARTESIAN_POINT ( 'NONE',  ( 35.90111893992993686, 3.734327941530988237, 0.04907848082127060779 ) ) ;
#2063 = FACE_OUTER_BOUND ( 'NONE', #399, .T. ) ;
#2064 = ORIENTED_EDGE ( 'NONE', *, *, #2758, .T. ) ;
#2065 = CARTESIAN_POINT ( 'NONE',  ( 31.05621875558350808, 3.284893369205976743, 0.4067556419919712840 ) ) ;
#2066 = CARTESIAN_POINT ( 'NONE',  ( -1.333072429419117847E-33, -0.05000000000000000278, -9.308795021286259977E-48 ) ) ;
#2067 = CARTESIAN_POINT ( 'NONE',  ( 43.83445290839430442, 3.559643927282193143, 0.3726562038302856927 ) ) ;
#2068 = ADVANCED_FACE ( 'NONE', ( #3546 ), #7555, .T. ) ;
#2069 = CARTESIAN_POINT ( 'NONE',  ( 35.43445227326328961, 2.883739501984231346, 0.3032467868258593158 ) ) ;
#2070 = CARTESIAN_POINT ( 'NONE',  ( 29.58904212959417634, 3.848927701110763433, -0.6155707580546811997 ) ) ;
#2071 = CARTESIAN_POINT ( 'NONE',  ( 47.81117365604549718, 3.645955667411184375, -0.4152066880540202787 ) ) ;
#2072 = EDGE_CURVE ( 'NONE', #6940, #5259, #3050, .T. ) ;
#2073 = CARTESIAN_POINT ( 'NONE',  ( 38.37674281935037612, 2.826895681820197126, 0.003470011671527804126 ) ) ;
#2074 = LINE ( 'NONE', #2702, #468 ) ;
#2075 = CARTESIAN_POINT ( 'NONE',  ( 40.98121546066948184, 3.478698570132636281, 0.8189646426385994715 ) ) ;
#2076 = CARTESIAN_POINT ( 'NONE',  ( 49.29999999999999716, 3.981393742012995229, 1.474999999999999867 ) ) ;
#2077 = EDGE_CURVE ( 'NONE', #1476, #2673, #4998, .T. ) ;
#2078 = CARTESIAN_POINT ( 'NONE',  ( 41.40957226364646715, 3.400847258516603855, -0.4014356977654928715 ) ) ;
#2079 = CARTESIAN_POINT ( 'NONE',  ( 29.33928498435293974, 3.280475453170475841, -0.9767474397511608508 ) ) ;
#2080 = CARTESIAN_POINT ( 'NONE',  ( 34.96778560659643631, 3.207315261193249611, 0.4779341995365233298 ) ) ;
#2081 = AXIS2_PLACEMENT_3D ( 'NONE', #4498, #5225, #6142 ) ;
#2082 = ADVANCED_FACE ( 'NONE', ( #3097 ), #4355, .T. ) ;
#2083 = ORIENTED_EDGE ( 'NONE', *, *, #3583, .F. ) ;
#2084 = ORIENTED_EDGE ( 'NONE', *, *, #7791, .T. ) ;
#2085 = AXIS2_PLACEMENT_3D ( 'NONE', #8005, #4056, #5975 ) ;
#2086 = DIRECTION ( 'NONE',  ( 1.734723475976807094E-17, 1.000000000000000000, -2.775557561562891043E-17 ) ) ;
#2087 = CARTESIAN_POINT ( 'NONE',  ( 46.95467563190862137, 3.451019727159209793, 0.6344670598684416518 ) ) ;
#2088 = EDGE_LOOP ( 'NONE', ( #4875, #2206, #1930, #4677 ) ) ;
#2089 = CARTESIAN_POINT ( 'NONE',  ( 31.15148475036799525, 2.865395281631771152, -0.2389132818765485888 ) ) ;
#2090 = CARTESIAN_POINT ( 'NONE',  ( 26.61048500229202318, 3.877242633967007190, -3.255507072830990278 ) ) ;
#2091 = VECTOR ( 'NONE', #287, 999.9999999999998863 ) ;
#2092 = CARTESIAN_POINT ( 'NONE',  ( 47.58174716997854858, 3.291593840852952813, 0.3917177348014955207 ) ) ;
#2093 = VECTOR ( 'NONE', #1830, 1000.000000000000000 ) ;
#2094 = DIRECTION ( 'NONE',  ( 2.999999999999999839E-15, 1.000000000000000000, 2.999999999999999839E-15 ) ) ;
#2095 = VERTEX_POINT ( 'NONE', #3722 ) ;
#2096 = AXIS2_PLACEMENT_3D ( 'NONE', #378, #334, #6801 ) ;
#2097 = CARTESIAN_POINT ( 'NONE',  ( 52.20000000000000284, 3.481393742012994785, -1.475000000000019851 ) ) ;
#2098 = CARTESIAN_POINT ( 'NONE',  ( 39.94589931039915598, 2.861733455982103269, -0.2772413222357065776 ) ) ;
#2099 = CARTESIAN_POINT ( 'NONE',  ( 47.21748633108273907, 3.139717759406027042, -0.3124592270551600492 ) ) ;
#2100 = EDGE_CURVE ( 'NONE', #8280, #2919, #4441, .T. ) ;
#2101 = CARTESIAN_POINT ( 'NONE',  ( 48.50000000000000000, 3.981393742013005443, -1.182735026918962040 ) ) ;
#2102 = DIRECTION ( 'NONE',  ( -1.734723475976807094E-17, -1.000000000000000000, 2.775557561562891043E-17 ) ) ;
#2103 = ORIENTED_EDGE ( 'NONE', *, *, #2151, .T. ) ;
#2104 = CARTESIAN_POINT ( 'NONE',  ( 44.96040336394997183, 2.537793775688252929, 0.5357568117754768489 ) ) ;
#2105 = ORIENTED_EDGE ( 'NONE', *, *, #64, .F. ) ;
#2106 = CARTESIAN_POINT ( 'NONE',  ( 39.38776994895975037, 3.211438678724785944, 0.4105147597248616220 ) ) ;
#2107 = ORIENTED_EDGE ( 'NONE', *, *, #949, .F. ) ;
#2108 = PLANE ( 'NONE',  #5462 ) ;
#2109 = LINE ( 'NONE', #6546, #1278 ) ;
#2110 = CARTESIAN_POINT ( 'NONE',  ( 0.000000000000000000, 5.000000000000000888, 0.000000000000000000 ) ) ;
#2111 = CARTESIAN_POINT ( 'NONE',  ( 35.00650169853574312, 3.143643064013831534, -0.8559233143205449146 ) ) ;
#2112 = CARTESIAN_POINT ( 'NONE',  ( 36.24716105816830236, 3.213825732906413268, 0.2420948779277474483 ) ) ;
#2113 = VECTOR ( 'NONE', #8193, 1000.000000000000000 ) ;
#2114 = CARTESIAN_POINT ( 'NONE',  ( 32.08992551985149078, 2.757622994135003225, 0.007960713337692928646 ) ) ;
#2115 = CARTESIAN_POINT ( 'NONE',  ( 30.88365191828635758, 3.501017447823283391, 0.7158647197814044238 ) ) ;
#2116 = CARTESIAN_POINT ( 'NONE',  ( 48.13059057104411664, 3.256393742013003134, -0.4249999999999989897 ) ) ;
#2117 = CARTESIAN_POINT ( 'NONE',  ( 45.60981462212834003, 2.892882168761289563, 0.1631237060646176240 ) ) ;
#2118 = CARTESIAN_POINT ( 'NONE',  ( 36.50957226365128605, 3.682551934334402866, -0.02016514339808948494 ) ) ;
#2119 = FACE_OUTER_BOUND ( 'NONE', #7736, .T. ) ;
#2120 = CARTESIAN_POINT ( 'NONE',  ( 31.41595238962310077, 2.980402538908984766, -0.3239227492340394643 ) ) ;
#2121 = CARTESIAN_POINT ( 'NONE',  ( 45.18065993969630512, 2.833744970798473428, 0.7361277485371745533 ) ) ;
#2122 = CARTESIAN_POINT ( 'NONE',  ( 48.59999999999999432, 3.981393742013000114, 0.3750000000000064948 ) ) ;
#2123 = EDGE_CURVE ( 'NONE', #15, #812, #4231, .T. ) ;
#2124 = CARTESIAN_POINT ( 'NONE',  ( 37.75443661562895414, 3.455024002167236929, -0.3620626263885869389 ) ) ;
#2125 = CARTESIAN_POINT ( 'NONE',  ( 31.08450650071262089, 3.501724478323295919, -0.1908282470340734727 ) ) ;
#2126 = DIRECTION ( 'NONE',  ( -7.000000000000000150E-15, 2.999999999999999839E-15, -1.000000000000000000 ) ) ;
#2127 = CARTESIAN_POINT ( 'NONE',  ( 29.57109102683646995, 2.993709121224352732, 0.3529686333065721882 ) ) ;
#2128 = ORIENTED_EDGE ( 'NONE', *, *, #6288, .T. ) ;
#2129 = ORIENTED_EDGE ( 'NONE', *, *, #3366, .F. ) ;
#2130 = CARTESIAN_POINT ( 'NONE',  ( 46.03688619525531323, 4.028020487905042302, -0.03754813616641815288 ) ) ;
#2131 = DIRECTION ( 'NONE',  ( 7.000000000000000150E-15, -2.999999999999999839E-15, 1.000000000000000000 ) ) ;
#2132 = VERTEX_POINT ( 'NONE', #397 ) ;
#2133 = PLANE ( 'NONE',  #3028 ) ;
#2134 = CARTESIAN_POINT ( 'NONE',  ( 27.18191376433517092, 3.449061285364876550, -2.369050042655620469 ) ) ;
#2135 = CARTESIAN_POINT ( 'NONE',  ( 37.79315270753539124, 3.742311070901769732, -0.6562234457888715955 ) ) ;
#2136 = FACE_OUTER_BOUND ( 'NONE', #8363, .T. ) ;
#2137 = VERTEX_POINT ( 'NONE', #1330 ) ;
#2138 = CARTESIAN_POINT ( 'NONE',  ( 52.29999999999999716, 3.381393742012984927, 0.7999999999999789502 ) ) ;
#2139 = CARTESIAN_POINT ( 'NONE',  ( 34.34589931031766241, 3.651054027339916797, 0.2772413222721896719 ) ) ;
#2140 = CARTESIAN_POINT ( 'NONE',  ( 48.12767433960581798, 3.656393742013002601, -0.8249999999999989564 ) ) ;
#2141 = CARTESIAN_POINT ( 'NONE',  ( 48.50000000000000000, 2.323658715094029770, 0.4249999999999999889 ) ) ;
#2142 = DIRECTION ( 'NONE',  ( 7.000000000000000150E-15, -2.999999999999999839E-15, 1.000000000000000000 ) ) ;
#2143 = EDGE_CURVE ( 'NONE', #2173, #152, #4435, .T. ) ;
#2144 = VERTEX_POINT ( 'NONE', #13 ) ;
#2145 = CARTESIAN_POINT ( 'NONE',  ( 33.07353799716526055, 1.577156155566248996, -9.043765188928762692E-16 ) ) ;
#2146 = ORIENTED_EDGE ( 'NONE', *, *, #6950, .T. ) ;
#2147 = SHAPE_REPRESENTATION_RELATIONSHIP ( 'NONE' , 'NONE' ,  #5396, #6579 ) ;
#2148 = CARTESIAN_POINT ( 'NONE',  ( 42.65443661556616206, 3.514883482093512423, 0.3220657997621370061 ) ) ;
#2149 = LINE ( 'NONE', #2776, #2629 ) ;
#2150 = CARTESIAN_POINT ( 'NONE',  ( 36.29042773635721630, 3.630235549697703679, 0.3342820325909841017 ) ) ;
#2151 = EDGE_CURVE ( 'NONE', #1747, #1870, #7404, .T. ) ;
#2152 = CARTESIAN_POINT ( 'NONE',  ( 42.70354274917158932, 3.492251172273799664, 0.01406539047923757030 ) ) ;
#2153 = CARTESIAN_POINT ( 'NONE',  ( 40.72325718063808608, 3.439901987786297077, -0.4638344041941743767 ) ) ;
#2154 = CARTESIAN_POINT ( 'NONE',  ( 29.64522546132993241, 3.627616360001813423, -1.008088419774994637 ) ) ;
#2155 = CARTESIAN_POINT ( 'NONE',  ( 46.29541976154578720, 2.908533766271466980, -0.4492394956755222934 ) ) ;
#2156 = FACE_OUTER_BOUND ( 'NONE', #6426, .T. ) ;
#2157 = CARTESIAN_POINT ( 'NONE',  ( 42.14905385701725038, 3.227588144186594121, 0.1078931073913627497 ) ) ;
#2158 = VECTOR ( 'NONE', #3593, 1000.000000000000000 ) ;
#2159 = LINE ( 'NONE', #7271, #5455 ) ;
#2160 = VECTOR ( 'NONE', #6155, 1000.000000000000114 ) ;
#2161 = CARTESIAN_POINT ( 'NONE',  ( 33.13983505448693734, 3.369144451881495250, 0.8559233943544440892 ) ) ;
#2162 = DIRECTION ( 'NONE',  ( -0.000000000000000000, -1.000000000000000000, -0.000000000000000000 ) ) ;
#2163 = CARTESIAN_POINT ( 'NONE',  ( 42.03187846737970546, 3.661733455982842944, -0.06783006277898963321 ) ) ;
#2164 = CARTESIAN_POINT ( 'NONE',  ( 29.79942201113827593, 3.413620120077580200, -1.319306767805036529 ) ) ;
#2165 = CARTESIAN_POINT ( 'NONE',  ( -9.633924433998837245, 2.568543810014208884E-31, -1.500000000000067280 ) ) ;
#2166 = CIRCLE ( 'NONE', #406, 0.2000000000000001499 ) ;
#2167 = ORIENTED_EDGE ( 'NONE', *, *, #5071, .F. ) ;
#2168 = CARTESIAN_POINT ( 'NONE',  ( 48.16494492839986208, 3.256393742012991588, 0.4250000000000077049 ) ) ;
#2169 = CARTESIAN_POINT ( 'NONE',  ( 0.000000000000000000, 5.000000000000000000, 0.000000000000000000 ) ) ;
#2170 = ORIENTED_EDGE ( 'NONE', *, *, #2708, .F. ) ;
#2171 = CARTESIAN_POINT ( 'NONE',  ( 52.10000000000000142, 3.981393742012995229, -0.8250000000000179412 ) ) ;
#2172 =( LENGTH_UNIT ( ) NAMED_UNIT ( * ) SI_UNIT ( .MILLI., .METRE. ) );
#2173 = VERTEX_POINT ( 'NONE', #7803 ) ;
#2174 = CARTESIAN_POINT ( 'NONE',  ( 48.50000000000000000, 4.381393742013000470, -0.9327350269189569332 ) ) ;
#2175 = EDGE_LOOP ( 'NONE', ( #3674, #8146, #3267, #5654 ) ) ;
#2176 = LINE ( 'NONE', #2138, #1561 ) ;
#2177 = CARTESIAN_POINT ( 'NONE',  ( 33.41256594564818982, 3.533635086874865827, -0.3946599679659388293 ) ) ;
#2178 = CARTESIAN_POINT ( 'NONE',  ( 45.87454698835604461, 3.268660231794847881, -0.3615494064688184461 ) ) ;
#2179 = FACE_OUTER_BOUND ( 'NONE', #4959, .T. ) ;
#2180 = EDGE_CURVE ( 'NONE', #3169, #7242, #4216, .T. ) ;
#2181 = VECTOR ( 'NONE', #3212, 1000.000000000000000 ) ;
#2182 = CARTESIAN_POINT ( 'NONE',  ( 47.73678728081453926, 3.272765287376413035, 0.8096107642334724463 ) ) ;
#2183 = EDGE_LOOP ( 'NONE', ( #2378, #2849 ) ) ;
#2184 = DIRECTION ( 'NONE',  ( 0.3022482188480728471, 0.8491185186067439217, -0.4331786647126749656 ) ) ;
#2185 = EDGE_CURVE ( 'NONE', #3056, #7249, #7071, .T. ) ;
#2186 = ORIENTED_EDGE ( 'NONE', *, *, #4245, .F. ) ;
#2187 = CARTESIAN_POINT ( 'NONE',  ( 34.56521180070720334, 3.661733456739625581, -0.06783006281420211891 ) ) ;
#2188 = DIRECTION ( 'NONE',  ( 6.518132367784220313E-15, -2.999999999999999839E-15, 1.000000000000000000 ) ) ;
#2189 = CARTESIAN_POINT ( 'NONE',  ( 43.36778565677445130, 3.734328248368747882, 0.04907839727800537843 ) ) ;
#2190 = CARTESIAN_POINT ( 'NONE',  ( 44.52110031537073098, 3.514875088364091127, 0.3220305819355014365 ) ) ;
#2191 = CARTESIAN_POINT ( 'NONE',  ( 43.87317348622794100, 3.941355987432174413, 0.5254983801971381263 ) ) ;
#2192 = EDGE_CURVE ( 'NONE', #6018, #2904, #4843, .T. ) ;
#2193 = CARTESIAN_POINT ( 'NONE',  ( 41.85492253797950468, 4.059779704439190340, 0.3186252142387983599 ) ) ;
#2194 = DIRECTION ( 'NONE',  ( 7.000000000000000150E-15, -2.999999999999999839E-15, 1.000000000000000000 ) ) ;
#2195 = CARTESIAN_POINT ( 'NONE',  ( 47.33759061801463019, 2.757296751139127977, -0.3294880165983374853 ) ) ;
#2196 = LINE ( 'NONE', #5574, #6283 ) ;
#2197 = CARTESIAN_POINT ( 'NONE',  ( 34.68238719036839512, 3.227588144178549445, 0.1078931074046161898 ) ) ;
#2198 = CARTESIAN_POINT ( 'NONE',  ( 48.80000000000000426, 1.931393742013005177, -1.824999999999999956 ) ) ;
#2199 = DIRECTION ( 'NONE',  ( -0.5000000000000061062, 4.098076211353317325E-15, -0.8660254037844351549 ) ) ;
#2200 = DIRECTION ( 'NONE',  ( -2.783159565502900135E-15, -1.000000000000000000, -2.999999999999999839E-15 ) ) ;
#2201 = DIRECTION ( 'NONE',  ( -0.000000000000000000, -1.000000000000000000, -0.000000000000000000 ) ) ;
#2202 = EDGE_CURVE ( 'NONE', #699, #8278, #3847, .T. ) ;
#2203 = CARTESIAN_POINT ( 'NONE',  ( 45.49257779767750520, 3.213580361082257308, -0.09945227611158248548 ) ) ;
#2204 = CARTESIAN_POINT ( 'NONE',  ( 30.93610111992260769, 3.160701297890814665, -0.04243094094186069393 ) ) ;
#2205 = CARTESIAN_POINT ( 'NONE',  ( 31.23740271875276875, 2.896391274400502702, -0.2749584008937655533 ) ) ;
#2206 = ORIENTED_EDGE ( 'NONE', *, *, #6744, .T. ) ;
#2207 = ORIENTED_EDGE ( 'NONE', *, *, #6531, .F. ) ;
#2208 = CARTESIAN_POINT ( 'NONE',  ( 47.40775028976005956, 3.316895225413511117, 0.7675236748681403265 ) ) ;
#2209 = CARTESIAN_POINT ( 'NONE',  ( 49.85000000000000142, 4.831393742013000647, 0.1830882352941169966 ) ) ;
#2210 = EDGE_LOOP ( 'NONE', ( #7412, #3472, #2631, #1900, #1786 ) ) ;
#2211 =( GEOMETRIC_REPRESENTATION_CONTEXT ( 3 ) GLOBAL_UNCERTAINTY_ASSIGNED_CONTEXT ( ( #1828 ) ) GLOBAL_UNIT_ASSIGNED_CONTEXT ( ( #2936, #540, #3071 ) ) REPRESENTATION_CONTEXT ( 'NONE', 'WORKASPACE' ) );
#2212 = PRODUCT_DEFINITION_SHAPE ( 'NONE', 'NONE',  #1373 ) ;
#2213 = CARTESIAN_POINT ( 'NONE',  ( 48.70000000000000995, 3.256393742013003134, -0.6249999999999985567 ) ) ;
#2214 = PRESENTATION_STYLE_ASSIGNMENT (( #3418 ) ) ;
#2215 = VECTOR ( 'NONE', #7017, 999.9999999999998863 ) ;
#2216 = VERTEX_POINT ( 'NONE', #2007 ) ;
#2217 = LINE ( 'NONE', #6610, #5899 ) ;
#2218 = ORIENTED_EDGE ( 'NONE', *, *, #5385, .F. ) ;
#2219 = CARTESIAN_POINT ( 'NONE',  ( 43.89854515320821804, 2.851054012432156171, 0.06783008095329695619 ) ) ;
#2220 = CARTESIAN_POINT ( 'NONE',  ( 41.81256597706620681, 3.651054028043228428, 0.2772413222355593065 ) ) ;
#2221 = CARTESIAN_POINT ( 'NONE',  ( 48.12918411396464080, 3.256393742013003134, -0.8249999999999989564 ) ) ;
#2222 = VECTOR ( 'NONE', #7593, 1000.000000000000000 ) ;
#2223 = LINE ( 'NONE', #6152, #5763 ) ;
#2224 = VECTOR ( 'NONE', #5632, 999.9999999999998863 ) ;
#2225 = VECTOR ( 'NONE', #419, 1000.000000000000114 ) ;
#2226 = EDGE_CURVE ( 'NONE', #566, #5144, #5118, .T. ) ;
#2227 = PLANE ( 'NONE',  #3034 ) ;
#2228 = VECTOR ( 'NONE', #6846, 1000.000000000000114 ) ;
#2229 = VERTEX_POINT ( 'NONE', #7681 ) ;
#2230 = FACE_OUTER_BOUND ( 'NONE', #350, .T. ) ;
#2231 = ORIENTED_EDGE ( 'NONE', *, *, #4405, .T. ) ;
#2232 = VECTOR ( 'NONE', #4940, 1000.000000000000000 ) ;
#2233 = CARTESIAN_POINT ( 'NONE',  ( 43.12110328040322571, 3.211438688149710785, 0.4105147440244247825 ) ) ;
#2234 = LINE ( 'NONE', #6795, #7776 ) ;
#2235 = FACE_OUTER_BOUND ( 'NONE', #4321, .T. ) ;
#2236 = CARTESIAN_POINT ( 'NONE',  ( 35.22648604090007751, 2.836074842919670935, -0.7000549152476327475 ) ) ;
#2237 = CARTESIAN_POINT ( 'NONE',  ( 38.54589931039897976, 3.173365996472353512, -0.4751061834966399666 ) ) ;
#2238 = VECTOR ( 'NONE', #5824, 1000.000000000000000 ) ;
#2239 = CARTESIAN_POINT ( 'NONE',  ( 39.20650169851617051, 2.730891331266524169, 0.6849559487039650341 ) ) ;
#2240 = CARTESIAN_POINT ( 'NONE',  ( 1.224646799147353256E-15, 5.000000000000000000, 10.00000000000000000 ) ) ;
#2241 = CARTESIAN_POINT ( 'NONE',  ( 48.13210034540296078, 2.856393742013002779, -0.4249999999999989342 ) ) ;
#2242 = PLANE ( 'NONE',  #2096 ) ;
#2243 = CARTESIAN_POINT ( 'NONE',  ( 32.81571993341626836, 3.285198347500221328, -0.1078935770592744647 ) ) ;
#2244 = DIRECTION ( 'NONE',  ( -1.000000000000000000, 5.999999999999999677E-15, 1.400000000000000030E-14 ) ) ;
#2245 = CARTESIAN_POINT ( 'NONE',  ( 33.35981944151274803, 3.676712706389555052, 0.7000549415518474428 ) ) ;
#2246 = AXIS2_PLACEMENT_3D ( 'NONE', #5174, #2562, #3262 ) ;
#2247 = CARTESIAN_POINT ( 'NONE',  ( 38.92110328229242100, 2.997904001735836044, -0.3220658004685756359 ) ) ;
#2248 = CARTESIAN_POINT ( 'NONE',  ( 34.05618859409624832, 3.176773565350647921, -0.07483172509782423654 ) ) ;
#2249 = CARTESIAN_POINT ( 'NONE',  ( 31.05585661911124262, 3.835773452511895609, 0.5803300776851572085 ) ) ;
#2250 = CARTESIAN_POINT ( 'NONE',  ( 37.13187846737672970, 3.038610142316702234, -0.3485276241935704733 ) ) ;
#2251 = CARTESIAN_POINT ( 'NONE',  ( 29.58904212959418345, 2.663859782915342755, 0.6155707580549500957 ) ) ;
#2252 = ADVANCED_FACE ( 'NONE', ( #1963 ), #3224, .T. ) ;
#2253 = VERTEX_POINT ( 'NONE', #4474 ) ;
#2254 = ORIENTED_EDGE ( 'NONE', *, *, #5617, .T. ) ;
#2255 = LINE ( 'NONE', #5506, #9 ) ;
#2256 = FACE_OUTER_BOUND ( 'NONE', #5983, .T. ) ;
#2257 = VERTEX_POINT ( 'NONE', #3882 ) ;
#2258 = FACE_OUTER_BOUND ( 'NONE', #392, .T. ) ;
#2259 = EDGE_CURVE ( 'NONE', #115, #6413, #3288, .T. ) ;
#2260 = CARTESIAN_POINT ( 'NONE',  ( 29.81965475162988355, 2.873719732422852058, 0.8663271453269695277 ) ) ;
#2261 = CARTESIAN_POINT ( 'NONE',  ( 49.09999999999999432, 4.831393742012989989, 1.474999999999999867 ) ) ;
#2262 = CIRCLE ( 'NONE', #1598, 0.2999999999999999334 ) ;
#2263 = CYLINDRICAL_SURFACE ( 'NONE', #6705, 0.1999999999999999833 ) ;
#2264 = EDGE_LOOP ( 'NONE', ( #2961, #4354, #5180, #6781 ) ) ;
#2265 = CARTESIAN_POINT ( 'NONE',  ( 42.96521180072355151, 3.324223804845748642, 0.4053397138900269869 ) ) ;
#2266 = CARTESIAN_POINT ( 'NONE',  ( 26.64985775721738648, 3.088468552585866167, 3.228034932530065237 ) ) ;
#2267 = CARTESIAN_POINT ( 'NONE',  ( 32.67316918524453229, 2.571436656681551636, -0.5255028803902469514 ) ) ;
#2268 = CARTESIAN_POINT ( 'NONE',  ( 47.58174716997854148, 3.221193643173045018, -0.3917177348014784233 ) ) ;
#2269 = CARTESIAN_POINT ( 'NONE',  ( -1.333072429419117847E-33, -0.05000000000000000278, -9.308795021286259977E-48 ) ) ;
#2270 = CARTESIAN_POINT ( 'NONE',  ( 48.50000000000000000, 2.473658715094035010, 1.182735026918963817 ) ) ;
#2271 = ORIENTED_EDGE ( 'NONE', *, *, #7212, .T. ) ;
#2272 = CARTESIAN_POINT ( 'NONE',  ( 47.09055939457236661, 3.426983860652842662, 0.2585806878833379341 ) ) ;
#2273 = EDGE_LOOP ( 'NONE', ( #6603, #3294, #5475, #5173 ) ) ;
#2274 = CARTESIAN_POINT ( 'NONE',  ( 51.29999999999999716, 3.981393742012985459, 1.474999999999988098 ) ) ;
#2275 = CARTESIAN_POINT ( 'NONE',  ( 38.37674281935038323, 3.685891802205856216, -0.003470011671381868779 ) ) ;
#2276 = CARTESIAN_POINT ( 'NONE',  ( 52.29999999999999716, 3.381393742012989811, -0.4500000000000209943 ) ) ;
#2277 = CARTESIAN_POINT ( 'NONE',  ( 32.63445217500606077, 3.559640813376177881, 0.3726547313567596387 ) ) ;
#2278 = CARTESIAN_POINT ( 'NONE',  ( 42.54090169498346086, 2.662062317463582684, -0.5569308911364236891 ) ) ;
#2279 = CARTESIAN_POINT ( 'NONE',  ( 31.54561086861978936, 3.529331667134101291, -0.3817221612385012230 ) ) ;
#2280 =( REPRESENTATION_RELATIONSHIP ('NONE','NONE', #1912, #6271 ) REPRESENTATION_RELATIONSHIP_WITH_TRANSFORMATION ( #774 )SHAPE_REPRESENTATION_RELATIONSHIP( ) );
#2281 = CARTESIAN_POINT ( 'NONE',  ( 42.00650169854350935, 3.941349690754151869, 0.5255024107240736653 ) ) ;
#2282 = CARTESIAN_POINT ( 'NONE',  ( 33.07353799716526055, 1.727156155566248907, -9.085398552352205668E-16 ) ) ;
#2283 = CARTESIAN_POINT ( 'NONE',  ( 45.58548561915559105, 2.450923678389273608, -0.2468940949111550209 ) ) ;
#2284 = CARTESIAN_POINT ( 'NONE',  ( 48.80000000000000426, 1.931393742012995185, 2.125000000000000000 ) ) ;
#2285 = ORIENTED_EDGE ( 'NONE', *, *, #7727, .T. ) ;
#2286 = CARTESIAN_POINT ( 'NONE',  ( 43.17020941261506550, 3.413224394716820154, 0.1767221243832296784 ) ) ;
#2287 = CARTESIAN_POINT ( 'NONE',  ( 48.59999999999999432, 2.381393742013000026, 0.4249999999999999889 ) ) ;
#2288 = CARTESIAN_POINT ( 'NONE',  ( 24.99004277431769339, 1.716420234609558726, -5.393241760731457113 ) ) ;
#2289 = CARTESIAN_POINT ( 'NONE',  ( 42.96521180072354440, 3.188563679180277166, -0.4053397138899453300 ) ) ;
#2290 = CARTESIAN_POINT ( 'NONE',  ( 44.52110031537073098, 3.514875088364091127, 0.3220305819355014365 ) ) ;
#2291 = CARTESIAN_POINT ( 'NONE',  ( 41.36630558543578928, 3.156324295238591926, -0.05200168765785403990 ) ) ;
#2292 = CARTESIAN_POINT ( 'NONE',  ( 29.18747730667001150, 3.830165936209832811, -0.9282114180915540524 ) ) ;
#2293 = CARTESIAN_POINT ( 'NONE',  ( 51.70000000000000284, 3.981393742012989900, 0.8249999999999850786 ) ) ;
#2294 = VERTEX_POINT ( 'NONE', #5200 ) ;
#2295 = ADVANCED_FACE ( 'NONE', ( #1287 ), #5239, .T. ) ;
#2296 = ORIENTED_EDGE ( 'NONE', *, *, #6677, .F. ) ;
#2297 = DIRECTION ( 'NONE',  ( -1.000000000000000000, 2.999999999999999839E-15, 7.000000000000000150E-15 ) ) ;
#2298 = DIRECTION ( 'NONE',  ( 0.1045283397710200374, -0.9945207203763283266, 0.001537181467217235481 ) ) ;
#2299 = ORIENTED_EDGE ( 'NONE', *, *, #7983, .T. ) ;
#2300 = FACE_OUTER_BOUND ( 'NONE', #2400, .T. ) ;
#2301 = AXIS2_PLACEMENT_3D ( 'NONE', #3003, #4906, #6865 ) ;
#2302 = DIRECTION ( 'NONE',  ( -7.000000000000000150E-15, 2.999999999999999839E-15, -1.000000000000000000 ) ) ;
#2303 = CARTESIAN_POINT ( 'NONE',  ( 51.68038475772939933, 2.931393742012994963, -1.775000000000000133 ) ) ;
#2304 = ADVANCED_FACE ( 'NONE', ( #6440 ), #5159, .T. ) ;
#2305 = ADVANCED_FACE ( 'NONE', ( #5803 ), #5085, .T. ) ;
#2306 = CARTESIAN_POINT ( 'NONE',  ( 47.73678728081452505, 3.240022196649584352, -0.8096107642334575694 ) ) ;
#2307 = ORIENTED_EDGE ( 'NONE', *, *, #2685, .T. ) ;
#2308 = CARTESIAN_POINT ( 'NONE',  ( 48.50000000000000000, 2.473658715094035010, -0.3672649730810374491 ) ) ;
#2309 = DIRECTION ( 'NONE',  ( -0.000000000000000000, -1.000000000000000000, -0.000000000000000000 ) ) ;
#2310 = CARTESIAN_POINT ( 'NONE',  ( 38.58825587131533297, 3.599171354312216575, 0.7933817115859977953 ) ) ;
#2311 = CARTESIAN_POINT ( 'NONE',  ( 48.70000000000000284, 2.531393742012994608, 1.125000000000000000 ) ) ;
#2312 = PRESENTATION_STYLE_ASSIGNMENT (( #1048 ) ) ;
#2313 = VERTEX_POINT ( 'NONE', #7455 ) ;
#2314 = PLANE ( 'NONE',  #7577 ) ;
#2315 = ORIENTED_EDGE ( 'NONE', *, *, #6323, .F. ) ;
#2316 = DIRECTION ( 'NONE',  ( -7.000000000000000150E-15, 2.999999999999999839E-15, -1.000000000000000000 ) ) ;
#2317 = CARTESIAN_POINT ( 'NONE',  ( 37.08952190644337321, 3.156788956282718939, 0.04492259245930209366 ) ) ;
#2318 = CARTESIAN_POINT ( 'NONE',  ( 32.94589888087691776, 3.339418443799858860, 0.4751035262020936178 ) ) ;
#2319 = FACE_OUTER_BOUND ( 'NONE', #6402, .T. ) ;
#2320 = VECTOR ( 'NONE', #3753, 999.9999999999998863 ) ;
#2321 = CARTESIAN_POINT ( 'NONE',  ( 0.000000000000000000, 1.000000000000001776, 0.000000000000000000 ) ) ;
#2322 = CARTESIAN_POINT ( 'NONE',  ( 1.194030629168669469E-15, 0.000000000000000000, 9.750000000000000000 ) ) ;
#2323 = CARTESIAN_POINT ( 'NONE',  ( 43.38952190593451519, 3.176773572449630656, -0.07483168987788987869 ) ) ;
#2324 = AXIS2_PLACEMENT_3D ( 'NONE', #484, #6906, #7557 ) ;
#2325 = CARTESIAN_POINT ( 'NONE',  ( 31.23740271875277585, 3.616396209625593272, 0.2749584008940114677 ) ) ;
#2326 = DIRECTION ( 'NONE',  ( -1.000000000000000000, 2.999999999999999839E-15, 7.000000000000000150E-15 ) ) ;
#2327 = EDGE_CURVE ( 'NONE', #2398, #3779, #2560, .T. ) ;
#2328 = DIRECTION ( 'NONE',  ( 1.000000000000000000, 0.000000000000000000, 6.982962677686270655E-15 ) ) ;
#2329 = DIRECTION ( 'NONE',  ( -0.000000000000000000, -1.000000000000000000, -0.000000000000000000 ) ) ;
#2330 = CARTESIAN_POINT ( 'NONE',  ( 42.65443661556615496, 2.997904001932514717, -0.3220657997620509638 ) ) ;
#2331 = CARTESIAN_POINT ( 'NONE',  ( 44.48234321966224769, 3.159796843891492291, 0.05593924479911753511 ) ) ;
#2332 = CARTESIAN_POINT ( 'NONE',  ( 49.29999999999999716, 4.831393742013000647, 0.1750000000000040135 ) ) ;
#2333 = CARTESIAN_POINT ( 'NONE',  ( 48.59999999999999432, 2.381393742012994696, 0.8249999999999999556 ) ) ;
#2334 = EDGE_CURVE ( 'NONE', #2919, #6018, #8166, .T. ) ;
#2335 = CARTESIAN_POINT ( 'NONE',  ( 34.56521180070720334, 3.661733456739625581, -0.06783006281420211891 ) ) ;
#2336 = CARTESIAN_POINT ( 'NONE',  ( 29.18747730667001861, 2.682621547816276042, 0.9282114180918284996 ) ) ;
#2337 = ORIENTED_EDGE ( 'NONE', *, *, #6560, .T. ) ;
#2338 = ORIENTED_EDGE ( 'NONE', *, *, #7194, .T. ) ;
#2339 = EDGE_CURVE ( 'NONE', #6342, #1546, #4305, .T. ) ;
#2340 = CARTESIAN_POINT ( 'NONE',  ( 31.23740271875276875, 2.896391274400502702, -0.2749584008937655533 ) ) ;
#2341 = ORIENTED_EDGE ( 'NONE', *, *, #5448, .F. ) ;
#2342 = CARTESIAN_POINT ( 'NONE',  ( 52.29999999999999716, 2.081393742012989989, -0.8000000000000251354 ) ) ;
#2343 = PLANE ( 'NONE',  #2301 ) ;
#2344 = EDGE_CURVE ( 'NONE', #1841, #7693, #8126, .T. ) ;
#2345 = VERTEX_POINT ( 'NONE', #4896 ) ;
#2346 = CARTESIAN_POINT ( 'NONE',  ( 39.69854513404409602, 3.017738378951121625, 0.3345815577754220338 ) ) ;
#2347 = CARTESIAN_POINT ( 'NONE',  ( 48.70000000000000284, 2.531393742012999937, 0.1249999999999980016 ) ) ;
#2348 = CARTESIAN_POINT ( 'NONE',  ( 37.10650169853005309, 3.479773370103871333, -0.8339178479525793941 ) ) ;
#2349 = CARTESIAN_POINT ( 'NONE',  ( 9.750000000000000000, 0.5000000000000018874, 0.000000000000000000 ) ) ;
#2350 = CARTESIAN_POINT ( 'NONE',  ( 31.08450650071262089, 3.011063005702800943, 0.1908282470343214965 ) ) ;
#2351 = ORIENTED_EDGE ( 'NONE', *, *, #8077, .T. ) ;
#2352 = CARTESIAN_POINT ( 'NONE',  ( 47.78585649381300016, 2.867623999484343322, 0.8144612515250456708 ) ) ;
#2353 = ORIENTED_EDGE ( 'NONE', *, *, #1850, .F. ) ;
#2354 = EDGE_CURVE ( 'NONE', #6370, #910, #1111, .T. ) ;
#2355 = DIRECTION ( 'NONE',  ( 1.000000000000000000, -2.783159565502900135E-15, -7.000000000000000150E-15 ) ) ;
#2356 = AXIS2_PLACEMENT_3D ( 'NONE', #3843, #6942, #1160 ) ;
#2357 = CARTESIAN_POINT ( 'NONE',  ( 34.98952190647509752, 3.331225433074556097, -0.07962016502774639515 ) ) ;
#2358 = STYLED_ITEM ( 'NONE', ( #1375 ), #7009 ) ;
#2359 = CARTESIAN_POINT ( 'NONE',  ( 34.81256597706398281, 3.173365996480824514, -0.4751061834862030375 ) ) ;
#2360 = DIRECTION ( 'NONE',  ( 2.999999999999999839E-15, 1.000000000000000000, 0.000000000000000000 ) ) ;
#2361 = DIRECTION ( 'NONE',  ( -0.000000000000000000, -1.000000000000000000, -0.000000000000000000 ) ) ;
#2362 = VECTOR ( 'NONE', #4259, 1000.000000000000000 ) ;
#2363 = PLANE ( 'NONE',  #1289 ) ;
#2364 = VECTOR ( 'NONE', #2200, 1000.000000000000000 ) ;
#2365 = AXIS2_PLACEMENT_3D ( 'NONE', #8218, #7591, #6433 ) ;
#2366 = ORIENTED_EDGE ( 'NONE', *, *, #599, .T. ) ;
#2367 = CARTESIAN_POINT ( 'NONE',  ( 36.24716105816830236, 3.213825732906413268, 0.2420948779277474483 ) ) ;
#2368 = CARTESIAN_POINT ( 'NONE',  ( 31.41595238962310788, 3.532384945117109876, 0.3239227492342828807 ) ) ;
#2369 = PLANE ( 'NONE',  #731 ) ;
#2370 = VECTOR ( 'NONE', #3971, 1000.000000000000000 ) ;
#2371 = CARTESIAN_POINT ( 'NONE',  ( 26.07914960422881023, 2.972792225956604639, 3.626243655105322983 ) ) ;
#2372 = CARTESIAN_POINT ( 'NONE',  ( 51.29999999999999716, 0.4213937420129920119, -0.1250000000000232037 ) ) ;
#2373 = CARTESIAN_POINT ( 'NONE',  ( 40.70957226364450321, 3.571991999291145525, 0.2870804379966734321 ) ) ;
#2374 = CARTESIAN_POINT ( 'NONE',  ( 42.92285523959142779, 3.365607696875468235, -0.003385962645874912320 ) ) ;
#2375 = CARTESIAN_POINT ( 'NONE',  ( 29.69060871094688636, 3.858674611243023023, -0.5272980754394307468 ) ) ;
#2376 = DIRECTION ( 'NONE',  ( -1.734723475976807094E-17, -1.000000000000000000, 2.775557561562891043E-17 ) ) ;
#2377 = CARTESIAN_POINT ( 'NONE',  ( 31.17719321599468785, 2.720622017454600083, -0.6314013613450378815 ) ) ;
#2378 = ORIENTED_EDGE ( 'NONE', *, *, #3712, .F. ) ;
#2379 = VECTOR ( 'NONE', #212, 999.9999999999998863 ) ;
#2380 = LINE ( 'NONE', #7461, #5865 ) ;
#2381 = EDGE_CURVE ( 'NONE', #2839, #5083, #3660, .T. ) ;
#2382 = CARTESIAN_POINT ( 'NONE',  ( 51.68038475772939933, 2.931393742012984749, 1.775000000000000133 ) ) ;
#2383 = CARTESIAN_POINT ( 'NONE',  ( 29.66443861915460900, 3.103858109701870482, 1.421502054330053832 ) ) ;
#2384 = ORIENTED_EDGE ( 'NONE', *, *, #7540, .T. ) ;
#2385 = LINE ( 'NONE', #7598, #665 ) ;
#2386 = CARTESIAN_POINT ( 'NONE',  ( 50.39928555880960204, 4.631470148494050143, -0.1911659641001454968 ) ) ;
#2387 = VECTOR ( 'NONE', #8360, 1000.000000000000000 ) ;
#2388 = FACE_OUTER_BOUND ( 'NONE', #6322, .T. ) ;
#2389 = EDGE_LOOP ( 'NONE', ( #256, #2870, #5047, #3886 ) ) ;
#2390 = ORIENTED_EDGE ( 'NONE', *, *, #3521, .F. ) ;
#2391 = LINE ( 'NONE', #4238, #3279 ) ;
#2392 = FACE_OUTER_BOUND ( 'NONE', #8157, .T. ) ;
#2393 = CARTESIAN_POINT ( 'NONE',  ( 42.07423502829299622, 4.070459132378805300, -0.02644617077575050004 ) ) ;
#2394 = CARTESIAN_POINT ( 'NONE',  ( 35.78825587135614938, 4.049775453567933781, -0.3427776123665425279 ) ) ;
#2395 = CARTESIAN_POINT ( 'NONE',  ( 51.00000000000000000, 3.981393742012989900, 1.050000000000000044 ) ) ;
#2396 = VECTOR ( 'NONE', #2935, 1000.000000000000000 ) ;
#2397 = CARTESIAN_POINT ( 'NONE',  ( 31.60985403315104492, 3.093211492997044232, -0.3638939754813264593 ) ) ;
#2398 = VERTEX_POINT ( 'NONE', #7588 ) ;
#2399 = CARTESIAN_POINT ( 'NONE',  ( 48.06913499914221433, 2.856947572546086001, 0.4244838980722353550 ) ) ;
#2400 = EDGE_LOOP ( 'NONE', ( #265, #1549, #2438, #3118 ) ) ;
#2401 = PLANE ( 'NONE',  #752 ) ;
#2402 = CARTESIAN_POINT ( 'NONE',  ( 41.36630558543578928, 3.156324295238591926, -0.05200168765785403990 ) ) ;
#2403 = CARTESIAN_POINT ( 'NONE',  ( 38.73983503186034483, 3.143643064021149680, -0.8559233143171240954 ) ) ;
#2404 = CARTESIAN_POINT ( 'NONE',  ( 44.09315678810376227, 2.464170320564104344, -0.1977951316149459959 ) ) ;
#2405 = PLANE ( 'NONE',  #5530 ) ;
#2406 = CYLINDRICAL_SURFACE ( 'NONE', #6779, 9.750000000000000000 ) ;
#2407 = EDGE_CURVE ( 'NONE', #1159, #6528, #3038, .T. ) ;
#2408 = LINE ( 'NONE', #507, #6145 ) ;
#2409 = CARTESIAN_POINT ( 'NONE',  ( 38.11878453928508748, 3.310291180481747197, -0.2355499228618458119 ) ) ;
#2410 = CARTESIAN_POINT ( 'NONE',  ( 49.09999999999999432, 4.831393742012989989, 1.824999999999999956 ) ) ;
#2411 = CARTESIAN_POINT ( 'NONE',  ( 25.12796934925655634, 1.527156155566259610, 4.289924859392302281 ) ) ;
#2412 = CARTESIAN_POINT ( 'NONE',  ( 51.70000000000000284, 0.4213937420129890143, 0.4249999999999739542 ) ) ;
#2413 = CARTESIAN_POINT ( 'NONE',  ( 37.13187846737673681, 3.474177341709358213, 0.3485276241937338426 ) ) ;
#2414 = CARTESIAN_POINT ( 'NONE',  ( 36.48545120597307090, 3.396329535221564999, -0.1969940958249422058 ) ) ;
#2415 = CARTESIAN_POINT ( 'NONE',  ( 29.81965475162987644, 3.639067751603251910, -0.8663271453267038513 ) ) ;
#2416 = DIRECTION ( 'NONE',  ( 0.000000000000000000, 2.891205793294679017E-15, -1.000000000000000000 ) ) ;
#2417 = CARTESIAN_POINT ( 'NONE',  ( 34.72110328229668141, 3.666908501725217207, 0.04495506328124317108 ) ) ;
#2418 = PLANE ( 'NONE',  #3421 ) ;
#2419 = CARTESIAN_POINT ( 'NONE',  ( 48.70000000000000284, 4.381393742013000470, -0.8750000000000000000 ) ) ;
#2420 = CARTESIAN_POINT ( 'NONE',  ( 47.48098989623284893, 3.310079127163908286, 0.3740124348085324679 ) ) ;
#2421 = CARTESIAN_POINT ( 'NONE',  ( 29.64522546132994307, 2.885171124024292322, 1.008088419775262867 ) ) ;
#2422 = ORIENTED_EDGE ( 'NONE', *, *, #2143, .T. ) ;
#2423 = CARTESIAN_POINT ( 'NONE',  ( 0.000000000000000000, 5.000000000000000000, 0.000000000000000000 ) ) ;
#2424 = CARTESIAN_POINT ( 'NONE',  ( 51.00000000000000000, 3.981393742012989900, 1.074999999999999956 ) ) ;
#2425 = CARTESIAN_POINT ( 'NONE',  ( 41.19042773635831622, 3.708293136135863755, -0.2174605989257895056 ) ) ;
#2426 = VERTEX_POINT ( 'NONE', #5716 ) ;
#2427 = EDGE_LOOP ( 'NONE', ( #1863, #1085, #5614, #8306 ) ) ;
#2428 = CARTESIAN_POINT ( 'NONE',  ( 51.29999999999999716, 4.381393742012985371, 1.474999999999999867 ) ) ;
#2429 = PLANE ( 'NONE',  #3230 ) ;
#2430 = VECTOR ( 'NONE', #4837, 1000.000000000000000 ) ;
#2431 = CARTESIAN_POINT ( 'NONE',  ( 40.98121546066946763, 3.034088913893401962, -0.8189646426384900035 ) ) ;
#2432 = CARTESIAN_POINT ( 'NONE',  ( 38.19439648867526671, 2.485893209171276208, -0.4585325855181781041 ) ) ;
#2433 = ADVANCED_FACE ( 'NONE', ( #41 ), #6823, .T. ) ;
#2434 = CARTESIAN_POINT ( 'NONE',  ( 35.69315270753220659, 3.454196976047951395, -0.7922239215797333145 ) ) ;
#2435 = CARTESIAN_POINT ( 'NONE',  ( 25.12796934925657055, 1.527156155566224749, -4.289924859392278300 ) ) ;
#2436 = VECTOR ( 'NONE', #4324, 999.9999999999998863 ) ;
#2437 = CARTESIAN_POINT ( 'NONE',  ( 29.38457700004530437, 2.893902494939894154, 1.204839847270677389 ) ) ;
#2438 = ORIENTED_EDGE ( 'NONE', *, *, #6984, .T. ) ;
#2439 = CARTESIAN_POINT ( 'NONE',  ( 46.50817178127520179, 3.165477386225435286, 0.5092450837515983819 ) ) ;
#2440 = ORIENTED_EDGE ( 'NONE', *, *, #3844, .F. ) ;
#2441 = FACE_OUTER_BOUND ( 'NONE', #6263, .T. ) ;
#2442 = DIRECTION ( 'NONE',  ( 0.000000000000000000, 0.000000000000000000, 1.000000000000000000 ) ) ;
#2443 = CARTESIAN_POINT ( 'NONE',  ( 31.72584661687762875, 3.364924775234832577, -0.001347954666297578692 ) ) ;
#2444 = ADVANCED_FACE ( 'NONE', ( #5400 ), #7303, .F. ) ;
#2445 = CARTESIAN_POINT ( 'NONE',  ( 32.52154298962150847, 2.453037779154761289, -0.3186848804682713698 ) ) ;
#2446 = CARTESIAN_POINT ( 'NONE',  ( 25.99665716713076336, 3.377601604364103505, 3.683802335189054311 ) ) ;
#2447 = DIRECTION ( 'NONE',  ( 0.000000000000000000, 2.775557561562891043E-17, 1.000000000000000000 ) ) ;
#2448 = EDGE_CURVE ( 'NONE', #3653, #82, #7981, .T. ) ;
#2449 = CARTESIAN_POINT ( 'NONE',  ( 42.43445227340667714, 3.305472222635720936, -0.4779342002911703413 ) ) ;
#2450 = CARTESIAN_POINT ( 'NONE',  ( 29.32641739690355465, 3.618884989086213810, -1.245420415729740382 ) ) ;
#2451 = EDGE_CURVE ( 'NONE', #8278, #430, #3896, .T. ) ;
#2452 = CARTESIAN_POINT ( 'NONE',  ( 25.50844145124333906, 2.588649715181440047, 4.024452377677166126 ) ) ;
#2453 = CARTESIAN_POINT ( 'NONE',  ( 26.00179323022355504, 1.727156155566248907, -4.805509957458472314 ) ) ;
#2454 = VECTOR ( 'NONE', #3088, 1000.000000000000000 ) ;
#2455 = CARTESIAN_POINT ( 'NONE',  ( 43.32906921555382951, 3.356339309917254266, 0.2109080640274394181 ) ) ;
#2456 = CARTESIAN_POINT ( 'NONE',  ( 31.81350167354811376, 3.048206427735346224, -0.1317764820515940072 ) ) ;
#2457 = CARTESIAN_POINT ( 'NONE',  ( 30.93610111992260769, 3.160701297890814665, -0.04243094094186069393 ) ) ;
#2458 = LINE ( 'NONE', #1236, #1929 ) ;
#2459 = CARTESIAN_POINT ( 'NONE',  ( 46.34969557769004922, 2.511973173180823249, -0.4489133722991103248 ) ) ;
#2460 = CARTESIAN_POINT ( 'NONE',  ( 49.29999999999999716, 4.831393742013000647, -1.474999999999999867 ) ) ;
#2461 = AXIS2_PLACEMENT_3D ( 'NONE', #3641, #4151, #5519 ) ;
#2462 = CARTESIAN_POINT ( 'NONE',  ( 51.35000000000000142, 1.831393742012995096, -0.4500000000000189404 ) ) ;
#2463 = EDGE_CURVE ( 'NONE', #7662, #16, #1616, .T. ) ;
#2464 = CARTESIAN_POINT ( 'NONE',  ( 31.39014596684895508, 3.093211492997084644, 0.4361060245186755835 ) ) ;
#2465 = EDGE_LOOP ( 'NONE', ( #1738, #5204, #2874, #3973 ) ) ;
#2466 = LINE ( 'NONE', #1285, #5070 ) ;
#2467 = CARTESIAN_POINT ( 'NONE',  ( 50.93168224707739711, 4.631393742012989811, 1.051004672837094089 ) ) ;
#2468 = CARTESIAN_POINT ( 'NONE',  ( 40.10111893992863941, 2.953146955176136679, -0.3726542400366052443 ) ) ;
#2469 = ORIENTED_EDGE ( 'NONE', *, *, #2907, .T. ) ;
#2470 = ORIENTED_EDGE ( 'NONE', *, *, #7348, .T. ) ;
#2471 = DIRECTION ( 'NONE',  ( 1.734723475976807094E-17, 1.000000000000000000, -2.775557561562891043E-17 ) ) ;
#2472 = CARTESIAN_POINT ( 'NONE',  ( -1.333072429419117847E-33, -0.05000000000000000278, -9.308795021286259977E-48 ) ) ;
#2473 = CARTESIAN_POINT ( 'NONE',  ( 44.05443621027013279, 2.845882380714084725, -0.04495295524809304194 ) ) ;
#2474 = CARTESIAN_POINT ( 'NONE',  ( 38.41454879404545864, 2.414696696164964518, -0.1080213196566420092 ) ) ;
#2475 = DIRECTION ( 'NONE',  ( 0.000000000000000000, 0.000000000000000000, -1.000000000000000000 ) ) ;
#2476 = CARTESIAN_POINT ( 'NONE',  ( 50.39949548389090239, 4.631393742012999581, -1.058830948766314117 ) ) ;
#2477 = EDGE_LOOP ( 'NONE', ( #5207, #2338, #4764, #2687 ) ) ;
#2478 = CARTESIAN_POINT ( 'NONE',  ( 48.16494492839988339, 2.856393742012992121, 0.4250000000000077049 ) ) ;
#2479 = ORIENTED_EDGE ( 'NONE', *, *, #2598, .T. ) ;
#2480 = DIRECTION ( 'NONE',  ( -0.5000000000000008882, -0.8660254037844382635, 9.019237886466885856E-16 ) ) ;
#2481 = CARTESIAN_POINT ( 'NONE',  ( 44.10354297722633987, 3.433116656554110691, -0.1568297336874108494 ) ) ;
#2482 = EDGE_CURVE ( 'NONE', #2871, #7208, #4160, .T. ) ;
#2483 = AXIS2_PLACEMENT_3D ( 'NONE', #8081, #4754, #4846 ) ;
#2484 = CARTESIAN_POINT ( 'NONE',  ( 45.65056823456576041, 4.013191952278667429, -0.2236610021683844984 ) ) ;
#2485 = CARTESIAN_POINT ( 'NONE',  ( 24.89908115240607955, 1.795622339707149573, 3.961884932947191462 ) ) ;
#2486 = CARTESIAN_POINT ( 'NONE',  ( 51.29999999999999716, 0.4213937420129950095, -1.125000000000021760 ) ) ;
#2487 = ORIENTED_EDGE ( 'NONE', *, *, #2794, .F. ) ;
#2488 = CARTESIAN_POINT ( 'NONE',  ( 35.86240284800945233, 3.356338826742729875, 0.2109076396129879460 ) ) ;
#2489 =( GEOMETRIC_REPRESENTATION_CONTEXT ( 3 ) GLOBAL_UNCERTAINTY_ASSIGNED_CONTEXT ( ( #2492 ) ) GLOBAL_UNIT_ASSIGNED_CONTEXT ( ( #7200, #4213, #6564 ) ) REPRESENTATION_CONTEXT ( 'NONE', 'WORKASPACE' ) );
#2490 = CARTESIAN_POINT ( 'NONE',  ( 29.15152365470941831, 3.063726198661242961, 0.9947647195641161622 ) ) ;
#2491 = EDGE_LOOP ( 'NONE', ( #8130, #6021 ) ) ;
#2492 = UNCERTAINTY_MEASURE_WITH_UNIT (LENGTH_MEASURE( 1.000000000000000082E-05 ), #7200, 'distance_accuracy_value', 'NONE');
#2493 = CARTESIAN_POINT ( 'NONE',  ( 27.41080196118428347, 3.063726198661242517, 2.697089969102657303 ) ) ;
#2494 = DIRECTION ( 'NONE',  ( 1.000000000000000000, 0.000000000000000000, -7.000000000000000150E-15 ) ) ;
#2495 = CARTESIAN_POINT ( 'NONE',  ( 37.24905385702755467, 3.367097400702046883, -0.01467600239845065144 ) ) ;
#2496 = CARTESIAN_POINT ( 'NONE',  ( 30.75154245287331634, 3.372340180062342263, 0.2507205861289932280 ) ) ;
#2497 = FACE_OUTER_BOUND ( 'NONE', #5338, .T. ) ;
#2498 = AXIS2_PLACEMENT_3D ( 'NONE', #1354, #1395, #5102 ) ;
#2499 = CARTESIAN_POINT ( 'NONE',  ( 47.99256644436110975, 2.853907534492977849, -0.8226767148871756419 ) ) ;
#2500 = DIRECTION ( 'NONE',  ( -1.000000000000000000, 2.999999999999999839E-15, 7.000000000000000150E-15 ) ) ;
#2501 = VECTOR ( 'NONE', #6663, 1000.000000000000000 ) ;
#2502 = ORIENTED_EDGE ( 'NONE', *, *, #4916, .F. ) ;
#2503 = DIRECTION ( 'NONE',  ( 1.000000000000000000, 2.023844055306275241E-29, -7.000000000000000150E-15 ) ) ;
#2504 = DIRECTION ( 'NONE',  ( 0.000000000000000000, -1.000000000000000000, -2.891205793294679017E-15 ) ) ;
#2505 = CARTESIAN_POINT ( 'NONE',  ( 25.18087271844315822, 1.727156150737286788, 4.253011801547509130 ) ) ;
#2506 = ORIENTED_EDGE ( 'NONE', *, *, #8142, .F. ) ;
#2507 = DIRECTION ( 'NONE',  ( 0.5722204921226892171, 0.000000000000000000, 0.8200998161168354672 ) ) ;
#2508 = CARTESIAN_POINT ( 'NONE',  ( 25.13395495143924663, 1.727156155566249351, -4.285748435792597455 ) ) ;
#2509 = CARTESIAN_POINT ( 'NONE',  ( 42.43445227340668424, 3.207315261390307981, 0.4779342002912594367 ) ) ;
#2510 = ADVANCED_FACE ( 'NONE', ( #7574 ), #8023, .T. ) ;
#2511 = VERTEX_POINT ( 'NONE', #3649 ) ;
#2512 = ORIENTED_EDGE ( 'NONE', *, *, #1174, .F. ) ;
#2513 = CARTESIAN_POINT ( 'NONE',  ( 33.07353799716526055, 1.727156155566248907, -9.085398552352205668E-16 ) ) ;
#2514 = CARTESIAN_POINT ( 'NONE',  ( 46.00343750593334136, 3.629393801038190759, -0.03211500539742238175 ) ) ;
#2515 = EDGE_CURVE ( 'NONE', #3868, #2173, #2857, .T. ) ;
#2516 = CARTESIAN_POINT ( 'NONE',  ( 31.80498751362983967, 3.275020281688270973, 0.7962491037784253933 ) ) ;
#2517 = VECTOR ( 'NONE', #8234, 1000.000000000000000 ) ;
#2518 = DIRECTION ( 'NONE',  ( 0.000000000000000000, 5.327904417065780242E-15, -1.000000000000000000 ) ) ;
#2519 = LINE ( 'NONE', #4445, #2387 ) ;
#2520 = CARTESIAN_POINT ( 'NONE',  ( 31.21789509216855407, 3.303959053385388867, -0.4511106579104519620 ) ) ;
#2521 = CARTESIAN_POINT ( 'NONE',  ( 48.07572214501708885, 3.656910770084621287, 0.8245185247641563242 ) ) ;
#2522 = ORIENTED_EDGE ( 'NONE', *, *, #6219, .T. ) ;
#2523 = PLANE ( 'NONE',  #2246 ) ;
#2524 = CARTESIAN_POINT ( 'NONE',  ( 43.17020941261506550, 3.099563089309205655, -0.1767221243831508526 ) ) ;
#2525 = DIRECTION ( 'NONE',  ( 1.000000000000000000, -2.999999999999999839E-15, -7.000000000000000150E-15 ) ) ;
#2526 = CARTESIAN_POINT ( 'NONE',  ( 40.20756836162473036, 2.442328351648499929, 0.02644617077751753101 ) ) ;
#2527 = CARTESIAN_POINT ( 'NONE',  ( 27.18191376433520290, 3.063726198661242517, 2.369050042655923338 ) ) ;
#2528 = DIRECTION ( 'NONE',  ( -2.999999999999999839E-15, -1.000000000000000000, -2.999999999999999839E-15 ) ) ;
#2529 = ORIENTED_EDGE ( 'NONE', *, *, #2226, .T. ) ;
#2530 = CARTESIAN_POINT ( 'NONE',  ( 39.59573618132177586, 3.356338826770558281, 0.2109076396438490653 ) ) ;
#2531 = CARTESIAN_POINT ( 'NONE',  ( 48.59999999999999432, 3.981393742013000114, -1.125000000000000000 ) ) ;
#2532 = CARTESIAN_POINT ( 'NONE',  ( 25.36576441299823514, 2.425497541452680039, 4.124004558320323532 ) ) ;
#2533 = CARTESIAN_POINT ( 'NONE',  ( 36.12110328229557865, 2.934327941535011419, 0.2584897402771439978 ) ) ;
#2534 = CARTESIAN_POINT ( 'NONE',  ( 44.32285619351799255, 3.331225565292314172, -0.07962099413560159988 ) ) ;
#2535 = CARTESIAN_POINT ( 'NONE',  ( 41.77020941615293026, 3.242328351647266960, 0.2358574302323307725 ) ) ;
#2536 = CARTESIAN_POINT ( 'NONE',  ( 31.56952752250055738, 3.359673131624065334, -0.02953380693073565100 ) ) ;
#2537 = CARTESIAN_POINT ( 'NONE',  ( 47.40497880506698181, 3.595668386434996311, -0.3673089542106004468 ) ) ;
#2538 = CARTESIAN_POINT ( 'NONE',  ( 48.13059057104411664, 3.256393742013003134, -0.4249999999999989897 ) ) ;
#2539 = CARTESIAN_POINT ( 'NONE',  ( 45.53227765311667952, 2.913614496072386650, 0.2106839993873539651 ) ) ;
#2540 = ORIENTED_EDGE ( 'NONE', *, *, #52, .F. ) ;
#2541 = PRODUCT ( 'Cable+Conn', 'Cable+Conn', '', ( #3975 ) ) ;
#2542 = DIRECTION ( 'NONE',  ( -7.000000000000000150E-15, 2.999999999999999839E-15, -1.000000000000000000 ) ) ;
#2543 = CARTESIAN_POINT ( 'NONE',  ( 47.83804637435414264, 3.246796355497120423, -0.4159977699012467611 ) ) ;
#2544 = CARTESIAN_POINT ( 'NONE',  ( 29.26388263861402450, 3.233549902382592212, 1.031425395231928555 ) ) ;
#2545 = EDGE_LOOP ( 'NONE', ( #3252, #400, #3054, #2045 ) ) ;
#2546 = CARTESIAN_POINT ( 'NONE',  ( 51.00000000000000000, 4.831393742012989989, -0.2000000000000080047 ) ) ;
#2547 = CARTESIAN_POINT ( 'NONE',  ( 49.09999999999999432, 4.831393742012981996, 2.000735931288067260 ) ) ;
#2548 = CARTESIAN_POINT ( 'NONE',  ( 38.54589931039898687, 3.339421487553698942, 0.4751061834967835185 ) ) ;
#2549 = ADVANCED_FACE ( 'NONE', ( #3525 ), #6248, .T. ) ;
#2550 = ORIENTED_EDGE ( 'NONE', *, *, #6962, .F. ) ;
#2551 = CARTESIAN_POINT ( 'NONE',  ( 48.50000000000000000, 4.039128768931955271, 0.06726497308104199824 ) ) ;
#2552 = CARTESIAN_POINT ( 'NONE',  ( 45.85991363629658224, 3.238306040882730219, -0.05477268468031426529 ) ) ;
#2553 = CARTESIAN_POINT ( 'NONE',  ( 37.32648604089308009, 3.135969131831075618, -0.8076154868285353450 ) ) ;
#2554 = EDGE_CURVE ( 'NONE', #7006, #3569, #8106, .T. ) ;
#2555 = DIRECTION ( 'NONE',  ( 1.000000000000000000, 0.000000000000000000, -7.000000000000000150E-15 ) ) ;
#2556 = CARTESIAN_POINT ( 'NONE',  ( 25.59865984235265657, 2.445599767274380998, -3.961502952319901460 ) ) ;
#2557 = CARTESIAN_POINT ( 'NONE',  ( 29.54428148720414882, 3.443496080945871007, 1.247696386577950234 ) ) ;
#2558 = EDGE_LOOP ( 'NONE', ( #2571, #6091, #5819, #3225 ) ) ;
#2559 = CARTESIAN_POINT ( 'NONE',  ( 47.48376138092592669, 3.709855254986413886, 0.7742271554660998811 ) ) ;
#2560 = CIRCLE ( 'NONE', #4309, 9.750000000000000000 ) ;
#2561 = ORIENTED_EDGE ( 'NONE', *, *, #2569, .F. ) ;
#2562 = DIRECTION ( 'NONE',  ( -1.000000000000000000, 2.999999999999999839E-15, 7.000000000000000150E-15 ) ) ;
#2563 = VECTOR ( 'NONE', #7774, 1000.000000000000000 ) ;
#2564 = DIRECTION ( 'NONE',  ( 0.000000000000000000, 0.000000000000000000, 1.000000000000000000 ) ) ;
#2565 = CARTESIAN_POINT ( 'NONE',  ( 31.81350167354811376, 3.048206427735346224, -0.1317764820515940072 ) ) ;
#2566 = LINE ( 'NONE', #3901, #7649 ) ;
#2567 = VECTOR ( 'NONE', #6397, 1000.000000000000000 ) ;
#2568 = CARTESIAN_POINT ( 'NONE',  ( 25.10939455432604106, 2.687162905151471826, 4.302885328455709590 ) ) ;
#2569 = EDGE_CURVE ( 'NONE', #8196, #1760, #971, .T. ) ;
#2570 = PLANE ( 'NONE',  #6312 ) ;
#2571 = ORIENTED_EDGE ( 'NONE', *, *, #1619, .F. ) ;
#2572 = CARTESIAN_POINT ( 'NONE',  ( 39.05492253799180702, 3.575018956235965994, -0.8033859624319400483 ) ) ;
#2573 = FACE_OUTER_BOUND ( 'NONE', #6834, .T. ) ;
#2574 = LINE ( 'NONE', #1271, #6664 ) ;
#2575 = DIRECTION ( 'NONE',  ( 2.999999999999999839E-15, 1.000000000000000000, 2.999999999999999839E-15 ) ) ;
#2576 = CARTESIAN_POINT ( 'NONE',  ( 32.65623158784674729, 3.253035769990523907, -0.1092736210122155910 ) ) ;
#2577 = CARTESIAN_POINT ( 'NONE',  ( 35.86240284800945233, 3.156448657283339010, -0.2109076396128068132 ) ) ;
#2578 = CARTESIAN_POINT ( 'NONE',  ( 29.93098407315486043, 3.089616807338797955, -0.9425857248816162937 ) ) ;
#2579 = CARTESIAN_POINT ( 'NONE',  ( 48.06337017401778411, 3.655808495551590820, -0.8244543345036290383 ) ) ;
#2580 = CARTESIAN_POINT ( 'NONE',  ( 45.81321240573448961, 2.462457533681151389, -0.3183386597438524479 ) ) ;
#2581 = CARTESIAN_POINT ( 'NONE',  ( 51.00000000000000000, 2.081393742012994874, -0.4500000000000159983 ) ) ;
#2582 = ADVANCED_FACE ( 'NONE', ( #4884 ), #2405, .T. ) ;
#2583 = VERTEX_POINT ( 'NONE', #5439 ) ;
#2584 = CARTESIAN_POINT ( 'NONE',  ( 29.26388263861402450, 3.233549902382592212, 1.031425395231928555 ) ) ;
#2585 = CARTESIAN_POINT ( 'NONE',  ( 31.22732536100869538, 3.160934269027788623, -0.8266457221512384379 ) ) ;
#2586 = VERTEX_POINT ( 'NONE', #3480 ) ;
#2587 = DIRECTION ( 'NONE',  ( -1.000000000000000000, 2.999999999999999839E-15, 7.000000000000000150E-15 ) ) ;
#2588 = EDGE_CURVE ( 'NONE', #1457, #784, #3612, .T. ) ;
#2589 = DIRECTION ( 'NONE',  ( 2.999999999999999839E-15, 1.000000000000000000, 2.999999999999999839E-15 ) ) ;
#2590 = CARTESIAN_POINT ( 'NONE',  ( 35.43445227326328961, 2.883739501984231346, 0.3032467868258593158 ) ) ;
#2591 = AXIS2_PLACEMENT_3D ( 'NONE', #6309, #2376, #6983 ) ;
#2592 = ORIENTED_EDGE ( 'NONE', *, *, #6449, .T. ) ;
#2593 = ORIENTED_EDGE ( 'NONE', *, *, #5279, .T. ) ;
#2594 = CARTESIAN_POINT ( 'NONE',  ( -11.50000000000000000, -0.05000000000000000278, -8.030407079339205455E-14 ) ) ;
#2595 = CARTESIAN_POINT ( 'NONE',  ( 45.63373001683164176, 3.246307657129221091, -0.1415348361350221296 ) ) ;
#2596 = CARTESIAN_POINT ( 'NONE',  ( 40.70957226364449610, 2.940795484734893606, -0.2870804379965601338 ) ) ;
#2598 = EDGE_CURVE ( 'NONE', #5817, #7773, #6799, .T. ) ;
#2597 = CARTESIAN_POINT ( 'NONE',  ( 40.16521180071076458, 3.661733455981939667, -0.06783006277916289739 ) ) ;
#2599 = CARTESIAN_POINT ( 'NONE',  ( 26.38159680544294616, 3.877242633967208363, -2.927467146383452956 ) ) ;
#2600 = CARTESIAN_POINT ( 'NONE',  ( 31.29773790957257518, 3.351684617416649914, -0.4617878673618481256 ) ) ;
#2601 = ORIENTED_EDGE ( 'NONE', *, *, #1122, .F. ) ;
#2602 = EDGE_CURVE ( 'NONE', #7773, #5458, #2959, .T. ) ;
#2603 = DIRECTION ( 'NONE',  ( 1.000000000000000000, -2.999999999999999839E-15, -7.000000000000000150E-15 ) ) ;
#2604 = ORIENTED_EDGE ( 'NONE', *, *, #76, .T. ) ;
#2605 = DIRECTION ( 'NONE',  ( -1.000000000000000000, 2.783159565502880019E-15, 7.000000000000000150E-15 ) ) ;
#2606 = CARTESIAN_POINT ( 'NONE',  ( 38.11878453928508748, 3.202496303544307921, 0.2355499228619953589 ) ) ;
#2607 = LINE ( 'NONE', #5256, #188 ) ;
#2608 = B_SPLINE_CURVE_WITH_KNOTS ( 'NONE', 3,
 ( #8271, #568, #1294, #6363, #3215, #5810 ),
 .UNSPECIFIED., .F., .F.,
 ( 4, 2, 4 ),
 ( 0.000000000000000000, 0.0001422660098657775975, 0.0002845320197315551951 ),
 .UNSPECIFIED. ) ;
#2609 = DIRECTION ( 'NONE',  ( 1.000000000000000000, -2.999999999999999839E-15, -7.000000000000000150E-15 ) ) ;
#2610 = ADVANCED_FACE ( 'NONE', ( #7490 ), #6119, .F. ) ;
#2611 = VERTEX_POINT ( 'NONE', #6164 ) ;
#2612 = CARTESIAN_POINT ( 'NONE',  ( 39.94589931039916308, 3.651054028043940303, 0.2772413222358305340 ) ) ;
#2613 = SURFACE_SIDE_STYLE ('',( #36 ) ) ;
#2614 = DIRECTION ( 'NONE',  ( -1.000000000000000000, 2.999999999999999839E-15, 7.000000000000000150E-15 ) ) ;
#2615 = CARTESIAN_POINT ( 'NONE',  ( 48.59999999999999432, 2.531393742013005266, -1.125000000000000000 ) ) ;
#2616 = EDGE_CURVE ( 'NONE', #4229, #6996, #1695, .T. ) ;
#2617 = CARTESIAN_POINT ( 'NONE',  ( 42.86240283118836203, 3.476199849568354594, 0.07846237257412611021 ) ) ;
#2618 = CARTESIAN_POINT ( 'NONE',  ( 34.50111893992896483, 3.559640528864094211, 0.3726542400499702756 ) ) ;
#2619 = CARTESIAN_POINT ( 'NONE',  ( 29.58491703248250460, 3.624479009764547843, -1.055561162576216017 ) ) ;
#2620 = CARTESIAN_POINT ( 'NONE',  ( 47.09738204415085505, 3.522138767672929216, -0.2954304375119861104 ) ) ;
#2621 = VECTOR ( 'NONE', #7250, 1000.000000000000000 ) ;
#2622 = CARTESIAN_POINT ( 'NONE',  ( 40.94340948602383179, 3.423961406628602600, 0.3954765511325040173 ) ) ;
#2623 = LINE ( 'NONE', #5995, #5183 ) ;
#2624 = CARTESIAN_POINT ( 'NONE',  ( 42.54090169498346086, 2.662062317463582684, -0.5569308911364236891 ) ) ;
#2625 = CIRCLE ( 'NONE', #6952, 0.2000000000000008438 ) ;
#2626 = VECTOR ( 'NONE', #900, 1000.000000000000000 ) ;
#2627 = CARTESIAN_POINT ( 'NONE',  ( 30.89994783366332598, 3.713363360494824406, 0.1023232800367804285 ) ) ;
#2628 = CARTESIAN_POINT ( 'NONE',  ( 48.59999999999999432, 2.381393742013000026, 0.4249999999999999889 ) ) ;
#2629 = VECTOR ( 'NONE', #7341, 1000.000000000000000 ) ;
#2630 = CIRCLE ( 'NONE', #3960, 0.2000000000000001499 ) ;
#2631 = ORIENTED_EDGE ( 'NONE', *, *, #8184, .T. ) ;
#2632 = ORIENTED_EDGE ( 'NONE', *, *, #5333, .F. ) ;
#2633 = FACE_OUTER_BOUND ( 'NONE', #1220, .T. ) ;
#2634 = CARTESIAN_POINT ( 'NONE',  ( 47.97899438332280653, 2.859083044849440203, 0.4224856098540359928 ) ) ;
#2635 = CARTESIAN_POINT ( 'NONE',  ( 34.60756836086619614, 4.070459133245200256, -0.02644616954774038978 ) ) ;
#2636 = AXIS2_PLACEMENT_3D ( 'NONE', #398, #4814, #6866 ) ;
#2637 = CARTESIAN_POINT ( 'NONE',  ( 35.49854513404105205, 3.188563679231969150, -0.4053397139651816472 ) ) ;
#2638 = CARTESIAN_POINT ( 'NONE',  ( 24.56888974960484617, 2.276275192513979473, -4.192274311527142139 ) ) ;
#2639 = CARTESIAN_POINT ( 'NONE',  ( 46.67348841029671291, 3.549371416874809615, 0.1220894337825424170 ) ) ;
#2640 = ORIENTED_EDGE ( 'NONE', *, *, #5293, .F. ) ;
#2641 = CARTESIAN_POINT ( 'NONE',  ( 48.50000000000000000, 1.931393742012995185, 1.824999999999999956 ) ) ;
#2642 = AXIS2_PLACEMENT_3D ( 'NONE', #2825, #7991, #4757 ) ;
#2643 = CARTESIAN_POINT ( 'NONE',  ( 31.50604042024368923, 3.028408063665270156, -0.01707636798362134611 ) ) ;
#2644 = DIRECTION ( 'NONE',  ( 0.8137334712067331166, -0.5812381937190990167, -8.121588750250370773E-15 ) ) ;
#2645 = CARTESIAN_POINT ( 'NONE',  ( 52.10000000000000142, 4.381393742012985371, 0.8249999999999829692 ) ) ;
#2646 = CARTESIAN_POINT ( 'NONE',  ( 45.78541943070504772, 2.861466138237983792, -0.3252017739257861972 ) ) ;
#2647 = ORIENTED_EDGE ( 'NONE', *, *, #8353, .F. ) ;
#2648 = CARTESIAN_POINT ( 'NONE',  ( 43.25492253732147674, 4.049775458144556417, -0.3427776127087468483 ) ) ;
#2649 = DIRECTION ( 'NONE',  ( -0.8200998161168339129, 0.000000000000000000, 0.5722204921226915486 ) ) ;
#2650 = ORIENTED_EDGE ( 'NONE', *, *, #5394, .F. ) ;
#2651 = UNCERTAINTY_MEASURE_WITH_UNIT (LENGTH_MEASURE( 1.000000000000000082E-05 ), #4252, 'distance_accuracy_value', 'NONE');
#2652 = CARTESIAN_POINT ( 'NONE',  ( 48.59999999999999432, 2.381393742013000026, -0.8249999999999999556 ) ) ;
#2653 = CARTESIAN_POINT ( 'NONE',  ( 42.43445227340667714, 3.305472222635720936, -0.4779342002911703413 ) ) ;
#2654 = VECTOR ( 'NONE', #3501, 1000.000000000000000 ) ;
#2655 = EDGE_CURVE ( 'NONE', #3779, #2398, #6747, .T. ) ;
#2656 = CARTESIAN_POINT ( 'NONE',  ( 45.31247721114774407, 3.713614482660338556, 0.1061731512362735497 ) ) ;
#2657 = CARTESIAN_POINT ( 'NONE',  ( 29.58491703248250460, 3.624479009764547843, -1.055561162576216017 ) ) ;
#2658 = CARTESIAN_POINT ( 'NONE',  ( 48.07531098464185249, 3.255874020674801805, -0.4245159932024834548 ) ) ;
#2659 = B_SPLINE_CURVE_WITH_KNOTS ( 'NONE', 3,
 ( #4198, #234, #1003, #2808, #5384, #4019, #2182, #4736, #5980, #7336, #1563, #3471, #6704, #4152, #6748, #959, #3510, #6240 ),
 .UNSPECIFIED., .F., .F.,
 ( 4, 2, 2, 2, 2, 2, 2, 2, 4 ),
 ( 0.02102900256225530631, 0.02372079054736778159, 0.02641257853248025339, 0.03179615450270520394, 0.04256330644315510503, 0.06409761032405490722, 0.09748329868837665724, 0.1141761428705375392, 0.1308689870526984211 ),
 .UNSPECIFIED. ) ;
#2660 = EDGE_CURVE ( 'NONE', #5300, #1719, #2901, .T. ) ;
#2661 = CARTESIAN_POINT ( 'NONE',  ( 32.69854658570662309, 3.661767853901102487, -0.06783208943117578771 ) ) ;
#2662 = CIRCLE ( 'NONE', #8050, 9.750000000000000000 ) ;
#2663 = CARTESIAN_POINT ( 'NONE',  ( 48.59999999999999432, 3.981393742013000114, 0.1250000000000031919 ) ) ;
#2664 = CARTESIAN_POINT ( 'NONE',  ( 29.70037145111915677, 3.213310727179798931, 0.6918293376098715308 ) ) ;
#2665 = CARTESIAN_POINT ( 'NONE',  ( 39.27423502830148294, 3.229947571223544589, -0.8140653903528198843 ) ) ;
#2666 = CARTESIAN_POINT ( 'NONE',  ( 52.44999999999999574, 2.081393742012984660, 1.474999999999973888 ) ) ;
#2667 = CARTESIAN_POINT ( 'NONE',  ( 40.32110328229548202, 2.845878982281818015, -0.04495506329365731718 ) ) ;
#2668 = CARTESIAN_POINT ( 'NONE',  ( 52.20000000000000284, 2.981393742012984571, 1.474999999999978106 ) ) ;
#2669 = CARTESIAN_POINT ( 'NONE',  ( 48.59999999999999432, 4.381393742012995141, 0.8750000000000000000 ) ) ;
#2670 = VERTEX_POINT ( 'NONE', #4338 ) ;
#2671 = EDGE_LOOP ( 'NONE', ( #7038, #6621 ) ) ;
#2672 = CARTESIAN_POINT ( 'NONE',  ( 45.39018537787169549, 3.692882168761288941, 0.1631237060646168191 ) ) ;
#2673 = VERTEX_POINT ( 'NONE', #2983 ) ;
#2674 = CARTESIAN_POINT ( 'NONE',  ( 37.75443661562896125, 3.057763481858819965, 0.3620626263887415930 ) ) ;
#2675 = CARTESIAN_POINT ( 'NONE',  ( 33.63187848229765819, 3.324223817062423425, 0.4053400320341014051 ) ) ;
#2676 = CARTESIAN_POINT ( 'NONE',  ( 48.50000000000000000, 4.531393742012990167, 2.125000000000000000 ) ) ;
#2677 = CARTESIAN_POINT ( 'NONE',  ( 40.35981937420793031, 2.464169820429460867, -0.1978032340102068853 ) ) ;
#2678 = LINE ( 'NONE', #3259, #2563 ) ;
#2679 = ORIENTED_EDGE ( 'NONE', *, *, #365, .T. ) ;
#2681 = ADVANCED_FACE ( 'NONE', ( #2319 ), #6206, .F. ) ;
#2680 = PLANE ( 'NONE',  #3064 ) ;
#2682 = CARTESIAN_POINT ( 'NONE',  ( 35.74589931039976420, 2.781287558493644063, 0.08302774557233674746 ) ) ;
#2683 = DIRECTION ( 'NONE',  ( -0.9998918860475783932, 2.955562780817105814E-15, 0.01470429244188330674 ) ) ;
#2684 = CARTESIAN_POINT ( 'NONE',  ( 51.70000000000000284, 3.981393742012995229, -0.8250000000000160538 ) ) ;
#2685 = EDGE_CURVE ( 'NONE', #3232, #4359, #7094, .T. ) ;
#2686 = CARTESIAN_POINT ( 'NONE',  ( 45.56765270799771628, 2.850433632315959365, -0.2569540498074629475 ) ) ;
#2687 = ORIENTED_EDGE ( 'NONE', *, *, #7354, .T. ) ;
#2688 = CARTESIAN_POINT ( 'NONE',  ( 38.70111893992810792, 3.305472222831886242, -0.4779341995311228719 ) ) ;
#2689 = ADVANCED_FACE ( 'NONE', ( #1141 ), #5355, .T. ) ;
#2690 = DIRECTION ( 'NONE',  ( 2.999999999999999839E-15, 1.000000000000000000, 0.000000000000000000 ) ) ;
#2691 = ORIENTED_EDGE ( 'NONE', *, *, #1583, .F. ) ;
#2692 = CARTESIAN_POINT ( 'NONE',  ( 48.50000000000000000, 2.323658715094035099, 0.8827350269189608856 ) ) ;
#2693 = DIRECTION ( 'NONE',  ( -1.000000000000000000, 2.999999999999999839E-15, 7.000000000000000150E-15 ) ) ;
#2694 = VECTOR ( 'NONE', #3696, 1000.000000000000000 ) ;
#2695 = CARTESIAN_POINT ( 'NONE',  ( 45.49570644859682744, 2.578414340587581677, 0.4159401623494688449 ) ) ;
#2696 = CARTESIAN_POINT ( 'NONE',  ( 34.92906951465712950, 3.467301381651819003, -0.09994508475211449916 ) ) ;
#2697 = CARTESIAN_POINT ( 'NONE',  ( 31.42326618219317069, 3.028476452294725618, 0.01482580563467404515 ) ) ;
#2698 = CARTESIAN_POINT ( 'NONE',  ( 31.15148475036799880, 3.647392202394325267, 0.2389132818767956967 ) ) ;
#2699 = ADVANCED_FACE ( 'NONE', ( #2392 ), #2429, .F. ) ;
#2700 = CARTESIAN_POINT ( 'NONE',  ( 46.82317342642996039, 3.439744536586724521, -0.6123345544546273667 ) ) ;
#2701 = CARTESIAN_POINT ( 'NONE',  ( 37.59854513404338405, 3.163943755689396120, 0.4004425066836993508 ) ) ;
#2702 = CARTESIAN_POINT ( 'NONE',  ( 52.10000000000000142, 0.4213937420129870159, 0.8249999999999710898 ) ) ;
#2703 = CARTESIAN_POINT ( 'NONE',  ( 38.80756836163021717, 2.662062317465927919, -0.5569308911619621494 ) ) ;
#2704 = DIRECTION ( 'NONE',  ( 2.999999999999999839E-15, 1.000000000000000000, 2.999999999999999839E-15 ) ) ;
#2705 = CARTESIAN_POINT ( 'NONE',  ( 42.49854513404306999, 3.590975299791984376, 0.2386553630612588683 ) ) ;
#2706 = CARTESIAN_POINT ( 'NONE',  ( 29.52572719006993296, 3.288010611271038108, -0.8337665703337679979 ) ) ;
#2707 = DIRECTION ( 'NONE',  ( 0.7745966692414859578, -0.4472135954999604257, 0.4472135954999509333 ) ) ;
#2708 = EDGE_CURVE ( 'NONE', #7965, #2511, #6910, .T. ) ;
#2709 = ORIENTED_EDGE ( 'NONE', *, *, #3686, .F. ) ;
#2710 = ORIENTED_EDGE ( 'NONE', *, *, #1842, .T. ) ;
#2711 = FACE_OUTER_BOUND ( 'NONE', #808, .T. ) ;
#2712 = CARTESIAN_POINT ( 'NONE',  ( 47.96815109369813257, 3.660040562395990182, 0.4215907175353318381 ) ) ;
#2713 = ORIENTED_EDGE ( 'NONE', *, *, #8346, .T. ) ;
#2714 = PLANE ( 'NONE',  #4507 ) ;
#2715 = STYLED_ITEM ( 'NONE', ( #3538 ), #4476 ) ;
#2716 = DIRECTION ( 'NONE',  ( -0.5999999999999999778, -7.301042606982972016E-16, 0.8000000000000000444 ) ) ;
#2717 = CARTESIAN_POINT ( 'NONE',  ( 32.89315395389318297, 2.464169108589141732, -0.1978027210076002129 ) ) ;
#2718 = CARTESIAN_POINT ( 'NONE',  ( 47.83804637435414975, 3.265991128528875631, 0.4159977699012602503 ) ) ;
#2719 = CARTESIAN_POINT ( 'NONE',  ( 47.21832542942141231, 3.773281602693540293, 0.7122486377224983567 ) ) ;
#2720 = AXIS2_PLACEMENT_3D ( 'NONE', #728, #1423, #4727 ) ;
#2721 = ORIENTED_EDGE ( 'NONE', *, *, #3366, .T. ) ;
#2722 = CARTESIAN_POINT ( 'NONE',  ( 48.59999999999999432, 2.531393742012999937, -0.1250000000000000000 ) ) ;
#2723 = SHAPE_DEFINITION_REPRESENTATION ( #3809, #1912 ) ;
#2724 = CARTESIAN_POINT ( 'NONE',  ( 34.96778560659643631, 3.207315261193249611, 0.4779341995365233298 ) ) ;
#2725 = CARTESIAN_POINT ( 'NONE',  ( 47.95195805264940958, 3.252434838328307265, -0.4212970506570909990 ) ) ;
#2726 = FACE_OUTER_BOUND ( 'NONE', #5863, .T. ) ;
#2727 = DIRECTION ( 'NONE',  ( 0.000000000000000000, -2.212657494868376503E-17, -1.000000000000000000 ) ) ;
#2728 = ORIENTED_EDGE ( 'NONE', *, *, #7594, .T. ) ;
#2729 = CARTESIAN_POINT ( 'NONE',  ( 42.78825587143582254, 3.575018956333255282, -0.8033859625925674486 ) ) ;
#2730 = EDGE_CURVE ( 'NONE', #430, #8278, #5395, .T. ) ;
#2731 = CARTESIAN_POINT ( 'NONE',  ( 45.53227765311667952, 3.599172987953623171, -0.2106839993873081962 ) ) ;
#2732 = EDGE_LOOP ( 'NONE', ( #5548, #2107, #7434, #6332 ) ) ;
#2733 = DIRECTION ( 'NONE',  ( 7.000000000000000150E-15, -2.999999999999999839E-15, 1.000000000000000000 ) ) ;
#2734 = UNCERTAINTY_MEASURE_WITH_UNIT (LENGTH_MEASURE( 1.000000000000000082E-05 ), #4740, 'distance_accuracy_value', 'NONE');
#2735 = CARTESIAN_POINT ( 'NONE',  ( 43.67923260807279462, 3.651054012432117357, 0.2772413507655533405 ) ) ;
#2736 = CARTESIAN_POINT ( 'NONE',  ( 38.66240284799588522, 3.467301381642630353, -0.09994508474512202312 ) ) ;
#2737 = CARTESIAN_POINT ( 'NONE',  ( 38.54589931039898687, 3.339421487553698942, 0.4751061834967835185 ) ) ;
#2738 = CARTESIAN_POINT ( 'NONE',  ( 29.86051824256675502, 3.550189380336631562, -0.09189591660180565502 ) ) ;
#2739 = CARTESIAN_POINT ( 'NONE',  ( 46.58018908645584588, 2.951877934492536326, -0.5119121207760302106 ) ) ;
#2740 = LINE ( 'NONE', #5310, #4636 ) ;
#2741 = CARTESIAN_POINT ( 'NONE',  ( 43.85618861064198626, 3.253007726351151430, -0.1092140015766462080 ) ) ;
#2742 = PRODUCT_DEFINITION_SHAPE ( 'NONE', 'NONE',  #1264 ) ;
#2743 = DIRECTION ( 'NONE',  ( 1.000000000000000000, 0.000000000000000000, -7.000000000000000150E-15 ) ) ;
#2744 = FACE_OUTER_BOUND ( 'NONE', #448, .T. ) ;
#2745 = CARTESIAN_POINT ( 'NONE',  ( 42.69315270826582775, 2.836074841863143181, -0.7000549141176934942 ) ) ;
#2746 = LINE ( 'NONE', #6556, #4392 ) ;
#2747 = CARTESIAN_POINT ( 'NONE',  ( 37.13187846737672970, 3.038610142316702234, -0.3485276241935704733 ) ) ;
#2748 = CARTESIAN_POINT ( 'NONE',  ( 31.29773790957258228, 3.161102866609445616, 0.4617878673620931518 ) ) ;
#2749 = CARTESIAN_POINT ( 'NONE',  ( 48.70000000000001705, 3.256393742012988035, 0.6250000000000001110 ) ) ;
#2750 = PRODUCT_RELATED_PRODUCT_CATEGORY ( 'part', '', ( #2541 ) ) ;
#2751 = ORIENTED_EDGE ( 'NONE', *, *, #4089, .T. ) ;
#2752 = CLOSED_SHELL ( 'NONE', ( #5772, #7825, #6179, #4708, #953, #2689, #8309, #1942, #1486, #1732, #3565, #3602, #1822, #4805 ) ) ;
#2753 = VECTOR ( 'NONE', #6236, 1000.000000000000000 ) ;
#2754 = CARTESIAN_POINT ( 'NONE',  ( 47.08617783738731077, 3.828996506879138284, 0.6565995652822318451 ) ) ;
#2755 = EDGE_LOOP ( 'NONE', ( #8107, #4297, #2710, #5966, #7620 ) ) ;
#2756 = CYLINDRICAL_SURFACE ( 'NONE', #945, 0.1999999999999996225 ) ;
#2757 = VECTOR ( 'NONE', #3229, 999.9999999999998863 ) ;
#2758 = EDGE_CURVE ( 'NONE', #308, #2144, #489, .T. ) ;
#2759 = CARTESIAN_POINT ( 'NONE',  ( 38.41454879404545864, 4.098090787861088380, 0.1080213196567874206 ) ) ;
#2760 = VECTOR ( 'NONE', #6929, 1000.000000000000000 ) ;
#2761 = EDGE_CURVE ( 'NONE', #7552, #7538, #441, .T. ) ;
#2762 = CARTESIAN_POINT ( 'NONE',  ( 51.70000000000000284, 4.381393742012989811, -0.4250000000000139777 ) ) ;
#2763 = EDGE_LOOP ( 'NONE', ( #336, #1076, #8371, #8173 ) ) ;
#2764 = MECHANICAL_DESIGN_GEOMETRIC_PRESENTATION_REPRESENTATION (  '', ( #5612 ), #5881 ) ;
#2765 = LINE ( 'NONE', #6654, #3955 ) ;
#2766 =( BOUNDED_SURFACE ( )  B_SPLINE_SURFACE ( 3, 3, ( 
 ( #7427, #5295, #1516, #6616, #2725, #7893, #4059, #2268, #5381, #2099, #8058, #4824, #7291, #776, #2768, #4651, #4016, #913 ),
 ( #3978, #4734, #6105, #6657, #1607, #3507, #3385, #6578, #5342, #865, #3347, #3426, #183, #957, #7253, #314, #7332, #7934 ),
 ( #148, #2140, #5425, #6025, #4692, #1471, #271, #2806, #6702, #1559, #231, #2884, #7969, #2178, #4109, #3467, #8008, #6063 ),
 ( #2845, #2221, #4780, #7384, #4149, #6743, #5675, #4426, #6985, #3089, #8256, #7024, #5192, #5025, #4467, #7109, #1322, #7064 ),
 ( #4389, #4350, #7629, #2499, #635, #5797, #6351, #7755, #6392, #5067, #7, #7673, #2459, #1156, #2580, #557, #5835, #3713 ),
 ( #1237, #3877, #5718, #3126, #5152, #3791, #1837, #6936, #3165, #8298, #594, #5759, #6470, #8342, #7714, #6310, #670, #43 ),
 ( #1920, #2538, #3243, #5111, #4709, #3325, #6509, #4034, #1532, #4076, #7144, #7911, #204, #7834, #5269, #6594, #7269, #2117 ) ),
 .UNSPECIFIED., .T., .F., .F. ) 
 B_SPLINE_SURFACE_WITH_KNOTS ( ( 4, 3, 4 ),
 ( 4, 2, 2, 2, 2, 2, 2, 2, 4 ),
 ( 0.000000000000000000, 0.5000000000000000000, 1.000000000000000000 ),
 ( 0.02102900256225530631, 0.02372079054736778159, 0.02641257853248025339, 0.03179615450270520394, 0.04256330644315510503, 0.06409761032405490722, 0.09748329868837665724, 0.1141761428705375392, 0.1308689870526984211 ),
 .UNSPECIFIED. ) 
 GEOMETRIC_REPRESENTATION_ITEM ( )  RATIONAL_B_SPLINE_SURFACE ( (
 ( 1.000000000000000000, 1.000000000000000000, 1.000000000000000000, 1.000000000000000000, 1.000000000000000000, 1.000000000000000000, 1.000000000000000000, 1.000000000000000000, 1.000000000000000000, 1.000000000000000000, 1.000000000000000000, 1.000000000000000000, 1.000000000000000000, 1.000000000000000000, 1.000000000000000000, 1.000000000000000000, 1.000000000000000000, 1.000000000000000000),
 ( 0.3333333333333333703, 0.3333333333333333703, 0.3333333333333333703, 0.3333333333333333703, 0.3333333333333333703, 0.3333333333333333703, 0.3333333333333333703, 0.3333333333333333703, 0.3333333333333333703, 0.3333333333333333703, 0.3333333333333333703, 0.3333333333333333703, 0.3333333333333333703, 0.3333333333333333703, 0.3333333333333333703, 0.3333333333333333703, 0.3333333333333333703, 0.3333333333333333703),
 ( 0.3333333333333333703, 0.3333333333333333703, 0.3333333333333333703, 0.3333333333333333703, 0.3333333333333333703, 0.3333333333333333703, 0.3333333333333333703, 0.3333333333333333703, 0.3333333333333333703, 0.3333333333333333703, 0.3333333333333333703, 0.3333333333333333703, 0.3333333333333333703, 0.3333333333333333703, 0.3333333333333333703, 0.3333333333333333703, 0.3333333333333333703, 0.3333333333333333703),
 ( 1.000000000000000000, 1.000000000000000000, 1.000000000000000000, 1.000000000000000000, 1.000000000000000000, 1.000000000000000000, 1.000000000000000000, 1.000000000000000000, 1.000000000000000000, 1.000000000000000000, 1.000000000000000000, 1.000000000000000000, 1.000000000000000000, 1.000000000000000000, 1.000000000000000000, 1.000000000000000000, 1.000000000000000000, 1.000000000000000000),
 ( 0.3333333333333333703, 0.3333333333333333703, 0.3333333333333333703, 0.3333333333333333703, 0.3333333333333333703, 0.3333333333333333703, 0.3333333333333333703, 0.3333333333333333703, 0.3333333333333333703, 0.3333333333333333703, 0.3333333333333333703, 0.3333333333333333703, 0.3333333333333333703, 0.3333333333333333703, 0.3333333333333333703, 0.3333333333333333703, 0.3333333333333333703, 0.3333333333333333703),
 ( 0.3333333333333333703, 0.3333333333333333703, 0.3333333333333333703, 0.3333333333333333703, 0.3333333333333333703, 0.3333333333333333703, 0.3333333333333333703, 0.3333333333333333703, 0.3333333333333333703, 0.3333333333333333703, 0.3333333333333333703, 0.3333333333333333703, 0.3333333333333333703, 0.3333333333333333703, 0.3333333333333333703, 0.3333333333333333703, 0.3333333333333333703, 0.3333333333333333703),
 ( 1.000000000000000000, 1.000000000000000000, 1.000000000000000000, 1.000000000000000000, 1.000000000000000000, 1.000000000000000000, 1.000000000000000000, 1.000000000000000000, 1.000000000000000000, 1.000000000000000000, 1.000000000000000000, 1.000000000000000000, 1.000000000000000000, 1.000000000000000000, 1.000000000000000000, 1.000000000000000000, 1.000000000000000000, 1.000000000000000000) ) ) 
 REPRESENTATION_ITEM ( '' )  SURFACE ( )  );
#2767 = CARTESIAN_POINT ( 'NONE',  ( 43.87317348622793389, 2.571431496593846511, -0.5254983801970691815 ) ) ;
#2768 = CARTESIAN_POINT ( 'NONE',  ( 45.88770661132601703, 2.875472838586447200, 0.06163579886229433868 ) ) ;
#2769 = CARTESIAN_POINT ( 'NONE',  ( 48.70000000000000284, 2.531393742012999937, 0.4249999999999999889 ) ) ;
#2770 = CARTESIAN_POINT ( 'NONE',  ( 48.70000000000000284, 2.381393742013000026, 0.4249999999999999889 ) ) ;
#2771 = EDGE_LOOP ( 'NONE', ( #407, #1124, #6435, #5521 ) ) ;
#2772 = CARTESIAN_POINT ( 'NONE',  ( 47.83804637435414975, 3.265991128528875631, 0.4159977699012602503 ) ) ;
#2773 =( GEOMETRIC_REPRESENTATION_CONTEXT ( 3 ) GLOBAL_UNCERTAINTY_ASSIGNED_CONTEXT ( ( #5947 ) ) GLOBAL_UNIT_ASSIGNED_CONTEXT ( ( #3642, #444, #8235 ) ) REPRESENTATION_CONTEXT ( 'NONE', 'WORKASPACE' ) );
#2774 = CARTESIAN_POINT ( 'NONE',  ( 31.68905017659830037, 3.370769151286080234, 0.3842674699572761199 ) ) ;
#2775 = ORIENTED_EDGE ( 'NONE', *, *, #1600, .T. ) ;
#2776 = CARTESIAN_POINT ( 'NONE',  ( 52.10000000000000142, 2.081393742012989989, 0.4499999999999759748 ) ) ;
#2777 = CARTESIAN_POINT ( 'NONE',  ( 41.42325718064624596, 2.757641064093760086, 0.007962229535707283576 ) ) ;
#2778 = CARTESIAN_POINT ( 'NONE',  ( 32.05209292088722606, 3.384855642377226914, 0.2046941163486172832 ) ) ;
#2779 = CIRCLE ( 'NONE', #1723, 0.2000000000000001499 ) ;
#2780 = CARTESIAN_POINT ( 'NONE',  ( 39.63445227326391773, 2.778459542472826893, -0.04907848081833603854 ) ) ;
#2781 = CARTESIAN_POINT ( 'NONE',  ( 30.40649478394737315, 3.705831218681598038, -0.3265598408097679650 ) ) ;
#2782 = CARTESIAN_POINT ( 'NONE',  ( 47.64022834722366184, 2.825180578719279190, -0.3954979900233501766 ) ) ;
#2783 = CARTESIAN_POINT ( 'NONE',  ( 39.65618857310929002, 3.176773577010654215, -0.07483169100070058422 ) ) ;
#2784 = DIRECTION ( 'NONE',  ( 1.734723475976807094E-17, 1.000000000000000000, -2.775557561562891043E-17 ) ) ;
#2785 = CARTESIAN_POINT ( 'NONE',  ( 29.13206419026852245, 2.682621547816276042, 0.9668756393416930717 ) ) ;
#2786 = CARTESIAN_POINT ( 'NONE',  ( 35.78825587135614938, 4.049775453567933781, -0.3427776123665425279 ) ) ;
#2787 = CARTESIAN_POINT ( 'NONE',  ( 34.09854513467972481, 3.495049117955309370, -0.3345815717126813804 ) ) ;
#2788 = CARTESIAN_POINT ( 'NONE',  ( 30.95894478463011623, 3.511530574905549429, -0.2883637331980967167 ) ) ;
#2789 = LINE ( 'NONE', #2165, #7987 ) ;
#2790 = VECTOR ( 'NONE', #5158, 1000.000000000000000 ) ;
#2791 = VERTEX_POINT ( 'NONE', #362 ) ;
#2792 = EDGE_LOOP ( 'NONE', ( #873, #8313 ) ) ;
#2793 = CARTESIAN_POINT ( 'NONE',  ( 46.43544663659794480, 3.988514670526531525, 0.05834950790925427788 ) ) ;
#2794 = EDGE_CURVE ( 'NONE', #2934, #235, #7964, .T. ) ;
#2795 = CARTESIAN_POINT ( 'NONE',  ( 52.44999999999999574, 2.081393742012984660, 1.474999999999973888 ) ) ;
#2796 = ORIENTED_EDGE ( 'NONE', *, *, #8062, .T. ) ;
#2797 = CARTESIAN_POINT ( 'NONE',  ( 31.41595238962310077, 2.980402538908984766, -0.3239227492340394643 ) ) ;
#2798 = DIRECTION ( 'NONE',  ( -7.000000000000000938E-15, 2.891205793294679411E-15, -1.000000000000000000 ) ) ;
#2799 = ADVANCED_FACE ( 'NONE', ( #8103 ), #3678, .F. ) ;
#2800 = VERTEX_POINT ( 'NONE', #4192 ) ;
#2801 = LINE ( 'NONE', #8003, #3320 ) ;
#2802 = VERTEX_POINT ( 'NONE', #6870 ) ;
#2803 = EDGE_CURVE ( 'NONE', #6563, #4688, #8140, .T. ) ;
#2804 = DIRECTION ( 'NONE',  ( 2.999999999999999839E-15, 1.000000000000000000, 2.999999999999999839E-15 ) ) ;
#2805 = CARTESIAN_POINT ( 'NONE',  ( 35.27923264373134771, 2.979152419779985461, 0.3946602860348565889 ) ) ;
#2806 = CARTESIAN_POINT ( 'NONE',  ( 47.46740981953973915, 3.613379783739760320, -0.7843088725289436569 ) ) ;
#2807 = FACE_OUTER_BOUND ( 'NONE', #1302, .T. ) ;
#2808 = CARTESIAN_POINT ( 'NONE',  ( 47.97980380562329117, 3.259070069266385872, 0.8224978157140173662 ) ) ;
#2809 = EDGE_LOOP ( 'NONE', ( #3454, #652, #7937, #6454 ) ) ;
#2810 = CARTESIAN_POINT ( 'NONE',  ( 1.022580077288039907E-15, 5.000000000000000888, 8.349999999999999645 ) ) ;
#2811 = ORIENTED_EDGE ( 'NONE', *, *, #679, .F. ) ;
#2812 = CARTESIAN_POINT ( 'NONE',  ( 40.32110328229548202, 2.845878982281818015, -0.04495506329365731718 ) ) ;
#2813 = DIRECTION ( 'NONE',  ( 0.000000000000000000, -2.891205793294679017E-15, 1.000000000000000000 ) ) ;
#2814 = CARTESIAN_POINT ( 'NONE',  ( 34.03445227321547861, 2.778459542545617555, -0.04907848086734052651 ) ) ;
#2815 = CARTESIAN_POINT ( 'NONE',  ( 39.94589931039916308, 3.651054028043940303, 0.2772413222358305340 ) ) ;
#2816 = DIRECTION ( 'NONE',  ( -7.000000000000000150E-15, 2.999999999999999839E-15, -1.000000000000000000 ) ) ;
#2817 = CARTESIAN_POINT ( 'NONE',  ( 47.99256644436110975, 2.853907534492977849, -0.8226767148871756419 ) ) ;
#2818 = DIRECTION ( 'NONE',  ( -1.000000000000000000, 2.999999999999999839E-15, 0.000000000000000000 ) ) ;
#2819 = CARTESIAN_POINT ( 'NONE',  ( 36.08238719037510123, 3.200470427702837739, -0.09666058148524908633 ) ) ;
#2820 = VECTOR ( 'NONE', #2194, 1000.000000000000000 ) ;
#2821 = CARTESIAN_POINT ( 'NONE',  ( 48.59999999999999432, 2.381393742013000026, -0.8249999999999999556 ) ) ;
#2822 = DIRECTION ( 'NONE',  ( -7.000000000000000150E-15, 2.999999999999999839E-15, -1.000000000000000000 ) ) ;
#2823 = AXIS2_PLACEMENT_3D ( 'NONE', #66, #2603, #734 ) ;
#2824 = CARTESIAN_POINT ( 'NONE',  ( 51.70000000000000284, 0.4213937420129880151, 0.8249999999999739764 ) ) ;
#2825 = CARTESIAN_POINT ( 'NONE',  ( 10.00000000000000000, 4.400000000000001243, 0.000000000000000000 ) ) ;
#2826 = CARTESIAN_POINT ( 'NONE',  ( 32.69854658570662309, 2.851019630124985049, 0.06783208943140121849 ) ) ;
#2827 = CARTESIAN_POINT ( 'NONE',  ( 31.22732536100870604, 3.351853214998308239, 0.8266457221514843523 ) ) ;
#2828 = PLANE ( 'NONE',  #150 ) ;
#2829 = AXIS2_PLACEMENT_3D ( 'NONE', #3599, #6193, #402 ) ;
#2830 =( NAMED_UNIT ( * ) PLANE_ANGLE_UNIT ( ) SI_UNIT ( $, .RADIAN. ) );
#2831 = ORIENTED_EDGE ( 'NONE', *, *, #2957, .F. ) ;
#2832 = VERTEX_POINT ( 'NONE', #3639 ) ;
#2833 = ADVANCED_FACE ( 'NONE', ( #7474 ), #1172, .T. ) ;
#2834 = CARTESIAN_POINT ( 'NONE',  ( 45.91549958635545181, 4.036323249996392803, -0.06849891304418591342 ) ) ;
#2835 = CARTESIAN_POINT ( 'NONE',  ( 25.00664974782751315, 1.727156155566249351, 3.912867889058051496 ) ) ;
#2836 = ORIENTED_EDGE ( 'NONE', *, *, #2009, .T. ) ;
#2837 = CARTESIAN_POINT ( 'NONE',  ( 48.59999999999999432, 3.981393742013000114, -1.125000000000000000 ) ) ;
#2838 =( NAMED_UNIT ( * ) PLANE_ANGLE_UNIT ( ) SI_UNIT ( $, .RADIAN. ) );
#2839 = VERTEX_POINT ( 'NONE', #6281 ) ;
#2840 = DIRECTION ( 'NONE',  ( 2.999999999999999839E-15, 1.000000000000000000, 2.999999999999999839E-15 ) ) ;
#2841 = EDGE_LOOP ( 'NONE', ( #5898, #7278, #5981, #6096 ) ) ;
#2842 = LINE ( 'NONE', #2097, #4627 ) ;
#2843 = MECHANICAL_DESIGN_GEOMETRIC_PRESENTATION_REPRESENTATION (  '', ( #2715 ), #1656 ) ;
#2844 = CARTESIAN_POINT ( 'NONE',  ( 34.50111893992896483, 3.559640528864094211, 0.3726542400499702756 ) ) ;
#2845 = CARTESIAN_POINT ( 'NONE',  ( 48.16494492839985497, 3.256393742013003134, -0.8249999999999988454 ) ) ;
#2846 = CARTESIAN_POINT ( 'NONE',  ( 24.57119242451776842, 1.515012892304982817, -4.190667631767485801 ) ) ;
#2847 = AXIS2_PLACEMENT_3D ( 'NONE', #3163, #5066, #2416 ) ;
#2848 = DIRECTION ( 'NONE',  ( 7.000000000000000150E-15, -2.999999999999999839E-15, 1.000000000000000000 ) ) ;
#2849 = ORIENTED_EDGE ( 'NONE', *, *, #7594, .F. ) ;
#2850 = LINE ( 'NONE', #1566, #3227 ) ;
#2851 = CARTESIAN_POINT ( 'NONE',  ( 32.07632621439920939, 3.111992644607818104, 0.4010631918969244647 ) ) ;
#2852 = CARTESIAN_POINT ( 'NONE',  ( 52.10000000000000142, 4.381393742012985371, 0.8249999999999829692 ) ) ;
#2853 = CARTESIAN_POINT ( 'NONE',  ( 39.16778560659479780, 3.629047982054676158, -0.3032467868437227487 ) ) ;
#2854 = CARTESIAN_POINT ( 'NONE',  ( 44.05443621027013279, 3.666905103311934422, 0.04495295524815948879 ) ) ;
#2855 = CARTESIAN_POINT ( 'NONE',  ( 39.01256597706824891, 3.533635064248379365, -0.3946602860395719836 ) ) ;
#2856 = CARTESIAN_POINT ( 'NONE',  ( 41.23369441456900120, 3.952816099413878792, -0.5668946090334249233 ) ) ;
#2857 = LINE ( 'NONE', #8154, #6606 ) ;
#2858 = CARTESIAN_POINT ( 'NONE',  ( 47.08617783738729656, 2.683790977146862655, -0.6565995652822078643 ) ) ;
#2859 = EDGE_CURVE ( 'NONE', #5422, #4412, #4962, .T. ) ;
#2860 = CARTESIAN_POINT ( 'NONE',  ( 48.54803847577289844, 2.501393742012994803, 0.8549999999999999822 ) ) ;
#2861 = CARTESIAN_POINT ( 'NONE',  ( 38.88238719036019830, 3.159733160546580155, 0.05592331431742517817 ) ) ;
#2862 = EDGE_CURVE ( 'NONE', #6567, #6211, #4360, .T. ) ;
#2863 = LINE ( 'NONE', #5444, #3520 ) ;
#2864 = CARTESIAN_POINT ( 'NONE',  ( 29.58904212959418345, 2.663859782915342755, 0.6155707580549500957 ) ) ;
#2865 = CARTESIAN_POINT ( 'NONE',  ( 43.89854515320821804, 3.661733471593864309, -0.06783008095322833053 ) ) ;
#2866 = CARTESIAN_POINT ( 'NONE',  ( 44.48234321966224769, 3.352990640134524636, -0.05593924479905708347 ) ) ;
#2867 = CARTESIAN_POINT ( 'NONE',  ( 44.86633296762270362, 3.144016178717067955, -0.009749220967956580622 ) ) ;
#2868 = CARTESIAN_POINT ( 'NONE',  ( 31.05621875558350808, 3.284893369205976743, 0.4067556419919712840 ) ) ;
#2869 = CARTESIAN_POINT ( 'NONE',  ( 29.37041205382674391, 2.677449584574592478, 0.7918155573476504117 ) ) ;
#2870 = ORIENTED_EDGE ( 'NONE', *, *, #7640, .T. ) ;
#2871 = VERTEX_POINT ( 'NONE', #1679 ) ;
#2872 = CARTESIAN_POINT ( 'NONE',  ( 51.35000000000000142, 1.831393742012995096, -0.4500000000000189404 ) ) ;
#2873 = CARTESIAN_POINT ( 'NONE',  ( 24.95184647626381391, 1.727156155566248241, 3.925068195530910131 ) ) ;
#2874 = ORIENTED_EDGE ( 'NONE', *, *, #7155, .T. ) ;
#2875 = DIRECTION ( 'NONE',  ( -2.196152422706720170E-15, 1.000000000000000000, 0.000000000000000000 ) ) ;
#2876 = CARTESIAN_POINT ( 'NONE',  ( 34.14090167526322261, 3.813324670559982366, -0.5943314183275281160 ) ) ;
#2877 = AXIS2_PLACEMENT_3D ( 'NONE', #2594, #8314, #4520 ) ;
#2878 = ORIENTED_EDGE ( 'NONE', *, *, #3627, .F. ) ;
#2879 = CARTESIAN_POINT ( 'NONE',  ( 52.10000000000000142, 2.081393742012989989, 0.4499999999999759748 ) ) ;
#2880 = ORIENTED_EDGE ( 'NONE', *, *, #7093, .F. ) ;
#2881 = CARTESIAN_POINT ( 'NONE',  ( 43.12110328040322571, 3.211438688149710785, 0.4105147440244247825 ) ) ;
#2882 = CARTESIAN_POINT ( 'NONE',  ( 52.44999999999999574, 2.081393742012989989, -0.9500000000000260458 ) ) ;
#2883 = CARTESIAN_POINT ( 'NONE',  ( 43.47423503064094064, 2.699462848148655336, 0.5943314269699407904 ) ) ;
#2884 = CARTESIAN_POINT ( 'NONE',  ( 46.50817178127520179, 3.347310097800569650, -0.5092450837515662965 ) ) ;
#2885 = PLANE ( 'NONE',  #289 ) ;
#2886 = AXIS2_PLACEMENT_3D ( 'NONE', #4905, #5868, #7787 ) ;
#2887 = AXIS2_PLACEMENT_3D ( 'NONE', #7798, #2037, #2743 ) ;
#2888 = DIRECTION ( 'NONE',  ( -1.000000000000000000, 0.000000000000000000, -6.982962677686267499E-15 ) ) ;
#2889 = VECTOR ( 'NONE', #7437, 1000.000000000000000 ) ;
#2890 = ORIENTED_EDGE ( 'NONE', *, *, #648, .F. ) ;
#2891 = CARTESIAN_POINT ( 'NONE',  ( 52.20000000000000284, 1.631393742012984927, 1.474999999999973888 ) ) ;
#2892 = ORIENTED_EDGE ( 'NONE', *, *, #7791, .F. ) ;
#2893 = CARTESIAN_POINT ( 'NONE',  ( 48.70000000000000284, 2.531393742012999937, -0.1250000000000019984 ) ) ;
#2894 = CARTESIAN_POINT ( 'NONE',  ( 37.75443661562895414, 3.455024002167236929, -0.3620626263885869389 ) ) ;
#2895 = VERTEX_POINT ( 'NONE', #2882 ) ;
#2896 = LINE ( 'NONE', #6161, #1697 ) ;
#2897 = CARTESIAN_POINT ( 'NONE',  ( 35.90111893992993686, 3.734327941530988237, 0.04907848082127060779 ) ) ;
#2898 = CARTESIAN_POINT ( 'NONE',  ( 39.27423502830148294, 3.229947571223544589, -0.8140653903528198843 ) ) ;
#2899 = CARTESIAN_POINT ( 'NONE',  ( 40.53369441455451039, 3.513626770271350175, 0.8603515367666015878 ) ) ;
#2900 = CARTESIAN_POINT ( 'NONE',  ( 38.58825587131533297, 3.599171354312216575, 0.7933817115859977953 ) ) ;
#2901 = LINE ( 'NONE', #8113, #4164 ) ;
#2902 = CARTESIAN_POINT ( 'NONE',  ( 45.43093899030910876, 2.426618678250774597, -0.1025864099607580460 ) ) ;
#2903 = CARTESIAN_POINT ( 'NONE',  ( 48.70000000000000284, 3.981393742013000114, 0.3750000000000054956 ) ) ;
#2904 = VERTEX_POINT ( 'NONE', #3058 ) ;
#2905 = CARTESIAN_POINT ( 'NONE',  ( 44.10354297722633987, 3.079670827471908900, 0.1568297336874766301 ) ) ;
#2906 = PLANE ( 'NONE',  #404 ) ;
#2907 = EDGE_CURVE ( 'NONE', #393, #586, #2166, .T. ) ;
#2908 = LINE ( 'NONE', #7947, #5051 ) ;
#2909 = CARTESIAN_POINT ( 'NONE',  ( 42.03187846737969835, 2.851054028043188193, 0.06783006277908439074 ) ) ;
#2910 = VECTOR ( 'NONE', #991, 1000.000000000000000 ) ;
#2911 = CARTESIAN_POINT ( 'NONE',  ( 42.03187846737969835, 2.851054028043188193, 0.06783006277908439074 ) ) ;
#2912 = CARTESIAN_POINT ( 'NONE',  ( 31.76541706525373598, 3.319972528461555328, 0.3974505745560665271 ) ) ;
#2913 = CARTESIAN_POINT ( 'NONE',  ( 29.46975882908344957, 3.509336706353816560, -0.4410729503375781513 ) ) ;
#2914 = ADVANCED_FACE ( 'NONE', ( #8056 ), #6829, .T. ) ;
#2915 = CARTESIAN_POINT ( 'NONE',  ( 31.65018054380153600, 3.033308633592069370, -0.7573217578936298766 ) ) ;
#2916 = VERTEX_POINT ( 'NONE', #7521 ) ;
#2917 = ORIENTED_EDGE ( 'NONE', *, *, #5385, .T. ) ;
#2918 = DIRECTION ( 'NONE',  ( -0.5620479482407562122, -1.320678798138523321E-17, -0.8271046511042942084 ) ) ;
#2919 = VERTEX_POINT ( 'NONE', #1728 ) ;
#2920 = CARTESIAN_POINT ( 'NONE',  ( 52.29999999999999716, 3.381393742012984927, 0.7999999999999789502 ) ) ;
#2921 = FACE_OUTER_BOUND ( 'NONE', #2763, .T. ) ;
#2922 = SPHERICAL_SURFACE ( 'NONE', #7906, 0.2999999999999999889 ) ;
#2923 = ADVANCED_FACE ( 'NONE', ( #5040, #3806 ), #683, .T. ) ;
#2924 = CARTESIAN_POINT ( 'NONE',  ( 48.06954615951741516, 3.255842604746482571, -0.8244864296338874077 ) ) ;
#2925 = EDGE_LOOP ( 'NONE', ( #3587, #6191, #3498, #5374 ) ) ;
#2926 = CARTESIAN_POINT ( 'NONE',  ( 32.85443694365472567, 2.845879122557499752, -0.04495457197404910399 ) ) ;
#2927 = DIRECTION ( 'NONE',  ( 0.3022482188480728471, -0.8491185186067461421, 0.4331786647126706358 ) ) ;
#2928 = CARTESIAN_POINT ( 'NONE',  ( 36.56106315531099682, 2.720016893651292733, -0.7184866592988723433 ) ) ;
#2929 = CARTESIAN_POINT ( 'NONE',  ( 27.41080196118424794, 3.849061285364872464, -2.697089969102350437 ) ) ;
#2930 = CARTESIAN_POINT ( 'NONE',  ( 29.81965475162988355, 2.873719732422852058, 0.8663271453269695277 ) ) ;
#2931 = EDGE_CURVE ( 'NONE', #7890, #6160, #6446, .T. ) ;
#2932 = ORIENTED_EDGE ( 'NONE', *, *, #8069, .T. ) ;
#2933 = CARTESIAN_POINT ( 'NONE',  ( 46.00343750593334136, 3.629393801038190759, -0.03211500539742238175 ) ) ;
#2934 = VERTEX_POINT ( 'NONE', #3888 ) ;
#2935 = DIRECTION ( 'NONE',  ( -2.999999999999999839E-15, -1.000000000000000000, -2.999999999999999839E-15 ) ) ;
#2936 =( LENGTH_UNIT ( ) NAMED_UNIT ( * ) SI_UNIT ( .MILLI., .METRE. ) );
#2937 = CARTESIAN_POINT ( 'NONE',  ( 39.18952190645438094, 3.365607696777670466, -0.003385962431781238541 ) ) ;
#2938 = CARTESIAN_POINT ( 'NONE',  ( 37.28776994896032448, 3.371957876448518743, 0.3964697422151226558 ) ) ;
#2939 = ADVANCED_FACE ( 'NONE', ( #7159 ), #1049, .T. ) ;
#2940 = CARTESIAN_POINT ( 'NONE',  ( 34.03445227321547861, 2.778459542545617555, -0.04907848086734052651 ) ) ;
#2941 = CARTESIAN_POINT ( 'NONE',  ( 40.13983503184108770, 2.571437793323779530, -0.5255024107531548472 ) ) ;
#2942 = DIRECTION ( 'NONE',  ( 0.01470429244186939426, 2.958751265979195268E-15, -0.9998918860475786152 ) ) ;
#2943 = DIRECTION ( 'NONE',  ( 0.000000000000000000, 0.000000000000000000, -1.000000000000000000 ) ) ;
#2944 = LINE ( 'NONE', #3482, #5055 ) ;
#2945 = EDGE_CURVE ( 'NONE', #2229, #6211, #4275, .T. ) ;
#2946 = ORIENTED_EDGE ( 'NONE', *, *, #5306, .T. ) ;
#2947 = CARTESIAN_POINT ( 'NONE',  ( 33.74905385955251091, 3.364286852003705697, 0.02880559401939992645 ) ) ;
#2948 = CARTESIAN_POINT ( 'NONE',  ( 24.94004090662352269, 2.295443270604334174, -3.933305471944242182 ) ) ;
#2949 = CARTESIAN_POINT ( 'NONE',  ( 25.13687621614915457, 2.425497541452676487, 3.795964631873987027 ) ) ;
#2950 = CARTESIAN_POINT ( 'NONE',  ( 48.59999999999999432, 2.531393742012999937, -0.4249999999999999889 ) ) ;
#2951 = EDGE_CURVE ( 'NONE', #3597, #2426, #7581, .T. ) ;
#2952 = CARTESIAN_POINT ( 'NONE',  ( 32.69854658570662309, 3.661767853901102487, -0.06783208943117578771 ) ) ;
#2953 = CARTESIAN_POINT ( 'NONE',  ( 36.46630558546237211, 3.246645366483014161, 0.1123522980614988509 ) ) ;
#2954 = DIRECTION ( 'NONE',  ( 0.000000000000000000, 0.000000000000000000, -1.000000000000000000 ) ) ;
#2955 = DIRECTION ( 'NONE',  ( -7.000000000000000150E-15, 2.999999999999999839E-15, -1.000000000000000000 ) ) ;
#2956 = CARTESIAN_POINT ( 'NONE',  ( 35.96521180070425316, 3.017738378963652934, 0.3345815577608014513 ) ) ;
#2957 = EDGE_CURVE ( 'NONE', #2904, #6018, #3633, .T. ) ;
#2958 = PRESENTATION_STYLE_ASSIGNMENT (( #4088 ) ) ;
#2959 = CIRCLE ( 'NONE', #403, 10.00000000000000000 ) ;
#2960 = ORIENTED_EDGE ( 'NONE', *, *, #1061, .T. ) ;
#2961 = ORIENTED_EDGE ( 'NONE', *, *, #3712, .T. ) ;
#2962 = CARTESIAN_POINT ( 'NONE',  ( 45.60981462212834003, 3.619905315264720258, -0.1631237060645729653 ) ) ;
#2963 = CARTESIAN_POINT ( 'NONE',  ( 29.81965475162988355, 2.873719732422852058, 0.8663271453269695277 ) ) ;
#2964 = ORIENTED_EDGE ( 'NONE', *, *, #6787, .F. ) ;
#2965 = AXIS2_PLACEMENT_3D ( 'NONE', #312, #2309, #7561 ) ;
#2966 = LINE ( 'NONE', #8135, #7154 ) ;
#2967 = FILL_AREA_STYLE_COLOUR ( '', #6007 ) ;
#2968 = EDGE_CURVE ( 'NONE', #5523, #1033, #1077, .T. ) ;
#2969 = VERTEX_POINT ( 'NONE', #4901 ) ;
#2970 = DIRECTION ( 'NONE',  ( 7.000000000000000150E-15, -2.999999999999999839E-15, 1.000000000000000000 ) ) ;
#2971 = CARTESIAN_POINT ( 'NONE',  ( 48.59999999999999432, 2.531393742013005266, -1.125000000000000000 ) ) ;
#2972 = CARTESIAN_POINT ( 'NONE',  ( 44.95281762211697441, 3.328430187390511552, -0.8425997389783439484 ) ) ;
#2973 = CARTESIAN_POINT ( 'NONE',  ( 36.95492253799971394, 3.269464925684904433, 0.8641644380133420844 ) ) ;
#2974 = CARTESIAN_POINT ( 'NONE',  ( 49.85000000000000142, 4.831393742013000647, -0.1830882352941179958 ) ) ;
#2975 = CARTESIAN_POINT ( 'NONE',  ( 31.56952752250055738, 3.153114352402029752, 0.02953380693097688858 ) ) ;
#2976 = EDGE_LOOP ( 'NONE', ( #8345, #6706, #7679, #5904 ) ) ;
#2977 = CARTESIAN_POINT ( 'NONE',  ( 45.87454698835604461, 3.244127252231161052, 0.3615494064688594134 ) ) ;
#2978 = ORIENTED_EDGE ( 'NONE', *, *, #2986, .T. ) ;
#2979 = CARTESIAN_POINT ( 'NONE',  ( 34.25443661575972953, 2.934327941533930062, 0.2584897403253711423 ) ) ;
#2980 = CARTESIAN_POINT ( 'NONE',  ( 42.61572052286648216, 3.353054322024123124, -0.05592331459350485118 ) ) ;
#2981 = CARTESIAN_POINT ( 'NONE',  ( 40.70957226364450321, 3.571991999291145525, 0.2870804379966734321 ) ) ;
#2982 = CARTESIAN_POINT ( 'NONE',  ( 43.25492253732147674, 4.049775458144556417, -0.3427776127087468483 ) ) ;
#2983 = CARTESIAN_POINT ( 'NONE',  ( 50.93168224707730474, 4.631393742012999581, -1.051004672837106080 ) ) ;
#2984 = LINE ( 'NONE', #5573, #3925 ) ;
#2985 = LINE ( 'NONE', #7576, #5607 ) ;
#2986 = EDGE_CURVE ( 'NONE', #2934, #2345, #4267, .T. ) ;
#2987 = EDGE_LOOP ( 'NONE', ( #5391, #2479, #6252, #379 ) ) ;
#2988 = CARTESIAN_POINT ( 'NONE',  ( 31.81350167354811376, 3.464581056290747085, 0.1317764820518318447 ) ) ;
#2989 = DIRECTION ( 'NONE',  ( -0.8200998161168392420, 9.606411846750677492E-15, -0.5722204921226837770 ) ) ;
#2990 = CARTESIAN_POINT ( 'NONE',  ( 24.97435320358194843, 1.667465588424814182, -5.474263117110767851 ) ) ;
#2991 = CARTESIAN_POINT ( 'NONE',  ( 25.45589270886723554, 1.537818692689176592, 4.061117996462558999 ) ) ;
#2992 = CARTESIAN_POINT ( 'NONE',  ( 0.000000000000000000, 5.000000000000000000, -8.349999999999999645 ) ) ;
#2993 = CARTESIAN_POINT ( 'NONE',  ( 35.07423502827906248, 2.662062317468432582, -0.5569308911899921721 ) ) ;
#2994 = CARTESIAN_POINT ( 'NONE',  ( 43.12110328040321860, 3.301348795876313691, -0.4105147440243452350 ) ) ;
#2995 = CARTESIAN_POINT ( 'NONE',  ( 33.58952227757595921, 3.147179244570991408, 0.003385698674973576950 ) ) ;
#2996 = CARTESIAN_POINT ( 'NONE',  ( 29.86051824256675502, 3.550189380336631562, -0.09189591660180565502 ) ) ;
#2997 = CARTESIAN_POINT ( 'NONE',  ( 51.29999999999999716, 4.381393742012989811, -0.1250000000000114075 ) ) ;
#2998 = CARTESIAN_POINT ( 'NONE',  ( 31.42538265846323853, 2.837377754551380971, -0.6994578134748258291 ) ) ;
#2999 = ORIENTED_EDGE ( 'NONE', *, *, #70, .T. ) ;
#3000 = EDGE_LOOP ( 'NONE', ( #577, #7098, #718, #6464, #8354, #1180 ) ) ;
#3001 = CARTESIAN_POINT ( 'NONE',  ( 45.63433386302259720, 3.651212518115967143, -0.1536199614575246841 ) ) ;
#3002 = ORIENTED_EDGE ( 'NONE', *, *, #3932, .T. ) ;
#3003 = CARTESIAN_POINT ( 'NONE',  ( 48.70000000000000284, 2.531393742012999937, -0.8249999999999999556 ) ) ;
#3004 = CARTESIAN_POINT ( 'NONE',  ( 42.27923264372959977, 3.339421487564969926, 0.4751061835044296799 ) ) ;
#3005 = ORIENTED_EDGE ( 'NONE', *, *, #4686, .F. ) ;
#3006 = ORIENTED_EDGE ( 'NONE', *, *, #733, .F. ) ;
#3007 = CARTESIAN_POINT ( 'NONE',  ( 40.32110328229548202, 2.845878982281818015, -0.04495506329365731718 ) ) ;
#3008 = CARTESIAN_POINT ( 'NONE',  ( 48.59999999999999432, 2.531393742012999937, -0.1250000000000000000 ) ) ;
#3009 = CARTESIAN_POINT ( 'NONE',  ( 39.52158920466990821, 2.463012030441930733, 0.3427776123290491861 ) ) ;
#3010 = EDGE_CURVE ( 'NONE', #3169, #4063, #7511, .T. ) ;
#3011 = CARTESIAN_POINT ( 'NONE',  ( 27.18191376433517448, 3.849061285364872464, -2.369050042655617805 ) ) ;
#3012 = EDGE_CURVE ( 'NONE', #4763, #6234, #4703, .T. ) ;
#3013 = LINE ( 'NONE', #6963, #6697 ) ;
#3014 = ORIENTED_EDGE ( 'NONE', *, *, #6671, .F. ) ;
#3015 = CARTESIAN_POINT ( 'NONE',  ( 48.06954615951742937, 3.256944879279512595, 0.8244864296338976217 ) ) ;
#3016 = EDGE_LOOP ( 'NONE', ( #6411, #351, #2506, #871 ) ) ;
#3017 = CARTESIAN_POINT ( 'NONE',  ( 51.29999999999999716, 4.381393742012995141, -1.474999999999999867 ) ) ;
#3018 = DIRECTION ( 'NONE',  ( -1.000000000000000222, 1.734723475976807094E-17, -2.661048151216948684E-17 ) ) ;
#3019 = CARTESIAN_POINT ( 'NONE',  ( 45.49257779767750520, 3.213580361082257308, -0.09945227611158248548 ) ) ;
#3020 = AXIS2_PLACEMENT_3D ( 'NONE', #4560, #7158, #3929 ) ;
#3021 = AXIS2_PLACEMENT_3D ( 'NONE', #1490, #6554, #6511 ) ;
#3022 = CARTESIAN_POINT ( 'NONE',  ( 37.96702774789753221, 2.363093748259407878, -0.09158994922468842448 ) ) ;
#3023 = CARTESIAN_POINT ( 'NONE',  ( 31.50364101240401027, 3.050229612162892678, 0.8166392544512673934 ) ) ;
#3024 = CARTESIAN_POINT ( 'NONE',  ( 48.59999999999999432, 4.381393742013000470, -0.3749999999999925060 ) ) ;
#3025 = LINE ( 'NONE', #5015, #3378 ) ;
#3026 = LINE ( 'NONE', #2860, #2228 ) ;
#3027 = VECTOR ( 'NONE', #921, 1000.000000000000000 ) ;
#3028 = AXIS2_PLACEMENT_3D ( 'NONE', #2213, #3417, #7283 ) ;
#3029 = ORIENTED_EDGE ( 'NONE', *, *, #3961, .F. ) ;
#3030 = CARTESIAN_POINT ( 'NONE',  ( 37.02906951466453478, 3.023293162429252945, 0.01162635872559652367 ) ) ;
#3031 = CARTESIAN_POINT ( 'NONE',  ( 26.42096956037340050, 3.477242631687881946, -2.899995006091684147 ) ) ;
#3032 = CIRCLE ( 'NONE', #5325, 0.2000000000000008438 ) ;
#3033 = CARTESIAN_POINT ( 'NONE',  ( 25.93275384447869314, 2.567982847548643477, 3.240645048574628539 ) ) ;
#3034 = AXIS2_PLACEMENT_3D ( 'NONE', #4111, #187, #3561 ) ;
#3035 = PLANE ( 'NONE',  #6815 ) ;
#3036 = CARTESIAN_POINT ( 'NONE',  ( 33.32110331287331206, 3.514883504173325068, 0.3220657735987889625 ) ) ;
#3037 = CARTESIAN_POINT ( 'NONE',  ( 41.14716105814763836, 3.463770172857853158, 0.1319734111818492428 ) ) ;
#3038 = LINE ( 'NONE', #3836, #1769 ) ;
#3039 = CARTESIAN_POINT ( 'NONE',  ( 48.59999999999999432, 4.381393742013000470, 0.3750000000000074940 ) ) ;
#3040 = CARTESIAN_POINT ( 'NONE',  ( 36.74340948601911094, 2.858261358957955078, -0.1611559191274506975 ) ) ;
#3041 = DIRECTION ( 'NONE',  ( 0.000000000000000000, -1.000000000000000000, -0.000000000000000000 ) ) ;
#3042 = EDGE_LOOP ( 'NONE', ( #567, #5348, #4417, #5032 ) ) ;
#3043 = VECTOR ( 'NONE', #5921, 1000.000000000000000 ) ;
#3044 = AXIS2_PLACEMENT_3D ( 'NONE', #3205, #2500, #1758 ) ;
#3045 = CARTESIAN_POINT ( 'NONE',  ( 29.20551810936434478, 3.233549902382594432, 1.072148949844947685 ) ) ;
#3046 = CARTESIAN_POINT ( 'NONE',  ( 26.07914960422881023, 2.972792225956604639, 3.626243655105322983 ) ) ;
#3047 = CARTESIAN_POINT ( 'NONE',  ( 31.11642825834159254, 3.403663371766033396, -0.05031268154045580310 ) ) ;
#3048 = VERTEX_POINT ( 'NONE', #4949 ) ;
#3049 = CARTESIAN_POINT ( 'NONE',  ( 24.96791241634318226, 1.577156155566249218, 5.508069892759419162 ) ) ;
#3050 = LINE ( 'NONE', #5510, #5120 ) ;
#3051 = CARTESIAN_POINT ( 'NONE',  ( 43.36778565677445130, 2.778459235657275261, -0.04907839727792931428 ) ) ;
#3052 = B_SPLINE_CURVE_WITH_KNOTS ( 'NONE', 3,
 ( #1924, #747, #4620, #7595, #3355, #2543, #4471, #6355, #6586, #1397, #559, #7865, #5073, #5765, #7677, #3718, #3171, #118 ),
 .UNSPECIFIED., .F., .F.,
 ( 4, 2, 2, 2, 2, 2, 2, 2, 4 ),
 ( 0.02102900256225530631, 0.02372079054736778159, 0.02641257853248025339, 0.03179615450270520394, 0.04256330644315510503, 0.06409761032405490722, 0.09748329868837665724, 0.1141761428705375392, 0.1308689870526984211 ),
 .UNSPECIFIED. ) ;
#3053 = CARTESIAN_POINT ( 'NONE',  ( 48.50000000000000000, 2.473658715094039895, -1.125000000000000000 ) ) ;
#3054 = ORIENTED_EDGE ( 'NONE', *, *, #1802, .F. ) ;
#3055 = EDGE_CURVE ( 'NONE', #6519, #2173, #2255, .T. ) ;
#3056 = VERTEX_POINT ( 'NONE', #2382 ) ;
#3057 = CARTESIAN_POINT ( 'NONE',  ( 44.05443621027013279, 2.845882380714084725, -0.04495295524809304194 ) ) ;
#3058 = CARTESIAN_POINT ( 'NONE',  ( 48.16494492839985497, 3.256393742013003134, -0.4249999999999988232 ) ) ;
#3059 = CARTESIAN_POINT ( 'NONE',  ( 39.98825587131311465, 2.453007779586499293, -0.3186252142374729757 ) ) ;
#3060 = VECTOR ( 'NONE', #2094, 1000.000000000000000 ) ;
#3062 = EDGE_CURVE ( 'NONE', #1688, #5262, #941, .T. ) ;
#3061 = CARTESIAN_POINT ( 'NONE',  ( 40.98121546066948184, 3.478698570132636281, 0.8189646426385994715 ) ) ;
#3063 = LINE ( 'NONE', #1811, #7528 ) ;
#3064 = AXIS2_PLACEMENT_3D ( 'NONE', #1429, #737, #773 ) ;
#3065 = CARTESIAN_POINT ( 'NONE',  ( 29.92728475127561083, 2.863371339123852000, 0.7727029479684870417 ) ) ;
#3066 = EDGE_CURVE ( 'NONE', #6241, #6692, #301, .T. ) ;
#3067 = ORIENTED_EDGE ( 'NONE', *, *, #6565, .F. ) ;
#3068 = CARTESIAN_POINT ( 'NONE',  ( 46.95905718909369853, 3.049007080932911506, 0.2364481824695511825 ) ) ;
#3069 = ORIENTED_EDGE ( 'NONE', *, *, #4761, .T. ) ;
#3070 = DIRECTION ( 'NONE',  ( 0.000000000000000000, -2.891205793294677044E-15, 1.000000000000000000 ) ) ;
#3071 =( NAMED_UNIT ( * ) SI_UNIT ( $, .STERADIAN. ) SOLID_ANGLE_UNIT ( ) );
#3072 = CARTESIAN_POINT ( 'NONE',  ( 34.21572052400781416, 3.200470427532734696, -0.09666058147165867975 ) ) ;
#3073 = CARTESIAN_POINT ( 'NONE',  ( 38.37674281935037612, 2.826895681820197126, 0.003470011671527804126 ) ) ;
#3074 = CARTESIAN_POINT ( 'NONE',  ( 35.32158920464762275, 2.937768527785133088, 0.8033859624288781642 ) ) ;
#3075 = CARTESIAN_POINT ( 'NONE',  ( 25.27955325439379308, 2.588649715181664313, 3.696412451230546736 ) ) ;
#3076 = CARTESIAN_POINT ( 'NONE',  ( 0.000000000000000000, 0.000000000000000000, 0.000000000000000000 ) ) ;
#3077 = EDGE_CURVE ( 'NONE', #8365, #1476, #4179, .T. ) ;
#3078 = ORIENTED_EDGE ( 'NONE', *, *, #5056, .T. ) ;
#3079 = CARTESIAN_POINT ( 'NONE',  ( 44.30112510716095642, 3.207323655120222661, 0.4779674089000963133 ) ) ;
#3080 =( BOUNDED_SURFACE ( )  B_SPLINE_SURFACE ( 3, 3, ( 
 ( #4110, #4242, #7385, #443, #6703, #6745 ),
 ( #3011, #6064, #1047, #315, #1608, #2846 ),
 ( #2929, #3601, #405, #958, #5562, #5426 ),
 ( #8009, #3508, #3681, #4964, #8321, #2435 ),
 ( #7563, #4364, #534, #2556, #1177, #6960 ),
 ( #3106, #5652, #1895, #5736, #5043, #493 ),
 ( #1936, #7608, #3141, #6451, #5087, #1300 ) ),
 .UNSPECIFIED., .T., .F., .T. ) 
 B_SPLINE_SURFACE_WITH_KNOTS ( ( 4, 3, 4 ),
 ( 4, 2, 4 ),
 ( 0.000000000000000000, 0.5000000000000000000, 1.000000000000000000 ),
 ( 0.000000000000000000, 0.5000000000000000000, 1.000000000000000000 ),
 .UNSPECIFIED. ) 
 GEOMETRIC_REPRESENTATION_ITEM ( )  RATIONAL_B_SPLINE_SURFACE ( (
 ( 1.000000000000000000, 1.000000000000000000, 1.000000000000000000, 1.000000000000000000, 1.000000000000000000, 1.000000000000000000),
 ( 0.3333333333333333703, 0.3333333333333333703, 0.3333333333333333703, 0.3333333333333333703, 0.3333333333333333703, 0.3333333333333333703),
 ( 0.3333333333333333703, 0.3333333333333333703, 0.3333333333333333703, 0.3333333333333333703, 0.3333333333333333703, 0.3333333333333333703),
 ( 1.000000000000000000, 1.000000000000000000, 1.000000000000000000, 1.000000000000000000, 1.000000000000000000, 1.000000000000000000),
 ( 0.3333333333333333703, 0.3333333333333333703, 0.3333333333333333703, 0.3333333333333333703, 0.3333333333333333703, 0.3333333333333333703),
 ( 0.3333333333333333703, 0.3333333333333333703, 0.3333333333333333703, 0.3333333333333333703, 0.3333333333333333703, 0.3333333333333333703),
 ( 1.000000000000000000, 1.000000000000000000, 1.000000000000000000, 1.000000000000000000, 1.000000000000000000, 1.000000000000000000) ) ) 
 REPRESENTATION_ITEM ( '' )  SURFACE ( )  );
#3081 = LINE ( 'NONE', #5667, #55 ) ;
#3082 = ORIENTED_EDGE ( 'NONE', *, *, #7483, .T. ) ;
#3083 = CARTESIAN_POINT ( 'NONE',  ( 25.07160424663187115, 2.903612714895496882, 3.841507817940186253 ) ) ;
#3084 = LINE ( 'NONE', #6979, #2093 ) ;
#3085 = CARTESIAN_POINT ( 'NONE',  ( 32.03257123730029576, 3.156873683550685428, -0.05145360508931990512 ) ) ;
#3086 = CARTESIAN_POINT ( 'NONE',  ( 32.59573516476760346, 3.334856684618276113, -0.2198065823228233517 ) ) ;
#3087 = CARTESIAN_POINT ( 'NONE',  ( 29.38457700004529372, 3.618884989086212922, -1.204839847270405384 ) ) ;
#3088 = DIRECTION ( 'NONE',  ( -0.8271046511042942084, 2.994794288060764894E-17, 0.5620479482407562122 ) ) ;
#3089 = CARTESIAN_POINT ( 'NONE',  ( 47.09822114248950697, 3.121926889599359711, -0.6952198481793862017 ) ) ;
#3090 = CARTESIAN_POINT ( 'NONE',  ( 51.00000000000000000, 3.981393742012995229, -0.2000000000000105027 ) ) ;
#3091 = VERTEX_POINT ( 'NONE', #7178 ) ;
#3092 = CARTESIAN_POINT ( 'NONE',  ( 52.29999999999999716, 3.381393742012989811, -0.8000000000000210276 ) ) ;
#3093 = CARTESIAN_POINT ( 'NONE',  ( 29.70037145111914612, 3.299476756846305925, -0.6918293376096040781 ) ) ;
#3094 = CARTESIAN_POINT ( 'NONE',  ( 29.38457700004530437, 2.893902494939894154, 1.204839847270677389 ) ) ;
#3095 = ORIENTED_EDGE ( 'NONE', *, *, #3682, .T. ) ;
#3096 = DIRECTION ( 'NONE',  ( -0.8200998161168339129, 0.000000000000000000, 0.5722204921226915486 ) ) ;
#3097 = FACE_OUTER_BOUND ( 'NONE', #2465, .T. ) ;
#3098 = CARTESIAN_POINT ( 'NONE',  ( 42.74589931030372014, 2.979152419722507883, 0.3946602860567497428 ) ) ;
#3099 = EDGE_CURVE ( 'NONE', #2586, #8137, #6943, .T. ) ;
#3100 = ORIENTED_EDGE ( 'NONE', *, *, #6531, .T. ) ;
#3101 = ORIENTED_EDGE ( 'NONE', *, *, #1016, .T. ) ;
#3102 = PLANE ( 'NONE',  #5601 ) ;
#3103 = VECTOR ( 'NONE', #1102, 1000.000000000000000 ) ;
#3104 = CARTESIAN_POINT ( 'NONE',  ( 35.22648604090009883, 3.676712641106401946, 0.7000549152478228176 ) ) ;
#3105 = CARTESIAN_POINT ( 'NONE',  ( 43.62648635649820505, 3.956448174108789129, -0.4203193338398768519 ) ) ;
#3106 = CARTESIAN_POINT ( 'NONE',  ( 27.18191376433516737, 3.049061285364879748, -2.369050042655622690 ) ) ;
#3107 = FACE_OUTER_BOUND ( 'NONE', #1132, .T. ) ;
#3108 = CARTESIAN_POINT ( 'NONE',  ( 47.09822114248951408, 3.390860594426641228, 0.6952198481794099605 ) ) ;
#3109 = EDGE_LOOP ( 'NONE', ( #5825, #1801, #300, #4103 ) ) ;
#3110 = DIRECTION ( 'NONE',  ( 0.000000000000000000, -2.891205793294677044E-15, 1.000000000000000000 ) ) ;
#3111 = CARTESIAN_POINT ( 'NONE',  ( 31.60985403315105913, 3.419575991029049522, 0.3638939754815675998 ) ) ;
#3112 = CARTESIAN_POINT ( 'NONE',  ( 40.98121546066946763, 3.034088913893401962, -0.8189646426384900035 ) ) ;
#3113 = CARTESIAN_POINT ( 'NONE',  ( 25.30049244348141357, 2.903612714895272173, 4.169547744386804311 ) ) ;
#3114 = PLANE ( 'NONE',  #157 ) ;
#3115 = VERTEX_POINT ( 'NONE', #155 ) ;
#3116 = CARTESIAN_POINT ( 'NONE',  ( 41.81256597706619260, 2.861733455982804486, -0.2772413222354614959 ) ) ;
#3117 = CARTESIAN_POINT ( 'NONE',  ( 27.18191376433517092, 3.449061285364876550, -2.369050042655620025 ) ) ;
#3118 = ORIENTED_EDGE ( 'NONE', *, *, #7348, .F. ) ;
#3119 = CARTESIAN_POINT ( 'NONE',  ( 26.42096956037474698, 3.088468552585060589, 2.899995006083331273 ) ) ;
#3120 = CARTESIAN_POINT ( 'NONE',  ( 25.00863522119763616, 1.727156155566249129, 5.299041726028368871 ) ) ;
#3121 = VECTOR ( 'NONE', #1784, 1000.000000000000000 ) ;
#3122 = CARTESIAN_POINT ( 'NONE',  ( 45.27277735570855555, 3.184765628237038904, -0.2174048745119498971 ) ) ;
#3123 = EDGE_CURVE ( 'NONE', #5161, #175, #3948, .T. ) ;
#3124 = CARTESIAN_POINT ( 'NONE',  ( 30.97928004954311731, 3.312636197705712604, 0.3744479239730426623 ) ) ;
#3125 = PLANE ( 'NONE',  #427 ) ;
#3126 = CARTESIAN_POINT ( 'NONE',  ( 48.00451966079843658, 2.854084678643291184, -0.4228434082003638683 ) ) ;
#3127 = EDGE_CURVE ( 'NONE', #5458, #7773, #3492, .T. ) ;
#3128 = CARTESIAN_POINT ( 'NONE',  ( 48.16494492839986208, 3.256393742012989811, 0.8250000000000077272 ) ) ;
#3129 = FACE_OUTER_BOUND ( 'NONE', #2427, .T. ) ;
#3130 = DIRECTION ( 'NONE',  ( -7.000000000000000150E-15, 2.999999999999999839E-15, -1.000000000000000000 ) ) ;
#3131 = CARTESIAN_POINT ( 'NONE',  ( 29.86408901497064861, 3.095801483710253876, 1.268394263768993779 ) ) ;
#3132 = ORIENTED_EDGE ( 'NONE', *, *, #4434, .T. ) ;
#3133 = LINE ( 'NONE', #1329, #7105 ) ;
#3134 = CARTESIAN_POINT ( 'NONE',  ( 25.09074790664280385, 1.727156155566247797, -4.315895932415131142 ) ) ;
#3135 = CARTESIAN_POINT ( 'NONE',  ( 37.92376106968771410, 3.729702732151255251, 0.1657732618569499605 ) ) ;
#3136 = ORIENTED_EDGE ( 'NONE', *, *, #2259, .T. ) ;
#3137 = PLANE ( 'NONE',  #6269 ) ;
#3138 = CARTESIAN_POINT ( 'NONE',  ( 47.46740981953974625, 2.899407700286238843, 0.7843088725289623087 ) ) ;
#3139 = CARTESIAN_POINT ( 'NONE',  ( 45.45421155199282026, 3.567459438743850519, -0.2538312578385860663 ) ) ;
#3140 = CARTESIAN_POINT ( 'NONE',  ( 42.18776994895921462, 2.845878982307471272, -0.04495506327772768457 ) ) ;
#3141 = CARTESIAN_POINT ( 'NONE',  ( 25.85026140737803857, 3.331174544033471907, -3.298203728659137024 ) ) ;
#3142 = CARTESIAN_POINT ( 'NONE',  ( 30.05026737366560141, 3.083579681930360472, 1.117083532598978524 ) ) ;
#3143 = ORIENTED_EDGE ( 'NONE', *, *, #8257, .T. ) ;
#3144 = CARTESIAN_POINT ( 'NONE',  ( 45.56765270799773049, 3.662353851710050900, 0.2569540498075081891 ) ) ;
#3145 = VERTEX_POINT ( 'NONE', #2692 ) ;
#3146 = CARTESIAN_POINT ( 'NONE',  ( 31.60985403315105913, 3.419575991029048634, 0.3638939754815671557 ) ) ;
#3147 = CARTESIAN_POINT ( 'NONE',  ( 43.32906921555382240, 3.156448174108769766, -0.2109080640273628127 ) ) ;
#3148 = CARTESIAN_POINT ( 'NONE',  ( 48.59999999999999432, 2.531393742012999937, 0.4249999999999999889 ) ) ;
#3149 = CARTESIAN_POINT ( 'NONE',  ( 37.57316836516714176, 4.004015957057438513, -0.4317157153932144054 ) ) ;
#3150 = CARTESIAN_POINT ( 'NONE',  ( 26.42096956037474698, 3.088468552585060589, 2.899995006083331273 ) ) ;
#3151 = ORIENTED_EDGE ( 'NONE', *, *, #7578, .F. ) ;
#3152 = CARTESIAN_POINT ( 'NONE',  ( 36.87020941613298675, 3.033107297752875908, 0.07726400470759903216 ) ) ;
#3153 = CLOSED_SHELL ( 'NONE', ( #3324, #6925, #5666, #5273, #469, #7301, #1797, #907, #696, #1707, #3453, #1459, #2510, #232, #5034, #1681, #5367, #7683, #6472, #1754, #3206, #5241, #89, #8049, #7746, #1217, #6284, #8301, #28, #7616, #2002, #3671, #930, #5312, #791, #2068, #4545, #4557, #391, #4167, #3302, #1742, #2549, #5169, #1905, #3865, #585, #3548, #3307, #3889, #3741, #7647, #5944, #4143, #1227, #5663, #2799, #4549, #7247, #6873, #280, #6491, #4141, #6360, #3511, #1066, #4300, #1643, #8296, #4043, #3168, #7198, #7449, #7967, #502, #3884, #274, #2699, #1465, #4728, #2047, #1535, #321, #1313, #5234, #3665, #2444, #6719, #3357, #2582, #2043, #1891, #1083, #2082, #7079, #2833, #135, #5706, #6462, #5871, #7264, #213, #5138, #1946, #743, #7457, #1578, #3808, #6478, #6329, #5939, #4973, #8084, #7422, #2681, #6843, #4922, #6571 ) ) ;
#3154 = VECTOR ( 'NONE', #7729, 1000.000000000000000 ) ;
#3155 = LINE ( 'NONE', #1951, #6953 ) ;
#3156 = CARTESIAN_POINT ( 'NONE',  ( 26.68147326895346794, 2.688468551125342110, 3.205975369379622464 ) ) ;
#3157 = LINE ( 'NONE', #749, #4243 ) ;
#3158 = VECTOR ( 'NONE', #5392, 1000.000000000000000 ) ;
#3159 = CARTESIAN_POINT ( 'NONE',  ( 36.08238719037510123, 3.200470427702837739, -0.09666058148524908633 ) ) ;
#3160 = CARTESIAN_POINT ( 'NONE',  ( 31.64886276149288946, 3.359892571351991375, -0.01663925445102066789 ) ) ;
#3161 = CARTESIAN_POINT ( 'NONE',  ( 30.82133471423613003, 3.170615225419229688, -0.1305138390990939479 ) ) ;
#3162 = EDGE_CURVE ( 'NONE', #2904, #2426, #3052, .T. ) ;
#3163 = CARTESIAN_POINT ( 'NONE',  ( 48.80000000000000426, 1.931393742012995185, 1.824999999999999956 ) ) ;
#3164 = AXIS2_PLACEMENT_3D ( 'NONE', #661, #2614, #2690 ) ;
#3165 = CARTESIAN_POINT ( 'NONE',  ( 47.55700098739872317, 2.809748327289188108, -0.3807159154064310158 ) ) ;
#3166 = CARTESIAN_POINT ( 'NONE',  ( 45.45421155199282737, 2.945328045282160190, 0.2538312578386329177 ) ) ;
#3167 = STYLED_ITEM ( 'NONE', ( #5417 ), #4177 ) ;
#3168 = ADVANCED_FACE ( 'NONE', ( #4353 ), #5908, .T. ) ;
#3169 = VERTEX_POINT ( 'NONE', #5680 ) ;
#3170 = CARTESIAN_POINT ( 'NONE',  ( 31.21789509216855407, 3.303959053385388867, -0.4511106579104519620 ) ) ;
#3171 = CARTESIAN_POINT ( 'NONE',  ( 45.63433386302259009, 2.861574965910042678, 0.1536199614575689820 ) ) ;
#3172 = CARTESIAN_POINT ( 'NONE',  ( 30.97928004954311021, 3.200151286320384703, -0.3744479239727931397 ) ) ;
#3173 = ORIENTED_EDGE ( 'NONE', *, *, #1339, .F. ) ;
#3174 = CARTESIAN_POINT ( 'NONE',  ( 48.50000000000000000, 4.039128768931959712, 0.3750000000000069944 ) ) ;
#3175 = EDGE_CURVE ( 'NONE', #4229, #1201, #1241, .T. ) ;
#3176 = CARTESIAN_POINT ( 'NONE',  ( 24.96791241634318226, 1.727156155566248907, -5.508069892759420938 ) ) ;
#3177 = CARTESIAN_POINT ( 'NONE',  ( 42.18776994895922172, 3.666908501718558977, 0.04495506327782026329 ) ) ;
#3178 = ORIENTED_EDGE ( 'NONE', *, *, #3844, .T. ) ;
#3179 = VERTEX_POINT ( 'NONE', #8304 ) ;
#3180 = LINE ( 'NONE', #1931, #3154 ) ;
#3181 = CARTESIAN_POINT ( 'NONE',  ( 46.95905718909369853, 3.049007080932911506, 0.2364481824695511825 ) ) ;
#3182 = CARTESIAN_POINT ( 'NONE',  ( 45.14333685535501672, 3.417866292783676041, -0.3984402521576851375 ) ) ;
#3183 = CIRCLE ( 'NONE', #5340, 0.2999999999999999334 ) ;
#3184 = CARTESIAN_POINT ( 'NONE',  ( 40.94340948602383179, 3.423961406628602600, 0.3954765511325040173 ) ) ;
#3185 = CARTESIAN_POINT ( 'NONE',  ( 48.59999999999999432, 3.981393742013000114, -0.1249999999999965861 ) ) ;
#3186 = CARTESIAN_POINT ( 'NONE',  ( 45.88770661132602413, 3.637314645439560845, -0.06163579886225355881 ) ) ;
#3187 = ORIENTED_EDGE ( 'NONE', *, *, #4647, .T. ) ;
#3188 = DIRECTION ( 'NONE',  ( -1.734723475976807094E-17, -1.000000000000000000, 2.775557561562891043E-17 ) ) ;
#3189 = CARTESIAN_POINT ( 'NONE',  ( 0.000000000000000000, 0.000000000000000000, 0.000000000000000000 ) ) ;
#3190 = CARTESIAN_POINT ( 'NONE',  ( 37.33687608280960291, 3.468915002550092996, 0.1032534572197274653 ) ) ;
#3191 = CARTESIAN_POINT ( 'NONE',  ( 31.76541706525372888, 3.192814955564537538, -0.3974505745558281067 ) ) ;
#3192 = CARTESIAN_POINT ( 'NONE',  ( 25.50844145124333906, 2.588649715181440047, 4.024452377677166126 ) ) ;
#3193 = EDGE_CURVE ( 'NONE', #175, #8065, #4099, .T. ) ;
#3194 = CARTESIAN_POINT ( 'NONE',  ( 45.90799567767800937, 2.870033544928024316, -0.3561162756998179080 ) ) ;
#3195 = ORIENTED_EDGE ( 'NONE', *, *, #4647, .F. ) ;
#3196 = CARTESIAN_POINT ( 'NONE',  ( 44.18825468781766830, 3.599171222064064146, 0.7933826849557736871 ) ) ;
#3197 = EDGE_CURVE ( 'NONE', #67, #7493, #4431, .T. ) ;
#3198 = DIRECTION ( 'NONE',  ( 7.000000000000000150E-15, -2.999999999999999839E-15, 1.000000000000000000 ) ) ;
#3199 = CARTESIAN_POINT ( 'NONE',  ( 32.31007928061278989, 2.955161476144765320, 0.3061561758467100103 ) ) ;
#3200 = CARTESIAN_POINT ( 'NONE',  ( 34.52285524054820343, 3.259779703792025529, 0.1092139560808566973 ) ) ;
#3201 = CARTESIAN_POINT ( 'NONE',  ( 43.79573233056067494, 3.334855616893804608, -0.2198140274633623437 ) ) ;
#3202 = CARTESIAN_POINT ( 'NONE',  ( 29.66443861915458768, 3.408929374324234818, -1.421502054329785603 ) ) ;
#3203 = CARTESIAN_POINT ( 'NONE',  ( 47.92057513293151061, 3.651831249749441177, -0.8207290785925189791 ) ) ;
#3204 = EDGE_CURVE ( 'NONE', #3209, #586, #6280, .T. ) ;
#3205 = CARTESIAN_POINT ( 'NONE',  ( 49.09999999999999432, 1.931393742013005177, -1.824999999999999956 ) ) ;
#3206 = ADVANCED_FACE ( 'NONE', ( #6990 ), #7904, .T. ) ;
#3207 = CARTESIAN_POINT ( 'NONE',  ( 30.60337909521204480, 3.132196052971362832, -0.1318350951039619912 ) ) ;
#3208 = CARTESIAN_POINT ( 'NONE',  ( 29.54428148720414882, 3.443496080945871007, 1.247696386577950234 ) ) ;
#3209 = VERTEX_POINT ( 'NONE', #1525 ) ;
#3210 = CARTESIAN_POINT ( 'NONE',  ( 48.50000000000000000, 2.381393742013000026, -0.3672649730810374491 ) ) ;
#3211 = DIRECTION ( 'NONE',  ( 1.734723475976807094E-17, 1.000000000000000000, -2.775557561562891043E-17 ) ) ;
#3212 = DIRECTION ( 'NONE',  ( -2.999999999999999839E-15, -1.000000000000000000, -2.999999999999999839E-15 ) ) ;
#3213 = ORIENTED_EDGE ( 'NONE', *, *, #7066, .T. ) ;
#3214 = ORIENTED_EDGE ( 'NONE', *, *, #2945, .T. ) ;
#3215 = CARTESIAN_POINT ( 'NONE',  ( 25.84099410509668004, 1.727156155566248463, -4.774311640317227656 ) ) ;
#3216 = CARTESIAN_POINT ( 'NONE',  ( 45.63433386302259720, 3.651212518115967143, -0.1536199614575246841 ) ) ;
#3217 = CARTESIAN_POINT ( 'NONE',  ( 43.43187846828772081, 3.017738379862527243, 0.3345815584239568152 ) ) ;
#3218 = CARTESIAN_POINT ( 'NONE',  ( 51.39999999999999858, 1.831393742012989989, -1.830258386657425022E-14 ) ) ;
#3219 = CARTESIAN_POINT ( 'NONE',  ( 51.68038475772939933, 2.931393742012994963, -1.775000000000000133 ) ) ;
#3220 = EDGE_CURVE ( 'NONE', #4877, #4512, #6072, .T. ) ;
#3221 = CARTESIAN_POINT ( 'NONE',  ( 29.26388263861402450, 3.233549902382592212, 1.031425395231928555 ) ) ;
#3222 = ORIENTED_EDGE ( 'NONE', *, *, #7093, .T. ) ;
#3223 = LINE ( 'NONE', #5818, #6209 ) ;
#3224 = TOROIDAL_SURFACE ( 'NONE', #4566, 9.649999999999998579, 0.1499999999999999944 ) ;
#3225 = ORIENTED_EDGE ( 'NONE', *, *, #5711, .F. ) ;
#3226 = FACE_OUTER_BOUND ( 'NONE', #6146, .T. ) ;
#3227 = VECTOR ( 'NONE', #4698, 1000.000000000000114 ) ;
#3228 = CARTESIAN_POINT ( 'NONE',  ( 44.14589883252198632, 3.173366459258033512, -0.4751062093215596138 ) ) ;
#3229 = DIRECTION ( 'NONE',  ( 0.9396029094275820670, -0.3419874910615649521, 0.01381768984451590097 ) ) ;
#3230 = AXIS2_PLACEMENT_3D ( 'NONE', #7426, #5649, #6956 ) ;
#3231 = CARTESIAN_POINT ( 'NONE',  ( 48.59999999999999432, 2.531393742012999937, 0.4249999999999999889 ) ) ;
#3232 = VERTEX_POINT ( 'NONE', #6032 ) ;
#3233 = CARTESIAN_POINT ( 'NONE',  ( 34.96778560659642920, 3.305472222832823714, -0.4779341995363297069 ) ) ;
#3234 = DIRECTION ( 'NONE',  ( -0.7071067811865420216, -9.153990547364020716E-17, 0.7071067811865531239 ) ) ;
#3235 = VERTEX_POINT ( 'NONE', #6710 ) ;
#3236 = CARTESIAN_POINT ( 'NONE',  ( 26.00179323022355504, 1.577156155566249218, 4.805509957458472314 ) ) ;
#3237 = CARTESIAN_POINT ( 'NONE',  ( 25.21337608909600192, 1.727156155566249129, -4.049979583320171272 ) ) ;
#3238 = CARTESIAN_POINT ( 'NONE',  ( 36.70560351135015509, 3.316369804282970790, -0.09959036260934531204 ) ) ;
#3239 = CARTESIAN_POINT ( 'NONE',  ( 45.39018537787169549, 3.692882168761288941, 0.1631237060646168191 ) ) ;
#3240 = CARTESIAN_POINT ( 'NONE',  ( 31.60985403315105202, 3.419575991029049522, 0.3638939754815671557 ) ) ;
#3241 = CARTESIAN_POINT ( 'NONE',  ( 46.00343750593333425, 2.883393682987816842, 0.03211500539746154487 ) ) ;
#3242 = EDGE_CURVE ( 'NONE', #3091, #4697, #2896, .T. ) ;
#3243 = CARTESIAN_POINT ( 'NONE',  ( 48.07531098464185249, 3.255874020674801805, -0.4245159932024834548 ) ) ;
#3244 = CARTESIAN_POINT ( 'NONE',  ( 34.25443661575972953, 2.934327941533930062, 0.2584897403253711423 ) ) ;
#3245 = DIRECTION ( 'NONE',  ( -0.4999999999999995004, 0.8660254037844390407, 6.098076211353324580E-15 ) ) ;
#3246 = CARTESIAN_POINT ( 'NONE',  ( 29.57109102683646995, 2.993709121224352732, 0.3529686333065721882 ) ) ;
#3247 = PLANE ( 'NONE',  #4534 ) ;
#3248 = DIRECTION ( 'NONE',  ( 1.734723475976807094E-17, 1.000000000000000000, -2.775557561562891043E-17 ) ) ;
#3249 = CARTESIAN_POINT ( 'NONE',  ( 32.47922799176163267, 2.861769863065319885, -0.2772433488872275698 ) ) ;
#3250 = AXIS2_PLACEMENT_3D ( 'NONE', #839, #414, #4932 ) ;
#3251 = ORIENTED_EDGE ( 'NONE', *, *, #6251, .F. ) ;
#3252 = ORIENTED_EDGE ( 'NONE', *, *, #6685, .T. ) ;
#3253 = CARTESIAN_POINT ( 'NONE',  ( 46.50817178127520179, 3.165477386225435286, 0.5092450837515983819 ) ) ;
#3254 = EDGE_LOOP ( 'NONE', ( #1938, #4682, #1239, #852 ) ) ;
#3255 = CARTESIAN_POINT ( 'NONE',  ( 35.54090169495734131, 3.282839912799248250, 0.8140653903594097240 ) ) ;
#3256 = CARTESIAN_POINT ( 'NONE',  ( 36.12110328229557155, 3.578459542491055245, -0.2584897402769664732 ) ) ;
#3257 = CARTESIAN_POINT ( 'NONE',  ( 29.86051824256675147, 2.962598103689473739, 0.09189591660207081791 ) ) ;
#3258 = EDGE_LOOP ( 'NONE', ( #7369, #220 ) ) ;
#3259 = CARTESIAN_POINT ( 'NONE',  ( 49.29999999999999716, 4.831393742013000647, -0.1749999999999959921 ) ) ;
#3260 = ORIENTED_EDGE ( 'NONE', *, *, #2407, .T. ) ;
#3261 = EDGE_CURVE ( 'NONE', #916, #5141, #2149, .T. ) ;
#3262 = DIRECTION ( 'NONE',  ( 2.999999999999999839E-15, 1.000000000000000000, 0.000000000000000000 ) ) ;
#3263 = CARTESIAN_POINT ( 'NONE',  ( 37.88049439147788888, 3.309711728535865483, 0.2399565744890695129 ) ) ;
#3264 = CARTESIAN_POINT ( 'NONE',  ( 32.31007928061278278, 3.557626007881323993, -0.3061561758464791394 ) ) ;
#3265 = PLANE ( 'NONE',  #5014 ) ;
#3266 = LINE ( 'NONE', #4615, #4778 ) ;
#3267 = ORIENTED_EDGE ( 'NONE', *, *, #6746, .T. ) ;
#3268 = CARTESIAN_POINT ( 'NONE',  ( 43.72158915063904061, 4.059779757674809808, 0.3186252713889781152 ) ) ;
#3269 = CARTESIAN_POINT ( 'NONE',  ( 24.88360522410706466, 1.727156155566248907, -5.384004195093778478 ) ) ;
#3270 = EDGE_LOOP ( 'NONE', ( #354, #3861, #4382, #1377 ) ) ;
#3271 = CIRCLE ( 'NONE', #6527, 0.1999999999999996225 ) ;
#3272 = DIRECTION ( 'NONE',  ( 0.7745966692414858468, -0.4472135954999603702, 0.4472135954999513774 ) ) ;
#3273 = CARTESIAN_POINT ( 'NONE',  ( 31.60985403315105913, 3.419575991029049522, 0.3638939754815675998 ) ) ;
#3274 = CARTESIAN_POINT ( 'NONE',  ( 33.52906951386735557, 3.036587672722981690, -0.07846237927513713406 ) ) ;
#3275 = CARTESIAN_POINT ( 'NONE',  ( 36.91256597706634324, 3.361501372307170055, -0.4707142213603056069 ) ) ;
#3276 = CARTESIAN_POINT ( 'NONE',  ( 31.55052504865271601, 3.602802553961091281, 0.7222123220960192658 ) ) ;
#3277 = CARTESIAN_POINT ( 'NONE',  ( 47.97899438332279942, 3.653704439176555407, -0.4224856098540245020 ) ) ;
#3278 = CARTESIAN_POINT ( 'NONE',  ( 48.70000000000000284, 3.981393742013000114, 0.3750000000000054956 ) ) ;
#3279 = VECTOR ( 'NONE', #6828, 1000.000000000000000 ) ;
#3280 = CARTESIAN_POINT ( 'NONE',  ( 34.56521180070719623, 2.851054027286450410, 0.06783006281440141783 ) ) ;
#3281 = PLANE ( 'NONE',  #4766 ) ;
#3282 = CARTESIAN_POINT ( 'NONE',  ( 31.29773790957257518, 3.351684617416649914, -0.4617878673618481256 ) ) ;
#3283 = CARTESIAN_POINT ( 'NONE',  ( 35.69315270753220659, 3.454196976047951395, -0.7922239215797333145 ) ) ;
#3284 = DIRECTION ( 'NONE',  ( 0.8000000000000000444, -9.404170427930421688E-15, 0.5999999999999999778 ) ) ;
#3285 = VECTOR ( 'NONE', #3829, 1000.000000000000114 ) ;
#3286 = VECTOR ( 'NONE', #1622, 1000.000000000000114 ) ;
#3287 = CARTESIAN_POINT ( 'NONE',  ( 33.63187848229765109, 3.188563666963658338, -0.4053400320338890750 ) ) ;
#3288 = LINE ( 'NONE', #641, #2030 ) ;
#3289 = FACE_OUTER_BOUND ( 'NONE', #637, .T. ) ;
#3290 = VECTOR ( 'NONE', #4748, 1000.000000000000000 ) ;
#3291 = EDGE_CURVE ( 'NONE', #6182, #6113, #3476, .T. ) ;
#3292 = AXIS2_PLACEMENT_3D ( 'NONE', #7499, #1194, #384 ) ;
#3293 = EDGE_LOOP ( 'NONE', ( #7954, #2307, #3541, #1281 ) ) ;
#3294 = ORIENTED_EDGE ( 'NONE', *, *, #783, .F. ) ;
#3295 = CARTESIAN_POINT ( 'NONE',  ( 47.33759061801463019, 3.755490732886872074, 0.3294880165983580245 ) ) ;
#3296 = ORIENTED_EDGE ( 'NONE', *, *, #1353, .F. ) ;
#3297 = CARTESIAN_POINT ( 'NONE',  ( 38.37674281935037612, 2.826895681820197126, 0.003470011671527804126 ) ) ;
#3298 = AXIS2_PLACEMENT_3D ( 'NONE', #2770, #1609, #318 ) ;
#3299 = FACE_OUTER_BOUND ( 'NONE', #7998, .T. ) ;
#3300 = CARTESIAN_POINT ( 'NONE',  ( 26.64985775722247396, 3.477242631687680774, -3.228034932539221469 ) ) ;
#3301 = CARTESIAN_POINT ( 'NONE',  ( 39.27423502830149005, 3.282839912802503424, 0.8140653903529532220 ) ) ;
#3302 = ADVANCED_FACE ( 'NONE', ( #5351 ), #878, .T. ) ;
#3303 = CARTESIAN_POINT ( 'NONE',  ( 48.50000000000000000, 4.439128768931954738, 0.3172649730810440105 ) ) ;
#3304 = ORIENTED_EDGE ( 'NONE', *, *, #6832, .F. ) ;
#3305 = DIRECTION ( 'NONE',  ( 1.000000000000000000, -2.999999999999999839E-15, -7.000000000000000150E-15 ) ) ;
#3306 = AXIS2_PLACEMENT_3D ( 'NONE', #4450, #4413, #6374 ) ;
#3307 = ADVANCED_FACE ( 'NONE', ( #4701 ), #3435, .F. ) ;
#3308 = CARTESIAN_POINT ( 'NONE',  ( 44.26236801145248734, 3.467348277135362977, -0.09999758216547433021 ) ) ;
#3309 = CARTESIAN_POINT ( 'NONE',  ( 33.32110331287331206, 3.514883504173325068, 0.3220657735987889625 ) ) ;
#3310 = CARTESIAN_POINT ( 'NONE',  ( 48.50000000000000000, 1.831393742012995096, 5.999999999996459861E-16 ) ) ;
#3311 = EDGE_CURVE ( 'NONE', #5092, #5037, #278, .T. ) ;
#3312 = CARTESIAN_POINT ( 'NONE',  ( 48.50000000000000000, 2.473658715094035010, 0.3672649730810374491 ) ) ;
#3313 = ORIENTED_EDGE ( 'NONE', *, *, #4437, .F. ) ;
#3314 = CARTESIAN_POINT ( 'NONE',  ( 31.39014596684895508, 3.419575991029006445, -0.4361060245184306128 ) ) ;
#3315 = CARTESIAN_POINT ( 'NONE',  ( 25.03909511535896826, 1.727156155566250018, 4.325701057521716741 ) ) ;
#3316 = DIRECTION ( 'NONE',  ( 7.000000000000000150E-15, -2.999999999999999839E-15, 1.000000000000000000 ) ) ;
#3317 = DIRECTION ( 'NONE',  ( 0.9998918860475787262, -2.788709722502854453E-15, 0.01470429244186939599 ) ) ;
#3318 = CARTESIAN_POINT ( 'NONE',  ( 45.65056823456576041, 2.499595531747341948, 0.2236610021684286298 ) ) ;
#3319 = CARTESIAN_POINT ( 'NONE',  ( 31.50604042024368923, 3.484379420360824930, 0.01707636798386346841 ) ) ;
#3320 = VECTOR ( 'NONE', #7963, 1000.000000000000000 ) ;
#3321 = CARTESIAN_POINT ( 'NONE',  ( 33.41256594564818982, 3.533635086874865827, -0.3946599679659388293 ) ) ;
#3322 = CARTESIAN_POINT ( 'NONE',  ( 30.99600925282543429, 3.460662626151876697, 0.7631986024432443338 ) ) ;
#3323 = CARTESIAN_POINT ( 'NONE',  ( 46.67348841029671291, 2.963416067151193545, -0.1220894337825126214 ) ) ;
#3324 = ADVANCED_FACE ( 'NONE', ( #3393 ), #2108, .F. ) ;
#3325 = CARTESIAN_POINT ( 'NONE',  ( 47.83804637435414264, 3.246796355497120423, -0.4159977699012467611 ) ) ;
#3326 = CARTESIAN_POINT ( 'NONE',  ( 45.41271665538884150, 3.312241749976733818, 0.09172235332779010708 ) ) ;
#3327 = DIRECTION ( 'NONE',  ( -2.783159565502900135E-15, -1.000000000000000000, -2.999999999999999839E-15 ) ) ;
#3328 = CARTESIAN_POINT ( 'NONE',  ( 29.46525526258375649, 3.227925424389010534, 0.8813730859760806613 ) ) ;
#3329 = CARTESIAN_POINT ( 'NONE',  ( 34.85492253796597595, 2.913616129739283522, -0.7933817115951669052 ) ) ;
#3330 = CARTESIAN_POINT ( 'NONE',  ( 52.20000000000000284, 2.931393742012984749, 1.775000000000000133 ) ) ;
#3331 = CARTESIAN_POINT ( 'NONE',  ( 29.39987131599939119, 3.067956634519896753, -1.350693726232985892 ) ) ;
#3332 = CARTESIAN_POINT ( 'NONE',  ( 31.39014596684895508, 3.419575991029009998, -0.4361060245184316675 ) ) ;
#3333 = ORIENTED_EDGE ( 'NONE', *, *, #6060, .T. ) ;
#3334 =( LENGTH_UNIT ( ) NAMED_UNIT ( * ) SI_UNIT ( .MILLI., .METRE. ) );
#3335 = CARTESIAN_POINT ( 'NONE',  ( 45.94144436700000256, 4.041380625964807294, 0.3506831449308626669 ) ) ;
#3336 = ORIENTED_EDGE ( 'NONE', *, *, #7836, .T. ) ;
#3337 =( BOUNDED_SURFACE ( )  B_SPLINE_SURFACE ( 3, 3, ( 
 ( #4306, #5914, #2658, #6469, #5, #6592, #634, #669, #4585, #7186, #7754, #3323, #1997, #3241, #88, #5834, #3837, #5109 ),
 ( #1404, #7143, #5230, #3277, #42, #2071, #1956, #7713, #2537, #2620, #3953, #1919, #6508, #4505, #5151, #1321, #6432, #5190 ),
 ( #755, #4625, #2579, #7063, #3203, #7795, #794, #5796, #7833, #124, #2700, #2034, #4546, #7108, #3362, #3876, #1362, #6552 ),
 ( #3914, #5268, #707, #5877, #7871, #7229, #1447, #4466, #3993, #8341, #1277, #2739, #2155, #6669, #333, #7304, #4707, #6759 ),
 ( #3398, #8024, #3481, #2817, #6630, #5991, #8075, #5358, #926, #4209, #2858, #7443, #7944, #6079, #6800, #2283, #203, #2902 ),
 ( #7910, #2241, #5488, #4838, #5309, #286, #4161, #2782, #885, #2195, #5440, #4794, #5953, #1576, #1657, #6037, #7349, #1531 ),
 ( #4123, #2116, #4666, #4075, #7268, #3441, #7397, #5401, #1015, #6717, #160, #245, #3526, #1485, #4033, #7982, #1617, #4747 ) ),
 .UNSPECIFIED., .T., .F., .F. ) 
 B_SPLINE_SURFACE_WITH_KNOTS ( ( 4, 3, 4 ),
 ( 4, 2, 2, 2, 2, 2, 2, 2, 4 ),
 ( 0.000000000000000000, 0.5000000000000000000, 1.000000000000000000 ),
 ( 0.02102900256225530631, 0.02372079054736778159, 0.02641257853248025339, 0.03179615450270520394, 0.04256330644315510503, 0.06409761032405490722, 0.09748329868837665724, 0.1141761428705375392, 0.1308689870526984211 ),
 .UNSPECIFIED. ) 
 GEOMETRIC_REPRESENTATION_ITEM ( )  RATIONAL_B_SPLINE_SURFACE ( (
 ( 1.000000000000000000, 1.000000000000000000, 1.000000000000000000, 1.000000000000000000, 1.000000000000000000, 1.000000000000000000, 1.000000000000000000, 1.000000000000000000, 1.000000000000000000, 1.000000000000000000, 1.000000000000000000, 1.000000000000000000, 1.000000000000000000, 1.000000000000000000, 1.000000000000000000, 1.000000000000000000, 1.000000000000000000, 1.000000000000000000),
 ( 0.3333333333333333703, 0.3333333333333333703, 0.3333333333333333703, 0.3333333333333333703, 0.3333333333333333703, 0.3333333333333333703, 0.3333333333333333703, 0.3333333333333333703, 0.3333333333333333703, 0.3333333333333333703, 0.3333333333333333703, 0.3333333333333333703, 0.3333333333333333703, 0.3333333333333333703, 0.3333333333333333703, 0.3333333333333333703, 0.3333333333333333703, 0.3333333333333333703),
 ( 0.3333333333333333703, 0.3333333333333333703, 0.3333333333333333703, 0.3333333333333333703, 0.3333333333333333703, 0.3333333333333333703, 0.3333333333333333703, 0.3333333333333333703, 0.3333333333333333703, 0.3333333333333333703, 0.3333333333333333703, 0.3333333333333333703, 0.3333333333333333703, 0.3333333333333333703, 0.3333333333333333703, 0.3333333333333333703, 0.3333333333333333703, 0.3333333333333333703),
 ( 1.000000000000000000, 1.000000000000000000, 1.000000000000000000, 1.000000000000000000, 1.000000000000000000, 1.000000000000000000, 1.000000000000000000, 1.000000000000000000, 1.000000000000000000, 1.000000000000000000, 1.000000000000000000, 1.000000000000000000, 1.000000000000000000, 1.000000000000000000, 1.000000000000000000, 1.000000000000000000, 1.000000000000000000, 1.000000000000000000),
 ( 0.3333333333333333703, 0.3333333333333333703, 0.3333333333333333703, 0.3333333333333333703, 0.3333333333333333703, 0.3333333333333333703, 0.3333333333333333703, 0.3333333333333333703, 0.3333333333333333703, 0.3333333333333333703, 0.3333333333333333703, 0.3333333333333333703, 0.3333333333333333703, 0.3333333333333333703, 0.3333333333333333703, 0.3333333333333333703, 0.3333333333333333703, 0.3333333333333333703),
 ( 0.3333333333333333703, 0.3333333333333333703, 0.3333333333333333703, 0.3333333333333333703, 0.3333333333333333703, 0.3333333333333333703, 0.3333333333333333703, 0.3333333333333333703, 0.3333333333333333703, 0.3333333333333333703, 0.3333333333333333703, 0.3333333333333333703, 0.3333333333333333703, 0.3333333333333333703, 0.3333333333333333703, 0.3333333333333333703, 0.3333333333333333703, 0.3333333333333333703),
 ( 1.000000000000000000, 1.000000000000000000, 1.000000000000000000, 1.000000000000000000, 1.000000000000000000, 1.000000000000000000, 1.000000000000000000, 1.000000000000000000, 1.000000000000000000, 1.000000000000000000, 1.000000000000000000, 1.000000000000000000, 1.000000000000000000, 1.000000000000000000, 1.000000000000000000, 1.000000000000000000, 1.000000000000000000, 1.000000000000000000) ) ) 
 REPRESENTATION_ITEM ( '' )  SURFACE ( )  );
#3338 = CARTESIAN_POINT ( 'NONE',  ( 52.10000000000000142, 1.831393742012989989, 0.4499999999999754752 ) ) ;
#3339 = CARTESIAN_POINT ( 'NONE',  ( 25.74173295618509982, 3.730461837990941110, -3.373928905680930512 ) ) ;
#3340 = CARTESIAN_POINT ( 'NONE',  ( 48.07531098464185959, 3.256913463351192917, 0.4245159932024936134 ) ) ;
#3341 = EDGE_CURVE ( 'NONE', #1510, #645, #4659, .T. ) ;
#3342 = CARTESIAN_POINT ( 'NONE',  ( 45.91549958635545181, 4.036323249996392803, -0.06849891304418591342 ) ) ;
#3343 = ORIENTED_EDGE ( 'NONE', *, *, #6019, .T. ) ;
#3344 = CARTESIAN_POINT ( 'NONE',  ( 52.44999999999999574, 3.531393742012984838, 1.474999999999978106 ) ) ;
#3345 =( BOUNDED_SURFACE ( )  B_SPLINE_SURFACE ( 3, 3, ( 
 ( #2397, #3684, #4965, #7564, #6153, #494, #8277, #3732, #7652, #3065, #2930, #5045, #5653, #3603, #2437, #5004 ),
 ( #2975, #1179, #7003, #5564, #8145, #2350, #4920, #7525, #3859, #1937, #3142, #5170, #1342, #4676, #6643, #3813 ),
 ( #218, #5089, #3411, #4719, #576, #3894, #6410, #7318, #5738, #8362, #4484, #849, #5129, #2557, #7277, #7084 ),
 ( #3771, #2600, #2520, #4446, #615, #6369, #7735, #7125, #8322, #688, #7692, #6490, #5326, #1896, #3221, #5816 ),
 ( #23, #7042, #5852, #1257, #7772, #1978, #4044, #4527, #3257, #2127, #65, #1500, #7367, #4175, #5502, #4273 ),
 ( #2915, #7993, #2998, #2377, #6687, #1669, #4134, #5589, #896, #6089, #2251, #6860, #2869, #298, #2336, #4806 ),
 ( #4947, #349, #255, #2205, #1589, #3626, #938, #4853, #8170, #6812, #1544, #7458, #390, #1074, #6729, #3493 ) ),
 .UNSPECIFIED., .T., .F., .F. ) 
 B_SPLINE_SURFACE_WITH_KNOTS ( ( 4, 3, 4 ),
 ( 4, 2, 2, 2, 2, 2, 2, 4 ),
 ( 0.000000000000000000, 0.5000000000000000000, 1.000000000000000000 ),
 ( 0.7941314441421509773, 0.8080660543021185305, 0.8220006644620860836, 0.8498698847820211899, 0.8777391051019562962, 0.8916737152619238493, 0.8986410203419077369, 0.9056083254218915135 ),
 .UNSPECIFIED. ) 
 GEOMETRIC_REPRESENTATION_ITEM ( )  RATIONAL_B_SPLINE_SURFACE ( (
 ( 1.000000000000000000, 1.000000000000000000, 1.000000000000000000, 1.000000000000000000, 1.000000000000000000, 1.000000000000000000, 1.000000000000000000, 1.000000000000000000, 1.000000000000000000, 1.000000000000000000, 1.000000000000000000, 1.000000000000000000, 1.000000000000000000, 1.000000000000000000, 1.000000000000000000, 1.000000000000000000),
 ( 0.3333333333333333703, 0.3333333333333333703, 0.3333333333333333703, 0.3333333333333333703, 0.3333333333333333703, 0.3333333333333333703, 0.3333333333333333703, 0.3333333333333333703, 0.3333333333333333703, 0.3333333333333333703, 0.3333333333333333703, 0.3333333333333333703, 0.3333333333333333703, 0.3333333333333333703, 0.3333333333333333703, 0.3333333333333333703),
 ( 0.3333333333333333703, 0.3333333333333333703, 0.3333333333333333703, 0.3333333333333333703, 0.3333333333333333703, 0.3333333333333333703, 0.3333333333333333703, 0.3333333333333333703, 0.3333333333333333703, 0.3333333333333333703, 0.3333333333333333703, 0.3333333333333333703, 0.3333333333333333703, 0.3333333333333333703, 0.3333333333333333703, 0.3333333333333333703),
 ( 1.000000000000000000, 1.000000000000000000, 1.000000000000000000, 1.000000000000000000, 1.000000000000000000, 1.000000000000000000, 1.000000000000000000, 1.000000000000000000, 1.000000000000000000, 1.000000000000000000, 1.000000000000000000, 1.000000000000000000, 1.000000000000000000, 1.000000000000000000, 1.000000000000000000, 1.000000000000000000),
 ( 0.3333333333333333703, 0.3333333333333333703, 0.3333333333333333703, 0.3333333333333333703, 0.3333333333333333703, 0.3333333333333333703, 0.3333333333333333703, 0.3333333333333333703, 0.3333333333333333703, 0.3333333333333333703, 0.3333333333333333703, 0.3333333333333333703, 0.3333333333333333703, 0.3333333333333333703, 0.3333333333333333703, 0.3333333333333333703),
 ( 0.3333333333333333703, 0.3333333333333333703, 0.3333333333333333703, 0.3333333333333333703, 0.3333333333333333703, 0.3333333333333333703, 0.3333333333333333703, 0.3333333333333333703, 0.3333333333333333703, 0.3333333333333333703, 0.3333333333333333703, 0.3333333333333333703, 0.3333333333333333703, 0.3333333333333333703, 0.3333333333333333703, 0.3333333333333333703),
 ( 1.000000000000000000, 1.000000000000000000, 1.000000000000000000, 1.000000000000000000, 1.000000000000000000, 1.000000000000000000, 1.000000000000000000, 1.000000000000000000, 1.000000000000000000, 1.000000000000000000, 1.000000000000000000, 1.000000000000000000, 1.000000000000000000, 1.000000000000000000, 1.000000000000000000, 1.000000000000000000) ) ) 
 REPRESENTATION_ITEM ( '' )  SURFACE ( )  );
#3346 = CARTESIAN_POINT ( 'NONE',  ( 32.94589888087691065, 3.173369040226226900, -0.4751035262018716288 ) ) ;
#3347 = CARTESIAN_POINT ( 'NONE',  ( 46.95905718909369853, 3.463780403093090765, -0.2364481824695254253 ) ) ;
#3348 = DIRECTION ( 'NONE',  ( -7.000000000000000150E-15, 2.999999999999999839E-15, -1.000000000000000000 ) ) ;
#3349 = CARTESIAN_POINT ( 'NONE',  ( 26.00179323022354794, 1.625412670796971826, 4.805509957458472314 ) ) ;
#3350 = ORIENTED_EDGE ( 'NONE', *, *, #205, .F. ) ;
#3351 = CARTESIAN_POINT ( 'NONE',  ( 45.35217706658693970, 2.413580374494307623, 0.005058572039493591452 ) ) ;
#3352 = ORIENTED_EDGE ( 'NONE', *, *, #6898, .F. ) ;
#3353 = DIRECTION ( 'NONE',  ( 1.000000000000000000, 0.000000000000000000, -7.000000000000000150E-15 ) ) ;
#3354 = ORIENTED_EDGE ( 'NONE', *, *, #3825, .T. ) ;
#3355 = CARTESIAN_POINT ( 'NONE',  ( 47.95195805264940958, 3.252434838328307265, -0.4212970506570909990 ) ) ;
#3356 = CARTESIAN_POINT ( 'NONE',  ( 45.39018537787168839, 2.819905315264721768, -0.1631237060645675530 ) ) ;
#3357 = ADVANCED_FACE ( 'NONE', ( #6114 ), #240, .T. ) ;
#3358 = VECTOR ( 'NONE', #7408, 1000.000000000000114 ) ;
#3359 = CARTESIAN_POINT ( 'NONE',  ( 41.38545120594528015, 3.127946038472396495, -0.2046701919998029362 ) ) ;
#3360 = CARTESIAN_POINT ( 'NONE',  ( 41.19042773635831622, 3.708293136135863755, -0.2174605989257895056 ) ) ;
#3361 = CARTESIAN_POINT ( 'NONE',  ( 29.33928498435293974, 3.280475453170475841, -0.9767474397511608508 ) ) ;
#3362 = CARTESIAN_POINT ( 'NONE',  ( 45.75762645567560583, 3.260474742794814862, -0.3320648881077233328 ) ) ;
#3363 = FACE_OUTER_BOUND ( 'NONE', #7898, .T. ) ;
#3364 = CARTESIAN_POINT ( 'NONE',  ( 44.01571563243651042, 3.285193043161958038, -0.1078892211186937705 ) ) ;
#3365 = DIRECTION ( 'NONE',  ( -1.000000000000000000, 0.000000000000000000, 7.000000000000000150E-15 ) ) ;
#3366 = EDGE_CURVE ( 'NONE', #7493, #5943, #8017, .T. ) ;
#3367 = DIRECTION ( 'NONE',  ( -3.510212787052005290E-15, -1.000000000000000000, -2.999999999999999839E-15 ) ) ;
#3368 = CARTESIAN_POINT ( 'NONE',  ( 32.67316918524453939, 3.941350827344536345, 0.5255028803904727708 ) ) ;
#3369 = CARTESIAN_POINT ( 'NONE',  ( -11.50000000000000000, 3.066066587663970888E-31, -8.030407079339205455E-14 ) ) ;
#3370 = CARTESIAN_POINT ( 'NONE',  ( 48.50000000000000000, 2.323658715094035099, -0.8249999999999999556 ) ) ;
#3371 = CARTESIAN_POINT ( 'NONE',  ( 31.29761222151085676, 3.440626952679683992, -0.08148455955725641964 ) ) ;
#3372 = DIRECTION ( 'NONE',  ( 1.000000000000000000, -4.084202172485500328E-15, -7.000000000000000150E-15 ) ) ;
#3373 = EDGE_CURVE ( 'NONE', #5141, #6692, #7976, .T. ) ;
#3374 = ORIENTED_EDGE ( 'NONE', *, *, #4577, .F. ) ;
#3375 = CARTESIAN_POINT ( 'NONE',  ( 45.56765270799773049, 3.662353851710050900, 0.2569540498075081891 ) ) ;
#3376 = ORIENTED_EDGE ( 'NONE', *, *, #5394, .T. ) ;
#3377 = CARTESIAN_POINT ( 'NONE',  ( 29.92728475127561083, 2.863371339123852000, 0.7727029479684870417 ) ) ;
#3378 = VECTOR ( 'NONE', #7014, 1000.000000000000000 ) ;
#3379 = CARTESIAN_POINT ( 'NONE',  ( 27.18191376433516737, 3.049061285364879748, -2.369050042655622690 ) ) ;
#3380 = DIRECTION ( 'NONE',  ( -0.8000000000000000444, 6.671532165918830636E-15, 0.5999999999999999778 ) ) ;
#3381 = VECTOR ( 'NONE', #5859, 1000.000000000000000 ) ;
#3382 = ORIENTED_EDGE ( 'NONE', *, *, #1850, .T. ) ;
#3383 = PLANE ( 'NONE',  #2085 ) ;
#3384 = CARTESIAN_POINT ( 'NONE',  ( 34.03445227321548572, 3.734327941480461543, 0.04907848086754725697 ) ) ;
#3385 = CARTESIAN_POINT ( 'NONE',  ( 47.73490114387619343, 3.639945048194685562, -0.4095379990907793699 ) ) ;
#3386 = CARTESIAN_POINT ( 'NONE',  ( 48.59999999999999432, 2.531393742013005266, -1.125000000000000000 ) ) ;
#3387 = CARTESIAN_POINT ( 'NONE',  ( 52.10000000000000142, 2.081393742012989989, -0.4500000000000239919 ) ) ;
#3388 = ORIENTED_EDGE ( 'NONE', *, *, #949, .T. ) ;
#3389 = CARTESIAN_POINT ( 'NONE',  ( 49.10000000000001563, 4.831393742013005088, -2.000735931288074365 ) ) ;
#3390 = VERTEX_POINT ( 'NONE', #4833 ) ;
#3391 = CARTESIAN_POINT ( 'NONE',  ( 33.78776995121341287, 3.301348803666412035, -0.4105147599304630468 ) ) ;
#3392 = ORIENTED_EDGE ( 'NONE', *, *, #7986, .T. ) ;
#3393 = FACE_OUTER_BOUND ( 'NONE', #809, .T. ) ;
#3394 = CARTESIAN_POINT ( 'NONE',  ( 39.94589931039916308, 3.651054028043940303, 0.2772413222358305340 ) ) ;
#3395 = CARTESIAN_POINT ( 'NONE',  ( 36.87020941613298675, 3.033107297752875908, 0.07726400470759903216 ) ) ;
#3396 = CARTESIAN_POINT ( 'NONE',  ( 39.16778560659480490, 2.883739501971372299, 0.3032467868438575853 ) ) ;
#3397 = CARTESIAN_POINT ( 'NONE',  ( 31.51002320087813757, 3.481099535232901498, 0.3382121326381417603 ) ) ;
#3398 = CARTESIAN_POINT ( 'NONE',  ( 48.16494492839986918, 2.856393742013002779, -0.8249999999999989564 ) ) ;
#3399 = DIRECTION ( 'NONE',  ( 0.000000000000000000, -2.891205793294677044E-15, 1.000000000000000000 ) ) ;
#3400 = CARTESIAN_POINT ( 'NONE',  ( 38.76521180071387818, 2.921812184224445108, -0.2386553630727472064 ) ) ;
#3401 = DIRECTION ( 'NONE',  ( -7.000000000000000150E-15, 2.999999999999999839E-15, -1.000000000000000000 ) ) ;
#3402 = LINE ( 'NONE', #341, #4750 ) ;
#3403 = CARTESIAN_POINT ( 'NONE',  ( 43.94090169577446403, 4.070459216836577632, -0.02644616032980342396 ) ) ;
#3404 = EDGE_CURVE ( 'NONE', #79, #1478, #2234, .T. ) ;
#3405 = LINE ( 'NONE', #2666, #3043 ) ;
#3406 = CARTESIAN_POINT ( 'NONE',  ( 34.25443661575972243, 3.578459542492147705, -0.2584897403251674719 ) ) ;
#3407 = CARTESIAN_POINT ( 'NONE',  ( 29.93098407315486043, 3.089616807338797955, -0.9425857248816162937 ) ) ;
#3408 = DIRECTION ( 'NONE',  ( 0.000000000000000000, 1.000000000000000000, 0.000000000000000000 ) ) ;
#3409 = CARTESIAN_POINT ( 'NONE',  ( 40.70957226364449610, 2.940795484734893606, -0.2870804379965601338 ) ) ;
#3410 = EDGE_CURVE ( 'NONE', #2426, #5628, #7505, .T. ) ;
#3411 = CARTESIAN_POINT ( 'NONE',  ( 31.20846482332843408, 3.446983837743003765, -0.07557559366967078751 ) ) ;
#3412 = ORIENTED_EDGE ( 'NONE', *, *, #7334, .T. ) ;
#3413 = AXIS2_PLACEMENT_3D ( 'NONE', #2428, #1889, #529 ) ;
#3414 = CARTESIAN_POINT ( 'NONE',  ( 48.08148697014151907, 3.656879354156302053, 0.4245480883327524269 ) ) ;
#3415 = LINE ( 'NONE', #4857, #335 ) ;
#3416 = VERTEX_POINT ( 'NONE', #8328 ) ;
#3417 = DIRECTION ( 'NONE',  ( -1.000000000000000000, 2.999999999999999839E-15, 7.000000000000000150E-15 ) ) ;
#3418 = SURFACE_STYLE_USAGE ( .BOTH. , #7376 ) ;
#3419 = AXIS2_PLACEMENT_3D ( 'NONE', #2903, #3614, #6208 ) ;
#3420 = VECTOR ( 'NONE', #394, 1000.000000000000000 ) ;
#3421 = AXIS2_PLACEMENT_3D ( 'NONE', #1839, #4390, #1199 ) ;
#3422 = PLANE ( 'NONE',  #6574 ) ;
#3423 = ORIENTED_EDGE ( 'NONE', *, *, #7007, .F. ) ;
#3424 = DIRECTION ( 'NONE',  ( 2.999999999999999839E-15, 1.000000000000000000, 2.999999999999999839E-15 ) ) ;
#3425 = CARTESIAN_POINT ( 'NONE',  ( 41.19042773635831622, 3.708293136135863755, -0.2174605989257895056 ) ) ;
#3426 = CARTESIAN_POINT ( 'NONE',  ( 46.60147110511606883, 3.358848230459227313, -0.1194223967580486379 ) ) ;
#3427 = FACE_OUTER_BOUND ( 'NONE', #1393, .T. ) ;
#3428 = CARTESIAN_POINT ( 'NONE',  ( 48.50000000000000000, 2.531393742012994608, 1.182735026918962040 ) ) ;
#3429 = EDGE_LOOP ( 'NONE', ( #2550, #1601, #3433, #2366 ) ) ;
#3430 = DIRECTION ( 'NONE',  ( 0.5000000000000061062, -4.098076211353325214E-15, 0.8660254037844351549 ) ) ;
#3431 = VECTOR ( 'NONE', #4515, 1000.000000000000000 ) ;
#3432 = VECTOR ( 'NONE', #5112, 1000.000000000000000 ) ;
#3433 = ORIENTED_EDGE ( 'NONE', *, *, #1109, .T. ) ;
#3434 = CARTESIAN_POINT ( 'NONE',  ( 42.96521180072355151, 3.324223804845748642, 0.4053397138900269869 ) ) ;
#3435 = PLANE ( 'NONE',  #6414 ) ;
#3436 = CARTESIAN_POINT ( 'NONE',  ( 34.81256597706398281, 3.173365996480824514, -0.4751061834862030375 ) ) ;
#3437 = CARTESIAN_POINT ( 'NONE',  ( 33.06240279720809383, 3.045486047449028177, 0.09994505844832647645 ) ) ;
#3438 = VECTOR ( 'NONE', #8177, 1000.000000000000000 ) ;
#3439 = CARTESIAN_POINT ( 'NONE',  ( 45.43093899030911587, 4.086168805775235668, 0.1025864099608052304 ) ) ;
#3440 = CARTESIAN_POINT ( 'NONE',  ( 31.60985403315105202, 3.419575991029049522, 0.3638939754815671557 ) ) ;
#3441 = CARTESIAN_POINT ( 'NONE',  ( 47.83804637435414264, 3.246796355497120423, -0.4159977699012467611 ) ) ;
#3442 = CARTESIAN_POINT ( 'NONE',  ( 49.29999999999999716, 3.981393742012995229, 1.474999999999999867 ) ) ;
#3443 = EDGE_CURVE ( 'NONE', #2253, #1637, #2566, .T. ) ;
#3444 = CARTESIAN_POINT ( 'NONE',  ( 32.65623158784674729, 3.253035769990523907, -0.1092736210122155910 ) ) ;
#3445 = DIRECTION ( 'NONE',  ( 2.666144858838235626E-32, 1.000000000000000000, 1.861759004257252044E-46 ) ) ;
#3446 = CARTESIAN_POINT ( 'NONE',  ( 48.59999999999999432, 3.981393742013000114, -0.3749999999999935052 ) ) ;
#3447 = CARTESIAN_POINT ( 'NONE',  ( 30.40649478394737315, 2.806956265344502821, 0.3265598408100254813 ) ) ;
#3448 = CARTESIAN_POINT ( 'NONE',  ( 31.43047247749945328, 3.359673131624032028, -0.8295338069307339746 ) ) ;
#3449 = CYLINDRICAL_SURFACE ( 'NONE', #5643, 9.549999999999998934 ) ;
#3450 = CARTESIAN_POINT ( 'NONE',  ( 38.14290559697790428, 3.642395707201222077, -0.1817138430145309735 ) ) ;
#3451 = CARTESIAN_POINT ( 'NONE',  ( 31.43047247749945683, 3.153114352402060394, 0.8295338069309767803 ) ) ;
#3452 = VECTOR ( 'NONE', #3305, 1000.000000000000000 ) ;
#3453 = ADVANCED_FACE ( 'NONE', ( #7211 ), #657, .T. ) ;
#3454 = ORIENTED_EDGE ( 'NONE', *, *, #5059, .T. ) ;
#3455 = EDGE_LOOP ( 'NONE', ( #8199, #8246, #1884, #1925 ) ) ;
#3456 = CARTESIAN_POINT ( 'NONE',  ( 48.07531098464185959, 3.256913463351192917, 0.4245159932024936134 ) ) ;
#3457 = CARTESIAN_POINT ( 'NONE',  ( 52.10000000000000142, 0.4213937420129905131, -0.4250000000000289657 ) ) ;
#3458 = VERTEX_POINT ( 'NONE', #3820 ) ;
#3459 = DIRECTION ( 'NONE',  ( -1.000000000000000000, 2.999999999999999839E-15, 7.000000000000000150E-15 ) ) ;
#3460 = DIRECTION ( 'NONE',  ( -2.999999999999999839E-15, -1.000000000000000000, -2.999999999999999839E-15 ) ) ;
#3461 = CARTESIAN_POINT ( 'NONE',  ( 33.82648604287435035, 3.454196975310459994, -0.7922239258417266283 ) ) ;
#3462 = ORIENTED_EDGE ( 'NONE', *, *, #4644, .T. ) ;
#3463 = DIRECTION ( 'NONE',  ( 0.5492701657552517824, -0.8159112450799056449, 0.1805301225927583575 ) ) ;
#3464 = ORIENTED_EDGE ( 'NONE', *, *, #3193, .F. ) ;
#3465 = CARTESIAN_POINT ( 'NONE',  ( 44.52110031537072388, 2.997912395661925355, -0.3220305819354415400 ) ) ;
#3466 = CARTESIAN_POINT ( 'NONE',  ( 42.78825587143583675, 2.937768527692771858, 0.8033859625926514925 ) ) ;
#3467 = CARTESIAN_POINT ( 'NONE',  ( 45.54981979683985571, 3.249943586242646010, -0.2670140047037743991 ) ) ;
#3468 = EDGE_CURVE ( 'NONE', #7693, #6996, #5785, .T. ) ;
#3469 = DIRECTION ( 'NONE',  ( 7.000000000000000150E-15, -2.891205793294680200E-15, 1.000000000000000000 ) ) ;
#3470 = EDGE_CURVE ( 'NONE', #1766, #4514, #8368, .T. ) ;
#3471 = CARTESIAN_POINT ( 'NONE',  ( 46.58018908645585299, 3.560909549533467722, 0.5119121207760612968 ) ) ;
#3472 = ORIENTED_EDGE ( 'NONE', *, *, #679, .T. ) ;
#3473 = EDGE_LOOP ( 'NONE', ( #1888, #310, #5741, #8316 ) ) ;
#3474 =( NAMED_UNIT ( * ) PLANE_ANGLE_UNIT ( ) SI_UNIT ( $, .RADIAN. ) );
#3475 = CARTESIAN_POINT ( 'NONE',  ( 43.89854515320821804, 2.851054012432156171, 0.06783008095329695619 ) ) ;
#3476 = LINE ( 'NONE', #1570, #5315 ) ;
#3477 = CARTESIAN_POINT ( 'NONE',  ( 33.41256594564819693, 2.979152397151217269, 0.3946599679661542681 ) ) ;
#3478 = CARTESIAN_POINT ( 'NONE',  ( 44.36521204881365321, 3.590975762588390019, 0.2386554814985465400 ) ) ;
#3479 = CARTESIAN_POINT ( 'NONE',  ( 39.16778560659479780, 3.629047982054676158, -0.3032467868437227487 ) ) ;
#3480 = CARTESIAN_POINT ( 'NONE',  ( -9.633924433998858561, -0.05000000000000000278, 1.499999999999932943 ) ) ;
#3481 = CARTESIAN_POINT ( 'NONE',  ( 48.07572214501707464, 2.855876713941374323, -0.8245185247641463322 ) ) ;
#3482 = CARTESIAN_POINT ( 'NONE',  ( 52.20000000000000284, 3.531393742012994608, -1.775000000000000133 ) ) ;
#3483 = CARTESIAN_POINT ( 'NONE',  ( 37.08952190644337321, 3.355998527743342397, -0.04492259245913814147 ) ) ;
#3484 = VECTOR ( 'NONE', #6895, 999.9999999999998863 ) ;
#3485 = CYLINDRICAL_SURFACE ( 'NONE', #5121, 0.1999999999999999833 ) ;
#3486 = CARTESIAN_POINT ( 'NONE',  ( 29.92728475127561083, 2.863371339123852000, 0.7727029479684870417 ) ) ;
#3487 = CARTESIAN_POINT ( 'NONE',  ( 44.52110031537073098, 3.514875088364091127, 0.3220305819355014365 ) ) ;
#3488 = CARTESIAN_POINT ( 'NONE',  ( 34.09854513467973192, 3.017738366070769285, 0.3345815717128872158 ) ) ;
#3489 = CARTESIAN_POINT ( 'NONE',  ( 36.70560351135015509, 3.196417679743092766, 0.09959036260951464881 ) ) ;
#3490 = CARTESIAN_POINT ( 'NONE',  ( 30.82133471423613003, 3.170615225419229688, -0.1305138390990939479 ) ) ;
#3491 = CARTESIAN_POINT ( 'NONE',  ( 48.50000000000000000, 1.631393742013004911, -1.824999999999999956 ) ) ;
#3492 = CIRCLE ( 'NONE', #1907, 10.00000000000000000 ) ;
#3493 = CARTESIAN_POINT ( 'NONE',  ( 29.32641739690357952, 2.893902494939894154, 1.245420415730013497 ) ) ;
#3494 = VERTEX_POINT ( 'NONE', #3864 ) ;
#3495 = ORIENTED_EDGE ( 'NONE', *, *, #2730, .T. ) ;
#3496 = DIRECTION ( 'NONE',  ( 0.8000000000000000444, -4.026527652402319696E-15, 0.5999999999999999778 ) ) ;
#3497 = DIRECTION ( 'NONE',  ( 1.000000000000000000, 0.000000000000000000, -7.000000000000000150E-15 ) ) ;
#3498 = ORIENTED_EDGE ( 'NONE', *, *, #4361, .F. ) ;
#3499 = CARTESIAN_POINT ( 'NONE',  ( 29.38457700004530437, 2.893902494939894154, 1.204839847270677389 ) ) ;
#3500 = ORIENTED_EDGE ( 'NONE', *, *, #3521, .T. ) ;
#3501 = DIRECTION ( 'NONE',  ( 1.000000000000000000, -2.260771246032615006E-15, -5.373696741271740343E-15 ) ) ;
#3502 = EDGE_LOOP ( 'NONE', ( #2064, #3885, #3462, #6110, #3773, #5710, #4655, #6482, #1296, #6227, #8054, #4536 ) ) ;
#3503 = CARTESIAN_POINT ( 'NONE',  ( 34.09854513467972481, 3.495049117955309370, -0.3345815717126813804 ) ) ;
#3504 = APPLICATION_PROTOCOL_DEFINITION ( 'draft international standard', 'automotive_design', 1998, #7475 ) ;
#3505 = VECTOR ( 'NONE', #3790, 1000.000000000000000 ) ;
#3506 = CARTESIAN_POINT ( 'NONE',  ( 41.85492253797950468, 4.059779704439190340, 0.3186252142387983599 ) ) ;
#3507 = CARTESIAN_POINT ( 'NONE',  ( 47.81117365604549718, 3.645955667411184375, -0.4152066880540202787 ) ) ;
#3508 = CARTESIAN_POINT ( 'NONE',  ( 26.64985775722247396, 3.477242631687680774, -3.228034932539221469 ) ) ;
#3509 = AXIS2_PLACEMENT_3D ( 'NONE', #4693, #4614, #74 ) ;
#3510 = CARTESIAN_POINT ( 'NONE',  ( 45.47229497646492291, 3.661574975172772639, 0.2254022645527941349 ) ) ;
#3511 = ADVANCED_FACE ( 'NONE', ( #695 ), #5858, .T. ) ;
#3512 = ORIENTED_EDGE ( 'NONE', *, *, #5431, .F. ) ;
#3513 = CARTESIAN_POINT ( 'NONE',  ( 47.76942555552375325, 3.271429267963787968, 0.4108700358038154254 ) ) ;
#3514 = ORIENTED_EDGE ( 'NONE', *, *, #4870, .F. ) ;
#3515 = LINE ( 'NONE', #6200, #6016 ) ;
#3516 = CARTESIAN_POINT ( 'NONE',  ( 31.76541706525373598, 3.319972528461555328, 0.3974505745560665271 ) ) ;
#3517 = ORIENTED_EDGE ( 'NONE', *, *, #8361, .T. ) ;
#3518 = CARTESIAN_POINT ( 'NONE',  ( 45.14333685535502383, 3.094921191242336445, 0.3984402521577363743 ) ) ;
#3519 = CARTESIAN_POINT ( 'NONE',  ( 45.23476051413001642, 2.788286702949084539, -0.04447211916689984557 ) ) ;
#3520 = VECTOR ( 'NONE', #4166, 1000.000000000000000 ) ;
#3521 = EDGE_CURVE ( 'NONE', #1967, #4229, #5822, .T. ) ;
#3522 = CARTESIAN_POINT ( 'NONE',  ( 44.95281762211698862, 3.184357296635502710, 0.8425997389783976832 ) ) ;
#3523 = CARTESIAN_POINT ( 'NONE',  ( 40.49042773635247272, 3.284366727255997098, 0.5007191693808167310 ) ) ;
#3524 = CARTESIAN_POINT ( 'NONE',  ( 39.98825587131311465, 2.453007779586499293, -0.3186252142374729757 ) ) ;
#3525 = FACE_OUTER_BOUND ( 'NONE', #611, .T. ) ;
#3526 = CARTESIAN_POINT ( 'NONE',  ( 46.38117082045368278, 2.920833406590060299, -0.05867563128563312025 ) ) ;
#3527 = FACE_OUTER_BOUND ( 'NONE', #4567, .T. ) ;
#3528 = ORIENTED_EDGE ( 'NONE', *, *, #6434, .F. ) ;
#3529 = CARTESIAN_POINT ( 'NONE',  ( 34.98952190647509752, 3.181562050951517229, 0.07962016502793975437 ) ) ;
#3530 = DIRECTION ( 'NONE',  ( -0.7071067811865431318, -9.153990547363390859E-17, 0.7071067811865520136 ) ) ;
#3531 = CARTESIAN_POINT ( 'NONE',  ( 52.10000000000000142, 4.381393742012989811, -0.8250000000000170530 ) ) ;
#3532 = EDGE_CURVE ( 'NONE', #5141, #3615, #2607, .T. ) ;
#3533 = CARTESIAN_POINT ( 'NONE',  ( 31.17719321599468785, 2.720622017454600083, -0.6314013613450378815 ) ) ;
#3534 = CARTESIAN_POINT ( 'NONE',  ( 43.12110328040321860, 3.301348795876313691, -0.4105147440243452350 ) ) ;
#3535 = CARTESIAN_POINT ( 'NONE',  ( 44.05443621027013279, 3.666905103311934422, 0.04495295524815948879 ) ) ;
#3536 = CARTESIAN_POINT ( 'NONE',  ( 33.12286000135622288, 3.181555005428005511, 0.07962264119809217555 ) ) ;
#3537 = CARTESIAN_POINT ( 'NONE',  ( 31.23740271875277585, 3.616396209625593272, 0.2749584008940114677 ) ) ;
#3538 = PRESENTATION_STYLE_ASSIGNMENT (( #6046 ) ) ;
#3539 = LINE ( 'NONE', #6135, #7107 ) ;
#3540 = VERTEX_POINT ( 'NONE', #5217 ) ;
#3541 = ORIENTED_EDGE ( 'NONE', *, *, #6549, .T. ) ;
#3542 = DIRECTION ( 'NONE',  ( 1.000000000000000000, -2.999999999999999839E-15, -7.000000000000000150E-15 ) ) ;
#3543 = CARTESIAN_POINT ( 'NONE',  ( 52.20000000000000284, 2.931393742012984749, 1.775000000000000133 ) ) ;
#3544 = EDGE_LOOP ( 'NONE', ( #1419, #6847, #6008, #5329 ) ) ;
#3545 = PLANE ( 'NONE',  #357 ) ;
#3546 = FACE_OUTER_BOUND ( 'NONE', #5647, .T. ) ;
#3547 = DIRECTION ( 'NONE',  ( -1.808388860358947483E-15, -0.9863939238321440817, 0.1643989873053549877 ) ) ;
#3548 = ADVANCED_FACE ( 'NONE', ( #7820 ), #2021, .T. ) ;
#3549 = CARTESIAN_POINT ( 'NONE',  ( 43.89854515320821804, 2.851054012432156171, 0.06783008095329695619 ) ) ;
#3550 = VECTOR ( 'NONE', #7401, 1000.000000000000227 ) ;
#3551 = EDGE_CURVE ( 'NONE', #6528, #6992, #1432, .T. ) ;
#3552 = CARTESIAN_POINT ( 'NONE',  ( 48.16494492839985497, 3.256393742013003134, -0.8249999999999988454 ) ) ;
#3553 = ORIENTED_EDGE ( 'NONE', *, *, #4538, .T. ) ;
#3554 = CARTESIAN_POINT ( 'NONE',  ( 39.23187846737793194, 3.324223804790090053, 0.4053397139605857680 ) ) ;
#3555 = DIRECTION ( 'NONE',  ( 7.000000000000000150E-15, -2.999999999999999839E-15, 1.000000000000000000 ) ) ;
#3556 = CARTESIAN_POINT ( 'NONE',  ( 33.60650169718920921, 3.781896154591186221, -0.6849559525475117372 ) ) ;
#3557 = CARTESIAN_POINT ( 'NONE',  ( 37.42158920465517724, 2.654579930432805490, 0.6202992567803580215 ) ) ;
#3558 = DIRECTION ( 'NONE',  ( 1.000000000000000000, -2.999999999999999839E-15, -7.000000000000000150E-15 ) ) ;
#3559 = VECTOR ( 'NONE', #4982, 1000.000000000000000 ) ;
#3560 = ADVANCED_FACE ( 'NONE', ( #5095 ), #1904, .F. ) ;
#3561 = DIRECTION ( 'NONE',  ( -4.295128495309495304E-29, 1.000000000000000000, 0.000000000000000000 ) ) ;
#3562 = VECTOR ( 'NONE', #3699, 1000.000000000000000 ) ;
#3563 = ORIENTED_EDGE ( 'NONE', *, *, #5427, .T. ) ;
#3564 = FACE_OUTER_BOUND ( 'NONE', #4858, .T. ) ;
#3565 = ADVANCED_FACE ( 'NONE', ( #5937 ), #2766, .T. ) ;
#3566 = ORIENTED_EDGE ( 'NONE', *, *, #5556, .F. ) ;
#3567 = CARTESIAN_POINT ( 'NONE',  ( 32.31007928061278278, 3.557626007881323993, -0.3061561758464791394 ) ) ;
#3568 = CARTESIAN_POINT ( 'NONE',  ( 38.09963891876807907, 3.222404703585833197, -0.1075305303824112824 ) ) ;
#3569 = VERTEX_POINT ( 'NONE', #1363 ) ;
#3570 = CARTESIAN_POINT ( 'NONE',  ( 48.80000000000000426, 4.531393742013010595, -1.824999999999999956 ) ) ;
#3571 = CARTESIAN_POINT ( 'NONE',  ( 39.67316836520608092, 4.112317056335879073, -0.1127506780069171682 ) ) ;
#3572 = CARTESIAN_POINT ( 'NONE',  ( 44.18825468781765409, 2.913616261961954113, -0.7933826849557090721 ) ) ;
#3573 = DIRECTION ( 'NONE',  ( 1.000000000000000000, 0.000000000000000000, 6.982962677686266711E-15 ) ) ;
#3574 = CARTESIAN_POINT ( 'NONE',  ( 48.50000000000000000, 2.473658715094035010, 0.1250000000000000000 ) ) ;
#3575 = CYLINDRICAL_SURFACE ( 'NONE', #7087, 9.750000000000000000 ) ;
#3576 = CARTESIAN_POINT ( 'NONE',  ( 42.39573618070700434, 3.467301382705110679, -0.09994508593552792197 ) ) ;
#3577 = CARTESIAN_POINT ( 'NONE',  ( 29.45944211630340703, 3.620113424414483916, -1.150553107503266226 ) ) ;
#3578 = FACE_OUTER_BOUND ( 'NONE', #6123, .T. ) ;
#3579 = PLANE ( 'NONE',  #3292 ) ;
#3580 = CARTESIAN_POINT ( 'NONE',  ( 34.29315270751164491, 2.556338826574516165, 0.4203188991788726070 ) ) ;
#3581 = VECTOR ( 'NONE', #3858, 1000.000000000000000 ) ;
#3582 = CARTESIAN_POINT ( 'NONE',  ( 35.18776994896077781, 2.997904001738663560, -0.3220658004634379123 ) ) ;
#3583 = EDGE_CURVE ( 'NONE', #4063, #3416, #4772, .T. ) ;
#3584 = CARTESIAN_POINT ( 'NONE',  ( 43.85618861064198626, 3.259779757674869494, 0.1092140015767154443 ) ) ;
#3585 = CARTESIAN_POINT ( 'NONE',  ( 31.15148475036799880, 3.647392202394325267, 0.2389132818767956967 ) ) ;
#3586 = PLANE ( 'NONE',  #5627 ) ;
#3587 = ORIENTED_EDGE ( 'NONE', *, *, #5068, .T. ) ;
#3588 = ORIENTED_EDGE ( 'NONE', *, *, #2381, .T. ) ;
#3589 = CARTESIAN_POINT ( 'NONE',  ( 26.64985775721738648, 3.088468552585866167, 3.228034932530065237 ) ) ;
#3590 = CARTESIAN_POINT ( 'NONE',  ( 27.29635786275970943, 3.449061285364876550, -2.533070005878987452 ) ) ;
#3591 = ORIENTED_EDGE ( 'NONE', *, *, #70, .F. ) ;
#3592 = PLANE ( 'NONE',  #6156 ) ;
#3593 = DIRECTION ( 'NONE',  ( -1.000000000000000000, 2.783159565502900135E-15, 7.000000000000000150E-15 ) ) ;
#3594 = LINE ( 'NONE', #6187, #881 ) ;
#3595 = VERTEX_POINT ( 'NONE', #708 ) ;
#3596 = CARTESIAN_POINT ( 'NONE',  ( 47.97980380562327696, 3.253717414759609738, -0.8224978157140058199 ) ) ;
#3597 = VERTEX_POINT ( 'NONE', #7305 ) ;
#3598 = CARTESIAN_POINT ( 'NONE',  ( 35.65443661563280386, 3.211438678712176031, 0.4105147597398876025 ) ) ;
#3599 = CARTESIAN_POINT ( 'NONE',  ( 0.000000000000000000, 5.000000000000000000, 0.000000000000000000 ) ) ;
#3600 = CARTESIAN_POINT ( 'NONE',  ( 45.18065993969629801, 3.679042513227539946, -0.7361277485371238161 ) ) ;
#3601 = CARTESIAN_POINT ( 'NONE',  ( 26.61048500229202318, 3.877242633967007190, -3.255507072830990278 ) ) ;
#3602 = ADVANCED_FACE ( 'NONE', ( #2156 ), #6670, .T. ) ;
#3603 = CARTESIAN_POINT ( 'NONE',  ( 29.45944211630342124, 2.892674059611622717, 1.150553107503537120 ) ) ;
#3604 = VERTEX_POINT ( 'NONE', #886 ) ;
#3605 = CARTESIAN_POINT ( 'NONE',  ( 47.77131169246211329, 3.671352119508890510, 0.8109428009464937359 ) ) ;
#3606 = ORIENTED_EDGE ( 'NONE', *, *, #7236, .F. ) ;
#3607 = CARTESIAN_POINT ( 'NONE',  ( 31.60985403315105202, 3.093211492997044232, -0.3638939754813269034 ) ) ;
#3608 = CARTESIAN_POINT ( 'NONE',  ( 42.14905385701725038, 3.285199339839436572, -0.1078931073912696159 ) ) ;
#3609 = VERTEX_POINT ( 'NONE', #3278 ) ;
#3610 = CARTESIAN_POINT ( 'NONE',  ( 40.72325718063809319, 3.072885496239742054, 0.4638344041942874529 ) ) ;
#3611 = CARTESIAN_POINT ( 'NONE',  ( 38.73983503186035193, 3.369144420004901885, 0.8559233143172648717 ) ) ;
#3612 = LINE ( 'NONE', #925, #6065 ) ;
#3613 = CARTESIAN_POINT ( 'NONE',  ( 24.90850174927125593, 1.727156155566247797, 3.955311759208319788 ) ) ;
#3614 = DIRECTION ( 'NONE',  ( 2.999999999999999839E-15, 1.000000000000000000, 2.999999999999999839E-15 ) ) ;
#3615 = VERTEX_POINT ( 'NONE', #5879 ) ;
#3616 = CARTESIAN_POINT ( 'NONE',  ( 31.64886276149288946, 3.152894912674102823, 0.01663925445126079872 ) ) ;
#3617 = PRODUCT_DEFINITION_SHAPE ( 'NONE', 'NONE',  #8374 ) ;
#3618 = CARTESIAN_POINT ( 'NONE',  ( 31.15148475036799880, 3.647392202394325267, 0.2389132818767956967 ) ) ;
#3619 = CARTESIAN_POINT ( 'NONE',  ( 52.20000000000000284, 2.981393742012984571, 1.474999999999978106 ) ) ;
#3620 = CARTESIAN_POINT ( 'NONE',  ( 24.80004598964588425, 1.516493618443342184, 4.518731722322042899 ) ) ;
#3621 = LINE ( 'NONE', #8292, #1835 ) ;
#3622 = CARTESIAN_POINT ( 'NONE',  ( 34.72110328229667431, 2.845878982300857896, -0.04495506328104605792 ) ) ;
#3623 = CARTESIAN_POINT ( 'NONE',  ( 34.98952190647509752, 3.331225433074556097, -0.07962016502774639515 ) ) ;
#3624 = CARTESIAN_POINT ( 'NONE',  ( 29.42636190768925175, 3.838246719687778530, -0.7477825757812502916 ) ) ;
#3625 = LINE ( 'NONE', #6223, #3650 ) ;
#3626 = CARTESIAN_POINT ( 'NONE',  ( 30.89994783366332243, 2.799424123531273345, -0.1023232800365298095 ) ) ;
#3627 = EDGE_CURVE ( 'NONE', #6168, #5328, #7872, .T. ) ;
#3628 = CIRCLE ( 'NONE', #4404, 0.1999999999999999833 ) ;
#3629 = ORIENTED_EDGE ( 'NONE', *, *, #381, .T. ) ;
#3630 = ORIENTED_EDGE ( 'NONE', *, *, #4061, .F. ) ;
#3631 = CARTESIAN_POINT ( 'NONE',  ( 25.21801614582567197, 1.727156155566247797, 4.046960891474398636 ) ) ;
#3632 = VERTEX_POINT ( 'NONE', #3954 ) ;
#3633 = CIRCLE ( 'NONE', #7161, 0.1999999999999999833 ) ;
#3634 = CARTESIAN_POINT ( 'NONE',  ( 0.000000000000000000, 5.000000000000000000, 0.000000000000000000 ) ) ;
#3635 = CARTESIAN_POINT ( 'NONE',  ( 42.90111894300756745, 2.883739492546009586, 0.3032468032874187092 ) ) ;
#3636 = CARTESIAN_POINT ( 'NONE',  ( 46.38117082045368278, 3.591954077435945081, 0.05867563128566699593 ) ) ;
#3637 = ORIENTED_EDGE ( 'NONE', *, *, #5711, .T. ) ;
#3638 = CARTESIAN_POINT ( 'NONE',  ( 48.70000000000001705, 3.256393742012988035, 0.4250000000000001554 ) ) ;
#3639 = CARTESIAN_POINT ( 'NONE',  ( 50.93168224707739711, 4.631393742012989811, 0.1989953271628929765 ) ) ;
#3640 = CARTESIAN_POINT ( 'NONE',  ( 43.62648635649820505, 2.556339309917233571, 0.4203193338399492940 ) ) ;
#3641 = CARTESIAN_POINT ( 'NONE',  ( 27.29635786275970943, 3.449061285364876550, -2.533070005878987452 ) ) ;
#3642 =( LENGTH_UNIT ( ) NAMED_UNIT ( * ) SI_UNIT ( .MILLI., .METRE. ) );
#3643 = ORIENTED_EDGE ( 'NONE', *, *, #64, .T. ) ;
#3644 = CARTESIAN_POINT ( 'NONE',  ( 46.58018908645585299, 3.560909549533467722, 0.5119121207760612968 ) ) ;
#3645 = ORIENTED_EDGE ( 'NONE', *, *, #6790, .F. ) ;
#3646 = CARTESIAN_POINT ( 'NONE',  ( 31.76541706525372888, 3.192814955564537538, -0.3974505745558281067 ) ) ;
#3647 = CARTESIAN_POINT ( 'NONE',  ( 33.58952227757595921, 3.147179244570991408, 0.003385698674973576950 ) ) ;
#3648 = CARTESIAN_POINT ( 'NONE',  ( 40.10111893992864651, 3.559640528849906005, 0.3726542400367270913 ) ) ;
#3649 = CARTESIAN_POINT ( 'NONE',  ( 48.59999999999999432, 2.531393742012999937, -0.1250000000000000000 ) ) ;
#3650 = VECTOR ( 'NONE', #1112, 1000.000000000000000 ) ;
#3651 = DIRECTION ( 'NONE',  ( -1.000000000000000000, 2.666144858838235626E-32, -6.982962677686267499E-15 ) ) ;
#3652 = CARTESIAN_POINT ( 'NONE',  ( 48.70000000000000284, 2.531393742012999937, -0.1250000000000019984 ) ) ;
#3653 = VERTEX_POINT ( 'NONE', #5231 ) ;
#3654 = CARTESIAN_POINT ( 'NONE',  ( 31.34981945619847465, 3.479478850433992410, -0.04267824210612723018 ) ) ;
#3655 = CARTESIAN_POINT ( 'NONE',  ( -11.49999999999998934, 3.066066587663970888E-31, -1.500000000000080158 ) ) ;
#3656 = CARTESIAN_POINT ( 'NONE',  ( 24.94664016515675797, 2.028983853716439523, 3.928700872730935600 ) ) ;
#3657 = DIRECTION ( 'NONE',  ( -1.000000000000000000, 2.999999999999999839E-15, 7.000000000000000150E-15 ) ) ;
#3658 = CARTESIAN_POINT ( 'NONE',  ( 44.36521204881365321, 3.590975762588390019, 0.2386554814985465400 ) ) ;
#3659 = CARTESIAN_POINT ( 'NONE',  ( 44.01571563243651042, 3.227594440864061553, 0.1078892211187607586 ) ) ;
#3660 = LINE ( 'NONE', #4271, #7026 ) ;
#3661 = DIRECTION ( 'NONE',  ( -1.000000000000000000, 2.999999999999999839E-15, 7.000000000000000150E-15 ) ) ;
#3662 = EDGE_CURVE ( 'NONE', #4237, #7086, #125, .T. ) ;
#3663 = DIRECTION ( 'NONE',  ( -0.000000000000000000, -1.000000000000000000, -0.000000000000000000 ) ) ;
#3664 = ORIENTED_EDGE ( 'NONE', *, *, #5746, .F. ) ;
#3665 = ADVANCED_FACE ( 'NONE', ( #2035 ), #3994, .F. ) ;
#3666 = ORIENTED_EDGE ( 'NONE', *, *, #7066, .F. ) ;
#3667 = ORIENTED_EDGE ( 'NONE', *, *, #4753, .F. ) ;
#3668 = CARTESIAN_POINT ( 'NONE',  ( 49.29999999999999716, 4.831393742012989989, 1.074999999999999956 ) ) ;
#3669 = DIRECTION ( 'NONE',  ( -0.7745966692414846255, 0.4472135954999607588, -0.4472135954999527652 ) ) ;
#3670 = DIRECTION ( 'NONE',  ( 0.8271046511042935423, 0.000000000000000000, 0.5620479482407572114 ) ) ;
#3671 = ADVANCED_FACE ( 'NONE', ( #3363 ), #1405, .F. ) ;
#3672 = CARTESIAN_POINT ( 'NONE',  ( 44.05443621027013279, 2.845882380714084725, -0.04495295524809304194 ) ) ;
#3673 = LINE ( 'NONE', #4957, #834 ) ;
#3674 = ORIENTED_EDGE ( 'NONE', *, *, #4291, .F. ) ;
#3675 = ORIENTED_EDGE ( 'NONE', *, *, #6196, .F. ) ;
#3676 =( GEOMETRIC_REPRESENTATION_CONTEXT ( 3 ) GLOBAL_UNCERTAINTY_ASSIGNED_CONTEXT ( ( #6625 ) ) GLOBAL_UNIT_ASSIGNED_CONTEXT ( ( #3831, #5145, #5828 ) ) REPRESENTATION_CONTEXT ( 'NONE', 'WORKASPACE' ) );
#3677 = CARTESIAN_POINT ( 'NONE',  ( 41.40957226364646715, 3.400847258516603855, -0.4014356977654928715 ) ) ;
#3678 = PLANE ( 'NONE',  #1499 ) ;
#3679 = CARTESIAN_POINT ( 'NONE',  ( 44.09315678810376227, 2.464170320564104344, -0.1977951316149459959 ) ) ;
#3680 = CARTESIAN_POINT ( 'NONE',  ( 44.40756790410932098, 3.850725959884469418, 0.5569319571326956098 ) ) ;
#3681 = CARTESIAN_POINT ( 'NONE',  ( 26.07914960422809614, 3.331174544032958984, -3.626243655105619190 ) ) ;
#3682 = EDGE_CURVE ( 'NONE', #4237, #3868, #2740, .T. ) ;
#3683 = VECTOR ( 'NONE', #4381, 1000.000000000000000 ) ;
#3684 = CARTESIAN_POINT ( 'NONE',  ( 31.51002320087813047, 3.031687948793192700, -0.3382121326378996762 ) ) ;
#3686 = EDGE_CURVE ( 'NONE', #5558, #5808, #6631, .T. ) ;
#3685 = VERTEX_POINT ( 'NONE', #1487 ) ;
#3687 = CARTESIAN_POINT ( 'NONE',  ( 48.12767433960583219, 2.856393742012992121, 0.8250000000000085043 ) ) ;
#3688 = EDGE_LOOP ( 'NONE', ( #3101, #7759, #4176, #7074, #5154 ) ) ;
#3689 = CARTESIAN_POINT ( 'NONE',  ( 35.03187846737706934, 2.921812184209973573, -0.2386553630810281934 ) ) ;
#3690 = CARTESIAN_POINT ( 'NONE',  ( 39.34905385703837055, 3.364286849429631410, 0.02880559786475071424 ) ) ;
#3691 = CARTESIAN_POINT ( 'NONE',  ( 43.12110328040321860, 3.301348795876313691, -0.4105147440243452350 ) ) ;
#3692 = AXIS2_PLACEMENT_3D ( 'NONE', #1526, #156, #198 ) ;
#3693 = VECTOR ( 'NONE', #7308, 1000.000000000000000 ) ;
#3694 = CARTESIAN_POINT ( 'NONE',  ( 36.56106315531101103, 3.792770590374771711, 0.7184866592990437617 ) ) ;
#3695 = CARTESIAN_POINT ( 'NONE',  ( 31.90101162774591970, 2.560364116000165779, 0.5674426915631407553 ) ) ;
#3696 = DIRECTION ( 'NONE',  ( -7.000000000000000150E-15, 2.999999999999999839E-15, -1.000000000000000000 ) ) ;
#3697 = CARTESIAN_POINT ( 'NONE',  ( 48.59999999999999432, 2.531393742012994608, 0.8249999999999999556 ) ) ;
#3698 = VECTOR ( 'NONE', #840, 1000.000000000000000 ) ;
#3699 = DIRECTION ( 'NONE',  ( -1.000000000000000000, 2.999999999999999839E-15, 7.000000000000000150E-15 ) ) ;
#3700 = CIRCLE ( 'NONE', #8037, 0.2000000000000001499 ) ;
#3701 = ORIENTED_EDGE ( 'NONE', *, *, #7160, .T. ) ;
#3702 = CARTESIAN_POINT ( 'NONE',  ( 31.42326618219317069, 3.484311031731369912, -0.01482580563443076059 ) ) ;
#3703 = LINE ( 'NONE', #7582, #467 ) ;
#3704 = AXIS2_PLACEMENT_3D ( 'NONE', #7802, #760, #7274 ) ;
#3705 = CARTESIAN_POINT ( 'NONE',  ( 0.000000000000000000, 5.000000000000000000, -9.750000000000000000 ) ) ;
#3706 = VECTOR ( 'NONE', #2848, 1000.000000000000000 ) ;
#3707 = CARTESIAN_POINT ( 'NONE',  ( 24.96791241634318226, 1.527156155566249396, 5.508069892759419162 ) ) ;
#3708 = CARTESIAN_POINT ( 'NONE',  ( 41.98952190646642890, 3.259779704439149661, 0.1092139547823134799 ) ) ;
#3709 = CARTESIAN_POINT ( 'NONE',  ( 33.37020974092650505, 3.492250664482198896, 0.01406576274292376839 ) ) ;
#3710 = CARTESIAN_POINT ( 'NONE',  ( 30.40649478394737315, 3.705831218681598038, -0.3265598408097679650 ) ) ;
#3711 = CARTESIAN_POINT ( 'NONE',  ( 0.000000000000000000, 4.400000000000001243, 0.000000000000000000 ) ) ;
#3712 = EDGE_CURVE ( 'NONE', #662, #699, #4500, .T. ) ;
#3713 = CARTESIAN_POINT ( 'NONE',  ( 45.43093899030910876, 2.426618678250774597, -0.1025864099607580460 ) ) ;
#3714 = DIRECTION ( 'NONE',  ( -0.5000000000000008882, -0.8660254037844382635, 9.019237886466885856E-16 ) ) ;
#3715 = EDGE_LOOP ( 'NONE', ( #5686, #6802, #4199, #7975 ) ) ;
#3716 = AXIS2_PLACEMENT_3D ( 'NONE', #6336, #693, #7655 ) ;
#3717 = CARTESIAN_POINT ( 'NONE',  ( 49.09999999999999432, 3.531393742013005266, -1.775000000000000133 ) ) ;
#3718 = CARTESIAN_POINT ( 'NONE',  ( 45.70307128130328067, 2.866185453299356478, 0.1194975787943095558 ) ) ;
#3719 = CARTESIAN_POINT ( 'NONE',  ( 31.40652212078298078, 3.123427323266596112, 0.05161231500674169637 ) ) ;
#3720 = ORIENTED_EDGE ( 'NONE', *, *, #3373, .T. ) ;
#3721 = DIRECTION ( 'NONE',  ( -2.999999999999999839E-15, -1.000000000000000000, -2.999999999999999839E-15 ) ) ;
#3722 = CARTESIAN_POINT ( 'NONE',  ( 24.96791241634318226, 1.527156155566248952, -5.508069892759424491 ) ) ;
#3723 = LINE ( 'NONE', #1120, #7517 ) ;
#3724 = ORIENTED_EDGE ( 'NONE', *, *, #8361, .F. ) ;
#3725 = ORIENTED_EDGE ( 'NONE', *, *, #6233, .T. ) ;
#3726 = CARTESIAN_POINT ( 'NONE',  ( 48.51339745962160066, 4.031393742012999937, -0.3249999999999930167 ) ) ;
#3727 = CARTESIAN_POINT ( 'NONE',  ( 51.29999999999999716, 4.381393742012985371, 1.474999999999999867 ) ) ;
#3728 = CARTESIAN_POINT ( 'NONE',  ( 35.07423502827906958, 3.850725166557641188, 0.5569308911901842407 ) ) ;
#3729 = VECTOR ( 'NONE', #2528, 1000.000000000000000 ) ;
#3730 = CARTESIAN_POINT ( 'NONE',  ( 42.69315270826582775, 2.836074841863143181, -0.7000549141176934942 ) ) ;
#3731 = DIRECTION ( 'NONE',  ( 2.666144858838235626E-32, 1.000000000000000000, 1.861759004257252044E-46 ) ) ;
#3732 = CARTESIAN_POINT ( 'NONE',  ( 30.40649478394737315, 2.806956265344502821, 0.3265598408100254813 ) ) ;
#3733 = ORIENTED_EDGE ( 'NONE', *, *, #6060, .F. ) ;
#3734 = CARTESIAN_POINT ( 'NONE',  ( 47.97899438332280653, 2.859083044849440203, 0.4224856098540359928 ) ) ;
#3735 = ORIENTED_EDGE ( 'NONE', *, *, #549, .F. ) ;
#3736 = EDGE_CURVE ( 'NONE', #4412, #115, #2944, .T. ) ;
#3737 = DIRECTION ( 'NONE',  ( -1.000000000000000000, 2.999999999999999839E-15, 7.000000000000000150E-15 ) ) ;
#3738 = PRESENTATION_STYLE_ASSIGNMENT (( #1136 ) ) ;
#3739 = CARTESIAN_POINT ( 'NONE',  ( 45.27277735570856265, 3.328021855788972694, 0.2174048745119993020 ) ) ;
#3740 = CARTESIAN_POINT ( 'NONE',  ( 39.85443661562626261, 3.578459542472986143, -0.2584897402749173900 ) ) ;
#3741 = ADVANCED_FACE ( 'NONE', ( #7444 ), #2363, .F. ) ;
#3742 = CARTESIAN_POINT ( 'NONE',  ( 43.00756836185566812, 3.282839912816012617, 0.8140653904259288476 ) ) ;
#3743 = CARTESIAN_POINT ( 'NONE',  ( 26.64985775721738648, 3.088468552585866167, 3.228034932530065237 ) ) ;
#3744 = DIRECTION ( 'NONE',  ( -2.999999999999999839E-15, -1.000000000000000000, -2.999999999999999839E-15 ) ) ;
#3745 = ORIENTED_EDGE ( 'NONE', *, *, #3062, .T. ) ;
#3746 = CARTESIAN_POINT ( 'NONE',  ( 39.12906951467343220, 3.476199811349831581, 0.07846237501638872458 ) ) ;
#3747 = LINE ( 'NONE', #7664, #4760 ) ;
#3748 = CARTESIAN_POINT ( 'NONE',  ( 25.99665716713076336, 3.377601604364103505, 3.683802335189054311 ) ) ;
#3749 = CARTESIAN_POINT ( 'NONE',  ( 29.26596775313395327, 3.063726198661242961, 1.158784682787478815 ) ) ;
#3750 = CARTESIAN_POINT ( 'NONE',  ( 32.27224668164851806, 3.187317160367494129, -0.09350134616040282898 ) ) ;
#3751 = CARTESIAN_POINT ( 'NONE',  ( 35.70354274944339323, 3.099563086529145917, -0.1767221212220518034 ) ) ;
#3752 = CARTESIAN_POINT ( 'NONE',  ( 29.54428148720413105, 3.069291403080236069, -1.247696386577680672 ) ) ;
#3753 = DIRECTION ( 'NONE',  ( -0.8200998161168419065, 4.920598896701027601E-15, -0.5722204921226800023 ) ) ;
#3754 = PLANE ( 'NONE',  #7781 ) ;
#3755 = ORIENTED_EDGE ( 'NONE', *, *, #7317, .F. ) ;
#3756 = DIRECTION ( 'NONE',  ( 0.3022482188480728471, -0.8491185186067461421, 0.4331786647126706358 ) ) ;
#3757 = CARTESIAN_POINT ( 'NONE',  ( 48.80000000000000426, 1.931393742013005177, -2.125000000000000000 ) ) ;
#3758 = ORIENTED_EDGE ( 'NONE', *, *, #5556, .T. ) ;
#3759 = LINE ( 'NONE', #1847, #2790 ) ;
#3760 = DIRECTION ( 'NONE',  ( 0.5722204921226856644, -4.336808689941998803E-15, -0.8200998161168380207 ) ) ;
#3761 = CARTESIAN_POINT ( 'NONE',  ( 44.30112510716094931, 3.305463828905795154, -0.4779674089000333637 ) ) ;
#3762 = VERTEX_POINT ( 'NONE', #3652 ) ;
#3763 = VERTEX_POINT ( 'NONE', #4933 ) ;
#3764 = DIRECTION ( 'NONE',  ( 9.999999999999999988E-15, 0.000000000000000000, 1.000000000000000000 ) ) ;
#3765 = CARTESIAN_POINT ( 'NONE',  ( 45.70307128130328778, 3.646602030726652455, -0.1194975787942661877 ) ) ;
#3766 = VECTOR ( 'NONE', #517, 1000.000000000000000 ) ;
#3767 = VERTEX_POINT ( 'NONE', #2284 ) ;
#3768 = CARTESIAN_POINT ( 'NONE',  ( 37.64090169496615346, 3.543490003858246862, -0.7622188636835054432 ) ) ;
#3769 = CARTESIAN_POINT ( 'NONE',  ( 45.45421155199282737, 2.945328045282160190, 0.2538312578386329177 ) ) ;
#3770 = LINE ( 'NONE', #7651, #217 ) ;
#3771 = CARTESIAN_POINT ( 'NONE',  ( 31.39014596684894798, 3.419575991029006445, -0.4361060245184301687 ) ) ;
#3772 = CARTESIAN_POINT ( 'NONE',  ( 47.40775028976005956, 3.316895225413511117, 0.7675236748681403265 ) ) ;
#3773 = ORIENTED_EDGE ( 'NONE', *, *, #7317, .T. ) ;
#3774 = CARTESIAN_POINT ( 'NONE',  ( 48.50000000000000000, 4.439128768931954738, 0.8750000000000000000 ) ) ;
#3775 = EDGE_CURVE ( 'NONE', #2229, #1159, #1017, .T. ) ;
#3776 = CARTESIAN_POINT ( 'NONE',  ( 43.36778565677445130, 2.778459235657275261, -0.04907839727792931428 ) ) ;
#3777 = CARTESIAN_POINT ( 'NONE',  ( 25.07160424663187115, 2.903612714895496882, 3.841507817940186253 ) ) ;
#3778 = EDGE_CURVE ( 'NONE', #7157, #235, #6718, .T. ) ;
#3779 = VERTEX_POINT ( 'NONE', #2322 ) ;
#3780 = CARTESIAN_POINT ( 'NONE',  ( 44.92308027960917372, 2.798969996132055105, 0.1980693153960387809 ) ) ;
#3781 = EDGE_CURVE ( 'NONE', #5080, #3115, #2196, .T. ) ;
#3782 = LINE ( 'NONE', #3269, #3285 ) ;
#3783 = VERTEX_POINT ( 'NONE', #927 ) ;
#3784 = CARTESIAN_POINT ( 'NONE',  ( 25.76776897028259938, 3.377601604363638543, 3.355762408742090752 ) ) ;
#3785 = LINE ( 'NONE', #2652, #730 ) ;
#3786 = VECTOR ( 'NONE', #6896, 1000.000000000000000 ) ;
#3787 = CARTESIAN_POINT ( 'NONE',  ( 39.18952190645438094, 3.147179787248378435, 0.003385962431915794969 ) ) ;
#3788 = CARTESIAN_POINT ( 'NONE',  ( 38.66240284799588522, 3.045486102383421212, 0.09994508474526395125 ) ) ;
#3789 = CARTESIAN_POINT ( 'NONE',  ( 30.40649478394737315, 3.705831218681598038, -0.3265598408097679650 ) ) ;
#3790 = DIRECTION ( 'NONE',  ( -7.000000000000000150E-15, 2.999999999999999839E-15, -1.000000000000000000 ) ) ;
#3791 = CARTESIAN_POINT ( 'NONE',  ( 47.86491909266279521, 2.847637043583057359, -0.4167888517484731881 ) ) ;
#3792 = FACE_OUTER_BOUND ( 'NONE', #512, .T. ) ;
#3793 = VECTOR ( 'NONE', #7292, 1000.000000000000000 ) ;
#3794 = EDGE_LOOP ( 'NONE', ( #659, #579, #786, #5410 ) ) ;
#3795 = EDGE_CURVE ( 'NONE', #5558, #5328, #7537, .T. ) ;
#3796 = FACE_OUTER_BOUND ( 'NONE', #4045, .T. ) ;
#3797 = CARTESIAN_POINT ( 'NONE',  ( 31.29773790957258228, 3.161102866609445616, 0.4617878673620931518 ) ) ;
#3798 = CARTESIAN_POINT ( 'NONE',  ( 25.13738994517776604, 1.727156155566246243, 4.283351686312391493 ) ) ;
#3799 = ORIENTED_EDGE ( 'NONE', *, *, #4870, .T. ) ;
#3800 = CARTESIAN_POINT ( 'NONE',  ( 48.59999999999999432, 2.531393742012999937, -0.8249999999999999556 ) ) ;
#3801 = CARTESIAN_POINT ( 'NONE',  ( 25.03630374091937227, 1.727156155566248019, -4.327907511386042572 ) ) ;
#3802 = DIRECTION ( 'NONE',  ( -7.000000000000000150E-15, 2.999999999999999839E-15, -1.000000000000000000 ) ) ;
#3803 = ORIENTED_EDGE ( 'NONE', *, *, #6323, .T. ) ;
#3804 = ORIENTED_EDGE ( 'NONE', *, *, #7096, .T. ) ;
#3805 = CARTESIAN_POINT ( 'NONE',  ( 48.59999999999999432, 4.381393742012995141, 0.8750000000000000000 ) ) ;
#3806 = FACE_BOUND ( 'NONE', #3258, .T. ) ;
#3807 = CARTESIAN_POINT ( 'NONE',  ( 38.41454879404545864, 4.098090787861088380, 0.1080213196567874206 ) ) ;
#3808 = ADVANCED_FACE ( 'NONE', ( #6080, #4295 ), #4886, .F. ) ;
#3809 = PRODUCT_DEFINITION_SHAPE ( 'NONE', 'NONE',  #6377 ) ;
#3810 = CARTESIAN_POINT ( 'NONE',  ( 42.49854513404306999, 2.921812184234044096, -0.2386553630611706334 ) ) ;
#3811 = CARTESIAN_POINT ( 'NONE',  ( 48.50000000000000000, 2.323658715094035099, 0.3672649730810374491 ) ) ;
#3812 = ADVANCED_FACE ( 'NONE', ( #6760 ), #3575, .T. ) ;
#3813 = CARTESIAN_POINT ( 'NONE',  ( 29.52077060353863658, 3.105183442063512267, 1.523965192118326817 ) ) ;
#3814 = ORIENTED_EDGE ( 'NONE', *, *, #6671, .T. ) ;
#3815 = CARTESIAN_POINT ( 'NONE',  ( 47.95195805264941669, 3.260352645697688789, 0.4212970506571028784 ) ) ;
#3816 = ORIENTED_EDGE ( 'NONE', *, *, #2803, .F. ) ;
#3817 = CARTESIAN_POINT ( 'NONE',  ( 52.10000000000000142, 4.381393742012989811, 0.4249999999999829470 ) ) ;
#3818 =( NAMED_UNIT ( * ) SI_UNIT ( $, .STERADIAN. ) SOLID_ANGLE_UNIT ( ) );
#3819 = CARTESIAN_POINT ( 'NONE',  ( 32.59573516476760346, 3.334856684618276113, -0.2198065823228233517 ) ) ;
#3820 = CARTESIAN_POINT ( 'NONE',  ( 48.50000000000000000, 2.473658715094039895, -0.8827350269189629950 ) ) ;
#3821 = EDGE_CURVE ( 'NONE', #6573, #639, #4124, .T. ) ;
#3822 = COLOUR_RGB ( '',0.7921568627450980005, 0.8196078431372548767, 0.9333333333333333481 ) ;
#3823 = CARTESIAN_POINT ( 'NONE',  ( 32.12775811881575549, 2.387314146621142719, 0.2206155430237651260 ) ) ;
#3824 = CARTESIAN_POINT ( 'NONE',  ( 25.12796934925516013, 1.795622339706687276, 4.289924859393001277 ) ) ;
#3825 = EDGE_CURVE ( 'NONE', #5280, #1055, #457, .T. ) ;
#3826 = CARTESIAN_POINT ( 'NONE',  ( 51.70000000000000284, 4.381393742012989811, 0.4249999999999860001 ) ) ;
#3827 = ORIENTED_EDGE ( 'NONE', *, *, #4595, .F. ) ;
#3828 = CARTESIAN_POINT ( 'NONE',  ( 37.49573618135426045, 3.083345664437684874, -0.1566059234072075257 ) ) ;
#3829 = DIRECTION ( 'NONE',  ( -0.8271046511042935423, -1.251985773403174403E-18, -0.5620479482407572114 ) ) ;
#3830 = ORIENTED_EDGE ( 'NONE', *, *, #875, .T. ) ;
#3831 =( LENGTH_UNIT ( ) NAMED_UNIT ( * ) SI_UNIT ( .MILLI., .METRE. ) );
#3832 = CARTESIAN_POINT ( 'NONE',  ( 35.18776994896078492, 3.514883482287408878, 0.3220658004636284821 ) ) ;
#3833 = VECTOR ( 'NONE', #2683, 1000.000000000000114 ) ;
#3834 = CARTESIAN_POINT ( 'NONE',  ( 41.60560351131732659, 3.325451394310970255, 0.09352223811363016837 ) ) ;
#3835 = CARTESIAN_POINT ( 'NONE',  ( 42.39573618070700434, 3.045486101320919126, 0.09994508593561758636 ) ) ;
#3836 = CARTESIAN_POINT ( 'NONE',  ( 48.59999999999999432, 2.381393742013000026, 0.4249999999999999889 ) ) ;
#3837 = CARTESIAN_POINT ( 'NONE',  ( 45.63433386302259009, 2.861574965910042678, 0.1536199614575689820 ) ) ;
#3838 = VECTOR ( 'NONE', #628, 1000.000000000000000 ) ;
#3839 = VECTOR ( 'NONE', #6735, 1000.000000000000000 ) ;
#3840 = CARTESIAN_POINT ( 'NONE',  ( 45.39018537787168839, 3.692882168761288941, 0.1631237060646145987 ) ) ;
#3841 = VECTOR ( 'NONE', #3460, 1000.000000000000000 ) ;
#3842 = ORIENTED_EDGE ( 'NONE', *, *, #3062, .F. ) ;
#3843 = CARTESIAN_POINT ( 'NONE',  ( 0.000000000000000000, 0.000000000000000000, 0.000000000000000000 ) ) ;
#3844 = EDGE_CURVE ( 'NONE', #4877, #1630, #3026, .T. ) ;
#3845 = ORIENTED_EDGE ( 'NONE', *, *, #2907, .F. ) ;
#3846 = DIRECTION ( 'NONE',  ( 0.9998918860475787262, -3.043788535468364441E-15, 0.01470429244186939599 ) ) ;
#3847 = LINE ( 'NONE', #7723, #543 ) ;
#3848 = CARTESIAN_POINT ( 'NONE',  ( 33.56778560552828594, 3.629047982947137374, -0.3032467866360856745 ) ) ;
#3849 = VECTOR ( 'NONE', #7635, 1000.000000000000000 ) ;
#3850 = PRESENTATION_LAYER_ASSIGNMENT (  '', '', ( #7794 ) ) ;
#3851 = ORIENTED_EDGE ( 'NONE', *, *, #1325, .F. ) ;
#3852 = ORIENTED_EDGE ( 'NONE', *, *, #1094, .T. ) ;
#3853 = DIRECTION ( 'NONE',  ( -0.8660254037844381525, 0.5000000000000007772, 0.000000000000000000 ) ) ;
#3854 = CARTESIAN_POINT ( 'NONE',  ( 47.93576501160070791, 2.860664728999387840, 0.4210033837788738076 ) ) ;
#3855 = CARTESIAN_POINT ( 'NONE',  ( 42.96521180072355151, 3.324223804845748642, 0.4053397138900269869 ) ) ;
#3856 = CIRCLE ( 'NONE', #895, 0.2999999999999999334 ) ;
#3857 = CARTESIAN_POINT ( 'NONE',  ( 40.32110328229548202, 3.666908501744223337, 0.04495506329377602778 ) ) ;
#3858 = DIRECTION ( 'NONE',  ( 2.999999999999999839E-15, 1.000000000000000000, 2.999999999999999839E-15 ) ) ;
#3859 = CARTESIAN_POINT ( 'NONE',  ( 30.47901347460283716, 3.038783034530172955, 0.7339178784681236190 ) ) ;
#3860 = CARTESIAN_POINT ( 'NONE',  ( 47.33759061801463019, 3.755490732886872074, 0.3294880165983580245 ) ) ;
#3861 = ORIENTED_EDGE ( 'NONE', *, *, #2951, .T. ) ;
#3862 = DIRECTION ( 'NONE',  ( 0.000000000000000000, 2.999999999999999839E-15, -1.000000000000000000 ) ) ;
#3863 = CARTESIAN_POINT ( 'NONE',  ( 45.23476051413002352, 3.724500781076927503, 0.04447211916694977091 ) ) ;
#3864 = CARTESIAN_POINT ( 'NONE',  ( 48.70000000000000284, 3.981393742012995229, 1.125000000000000000 ) ) ;
#3865 = ADVANCED_FACE ( 'NONE', ( #5441 ), #2242, .F. ) ;
#3866 = VECTOR ( 'NONE', #1135, 1000.000000000000000 ) ;
#3867 = FACE_OUTER_BOUND ( 'NONE', #4065, .T. ) ;
#3868 = VERTEX_POINT ( 'NONE', #4795 ) ;
#3869 = CARTESIAN_POINT ( 'NONE',  ( 44.33988220286946103, 3.369208103349785599, 0.8559372356346551802 ) ) ;
#3870 = CARTESIAN_POINT ( 'NONE',  ( 24.83488458838981927, 1.727156155566248463, 4.032469031515995894 ) ) ;
#3871 = EDGE_LOOP ( 'NONE', ( #1467, #3304, #6645, #6028 ) ) ;
#3872 = CARTESIAN_POINT ( 'NONE',  ( 49.09999999999999432, 2.981393742012994785, 1.474999999999999867 ) ) ;
#3873 = CARTESIAN_POINT ( 'NONE',  ( 42.61572052286648216, 3.159733162001905349, 0.05592331459359143470 ) ) ;
#3874 = CARTESIAN_POINT ( 'NONE',  ( 39.90354274948521152, 3.270459132377708134, -0.2358574302339440099 ) ) ;
#3875 = CARTESIAN_POINT ( 'NONE',  ( 31.05621875558350808, 3.284893369205976743, 0.4067556419919712840 ) ) ;
#3876 = CARTESIAN_POINT ( 'NONE',  ( 45.54981979683985571, 3.249943586242646010, -0.2670140047037743991 ) ) ;
#3877 = CARTESIAN_POINT ( 'NONE',  ( 48.13210034540296078, 2.856393742013002779, -0.4249999999999989342 ) ) ;
#3878 = CARTESIAN_POINT ( 'NONE',  ( 40.16521180071076458, 3.661733455981939667, -0.06783006277916289739 ) ) ;
#3879 = DIRECTION ( 'NONE',  ( -7.000000000000000150E-15, 2.999999999999999839E-15, -1.000000000000000000 ) ) ;
#3880 = CARTESIAN_POINT ( 'NONE',  ( 30.38542347618797734, 2.922219847335855825, -0.3941840293072693124 ) ) ;
#3881 = CARTESIAN_POINT ( 'NONE',  ( 48.59999999999999432, 4.381393742013000470, 0.3750000000000074940 ) ) ;
#3882 = CARTESIAN_POINT ( 'NONE',  ( 48.59999999999999432, 3.981393742012995229, 0.8750000000000000000 ) ) ;
#3883 = LINE ( 'NONE', #2669, #1518 ) ;
#3884 = ADVANCED_FACE ( 'NONE', ( #1618 ), #7398, .F. ) ;
#3885 = ORIENTED_EDGE ( 'NONE', *, *, #6251, .T. ) ;
#3886 = ORIENTED_EDGE ( 'NONE', *, *, #3410, .F. ) ;
#3887 = LINE ( 'NONE', #5845, #720 ) ;
#3888 = CARTESIAN_POINT ( 'NONE',  ( 27.41080196118427637, 3.063726198661242517, 2.697089969102655083 ) ) ;
#3889 = ADVANCED_FACE ( 'NONE', ( #3527 ), #6122, .F. ) ;
#3890 = CARTESIAN_POINT ( 'NONE',  ( 40.20756836162473036, 2.442328351648499929, 0.02644617077751753101 ) ) ;
#3891 = CARTESIAN_POINT ( 'NONE',  ( 35.96521180070424606, 3.495049105062414618, -0.3345815577606217062 ) ) ;
#3892 = CARTESIAN_POINT ( 'NONE',  ( 25.08931720340075699, 2.690539500765623870, -3.829148692087024131 ) ) ;
#3893 = LINE ( 'NONE', #5851, #4596 ) ;
#3894 = CARTESIAN_POINT ( 'NONE',  ( 30.93610111992260769, 3.352086186135283974, 0.04243094094211079942 ) ) ;
#3895 = CARTESIAN_POINT ( 'NONE',  ( 48.08148697014151907, 3.656879354156302053, 0.4245480883327524269 ) ) ;
#3896 = CIRCLE ( 'NONE', #6479, 8.349999999999999645 ) ;
#3897 = ORIENTED_EDGE ( 'NONE', *, *, #2931, .F. ) ;
#3898 = DIRECTION ( 'NONE',  ( -7.000000000000000150E-15, 2.999999999999999839E-15, -1.000000000000000000 ) ) ;
#3899 = CIRCLE ( 'NONE', #1491, 0.2000000000000001499 ) ;
#3900 = CARTESIAN_POINT ( 'NONE',  ( 40.06240284801619822, 3.334856117028502265, -0.2198060693200655780 ) ) ;
#3901 = CARTESIAN_POINT ( 'NONE',  ( 48.59999999999999432, 4.381393742013000470, -0.8750000000000000000 ) ) ;
#3902 = CARTESIAN_POINT ( 'NONE',  ( 48.50000000000000000, 2.531393742013005266, -0.8827350269189629950 ) ) ;
#3903 = VECTOR ( 'NONE', #1087, 1000.000000000000000 ) ;
#3904 = LINE ( 'NONE', #4455, #4384 ) ;
#3905 = ORIENTED_EDGE ( 'NONE', *, *, #4675, .F. ) ;
#3906 = CARTESIAN_POINT ( 'NONE',  ( 33.56778560552828594, 2.883739501078944389, 0.3032467866362989484 ) ) ;
#3907 = CARTESIAN_POINT ( 'NONE',  ( 48.70000000000000284, 2.381393742013000026, -0.4249999999999999889 ) ) ;
#3908 = ORIENTED_EDGE ( 'NONE', *, *, #2202, .F. ) ;
#3909 = CARTESIAN_POINT ( 'NONE',  ( 48.59999999999999432, 4.381393742012995141, 0.8750000000000000000 ) ) ;
#3910 = CARTESIAN_POINT ( 'NONE',  ( 42.39573618070700434, 3.467301382705110679, -0.09994508593552792197 ) ) ;
#3911 = EDGE_CURVE ( 'NONE', #2132, #5575, #2985, .T. ) ;
#3912 = CARTESIAN_POINT ( 'NONE',  ( 43.67923260807278751, 2.861733471593904010, -0.2772413507654816200 ) ) ;
#3913 = CARTESIAN_POINT ( 'NONE',  ( 29.74459074371063494, 3.077380251585075666, -1.094072414327501575 ) ) ;
#3914 = CARTESIAN_POINT ( 'NONE',  ( 48.16494492839985497, 3.256393742013003134, -0.8249999999999988454 ) ) ;
#3915 = CARTESIAN_POINT ( 'NONE',  ( 42.03187846737969835, 2.851054028043188193, 0.06783006277908439074 ) ) ;
#3916 = VECTOR ( 'NONE', #3372, 1000.000000000000000 ) ;
#3917 = DIRECTION ( 'NONE',  ( 0.000000000000000000, 2.775557561562891043E-17, 1.000000000000000000 ) ) ;
#3918 = CARTESIAN_POINT ( 'NONE',  ( 29.01116490272929482, 3.022268955258974099, 0.7936041734566239292 ) ) ;
#3919 = CARTESIAN_POINT ( 'NONE',  ( 37.32648604089308719, 3.376818352194984385, 0.8076154868286959942 ) ) ;
#3920 = CARTESIAN_POINT ( 'NONE',  ( 51.29999999999999716, 4.381393742012989811, 0.1249999999999885925 ) ) ;
#3921 = EDGE_CURVE ( 'NONE', #2611, #4358, #2408, .T. ) ;
#3922 = CARTESIAN_POINT ( 'NONE',  ( 39.69854513404409602, 3.017738378951121625, 0.3345815577754220338 ) ) ;
#3923 = DIRECTION ( 'NONE',  ( 2.999999999999999839E-15, 1.000000000000000000, 2.999999999999999839E-15 ) ) ;
#3924 = DIRECTION ( 'NONE',  ( -0.4999999999999995004, 0.8660254037844390407, 6.098076211353324580E-15 ) ) ;
#3925 = VECTOR ( 'NONE', #1508, 1000.000000000000114 ) ;
#3926 = EDGE_CURVE ( 'NONE', #6160, #645, #5625, .T. ) ;
#3927 = ORIENTED_EDGE ( 'NONE', *, *, #7011, .T. ) ;
#3928 = ORIENTED_EDGE ( 'NONE', *, *, #252, .T. ) ;
#3929 = DIRECTION ( 'NONE',  ( 0.000000000000000000, -1.000000000000000000, -2.891205793294679017E-15 ) ) ;
#3930 = CARTESIAN_POINT ( 'NONE',  ( 48.16494492839988339, 3.656393742012992831, 0.4250000000000077049 ) ) ;
#3931 = CARTESIAN_POINT ( 'NONE',  ( 38.92110328229242100, 2.997904001735836044, -0.3220658004685756359 ) ) ;
#3932 = EDGE_CURVE ( 'NONE', #1716, #1760, #1143, .T. ) ;
#3933 = PLANE ( 'NONE',  #4919 ) ;
#3934 = CARTESIAN_POINT ( 'NONE',  ( 25.08931720340075699, 2.690539500765623870, -3.829148692087024131 ) ) ;
#3935 = ORIENTED_EDGE ( 'NONE', *, *, #5503, .T. ) ;
#3936 = CARTESIAN_POINT ( 'NONE',  ( 47.64022834722366895, 3.687606905306718197, 0.3954979900233663859 ) ) ;
#3937 = EDGE_LOOP ( 'NONE', ( #5165, #7854, #2960, #6048 ) ) ;
#3938 = DIRECTION ( 'NONE',  ( -0.8200998161168312484, -4.685812950049665669E-15, 0.5722204921226952123 ) ) ;
#3939 = CARTESIAN_POINT ( 'NONE',  ( 41.77020941615293026, 3.242328351647266960, 0.2358574302323307725 ) ) ;
#3940 = CARTESIAN_POINT ( 'NONE',  ( 34.72110328229667431, 2.845878982300857896, -0.04495506328104605792 ) ) ;
#3941 = EDGE_CURVE ( 'NONE', #4090, #6154, #6299, .T. ) ;
#3942 = DIRECTION ( 'NONE',  ( -7.000000000000000150E-15, 2.999999999999999839E-15, -1.000000000000000000 ) ) ;
#3943 = CYLINDRICAL_SURFACE ( 'NONE', #7366, 0.2000000000000008715 ) ;
#3944 = ORIENTED_EDGE ( 'NONE', *, *, #1428, .T. ) ;
#3945 = CARTESIAN_POINT ( 'NONE',  ( 41.85492253797949758, 2.453007779586842130, -0.3186252142387011044 ) ) ;
#3946 = CARTESIAN_POINT ( 'NONE',  ( 29.38041185155849888, 3.063726198661242961, 1.322804646010845575 ) ) ;
#3947 = ORIENTED_EDGE ( 'NONE', *, *, #7083, .F. ) ;
#3948 = LINE ( 'NONE', #3757, #2567 ) ;
#3949 = CARTESIAN_POINT ( 'NONE',  ( 25.15374010342155842, 1.727156155566249573, -3.964521156840477456 ) ) ;
#3950 = CARTESIAN_POINT ( 'NONE',  ( 45.23476051413001642, 2.788286702949084539, -0.04447211916689984557 ) ) ;
#3951 = CARTESIAN_POINT ( 'NONE',  ( 36.52325718064203386, 3.058173214436426868, -0.4577403775619083293 ) ) ;
#3952 = CARTESIAN_POINT ( 'NONE',  ( 29.13428848150177330, 3.491659503260716946, -0.7057984929246239325 ) ) ;
#3953 = CARTESIAN_POINT ( 'NONE',  ( 46.95905718909369853, 3.463780403093090765, -0.2364481824695254253 ) ) ;
#3954 = CARTESIAN_POINT ( 'NONE',  ( 48.70000000000001705, 3.256393742012989811, 0.8250000000000001776 ) ) ;
#3955 = VECTOR ( 'NONE', #229, 1000.000000000000000 ) ;
#3956 = CARTESIAN_POINT ( 'NONE',  ( 40.32110328229548202, 3.666908501744223337, 0.04495506329377602778 ) ) ;
#3957 = CYLINDRICAL_SURFACE ( 'NONE', #3021, 0.1500000000000006051 ) ;
#3958 = CARTESIAN_POINT ( 'NONE',  ( 39.74090169497890201, 3.813324633139196340, -0.5943314245498850790 ) ) ;
#3959 = DIRECTION ( 'NONE',  ( -1.000000000000000000, 2.260771246032609878E-15, 7.837792587829710560E-15 ) ) ;
#3960 = AXIS2_PLACEMENT_3D ( 'NONE', #3590, #302, #4681 ) ;
#3961 = EDGE_CURVE ( 'NONE', #2839, #268, #5961, .T. ) ;
#3962 = DIRECTION ( 'NONE',  ( -7.000000000000000150E-15, 2.999999999999999839E-15, -1.000000000000000000 ) ) ;
#3963 = CARTESIAN_POINT ( 'NONE',  ( 29.74459074371063494, 3.077380251585075666, -1.094072414327501575 ) ) ;
#3964 = DIRECTION ( 'NONE',  ( -1.000000000000000000, 5.999999999999999677E-15, 1.400000000000000030E-14 ) ) ;
#3965 = VECTOR ( 'NONE', #6038, 1000.000000000000000 ) ;
#3966 = ORIENTED_EDGE ( 'NONE', *, *, #2685, .F. ) ;
#3967 = CARTESIAN_POINT ( 'NONE',  ( 33.07353799716526055, 1.527156155566248952, -9.029887401120949024E-16 ) ) ;
#3968 = CARTESIAN_POINT ( 'NONE',  ( 47.99256644436111685, 3.658879949533018205, 0.8226767148871871882 ) ) ;
#3969 = EDGE_LOOP ( 'NONE', ( #8078, #7156, #1991, #5697, #1677, #7445, #6185, #2084, #4142, #6316, #1252, #6199 ) ) ;
#3970 = CARTESIAN_POINT ( 'NONE',  ( 24.90506675399730696, 1.727156155566248685, -3.957708509760041515 ) ) ;
#3971 = DIRECTION ( 'NONE',  ( 2.783159565502900135E-15, 1.000000000000000000, 2.999999999999999839E-15 ) ) ;
#3972 = CARTESIAN_POINT ( 'NONE',  ( 45.58548561915560526, 4.061863805636736657, 0.2468940949111999850 ) ) ;
#3973 = ORIENTED_EDGE ( 'NONE', *, *, #1858, .F. ) ;
#3974 = DIRECTION ( 'NONE',  ( -2.999999999999999839E-15, -1.000000000000000000, -2.999999999999999839E-15 ) ) ;
#3975 = PRODUCT_CONTEXT ( 'NONE', #7475, 'mechanical' ) ;
#3976 = AXIS2_PLACEMENT_3D ( 'NONE', #6368, #7734, #5779 ) ;
#3977 = CARTESIAN_POINT ( 'NONE',  ( 32.47922799176163267, 2.861769863065319885, -0.2772433488872275698 ) ) ;
#3978 = CARTESIAN_POINT ( 'NONE',  ( 48.16494492839986918, 3.656393742013002601, -0.4249999999999988787 ) ) ;
#3979 = DIRECTION ( 'NONE',  ( 2.999999999999999839E-15, 1.000000000000000000, 2.999999999999999839E-15 ) ) ;
#3980 = CARTESIAN_POINT ( 'NONE',  ( 49.85000000000000142, 4.831393742012989989, 1.066911764705881893 ) ) ;
#3981 = EDGE_CURVE ( 'NONE', #3056, #7241, #5238, .T. ) ;
#3982 = ORIENTED_EDGE ( 'NONE', *, *, #4434, .F. ) ;
#3983 = CARTESIAN_POINT ( 'NONE',  ( 31.46345359729858160, 3.473434451797280609, -0.4157325300427279768 ) ) ;
#3984 = CARTESIAN_POINT ( 'NONE',  ( 36.50957226365128605, 2.830235549691661578, 0.02016514339826156257 ) ) ;
#3985 = DIRECTION ( 'NONE',  ( -0.000000000000000000, -1.000000000000000000, -0.000000000000000000 ) ) ;
#3986 = UNCERTAINTY_MEASURE_WITH_UNIT (LENGTH_MEASURE( 1.000000000000000082E-05 ), #4898, 'distance_accuracy_value', 'NONE');
#3987 = CARTESIAN_POINT ( 'NONE',  ( 52.20000000000000284, 2.981393742012994785, -1.475000000000021849 ) ) ;
#3988 = CARTESIAN_POINT ( 'NONE',  ( 42.74589931030371304, 3.533635064303519258, -0.3946602860566649773 ) ) ;
#3989 = ADVANCED_FACE ( 'NONE', ( #7841 ), #6557, .F. ) ;
#3990 = CARTESIAN_POINT ( 'NONE',  ( 39.12906951467343220, 3.476199811349831581, 0.07846237501638872458 ) ) ;
#3991 = CARTESIAN_POINT ( 'NONE',  ( 40.10111893992863941, 2.953146955176136679, -0.3726542400366052443 ) ) ;
#3992 = CARTESIAN_POINT ( 'NONE',  ( 30.03340194115318695, 3.574036143003991306, 0.07787911399216634889 ) ) ;
#3993 = CARTESIAN_POINT ( 'NONE',  ( 47.40775028976004535, 3.195892258612488046, -0.7675236748681207866 ) ) ;
#3994 = PLANE ( 'NONE',  #736 ) ;
#3995 = CARTESIAN_POINT ( 'NONE',  ( 45.56906100969094098, 3.286168805775237622, 0.1025864099607996793 ) ) ;
#3996 = DIRECTION ( 'NONE',  ( -7.000000000000000150E-15, 2.999999999999999839E-15, -1.000000000000000000 ) ) ;
#3997 = CARTESIAN_POINT ( 'NONE',  ( 29.74459074371065270, 3.435407232441029635, 1.094072414327768250 ) ) ;
#3998 = CARTESIAN_POINT ( 'NONE',  ( 40.20756836162473746, 4.070459132377542311, -0.02644617077739722447 ) ) ;
#3999 = DIRECTION ( 'NONE',  ( -7.000000000000000150E-15, 2.999999999999999839E-15, -1.000000000000000000 ) ) ;
#4000 = CARTESIAN_POINT ( 'NONE',  ( 39.85443661562626971, 2.934327941553058317, 0.2584897402750426232 ) ) ;
#4001 = CARTESIAN_POINT ( 'NONE',  ( 30.56698378582404985, 3.583979062233865864, 0.5438721131998544012 ) ) ;
#4002 = CARTESIAN_POINT ( 'NONE',  ( 31.85725665064701673, 2.804285271867758667, 0.2178331047557758027 ) ) ;
#4003 = CARTESIAN_POINT ( 'NONE',  ( 40.32110328229548202, 2.845878982281818015, -0.04495506329365731718 ) ) ;
#4004 = ORIENTED_EDGE ( 'NONE', *, *, #1858, .T. ) ;
#4005 = EDGE_LOOP ( 'NONE', ( #7337, #1628, #2146, #5809 ) ) ;
#4006 = DIRECTION ( 'NONE',  ( 0.1045283397710200374, -0.9945207203763283266, 0.001537181467217235481 ) ) ;
#4007 = CARTESIAN_POINT ( 'NONE',  ( 48.07572214501708885, 3.656910770084621287, 0.8245185247641563242 ) ) ;
#4008 = ORIENTED_EDGE ( 'NONE', *, *, #8228, .F. ) ;
#4009 = CARTESIAN_POINT ( 'NONE',  ( 48.59999999999999432, 3.981393742013000114, -0.1249999999999965861 ) ) ;
#4010 = CARTESIAN_POINT ( 'NONE',  ( 24.80886276129695389, 2.935479234257819758, -4.024834358300811488 ) ) ;
#4011 = CARTESIAN_POINT ( 'NONE',  ( 36.00756836166063124, 2.699462850928144864, 0.5943314245551891695 ) ) ;
#4012 = DIRECTION ( 'NONE',  ( -0.1045283397710200374, 0.9945207203763283266, 0.001537181467224665301 ) ) ;
#4013 = ORIENTED_EDGE ( 'NONE', *, *, #4958, .T. ) ;
#4014 = LINE ( 'NONE', #3344, #2621 ) ;
#4015 = CARTESIAN_POINT ( 'NONE',  ( 31.39014596684896219, 3.093211492997088641, 0.4361060245186743067 ) ) ;
#4016 = CARTESIAN_POINT ( 'NONE',  ( 45.63433386302259009, 2.861574965910042678, 0.1536199614575689820 ) ) ;
#4017 = PLANE ( 'NONE',  #5704 ) ;
#4018 = AXIS2_PLACEMENT_3D ( 'NONE', #244, #2816, #87 ) ;
#4019 = CARTESIAN_POINT ( 'NONE',  ( 47.81272921212165272, 3.266783311398406831, 0.8152523333722716536 ) ) ;
#4020 = EDGE_LOOP ( 'NONE', ( #8092, #4486, #7381, #3645, #2964 ) ) ;
#4021 = CARTESIAN_POINT ( 'NONE',  ( 51.29999999999999716, 3.981393742012989900, 1.124999999999988010 ) ) ;
#4022 = ADVANCED_FACE ( 'NONE', ( #1370 ), #6232, .T. ) ;
#4023 = VERTEX_POINT ( 'NONE', #3491 ) ;
#4024 = CARTESIAN_POINT ( 'NONE',  ( 35.96521180070425316, 3.017738378963652934, 0.3345815577608014513 ) ) ;
#4025 = CARTESIAN_POINT ( 'NONE',  ( 44.36521204881365321, 3.590975762588390019, 0.2386554814985465400 ) ) ;
#4026 = CARTESIAN_POINT ( 'NONE',  ( 40.49042773635247272, 3.284366727255997098, 0.5007191693808167310 ) ) ;
#4027 = VECTOR ( 'NONE', #3555, 1000.000000000000000 ) ;
#4028 = CARTESIAN_POINT ( 'NONE',  ( 34.38825587047664101, 2.453007780180586295, -0.3186252155384496354 ) ) ;
#4029 = CARTESIAN_POINT ( 'NONE',  ( 45.31247721114773697, 2.799173001365673041, -0.1061731512362247137 ) ) ;
#4030 = EDGE_CURVE ( 'NONE', #8047, #1716, #5501, .T. ) ;
#4031 = CARTESIAN_POINT ( 'NONE',  ( 31.34981945619847465, 3.033308633592104009, 0.04267824210637154170 ) ) ;
#4032 = CARTESIAN_POINT ( 'NONE',  ( 29.98207977571802374, 3.890000512720097170, -0.2643910194291285709 ) ) ;
#4033 = CARTESIAN_POINT ( 'NONE',  ( 45.88770661132601703, 2.875472838586447200, 0.06163579886229433868 ) ) ;
#4034 = CARTESIAN_POINT ( 'NONE',  ( 47.58174716997854148, 3.221193643173045018, -0.3917177348014784233 ) ) ;
#4035 = CARTESIAN_POINT ( 'NONE',  ( 37.13187846737673681, 3.474177341709358213, 0.3485276241937338426 ) ) ;
#4036 = CARTESIAN_POINT ( 'NONE',  ( 27.18191376433520290, 3.063726198661242517, 2.369050042655922006 ) ) ;
#4037 = DIRECTION ( 'NONE',  ( 0.000000000000000000, 0.000000000000000000, -1.000000000000000000 ) ) ;
#4038 = CARTESIAN_POINT ( 'NONE',  ( 37.64090169496616767, 2.969297480167811365, 0.7622188636836618736 ) ) ;
#4039 = DIRECTION ( 'NONE',  ( -7.000000000000000150E-15, 2.999999999999999839E-15, -1.000000000000000000 ) ) ;
#4040 = CARTESIAN_POINT ( 'NONE',  ( 45.53227765311667952, 3.599172987953623171, -0.2106839993873081962 ) ) ;
#4041 = CARTESIAN_POINT ( 'NONE',  ( 31.25723606179801095, 3.039399847881243844, 0.07778767790421547978 ) ) ;
#4042 = CARTESIAN_POINT ( 'NONE',  ( 48.50000000000000000, 2.473658715094035010, -0.4249999999999999889 ) ) ;
#4043 = ADVANCED_FACE ( 'NONE', ( #8169 ), #7549, .T. ) ;
#4044 = CARTESIAN_POINT ( 'NONE',  ( 30.38542347618797734, 2.922219847335855825, -0.3941840293072693124 ) ) ;
#4045 = EDGE_LOOP ( 'NONE', ( #8138, #7177, #322, #3755 ) ) ;
#4046 = EDGE_LOOP ( 'NONE', ( #3745, #1374, #6226, #527 ) ) ;
#4047 = CARTESIAN_POINT ( 'NONE',  ( 47.81272921212165272, 3.266783311398406831, 0.8152523333722716536 ) ) ;
#4048 = DIRECTION ( 'NONE',  ( 2.999999999999999839E-15, 1.000000000000000000, 2.999999999999999839E-15 ) ) ;
#4049 = ORIENTED_EDGE ( 'NONE', *, *, #6746, .F. ) ;
#4050 = CARTESIAN_POINT ( 'NONE',  ( 29.32641739690356886, 2.893902494939893710, 1.245420415730013053 ) ) ;
#4051 = AXIS2_PLACEMENT_3D ( 'NONE', #4222, #3408, #296 ) ;
#4052 = CARTESIAN_POINT ( 'NONE',  ( 25.59865984235265657, 2.445599767274380998, -3.961502952319901460 ) ) ;
#4053 = ORIENTED_EDGE ( 'NONE', *, *, #6331, .F. ) ;
#4054 = DIRECTION ( 'NONE',  ( -0.1045283397710200374, 0.9945207203763283266, 0.001537181467224665301 ) ) ;
#4055 = ORIENTED_EDGE ( 'NONE', *, *, #4916, .T. ) ;
#4057 = EDGE_CURVE ( 'NONE', #2791, #5057, #75, .T. ) ;
#4056 = DIRECTION ( 'NONE',  ( 1.000000000000000000, -2.999999999999999839E-15, -7.000000000000000150E-15 ) ) ;
#4058 = CARTESIAN_POINT ( 'NONE',  ( 42.47316836610634994, 3.369144421459679517, 0.8559233146469016340 ) ) ;
#4059 = CARTESIAN_POINT ( 'NONE',  ( 47.76942555552374614, 3.241358216062208530, -0.4108700358038009925 ) ) ;
#4060 = CARTESIAN_POINT ( 'NONE',  ( 52.29999999999999716, 2.081393742012984660, 0.4499999999999749756 ) ) ;
#4061 = EDGE_CURVE ( 'NONE', #5300, #2802, #105, .T. ) ;
#4062 = FACE_OUTER_BOUND ( 'NONE', #4005, .T. ) ;
#4063 = VERTEX_POINT ( 'NONE', #2676 ) ;
#4064 = CARTESIAN_POINT ( 'NONE',  ( 1.194030629168669469E-15, 0.5000000000000013323, 9.750000000000000000 ) ) ;
#4065 = EDGE_LOOP ( 'NONE', ( #5466, #3173, #2601, #6518 ) ) ;
#4066 = ADVANCED_FACE ( 'NONE', ( #7927 ), #1380, .F. ) ;
#4067 = CARTESIAN_POINT ( 'NONE',  ( 39.23187846737793194, 3.324223804790090053, 0.4053397139605857680 ) ) ;
#4068 = CARTESIAN_POINT ( 'NONE',  ( 52.29999999999999716, 3.381393742012989811, -0.4500000000000209943 ) ) ;
#4069 = UNCERTAINTY_MEASURE_WITH_UNIT (LENGTH_MEASURE( 1.000000000000000082E-05 ), #6005, 'distance_accuracy_value', 'NONE');
#4070 = CARTESIAN_POINT ( 'NONE',  ( 39.01256597706824891, 3.533635064248379365, -0.3946602860395719836 ) ) ;
#4071 = CARTESIAN_POINT ( 'NONE',  ( 33.60650169718922342, 2.730891329434896431, 0.6849559525477244559 ) ) ;
#4072 = CARTESIAN_POINT ( 'NONE',  ( 34.30354275015866961, 3.270459133191735202, -0.2358574290055321099 ) ) ;
#4073 = CARTESIAN_POINT ( 'NONE',  ( 31.41595238962310788, 3.532384945117109876, 0.3239227492342828807 ) ) ;
#4074 = ADVANCED_FACE ( 'NONE', ( #5930 ), #7095, .T. ) ;
#4075 = CARTESIAN_POINT ( 'NONE',  ( 47.99175702206061089, 3.253894558909923074, -0.4226645090271939909 ) ) ;
#4076 = CARTESIAN_POINT ( 'NONE',  ( 47.21748633108273907, 3.139717759406027042, -0.3124592270551600492 ) ) ;
#4077 = CARTESIAN_POINT ( 'NONE',  ( 33.28238718423391163, 3.353054301957088423, -0.05592339435427007288 ) ) ;
#4078 = EDGE_CURVE ( 'NONE', #7202, #495, #3594, .T. ) ;
#4079 = LINE ( 'NONE', #6721, #264 ) ;
#4080 = FACE_OUTER_BOUND ( 'NONE', #5774, .T. ) ;
#4081 = CARTESIAN_POINT ( 'NONE',  ( 30.74098916560602390, 2.791280703485041315, 0.02601479899503895271 ) ) ;
#4082 = CARTESIAN_POINT ( 'NONE',  ( 34.07316836496740109, 2.400470427586203215, 0.1127506779861608965 ) ) ;
#4083 = LINE ( 'NONE', #1539, #6695 ) ;
#4084 = CARTESIAN_POINT ( 'NONE',  ( 35.03187846737706934, 3.590975299816099753, 0.2386553630812209559 ) ) ;
#4085 = CARTESIAN_POINT ( 'NONE',  ( 29.66443861915458768, 3.408929374324234818, -1.421502054329785603 ) ) ;
#4086 = STYLED_ITEM ( 'NONE', ( #3738 ), #1332 ) ;
#4087 = CARTESIAN_POINT ( 'NONE',  ( 40.16521180071076458, 2.851054028044102573, 0.06783006277928380068 ) ) ;
#4088 = SURFACE_STYLE_USAGE ( .BOTH. , #4762 ) ;
#4089 = EDGE_CURVE ( 'NONE', #4412, #5550, #7325, .T. ) ;
#4090 = VERTEX_POINT ( 'NONE', #1721 ) ;
#4091 = ORIENTED_EDGE ( 'NONE', *, *, #5580, .T. ) ;
#4092 = MECHANICAL_DESIGN_GEOMETRIC_PRESENTATION_REPRESENTATION (  '', ( #603 ), #2489 ) ;
#4093 = VECTOR ( 'NONE', #7988, 1000.000000000000000 ) ;
#4094 = CARTESIAN_POINT ( 'NONE',  ( 48.13069388832349915, 3.656393742012992831, 0.8250000000000085043 ) ) ;
#4095 = DIRECTION ( 'NONE',  ( -7.000000000000000150E-15, 2.999999999999999839E-15, -1.000000000000000000 ) ) ;
#4096 = EDGE_CURVE ( 'NONE', #5590, #1522, #6054, .T. ) ;
#4097 = CYLINDRICAL_SURFACE ( 'NONE', #8174, 0.1500000000000006606 ) ;
#4098 = SURFACE_STYLE_FILL_AREA ( #5555 ) ;
#4099 = CIRCLE ( 'NONE', #340, 0.2999999999999999334 ) ;
#4100 = VECTOR ( 'NONE', #4137, 1000.000000000000000 ) ;
#4101 = AXIS2_PLACEMENT_3D ( 'NONE', #6649, #5415, #4724 ) ;
#4102 = LINE ( 'NONE', #6739, #2654 ) ;
#4103 = ORIENTED_EDGE ( 'NONE', *, *, #1838, .T. ) ;
#4104 = VECTOR ( 'NONE', #8000, 1000.000000000000114 ) ;
#4105 = CARTESIAN_POINT ( 'NONE',  ( 45.14333685535501672, 3.417866292783676041, -0.3984402521576851375 ) ) ;
#4106 = CIRCLE ( 'NONE', #77, 8.050000000000000711 ) ;
#4107 = ITEM_DEFINED_TRANSFORMATION ( 'NONE', 'NONE', #4490,  #2081 ) ;
#4108 = CARTESIAN_POINT ( 'NONE',  ( 44.73366223191442259, 3.682888194497244250, -0.7902537927786794647 ) ) ;
#4109 = CARTESIAN_POINT ( 'NONE',  ( 45.75762645567560583, 3.260474742794814862, -0.3320648881077233328 ) ) ;
#4110 = CARTESIAN_POINT ( 'NONE',  ( 27.18191376433517092, 3.449061285364876550, -2.369050042655620469 ) ) ;
#4111 = CARTESIAN_POINT ( 'NONE',  ( 52.29999999999999716, 3.381393742012984927, 0.7999999999999789502 ) ) ;
#4112 = ORIENTED_EDGE ( 'NONE', *, *, #6790, .T. ) ;
#4113 = CARTESIAN_POINT ( 'NONE',  ( 29.20551810936433057, 3.279237581643513533, -1.072148949844673460 ) ) ;
#4114 = CIRCLE ( 'NONE', #491, 0.3000000000000001554 ) ;
#4115 = VECTOR ( 'NONE', #1812, 1000.000000000000227 ) ;
#4116 = ORIENTED_EDGE ( 'NONE', *, *, #5134, .T. ) ;
#4117 = FACE_OUTER_BOUND ( 'NONE', #2175, .T. ) ;
#4118 = DIRECTION ( 'NONE',  ( -1.000000000000000000, 0.000000000000000000, -1.100000000000046116E-14 ) ) ;
#4119 = CARTESIAN_POINT ( 'NONE',  ( 41.19042773635830912, 2.804494347890172268, 0.2174605989258960315 ) ) ;
#4120 = CARTESIAN_POINT ( 'NONE',  ( 32.89315395389319718, 4.048618375436944916, 0.1978027210078228959 ) ) ;
#4121 = CARTESIAN_POINT ( 'NONE',  ( 43.40650209799510151, 4.112317186820240167, -0.1127512694714216668 ) ) ;
#4122 = CARTESIAN_POINT ( 'NONE',  ( 29.20551810936433768, 3.279237581643515753, -1.072148949844669907 ) ) ;
#4123 = CARTESIAN_POINT ( 'NONE',  ( 48.16494492839985497, 3.256393742013003134, -0.4249999999999988232 ) ) ;
#4124 = LINE ( 'NONE', #6886, #2362 ) ;
#4125 = CARTESIAN_POINT ( 'NONE',  ( 40.12285523979682722, 3.253007779586335690, -0.1092139547809248684 ) ) ;
#4126 = FACE_OUTER_BOUND ( 'NONE', #4329, .T. ) ;
#4127 = AXIS2_PLACEMENT_3D ( 'NONE', #4535, #5940, #6498 ) ;
#4128 = CARTESIAN_POINT ( 'NONE',  ( 45.53227765311667952, 2.913614496072386650, 0.2106839993873539651 ) ) ;
#4129 = CARTESIAN_POINT ( 'NONE',  ( 43.58776991527756905, 3.578459235657315052, -0.2584896670904497928 ) ) ;
#4130 = CARTESIAN_POINT ( 'NONE',  ( 40.28238719038304083, 3.227588144134182713, 0.1078931074228823978 ) ) ;
#4131 = CARTESIAN_POINT ( 'NONE',  ( 31.07490818079990191, 3.124254947588138265, 0.03303112816468778412 ) ) ;
#4132 = CARTESIAN_POINT ( 'NONE',  ( 39.23187846737793194, 3.324223804790090053, 0.4053397139605857680 ) ) ;
#4133 = VECTOR ( 'NONE', #5698, 1000.000000000000000 ) ;
#4134 = CARTESIAN_POINT ( 'NONE',  ( 30.52303354658195644, 2.581304497849533863, -0.2363341352082683200 ) ) ;
#4135 = VERTEX_POINT ( 'NONE', #2261 ) ;
#4136 = DIRECTION ( 'NONE',  ( -2.666144858838235626E-32, -1.000000000000000000, -1.861759004257252044E-46 ) ) ;
#4137 = DIRECTION ( 'NONE',  ( 1.000000000000000000, -2.870543024180835148E-15, -7.000000000000000150E-15 ) ) ;
#4138 = ORIENTED_EDGE ( 'NONE', *, *, #7953, .F. ) ;
#4139 = CARTESIAN_POINT ( 'NONE',  ( 31.51002320087813047, 3.031687948793192700, -0.3382121326378996762 ) ) ;
#4140 = FACE_OUTER_BOUND ( 'NONE', #3473, .T. ) ;
#4141 = ADVANCED_FACE ( 'NONE', ( #6780 ), #6014, .T. ) ;
#4142 = ORIENTED_EDGE ( 'NONE', *, *, #5211, .T. ) ;
#4143 = ADVANCED_FACE ( 'NONE', ( #4140 ), #5461, .F. ) ;
#4144 = CARTESIAN_POINT ( 'NONE',  ( 52.44999999999999574, 2.081393742012984660, 1.474999999999973888 ) ) ;
#4145 = ORIENTED_EDGE ( 'NONE', *, *, #8252, .T. ) ;
#4146 = CARTESIAN_POINT ( 'NONE',  ( 40.16521180071076458, 2.851054028044102573, 0.06783006277928380068 ) ) ;
#4147 = B_SPLINE_CURVE_WITH_KNOTS ( 'NONE', 3,
 ( #6320, #7599, #7556, #5727, #8265, #3761, #4399, #6949, #8352, #3051, #435, #3635, #3098, #2509, #3004, #7638, #5644, #8226, #2425, #4955, #1246, #2468, #1763, #5685, #5036, #6359, #4318, #1887, #2548, #564, #3135, #5119, #4436, #8311, #4999, #5201, #7920, #7239, #7152, #2590, #1454, #2080, #717, #7804, #7197, #2008, #5160, #3848, #1413, #1331, #169, #6441, #3249, #4556, #4002, #50, #5842, #7879 ),
 .UNSPECIFIED., .F., .F.,
 ( 4, 2, 2, 2, 2, 2, 2, 2, 2, 2, 2, 2, 2, 2, 2, 2, 2, 2, 2, 2, 2, 2, 2, 2, 2, 2, 2, 2, 4 ),
 ( 0.1308689870526984211, 0.1419233613375222303, 0.1750864841920457826, 0.1971952327616690592, 0.2193039813312923081, 0.2414127299009406202, 0.2635214784705889324, 0.2856302270402372723, 0.3077389756098856122, 0.3409020984643585939, 0.3740652213188316866, 0.3961739698884907401, 0.4182827184581499047, 0.4403914670277873089, 0.4625002155974248241, 0.4956633384518976948, 0.5177720870215459792, 0.5398808355911944856, 0.5730439584462085900, 0.5951527070155860910, 0.6172614555849635920, 0.6393702041546120984, 0.6614789527242606049, 0.6835877012939084452, 0.7056964498635562855, 0.7278051984332052360, 0.7499139470028541865, 0.7830770698573270572, 0.7941314441421509773 ),
 .UNSPECIFIED. ) ;
#4148 = CARTESIAN_POINT ( 'NONE',  ( 42.74589931030372014, 2.979152419722507883, 0.3946602860567497428 ) ) ;
#4149 = CARTESIAN_POINT ( 'NONE',  ( 47.93676817398022649, 3.252143333051139784, -0.8210227454707483830 ) ) ;
#4150 = MANIFOLD_SOLID_BREP ( 'Body-Move/Copy1', #4371 ) ;
#4151 = DIRECTION ( 'NONE',  ( -0.8200998161168383538, 9.279821423521090047E-15, -0.5722204921226851093 ) ) ;
#4152 = CARTESIAN_POINT ( 'NONE',  ( 45.90799567767802358, 3.642753939097983729, 0.3561162756998584311 ) ) ;
#4153 = ORIENTED_EDGE ( 'NONE', *, *, #7368, .F. ) ;
#4154 = CARTESIAN_POINT ( 'NONE',  ( 48.97573593128807801, 4.707129673301061246, -2.125000000000005773 ) ) ;
#4155 = CARTESIAN_POINT ( 'NONE',  ( 34.25443661575972243, 3.578459542492147705, -0.2584897403251674719 ) ) ;
#4156 = CARTESIAN_POINT ( 'NONE',  ( 45.45421155199282737, 2.945328045282160190, 0.2538312578386329177 ) ) ;
#4157 = CARTESIAN_POINT ( 'NONE',  ( 34.34589931031764820, 2.861733456686160526, -0.2772413222719873338 ) ) ;
#4158 = CARTESIAN_POINT ( 'NONE',  ( 34.14090167526322972, 2.699462813466097177, 0.5943314183277333962 ) ) ;
#4159 = CARTESIAN_POINT ( 'NONE',  ( 41.23369441456900830, 2.559971384612157674, 0.5668946090335309496 ) ) ;
#4160 = LINE ( 'NONE', #6078, #7573 ) ;
#4161 = CARTESIAN_POINT ( 'NONE',  ( 47.80394996717133438, 2.842771383929731943, -0.4122020725168226152 ) ) ;
#4162 = DIRECTION ( 'NONE',  ( 0.000000000000000000, 0.000000000000000000, -1.000000000000000000 ) ) ;
#4163 = CARTESIAN_POINT ( 'NONE',  ( 43.79573233056068204, 3.177931867132216315, 0.2198140274634323710 ) ) ;
#4164 = VECTOR ( 'NONE', #1783, 1000.000000000000000 ) ;
#4165 = LINE ( 'NONE', #6762, #4365 ) ;
#4166 = DIRECTION ( 'NONE',  ( 2.999999999999999839E-15, 1.000000000000000000, 2.999999999999999839E-15 ) ) ;
#4167 = ADVANCED_FACE ( 'NONE', ( #6144 ), #2922, .T. ) ;
#4168 = LINE ( 'NONE', #1024, #6261 ) ;
#4169 = CARTESIAN_POINT ( 'NONE',  ( 29.98207977571802374, 2.622786971306006798, 0.2643910194293920823 ) ) ;
#4170 = CARTESIAN_POINT ( 'NONE',  ( 34.14090167526322972, 2.699462813466097177, 0.5943314183277333962 ) ) ;
#4171 = CARTESIAN_POINT ( 'NONE',  ( 40.16521180071076458, 3.661733455981939667, -0.06783006277916289739 ) ) ;
#4172 = CARTESIAN_POINT ( 'NONE',  ( 41.98952190646642890, 3.253007779586882364, -0.1092139547822181256 ) ) ;
#4173 = CARTESIAN_POINT ( 'NONE',  ( 29.13206419026851179, 3.830165936209833699, -0.9668756393414178474 ) ) ;
#4174 = CARTESIAN_POINT ( 'NONE',  ( 33.16521200046231144, 2.921809284719995681, -0.2386580203655147003 ) ) ;
#4175 = CARTESIAN_POINT ( 'NONE',  ( 29.13428848150178041, 3.021127980765391907, 0.7057984929248993788 ) ) ;
#4176 = ORIENTED_EDGE ( 'NONE', *, *, #120, .F. ) ;
#4177 = MANIFOLD_SOLID_BREP ( 'Cut-Extrude3[2]', #61 ) ;
#4178 = EDGE_LOOP ( 'NONE', ( #5281, #5490, #7728, #5664 ) ) ;
#4179 = LINE ( 'NONE', #6774, #7716 ) ;
#4180 = EDGE_CURVE ( 'NONE', #3209, #6423, #3032, .T. ) ;
#4181 = CARTESIAN_POINT ( 'NONE',  ( 24.96791241634318226, 1.727156155566249351, 5.508069892759419162 ) ) ;
#4182 = ORIENTED_EDGE ( 'NONE', *, *, #6019, .F. ) ;
#4183 = CARTESIAN_POINT ( 'NONE',  ( 48.70000000000000284, 3.981393742012995229, 1.125000000000000000 ) ) ;
#4184 = SURFACE_STYLE_USAGE ( .BOTH. , #263 ) ;
#4185 = CARTESIAN_POINT ( 'NONE',  ( 31.65018054380155732, 3.479478850434027493, 0.7573217578938703509 ) ) ;
#4186 = EDGE_CURVE ( 'NONE', #8047, #8196, #604, .T. ) ;
#4187 = ORIENTED_EDGE ( 'NONE', *, *, #2185, .T. ) ;
#4188 = CARTESIAN_POINT ( 'NONE',  ( 31.50000000000000000, 3.256393742013027115, -0.3999999999998783418 ) ) ;
#4189 = ORIENTED_EDGE ( 'NONE', *, *, #4817, .F. ) ;
#4190 = ADVANCED_FACE ( 'NONE', ( #6401 ), #7033, .F. ) ;
#4191 = CARTESIAN_POINT ( 'NONE',  ( 40.94340948602382468, 3.088826077397435643, -0.3954765511323940497 ) ) ;
#4192 = CARTESIAN_POINT ( 'NONE',  ( 48.50000000000000000, 4.439128768931960067, -0.3172649730810310209 ) ) ;
#4193 = VECTOR ( 'NONE', #1209, 999.9999999999998863 ) ;
#4194 = CARTESIAN_POINT ( 'NONE',  ( 35.47316836516268523, 2.730891331250173248, 0.6849559486658884921 ) ) ;
#4195 = CARTESIAN_POINT ( 'NONE',  ( 37.96702774789753221, 2.363093748259407878, -0.09158994922468842448 ) ) ;
#4196 = PLANE ( 'NONE',  #6023 ) ;
#4197 = VECTOR ( 'NONE', #867, 1000.000000000000000 ) ;
#4198 = CARTESIAN_POINT ( 'NONE',  ( 48.16494492839986208, 3.256393742012989811, 0.8250000000000077272 ) ) ;
#4199 = ORIENTED_EDGE ( 'NONE', *, *, #7928, .T. ) ;
#4200 = CARTESIAN_POINT ( 'NONE',  ( 46.67348841029671291, 3.549371416874809615, 0.1220894337825424170 ) ) ;
#4201 = ORIENTED_EDGE ( 'NONE', *, *, #365, .F. ) ;
#4202 = EDGE_CURVE ( 'NONE', #175, #3540, #5194, .T. ) ;
#4203 = CARTESIAN_POINT ( 'NONE',  ( 26.64985775722247396, 3.477242631687680774, -3.228034932539221469 ) ) ;
#4204 = CARTESIAN_POINT ( 'NONE',  ( 32.27224668164851806, 3.325470323658596072, 0.09350134616063422721 ) ) ;
#4205 = CARTESIAN_POINT ( 'NONE',  ( 48.70000000000000284, 1.631393742013004911, -1.250000000000000000 ) ) ;
#4206 = CARTESIAN_POINT ( 'NONE',  ( 39.89315270756843290, 3.956448657255647650, -0.4203188991002988484 ) ) ;
#4207 = CARTESIAN_POINT ( 'NONE',  ( 44.96040336394997183, 2.537793775688252929, 0.5357568117754768489 ) ) ;
#4208 = DIRECTION ( 'NONE',  ( 1.000000000000000000, -2.783159565502900135E-15, -7.000000000000000150E-15 ) ) ;
#4209 = CARTESIAN_POINT ( 'NONE',  ( 47.21832542942139810, 2.739505881332460646, -0.7122486377224762633 ) ) ;
#4210 = CARTESIAN_POINT ( 'NONE',  ( 49.29999999999999716, 3.981393742013000114, -1.074999999999999956 ) ) ;
#4211 = EDGE_LOOP ( 'NONE', ( #781, #7167, #369, #4311 ) ) ;
#4212 = CARTESIAN_POINT ( 'NONE',  ( 39.18952190645438094, 3.147179787248378435, 0.003385962431915794969 ) ) ;
#4213 =( NAMED_UNIT ( * ) PLANE_ANGLE_UNIT ( ) SI_UNIT ( $, .RADIAN. ) );
#4214 = DIRECTION ( 'NONE',  ( -0.5000000000000008882, -0.8660254037844382635, 9.019237886466885856E-16 ) ) ;
#4215 = DIRECTION ( 'NONE',  ( -0.7745966692414796295, 0.4472135954999583718, 0.4472135954999638674 ) ) ;
#4216 =( BOUNDED_CURVE ( )  B_SPLINE_CURVE ( 3, ( #1208, #7151, #2547, #1371 ),
 .UNSPECIFIED., .F., .F. ) 
 B_SPLINE_CURVE_WITH_KNOTS ( ( 4, 4 ),
 ( 1.570796326794974940, 3.141592653589795336 ),
 .UNSPECIFIED. ) 
 CURVE ( )  GEOMETRIC_REPRESENTATION_ITEM ( )  RATIONAL_B_SPLINE_CURVE ( ( 1.000000000000000000, 0.8047378541243839223, 0.8047378541243839223, 1.000000000000000000 ) ) 
 REPRESENTATION_ITEM ( '' )  );
#4217 = DIRECTION ( 'NONE',  ( -0.8200998161168312484, -4.685812950049665669E-15, 0.5722204921226952123 ) ) ;
#4218 = CARTESIAN_POINT ( 'NONE',  ( 33.82648604287436456, 3.058590508715620881, 0.7922239258419361274 ) ) ;
#4219 = CARTESIAN_POINT ( 'NONE',  ( 36.50957226365128605, 3.682551934334402866, -0.02016514339808948494 ) ) ;
#4220 = CARTESIAN_POINT ( 'NONE',  ( 31.68905017659830037, 3.370769151286080234, 0.3842674699572761199 ) ) ;
#4221 = CARTESIAN_POINT ( 'NONE',  ( 31.42538265846325274, 3.675409729474714560, 0.6994578134750690790 ) ) ;
#4222 = CARTESIAN_POINT ( 'NONE',  ( 8.349999999999999645, 5.000000000000000888, 0.000000000000000000 ) ) ;
#4223 = CARTESIAN_POINT ( 'NONE',  ( 52.44999999999999574, 3.531393742012984838, 0.9499999999999779732 ) ) ;
#4224 = VERTEX_POINT ( 'NONE', #7724 ) ;
#4225 = CARTESIAN_POINT ( 'NONE',  ( 52.20000000000000284, 2.981393742012994785, -1.475000000000021849 ) ) ;
#4226 = EDGE_CURVE ( 'NONE', #4286, #3179, #3723, .T. ) ;
#4227 = CARTESIAN_POINT ( 'NONE',  ( 46.67348841029671291, 3.549371416874809615, 0.1220894337825424170 ) ) ;
#4228 = CYLINDRICAL_SURFACE ( 'NONE', #7360, 9.549999999999998934 ) ;
#4229 = VERTEX_POINT ( 'NONE', #6272 ) ;
#4230 = AXIS2_PLACEMENT_3D ( 'NONE', #7989, #2199, #1706 ) ;
#4231 = LINE ( 'NONE', #1038, #2158 ) ;
#4232 = CARTESIAN_POINT ( 'NONE',  ( 43.43187846828772081, 3.017738379862527243, 0.3345815584239568152 ) ) ;
#4233 = CARTESIAN_POINT ( 'NONE',  ( 45.70307128130328778, 3.646602030726652455, -0.1194975787942661877 ) ) ;
#4234 = COLOUR_RGB ( '',1.000000000000000000, 1.000000000000000000, 1.000000000000000000 ) ;
#4235 = ORIENTED_EDGE ( 'NONE', *, *, #2931, .T. ) ;
#4236 = CARTESIAN_POINT ( 'NONE',  ( 47.52589099678484530, 3.217366719285994492, -0.7880891277508152992 ) ) ;
#4237 = VERTEX_POINT ( 'NONE', #4356 ) ;
#4238 = CARTESIAN_POINT ( 'NONE',  ( -11.50000000000001066, 3.066066587663970888E-31, 1.499999999999919842 ) ) ;
#4239 = CARTESIAN_POINT ( 'NONE',  ( 29.26596775313394261, 3.449061285364864560, -1.158784682787205478 ) ) ;
#4240 = CARTESIAN_POINT ( 'NONE',  ( 39.05492253799181412, 2.937768527790084239, 0.8033859624320766057 ) ) ;
#4241 = AXIS2_PLACEMENT_3D ( 'NONE', #6166, #1104, #7492 ) ;
#4242 = CARTESIAN_POINT ( 'NONE',  ( 26.42096956037340050, 3.477242631687881946, -2.899995006091684147 ) ) ;
#4243 = VECTOR ( 'NONE', #3317, 999.9999999999998863 ) ;
#4244 = VECTOR ( 'NONE', #6986, 1000.000000000000000 ) ;
#4245 = EDGE_CURVE ( 'NONE', #5590, #4224, #6904, .T. ) ;
#4246 = DIRECTION ( 'NONE',  ( 7.000000000000000150E-15, -2.999999999999999839E-15, 1.000000000000000000 ) ) ;
#4247 = AXIS2_PLACEMENT_3D ( 'NONE', #5850, #177, #7165 ) ;
#4248 = ORIENTED_EDGE ( 'NONE', *, *, #3781, .F. ) ;
#4249 = CARTESIAN_POINT ( 'NONE',  ( 48.12918411396465501, 3.256393742012991588, 0.8250000000000082823 ) ) ;
#4250 = ORIENTED_EDGE ( 'NONE', *, *, #4357, .F. ) ;
#4251 = CARTESIAN_POINT ( 'NONE',  ( 34.56521180070719623, 2.851054027286450410, 0.06783006281440141783 ) ) ;
#4252 =( LENGTH_UNIT ( ) NAMED_UNIT ( * ) SI_UNIT ( .MILLI., .METRE. ) );
#4253 = CARTESIAN_POINT ( 'NONE',  ( 40.28238719038304083, 3.227588144134182713, 0.1078931074228823978 ) ) ;
#4254 = CARTESIAN_POINT ( 'NONE',  ( 42.18776994895921462, 2.845878982307471272, -0.04495506327772768457 ) ) ;
#4255 = CARTESIAN_POINT ( 'NONE',  ( 35.90111893992993686, 3.734327941530988237, 0.04907848082127060779 ) ) ;
#4256 = DIRECTION ( 'NONE',  ( 2.666144858838235626E-32, 1.000000000000000000, 1.861759004257252044E-46 ) ) ;
#4257 = CARTESIAN_POINT ( 'NONE',  ( 48.70000000000000995, 3.256393742013003134, -0.6249999999999985567 ) ) ;
#4258 = EDGE_CURVE ( 'NONE', #8365, #5387, #5770, .T. ) ;
#4259 = DIRECTION ( 'NONE',  ( -2.999999999999999839E-15, -1.000000000000000000, -2.999999999999999839E-15 ) ) ;
#4260 = MECHANICAL_DESIGN_GEOMETRIC_PRESENTATION_REPRESENTATION (  '', ( #620 ), #6017 ) ;
#4261 = EDGE_LOOP ( 'NONE', ( #3512, #2186, #6030, #3588 ) ) ;
#4262 = CARTESIAN_POINT ( 'NONE',  ( 43.63687606550656284, 3.242328267189424906, 0.2358574301421353658 ) ) ;
#4263 = EDGE_CURVE ( 'NONE', #2294, #5458, #4475, .T. ) ;
#4264 = DIRECTION ( 'NONE',  ( 0.8271046511042942084, -2.994794288060764894E-17, -0.5620479482407562122 ) ) ;
#4265 = DIRECTION ( 'NONE',  ( 7.000000000000000150E-15, -2.891205793294680200E-15, 1.000000000000000000 ) ) ;
#4266 = CARTESIAN_POINT ( 'NONE',  ( 48.50000000000000000, 2.473658715094035010, 0.8249999999999999556 ) ) ;
#4267 = B_SPLINE_CURVE_WITH_KNOTS ( 'NONE', 3,
 ( #5456, #3589, #3046, #6183, #6138, #1592, #8221, #1717 ),
 .UNSPECIFIED., .F., .F.,
 ( 4, 2, 2, 4 ),
 ( 0.000000000000000000, 0.5000000000000000000, 0.7500000000000000000, 0.9357604965486948645 ),
 .UNSPECIFIED. ) ;
#4268 = LINE ( 'NONE', #6217, #2224 ) ;
#4269 = CARTESIAN_POINT ( 'NONE',  ( 45.14333685535502383, 3.094921191242336445, 0.3984402521577363743 ) ) ;
#4270 = CARTESIAN_POINT ( 'NONE',  ( 38.72285523979752497, 3.331225433043082607, -0.07962016501631991039 ) ) ;
#4271 = CARTESIAN_POINT ( 'NONE',  ( 52.29999999999999716, 2.081393742012984660, 0.7999999999999749534 ) ) ;
#4272 = CARTESIAN_POINT ( 'NONE',  ( 32.69854658570662309, 2.851019630124985049, 0.06783208943140121849 ) ) ;
#4273 = CARTESIAN_POINT ( 'NONE',  ( 29.01116490272929482, 3.022268955258974099, 0.7936041734566239292 ) ) ;
#4274 = ORIENTED_EDGE ( 'NONE', *, *, #7733, .F. ) ;
#4275 = LINE ( 'NONE', #6094, #6485 ) ;
#4276 = ORIENTED_EDGE ( 'NONE', *, *, #2598, .F. ) ;
#4277 = DIRECTION ( 'NONE',  ( 0.000000000000000000, -1.000000000000000000, -2.891205793294679017E-15 ) ) ;
#4278 = FACE_OUTER_BOUND ( 'NONE', #4619, .T. ) ;
#4279 = SURFACE_STYLE_FILL_AREA ( #7516 ) ;
#4280 = CARTESIAN_POINT ( 'NONE',  ( 45.14333685535501672, 3.417866292783676041, -0.3984402521576851375 ) ) ;
#4281 = EDGE_LOOP ( 'NONE', ( #3724, #5433, #817, #7465, #6648, #4640, #6861, #8323, #5478, #6837, #7631, #2502 ) ) ;
#4282 = CARTESIAN_POINT ( 'NONE',  ( 32.69854658570662309, 2.851019630124985049, 0.06783208943140121849 ) ) ;
#4283 = CARTESIAN_POINT ( 'NONE',  ( 26.07914960422881023, 2.972792225956604639, 3.626243655105322983 ) ) ;
#4284 = CARTESIAN_POINT ( 'NONE',  ( 40.53369441455449618, 2.999160713754690732, -0.8603515367664856806 ) ) ;
#4285 = DIRECTION ( 'NONE',  ( -2.999999999999999839E-15, -1.000000000000000000, -2.999999999999999839E-15 ) ) ;
#4286 = VERTEX_POINT ( 'NONE', #7682 ) ;
#4287 = CARTESIAN_POINT ( 'NONE',  ( 47.92057513293152482, 2.860956234276555321, 0.8207290785925313026 ) ) ;
#4288 = ORIENTED_EDGE ( 'NONE', *, *, #6962, .T. ) ;
#4289 = DIRECTION ( 'NONE',  ( 0.8000000000000000444, -9.404170427930421688E-15, 0.5999999999999999778 ) ) ;
#4290 = CARTESIAN_POINT ( 'NONE',  ( 33.28238718423391163, 3.159733182068996005, 0.05592339435448732271 ) ) ;
#4291 = EDGE_CURVE ( 'NONE', #1591, #3209, #4147, .T. ) ;
#4292 = CARTESIAN_POINT ( 'NONE',  ( 37.37923264373239363, 2.849226205954390689, 0.2585228997803955542 ) ) ;
#4293 = DIRECTION ( 'NONE',  ( 0.000000000000000000, 2.492418787322999854E-17, 1.000000000000000000 ) ) ;
#4294 = DIRECTION ( 'NONE',  ( -1.000000000000000000, 2.783159565502900135E-15, 7.000000000000000150E-15 ) ) ;
#4295 = FACE_OUTER_BOUND ( 'NONE', #5371, .T. ) ;
#4296 = EDGE_CURVE ( 'NONE', #4359, #2229, #642, .T. ) ;
#4297 = ORIENTED_EDGE ( 'NONE', *, *, #807, .T. ) ;
#4298 = CARTESIAN_POINT ( 'NONE',  ( 44.69041990466726588, 2.922106293865495363, 0.3738285337735430258 ) ) ;
#4299 = CARTESIAN_POINT ( 'NONE',  ( 30.74098916560602746, 3.721506780541057768, -0.02601479899478611676 ) ) ;
#4300 = ADVANCED_FACE ( 'NONE', ( #1372 ), #5804, .T. ) ;
#4301 = CARTESIAN_POINT ( 'NONE',  ( 27.18191376433520290, 3.063726198661242517, 2.369050042655923338 ) ) ;
#4302 = LINE ( 'NONE', #5670, #1154 ) ;
#4303 = CARTESIAN_POINT ( 'NONE',  ( 32.31007928061278278, 3.557626007881323993, -0.3061561758464791394 ) ) ;
#4304 = CARTESIAN_POINT ( 'NONE',  ( 36.08238719037510123, 3.312317056323229814, 0.09666058148542715223 ) ) ;
#4305 = LINE ( 'NONE', #4804, #3358 ) ;
#4306 = CARTESIAN_POINT ( 'NONE',  ( 48.16494492839985497, 3.256393742013003134, -0.4249999999999988232 ) ) ;
#4307 = CARTESIAN_POINT ( 'NONE',  ( 35.65443661563280386, 3.211438678712176031, 0.4105147597398876025 ) ) ;
#4308 = DIRECTION ( 'NONE',  ( -1.000000000000000000, 2.999999999999999839E-15, 7.000000000000000150E-15 ) ) ;
#4309 = AXIS2_PLACEMENT_3D ( 'NONE', #1668, #4348, #2954 ) ;
#4310 = TOROIDAL_SURFACE ( 'NONE', #6887, 8.699999999999995737, 0.1499999999999999944 ) ;
#4311 = ORIENTED_EDGE ( 'NONE', *, *, #2951, .F. ) ;
#4312 = CARTESIAN_POINT ( 'NONE',  ( 45.50000000000001421, 2.856393742013005888, 2.428612866367529932E-14 ) ) ;
#4313 = CARTESIAN_POINT ( 'NONE',  ( 31.41595238962310077, 2.980402538908984766, -0.3239227492340394643 ) ) ;
#4314 = VERTEX_POINT ( 'NONE', #6517 ) ;
#4315 = DIRECTION ( 'NONE',  ( -0.7071067811865450192, 0.7071067811865500152, 7.071067811865450484E-15 ) ) ;
#4316 = AXIS2_PLACEMENT_3D ( 'NONE', #4913, #4822, #998 ) ;
#4317 = CARTESIAN_POINT ( 'NONE',  ( 48.70000000000000284, 2.531393742012994608, 1.125000000000000000 ) ) ;
#4318 = CARTESIAN_POINT ( 'NONE',  ( 39.01256597706825602, 2.979152419777669536, 0.3946602860397090407 ) ) ;
#4319 = ADVANCED_FACE ( 'NONE', ( #3289 ), #5240, .T. ) ;
#4320 = CARTESIAN_POINT ( 'NONE',  ( 49.09999999999999432, 2.931393742013005177, -1.775000000000000133 ) ) ;
#4321 = EDGE_LOOP ( 'NONE', ( #831, #5928, #1036, #616 ) ) ;
#4322 = ORIENTED_EDGE ( 'NONE', *, *, #4226, .F. ) ;
#4323 = CARTESIAN_POINT ( 'NONE',  ( 42.65443661556616206, 3.514883482093512423, 0.3220657997621370061 ) ) ;
#4324 = DIRECTION ( 'NONE',  ( -0.8630339426736939323, 0.08304547985374410857, -0.4982728791224349529 ) ) ;
#4325 = CARTESIAN_POINT ( 'NONE',  ( 45.57197750855588936, 3.984765614824987701, -0.3219157226630270374 ) ) ;
#4326 = CARTESIAN_POINT ( 'NONE',  ( 38.58825587131532586, 2.913616129713836322, -0.7933817115858549096 ) ) ;
#4327 = CARTESIAN_POINT ( 'NONE',  ( 49.29999999999999716, 4.831393742013000647, -1.474999999999999867 ) ) ;
#4328 = SURFACE_STYLE_FILL_AREA ( #1775 ) ;
#4329 = EDGE_LOOP ( 'NONE', ( #1249, #1474, #4769, #3350, #5762, #6988, #2632, #536, #428, #7257, #4429, #5974 ) ) ;
#4330 = CARTESIAN_POINT ( 'NONE',  ( 45.63433386302259720, 3.651212518115967143, -0.1536199614575246841 ) ) ;
#4331 = ORIENTED_EDGE ( 'NONE', *, *, #1381, .T. ) ;
#4332 = LINE ( 'NONE', #8149, #510 ) ;
#4333 = CARTESIAN_POINT ( 'NONE',  ( 35.45618857312476280, 3.365607696788951664, -0.003385962428674059530 ) ) ;
#4334 = CARTESIAN_POINT ( 'NONE',  ( 40.94340948602383179, 3.423961406628602600, 0.3954765511325040173 ) ) ;
#4335 = EDGE_CURVE ( 'NONE', #6234, #5057, #5887, .T. ) ;
#4336 = CARTESIAN_POINT ( 'NONE',  ( 37.10650169853006020, 3.033014113922190447, 0.8339178479527430410 ) ) ;
#4337 = CARTESIAN_POINT ( 'NONE',  ( 36.56106315531099682, 2.720016893651292733, -0.7184866592988723433 ) ) ;
#4338 = CARTESIAN_POINT ( 'NONE',  ( 1.169537693185722361E-15, 0.5000000000000022204, 9.549999999999998934 ) ) ;
#4339 = CIRCLE ( 'NONE', #691, 9.549999999999998934 ) ;
#4340 = CARTESIAN_POINT ( 'NONE',  ( -1.333072429419117847E-33, -0.05000000000000000278, -9.308795021286259977E-48 ) ) ;
#4341 = CARTESIAN_POINT ( 'NONE',  ( 51.29999999999999716, 3.981393742012985459, 1.474999999999988098 ) ) ;
#4342 = CARTESIAN_POINT ( 'NONE',  ( 34.77020941616201100, 3.433115863222369057, -0.1568306553772351175 ) ) ;
#4343 = CARTESIAN_POINT ( 'NONE',  ( 48.59999999999999432, 2.531393742012999937, -0.4249999999999999889 ) ) ;
#4344 = CARTESIAN_POINT ( 'NONE',  ( 24.88050635747736195, 2.687162905151465164, 3.974845402009473005 ) ) ;
#4345 = FACE_OUTER_BOUND ( 'NONE', #8094, .T. ) ;
#4346 = CARTESIAN_POINT ( 'NONE',  ( 40.28238719038304083, 3.285199339891859527, -0.1078931074227631598 ) ) ;
#4347 = CARTESIAN_POINT ( 'NONE',  ( 33.99573618146357745, 3.356338826521048535, 0.2109076397210560838 ) ) ;
#4348 = DIRECTION ( 'NONE',  ( -0.000000000000000000, -1.000000000000000000, -0.000000000000000000 ) ) ;
#4349 = CARTESIAN_POINT ( 'NONE',  ( 29.32641739690355465, 3.618884989086213810, -1.245420415729740382 ) ) ;
#4350 = CARTESIAN_POINT ( 'NONE',  ( 48.13069388832348494, 2.856393742013002779, -0.8249999999999989564 ) ) ;
#4351 = CARTESIAN_POINT ( 'NONE',  ( 49.09999999999999432, 1.631393742013004911, -1.824999999999999956 ) ) ;
#4352 = PLANE ( 'NONE',  #2356 ) ;
#4353 = FACE_OUTER_BOUND ( 'NONE', #409, .T. ) ;
#4354 = ORIENTED_EDGE ( 'NONE', *, *, #2202, .T. ) ;
#4355 = CYLINDRICAL_SURFACE ( 'NONE', #5805, 0.2999999999999999334 ) ;
#4356 = CARTESIAN_POINT ( 'NONE',  ( 51.29999999999999716, 3.981393742012995229, 0.1249999999999873990 ) ) ;
#4357 = EDGE_CURVE ( 'NONE', #6443, #5080, #3883, .T. ) ;
#4358 = VERTEX_POINT ( 'NONE', #4594 ) ;
#4359 = VERTEX_POINT ( 'NONE', #6559 ) ;
#4360 = LINE ( 'NONE', #2347, #672 ) ;
#4361 = EDGE_CURVE ( 'NONE', #5513, #1591, #7600, .T. ) ;
#4362 = CARTESIAN_POINT ( 'NONE',  ( 33.92158918249545252, 4.049775465986407141, -0.3427775782335514831 ) ) ;
#4363 = CARTESIAN_POINT ( 'NONE',  ( 33.35981944151274803, 3.676712706389555052, 0.7000549415518474428 ) ) ;
#4364 = CARTESIAN_POINT ( 'NONE',  ( 26.68923051215292830, 3.077242629408353913, -3.200562792247452659 ) ) ;
#4365 = VECTOR ( 'NONE', #4006, 1000.000000000000114 ) ;
#4366 = PLANE ( 'NONE',  #4935 ) ;
#4367 = ORIENTED_EDGE ( 'NONE', *, *, #6822, .F. ) ;
#4368 = CARTESIAN_POINT ( 'NONE',  ( 47.93676817398024070, 3.260644150974855826, 0.8210227454707604844 ) ) ;
#4369 = VERTEX_POINT ( 'NONE', #1964 ) ;
#4370 = CARTESIAN_POINT ( 'NONE',  ( 27.41080196118424439, 3.449061285364876550, -2.697089969102354434 ) ) ;
#4371 = CLOSED_SHELL ( 'NONE', ( #4066, #3812, #2923, #107, #4872, #3560, #8144, #2610, #7688 ) ) ;
#4372 = CARTESIAN_POINT ( 'NONE',  ( 31.64886276149288946, 3.359892571351991375, -0.01663925445102066789 ) ) ;
#4373 = CIRCLE ( 'NONE', #1568, 8.349999999999999645 ) ;
#4374 = VECTOR ( 'NONE', #339, 1000.000000000000000 ) ;
#4375 = CARTESIAN_POINT ( 'NONE',  ( 36.95492253799970683, 3.243322558341157791, -0.8641644380131762171 ) ) ;
#4376 = CARTESIAN_POINT ( 'NONE',  ( 26.38935404863865841, 3.488468554045584646, 2.922054569233774490 ) ) ;
#4377 = CARTESIAN_POINT ( 'NONE',  ( 48.70000000000000284, 3.981393742013000114, 0.1250000000000026090 ) ) ;
#4378 = VECTOR ( 'NONE', #4839, 1000.000000000000114 ) ;
#4379 = VECTOR ( 'NONE', #6851, 1000.000000000000114 ) ;
#4380 = CARTESIAN_POINT ( 'NONE',  ( 33.06240279720809383, 3.045486047449028177, 0.09994505844832647645 ) ) ;
#4381 = DIRECTION ( 'NONE',  ( -1.000000000000000000, 2.999999999999999839E-15, 7.000000000000000150E-15 ) ) ;
#4382 = ORIENTED_EDGE ( 'NONE', *, *, #3410, .T. ) ;
#4383 = CARTESIAN_POINT ( 'NONE',  ( 25.62213427167042568, 2.163832177753891806, 3.945123788184936142 ) ) ;
#4384 = VECTOR ( 'NONE', #2060, 1000.000000000000114 ) ;
#4385 = LINE ( 'NONE', #2453, #7091 ) ;
#4386 = CARTESIAN_POINT ( 'NONE',  ( 38.09963891876807907, 3.290382780440222366, 0.1075305303825611070 ) ) ;
#4387 = DIRECTION ( 'NONE',  ( -2.999999999999999839E-15, -1.000000000000000000, -2.999999999999999839E-15 ) ) ;
#4388 = DIRECTION ( 'NONE',  ( -2.196152422706720170E-15, 1.000000000000000000, 0.000000000000000000 ) ) ;
#4389 = CARTESIAN_POINT ( 'NONE',  ( 48.16494492839986918, 2.856393742013002779, -0.8249999999999989564 ) ) ;
#4390 = DIRECTION ( 'NONE',  ( -0.5999999999999999778, -7.301042606982972016E-16, 0.8000000000000000444 ) ) ;
#4391 = ORIENTED_EDGE ( 'NONE', *, *, #4202, .F. ) ;
#4392 = VECTOR ( 'NONE', #3959, 1000.000000000000000 ) ;
#4393 = CARTESIAN_POINT ( 'NONE',  ( 48.59999999999999432, 2.381393742013000026, -0.4249999999999999889 ) ) ;
#4394 = CARTESIAN_POINT ( 'NONE',  ( 29.20551810936433057, 3.279237581643513533, -1.072148949844673460 ) ) ;
#4395 = CARTESIAN_POINT ( 'NONE',  ( 30.53038628994630699, 3.355799187807672279, 0.3919763807074109208 ) ) ;
#4396 = VERTEX_POINT ( 'NONE', #3332 ) ;
#4397 = CARTESIAN_POINT ( 'NONE',  ( 51.39999999999999858, 1.831393742012989989, 0.4499999999999804712 ) ) ;
#4398 = DIRECTION ( 'NONE',  ( -0.000000000000000000, -1.000000000000000000, -0.000000000000000000 ) ) ;
#4399 = CARTESIAN_POINT ( 'NONE',  ( 44.14589883252198632, 3.173366459258033512, -0.4751062093215596138 ) ) ;
#4400 = EDGE_LOOP ( 'NONE', ( #5925, #1645, #4138, #3352 ) ) ;
#4401 = DIRECTION ( 'NONE',  ( 2.999999999999999839E-15, 1.000000000000000000, 2.999999999999999839E-15 ) ) ;
#4402 = CARTESIAN_POINT ( 'NONE',  ( 48.06913499914221433, 2.856947572546086001, 0.4244838980722353550 ) ) ;
#4403 = CARTESIAN_POINT ( 'NONE',  ( 43.12110328040322571, 3.211438688149710785, 0.4105147440244247825 ) ) ;
#4404 = AXIS2_PLACEMENT_3D ( 'NONE', #5973, #5290, #6698 ) ;
#4405 = EDGE_CURVE ( 'NONE', #99, #2216, #5924, .T. ) ;
#4406 = CARTESIAN_POINT ( 'NONE',  ( 31.80498751362982901, 3.237767202337822781, -0.7962491037781873615 ) ) ;
#4407 = CARTESIAN_POINT ( 'NONE',  ( 49.85000000000000142, 4.831393742013000647, -0.1749999999999999889 ) ) ;
#4408 = EDGE_CURVE ( 'NONE', #5057, #2791, #5007, .T. ) ;
#4409 = DIRECTION ( 'NONE',  ( -0.8660254037844351549, 0.000000000000000000, 0.5000000000000061062 ) ) ;
#4410 = ORIENTED_EDGE ( 'NONE', *, *, #2381, .F. ) ;
#4411 = CARTESIAN_POINT ( 'NONE',  ( 45.96998881661135528, 3.230767114171340104, -0.02668187462842140298 ) ) ;
#4412 = VERTEX_POINT ( 'NONE', #4635 ) ;
#4413 = DIRECTION ( 'NONE',  ( -0.5000000000000061062, 4.098076211353317325E-15, -0.8660254037844351549 ) ) ;
#4414 = CARTESIAN_POINT ( 'NONE',  ( 39.90354274948521152, 3.270459132377708134, -0.2358574302339440099 ) ) ;
#4415 = CARTESIAN_POINT ( 'NONE',  ( 25.62213427167042568, 2.163832177753891806, 3.945123788184936142 ) ) ;
#4416 = PLANE ( 'NONE',  #4588 ) ;
#4417 = ORIENTED_EDGE ( 'NONE', *, *, #3662, .T. ) ;
#4418 = CARTESIAN_POINT ( 'NONE',  ( 40.72325718063809319, 3.072885496239742054, 0.4638344041942874529 ) ) ;
#4419 = CARTESIAN_POINT ( 'NONE',  ( 52.29999999999999716, 2.081393742012989989, -0.4500000000000249911 ) ) ;
#4420 = CARTESIAN_POINT ( 'NONE',  ( 25.12796934925655634, 1.527156155566259610, 4.289924859392302281 ) ) ;
#4421 = CARTESIAN_POINT ( 'NONE',  ( 31.76541706525373598, 3.319972528461555328, 0.3974505745560665271 ) ) ;
#4422 = CARTESIAN_POINT ( 'NONE',  ( 31.72584661687762875, 3.147862708791261177, 0.001347954666536627056 ) ) ;
#4423 = CARTESIAN_POINT ( 'NONE',  ( 39.59573618132177586, 3.156448657255488399, -0.2109076396437201961 ) ) ;
#4424 = CARTESIAN_POINT ( 'NONE',  ( 30.05026737366558720, 3.429207802095743940, -1.117083532598715623 ) ) ;
#4425 = CARTESIAN_POINT ( 'NONE',  ( 48.80000000000000426, 1.931393742012995185, 1.824999999999999956 ) ) ;
#4426 = CARTESIAN_POINT ( 'NONE',  ( 47.52589099678484530, 3.217366719285994492, -0.7880891277508152992 ) ) ;
#4427 = PLANE ( 'NONE',  #1292 ) ;
#4428 = EDGE_CURVE ( 'NONE', #1075, #6519, #804, .T. ) ;
#4429 = ORIENTED_EDGE ( 'NONE', *, *, #6537, .F. ) ;
#4430 = DIRECTION ( 'NONE',  ( -7.000000000000000150E-15, 2.999999999999999839E-15, -1.000000000000000000 ) ) ;
#4431 = LINE ( 'NONE', #7028, #605 ) ;
#4432 = ORIENTED_EDGE ( 'NONE', *, *, #7763, .T. ) ;
#4433 = LINE ( 'NONE', #2546, #1040 ) ;
#4434 = EDGE_CURVE ( 'NONE', #5280, #812, #5963, .T. ) ;
#4435 = LINE ( 'NONE', #7032, #7709 ) ;
#4436 = CARTESIAN_POINT ( 'NONE',  ( 37.37923264373239363, 3.663561278071668426, -0.2585228997802356266 ) ) ;
#4437 = EDGE_CURVE ( 'NONE', #5567, #6940, #7072, .T. ) ;
#4438 = ORIENTED_EDGE ( 'NONE', *, *, #6125, .F. ) ;
#4439 = SURFACE_STYLE_FILL_AREA ( #7685 ) ;
#4440 = DIRECTION ( 'NONE',  ( -2.999999999999999839E-15, -1.000000000000000000, -2.999999999999999839E-15 ) ) ;
#4441 = CIRCLE ( 'NONE', #7429, 0.1999999999999999833 ) ;
#4442 = CARTESIAN_POINT ( 'NONE',  ( 35.69315270753221370, 3.058590507978117934, 0.7922239215799167233 ) ) ;
#4444 = EDGE_CURVE ( 'NONE', #6335, #6749, #216, .T. ) ;
#4443 = CARTESIAN_POINT ( 'NONE',  ( 41.40957226364647425, 3.111940225509431279, 0.4014356977655963443 ) ) ;
#4445 = CARTESIAN_POINT ( 'NONE',  ( 48.50000000000000000, 4.039128768931959712, -0.8750000000000000000 ) ) ;
#4446 = CARTESIAN_POINT ( 'NONE',  ( 31.05621875558350098, 3.227894114820120119, -0.4067556419917228161 ) ) ;
#4447 = ORIENTED_EDGE ( 'NONE', *, *, #583, .F. ) ;
#4448 = CARTESIAN_POINT ( 'NONE',  ( 47.22206160005102760, 3.804960640372772041, 0.2807131932971279609 ) ) ;
#4449 = ORIENTED_EDGE ( 'NONE', *, *, #7374, .T. ) ;
#4450 = CARTESIAN_POINT ( 'NONE',  ( 48.59999999999999432, 3.981393742012995229, 0.8750000000000000000 ) ) ;
#4451 = CARTESIAN_POINT ( 'NONE',  ( 41.38545120594528726, 3.384841445553639083, 0.2046701919999067698 ) ) ;
#4452 = CARTESIAN_POINT ( 'NONE',  ( -11.50000000000001066, -0.05000000000000000278, 1.499999999999919842 ) ) ;
#4453 = CARTESIAN_POINT ( 'NONE',  ( 42.07423502829299622, 4.070459132378805300, -0.02644617077575050004 ) ) ;
#4454 = CARTESIAN_POINT ( 'NONE',  ( 26.16164204132685711, 2.567982847549105774, 3.568684975021592098 ) ) ;
#4455 = CARTESIAN_POINT ( 'NONE',  ( 48.59999999999999432, 3.981393742012995229, 1.125000000000000000 ) ) ;
#4456 = ADVANCED_FACE ( 'NONE', ( #7456, #8088 ), #2828, .T. ) ;
#4457 = EDGE_LOOP ( 'NONE', ( #4432, #3803, #6653, #4678 ) ) ;
#4458 = CARTESIAN_POINT ( 'NONE',  ( 32.90354688177081499, 3.079672723091849917, 0.1568228646386499447 ) ) ;
#4459 = FACE_OUTER_BOUND ( 'NONE', #7529, .T. ) ;
#4460 = LINE ( 'NONE', #3705, #8010 ) ;
#4461 = CARTESIAN_POINT ( 'NONE',  ( 34.72110328229668141, 3.666908501725217207, 0.04495506328124317108 ) ) ;
#4462 = VECTOR ( 'NONE', #518, 1000.000000000000114 ) ;
#4463 = CARTESIAN_POINT ( 'NONE',  ( 43.85618861064198626, 3.253007726351151430, -0.1092140015766462080 ) ) ;
#4464 = CARTESIAN_POINT ( 'NONE',  ( 31.56952752250057515, 3.359673131624065334, -0.02953380693073521732 ) ) ;
#4465 = CARTESIAN_POINT ( 'NONE',  ( 31.07490818079990191, 3.124254947588138265, 0.03303112816468778412 ) ) ;
#4466 = CARTESIAN_POINT ( 'NONE',  ( 47.52589099678484530, 3.217366719285994492, -0.7880891277508152992 ) ) ;
#4467 = CARTESIAN_POINT ( 'NONE',  ( 45.78541943070504772, 2.861466138237983792, -0.3252017739257861972 ) ) ;
#4468 = LINE ( 'NONE', #2581, #4244 ) ;
#4469 = AXIS2_PLACEMENT_3D ( 'NONE', #1634, #994, #4862 ) ;
#4470 = CARTESIAN_POINT ( 'NONE',  ( 52.44999999999999574, 4.381393742012985371, 1.474999999999980105 ) ) ;
#4471 = CARTESIAN_POINT ( 'NONE',  ( 47.76942555552374614, 3.241358216062208530, -0.4108700358038009925 ) ) ;
#4472 = ORIENTED_EDGE ( 'NONE', *, *, #7296, .T. ) ;
#4473 = FACE_OUTER_BOUND ( 'NONE', #5123, .T. ) ;
#4474 = CARTESIAN_POINT ( 'NONE',  ( 48.59999999999999432, 4.381393742013000470, -0.8750000000000000000 ) ) ;
#4475 = LINE ( 'NONE', #6231, #565 ) ;
#4476 = ADVANCED_FACE ( 'NONE', ( #7363 ), #848, .T. ) ;
#4477 = ORIENTED_EDGE ( 'NONE', *, *, #3066, .T. ) ;
#4478 = ORIENTED_EDGE ( 'NONE', *, *, #6070, .T. ) ;
#4479 = FACE_OUTER_BOUND ( 'NONE', #7634, .T. ) ;
#4480 = CARTESIAN_POINT ( 'NONE',  ( 48.16494492839988339, 2.856393742012992121, 0.4250000000000077049 ) ) ;
#4481 = CARTESIAN_POINT ( 'NONE',  ( 39.85443661562626971, 2.934327941553058317, 0.2584897402750426232 ) ) ;
#4482 = CARTESIAN_POINT ( 'NONE',  ( 39.23187846737792484, 3.188563679235957959, -0.4053397139604518196 ) ) ;
#4483 = DIRECTION ( 'NONE',  ( -7.000000000000000150E-15, 2.999999999999999839E-15, -1.000000000000000000 ) ) ;
#4484 = CARTESIAN_POINT ( 'NONE',  ( 29.93098407315487108, 3.423170676687306457, 0.9425857248818804157 ) ) ;
#4485 = CARTESIAN_POINT ( 'NONE',  ( 47.48098989623284893, 3.310079127163908286, 0.3740124348085324679 ) ) ;
#4486 = ORIENTED_EDGE ( 'NONE', *, *, #4502, .F. ) ;
#4487 = DIRECTION ( 'NONE',  ( 2.999999999999999839E-15, 1.000000000000000000, 2.999999999999999839E-15 ) ) ;
#4488 = CARTESIAN_POINT ( 'NONE',  ( 35.39573618136387978, 3.036587672718284114, -0.07846237501416923610 ) ) ;
#4489 = CARTESIAN_POINT ( 'NONE',  ( 33.78776995121341997, 3.211438680359668840, 0.4105147599306732675 ) ) ;
#4490 = AXIS2_PLACEMENT_3D ( 'NONE', #7485, #8150, #1690 ) ;
#4491 = CARTESIAN_POINT ( 'NONE',  ( 25.26519277203973246, 1.905235870998241543, 3.706432405045755996 ) ) ;
#4492 = FACE_OUTER_BOUND ( 'NONE', #1501, .T. ) ;
#4493 = ORIENTED_EDGE ( 'NONE', *, *, #1724, .T. ) ;
#4494 = CARTESIAN_POINT ( 'NONE',  ( 39.01256597706824891, 3.533635064248379365, -0.3946602860395719836 ) ) ;
#4495 = CLOSED_SHELL ( 'NONE', ( #2914, #5600, #7737, #5088, #1685, #6167, #5321, #6093, #4456, #2056, #6172, #7888, #4476 ) ) ;
#4496 = CARTESIAN_POINT ( 'NONE',  ( 52.10000000000000142, 4.381393742012989811, 0.4249999999999829470 ) ) ;
#4497 = PRODUCT_DEFINITION_CONTEXT ( 'detailed design', #7639, 'design' ) ;
#4498 = CARTESIAN_POINT ( 'NONE',  ( 0.000000000000000000, 0.000000000000000000, 0.000000000000000000 ) ) ;
#4499 = CARTESIAN_POINT ( 'NONE',  ( 33.78776995121341287, 3.301348803666412035, -0.4105147599304630468 ) ) ;
#4500 = CIRCLE ( 'NONE', #1023, 8.349999999999999645 ) ;
#4501 = CARTESIAN_POINT ( 'NONE',  ( 31.56952752250057515, 3.153114352402029752, 0.02953380693097645837 ) ) ;
#4502 = EDGE_CURVE ( 'NONE', #7208, #495, #2789, .T. ) ;
#4503 = CARTESIAN_POINT ( 'NONE',  ( 35.23687608281505845, 3.020536311774835614, -0.01406539035916498821 ) ) ;
#4504 = CARTESIAN_POINT ( 'NONE',  ( 31.39014596684895508, 3.093211492997088641, 0.4361060245186738626 ) ) ;
#4505 = CARTESIAN_POINT ( 'NONE',  ( 45.96998881661135528, 3.282020369854668385, 0.02668187462846103100 ) ) ;
#4506 = AXIS2_PLACEMENT_3D ( 'NONE', #37, #7100, #6543 ) ;
#4507 = AXIS2_PLACEMENT_3D ( 'NONE', #2837, #305, #2875 ) ;
#4508 = EDGE_CURVE ( 'NONE', #3767, #3169, #1542, .T. ) ;
#4509 = CARTESIAN_POINT ( 'NONE',  ( 43.12110328040321860, 3.301348795876313691, -0.4105147440243452350 ) ) ;
#4510 = PRESENTATION_LAYER_ASSIGNMENT (  '', '', ( #3167 ) ) ;
#4511 = VECTOR ( 'NONE', #2142, 1000.000000000000000 ) ;
#4512 = VERTEX_POINT ( 'NONE', #7503 ) ;
#4513 = CARTESIAN_POINT ( 'NONE',  ( 31.29773790957257518, 3.351684617416649914, -0.4617878673618481256 ) ) ;
#4514 = VERTEX_POINT ( 'NONE', #1794 ) ;
#4515 = DIRECTION ( 'NONE',  ( 1.000000000000000000, -2.999999999999999839E-15, -7.000000000000000150E-15 ) ) ;
#4516 = CARTESIAN_POINT ( 'NONE',  ( 31.60985403315105202, 3.419575991029049522, 0.3638939754815671557 ) ) ;
#4517 = DIRECTION ( 'NONE',  ( -2.666144858838235626E-32, -1.000000000000000000, -1.861759004257252044E-46 ) ) ;
#4518 = ORIENTED_EDGE ( 'NONE', *, *, #7054, .F. ) ;
#4519 = ORIENTED_EDGE ( 'NONE', *, *, #4796, .F. ) ;
#4520 = DIRECTION ( 'NONE',  ( 1.000000000000000000, 0.000000000000000000, 6.982962677686270655E-15 ) ) ;
#4521 = CARTESIAN_POINT ( 'NONE',  ( 46.82317342642996749, 3.073042947439278638, 0.6123345544546550112 ) ) ;
#4522 =( BOUNDED_SURFACE ( )  B_SPLINE_SURFACE ( 3, 3, ( 
 ( #5581, #1914, #513, #2452, #2532, #1193, #6345, #2411 ),
 ( #6978, #6385, #3748, #7667, #6891, #1789, #1067, #3620 ),
 ( #1107, #6255, #3784, #3083, #4344, #5631, #8211, #551 ),
 ( #4301, #3119, #7543, #589, #7018, #3656, #7707, #1750 ),
 ( #5712, #461, #3033, #6216, #4981, #8291, #7584, #420 ),
 ( #6930, #3156, #8162, #5753, #4383, #1148, #7623, #2991 ),
 ( #2493, #5062, #2371, #1829, #1873, #8336, #5104, #4420 ) ),
 .UNSPECIFIED., .T., .F., .F. ) 
 B_SPLINE_SURFACE_WITH_KNOTS ( ( 4, 3, 4 ),
 ( 4, 2, 2, 4 ),
 ( 0.000000000000000000, 0.5000000000000000000, 1.000000000000000000 ),
 ( 0.000000000000000000, 0.5000000000000000000, 0.7500000000000000000, 1.000000000000000000 ),
 .UNSPECIFIED. ) 
 GEOMETRIC_REPRESENTATION_ITEM ( )  RATIONAL_B_SPLINE_SURFACE ( (
 ( 1.000000000000000000, 1.000000000000000000, 1.000000000000000000, 1.000000000000000000, 1.000000000000000000, 1.000000000000000000, 1.000000000000000000, 1.000000000000000000),
 ( 0.3333333333333333703, 0.3333333333333333703, 0.3333333333333333703, 0.3333333333333333703, 0.3333333333333333703, 0.3333333333333333703, 0.3333333333333333703, 0.3333333333333333703),
 ( 0.3333333333333333703, 0.3333333333333333703, 0.3333333333333333703, 0.3333333333333333703, 0.3333333333333333703, 0.3333333333333333703, 0.3333333333333333703, 0.3333333333333333703),
 ( 1.000000000000000000, 1.000000000000000000, 1.000000000000000000, 1.000000000000000000, 1.000000000000000000, 1.000000000000000000, 1.000000000000000000, 1.000000000000000000),
 ( 0.3333333333333333703, 0.3333333333333333703, 0.3333333333333333703, 0.3333333333333333703, 0.3333333333333333703, 0.3333333333333333703, 0.3333333333333333703, 0.3333333333333333703),
 ( 0.3333333333333333703, 0.3333333333333333703, 0.3333333333333333703, 0.3333333333333333703, 0.3333333333333333703, 0.3333333333333333703, 0.3333333333333333703, 0.3333333333333333703),
 ( 1.000000000000000000, 1.000000000000000000, 1.000000000000000000, 1.000000000000000000, 1.000000000000000000, 1.000000000000000000, 1.000000000000000000, 1.000000000000000000) ) ) 
 REPRESENTATION_ITEM ( '' )  SURFACE ( )  );
#4523 = CARTESIAN_POINT ( 'NONE',  ( 39.23187846737793194, 3.324223804790090053, 0.4053397139605857680 ) ) ;
#4524 = AXIS2_PLACEMENT_3D ( 'NONE', #2423, #8095, #6777 ) ;
#4525 = CARTESIAN_POINT ( 'NONE',  ( 42.03187846737969835, 2.851054028043188193, 0.06783006277908439074 ) ) ;
#4526 = CARTESIAN_POINT ( 'NONE',  ( 25.95878985857098442, 2.931887250076005369, -3.222478551637343092 ) ) ;
#4527 = CARTESIAN_POINT ( 'NONE',  ( 30.03340194115318340, 2.938751341022112218, -0.07787911399190361461 ) ) ;
#4528 = CARTESIAN_POINT ( 'NONE',  ( 46.34969557769005633, 4.000814310845181687, 0.4489133722991446307 ) ) ;
#4529 = ORIENTED_EDGE ( 'NONE', *, *, #6609, .T. ) ;
#4530 = CARTESIAN_POINT ( 'NONE',  ( 48.70000000000000284, 3.981393742013000114, 0.1250000000000026090 ) ) ;
#4531 = CARTESIAN_POINT ( 'NONE',  ( 34.46240284800068565, 3.177931366986403106, 0.2198060693643085484 ) ) ;
#4532 = CARTESIAN_POINT ( 'NONE',  ( 31.68905017659829326, 3.142018332740013520, -0.3842674699570365338 ) ) ;
#4533 = DIRECTION ( 'NONE',  ( 7.397954428741083141E-15, 0.1643989873053549877, 0.9863939238321440817 ) ) ;
#4534 = AXIS2_PLACEMENT_3D ( 'NONE', #8350, #602, #5117 ) ;
#4535 = CARTESIAN_POINT ( 'NONE',  ( 48.59999999999999432, 2.531393742012994608, 1.125000000000000000 ) ) ;
#4536 = ORIENTED_EDGE ( 'NONE', *, *, #181, .T. ) ;
#4537 = CARTESIAN_POINT ( 'NONE',  ( 39.16778560659479780, 3.629047982054676158, -0.3032467868437227487 ) ) ;
#4538 = EDGE_CURVE ( 'NONE', #4224, #5157, #5758, .T. ) ;
#4539 = DIRECTION ( 'NONE',  ( -0.5000000000000008882, -0.8660254037844382635, 9.019237886466885856E-16 ) ) ;
#4540 = ORIENTED_EDGE ( 'NONE', *, *, #4679, .F. ) ;
#4541 = CARTESIAN_POINT ( 'NONE',  ( 35.65443661563280386, 3.211438678712176031, 0.4105147597398876025 ) ) ;
#4542 = CARTESIAN_POINT ( 'NONE',  ( 32.12775811881575549, 4.125473337404947927, -0.2206155430235317294 ) ) ;
#4543 = CARTESIAN_POINT ( 'NONE',  ( 37.33687608280960291, 3.043872481475967451, -0.1032534572195669687 ) ) ;
#4544 = CARTESIAN_POINT ( 'NONE',  ( 29.86408901497063439, 3.416986000315851868, -1.268394263768728658 ) ) ;
#4545 = ADVANCED_FACE ( 'NONE', ( #2497 ), #466, .T. ) ;
#4546 = CARTESIAN_POINT ( 'NONE',  ( 46.24114394540154649, 3.305094359362110712, -0.4495656190519394801 ) ) ;
#4547 = CARTESIAN_POINT ( 'NONE',  ( 0.000000000000000000, 5.000000000000000888, 0.000000000000000000 ) ) ;
#4548 = CARTESIAN_POINT ( 'NONE',  ( 39.23187846737792484, 3.188563679235957959, -0.4053397139604518196 ) ) ;
#4549 = ADVANCED_FACE ( 'NONE', ( #8297 ), #3125, .T. ) ;
#4550 = CARTESIAN_POINT ( 'NONE',  ( 0.000000000000000000, 4.400000000000001243, 0.000000000000000000 ) ) ;
#4551 = CARTESIAN_POINT ( 'NONE',  ( 31.43047247749944617, 3.359673131624035136, -0.8295338069307336415 ) ) ;
#4552 = CARTESIAN_POINT ( 'NONE',  ( 45.57197750855588936, 2.528021869201021676, 0.3219157226630722790 ) ) ;
#4553 = DIRECTION ( 'NONE',  ( -0.9396926207859077618, 0.3420201433256704338, 0.000000000000000000 ) ) ;
#4554 = CARTESIAN_POINT ( 'NONE',  ( 42.65443661556616206, 3.514883482093512423, 0.3220657997621370061 ) ) ;
#4555 = CARTESIAN_POINT ( 'NONE',  ( 24.81343204867925323, 1.727156155566248019, -4.138074153406500422 ) ) ;
#4556 = CARTESIAN_POINT ( 'NONE',  ( 32.08992551985149078, 2.757622994135003225, 0.007960713337692928646 ) ) ;
#4557 = ADVANCED_FACE ( 'NONE', ( #1757 ), #1878, .T. ) ;
#4558 = EDGE_LOOP ( 'NONE', ( #1520, #3388, #473, #2254, #6783, #767, #7592, #8134, #5504, #1212, #3078, #53 ) ) ;
#4559 = VERTEX_POINT ( 'NONE', #4349 ) ;
#4560 = CARTESIAN_POINT ( 'NONE',  ( 49.09999999999999432, 4.531393742012990167, 1.824999999999999956 ) ) ;
#4561 = CARTESIAN_POINT ( 'NONE',  ( 47.09055939457236661, 3.426983860652842662, 0.2585806878833379341 ) ) ;
#4562 = CARTESIAN_POINT ( 'NONE',  ( 38.95981937422467212, 3.676712641100952528, 0.7000549152547146381 ) ) ;
#4563 = CARTESIAN_POINT ( 'NONE',  ( 1.194030629168669469E-15, 5.000000000000000000, 9.750000000000000000 ) ) ;
#4564 = CARTESIAN_POINT ( 'NONE',  ( 51.70000000000000284, 0.4213937420129920119, -0.4250000000000260236 ) ) ;
#4565 = CARTESIAN_POINT ( 'NONE',  ( 45.63493770921355264, 4.056117379102714082, -0.1657050867800201888 ) ) ;
#4566 = AXIS2_PLACEMENT_3D ( 'NONE', #6476, #3211, #1886 ) ;
#4567 = EDGE_LOOP ( 'NONE', ( #4053, #6202, #626, #3136 ) ) ;
#4568 = CARTESIAN_POINT ( 'NONE',  ( 51.29999999999999716, 4.381393742012985371, 1.474999999999999867 ) ) ;
#4569 = CARTESIAN_POINT ( 'NONE',  ( 42.86240283118836203, 3.036587634457672991, -0.07846237257404296839 ) ) ;
#4570 = CARTESIAN_POINT ( 'NONE',  ( 52.20000000000000284, 1.631393742012994919, -1.475000000000026068 ) ) ;
#4571 = FILL_AREA_STYLE_COLOUR ( '', #317 ) ;
#4572 = CARTESIAN_POINT ( 'NONE',  ( 48.70000000000000284, 3.981393742013000114, -0.8750000000000000000 ) ) ;
#4573 = AXIS2_PLACEMENT_3D ( 'NONE', #2472, #57, #7077 ) ;
#4574 = CARTESIAN_POINT ( 'NONE',  ( 52.44999999999999574, 4.381393742012985371, 1.474999999999980105 ) ) ;
#4575 = VERTEX_POINT ( 'NONE', #7589 ) ;
#4576 = CARTESIAN_POINT ( 'NONE',  ( 35.43445227326328251, 3.629047982041839759, -0.3032467868256721877 ) ) ;
#4577 = EDGE_CURVE ( 'NONE', #5817, #2294, #7307, .T. ) ;
#4578 = DIRECTION ( 'NONE',  ( -1.000000000000000000, 2.783159565502880019E-15, 7.000000000000000150E-15 ) ) ;
#4579 = ORIENTED_EDGE ( 'NONE', *, *, #3341, .T. ) ;
#4580 = CARTESIAN_POINT ( 'NONE',  ( 49.09999999999999432, 1.931393742012995185, 1.824999999999999956 ) ) ;
#4581 = CARTESIAN_POINT ( 'NONE',  ( 31.50364101240399961, 3.462557871863202408, -0.8166392544510252538 ) ) ;
#4582 = CARTESIAN_POINT ( 'NONE',  ( 35.86240284800945233, 3.356338826742729875, 0.2109076396129879460 ) ) ;
#4583 = CARTESIAN_POINT ( 'NONE',  ( 35.90111893992993686, 2.778459542495079759, -0.04907848082109001614 ) ) ;
#4584 = CARTESIAN_POINT ( 'NONE',  ( 31.05585661911124262, 3.835773452511895609, 0.5803300776851572085 ) ) ;
#4585 = CARTESIAN_POINT ( 'NONE',  ( 47.48098989623284183, 3.202708356862089989, -0.3740124348085139827 ) ) ;
#4586 = CARTESIAN_POINT ( 'NONE',  ( 48.70000000000000284, 2.531393742012999937, 0.1249999999999980016 ) ) ;
#4587 = CARTESIAN_POINT ( 'NONE',  ( 31.60985403315105202, 3.093211492997044232, -0.3638939754813269034 ) ) ;
#4588 = AXIS2_PLACEMENT_3D ( 'NONE', #6845, #1103, #2447 ) ;
#4589 = CARTESIAN_POINT ( 'NONE',  ( 48.70000000000000284, 3.981393742013000114, -1.125000000000000000 ) ) ;
#4590 = CARTESIAN_POINT ( 'NONE',  ( 31.21789509216855407, 3.303959053385388867, -0.4511106579104519620 ) ) ;
#4591 = CARTESIAN_POINT ( 'NONE',  ( 36.33369441454615156, 4.046645366488993645, 0.4264691872542311635 ) ) ;
#4592 = CARTESIAN_POINT ( 'NONE',  ( 52.44999999999999574, 2.081393742012994874, -1.475000000000026068 ) ) ;
#4593 = CARTESIAN_POINT ( 'NONE',  ( 29.52077060353861881, 3.407604041962594810, -1.523965192118056811 ) ) ;
#4594 = CARTESIAN_POINT ( 'NONE',  ( 48.59999999999999432, 2.531393742012999937, -0.8249999999999999556 ) ) ;
#4595 = EDGE_CURVE ( 'NONE', #3390, #6689, #7023, .T. ) ;
#4596 = VECTOR ( 'NONE', #5250, 1000.000000000000000 ) ;
#4597 = EDGE_LOOP ( 'NONE', ( #7861, #4091, #6362, #4367 ) ) ;
#4598 = EDGE_LOOP ( 'NONE', ( #2103, #7329 ) ) ;
#4599 = LINE ( 'NONE', #2287, #3550 ) ;
#4600 = CARTESIAN_POINT ( 'NONE',  ( 47.09822114248951408, 3.390860594426641228, 0.6952198481794099605 ) ) ;
#4601 = EDGE_LOOP ( 'NONE', ( #6773, #1735, #4978, #6907 ) ) ;
#4602 = CARTESIAN_POINT ( 'NONE',  ( 39.85443661562626261, 3.578459542472986143, -0.2584897402749173900 ) ) ;
#4603 = CARTESIAN_POINT ( 'NONE',  ( 35.65443661563279676, 3.301348805313893742, -0.4105147597397035830 ) ) ;
#4604 = CARTESIAN_POINT ( 'NONE',  ( 26.18767805542103844, 2.931887250075001727, -3.550518478084130347 ) ) ;
#4605 = EDGE_CURVE ( 'NONE', #393, #6612, #4897, .T. ) ;
#4606 = EDGE_LOOP ( 'NONE', ( #5291, #2796, #237, #3630 ) ) ;
#4607 = EDGE_CURVE ( 'NONE', #3145, #5780, #6350, .T. ) ;
#4608 = CARTESIAN_POINT ( 'NONE',  ( 45.60981462212834003, 3.619905315264720258, -0.1631237060645729653 ) ) ;
#4609 = VERTEX_POINT ( 'NONE', #2997 ) ;
#4610 = DIRECTION ( 'NONE',  ( 2.783159565502900135E-15, 1.000000000000000000, 2.999999999999999839E-15 ) ) ;
#4611 = APPLICATION_PROTOCOL_DEFINITION ( 'draft international standard', 'automotive_design', 1998, #5131 ) ;
#4612 = CARTESIAN_POINT ( 'NONE',  ( 38.54589931039898687, 3.339421487553698942, 0.4751061834967835185 ) ) ;
#4613 = CARTESIAN_POINT ( 'NONE',  ( 50.93132945091590358, 4.631393742012989811, 1.051009861015931746 ) ) ;
#4614 = DIRECTION ( 'NONE',  ( -2.999999999999999839E-15, -1.000000000000000000, -2.999999999999999839E-15 ) ) ;
#4615 = CARTESIAN_POINT ( 'NONE',  ( 49.29999999999999716, 4.831393742013000647, -1.074999999999999956 ) ) ;
#4616 = ORIENTED_EDGE ( 'NONE', *, *, #5911, .F. ) ;
#4617 = CARTESIAN_POINT ( 'NONE',  ( 42.32158920466998353, 2.913616129690601575, -0.7933817115797574537 ) ) ;
#4618 = PLANE ( 'NONE',  #3164 ) ;
#4619 = EDGE_LOOP ( 'NONE', ( #4276, #1383, #7565, #7757 ) ) ;
#4620 = CARTESIAN_POINT ( 'NONE',  ( 48.07531098464185249, 3.255874020674801805, -0.4245159932024834548 ) ) ;
#4621 = PLANE ( 'NONE',  #3692 ) ;
#4622 = CARTESIAN_POINT ( 'NONE',  ( 42.90111894300756035, 3.629047991480016222, -0.3032468032873360531 ) ) ;
#4623 = CARTESIAN_POINT ( 'NONE',  ( 32.63445217500605366, 2.953146670649910099, -0.3726547313565333197 ) ) ;
#4624 = CARTESIAN_POINT ( 'NONE',  ( 29.37041205382674036, 3.835337899451515487, -0.7918155573473782960 ) ) ;
#4625 = CARTESIAN_POINT ( 'NONE',  ( 48.12767433960581798, 3.656393742013002601, -0.8249999999999989564 ) ) ;
#4626 = DIRECTION ( 'NONE',  ( 0.000000000000000000, 0.000000000000000000, 1.000000000000000000 ) ) ;
#4627 = VECTOR ( 'NONE', #3974, 1000.000000000000000 ) ;
#4628 = CARTESIAN_POINT ( 'NONE',  ( 33.63187848229765819, 3.324223817062423425, 0.4053400320341014051 ) ) ;
#4629 = LINE ( 'NONE', #7837, #1836 ) ;
#4630 = CARTESIAN_POINT ( 'NONE',  ( 29.46098233198931382, 3.444830849506210768, 1.308053824410770671 ) ) ;
#4631 = CARTESIAN_POINT ( 'NONE',  ( 43.15981939222243113, 3.454196937787982868, -0.7922239198858005427 ) ) ;
#4632 = VECTOR ( 'NONE', #5870, 1000.000000000000000 ) ;
#4633 = CARTESIAN_POINT ( 'NONE',  ( 40.70957226364449610, 2.940795484734893606, -0.2870804379965601338 ) ) ;
#4634 = CARTESIAN_POINT ( 'NONE',  ( 29.45944211630340703, 3.620113424414483916, -1.150553107503266226 ) ) ;
#4635 = CARTESIAN_POINT ( 'NONE',  ( 51.68038475772929985, 3.531393742012994608, -1.775000000000000133 ) ) ;
#4636 = VECTOR ( 'NONE', #5402, 1000.000000000000000 ) ;
#4637 = ORIENTED_EDGE ( 'NONE', *, *, #5916, .T. ) ;
#4638 = EDGE_LOOP ( 'NONE', ( #8355, #939, #1387, #4049 ) ) ;
#4639 = CARTESIAN_POINT ( 'NONE',  ( 47.83960193043030529, 3.665942623312471227, 0.8160434152194977475 ) ) ;
#4640 = ORIENTED_EDGE ( 'NONE', *, *, #8346, .F. ) ;
#4641 = LINE ( 'NONE', #262, #193 ) ;
#4642 = CARTESIAN_POINT ( 'NONE',  ( 26.68923051215292830, 3.077242629408353913, -3.200562792247452659 ) ) ;
#4643 = CARTESIAN_POINT ( 'NONE',  ( 47.48098989623284893, 3.310079127163908286, 0.3740124348085324679 ) ) ;
#4644 = EDGE_CURVE ( 'NONE', #2611, #2132, #5637, .T. ) ;
#4645 = CARTESIAN_POINT ( 'NONE',  ( 50.99999598302429860, 3.981431960983490281, -0.1999999409268395090 ) ) ;
#4646 = ORIENTED_EDGE ( 'NONE', *, *, #4186, .F. ) ;
#4647 = EDGE_CURVE ( 'NONE', #5346, #1326, #4725, .T. ) ;
#4648 = CARTESIAN_POINT ( 'NONE',  ( 0.000000000000000000, 1.000000000000001776, -9.549999999999998934 ) ) ;
#4649 = VECTOR ( 'NONE', #8224, 1000.000000000000000 ) ;
#4650 = CARTESIAN_POINT ( 'NONE',  ( 33.87923264191195472, 3.731499913381734590, -0.08302773161886725650 ) ) ;
#4651 = CARTESIAN_POINT ( 'NONE',  ( 45.70307128130328067, 2.866185453299356478, 0.1194975787943095558 ) ) ;
#4652 = CARTESIAN_POINT ( 'NONE',  ( 48.50000000000000000, 4.439128768931954738, 0.9327350269189670362 ) ) ;
#4653 = EDGE_CURVE ( 'NONE', #8349, #5668, #1072, .T. ) ;
#4654 = DIRECTION ( 'NONE',  ( -2.999999999999999839E-15, -1.000000000000000000, -2.999999999999999839E-15 ) ) ;
#4655 = ORIENTED_EDGE ( 'NONE', *, *, #6824, .T. ) ;
#4656 = CARTESIAN_POINT ( 'NONE',  ( 32.47922799176163977, 3.651017620960768983, 0.2772433488874560537 ) ) ;
#4657 = ORIENTED_EDGE ( 'NONE', *, *, #6203, .F. ) ;
#4658 = CARTESIAN_POINT ( 'NONE',  ( 40.94340948602382468, 3.088826077397435643, -0.3954765511323940497 ) ) ;
#4659 = LINE ( 'NONE', #966, #2501 ) ;
#4660 = UNCERTAINTY_MEASURE_WITH_UNIT (LENGTH_MEASURE( 1.000000000000000082E-05 ), #2172, 'distance_accuracy_value', 'NONE');
#4661 = DIRECTION ( 'NONE',  ( 0.000000000000000000, 0.000000000000000000, -1.000000000000000000 ) ) ;
#4662 = CARTESIAN_POINT ( 'NONE',  ( 34.85492253796597595, 2.913616129739283522, -0.7933817115951669052 ) ) ;
#4663 = CARTESIAN_POINT ( 'NONE',  ( 32.59573516476761057, 3.177930799407812312, 0.2198065823230501981 ) ) ;
#4664 = CARTESIAN_POINT ( 'NONE',  ( 37.06778560659729038, 3.484633845850336531, -0.4227721033390055005 ) ) ;
#4665 = CARTESIAN_POINT ( 'NONE',  ( 29.30686363642924874, 3.498640970957002327, -0.5734607263400202104 ) ) ;
#4666 = CARTESIAN_POINT ( 'NONE',  ( 48.07531098464185249, 3.255874020674801805, -0.4245159932024834548 ) ) ;
#4667 = CARTESIAN_POINT ( 'NONE',  ( 51.29999999999999716, 0.4213937420129915123, 0.1249999999999767963 ) ) ;
#4668 = CARTESIAN_POINT ( 'NONE',  ( 44.52110031537073098, 3.514875088364091127, 0.3220305819355014365 ) ) ;
#4669 = LINE ( 'NONE', #6596, #63 ) ;
#4670 = CARTESIAN_POINT ( 'NONE',  ( -9.633924433998837245, -0.05000000000000000278, -1.500000000000067280 ) ) ;
#4671 = CARTESIAN_POINT ( 'NONE',  ( 45.49570644859682744, 2.578414340587581677, 0.4159401623494688449 ) ) ;
#4672 = DIRECTION ( 'NONE',  ( 0.000000000000000000, 0.000000000000000000, -1.000000000000000000 ) ) ;
#4673 = CARTESIAN_POINT ( 'NONE',  ( 36.12110328229557865, 2.934327941535011419, 0.2584897402771439978 ) ) ;
#4674 = CARTESIAN_POINT ( 'NONE',  ( 29.58491703248250460, 3.624479009764547843, -1.055561162576216017 ) ) ;
#4675 = EDGE_CURVE ( 'NONE', #4090, #16, #3625, .T. ) ;
#4676 = CARTESIAN_POINT ( 'NONE',  ( 29.66443861915460900, 3.103858109701870482, 1.421502054330053832 ) ) ;
#4677 = ORIENTED_EDGE ( 'NONE', *, *, #6999, .F. ) ;
#4678 = ORIENTED_EDGE ( 'NONE', *, *, #7103, .F. ) ;
#4679 = EDGE_CURVE ( 'NONE', #6160, #6168, #2458, .T. ) ;
#4680 = CARTESIAN_POINT ( 'NONE',  ( 47.77131169246211329, 3.671352119508890510, 0.8109428009464937359 ) ) ;
#4681 = DIRECTION ( 'NONE',  ( 0.3022482188480728471, 0.8491185186067439217, -0.4331786647126749656 ) ) ;
#4682 = ORIENTED_EDGE ( 'NONE', *, *, #1279, .F. ) ;
#4683 = CARTESIAN_POINT ( 'NONE',  ( 29.58491703248251525, 2.888308474261557901, 1.055561162576485135 ) ) ;
#4684 = CARTESIAN_POINT ( 'NONE',  ( 25.85026140737803857, 3.331174544033471907, -3.298203728659137024 ) ) ;
#4685 = CARTESIAN_POINT ( 'NONE',  ( 35.69315270753221370, 3.058590507978117934, 0.7922239215799167233 ) ) ;
#4686 = EDGE_CURVE ( 'NONE', #6573, #2253, #1834, .T. ) ;
#4687 = CARTESIAN_POINT ( 'NONE',  ( 48.59999999999999432, 3.981393742013000114, -0.3749999999999935052 ) ) ;
#4688 = VERTEX_POINT ( 'NONE', #556 ) ;
#4689 = CARTESIAN_POINT ( 'NONE',  ( 48.59999999999999432, 3.981393742013000114, 0.1250000000000031919 ) ) ;
#4690 = EDGE_CURVE ( 'NONE', #7086, #4609, #4946, .T. ) ;
#4691 = CARTESIAN_POINT ( 'NONE',  ( 33.10111892584750137, 3.305472234360819606, -0.4779342264011656738 ) ) ;
#4692 = CARTESIAN_POINT ( 'NONE',  ( 47.92057513293151061, 3.651831249749441177, -0.8207290785925189791 ) ) ;
#4693 = CARTESIAN_POINT ( 'NONE',  ( 50.93168224707739711, 4.631393742012989811, 1.074999999999999956 ) ) ;
#4694 = VECTOR ( 'NONE', #8264, 1000.000000000000000 ) ;
#4695 = FACE_OUTER_BOUND ( 'NONE', #438, .T. ) ;
#4696 = CIRCLE ( 'NONE', #667, 0.1999999999999999833 ) ;
#4697 = VERTEX_POINT ( 'NONE', #6391 ) ;
#4698 = DIRECTION ( 'NONE',  ( -0.8271046511042934313, -0.000000000000000000, -0.5620479482407572114 ) ) ;
#4699 = EDGE_LOOP ( 'NONE', ( #6772, #5203, #2946, #2593 ) ) ;
#4700 = CARTESIAN_POINT ( 'NONE',  ( 42.18776994895922172, 3.666908501718558977, 0.04495506327782026329 ) ) ;
#4701 = FACE_OUTER_BOUND ( 'NONE', #826, .T. ) ;
#4702 = CARTESIAN_POINT ( 'NONE',  ( 35.43445227326328251, 3.629047982041839759, -0.3032467868256721877 ) ) ;
#4703 = CIRCLE ( 'NONE', #4997, 8.050000000000000711 ) ;
#4704 = CARTESIAN_POINT ( 'NONE',  ( 43.21256597496826402, 3.731499926430684511, -0.08302774416276202663 ) ) ;
#4705 = CARTESIAN_POINT ( 'NONE',  ( 41.42325718064625306, 3.755146419932274604, -0.007962229535603999875 ) ) ;
#4706 = CARTESIAN_POINT ( 'NONE',  ( 29.32641739690356530, 3.618884989086213366, -1.245420415729740604 ) ) ;
#4707 = CARTESIAN_POINT ( 'NONE',  ( 45.47229497646491581, 2.851212508853238070, -0.2254022645527475333 ) ) ;
#4708 = ADVANCED_FACE ( 'NONE', ( #5586 ), #3337, .T. ) ;
#4709 = CARTESIAN_POINT ( 'NONE',  ( 47.95195805264940958, 3.252434838328307265, -0.4212970506570909990 ) ) ;
#4710 = CARTESIAN_POINT ( 'NONE',  ( 35.14905385702147811, 3.159733160557659737, 0.05592331432075692277 ) ) ;
#4711 = CARTESIAN_POINT ( 'NONE',  ( 50.39949548389100187, 4.631393742012989811, 1.074999999999999956 ) ) ;
#4712 = DIRECTION ( 'NONE',  ( 2.666144858838235626E-32, 1.000000000000000000, 1.861759004257252044E-46 ) ) ;
#4713 = CARTESIAN_POINT ( 'NONE',  ( 29.18747730667001861, 2.682621547816276042, 0.9282114180918284996 ) ) ;
#4714 = CARTESIAN_POINT ( 'NONE',  ( 44.55985741107922848, 3.676759536593654065, 0.7000004086700603034 ) ) ;
#4715 = FACE_BOUND ( 'NONE', #137, .T. ) ;
#4716 = CARTESIAN_POINT ( 'NONE',  ( 35.96521180070425316, 3.017738378963652934, 0.3345815577608014513 ) ) ;
#4717 = CARTESIAN_POINT ( 'NONE',  ( 31.40652212078298078, 3.389360160759499419, -0.05161231500649817588 ) ) ;
#4718 = CARTESIAN_POINT ( 'NONE',  ( 9.549999999999998934, 1.000000000000001332, 0.000000000000000000 ) ) ;
#4719 = CARTESIAN_POINT ( 'NONE',  ( 31.11642825834159254, 3.403663371766033396, -0.05031268154045580310 ) ) ;
#4720 = ORIENTED_EDGE ( 'NONE', *, *, #3468, .T. ) ;
#4721 = CARTESIAN_POINT ( 'NONE',  ( 45.78541943070506193, 3.651321345788025141, 0.3252017739258284412 ) ) ;
#4722 = CARTESIAN_POINT ( 'NONE',  ( 49.09999999999999432, 2.081393742013004644, -1.474999999999999867 ) ) ;
#4723 = ORIENTED_EDGE ( 'NONE', *, *, #6836, .T. ) ;
#4724 = DIRECTION ( 'NONE',  ( 0.000000000000000000, -2.891205793294679017E-15, 1.000000000000000000 ) ) ;
#4725 = CIRCLE ( 'NONE', #2591, 8.549999999999995381 ) ;
#4726 = DIRECTION ( 'NONE',  ( 2.666144858838235626E-32, 1.000000000000000000, 1.861759004257252044E-46 ) ) ;
#4727 = DIRECTION ( 'NONE',  ( -1.000000000000000000, 2.999999999999999839E-15, 0.000000000000000000 ) ) ;
#4728 = ADVANCED_FACE ( 'NONE', ( #972 ), #6120, .F. ) ;
#4729 = ORIENTED_EDGE ( 'NONE', *, *, #7354, .F. ) ;
#4730 = DIRECTION ( 'NONE',  ( 0.000000000000000000, 0.000000000000000000, 1.000000000000000000 ) ) ;
#4731 = ORIENTED_EDGE ( 'NONE', *, *, #2602, .T. ) ;
#4732 = DIRECTION ( 'NONE',  ( 0.7745966692414858468, -0.4472135954999603702, 0.4472135954999513774 ) ) ;
#4733 = CARTESIAN_POINT ( 'NONE',  ( 38.15659051398019130, 3.614695289199546302, 0.3470412541901572445 ) ) ;
#4734 = CARTESIAN_POINT ( 'NONE',  ( 48.12908079668529382, 3.656393742013002601, -0.4249999999999990452 ) ) ;
#4735 = LINE ( 'NONE', #5472, #6380 ) ;
#4736 = CARTESIAN_POINT ( 'NONE',  ( 47.52589099678485951, 3.295420764740003339, 0.7880891277508331738 ) ) ;
#4737 = VERTEX_POINT ( 'NONE', #4377 ) ;
#4738 = DIRECTION ( 'NONE',  ( 1.734723475976807094E-17, 1.000000000000000000, -2.775557561562891043E-17 ) ) ;
#4739 = ORIENTED_EDGE ( 'NONE', *, *, #6641, .F. ) ;
#4740 =( LENGTH_UNIT ( ) NAMED_UNIT ( * ) SI_UNIT ( .MILLI., .METRE. ) );
#4741 = CARTESIAN_POINT ( 'NONE',  ( 44.90957529486983191, 3.236223183053787089, -0.4261744799731498889 ) ) ;
#4742 = DIRECTION ( 'NONE',  ( 2.999999999999999839E-15, 1.000000000000000000, 0.000000000000000000 ) ) ;
#4743 = CARTESIAN_POINT ( 'NONE',  ( 35.74589931039976420, 3.731499925532424822, -0.08302774557215397699 ) ) ;
#4744 = CARTESIAN_POINT ( 'NONE',  ( 44.09315678810376937, 4.048617163461915247, 0.1977951316150119154 ) ) ;
#4745 = CARTESIAN_POINT ( 'NONE',  ( 35.74589931039976420, 3.731499925532424822, -0.08302774557215397699 ) ) ;
#4746 = CARTESIAN_POINT ( 'NONE',  ( 30.23054662516042157, 3.682002481108011427, -0.4991544489485048031 ) ) ;
#4747 = CARTESIAN_POINT ( 'NONE',  ( 45.60981462212834003, 2.892882168761289563, 0.1631237060646176240 ) ) ;
#4748 = DIRECTION ( 'NONE',  ( 7.000000000000000150E-15, -2.999999999999999839E-15, 1.000000000000000000 ) ) ;
#4749 = CARTESIAN_POINT ( 'NONE',  ( 34.52285524054820343, 3.259779703792025529, 0.1092139560808566973 ) ) ;
#4750 = VECTOR ( 'NONE', #5405, 999.9999999999998863 ) ;
#4751 = PRODUCT_DEFINITION_SHAPE ( 'NONE', 'NONE',  #8375 ) ;
#4752 = FACE_OUTER_BOUND ( 'NONE', #7015, .T. ) ;
#4753 = EDGE_CURVE ( 'NONE', #2919, #8280, #7605, .T. ) ;
#4754 = DIRECTION ( 'NONE',  ( -2.999999999999999839E-15, -1.000000000000000000, -2.999999999999999839E-15 ) ) ;
#4755 = CARTESIAN_POINT ( 'NONE',  ( 30.71538916661404528, 2.587785241359751076, -0.3954748071073884153 ) ) ;
#4756 = CARTESIAN_POINT ( 'NONE',  ( 34.75981937422497481, 2.464169820423169899, -0.1978032339667054051 ) ) ;
#4757 = DIRECTION ( 'NONE',  ( 0.000000000000000000, -0.000000000000000000, 1.000000000000000000 ) ) ;
#4758 = CARTESIAN_POINT ( 'NONE',  ( 45.56906100969094098, 3.226618678250773531, -0.1025864099607544239 ) ) ;
#4759 = CARTESIAN_POINT ( 'NONE',  ( 31.24711288162478695, 3.459010952276751372, -0.1025035139315592092 ) ) ;
#4760 = VECTOR ( 'NONE', #8119, 1000.000000000000000 ) ;
#4761 = EDGE_CURVE ( 'NONE', #152, #1510, #8155, .T. ) ;
#4762 = SURFACE_SIDE_STYLE ('',( #6225 ) ) ;
#4763 = VERTEX_POINT ( 'NONE', #5054 ) ;
#4764 = ORIENTED_EDGE ( 'NONE', *, *, #2554, .T. ) ;
#4765 = AXIS2_PLACEMENT_3D ( 'NONE', #7914, #1492, #4037 ) ;
#4766 = AXIS2_PLACEMENT_3D ( 'NONE', #798, #3879, #3365 ) ;
#4767 = CARTESIAN_POINT ( 'NONE',  ( 47.83804637435414975, 3.265991128528875631, 0.4159977699012602503 ) ) ;
#4768 = DIRECTION ( 'NONE',  ( 1.000000000000000000, 0.000000000000000000, 6.982962677686267499E-15 ) ) ;
#4769 = ORIENTED_EDGE ( 'NONE', *, *, #485, .F. ) ;
#4770 = LINE ( 'NONE', #4183, #1968 ) ;
#4771 = CARTESIAN_POINT ( 'NONE',  ( 52.29999999999999716, 3.381393742012984927, 0.7999999999999789502 ) ) ;
#4772 = CIRCLE ( 'NONE', #6958, 0.3000000000000001554 ) ;
#4773 = CARTESIAN_POINT ( 'NONE',  ( 51.70000000000000284, 4.381393742012989811, 0.8249999999999859668 ) ) ;
#4774 = EDGE_LOOP ( 'NONE', ( #2315, #1311, #6243, #901 ) ) ;
#4775 = DIRECTION ( 'NONE',  ( -0.8660254037844351549, 0.000000000000000000, 0.5000000000000061062 ) ) ;
#4776 = ORIENTED_EDGE ( 'NONE', *, *, #6822, .T. ) ;
#4777 = CARTESIAN_POINT ( 'NONE',  ( 38.92110328229242810, 3.514883482290214189, 0.3220658004687139697 ) ) ;
#4778 = VECTOR ( 'NONE', #1435, 1000.000000000000000 ) ;
#4779 = CARTESIAN_POINT ( 'NONE',  ( 43.40650209799509440, 2.400470297205783421, 0.1127512694714971897 ) ) ;
#4780 = CARTESIAN_POINT ( 'NONE',  ( 48.06954615951741516, 3.255842604746482571, -0.8244864296338874077 ) ) ;
#4781 = DIRECTION ( 'NONE',  ( -2.999999999999999839E-15, -1.000000000000000000, -2.999999999999999839E-15 ) ) ;
#4782 = CARTESIAN_POINT ( 'NONE',  ( 49.29999999999999716, 4.831393742013000647, -1.074999999999999956 ) ) ;
#4783 = EDGE_CURVE ( 'NONE', #6563, #4820, #4339, .T. ) ;
#4784 = ORIENTED_EDGE ( 'NONE', *, *, #8319, .T. ) ;
#4785 = CARTESIAN_POINT ( 'NONE',  ( 0.000000000000000000, 5.000000000000000888, -8.349999999999999645 ) ) ;
#4786 = AXIS2_PLACEMENT_3D ( 'NONE', #5198, #7114, #4553 ) ;
#4787 = CARTESIAN_POINT ( 'NONE',  ( 35.65443661563280386, 3.211438678712176031, 0.4105147597398876025 ) ) ;
#4788 = DIRECTION ( 'NONE',  ( -7.000000000000000150E-15, 2.999999999999999839E-15, -1.000000000000000000 ) ) ;
#4789 = CARTESIAN_POINT ( 'NONE',  ( 38.54589931039897976, 3.173365996472353512, -0.4751061834966399666 ) ) ;
#4790 = CARTESIAN_POINT ( 'NONE',  ( 31.65018054380154666, 3.033308633592065817, -0.7573217578936304317 ) ) ;
#4791 = CARTESIAN_POINT ( 'NONE',  ( 37.06778560659729749, 3.028153638175724360, 0.4227721033391697580 ) ) ;
#4792 = CARTESIAN_POINT ( 'NONE',  ( 44.73366223191442259, 3.682888194497244250, -0.7902537927786794647 ) ) ;
#4793 = DIRECTION ( 'NONE',  ( -0.5812381937190991277, -0.8137334712067331166, 1.627466942413470197E-15 ) ) ;
#4794 = CARTESIAN_POINT ( 'NONE',  ( 46.74550571547737121, 2.567983903843163773, -0.1247564708069801021 ) ) ;
#4795 = CARTESIAN_POINT ( 'NONE',  ( 51.70000000000000284, 3.981393742012989900, 0.4249999999999844458 ) ) ;
#4796 = EDGE_CURVE ( 'NONE', #5253, #7846, #4885, .T. ) ;
#4797 = CARTESIAN_POINT ( 'NONE',  ( 32.03257123730029576, 3.156873683550685428, -0.05145360508931990512 ) ) ;
#4798 = DIRECTION ( 'NONE',  ( 0.000000000000000000, 0.000000000000000000, -1.000000000000000000 ) ) ;
#4799 = VECTOR ( 'NONE', #1554, 1000.000000000000000 ) ;
#4800 = CARTESIAN_POINT ( 'NONE',  ( 42.65443661556615496, 2.997904001932514717, -0.3220657997620509638 ) ) ;
#4801 = EDGE_CURVE ( 'NONE', #1670, #1476, #1868, .T. ) ;
#4802 = CARTESIAN_POINT ( 'NONE',  ( 36.74340948601911094, 3.654526125068108033, 0.1611559191276195069 ) ) ;
#4803 = CARTESIAN_POINT ( 'NONE',  ( 33.28238718423391163, 3.159733182068996005, 0.05592339435448732271 ) ) ;
#4804 = CARTESIAN_POINT ( 'NONE',  ( 26.00179323022355504, 1.577156155566248996, -4.805509957458473203 ) ) ;
#4805 = ADVANCED_FACE ( 'NONE', ( #5662 ), #4416, .F. ) ;
#4806 = CARTESIAN_POINT ( 'NONE',  ( 29.13206419026852245, 2.682621547816276042, 0.9668756393416930717 ) ) ;
#4807 = ORIENTED_EDGE ( 'NONE', *, *, #2655, .F. ) ;
#4808 = VERTEX_POINT ( 'NONE', #5624 ) ;
#4809 = DIRECTION ( 'NONE',  ( -0.8137334712067331166, 0.5812381937190990167, 6.116471483644659951E-15 ) ) ;
#4810 = CYLINDRICAL_SURFACE ( 'NONE', #7641, 8.050000000000000711 ) ;
#4811 = VERTEX_POINT ( 'NONE', #6207 ) ;
#4812 = DIRECTION ( 'NONE',  ( -0.7071067811865531239, 4.242640687119285594E-15, -0.7071067811865420216 ) ) ;
#4813 = CARTESIAN_POINT ( 'NONE',  ( 49.09999999999999432, 2.081393742012994874, 1.474999999999999867 ) ) ;
#4814 = DIRECTION ( 'NONE',  ( -0.4999999999999995004, 0.8660254037844390407, 6.098076211353324580E-15 ) ) ;
#4815 = CARTESIAN_POINT ( 'NONE',  ( 45.60981462212834003, 3.619905315264720258, -0.1631237060645729653 ) ) ;
#4816 = CARTESIAN_POINT ( 'NONE',  ( 48.80000000000000426, 1.631393742012994919, 1.824999999999999956 ) ) ;
#4817 = EDGE_CURVE ( 'NONE', #1033, #3048, #7535, .T. ) ;
#4818 = ORIENTED_EDGE ( 'NONE', *, *, #3778, .T. ) ;
#4819 = CARTESIAN_POINT ( 'NONE',  ( 27.18191376433517092, 3.449061285364876550, -2.369050042655620025 ) ) ;
#4820 = VERTEX_POINT ( 'NONE', #7660 ) ;
#4821 = CARTESIAN_POINT ( 'NONE',  ( 35.49854513404105205, 3.324223804794101511, 0.4053397139653678316 ) ) ;
#4822 = DIRECTION ( 'NONE',  ( 7.000000000000000150E-15, -2.999999999999999839E-15, 1.000000000000000000 ) ) ;
#4823 = CARTESIAN_POINT ( 'NONE',  ( 34.53983503185725823, 3.941349690741782652, 0.5255024107356290886 ) ) ;
#4824 = CARTESIAN_POINT ( 'NONE',  ( 46.67348841029671291, 2.963416067151193545, -0.1220894337825126214 ) ) ;
#4825 = LINE ( 'NONE', #914, #976 ) ;
#4826 = CYLINDRICAL_SURFACE ( 'NONE', #5613, 9.799999999999998934 ) ;
#4827 = ORIENTED_EDGE ( 'NONE', *, *, #2344, .T. ) ;
#4828 = CARTESIAN_POINT ( 'NONE',  ( 33.07353799716526055, 1.527156155566248952, -9.029887401120949024E-16 ) ) ;
#4829 = ORIENTED_EDGE ( 'NONE', *, *, #3204, .F. ) ;
#4830 = CARTESIAN_POINT ( 'NONE',  ( 51.35000000000000142, 1.831393742012995096, -0.4500000000000189404 ) ) ;
#4831 =( NAMED_UNIT ( * ) PLANE_ANGLE_UNIT ( ) SI_UNIT ( $, .RADIAN. ) );
#4832 = CARTESIAN_POINT ( 'NONE',  ( 45.41271665538884150, 3.200545734049277780, -0.09172235332774267280 ) ) ;
#4833 = CARTESIAN_POINT ( 'NONE',  ( 48.70000000000000284, 3.981393742013000114, -0.1249999999999974049 ) ) ;
#4834 = CARTESIAN_POINT ( 'NONE',  ( 32.47922799176163977, 3.651017620960768983, 0.2772433488874560537 ) ) ;
#4835 = CARTESIAN_POINT ( 'NONE',  ( 38.95981937422466501, 2.836074842925098149, -0.7000549152545768594 ) ) ;
#4836 = CARTESIAN_POINT ( 'NONE',  ( 31.39014596684895508, 3.419575991029006445, -0.4361060245184306128 ) ) ;
#4837 = DIRECTION ( 'NONE',  ( -0.000000000000000000, -1.000000000000000000, -0.000000000000000000 ) ) ;
#4838 = CARTESIAN_POINT ( 'NONE',  ( 48.00451966079843658, 2.854084678643291184, -0.4228434082003638683 ) ) ;
#4839 = DIRECTION ( 'NONE',  ( -0.9998918860475783932, 2.700483967851600954E-15, 0.01470429244188330674 ) ) ;
#4840 = EDGE_CURVE ( 'NONE', #495, #7297, #1796, .T. ) ;
#4841 = ORIENTED_EDGE ( 'NONE', *, *, #1986, .F. ) ;
#4842 = CARTESIAN_POINT ( 'NONE',  ( 36.70560351135015509, 3.316369804282970790, -0.09959036260934531204 ) ) ;
#4843 = CIRCLE ( 'NONE', #797, 0.1999999999999999833 ) ;
#4844 = CARTESIAN_POINT ( 'NONE',  ( 48.50000000000000000, 4.531393742013010595, -2.125000000000000000 ) ) ;
#4845 = CARTESIAN_POINT ( 'NONE',  ( 51.00000000000000000, 4.831393742012989989, 1.050000000000000044 ) ) ;
#4846 = DIRECTION ( 'NONE',  ( -1.000000000000000000, 2.999999999999999839E-15, 0.000000000000000000 ) ) ;
#4847 = DIRECTION ( 'NONE',  ( 0.7745966692414846255, -0.4472135954999607588, 0.4472135954999527652 ) ) ;
#4848 = CARTESIAN_POINT ( 'NONE',  ( 31.80498751362982901, 3.237767202337822781, -0.7962491037781873615 ) ) ;
#4849 = CARTESIAN_POINT ( 'NONE',  ( 43.43187846828771370, 3.495049104163495457, -0.3345815584238815976 ) ) ;
#4850 = CARTESIAN_POINT ( 'NONE',  ( 38.33893684465528651, 3.273692816550617390, -0.1149613429995437891 ) ) ;
#4851 = CARTESIAN_POINT ( 'NONE',  ( 29.32641739690356530, 3.618884989086213366, -1.245420415729740604 ) ) ;
#4852 = CARTESIAN_POINT ( 'NONE',  ( 38.14290559697790428, 3.642395707201222077, -0.1817138430145309735 ) ) ;
#4853 = CARTESIAN_POINT ( 'NONE',  ( 30.40649478394737315, 2.806956265344502821, 0.3265598408100254813 ) ) ;
#4854 = ORIENTED_EDGE ( 'NONE', *, *, #6824, .F. ) ;
#4855 = VERTEX_POINT ( 'NONE', #6249 ) ;
#4856 = CARTESIAN_POINT ( 'NONE',  ( 48.16494492839985497, 3.256393742013003134, -0.6249999999999987788 ) ) ;
#4857 = CARTESIAN_POINT ( 'NONE',  ( 48.50000000000000000, 2.381393742013000026, 0.8827350269189608856 ) ) ;
#4858 = EDGE_LOOP ( 'NONE', ( #5750, #944, #6791, #303 ) ) ;
#4859 = EDGE_CURVE ( 'NONE', #8280, #2904, #3025, .T. ) ;
#4860 = DIRECTION ( 'NONE',  ( 0.000000000000000000, -1.000000000000000000, -2.891205793294679017E-15 ) ) ;
#4861 =( NAMED_UNIT ( * ) SI_UNIT ( $, .STERADIAN. ) SOLID_ANGLE_UNIT ( ) );
#4862 = DIRECTION ( 'NONE',  ( -0.8660254037844351549, 0.000000000000000000, 0.5000000000000061062 ) ) ;
#4863 = ORIENTED_EDGE ( 'NONE', *, *, #5071, .T. ) ;
#4864 = CARTESIAN_POINT ( 'NONE',  ( 47.40775028976004535, 3.195892258612488046, -0.7675236748681207866 ) ) ;
#4865 = ORIENTED_EDGE ( 'NONE', *, *, #2515, .T. ) ;
#4866 = CARTESIAN_POINT ( 'NONE',  ( 32.07632621439920939, 3.111992644607818104, 0.4010631918969244647 ) ) ;
#4867 = DIRECTION ( 'NONE',  ( -0.7071067811865520136, 4.242640687119285594E-15, -0.7071067811865431318 ) ) ;
#4868 = COLOUR_RGB ( '',0.7960784313725489669, 0.8235294117647058432, 0.9372549019607843146 ) ;
#4869 = CARTESIAN_POINT ( 'NONE',  ( 31.50364101240401027, 3.050229612162892678, 0.8166392544512673934 ) ) ;
#4870 = EDGE_CURVE ( 'NONE', #7965, #6749, #6924, .T. ) ;
#4871 = CARTESIAN_POINT ( 'NONE',  ( 52.29999999999999716, 1.631393742012990034, -1.250000000000025979 ) ) ;
#4872 = ADVANCED_FACE ( 'NONE', ( #8205 ), #2406, .T. ) ;
#4873 = VECTOR ( 'NONE', #4781, 1000.000000000000000 ) ;
#4874 = CARTESIAN_POINT ( 'NONE',  ( 48.50000000000000000, 4.039128768931955271, 0.3172649730810420121 ) ) ;
#4875 = ORIENTED_EDGE ( 'NONE', *, *, #3470, .T. ) ;
#4876 = DIRECTION ( 'NONE',  ( 5.644498071473865370E-35, 2.775557561562890735E-17, 1.000000000000000000 ) ) ;
#4877 = VERTEX_POINT ( 'NONE', #3697 ) ;
#4878 = LINE ( 'NONE', #1739, #1982 ) ;
#4879 = CARTESIAN_POINT ( 'NONE',  ( 0.000000000000000000, 0.000000000000000000, 0.000000000000000000 ) ) ;
#4880 = CARTESIAN_POINT ( 'NONE',  ( 36.08238719037510123, 3.312317056323229814, 0.09666058148542715223 ) ) ;
#4881 = CARTESIAN_POINT ( 'NONE',  ( 43.43187846828771370, 3.495049104163495457, -0.3345815584238815976 ) ) ;
#4882 = CARTESIAN_POINT ( 'NONE',  ( 34.96778560659642920, 3.305472222832823714, -0.4779341995363297069 ) ) ;
#4883 = CARTESIAN_POINT ( 'NONE',  ( 45.27625541073417281, 4.091414485771526444, -0.1176367853438866767 ) ) ;
#4884 = FACE_OUTER_BOUND ( 'NONE', #189, .T. ) ;
#4885 = LINE ( 'NONE', #7575, #7045 ) ;
#4886 = PLANE ( 'NONE',  #4241 ) ;
#4887 = ORIENTED_EDGE ( 'NONE', *, *, #6341, .T. ) ;
#4888 = CARTESIAN_POINT ( 'NONE',  ( 44.88575719526839691, 3.060146216575854172, -0.1396181809834062537 ) ) ;
#4889 = DIRECTION ( 'NONE',  ( 0.3022482188480728471, 0.8491185186067439217, -0.4331786647126749656 ) ) ;
#4890 = CARTESIAN_POINT ( 'NONE',  ( 24.90850174927125593, 1.727156155566247797, 3.955311759208319788 ) ) ;
#4891 = LINE ( 'NONE', #5363, #6804 ) ;
#4892 = FACE_OUTER_BOUND ( 'NONE', #7775, .T. ) ;
#4893 = CARTESIAN_POINT ( 'NONE',  ( 31.72923759170371838, 3.131141752805931766, -0.7851741943653338662 ) ) ;
#4894 = CARTESIAN_POINT ( 'NONE',  ( 44.90957529486983901, 3.276564300972226729, 0.4261744799732044009 ) ) ;
#4895 = CARTESIAN_POINT ( 'NONE',  ( 34.68238719036839512, 3.285199339847526101, -0.1078931074044185423 ) ) ;
#4896 = CARTESIAN_POINT ( 'NONE',  ( 25.13738994517776604, 1.727156155566246243, 4.283351686312391493 ) ) ;
#4897 = LINE ( 'NONE', #7672, #2320 ) ;
#4898 =( LENGTH_UNIT ( ) NAMED_UNIT ( * ) SI_UNIT ( .MILLI., .METRE. ) );
#4899 = EDGE_LOOP ( 'NONE', ( #5061, #2640, #538, #100 ) ) ;
#4900 = ORIENTED_EDGE ( 'NONE', *, *, #3261, .T. ) ;
#4901 = CARTESIAN_POINT ( 'NONE',  ( 52.10000000000000142, 4.381393742012989811, -0.4250000000000169753 ) ) ;
#4902 = CARTESIAN_POINT ( 'NONE',  ( 31.56952752250055738, 3.153114352402029752, 0.02953380693097688858 ) ) ;
#4903 = ORIENTED_EDGE ( 'NONE', *, *, #1320, .T. ) ;
#4904 = DIRECTION ( 'NONE',  ( -1.000000000000000000, -2.023844055306275241E-29, 7.000000000000000150E-15 ) ) ;
#4905 = CARTESIAN_POINT ( 'NONE',  ( 49.09999999999999432, 4.831393742012989989, 1.824999999999999956 ) ) ;
#4906 = DIRECTION ( 'NONE',  ( -7.000000000000000150E-15, 2.999999999999999839E-15, -1.000000000000000000 ) ) ;
#4907 = CARTESIAN_POINT ( 'NONE',  ( 32.12008119149810881, 2.868071488740226105, 0.7506727787042895006 ) ) ;
#4908 = AXIS2_PLACEMENT_3D ( 'NONE', #2419, #2542, #1843 ) ;
#4909 = VECTOR ( 'NONE', #8029, 1000.000000000000114 ) ;
#4910 = ORIENTED_EDGE ( 'NONE', *, *, #549, .T. ) ;
#4911 = EDGE_LOOP ( 'NONE', ( #5005, #1827, #7388, #3664 ) ) ;
#4912 = CARTESIAN_POINT ( 'NONE',  ( 35.03187846737706934, 3.590975299816099753, 0.2386553630812209559 ) ) ;
#4913 = CARTESIAN_POINT ( 'NONE',  ( 49.09999999999999432, 1.931393742012990078, 2.125000000000000000 ) ) ;
#4914 = CARTESIAN_POINT ( 'NONE',  ( 42.22648604090120728, 4.048617663597670280, 0.1978032339469176781 ) ) ;
#4915 = VECTOR ( 'NONE', #5915, 1000.000000000000000 ) ;
#4916 = EDGE_CURVE ( 'NONE', #8332, #8063, #6340, .T. ) ;
#4917 = CARTESIAN_POINT ( 'NONE',  ( 49.29999999999999716, 3.981393742012995229, 1.074999999999999956 ) ) ;
#4918 = VECTOR ( 'NONE', #6503, 1000.000000000000000 ) ;
#4919 = AXIS2_PLACEMENT_3D ( 'NONE', #3218, #6450, #2518 ) ;
#4920 = CARTESIAN_POINT ( 'NONE',  ( 30.95894478463011623, 3.001256909120548766, 0.2883637331983465169 ) ) ;
#4921 = AXIS2_PLACEMENT_3D ( 'NONE', #5335, #5895, #6569 ) ;
#4922 = ADVANCED_FACE ( 'NONE', ( #7619 ), #3114, .F. ) ;
#4923 = ORIENTED_EDGE ( 'NONE', *, *, #819, .T. ) ;
#4924 = CARTESIAN_POINT ( 'NONE',  ( 47.58437217402997987, 3.691433829193769611, 0.7918693829727041500 ) ) ;
#4925 = EDGE_LOOP ( 'NONE', ( #8043, #1293, #6300, #986 ) ) ;
#4926 = CARTESIAN_POINT ( 'NONE',  ( 33.63187848229765819, 3.324223817062423425, 0.4053400320341014051 ) ) ;
#4927 =( NAMED_UNIT ( * ) PLANE_ANGLE_UNIT ( ) SI_UNIT ( $, .RADIAN. ) );
#4928 = CARTESIAN_POINT ( 'NONE',  ( 37.55618857312059333, 3.154197452815085789, -0.03866614968357946769 ) ) ;
#4929 = CARTESIAN_POINT ( 'NONE',  ( 38.70111893992810792, 3.305472222831886242, -0.4779341995311228719 ) ) ;
#4930 = CARTESIAN_POINT ( 'NONE',  ( 39.67316836520608092, 2.400470427690165831, 0.1127506780070449688 ) ) ;
#4931 = CARTESIAN_POINT ( 'NONE',  ( 49.29999999999999716, 12.39639374201300015, 0.1750000000000264955 ) ) ;
#4932 = DIRECTION ( 'NONE',  ( 1.000000000000000000, -2.999999999999999839E-15, 0.000000000000000000 ) ) ;
#4933 = CARTESIAN_POINT ( 'NONE',  ( 48.59999999999999432, 3.981393742013000114, -0.8750000000000000000 ) ) ;
#4934 = VECTOR ( 'NONE', #2316, 1000.000000000000000 ) ;
#4935 = AXIS2_PLACEMENT_3D ( 'NONE', #5694, #366, #4409 ) ;
#4936 = CARTESIAN_POINT ( 'NONE',  ( 45.39018537787168839, 2.819905315264722212, -0.1631237060645690518 ) ) ;
#4937 = LINE ( 'NONE', #7542, #7901 ) ;
#4938 = LINE ( 'NONE', #978, #1090 ) ;
#4939 = EDGE_CURVE ( 'NONE', #5259, #2895, #1188, .T. ) ;
#4940 = DIRECTION ( 'NONE',  ( 2.999999999999999839E-15, 1.000000000000000000, 2.999999999999999839E-15 ) ) ;
#4941 = CARTESIAN_POINT ( 'NONE',  ( 34.60756836086618904, 2.442328350780875290, 0.02644616954793909541 ) ) ;
#4942 = CIRCLE ( 'NONE', #1309, 0.1999999999999999833 ) ;
#4943 = CARTESIAN_POINT ( 'NONE',  ( 35.49854513404105205, 3.188563679231969150, -0.4053397139651816472 ) ) ;
#4944 = CARTESIAN_POINT ( 'NONE',  ( 43.54905347405693306, 3.312317186820180392, 0.09666000034108934713 ) ) ;
#4945 = CARTESIAN_POINT ( 'NONE',  ( 29.13428848150177330, 3.491659503260716946, -0.7057984929246239325 ) ) ;
#4946 = LINE ( 'NONE', #7548, #3505 ) ;
#4947 = CARTESIAN_POINT ( 'NONE',  ( 31.60985403315104492, 3.093211492997044232, -0.3638939754813264593 ) ) ;
#4948 = EDGE_LOOP ( 'NONE', ( #5130, #8262, #196, #6623 ) ) ;
#4949 = CARTESIAN_POINT ( 'NONE',  ( 48.50000000000000000, 2.473658715094035010, 0.06726497308103729367 ) ) ;
#4950 = CARTESIAN_POINT ( 'NONE',  ( 29.58167669342059725, 3.105183442063512267, 1.481468276449519506 ) ) ;
#4951 = VERTEX_POINT ( 'NONE', #545 ) ;
#4952 = CARTESIAN_POINT ( 'NONE',  ( 48.70000000000000284, 2.531393742012994608, 0.8249999999999999556 ) ) ;
#4953 = DIRECTION ( 'NONE',  ( 1.000000000000000000, 0.000000000000000000, -7.000000000000000150E-15 ) ) ;
#4954 = AXIS2_PLACEMENT_3D ( 'NONE', #1495, #845, #131 ) ;
#4955 = CARTESIAN_POINT ( 'NONE',  ( 40.72325718063808608, 3.439901987786297077, -0.4638344041941743767 ) ) ;
#4956 = CARTESIAN_POINT ( 'NONE',  ( 45.53227765311667952, 3.599172987953623171, -0.2106839993873081962 ) ) ;
#4957 = CARTESIAN_POINT ( 'NONE',  ( 48.70000000000000284, 3.981393742013000114, -1.125000000000000000 ) ) ;
#4958 = EDGE_CURVE ( 'NONE', #1688, #3783, #8286, .T. ) ;
#4959 = EDGE_LOOP ( 'NONE', ( #2207, #7339 ) ) ;
#4960 = EDGE_LOOP ( 'NONE', ( #6189, #416, #6699, #3333 ) ) ;
#4961 = CARTESIAN_POINT ( 'NONE',  ( 38.76521180071387818, 3.590975299801606013, 0.2386553630728877051 ) ) ;
#4962 = LINE ( 'NONE', #1768, #2436 ) ;
#4963 = CARTESIAN_POINT ( 'NONE',  ( 35.78825587135614938, 2.463012030458135548, 0.3427776123667246599 ) ) ;
#4964 = CARTESIAN_POINT ( 'NONE',  ( 25.31820540024886057, 2.690539500766088388, -4.157188618533996127 ) ) ;
#4965 = CARTESIAN_POINT ( 'NONE',  ( 31.41595238962310077, 2.980402538908984766, -0.3239227492340394643 ) ) ;
#4966 = VERTEX_POINT ( 'NONE', #3613 ) ;
#4967 = CARTESIAN_POINT ( 'NONE',  ( 45.47169113027398168, 3.256670114186026588, 0.2374873898752966617 ) ) ;
#4968 = EDGE_CURVE ( 'NONE', #566, #3056, #2984, .T. ) ;
#4969 = EDGE_LOOP ( 'NONE', ( #8052, #6381, #4784, #4807 ) ) ;
#4970 = CARTESIAN_POINT ( 'NONE',  ( 26.07914960422809614, 3.331174544032958984, -3.626243655105619190 ) ) ;
#4971 = CARTESIAN_POINT ( 'NONE',  ( 43.85618861064198626, 3.259779757674869494, 0.1092140015767154443 ) ) ;
#4972 = CARTESIAN_POINT ( 'NONE',  ( 39.05492253799180702, 3.575018956235965994, -0.8033859624319400483 ) ) ;
#4973 = ADVANCED_FACE ( 'NONE', ( #859 ), #1382, .F. ) ;
#4974 = CARTESIAN_POINT ( 'NONE',  ( 43.47423503064094064, 2.699462848148655336, 0.5943314269699407904 ) ) ;
#4975 = CARTESIAN_POINT ( 'NONE',  ( -9.633924433998837245, -0.05000000000000000278, -1.500000000000067280 ) ) ;
#4976 = CARTESIAN_POINT ( 'NONE',  ( 52.10000000000000142, 3.981393742012985459, 0.8249999999999819700 ) ) ;
#4977 = CARTESIAN_POINT ( 'NONE',  ( 48.70000000000000284, 4.381393742013000470, -0.3749999999999935052 ) ) ;
#4978 = ORIENTED_EDGE ( 'NONE', *, *, #8334, .F. ) ;
#4979 = CARTESIAN_POINT ( 'NONE',  ( 43.67923260807279462, 3.651054012432117357, 0.2772413507655533405 ) ) ;
#4980 = LINE ( 'NONE', #8160, #1552 ) ;
#4981 = CARTESIAN_POINT ( 'NONE',  ( 25.39324607482095075, 2.163832177753887809, 3.617083861738501049 ) ) ;
#4982 = DIRECTION ( 'NONE',  ( -1.000000000000000000, 2.999999999999999839E-15, 7.000000000000000150E-15 ) ) ;
#4983 = CARTESIAN_POINT ( 'NONE',  ( 45.10601377101374254, 3.356097411686195908, 0.06075275577829147844 ) ) ;
#4984 = EDGE_CURVE ( 'NONE', #4697, #6335, #3893, .T. ) ;
#4985 = CARTESIAN_POINT ( 'NONE',  ( 42.86240283118836203, 3.036587634457672991, -0.07846237257404296839 ) ) ;
#4986 = CARTESIAN_POINT ( 'NONE',  ( 29.57109102683646995, 3.519078362801753901, -0.3529686333063029591 ) ) ;
#4987 = DIRECTION ( 'NONE',  ( 0.5773502691896241767, 0.5773502691896250649, -0.5773502691896281735 ) ) ;
#4988 = EDGE_CURVE ( 'NONE', #1182, #5513, #8153, .T. ) ;
#4989 = DIRECTION ( 'NONE',  ( 0.000000000000000000, 0.000000000000000000, -1.000000000000000000 ) ) ;
#4990 = VECTOR ( 'NONE', #525, 999.9999999999998863 ) ;
#4991 = VERTEX_POINT ( 'NONE', #4816 ) ;
#4992 = CARTESIAN_POINT ( 'NONE',  ( 48.50000000000000000, 4.039128768931965041, -1.182735026918962040 ) ) ;
#4993 = CARTESIAN_POINT ( 'NONE',  ( 30.75154245287331634, 3.372340180062342263, 0.2507205861289932280 ) ) ;
#4994 = CARTESIAN_POINT ( 'NONE',  ( 31.20846482332843408, 3.446983837743003765, -0.07557559366967078751 ) ) ;
#4995 = ORIENTED_EDGE ( 'NONE', *, *, #6902, .F. ) ;
#4996 = CARTESIAN_POINT ( 'NONE',  ( 48.70000000000000284, 3.981393742012995229, 0.8750000000000000000 ) ) ;
#4997 = AXIS2_PLACEMENT_3D ( 'NONE', #431, #4136, #5592 ) ;
#4998 = LINE ( 'NONE', #1803, #4990 ) ;
#4999 = CARTESIAN_POINT ( 'NONE',  ( 36.91256597706634324, 3.361501372307170055, -0.4707142213603056069 ) ) ;
#5000 = DIRECTION ( 'NONE',  ( -0.8200998161168392420, 9.606411846750677492E-15, -0.5722204921226837770 ) ) ;
#5001 = CARTESIAN_POINT ( 'NONE',  ( 43.15981939222243824, 3.058590546238042052, 0.7922239198858795906 ) ) ;
#5002 = CARTESIAN_POINT ( 'NONE',  ( 34.75981937422497481, 2.464169820423169899, -0.1978032339667054051 ) ) ;
#5003 = LINE ( 'NONE', #1218, #7240 ) ;
#5004 = CARTESIAN_POINT ( 'NONE',  ( 29.32641739690357952, 2.893902494939894154, 1.245420415730013497 ) ) ;
#5005 = ORIENTED_EDGE ( 'NONE', *, *, #3012, .T. ) ;
#5006 = CARTESIAN_POINT ( 'NONE',  ( 45.54981979683985571, 3.262843897783365144, 0.2670140047038198627 ) ) ;
#5007 = CIRCLE ( 'NONE', #5696, 8.050000000000000711 ) ;
#5008 = ORIENTED_EDGE ( 'NONE', *, *, #3055, .T. ) ;
#5009 = CARTESIAN_POINT ( 'NONE',  ( 34.09854513467973192, 3.017738366070769285, 0.3345815717128872158 ) ) ;
#5010 = DIRECTION ( 'NONE',  ( 1.000000000000000000, 0.000000000000000000, 0.000000000000000000 ) ) ;
#5011 = CARTESIAN_POINT ( 'NONE',  ( 36.46630558546237211, 3.246645366483014161, 0.1123522980614988509 ) ) ;
#5012 = CARTESIAN_POINT ( 'NONE',  ( 31.43047247749945683, 3.153114352402063503, 0.8295338069309771134 ) ) ;
#5013 = CARTESIAN_POINT ( 'NONE',  ( 25.93275384447869314, 2.567982847548643477, 3.240645048574628539 ) ) ;
#5014 = AXIS2_PLACEMENT_3D ( 'NONE', #3310, #6497, #5344 ) ;
#5015 = CARTESIAN_POINT ( 'NONE',  ( 48.70000000000000995, 3.256393742013003134, -0.4249999999999986011 ) ) ;
#5016 = ORIENTED_EDGE ( 'NONE', *, *, #7583, .F. ) ;
#5017 = CARTESIAN_POINT ( 'NONE',  ( 33.99573618146357035, 3.156448657505031008, -0.2109076397208488052 ) ) ;
#5018 = DIRECTION ( 'NONE',  ( -1.000000000000000000, 0.000000000000000000, 7.000000000000000150E-15 ) ) ;
#5019 = CARTESIAN_POINT ( 'NONE',  ( 49.09999999999999432, 2.981393742013004999, -1.474999999999999867 ) ) ;
#5020 = DIRECTION ( 'NONE',  ( -0.8200998161168312484, -4.685812950049665669E-15, 0.5722204921226952123 ) ) ;
#5021 = CARTESIAN_POINT ( 'NONE',  ( 39.65618857310929002, 3.176773577010654215, -0.07483169100070058422 ) ) ;
#5022 = CARTESIAN_POINT ( 'NONE',  ( 44.88575719526839691, 3.452641267450160978, 0.1396181809834610710 ) ) ;
#5023 = CARTESIAN_POINT ( 'NONE',  ( 29.81965475162987644, 3.639067751603251910, -0.8663271453267038513 ) ) ;
#5024 = CARTESIAN_POINT ( 'NONE',  ( 48.80000000000000426, 4.531393742012990167, 2.125000000000000000 ) ) ;
#5025 = CARTESIAN_POINT ( 'NONE',  ( 45.90799567767800937, 2.870033544928024316, -0.3561162756998179080 ) ) ;
#5026 = FACE_OUTER_BOUND ( 'NONE', #3270, .T. ) ;
#5027 = EDGE_CURVE ( 'NONE', #5037, #6738, #5419, .T. ) ;
#5028 = ORIENTED_EDGE ( 'NONE', *, *, #6685, .F. ) ;
#5029 = DIRECTION ( 'NONE',  ( -0.8200998161168312484, -4.685812950049665669E-15, 0.5722204921226952123 ) ) ;
#5030 = CARTESIAN_POINT ( 'NONE',  ( -9.633924433998858561, -0.05000000000000000278, 1.499999999999932943 ) ) ;
#5031 = CARTESIAN_POINT ( 'NONE',  ( 30.89994783366332243, 2.799424123531273345, -0.1023232800365298095 ) ) ;
#5032 = ORIENTED_EDGE ( 'NONE', *, *, #4690, .T. ) ;
#5033 = FACE_OUTER_BOUND ( 'NONE', #1268, .T. ) ;
#5034 = ADVANCED_FACE ( 'NONE', ( #2388 ), #7420, .T. ) ;
#5035 = FACE_OUTER_BOUND ( 'NONE', #7882, .T. ) ;
#5036 = CARTESIAN_POINT ( 'NONE',  ( 39.47923264373509511, 2.781287558506203350, 0.08302774555445914528 ) ) ;
#5037 = VERTEX_POINT ( 'NONE', #6188 ) ;
#5038 = VERTEX_POINT ( 'NONE', #4320 ) ;
#5039 = CARTESIAN_POINT ( 'NONE',  ( 52.44999999999999574, 3.531393742012990167, -0.3000000000000219713 ) ) ;
#5040 = FACE_OUTER_BOUND ( 'NONE', #5616, .T. ) ;
#5041 = CARTESIAN_POINT ( 'NONE',  ( 43.89854515320821804, 2.851054012432156171, 0.06783008095329695619 ) ) ;
#5042 = CARTESIAN_POINT ( 'NONE',  ( 36.78121546068807390, 3.992682445853242612, 0.4219022008645830213 ) ) ;
#5043 = CARTESIAN_POINT ( 'NONE',  ( 25.22927255521008760, 2.115669897798245991, -3.731495554373284396 ) ) ;
#5044 = VECTOR ( 'NONE', #6483, 1000.000000000000000 ) ;
#5045 = CARTESIAN_POINT ( 'NONE',  ( 29.64522546132994307, 2.885171124024292322, 1.008088419775262867 ) ) ;
#5046 = CARTESIAN_POINT ( 'NONE',  ( 46.32689500430943497, 3.195393484345359525, 0.05900175466208491121 ) ) ;
#5047 = ORIENTED_EDGE ( 'NONE', *, *, #1016, .F. ) ;
#5048 = DIRECTION ( 'NONE',  ( 1.000000000000000000, -2.999999999999999839E-15, -7.000000000000000150E-15 ) ) ;
#5049 = CARTESIAN_POINT ( 'NONE',  ( 37.02906951466453478, 3.489494321596808835, -0.01162635872543172147 ) ) ;
#5050 = CARTESIAN_POINT ( 'NONE',  ( 38.92110328229242100, 2.997904001735836044, -0.3220658004685756359 ) ) ;
#5051 = VECTOR ( 'NONE', #8082, 1000.000000000000000 ) ;
#5052 = CARTESIAN_POINT ( 'NONE',  ( 35.47316836516268523, 2.730891331250173248, 0.6849559486658884921 ) ) ;
#5053 = CARTESIAN_POINT ( 'NONE',  ( 26.45258507211082843, 2.688468551124536532, 2.877935442932887611 ) ) ;
#5054 = CARTESIAN_POINT ( 'NONE',  ( 8.050000000000000711, -0.05000000000000000278, 5.621284955537445964E-14 ) ) ;
#5055 = VECTOR ( 'NONE', #8156, 1000.000000000000000 ) ;
#5056 = EDGE_CURVE ( 'NONE', #3458, #7552, #8227, .T. ) ;
#5057 = VERTEX_POINT ( 'NONE', #1121 ) ;
#5058 = CARTESIAN_POINT ( 'NONE',  ( 41.42325718064624596, 2.757641064093760086, 0.007962229535707283576 ) ) ;
#5059 = EDGE_CURVE ( 'NONE', #308, #2216, #3673, .T. ) ;
#5060 = CARTESIAN_POINT ( 'NONE',  ( 29.26596775313394261, 3.449061285364864560, -1.158784682787205478 ) ) ;
#5061 = ORIENTED_EDGE ( 'NONE', *, *, #572, .F. ) ;
#5062 = CARTESIAN_POINT ( 'NONE',  ( 26.64985775721738648, 3.088468552585866167, 3.228034932530065237 ) ) ;
#5063 = DIRECTION ( 'NONE',  ( 1.000000000000000000, -2.999999999999999839E-15, 0.000000000000000000 ) ) ;
#5064 = CARTESIAN_POINT ( 'NONE',  ( 34.68238719036839512, 3.227588144178549445, 0.1078931074046161898 ) ) ;
#5065 = CARTESIAN_POINT ( 'NONE',  ( 30.60337909521204836, 3.380591431054737139, 0.1318350951042167596 ) ) ;
#5066 = DIRECTION ( 'NONE',  ( 2.999999999999999839E-15, 1.000000000000000000, 2.891205793294680200E-15 ) ) ;
#5067 = CARTESIAN_POINT ( 'NONE',  ( 47.21832542942139810, 2.739505881332460646, -0.7122486377224762633 ) ) ;
#5068 = EDGE_CURVE ( 'NONE', #1182, #1647, #6098, .T. ) ;
#5069 = LINE ( 'NONE', #7065, #476 ) ;
#5070 = VECTOR ( 'NONE', #8307, 1000.000000000000000 ) ;
#5071 = EDGE_CURVE ( 'NONE', #2586, #4951, #5645, .T. ) ;
#5072 = DIRECTION ( 'NONE',  ( 0.000000000000000000, -1.000000000000000000, -2.891205793294679017E-15 ) ) ;
#5073 = CARTESIAN_POINT ( 'NONE',  ( 46.38117082045368278, 2.920833406590060299, -0.05867563128563312025 ) ) ;
#5074 = CARTESIAN_POINT ( 'NONE',  ( 29.52077060353863658, 3.105183442063512267, 1.523965192118326817 ) ) ;
#5075 = ORIENTED_EDGE ( 'NONE', *, *, #3099, .F. ) ;
#5076 = CARTESIAN_POINT ( 'NONE',  ( 1.224646799147353256E-15, 4.400000000000001243, 10.00000000000000000 ) ) ;
#5077 = CARTESIAN_POINT ( 'NONE',  ( 48.16494492839985497, 3.256393742013003134, -0.6249999999999987788 ) ) ;
#5078 = DIRECTION ( 'NONE',  ( -0.000000000000000000, -1.000000000000000000, -0.000000000000000000 ) ) ;
#5079 = ORIENTED_EDGE ( 'NONE', *, *, #2968, .F. ) ;
#5080 = VERTEX_POINT ( 'NONE', #4652 ) ;
#5081 = CARTESIAN_POINT ( 'NONE',  ( 24.96791241634318226, 1.727156155566249351, 5.508069892759419162 ) ) ;
#5082 = CARTESIAN_POINT ( 'NONE',  ( 47.81117365604550429, 2.866831816614812567, 0.4152066880540341010 ) ) ;
#5083 = VERTEX_POINT ( 'NONE', #4060 ) ;
#5084 = CARTESIAN_POINT ( 'NONE',  ( 31.72923759170372904, 3.381645731220161544, 0.7851741943655730083 ) ) ;
#5085 =( BOUNDED_SURFACE ( )  B_SPLINE_SURFACE ( 3, 3, ( 
 ( #4516, #563, #7115, #677, #5841, #2627, #1586, #7238, #6087, #803, #7919, #1412, #4674, #4634, #7362, #761 ),
 ( #6601, #936, #4717, #3371, #4759, #2125, #2788, #7275, #6558, #215, #5409, #2041, #2164, #4085, #1497, #4593 ),
 ( #7992, #4041, #5450, #6004, #4131, #2204, #3490, #5369, #7196, #6727, #3407, #3963, #168, #6640, #7951, #3331 ),
 ( #295, #2748, #6682, #2868, #254, #847, #7314, #5323, #5923, #133, #1541, #2706, #5276, #2079, #894, #5962 ),
 ( #3451, #6045, #2827, #7878, #1453, #4001, #347, #6177, #2996, #4986, #2913, #8039, #1071, #4945, #984, #8087 ),
 ( #387, #7502, #4221, #6810, #2249, #1028, #1756, #6857, #6769, #2375, #5636, #3624, #6259, #1626, #2292, #4173 ),
 ( #6222, #1152, #7547, #3537, #3585, #424, #5585, #3710, #6934, #1793, #2415, #6308, #1711, #5500, #3087, #4851 ) ),
 .UNSPECIFIED., .T., .F., .F. ) 
 B_SPLINE_SURFACE_WITH_KNOTS ( ( 4, 3, 4 ),
 ( 4, 2, 2, 2, 2, 2, 2, 4 ),
 ( 0.000000000000000000, 0.5000000000000000000, 1.000000000000000000 ),
 ( 0.7941314441421509773, 0.8080660543021185305, 0.8220006644620860836, 0.8498698847820211899, 0.8777391051019562962, 0.8916737152619238493, 0.8986410203419077369, 0.9056083254218915135 ),
 .UNSPECIFIED. ) 
 GEOMETRIC_REPRESENTATION_ITEM ( )  RATIONAL_B_SPLINE_SURFACE ( (
 ( 1.000000000000000000, 1.000000000000000000, 1.000000000000000000, 1.000000000000000000, 1.000000000000000000, 1.000000000000000000, 1.000000000000000000, 1.000000000000000000, 1.000000000000000000, 1.000000000000000000, 1.000000000000000000, 1.000000000000000000, 1.000000000000000000, 1.000000000000000000, 1.000000000000000000, 1.000000000000000000),
 ( 0.3333333333333333703, 0.3333333333333333703, 0.3333333333333333703, 0.3333333333333333703, 0.3333333333333333703, 0.3333333333333333703, 0.3333333333333333703, 0.3333333333333333703, 0.3333333333333333703, 0.3333333333333333703, 0.3333333333333333703, 0.3333333333333333703, 0.3333333333333333703, 0.3333333333333333703, 0.3333333333333333703, 0.3333333333333333703),
 ( 0.3333333333333333703, 0.3333333333333333703, 0.3333333333333333703, 0.3333333333333333703, 0.3333333333333333703, 0.3333333333333333703, 0.3333333333333333703, 0.3333333333333333703, 0.3333333333333333703, 0.3333333333333333703, 0.3333333333333333703, 0.3333333333333333703, 0.3333333333333333703, 0.3333333333333333703, 0.3333333333333333703, 0.3333333333333333703),
 ( 1.000000000000000000, 1.000000000000000000, 1.000000000000000000, 1.000000000000000000, 1.000000000000000000, 1.000000000000000000, 1.000000000000000000, 1.000000000000000000, 1.000000000000000000, 1.000000000000000000, 1.000000000000000000, 1.000000000000000000, 1.000000000000000000, 1.000000000000000000, 1.000000000000000000, 1.000000000000000000),
 ( 0.3333333333333333703, 0.3333333333333333703, 0.3333333333333333703, 0.3333333333333333703, 0.3333333333333333703, 0.3333333333333333703, 0.3333333333333333703, 0.3333333333333333703, 0.3333333333333333703, 0.3333333333333333703, 0.3333333333333333703, 0.3333333333333333703, 0.3333333333333333703, 0.3333333333333333703, 0.3333333333333333703, 0.3333333333333333703),
 ( 0.3333333333333333703, 0.3333333333333333703, 0.3333333333333333703, 0.3333333333333333703, 0.3333333333333333703, 0.3333333333333333703, 0.3333333333333333703, 0.3333333333333333703, 0.3333333333333333703, 0.3333333333333333703, 0.3333333333333333703, 0.3333333333333333703, 0.3333333333333333703, 0.3333333333333333703, 0.3333333333333333703, 0.3333333333333333703),
 ( 1.000000000000000000, 1.000000000000000000, 1.000000000000000000, 1.000000000000000000, 1.000000000000000000, 1.000000000000000000, 1.000000000000000000, 1.000000000000000000, 1.000000000000000000, 1.000000000000000000, 1.000000000000000000, 1.000000000000000000, 1.000000000000000000, 1.000000000000000000, 1.000000000000000000, 1.000000000000000000) ) ) 
 REPRESENTATION_ITEM ( '' )  SURFACE ( )  );
#5086 = CARTESIAN_POINT ( 'NONE',  ( 37.13187846737673681, 3.474177341709358213, 0.3485276241937338426 ) ) ;
#5087 = CARTESIAN_POINT ( 'NONE',  ( 24.89908115240746511, 2.195972545156108957, -3.961884932950209937 ) ) ;
#5088 = ADVANCED_FACE ( 'NONE', ( #6658 ), #233, .T. ) ;
#5089 = CARTESIAN_POINT ( 'NONE',  ( 31.25723606179801095, 3.473387636144853019, -0.07778767790396987070 ) ) ;
#5090 = ORIENTED_EDGE ( 'NONE', *, *, #819, .F. ) ;
#5091 = CARTESIAN_POINT ( 'NONE',  ( 47.99256644436111685, 3.658879949533018205, 0.8226767148871871882 ) ) ;
#5092 = VERTEX_POINT ( 'NONE', #2645 ) ;
#5093 = PLANE ( 'NONE',  #227 ) ;
#5094 = CARTESIAN_POINT ( 'NONE',  ( 36.24716105816828815, 3.298961751119653840, -0.2420948779275717277 ) ) ;
#5095 = FACE_OUTER_BOUND ( 'NONE', #5420, .T. ) ;
#5096 = CARTESIAN_POINT ( 'NONE',  ( 39.89315270756843290, 2.556338826770397255, 0.4203188991004236930 ) ) ;
#5097 = CARTESIAN_POINT ( 'NONE',  ( 24.89908115240747932, 1.527156155566256057, 3.961884932945561655 ) ) ;
#5098 = PRODUCT ( 'AS02008MR-2-LWC30 draft', 'AS02008MR-2-LWC30 draft', '', ( #7251 ) ) ;
#5099 = CARTESIAN_POINT ( 'NONE',  ( 25.79448995169368075, 1.727156155566249129, 4.765024611868893700 ) ) ;
#5100 = ORIENTED_EDGE ( 'NONE', *, *, #733, .T. ) ;
#5101 = CARTESIAN_POINT ( 'NONE',  ( 37.33687608280960291, 3.043872481475967451, -0.1032534572195669687 ) ) ;
#5102 = DIRECTION ( 'NONE',  ( -0.8660254037844381525, 0.5000000000000007772, 0.000000000000000000 ) ) ;
#5103 = UNCERTAINTY_MEASURE_WITH_UNIT (LENGTH_MEASURE( 1.000000000000000082E-05 ), #3334, 'distance_accuracy_value', 'NONE');
#5104 = CARTESIAN_POINT ( 'NONE',  ( 25.12796934925516013, 1.795622339706687276, 4.289924859393001277 ) ) ;
#5105 = CARTESIAN_POINT ( 'NONE',  ( 38.14290559697790428, 3.642395707201222077, -0.1817138430145309735 ) ) ;
#5106 = CARTESIAN_POINT ( 'NONE',  ( 43.08238716858401318, 3.148500653964651175, -0.02880556816288305441 ) ) ;
#5107 = CARTESIAN_POINT ( 'NONE',  ( 31.72584661687762875, 3.364924775234832577, -0.001347954666297578692 ) ) ;
#5108 = CARTESIAN_POINT ( 'NONE',  ( 31.08450650071262089, 3.501724478323295919, -0.1908282470340734727 ) ) ;
#5109 = CARTESIAN_POINT ( 'NONE',  ( 45.60981462212834003, 2.892882168761289563, 0.1631237060646176240 ) ) ;
#5110 = EDGE_CURVE ( 'NONE', #6154, #3458, #7254, .T. ) ;
#5111 = CARTESIAN_POINT ( 'NONE',  ( 47.99175702206061089, 3.253894558909923074, -0.4226645090271939909 ) ) ;
#5112 = DIRECTION ( 'NONE',  ( -2.999999999999999839E-15, -1.000000000000000000, -2.999999999999999839E-15 ) ) ;
#5113 = ORIENTED_EDGE ( 'NONE', *, *, #2451, .T. ) ;
#5114 = CARTESIAN_POINT ( 'NONE',  ( 30.75154245287330923, 3.140447303963756820, -0.2507205861287405413 ) ) ;
#5115 = CARTESIAN_POINT ( 'NONE',  ( 30.97928004954311731, 3.312636197705712604, 0.3744479239730426623 ) ) ;
#5116 = ORIENTED_EDGE ( 'NONE', *, *, #5175, .F. ) ;
#5117 = DIRECTION ( 'NONE',  ( -1.000000000000000000, 0.000000000000000000, 7.000000000000000150E-15 ) ) ;
#5118 = LINE ( 'NONE', #2668, #6205 ) ;
#5119 = CARTESIAN_POINT ( 'NONE',  ( 37.53445227326071176, 3.716728888322904822, -0.1375548959929297765 ) ) ;
#5120 = VECTOR ( 'NONE', #2302, 1000.000000000000000 ) ;
#5121 = AXIS2_PLACEMENT_3D ( 'NONE', #8030, #2244, #4798 ) ;
#5122 = ORIENTED_EDGE ( 'NONE', *, *, #4675, .T. ) ;
#5123 = EDGE_LOOP ( 'NONE', ( #8219, #7294, #6585, #3666 ) ) ;
#5124 = CARTESIAN_POINT ( 'NONE',  ( 47.58174716997854858, 3.291593840852952813, 0.3917177348014955207 ) ) ;
#5125 = AXIS2_PLACEMENT_3D ( 'NONE', #4312, #7462, #8132 ) ;
#5126 = CARTESIAN_POINT ( 'NONE',  ( 44.90957529486983191, 3.236223183053787089, -0.4261744799731498889 ) ) ;
#5127 = CARTESIAN_POINT ( 'NONE',  ( 48.59999999999999432, 4.381393742013000470, -0.3749999999999925060 ) ) ;
#5128 = CARTESIAN_POINT ( 'NONE',  ( 52.20000000000000284, 3.481393742012994785, -1.475000000000019851 ) ) ;
#5129 = CARTESIAN_POINT ( 'NONE',  ( 29.67976024123954559, 3.438784314075984838, 1.145118691204897843 ) ) ;
#5130 = ORIENTED_EDGE ( 'NONE', *, *, #1434, .F. ) ;
#5131 = APPLICATION_CONTEXT ( 'automotive_design' ) ;
#5132 = CARTESIAN_POINT ( 'NONE',  ( 47.99175702206061800, 3.258892925116072536, 0.4226645090272053151 ) ) ;
#5133 = ORIENTED_EDGE ( 'NONE', *, *, #7885, .F. ) ;
#5134 = EDGE_CURVE ( 'NONE', #6168, #5253, #5257, .T. ) ;
#5135 = PLANE ( 'NONE',  #3306 ) ;
#5136 = CARTESIAN_POINT ( 'NONE',  ( 31.42326618219317069, 3.028476452294725618, 0.01482580563467404515 ) ) ;
#5137 = CARTESIAN_POINT ( 'NONE',  ( 48.59999999999999432, 2.531393742012999937, -0.8249999999999999556 ) ) ;
#5138 = ADVANCED_FACE ( 'NONE', ( #3427 ), #5382, .F. ) ;
#5139 = CARTESIAN_POINT ( 'NONE',  ( 25.13687621614915457, 2.425497541452676487, 3.795964631873987027 ) ) ;
#5140 = LINE ( 'NONE', #7702, #1168 ) ;
#5141 = VERTEX_POINT ( 'NONE', #5218 ) ;
#5142 = CARTESIAN_POINT ( 'NONE',  ( 33.10111892584750848, 3.207315249665265267, 0.4779342264013854424 ) ) ;
#5143 = DIRECTION ( 'NONE',  ( -0.8660254037844381525, 0.5000000000000007772, 0.000000000000000000 ) ) ;
#5144 = VERTEX_POINT ( 'NONE', #822 ) ;
#5145 =( NAMED_UNIT ( * ) PLANE_ANGLE_UNIT ( ) SI_UNIT ( $, .RADIAN. ) );
#5146 = CARTESIAN_POINT ( 'NONE',  ( 52.20000000000000284, 2.931393742012994963, -1.775000000000000133 ) ) ;
#5147 = AXIS2_PLACEMENT_3D ( 'NONE', #2749, #3964, #14 ) ;
#5148 = CARTESIAN_POINT ( 'NONE',  ( 45.34943176543428933, 3.213191952278669383, -0.2236610021683869964 ) ) ;
#5149 = CARTESIAN_POINT ( 'NONE',  ( 35.39573618136387978, 3.036587672718284114, -0.07846237501416923610 ) ) ;
#5150 = CARTESIAN_POINT ( 'NONE',  ( 29.46098233198929250, 3.067956634519895864, -1.308053824410499999 ) ) ;
#5151 = CARTESIAN_POINT ( 'NONE',  ( 45.85991363629658224, 3.274481443143278714, 0.05477268468035544069 ) ) ;
#5152 = CARTESIAN_POINT ( 'NONE',  ( 47.96815109369812546, 2.852746921630005872, -0.4215907175353202363 ) ) ;
#5153 = CARTESIAN_POINT ( 'NONE',  ( 37.28776994896032448, 3.371957876448518743, 0.3964697422151226558 ) ) ;
#5154 = ORIENTED_EDGE ( 'NONE', *, *, #1842, .F. ) ;
#5155 = LINE ( 'NONE', #7112, #2222 ) ;
#5156 = CARTESIAN_POINT ( 'NONE',  ( 30.10898509200915640, 3.170596135301556817, 0.3266593461214435390 ) ) ;
#5157 = VERTEX_POINT ( 'NONE', #741 ) ;
#5158 = DIRECTION ( 'NONE',  ( -1.000000000000000000, 2.999999999999999839E-15, 7.000000000000000150E-15 ) ) ;
#5159 = PLANE ( 'NONE',  #5383 ) ;
#5160 = CARTESIAN_POINT ( 'NONE',  ( 33.87923264191195472, 3.731499913381734590, -0.08302773161886725650 ) ) ;
#5161 = VERTEX_POINT ( 'NONE', #6026 ) ;
#5162 = ORIENTED_EDGE ( 'NONE', *, *, #2859, .F. ) ;
#5163 = DIRECTION ( 'NONE',  ( 0.000000000000000000, 2.247051134684983562E-17, 1.000000000000000000 ) ) ;
#5164 = CARTESIAN_POINT ( 'NONE',  ( 47.09738204415085505, 2.990648716353072167, 0.2954304375120099801 ) ) ;
#5165 = ORIENTED_EDGE ( 'NONE', *, *, #7953, .T. ) ;
#5166 = CARTESIAN_POINT ( 'NONE',  ( 44.36521204881365321, 2.921811721437626908, -0.2386554814984844508 ) ) ;
#5167 = CARTESIAN_POINT ( 'NONE',  ( 33.16521200046231144, 3.590978199306088303, 0.2386580203657336086 ) ) ;
#5168 = CARTESIAN_POINT ( 'NONE',  ( 25.12796934925541237, 2.195972545156074318, -4.289924859395759071 ) ) ;
#5169 = ADVANCED_FACE ( 'NONE', ( #2807 ), #3265, .T. ) ;
#5170 = CARTESIAN_POINT ( 'NONE',  ( 29.86408901497064861, 3.095801483710253876, 1.268394263768993779 ) ) ;
#5171 = VERTEX_POINT ( 'NONE', #1517 ) ;
#5172 = DIRECTION ( 'NONE',  ( -2.999999999999999839E-15, -1.000000000000000000, -2.999999999999999839E-15 ) ) ;
#5173 = ORIENTED_EDGE ( 'NONE', *, *, #7885, .T. ) ;
#5174 = CARTESIAN_POINT ( 'NONE',  ( 49.29999999999999716, 3.981393742012995229, 1.474999999999999867 ) ) ;
#5175 = EDGE_CURVE ( 'NONE', #2216, #7538, #697, .T. ) ;
#5176 = CARTESIAN_POINT ( 'NONE',  ( 36.48545120597307090, 3.396329535221564999, -0.1969940958249422058 ) ) ;
#5177 = VECTOR ( 'NONE', #2822, 1000.000000000000000 ) ;
#5178 = EDGE_CURVE ( 'NONE', #680, #7930, #7970, .T. ) ;
#5179 = CARTESIAN_POINT ( 'NONE',  ( 48.70000000000000284, 3.981393742013000114, -0.1249999999999974049 ) ) ;
#5180 = ORIENTED_EDGE ( 'NONE', *, *, #2730, .F. ) ;
#5181 = CARTESIAN_POINT ( 'NONE',  ( 40.13983503184110191, 3.941349690702264041, 0.5255024107532760835 ) ) ;
#5182 = PRESENTATION_LAYER_ASSIGNMENT (  '', '', ( #2358 ) ) ;
#5183 = VECTOR ( 'NONE', #163, 1000.000000000000000 ) ;
#5184 = SURFACE_STYLE_USAGE ( .BOTH. , #2613 ) ;
#5185 = CARTESIAN_POINT ( 'NONE',  ( 9.750000000000000000, -2.599491237367279694E-31, 6.808388610744110674E-14 ) ) ;
#5186 = CARTESIAN_POINT ( 'NONE',  ( 32.69854658570662309, 2.851019630124985049, 0.06783208943140121849 ) ) ;
#5187 = CARTESIAN_POINT ( 'NONE',  ( 41.14716105814763836, 3.049017311168183753, -0.1319734111817421063 ) ) ;
#5188 = CARTESIAN_POINT ( 'NONE',  ( 42.90111894300756745, 2.883739492546009586, 0.3032468032874187092 ) ) ;
#5189 = CARTESIAN_POINT ( 'NONE',  ( 29.32641739690356530, 3.618884989086213366, -1.245420415729740604 ) ) ;
#5190 = CARTESIAN_POINT ( 'NONE',  ( 45.56906100969094098, 3.286168805775237622, 0.1025864099607996793 ) ) ;
#5191 = AXIS2_PLACEMENT_3D ( 'NONE', #2066, #6033, #7977 ) ;
#5192 = CARTESIAN_POINT ( 'NONE',  ( 46.29541976154578720, 2.908533766271466980, -0.4492394956755222934 ) ) ;
#5193 = CARTESIAN_POINT ( 'NONE',  ( 39.69854513404408891, 3.495049105074923723, -0.3345815577752945802 ) ) ;
#5194 = CIRCLE ( 'NONE', #7365, 0.3000000000000016542 ) ;
#5195 = CIRCLE ( 'NONE', #6964, 8.549999999999995381 ) ;
#5196 = FACE_OUTER_BOUND ( 'NONE', #692, .T. ) ;
#5197 = CARTESIAN_POINT ( 'NONE',  ( 44.40756790410932098, 3.850725959884469418, 0.5569319571326956098 ) ) ;
#5198 = CARTESIAN_POINT ( 'NONE',  ( 50.39949548389100187, 4.631393742012989811, -0.1750000000000044853 ) ) ;
#5199 = CARTESIAN_POINT ( 'NONE',  ( 34.72110328229668141, 3.666908501725217207, 0.04495506328124317108 ) ) ;
#5200 = CARTESIAN_POINT ( 'NONE',  ( 0.000000000000000000, 4.400000000000001243, -10.00000000000000000 ) ) ;
#5201 = CARTESIAN_POINT ( 'NONE',  ( 36.52325718064203386, 3.058173214436426868, -0.4577403775619083293 ) ) ;
#5202 = VECTOR ( 'NONE', #7760, 1000.000000000000000 ) ;
#5203 = ORIENTED_EDGE ( 'NONE', *, *, #3220, .T. ) ;
#5204 = ORIENTED_EDGE ( 'NONE', *, *, #685, .T. ) ;
#5205 = CYLINDRICAL_SURFACE ( 'NONE', #3020, 0.2999999999999999334 ) ;
#5206 = CARTESIAN_POINT ( 'NONE',  ( 47.21748633108274618, 3.373069724619973009, 0.3124592270551822537 ) ) ;
#5207 = ORIENTED_EDGE ( 'NONE', *, *, #6898, .T. ) ;
#5208 = CARTESIAN_POINT ( 'NONE',  ( 34.14090167526322261, 3.813324670559982366, -0.5943314183275281160 ) ) ;
#5209 = CARTESIAN_POINT ( 'NONE',  ( 38.92110328229242100, 2.997904001735836044, -0.3220658004685756359 ) ) ;
#5210 = CARTESIAN_POINT ( 'NONE',  ( 27.41080196118424084, 3.049061285364879748, -2.697089969102354878 ) ) ;
#5211 = EDGE_CURVE ( 'NONE', #3145, #5523, #7821, .T. ) ;
#5212 = CARTESIAN_POINT ( 'NONE',  ( 47.55700098739873027, 3.703039156736811055, 0.3807159154064483908 ) ) ;
#5213 = EDGE_LOOP ( 'NONE', ( #360, #3374 ) ) ;
#5214 = VECTOR ( 'NONE', #6652, 1000.000000000000000 ) ;
#5215 = DIRECTION ( 'NONE',  ( -2.783159565502900135E-15, -1.000000000000000000, -2.999999999999999839E-15 ) ) ;
#5216 = CARTESIAN_POINT ( 'NONE',  ( 35.70354274944339323, 3.099563086529145917, -0.1767221212220518034 ) ) ;
#5217 = CARTESIAN_POINT ( 'NONE',  ( 49.09999999999999432, 1.931393742013005177, -1.824999999999999956 ) ) ;
#5218 = CARTESIAN_POINT ( 'NONE',  ( 51.00000000000000000, 2.081393742012989989, 0.4499999999999839684 ) ) ;
#5219 = VECTOR ( 'NONE', #2704, 1000.000000000000000 ) ;
#5220 = CARTESIAN_POINT ( 'NONE',  ( 45.39018537787168839, 2.819905315264721768, -0.1631237060645675530 ) ) ;
#5221 = ORIENTED_EDGE ( 'NONE', *, *, #4428, .F. ) ;
#5222 = CARTESIAN_POINT ( 'NONE',  ( 38.54589931039897976, 3.173365996472353512, -0.4751061834966399666 ) ) ;
#5223 = CARTESIAN_POINT ( 'NONE',  ( 24.93596684359881976, 1.727156155566249796, 4.307758161878714631 ) ) ;
#5224 = ORIENTED_EDGE ( 'NONE', *, *, #5965, .F. ) ;
#5225 = DIRECTION ( 'NONE',  ( 0.000000000000000000, 0.000000000000000000, 1.000000000000000000 ) ) ;
#5226 = CARTESIAN_POINT ( 'NONE',  ( 24.90506675399730696, 1.727156155566248685, -3.957708509760041515 ) ) ;
#5227 = CARTESIAN_POINT ( 'NONE',  ( 31.42326618219317069, 3.484311031731369912, -0.01482580563443076059 ) ) ;
#5228 = CARTESIAN_POINT ( 'NONE',  ( 44.30112510716094931, 3.305463828905795154, -0.4779674089000333637 ) ) ;
#5229 = CARTESIAN_POINT ( 'NONE',  ( 31.23740271875277585, 3.616396209625593272, 0.2749584008940114677 ) ) ;
#5230 = CARTESIAN_POINT ( 'NONE',  ( 48.06913499914221433, 3.655839911479909610, -0.4244838980722251409 ) ) ;
#5231 = CARTESIAN_POINT ( 'NONE',  ( 48.70000000000000284, 4.381393742013000470, 0.3750000000000069944 ) ) ;
#5232 = CARTESIAN_POINT ( 'NONE',  ( 32.31007928061278278, 3.557626007881323993, -0.3061561758464791394 ) ) ;
#5233 = PLANE ( 'NONE',  #2887 ) ;
#5234 = ADVANCED_FACE ( 'NONE', ( #2726 ), #185, .F. ) ;
#5235 = CARTESIAN_POINT ( 'NONE',  ( 31.39014596684894798, 3.419575991029006445, -0.4361060245184301687 ) ) ;
#5236 = CARTESIAN_POINT ( 'NONE',  ( 42.22648604090120017, 2.464169820428359525, -0.1978032339468256406 ) ) ;
#5237 = CYLINDRICAL_SURFACE ( 'NONE', #5626, 9.750000000000000000 ) ;
#5238 = LINE ( 'NONE', #3330, #8171 ) ;
#5239 = CYLINDRICAL_SURFACE ( 'NONE', #1632, 0.2000000000000008715 ) ;
#5240 = CYLINDRICAL_SURFACE ( 'NONE', #5147, 0.1999999999999999833 ) ;
#5241 = ADVANCED_FACE ( 'NONE', ( #2022 ), #7213, .F. ) ;
#5242 = ORIENTED_EDGE ( 'NONE', *, *, #2986, .F. ) ;
#5243 = ORIENTED_EDGE ( 'NONE', *, *, #783, .T. ) ;
#5244 = CARTESIAN_POINT ( 'NONE',  ( 45.34943176543428933, 3.299595531747342658, 0.2236610021684352911 ) ) ;
#5245 = ORIENTED_EDGE ( 'NONE', *, *, #7160, .F. ) ;
#5246 = CARTESIAN_POINT ( 'NONE',  ( 39.38776994895974326, 3.301348805301261180, -0.4105147597247298386 ) ) ;
#5247 = CARTESIAN_POINT ( 'NONE',  ( 43.58776991527756905, 3.578459235657315052, -0.2584896670904497928 ) ) ;
#5248 = CARTESIAN_POINT ( 'NONE',  ( 24.80008062136687386, 1.515012892304944847, -4.518707558214194897 ) ) ;
#5249 = CARTESIAN_POINT ( 'NONE',  ( 44.40756790410932098, 2.662061524141547952, -0.5569319571326342144 ) ) ;
#5250 = DIRECTION ( 'NONE',  ( -2.999999999999999839E-15, -1.000000000000000000, -2.999999999999999839E-15 ) ) ;
#5251 = FACE_OUTER_BOUND ( 'NONE', #3000, .T. ) ;
#5252 = AXIS2_PLACEMENT_3D ( 'NONE', #3338, #6607, #813 ) ;
#5253 = VERTEX_POINT ( 'NONE', #5902 ) ;
#5254 = CARTESIAN_POINT ( 'NONE',  ( 48.70000000000000284, 4.381393742013000470, -0.8750000000000000000 ) ) ;
#5255 = CARTESIAN_POINT ( 'NONE',  ( 35.43445227326328961, 2.883739501984231346, 0.3032467868258593158 ) ) ;
#5256 = CARTESIAN_POINT ( 'NONE',  ( 51.35000000000000142, 1.831393742012989989, 0.4499999999999804712 ) ) ;
#5257 = LINE ( 'NONE', #7132, #570 ) ;
#5258 = CARTESIAN_POINT ( 'NONE',  ( 48.70000000000000284, 2.531393742012999937, 0.4249999999999999889 ) ) ;
#5259 = VERTEX_POINT ( 'NONE', #113 ) ;
#5260 = CARTESIAN_POINT ( 'NONE',  ( 42.47316836610634283, 3.143643062566349400, -0.8559233146468130382 ) ) ;
#5261 = FACE_OUTER_BOUND ( 'NONE', #3871, .T. ) ;
#5262 = VERTEX_POINT ( 'NONE', #2684 ) ;
#5263 = CARTESIAN_POINT ( 'NONE',  ( 51.70000000000000284, 0.4213937420129880151, 0.8249999999999739764 ) ) ;
#5264 = CARTESIAN_POINT ( 'NONE',  ( 25.10623974214593801, 1.727156155566249129, -3.934021602179249566 ) ) ;
#5265 = CARTESIAN_POINT ( 'NONE',  ( 33.37020974092649794, 3.020536819543884643, -0.01406576274270774328 ) ) ;
#5266 = CARTESIAN_POINT ( 'NONE',  ( 43.21256597496826402, 2.781287557595339521, 0.08302774416284026959 ) ) ;
#5267 = CARTESIAN_POINT ( 'NONE',  ( 48.70000000000000284, 4.381393742012995141, 0.8750000000000000000 ) ) ;
#5268 = CARTESIAN_POINT ( 'NONE',  ( 48.12918411396464080, 3.256393742013003134, -0.8249999999999989564 ) ) ;
#5269 = CARTESIAN_POINT ( 'NONE',  ( 45.88770661132601703, 2.875472838586447200, 0.06163579886229433868 ) ) ;
#5270 = CARTESIAN_POINT ( 'NONE',  ( 43.89854515320821804, 3.661733471593864309, -0.06783008095322833053 ) ) ;
#5271 = DIRECTION ( 'NONE',  ( 2.783159565502900135E-15, 1.000000000000000000, 2.999999999999999839E-15 ) ) ;
#5272 = CARTESIAN_POINT ( 'NONE',  ( 38.18617227518772239, 2.450400773209440164, 0.2558971556467893316 ) ) ;
#5273 = ADVANCED_FACE ( 'NONE', ( #7858 ), #4017, .T. ) ;
#5274 = LINE ( 'NONE', #3920, #1603 ) ;
#5275 = CARTESIAN_POINT ( 'NONE',  ( 42.18776994895922172, 3.666908501718558977, 0.04495506327782026329 ) ) ;
#5276 = CARTESIAN_POINT ( 'NONE',  ( 29.46525526258374228, 3.284862059637096099, -0.8813730859758099889 ) ) ;
#5277 = DIRECTION ( 'NONE',  ( -1.000000000000000000, 2.666144858838236174E-32, -6.982962677686267499E-15 ) ) ;
#5278 = VECTOR ( 'NONE', #5979, 1000.000000000000000 ) ;
#5279 = EDGE_CURVE ( 'NONE', #528, #5595, #6580, .T. ) ;
#5280 = VERTEX_POINT ( 'NONE', #5938 ) ;
#5281 = ORIENTED_EDGE ( 'NONE', *, *, #4186, .T. ) ;
#5282 = SURFACE_STYLE_USAGE ( .BOTH. , #2011 ) ;
#5283 = CARTESIAN_POINT ( 'NONE',  ( 47.22206160005102760, 3.804960640372772041, 0.2807131932971279609 ) ) ;
#5284 = EDGE_CURVE ( 'NONE', #7552, #99, #7894, .T. ) ;
#5285 = EDGE_LOOP ( 'NONE', ( #7922, #1334, #1686, #3816 ) ) ;
#5286 = FACE_OUTER_BOUND ( 'NONE', #2273, .T. ) ;
#5287 = CARTESIAN_POINT ( 'NONE',  ( 27.41080196118424794, 3.849061285364872464, -2.697089969102350437 ) ) ;
#5288 = CARTESIAN_POINT ( 'NONE',  ( 32.74086158356649179, 2.442287546214406913, 0.02639055785035745658 ) ) ;
#5289 = CARTESIAN_POINT ( 'NONE',  ( 48.16494492839986208, 3.256393742012991588, 0.4250000000000077049 ) ) ;
#5290 = DIRECTION ( 'NONE',  ( -1.000000000000000000, 2.999999999999999839E-15, 7.000000000000000150E-15 ) ) ;
#5291 = ORIENTED_EDGE ( 'NONE', *, *, #2660, .T. ) ;
#5292 = LINE ( 'NONE', #4689, #211 ) ;
#5293 = EDGE_CURVE ( 'NONE', #7202, #1969, #8136, .T. ) ;
#5294 = CARTESIAN_POINT ( 'NONE',  ( 34.81256597706398992, 3.339421487545249700, 0.4751061834863989364 ) ) ;
#5295 = CARTESIAN_POINT ( 'NONE',  ( 48.13059057104411664, 3.256393742013003134, -0.4249999999999989897 ) ) ;
#5296 = DIRECTION ( 'NONE',  ( -0.4999999999999941158, -1.098076211353347069E-15, 0.8660254037844420383 ) ) ;
#5297 = LINE ( 'NONE', #1519, #3706 ) ;
#5298 = EDGE_LOOP ( 'NONE', ( #6827, #5767, #1243, #6544 ) ) ;
#5299 = CARTESIAN_POINT ( 'NONE',  ( 41.46106315534724018, 2.387336089715123677, 0.2205946510712072650 ) ) ;
#5300 = VERTEX_POINT ( 'NONE', #5608 ) ;
#5301 = CARTESIAN_POINT ( 'NONE',  ( 42.03187846737970546, 3.661733455982842944, -0.06783006277898963321 ) ) ;
#5302 = DIRECTION ( 'NONE',  ( 1.808388860358959711E-15, 0.9863939238321444147, -0.1643989873053530726 ) ) ;
#5303 =( GEOMETRIC_REPRESENTATION_CONTEXT ( 3 ) GLOBAL_UNCERTAINTY_ASSIGNED_CONTEXT ( ( #2734 ) ) GLOBAL_UNIT_ASSIGNED_CONTEXT ( ( #4740, #3474, #8015 ) ) REPRESENTATION_CONTEXT ( 'NONE', 'WORKASPACE' ) );
#5304 = CARTESIAN_POINT ( 'NONE',  ( 42.90111894300756035, 3.629047991480016222, -0.3032468032873360531 ) ) ;
#5305 = CARTESIAN_POINT ( 'NONE',  ( 39.43687608280029622, 3.413224397455574710, 0.1767221212202653713 ) ) ;
#5306 = EDGE_CURVE ( 'NONE', #4512, #528, #4735, .T. ) ;
#5307 = CARTESIAN_POINT ( 'NONE',  ( 33.56778560552828594, 3.629047982947137374, -0.3032467866360856745 ) ) ;
#5308 = CARTESIAN_POINT ( 'NONE',  ( 29.57109102683646995, 3.519078362801753901, -0.3529686333063029591 ) ) ;
#5309 = CARTESIAN_POINT ( 'NONE',  ( 47.96815109369812546, 2.852746921630005872, -0.4215907175353202363 ) ) ;
#5310 = CARTESIAN_POINT ( 'NONE',  ( 51.29999999999999716, 3.981393742012995229, 0.1249999999999873990 ) ) ;
#5311 = PRESENTATION_LAYER_ASSIGNMENT (  '', '', ( #603 ) ) ;
#5312 = ADVANCED_FACE ( 'NONE', ( #8143 ), #6831, .T. ) ;
#5313 = CARTESIAN_POINT ( 'NONE',  ( 34.72110328229667431, 2.845878982300857896, -0.04495506328104605792 ) ) ;
#5314 = DIRECTION ( 'NONE',  ( 0.000000000000000000, 0.000000000000000000, -1.000000000000000000 ) ) ;
#5315 = VECTOR ( 'NONE', #2188, 1000.000000000000000 ) ;
#5316 = CYLINDRICAL_SURFACE ( 'NONE', #4765, 8.349999999999999645 ) ;
#5317 = CARTESIAN_POINT ( 'NONE',  ( 32.12775811881575549, 4.125473337404947927, -0.2206155430235317294 ) ) ;
#5318 = LINE ( 'NONE', #6043, #5888 ) ;
#5319 = AXIS2_PLACEMENT_3D ( 'NONE', #4181, #2918, #6647 ) ;
#5321 = ADVANCED_FACE ( 'NONE', ( #1091, #2179 ), #2885, .T. ) ;
#5320 = AXIS2_PLACEMENT_3D ( 'NONE', #946, #7375, #5375 ) ;
#5322 = CARTESIAN_POINT ( 'NONE',  ( 44.36521204881365321, 2.921811721437626908, -0.2386554814984844508 ) ) ;
#5323 = CARTESIAN_POINT ( 'NONE',  ( 30.28189411554972921, 3.365512219611209055, -0.1570486333574945825 ) ) ;
#5324 = CARTESIAN_POINT ( 'NONE',  ( 48.59999999999999432, 3.981393742013000114, -1.125000000000000000 ) ) ;
#5325 = AXIS2_PLACEMENT_3D ( 'NONE', #993, #1804, #526 ) ;
#5326 = CARTESIAN_POINT ( 'NONE',  ( 29.46525526258375649, 3.227925424389010534, 0.8813730859760806613 ) ) ;
#5327 = EDGE_CURVE ( 'NONE', #5575, #16, #4825, .T. ) ;
#5328 = VERTEX_POINT ( 'NONE', #4917 ) ;
#5329 = ORIENTED_EDGE ( 'NONE', *, *, #2482, .T. ) ;
#5330 = CARTESIAN_POINT ( 'NONE',  ( 47.64022834722366895, 3.687606905306718197, 0.3954979900233663859 ) ) ;
#5331 = DIRECTION ( 'NONE',  ( -7.000000000000000150E-15, 2.999999999999999839E-15, -1.000000000000000000 ) ) ;
#5332 = ORIENTED_EDGE ( 'NONE', *, *, #429, .F. ) ;
#5333 = EDGE_CURVE ( 'NONE', #3494, #528, #7524, .T. ) ;
#5334 = FACE_OUTER_BOUND ( 'NONE', #8176, .T. ) ;
#5335 = CARTESIAN_POINT ( 'NONE',  ( -1.333072429419117847E-33, -0.05000000000000000278, -9.308795021286259977E-48 ) ) ;
#5336 = PRESENTATION_LAYER_ASSIGNMENT (  '', '', ( #620 ) ) ;
#5337 = DIRECTION ( 'NONE',  ( 0.000000000000000000, -1.000000000000000000, -2.959071182860270373E-15 ) ) ;
#5338 = EDGE_LOOP ( 'NONE', ( #7808, #561, #6197, #7610 ) ) ;
#5339 = CARTESIAN_POINT ( 'NONE',  ( 45.60981462212834714, 3.619905315264720702, -0.1631237060645720494 ) ) ;
#5340 = AXIS2_PLACEMENT_3D ( 'NONE', #479, #4904, #4277 ) ;
#5341 = CARTESIAN_POINT ( 'NONE',  ( 43.72158915063902640, 2.453007726351212003, -0.3186252713889070054 ) ) ;
#5342 = CARTESIAN_POINT ( 'NONE',  ( 47.40497880506698181, 3.595668386434996311, -0.3673089542106004468 ) ) ;
#5343 = EDGE_CURVE ( 'NONE', #6612, #910, #6642, .T. ) ;
#5344 = DIRECTION ( 'NONE',  ( 0.000000000000000000, 2.999999999999999839E-15, -1.000000000000000000 ) ) ;
#5345 = CARTESIAN_POINT ( 'NONE',  ( -1.333072429419117847E-33, -0.05000000000000000278, -9.308795021286259977E-48 ) ) ;
#5346 = VERTEX_POINT ( 'NONE', #8059 ) ;
#5347 = CARTESIAN_POINT ( 'NONE',  ( 45.88770661132602413, 3.637314645439560845, -0.06163579886225355881 ) ) ;
#5348 = ORIENTED_EDGE ( 'NONE', *, *, #6070, .F. ) ;
#5349 = CARTESIAN_POINT ( 'NONE',  ( 45.14333685535501672, 3.417866292783676041, -0.3984402521576851375 ) ) ;
#5350 = ORIENTED_EDGE ( 'NONE', *, *, #5807, .T. ) ;
#5351 = FACE_OUTER_BOUND ( 'NONE', #1337, .T. ) ;
#5352 = CARTESIAN_POINT ( 'NONE',  ( 38.70111893992810792, 3.305472222831886242, -0.4779341995311228719 ) ) ;
#5353 = CARTESIAN_POINT ( 'NONE',  ( 34.07316836496740109, 2.400470427586203215, 0.1127506779861608965 ) ) ;
#5354 = CARTESIAN_POINT ( 'NONE',  ( 32.43691299390174976, 3.242285537050210387, 0.2358018173064163336 ) ) ;
#5355 =( BOUNDED_SURFACE ( )  B_SPLINE_SURFACE ( 3, 3, ( 
 ( #6297, #3743, #5703, #3192, #6339, #544, #3824, #8285 ),
 ( #1308, #6420, #2446, #3113, #2568, #5786, #1945, #1867 ),
 ( #6923, #4376, #1226, #3777, #584, #8329, #504, #8369 ),
 ( #2527, #3150, #5661, #3075, #5139, #5748, #2485, #5097 ),
 ( #7700, #5053, #5013, #8244, #7744, #4491, #7618, #6971 ),
 ( #1820, #1187, #4454, #7659, #4415, #7013, #1908, #7052 ),
 ( #1266, #2266, #4283, #1127, #6102, #6237, #8187, #5560 ) ),
 .UNSPECIFIED., .T., .F., .F. ) 
 B_SPLINE_SURFACE_WITH_KNOTS ( ( 4, 3, 4 ),
 ( 4, 2, 2, 4 ),
 ( 0.000000000000000000, 0.5000000000000000000, 1.000000000000000000 ),
 ( 0.000000000000000000, 0.5000000000000000000, 0.7500000000000000000, 1.000000000000000000 ),
 .UNSPECIFIED. ) 
 GEOMETRIC_REPRESENTATION_ITEM ( )  RATIONAL_B_SPLINE_SURFACE ( (
 ( 1.000000000000000000, 1.000000000000000000, 1.000000000000000000, 1.000000000000000000, 1.000000000000000000, 1.000000000000000000, 1.000000000000000000, 1.000000000000000000),
 ( 0.3333333333333333703, 0.3333333333333333703, 0.3333333333333333703, 0.3333333333333333703, 0.3333333333333333703, 0.3333333333333333703, 0.3333333333333333703, 0.3333333333333333703),
 ( 0.3333333333333333703, 0.3333333333333333703, 0.3333333333333333703, 0.3333333333333333703, 0.3333333333333333703, 0.3333333333333333703, 0.3333333333333333703, 0.3333333333333333703),
 ( 1.000000000000000000, 1.000000000000000000, 1.000000000000000000, 1.000000000000000000, 1.000000000000000000, 1.000000000000000000, 1.000000000000000000, 1.000000000000000000),
 ( 0.3333333333333333703, 0.3333333333333333703, 0.3333333333333333703, 0.3333333333333333703, 0.3333333333333333703, 0.3333333333333333703, 0.3333333333333333703, 0.3333333333333333703),
 ( 0.3333333333333333703, 0.3333333333333333703, 0.3333333333333333703, 0.3333333333333333703, 0.3333333333333333703, 0.3333333333333333703, 0.3333333333333333703, 0.3333333333333333703),
 ( 1.000000000000000000, 1.000000000000000000, 1.000000000000000000, 1.000000000000000000, 1.000000000000000000, 1.000000000000000000, 1.000000000000000000, 1.000000000000000000) ) ) 
 REPRESENTATION_ITEM ( '' )  SURFACE ( )  );
#5356 = CARTESIAN_POINT ( 'NONE',  ( 37.92376106968771410, 3.729702732151255251, 0.1657732618569499605 ) ) ;
#5357 = CARTESIAN_POINT ( 'NONE',  ( 29.25444561345223704, 3.831297474504734346, -0.8796041606767293075 ) ) ;
#5358 = CARTESIAN_POINT ( 'NONE',  ( 47.58437217402997277, 2.821353654832229108, -0.7918693829726870526 ) ) ;
#5359 = CARTESIAN_POINT ( 'NONE',  ( 48.70000000000000995, 3.256393742013003134, -0.6249999999999985567 ) ) ;
#5360 = B_SPLINE_CURVE_WITH_KNOTS ( 'NONE', 3,
 ( #3120, #6256, #6892, #7668, #1790, #1108 ),
 .UNSPECIFIED., .F., .F.,
 ( 4, 2, 4 ),
 ( -2.449657518566614937E-06, 0.0001408385557132925034, 0.0002841267689451516354 ),
 .UNSPECIFIED. ) ;
#5361 = CARTESIAN_POINT ( 'NONE',  ( 33.58952227757595921, 3.365608239455090800, -0.003385698674760619694 ) ) ;
#5362 = DIRECTION ( 'NONE',  ( -7.000000000000000150E-15, 2.999999999999999839E-15, -1.000000000000000000 ) ) ;
#5363 = CARTESIAN_POINT ( 'NONE',  ( 49.85000000000000142, 4.831393742012989989, 1.074999999999999956 ) ) ;
#5364 = CARTESIAN_POINT ( 'NONE',  ( 29.45944211630342124, 2.892674059611622717, 1.150553107503537120 ) ) ;
#5365 = CARTESIAN_POINT ( 'NONE',  ( 42.07423502829298911, 2.442328351647225837, 0.02644617077584467471 ) ) ;
#5366 = CARTESIAN_POINT ( 'NONE',  ( 51.39999999999999858, 1.831393742012989989, 0.4499999999999804712 ) ) ;
#5367 = ADVANCED_FACE ( 'NONE', ( #8105 ), #4196, .T. ) ;
#5368 = CARTESIAN_POINT ( 'NONE',  ( 33.78776995121341287, 3.301348803666412035, -0.4105147599304630468 ) ) ;
#5369 = CARTESIAN_POINT ( 'NONE',  ( 30.53038628994630344, 3.156988296218427692, -0.3919763807071551254 ) ) ;
#5370 = DIRECTION ( 'NONE',  ( 0.000000000000000000, 0.000000000000000000, -1.000000000000000000 ) ) ;
#5371 = EDGE_LOOP ( 'NONE', ( #5389, #7612, #4182, #4910, #4410, #1032, #7579, #2353, #3830, #2285, #6792, #7424 ) ) ;
#5372 = CARTESIAN_POINT ( 'NONE',  ( 45.72090419246116966, 4.046111984653339100, -0.1295575336905726571 ) ) ;
#5373 = FACE_OUTER_BOUND ( 'NONE', #4960, .T. ) ;
#5374 = ORIENTED_EDGE ( 'NONE', *, *, #4988, .F. ) ;
#5375 = DIRECTION ( 'NONE',  ( 0.5490731106416363305, -0.1824421337414199595, -0.8156185303229660510 ) ) ;
#5376 = B_SPLINE_CURVE_WITH_KNOTS ( 'NONE', 3,
 ( #3552, #1676, #2924, #3596, #6190, #5514, #2306, #4236, #4864, #7471, #6826, #1042, #8100, #3194, #2646, #2686, #114, #5220 ),
 .UNSPECIFIED., .F., .F.,
 ( 4, 2, 2, 2, 2, 2, 2, 2, 4 ),
 ( 0.02102900256225530631, 0.02372079054736778159, 0.02641257853248025339, 0.03179615450270520394, 0.04256330644315510503, 0.06409761032405490722, 0.09748329868837665724, 0.1141761428705375392, 0.1308689870526984211 ),
 .UNSPECIFIED. ) ;
#5377 = DIRECTION ( 'NONE',  ( -1.000000000000000000, 0.000000000000000000, 0.000000000000000000 ) ) ;
#5378 = ORIENTED_EDGE ( 'NONE', *, *, #8116, .T. ) ;
#5379 = CARTESIAN_POINT ( 'NONE',  ( 27.41080196118424439, 3.449061285364876550, -2.697089969102354434 ) ) ;
#5380 = CARTESIAN_POINT ( 'NONE',  ( 40.49042773635246562, 3.228420756770043365, -0.5007191693807003796 ) ) ;
#5381 = CARTESIAN_POINT ( 'NONE',  ( 47.48098989623284183, 3.202708356862089989, -0.3740124348085139827 ) ) ;
#5382 = PLANE ( 'NONE',  #3509 ) ;
#5383 = AXIS2_PLACEMENT_3D ( 'NONE', #6358, #3248, #49 ) ;
#5384 = CARTESIAN_POINT ( 'NONE',  ( 47.93676817398024070, 3.260644150974855826, 0.8210227454707604844 ) ) ;
#5385 = EDGE_CURVE ( 'NONE', #4991, #3604, #3856, .T. ) ;
#5386 = VECTOR ( 'NONE', #6707, 1000.000000000000000 ) ;
#5387 = VERTEX_POINT ( 'NONE', #2974 ) ;
#5388 = CARTESIAN_POINT ( 'NONE',  ( 48.16494492839986208, 3.256393742012991588, 0.4250000000000077049 ) ) ;
#5389 = ORIENTED_EDGE ( 'NONE', *, *, #8040, .F. ) ;
#5390 = CARTESIAN_POINT ( 'NONE',  ( 39.69854513404409602, 3.017738378951121625, 0.3345815577754220338 ) ) ;
#5391 = ORIENTED_EDGE ( 'NONE', *, *, #330, .T. ) ;
#5392 = DIRECTION ( 'NONE',  ( -2.999999999999999839E-15, -1.000000000000000000, -2.999999999999999839E-15 ) ) ;
#5393 = CARTESIAN_POINT ( 'NONE',  ( 42.27923264372959267, 3.173365996461059435, -0.4751061835043384196 ) ) ;
#5394 = EDGE_CURVE ( 'NONE', #4135, #680, #2223, .T. ) ;
#5395 = CIRCLE ( 'NONE', #2965, 8.349999999999999645 ) ;
#5396 = SHAPE_REPRESENTATION ( 'AS02008MR-2-LWC30', ( #2081 ), #3676 ) ;
#5397 = CARTESIAN_POINT ( 'NONE',  ( 36.15981937421604897, 3.956448657279272751, -0.4203188990686733129 ) ) ;
#5398 = CARTESIAN_POINT ( 'NONE',  ( 32.47922799176163977, 3.651017620960768983, 0.2772433488874560537 ) ) ;
#5399 = CARTESIAN_POINT ( 'NONE',  ( 31.46345359729858870, 3.039353032228814033, 0.4157325300429706716 ) ) ;
#5400 = FACE_OUTER_BOUND ( 'NONE', #1897, .T. ) ;
#5401 = CARTESIAN_POINT ( 'NONE',  ( 47.58174716997854148, 3.221193643173045018, -0.3917177348014784233 ) ) ;
#5402 = DIRECTION ( 'NONE',  ( 0.8000000000000000444, -4.026527652402319696E-15, 0.5999999999999999778 ) ) ;
#5403 = CARTESIAN_POINT ( 'NONE',  ( 41.60560351131732659, 3.325451394310970255, 0.09352223811363016837 ) ) ;
#5404 = DIRECTION ( 'NONE',  ( -1.000000000000000000, 2.999999999999999839E-15, 7.000000000000000150E-15 ) ) ;
#5405 = DIRECTION ( 'NONE',  ( 0.5773502691896241767, 0.5773502691896250649, -0.5773502691896281735 ) ) ;
#5406 = CARTESIAN_POINT ( 'NONE',  ( 30.89994783366332243, 2.799424123531273345, -0.1023232800365298095 ) ) ;
#5407 = LINE ( 'NONE', #4592, #5219 ) ;
#5408 = CARTESIAN_POINT ( 'NONE',  ( 42.61572052286648216, 3.353054322024123124, -0.05592331459350485118 ) ) ;
#5409 = CARTESIAN_POINT ( 'NONE',  ( 30.05026737366558720, 3.429207802095743940, -1.117083532598715623 ) ) ;
#5410 = ORIENTED_EDGE ( 'NONE', *, *, #1325, .T. ) ;
#5411 = ORIENTED_EDGE ( 'NONE', *, *, #7956, .F. ) ;
#5412 = CARTESIAN_POINT ( 'NONE',  ( 47.95195805264941669, 3.260352645697688789, 0.4212970506571028784 ) ) ;
#5413 = CARTESIAN_POINT ( 'NONE',  ( 25.11044801639117807, 1.727156155566248907, 3.930836874687593241 ) ) ;
#5414 = ORIENTED_EDGE ( 'NONE', *, *, #6855, .T. ) ;
#5415 = DIRECTION ( 'NONE',  ( -1.000000000000000000, 2.999999999999999839E-15, 8.673617379884099407E-30 ) ) ;
#5416 = VECTOR ( 'NONE', #6885, 999.9999999999998863 ) ;
#5417 = PRESENTATION_STYLE_ASSIGNMENT (( #4184 ) ) ;
#5418 = ADVANCED_FACE ( 'NONE', ( #364 ), #3080, .T. ) ;
#5419 = LINE ( 'NONE', #4773, #7053 ) ;
#5420 = EDGE_LOOP ( 'NONE', ( #4112, #7644, #2167, #7764 ) ) ;
#5421 = DIRECTION ( 'NONE',  ( -0.8295410558727225325, -0.5584457329244880697, 4.592657824304940536E-14 ) ) ;
#5422 = VERTEX_POINT ( 'NONE', #5128 ) ;
#5423 = CARTESIAN_POINT ( 'NONE',  ( 44.36521204881365321, 2.921811721437626908, -0.2386554814984844508 ) ) ;
#5424 = CARTESIAN_POINT ( 'NONE',  ( 37.06778560659729038, 3.484633845850336531, -0.4227721033390055005 ) ) ;
#5425 = CARTESIAN_POINT ( 'NONE',  ( 48.06337017401778411, 3.655808495551590820, -0.8244543345036290383 ) ) ;
#5426 = CARTESIAN_POINT ( 'NONE',  ( 24.80008062136687386, 1.515012892304944847, -4.518707558214194897 ) ) ;
#5427 = EDGE_CURVE ( 'NONE', #4951, #7567, #3770, .T. ) ;
#5428 = LINE ( 'NONE', #4782, #8181 ) ;
#5429 = ORIENTED_EDGE ( 'NONE', *, *, #4859, .F. ) ;
#5430 = FACE_OUTER_BOUND ( 'NONE', #4948, .T. ) ;
#5431 = EDGE_CURVE ( 'NONE', #4224, #5083, #651, .T. ) ;
#5432 = CARTESIAN_POINT ( 'NONE',  ( 37.59854513404337695, 3.348843728336661663, -0.4004425066835425318 ) ) ;
#5433 = ORIENTED_EDGE ( 'NONE', *, *, #6635, .F. ) ;
#5434 = DIRECTION ( 'NONE',  ( -7.000000000000000150E-15, 2.999999999999999839E-15, -1.000000000000000000 ) ) ;
#5435 = CARTESIAN_POINT ( 'NONE',  ( 39.63445227326391773, 3.734327941553218899, 0.04907848081846436644 ) ) ;
#5436 = CARTESIAN_POINT ( 'NONE',  ( 40.20756836162473746, 4.070459132377542311, -0.02644617077739722447 ) ) ;
#5437 = CARTESIAN_POINT ( 'NONE',  ( 42.00650169854350224, 2.571437793271879713, -0.5255024107239785192 ) ) ;
#5438 = EDGE_CURVE ( 'NONE', #8065, #3540, #5633, .T. ) ;
#5439 = CARTESIAN_POINT ( 'NONE',  ( 51.29999999999999716, 4.381393742012995141, -1.474999999999999867 ) ) ;
#5440 = CARTESIAN_POINT ( 'NONE',  ( 47.22206160005102760, 2.707826843653228899, -0.2807131932971058119 ) ) ;
#5441 = FACE_OUTER_BOUND ( 'NONE', #531, .T. ) ;
#5442 = CARTESIAN_POINT ( 'NONE',  ( 41.98952190646642890, 3.259779704439149661, 0.1092139547823134799 ) ) ;
#5443 = PRODUCT_DEFINITION_FORMATION_WITH_SPECIFIED_SOURCE ( 'ANY', '', #779, .NOT_KNOWN. ) ;
#5444 = CARTESIAN_POINT ( 'NONE',  ( 48.70000000000000284, 2.531393742012999937, 0.4249999999999999889 ) ) ;
#5445 = CARTESIAN_POINT ( 'NONE',  ( 30.23054662516042512, 2.830785002918090765, 0.4991544489487648173 ) ) ;
#5446 = CARTESIAN_POINT ( 'NONE',  ( 44.05443621027013279, 3.666905103311934422, 0.04495295524815948879 ) ) ;
#5447 = CARTESIAN_POINT ( 'NONE',  ( 41.64340948601829240, 2.955146419932334290, 0.3061546596491403482 ) ) ;
#5448 = EDGE_CURVE ( 'NONE', #99, #4575, #2519, .T. ) ;
#5449 = CARTESIAN_POINT ( 'NONE',  ( 42.45618857310268623, 3.331225433021514082, -0.07962016501398717916 ) ) ;
#5450 = CARTESIAN_POINT ( 'NONE',  ( 31.20846482332843408, 3.065803646283093098, 0.07557559366991706273 ) ) ;
#5451 =( GEOMETRIC_REPRESENTATION_CONTEXT ( 3 ) GLOBAL_UNCERTAINTY_ASSIGNED_CONTEXT ( ( #5103 ) ) GLOBAL_UNIT_ASSIGNED_CONTEXT ( ( #3334, #5926, #139 ) ) REPRESENTATION_CONTEXT ( 'NONE', 'WORKASPACE' ) );
#5452 = EDGE_LOOP ( 'NONE', ( #7480, #5515, #34, #145 ) ) ;
#5453 = ORIENTED_EDGE ( 'NONE', *, *, #3470, .F. ) ;
#5454 = CIRCLE ( 'NONE', #4506, 9.549999999999998934 ) ;
#5455 = VECTOR ( 'NONE', #3996, 1000.000000000000000 ) ;
#5456 = CARTESIAN_POINT ( 'NONE',  ( 27.41080196118427637, 3.063726198661242517, 2.697089969102655083 ) ) ;
#5457 = CARTESIAN_POINT ( 'NONE',  ( 25.15818215678276815, 1.727156155566247797, 3.961214438503726676 ) ) ;
#5458 = VERTEX_POINT ( 'NONE', #7041 ) ;
#5459 = LINE ( 'NONE', #675, #7661 ) ;
#5460 = CARTESIAN_POINT ( 'NONE',  ( 31.23740271875276875, 2.896391274400502702, -0.2749584008937655533 ) ) ;
#5461 = PLANE ( 'NONE',  #1298 ) ;
#5462 = AXIS2_PLACEMENT_3D ( 'NONE', #4068, #1479, #7940 ) ;
#5463 = AXIS2_PLACEMENT_3D ( 'NONE', #3749, #4217, #1025 ) ;
#5464 = ORIENTED_EDGE ( 'NONE', *, *, #8116, .F. ) ;
#5465 = DIRECTION ( 'NONE',  ( -7.000000000000000150E-15, 2.999999999999999839E-15, -1.000000000000000000 ) ) ;
#5466 = ORIENTED_EDGE ( 'NONE', *, *, #1200, .T. ) ;
#5467 = CARTESIAN_POINT ( 'NONE',  ( 37.28776994896031738, 3.140829607577540816, -0.3964697422149614514 ) ) ;
#5468 = DIRECTION ( 'NONE',  ( 0.3022482188480728471, 0.8491185186067439217, -0.4331786647126749656 ) ) ;
#5469 = CARTESIAN_POINT ( 'NONE',  ( 43.00756836185566812, 3.282839912816012617, 0.8140653904259288476 ) ) ;
#5470 = B_SPLINE_CURVE_WITH_KNOTS ( 'NONE', 3,
 ( #1240, #4513, #3170, #7758, #598, #5114, #3207, #520, #6313, #5799, #7632, #8220, #8347, #10, #2584, #3045 ),
 .UNSPECIFIED., .F., .F.,
 ( 4, 2, 2, 2, 2, 2, 2, 4 ),
 ( 0.7941314441421509773, 0.8080660543021185305, 0.8220006644620860836, 0.8498698847820211899, 0.8777391051019562962, 0.8916737152619238493, 0.8986410203419077369, 0.9056083254218915135 ),
 .UNSPECIFIED. ) ;
#5471 = DIRECTION ( 'NONE',  ( 7.099163992599666699E-15, -3.098095383466039860E-48, -1.000000000000000000 ) ) ;
#5472 = CARTESIAN_POINT ( 'NONE',  ( 48.70000000000000284, 2.531393742012994608, 1.125000000000000000 ) ) ;
#5473 = EDGE_CURVE ( 'NONE', #3416, #4314, #6330, .T. ) ;
#5474 = LINE ( 'NONE', #8060, #483 ) ;
#5475 = ORIENTED_EDGE ( 'NONE', *, *, #7796, .F. ) ;
#5476 = DIRECTION ( 'NONE',  ( 0.000000000000000000, 0.000000000000000000, -1.000000000000000000 ) ) ;
#5477 = CIRCLE ( 'NONE', #4954, 9.549999999999998934 ) ;
#5478 = ORIENTED_EDGE ( 'NONE', *, *, #1600, .F. ) ;
#5479 = DIRECTION ( 'NONE',  ( 7.000000000000000150E-15, -2.999999999999999839E-15, 1.000000000000000000 ) ) ;
#5480 = CARTESIAN_POINT ( 'NONE',  ( 44.52110031537072388, 2.997912395661925355, -0.3220305819354415400 ) ) ;
#5481 = ORIENTED_EDGE ( 'NONE', *, *, #1100, .T. ) ;
#5482 = DIRECTION ( 'NONE',  ( -2.999999999999999839E-15, -1.000000000000000000, -2.891205793294680200E-15 ) ) ;
#5483 = CARTESIAN_POINT ( 'NONE',  ( 31.54561086861978936, 3.529331667134101291, -0.3817221612385012230 ) ) ;
#5484 = CARTESIAN_POINT ( 'NONE',  ( 42.22648604090120017, 2.464169820428359525, -0.1978032339468256406 ) ) ;
#5485 = CARTESIAN_POINT ( 'NONE',  ( 40.13983503184110191, 3.941349690702264041, 0.5255024107532760835 ) ) ;
#5486 = CARTESIAN_POINT ( 'NONE',  ( 42.78825587143583675, 2.937768527692771858, 0.8033859625926514925 ) ) ;
#5487 = CARTESIAN_POINT ( 'NONE',  ( 48.59999999999999432, 2.381393742013000026, -0.8249999999999999556 ) ) ;
#5488 = CARTESIAN_POINT ( 'NONE',  ( 48.08148697014151196, 2.855908129869693557, -0.4245480883327423238 ) ) ;
#5489 = DIRECTION ( 'NONE',  ( -4.109974682633932361E-15, -0.9863939238321433045, -0.1643989873053600392 ) ) ;
#5490 = ORIENTED_EDGE ( 'NONE', *, *, #2569, .T. ) ;
#5491 = CARTESIAN_POINT ( 'NONE',  ( 37.55618857312059333, 3.358590031210973326, 0.03866614968373689037 ) ) ;
#5492 = EDGE_CURVE ( 'NONE', #3048, #6868, #6408, .T. ) ;
#5493 = FILL_AREA_STYLE_COLOUR ( '', #1286 ) ;
#5494 = CARTESIAN_POINT ( 'NONE',  ( 26.42096956037474698, 3.088468552585060589, 2.899995006083331273 ) ) ;
#5495 = VECTOR ( 'NONE', #4054, 1000.000000000000114 ) ;
#5496 = DIRECTION ( 'NONE',  ( -7.000000000000000150E-15, 2.999999999999999839E-15, -1.000000000000000000 ) ) ;
#5497 = CARTESIAN_POINT ( 'NONE',  ( 41.64340948601829240, 2.955146419932334290, 0.3061546596491403482 ) ) ;
#5498 = CARTESIAN_POINT ( 'NONE',  ( 32.85443694365472567, 3.666908361468586453, 0.04495457197427234902 ) ) ;
#5499 = CARTESIAN_POINT ( 'NONE',  ( 43.38952190593451519, 3.336013911576392932, 0.07483168987796562366 ) ) ;
#5500 = CARTESIAN_POINT ( 'NONE',  ( 29.45944211630340703, 3.620113424414483916, -1.150553107503266226 ) ) ;
#5501 = LINE ( 'NONE', #8089, #482 ) ;
#5502 = CARTESIAN_POINT ( 'NONE',  ( 29.06678294523873873, 3.022268955258974099, 0.7547969660530798874 ) ) ;
#5503 = EDGE_CURVE ( 'NONE', #1415, #6182, #5003, .T. ) ;
#5504 = ORIENTED_EDGE ( 'NONE', *, *, #3941, .T. ) ;
#5505 = ORIENTED_EDGE ( 'NONE', *, *, #4968, .F. ) ;
#5506 = CARTESIAN_POINT ( 'NONE',  ( 52.10000000000000142, 0.4213937420129880151, 0.4249999999999709566 ) ) ;
#5507 = CARTESIAN_POINT ( 'NONE',  ( 48.70000000000000284, 3.981393742013000114, -0.3749999999999945599 ) ) ;
#5508 = EDGE_LOOP ( 'NONE', ( #3095, #4201, #7703, #862 ) ) ;
#5509 = EDGE_CURVE ( 'NONE', #3632, #4811, #4942, .T. ) ;
#5510 = CARTESIAN_POINT ( 'NONE',  ( 52.44999999999999574, 3.531393742012984838, 1.474999999999978106 ) ) ;
#5511 = CARTESIAN_POINT ( 'NONE',  ( 43.58776991527757616, 2.934328248368706760, 0.2584896670905227900 ) ) ;
#5512 = CARTESIAN_POINT ( 'NONE',  ( 45.88770661132602413, 3.637314645439560845, -0.06163579886225355881 ) ) ;
#5513 = VERTEX_POINT ( 'NONE', #574 ) ;
#5514 = CARTESIAN_POINT ( 'NONE',  ( 47.81272921212163851, 3.246004172627590112, -0.8152523333722578869 ) ) ;
#5515 = ORIENTED_EDGE ( 'NONE', *, *, #3242, .F. ) ;
#5516 = CARTESIAN_POINT ( 'NONE',  ( 35.18776994896078492, 3.514883482287408878, 0.3220658004636284821 ) ) ;
#5517 = CARTESIAN_POINT ( 'NONE',  ( 48.70000000000000284, 3.981393742013000114, -1.125000000000000000 ) ) ;
#5518 = CARTESIAN_POINT ( 'NONE',  ( 36.95492253799970683, 3.243322558341157791, -0.8641644380131762171 ) ) ;
#5519 = DIRECTION ( 'NONE',  ( 0.3022482188480728471, 0.8491185186067439217, -0.4331786647126749656 ) ) ;
#5520 = FILL_AREA_STYLE_COLOUR ( '', #883 ) ;
#5521 = ORIENTED_EDGE ( 'NONE', *, *, #5056, .F. ) ;
#5522 = DIRECTION ( 'NONE',  ( 1.734723475976807094E-17, 1.000000000000000000, -2.775557561562891043E-17 ) ) ;
#5523 = VERTEX_POINT ( 'NONE', #3811 ) ;
#5524 = FACE_OUTER_BOUND ( 'NONE', #1062, .T. ) ;
#5525 = FILL_AREA_STYLE ('',( #1008 ) ) ;
#5526 = CARTESIAN_POINT ( 'NONE',  ( 37.71572052372252415, 3.167736933432708124, -0.06790180698829148542 ) ) ;
#5527 = CARTESIAN_POINT ( 'NONE',  ( 37.13187846737673681, 3.474177341709358213, 0.3485276241937338426 ) ) ;
#5528 = CARTESIAN_POINT ( 'NONE',  ( 32.63445217500606077, 3.559640813376177881, 0.3726547313567596387 ) ) ;
#5529 = CARTESIAN_POINT ( 'NONE',  ( 38.19439648867528092, 4.026894274854778466, 0.4585325855183265409 ) ) ;
#5530 = AXIS2_PLACEMENT_3D ( 'NONE', #4931, #2942, #7396 ) ;
#5531 = DIRECTION ( 'NONE',  ( 0.000000000000000000, 0.000000000000000000, -1.000000000000000000 ) ) ;
#5532 = CARTESIAN_POINT ( 'NONE',  ( 52.44999999999999574, 2.081393742012989989, -0.9500000000000260458 ) ) ;
#5533 = CARTESIAN_POINT ( 'NONE',  ( 29.15152365470942541, 3.063726198661242961, 0.9947647195641120543 ) ) ;
#5534 = ORIENTED_EDGE ( 'NONE', *, *, #6836, .F. ) ;
#5535 = CARTESIAN_POINT ( 'NONE',  ( 42.70354274917158932, 3.492251172273799664, 0.01406539047923757030 ) ) ;
#5536 = AXIS2_PLACEMENT_3D ( 'NONE', #5598, #1762, #1848 ) ;
#5537 = CARTESIAN_POINT ( 'NONE',  ( 49.09999999999999432, 4.531393742013010595, -2.125000000000000000 ) ) ;
#5538 = CARTESIAN_POINT ( 'NONE',  ( 24.92666269028759274, 1.913232691234878713, 3.942640054616479706 ) ) ;
#5539 = FACE_OUTER_BOUND ( 'NONE', #6481, .T. ) ;
#5540 = DIRECTION ( 'NONE',  ( 0.3022482188480728471, -0.8491185186067461421, 0.4331786647126706358 ) ) ;
#5541 = CARTESIAN_POINT ( 'NONE',  ( 32.34791187957704039, 3.927934855395154301, -0.5188110055325519943 ) ) ;
#5542 = CARTESIAN_POINT ( 'NONE',  ( 32.07632621439920229, 3.400794839418272542, -0.4010631918966903187 ) ) ;
#5543 = CARTESIAN_POINT ( 'NONE',  ( 35.92285523974785377, 3.336013906999154788, 0.07483169096641283102 ) ) ;
#5544 = CARTESIAN_POINT ( 'NONE',  ( 48.70000000000000995, 3.256393742013003134, -0.8249999999999986233 ) ) ;
#5545 = DIRECTION ( 'NONE',  ( 0.000000000000000000, -1.000000000000000000, -0.000000000000000000 ) ) ;
#5546 = CARTESIAN_POINT ( 'NONE',  ( 36.12110328229557865, 2.934327941535011419, 0.2584897402771439978 ) ) ;
#5547 = DIRECTION ( 'NONE',  ( 7.000000000000000150E-15, -2.999999999999999839E-15, 1.000000000000000000 ) ) ;
#5548 = ORIENTED_EDGE ( 'NONE', *, *, #3443, .T. ) ;
#5549 = EDGE_CURVE ( 'NONE', #2511, #6689, #614, .T. ) ;
#5550 = VERTEX_POINT ( 'NONE', #3219 ) ;
#5551 = CARTESIAN_POINT ( 'NONE',  ( 46.00343750593334136, 3.629393801038190759, -0.03211500539742238175 ) ) ;
#5552 = EDGE_LOOP ( 'NONE', ( #2522, #3701, #6688, #7259, #6092, #918, #1650, #1284, #4449, #8269, #6776, #2296, #2512, #732, #2775, #6840 ) ) ;
#5553 = LINE ( 'NONE', #3668, #2910 ) ;
#5554 = PLANE ( 'NONE',  #8373 ) ;
#5555 = FILL_AREA_STYLE ('',( #2967 ) ) ;
#5556 = EDGE_CURVE ( 'NONE', #5387, #1670, #8276, .T. ) ;
#5557 = EDGE_LOOP ( 'NONE', ( #7849, #4248, #4250, #5782 ) ) ;
#5558 = VERTEX_POINT ( 'NONE', #2395 ) ;
#5559 = CARTESIAN_POINT ( 'NONE',  ( 42.18776994895922172, 3.666908501718558977, 0.04495506327782026329 ) ) ;
#5560 = CARTESIAN_POINT ( 'NONE',  ( 25.12796934925655634, 1.527156155566259610, 4.289924859392302281 ) ) ;
#5561 = CARTESIAN_POINT ( 'NONE',  ( 42.69315270826584197, 3.676712642162884848, 0.7000549141177790924 ) ) ;
#5562 = CARTESIAN_POINT ( 'NONE',  ( 24.79777794645278988, 2.276275192513360413, -4.520314237970371352 ) ) ;
#5563 = VECTOR ( 'NONE', #4533, 1000.000000000000114 ) ;
#5564 = CARTESIAN_POINT ( 'NONE',  ( 31.29761222151085676, 3.072160531346412427, 0.08148455955750145974 ) ) ;
#5565 = VERTEX_POINT ( 'NONE', #4327 ) ;
#5566 = CARTESIAN_POINT ( 'NONE',  ( 45.39018537787169549, 3.692882168761288941, 0.1631237060646168191 ) ) ;
#5567 = VERTEX_POINT ( 'NONE', #1130 ) ;
#5568 = CARTESIAN_POINT ( 'NONE',  ( 36.12110328229557155, 3.578459542491055245, -0.2584897402769664732 ) ) ;
#5569 = CARTESIAN_POINT ( 'NONE',  ( 35.61572052373340114, 3.364286849446228356, 0.02880559789985910960 ) ) ;
#5570 = CARTESIAN_POINT ( 'NONE',  ( 42.65443661556615496, 2.997904001932514717, -0.3220657997620509638 ) ) ;
#5571 = CARTESIAN_POINT ( 'NONE',  ( 31.85725665064701673, 3.708502212158333755, -0.2178331047555386035 ) ) ;
#5572 = DIRECTION ( 'NONE',  ( -1.000000000000000000, 2.999999999999999839E-15, 7.000000000000000150E-15 ) ) ;
#5573 = CARTESIAN_POINT ( 'NONE',  ( 52.10324405833580386, 2.972083397185389941, 1.530862068965499923 ) ) ;
#5574 = CARTESIAN_POINT ( 'NONE',  ( 48.50000000000000000, 3.981393742012995229, 0.9327350269189659260 ) ) ;
#5575 = VERTEX_POINT ( 'NONE', #6286 ) ;
#5576 = B_SPLINE_CURVE_WITH_KNOTS ( 'NONE', 3,
 ( #259, #2873, #2835, #5413, #5457, #3631, #6266, #1800, #2505, #3798 ),
 .UNSPECIFIED., .F., .F.,
 ( 4, 2, 2, 2, 4 ),
 ( 0.0006268592806612661560, 0.0007836727568310522703, 0.0009404862330008383845, 0.001097299709170624499, 0.001254113185340410613 ),
 .UNSPECIFIED. ) ;
#5577 = CARTESIAN_POINT ( 'NONE',  ( 35.23687608281505845, 3.492251172251236380, 0.01406539035935488145 ) ) ;
#5578 = CARTESIAN_POINT ( 'NONE',  ( 29.58491703248250460, 3.624479009764547843, -1.055561162576216017 ) ) ;
#5579 = CARTESIAN_POINT ( 'NONE',  ( 27.18191376433520290, 3.063726198661242517, 2.369050042655922006 ) ) ;
#5580 = EDGE_CURVE ( 'NONE', #3632, #1647, #3063, .T. ) ;
#5581 = CARTESIAN_POINT ( 'NONE',  ( 27.41080196118428347, 3.063726198661242517, 2.697089969102657303 ) ) ;
#5582 = CARTESIAN_POINT ( 'NONE',  ( 48.59999999999999432, 2.531393742012994608, 0.8249999999999999556 ) ) ;
#5583 = CARTESIAN_POINT ( 'NONE',  ( 33.78776995121341997, 3.211438680359668840, 0.4105147599306732675 ) ) ;
#5584 = CARTESIAN_POINT ( 'NONE',  ( 32.07632621439920939, 3.111992644607818104, 0.4010631918969244647 ) ) ;
#5585 = CARTESIAN_POINT ( 'NONE',  ( 30.74098916560602746, 3.721506780541057768, -0.02601479899478611676 ) ) ;
#5586 = FACE_OUTER_BOUND ( 'NONE', #4601, .T. ) ;
#5587 = EDGE_CURVE ( 'NONE', #235, #2934, #2779, .T. ) ;
#5588 = DIRECTION ( 'NONE',  ( 2.999999999999999839E-15, 1.000000000000000000, 2.999999999999999839E-15 ) ) ;
#5589 = CARTESIAN_POINT ( 'NONE',  ( 30.15800260955082024, 2.598432341951721458, 0.09163209346036799152 ) ) ;
#5590 = VERTEX_POINT ( 'NONE', #2920 ) ;
#5591 = ORIENTED_EDGE ( 'NONE', *, *, #599, .F. ) ;
#5592 = DIRECTION ( 'NONE',  ( -1.000000000000000000, 0.000000000000000000, -6.982962677686267499E-15 ) ) ;
#5593 = EDGE_CURVE ( 'NONE', #8349, #5346, #1631, .T. ) ;
#5594 = CARTESIAN_POINT ( 'NONE',  ( 30.16396079160434596, 3.072629805464619501, 1.018107820497261784 ) ) ;
#5595 = VERTEX_POINT ( 'NONE', #4952 ) ;
#5596 = CARTESIAN_POINT ( 'NONE',  ( 26.00179323022355504, 1.727156155566249351, 4.805509957458472314 ) ) ;
#5597 = PRODUCT_DEFINITION_FORMATION_WITH_SPECIFIED_SOURCE ( 'ANY', '', #2541, .NOT_KNOWN. ) ;
#5598 = CARTESIAN_POINT ( 'NONE',  ( 51.00000000000000000, 12.39639374201300015, -0.1999999999999849953 ) ) ;
#5599 = DIRECTION ( 'NONE',  ( 1.000000000000000000, -4.336808689941994070E-15, -7.228014483236655732E-15 ) ) ;
#5600 = ADVANCED_FACE ( 'NONE', ( #1037 ), #1118, .T. ) ;
#5601 = AXIS2_PLACEMENT_3D ( 'NONE', #3805, #7076, #3853 ) ;
#5602 = ORIENTED_EDGE ( 'NONE', *, *, #3197, .F. ) ;
#5603 = EDGE_LOOP ( 'NONE', ( #1765, #2932, #2337, #1170, #6644 ) ) ;
#5604 = CARTESIAN_POINT ( 'NONE',  ( 37.59854513404337695, 3.348843728336661663, -0.4004425066835425318 ) ) ;
#5605 = CARTESIAN_POINT ( 'NONE',  ( 27.29635786275973786, 3.063726198661242961, 2.533070005879288544 ) ) ;
#5606 = CARTESIAN_POINT ( 'NONE',  ( 32.12775811881575549, 2.387314146621142719, 0.2206155430237651260 ) ) ;
#5607 = VECTOR ( 'NONE', #1785, 1000.000000000000000 ) ;
#5608 = CARTESIAN_POINT ( 'NONE',  ( 51.70000000000000284, 3.981393742012995229, -0.4250000000000154765 ) ) ;
#5609 = VECTOR ( 'NONE', #2693, 1000.000000000000000 ) ;
#5610 = VECTOR ( 'NONE', #7245, 1000.000000000000114 ) ;
#5611 = CARTESIAN_POINT ( 'NONE',  ( 52.44999999999999574, 4.381393742012989811, -1.475000000000019851 ) ) ;
#5612 = STYLED_ITEM ( 'NONE', ( #2214 ), #4150 ) ;
#5613 = AXIS2_PLACEMENT_3D ( 'NONE', #151, #2102, #2727 ) ;
#5614 = ORIENTED_EDGE ( 'NONE', *, *, #316, .T. ) ;
#5615 = CARTESIAN_POINT ( 'NONE',  ( 45.63373001683164176, 3.246307657129221091, -0.1415348361350221296 ) ) ;
#5616 = EDGE_LOOP ( 'NONE', ( #223, #7035, #4863, #4723, #8183 ) ) ;
#5617 = EDGE_CURVE ( 'NONE', #2800, #3091, #6819, .T. ) ;
#5618 = DIRECTION ( 'NONE',  ( 1.000000000000000000, 0.000000000000000000, -7.000000000000000150E-15 ) ) ;
#5619 = CARTESIAN_POINT ( 'NONE',  ( 44.01571563243651042, 3.227594440864061553, 0.1078892211187607586 ) ) ;
#5620 = CARTESIAN_POINT ( 'NONE',  ( 36.95492253799971394, 3.269464925684904433, 0.8641644380133420844 ) ) ;
#5621 = EDGE_CURVE ( 'NONE', #7846, #5328, #5553, .T. ) ;
#5622 = CARTESIAN_POINT ( 'NONE',  ( 44.95281762211697441, 3.328430187390511552, -0.8425997389783439484 ) ) ;
#5623 = DIRECTION ( 'NONE',  ( 2.999999999999999839E-15, 1.000000000000000000, 2.999999999999999839E-15 ) ) ;
#5624 = CARTESIAN_POINT ( 'NONE',  ( 48.50000000000000000, 1.931393742013005177, -2.125000000000000000 ) ) ;
#5625 = LINE ( 'NONE', #4341, #6674 ) ;
#5626 = AXIS2_PLACEMENT_3D ( 'NONE', #7949, #2162, #4672 ) ;
#5627 = AXIS2_PLACEMENT_3D ( 'NONE', #6180, #8128, #636 ) ;
#5628 = VERTEX_POINT ( 'NONE', #1761 ) ;
#5629 = CARTESIAN_POINT ( 'NONE',  ( 43.83445290839430442, 3.559643927282193143, 0.3726562038302856927 ) ) ;
#5630 = CARTESIAN_POINT ( 'NONE',  ( 25.91748603798744099, 1.727156155566249129, 4.681444259792827189 ) ) ;
#5631 = CARTESIAN_POINT ( 'NONE',  ( 24.62808755827379059, 2.152731836434637280, 4.150969340416115649 ) ) ;
#5632 = DIRECTION ( 'NONE',  ( -7.397954428741086297E-15, -0.1643989873053531003, -0.9863939238321445258 ) ) ;
#5633 = CIRCLE ( 'NONE', #3976, 0.2999999999999999334 ) ;
#5634 = CARTESIAN_POINT ( 'NONE',  ( 45.56906100969094098, 3.286168805775237622, 0.1025864099607996793 ) ) ;
#5635 = CARTESIAN_POINT ( 'NONE',  ( 38.50354274948264077, 3.079671620795175535, 0.1568306554075758474 ) ) ;
#5636 = CARTESIAN_POINT ( 'NONE',  ( 29.58904212959417634, 3.848927701110763433, -0.6155707580546811997 ) ) ;
#5637 = LINE ( 'NONE', #1153, #7172 ) ;
#5638 = CARTESIAN_POINT ( 'NONE',  ( 48.70000000000000284, 3.981393742012995229, 0.8750000000000000000 ) ) ;
#5639 = PLANE ( 'NONE',  #4908 ) ;
#5640 = VERTEX_POINT ( 'NONE', #7514 ) ;
#5641 = LINE ( 'NONE', #304, #4649 ) ;
#5642 = PLANE ( 'NONE',  #6883 ) ;
#5643 = AXIS2_PLACEMENT_3D ( 'NONE', #6514, #2201, #6638 ) ;
#5644 = CARTESIAN_POINT ( 'NONE',  ( 41.81256597706620681, 3.651054028043228428, 0.2772413222355593065 ) ) ;
#5645 = LINE ( 'NONE', #6617, #3793 ) ;
#5646 = ORIENTED_EDGE ( 'NONE', *, *, #6677, .T. ) ;
#5647 = EDGE_LOOP ( 'NONE', ( #7379, #6582, #6751, #1205, #5243, #7370 ) ) ;
#5648 = CARTESIAN_POINT ( 'NONE',  ( 39.85443661562626971, 2.934327941553058317, 0.2584897402750426232 ) ) ;
#5649 = DIRECTION ( 'NONE',  ( 2.999999999999999839E-15, 1.000000000000000000, 2.999999999999999839E-15 ) ) ;
#5650 = CARTESIAN_POINT ( 'NONE',  ( 42.54090169498347507, 3.850725166562445789, 0.5569308911365110637 ) ) ;
#5651 = CARTESIAN_POINT ( 'NONE',  ( 36.00756836166062413, 3.813324633097923577, -0.5943314245550102015 ) ) ;
#5652 = CARTESIAN_POINT ( 'NONE',  ( 26.46034231530386194, 3.077242629408555086, -2.872522865799914893 ) ) ;
#5653 = CARTESIAN_POINT ( 'NONE',  ( 29.58491703248251525, 2.888308474261557901, 1.055561162576485135 ) ) ;
#5654 = ORIENTED_EDGE ( 'NONE', *, *, #4180, .F. ) ;
#5655 = CARTESIAN_POINT ( 'NONE',  ( 47.96704116688548680, 2.859260188999754426, 0.8223189165408482104 ) ) ;
#5656 = EDGE_LOOP ( 'NONE', ( #606, #5707, #8185, #6059 ) ) ;
#5657 = CARTESIAN_POINT ( 'NONE',  ( 25.13395495143924663, 1.727156155566249351, -4.285748435792597455 ) ) ;
#5658 = CARTESIAN_POINT ( 'NONE',  ( 32.03257123730029576, 3.355913800475406994, 0.05145360508955465484 ) ) ;
#5659 = CARTESIAN_POINT ( 'NONE',  ( 38.14290559697789718, 2.870391776824832153, 0.1817138430146801875 ) ) ;
#5660 = CARTESIAN_POINT ( 'NONE',  ( 45.18065993969629801, 3.679042513227539946, -0.7361277485371238161 ) ) ;
#5661 = CARTESIAN_POINT ( 'NONE',  ( 25.85026140738064626, 2.972792225956139678, 3.298203728658358980 ) ) ;
#5662 = FACE_OUTER_BOUND ( 'NONE', #1344, .T. ) ;
#5663 = ADVANCED_FACE ( 'NONE', ( #2258 ), #3592, .F. ) ;
#5664 = ORIENTED_EDGE ( 'NONE', *, *, #4030, .F. ) ;
#5665 = CARTESIAN_POINT ( 'NONE',  ( 42.74589931030371304, 3.533635064303519258, -0.3946602860566649773 ) ) ;
#5666 = ADVANCED_FACE ( 'NONE', ( #6946 ), #3545, .F. ) ;
#5667 = CARTESIAN_POINT ( 'NONE',  ( 51.70000000000000284, 4.381393742012989811, -0.8250000000000139444 ) ) ;
#5668 = VERTEX_POINT ( 'NONE', #3049 ) ;
#5669 = CARTESIAN_POINT ( 'NONE',  ( 0.000000000000000000, 0.5000000000000013323, 0.000000000000000000 ) ) ;
#5670 = CARTESIAN_POINT ( 'NONE',  ( 48.70000000000000284, 3.981393742013000114, -0.1249999999999974049 ) ) ;
#5671 = CARTESIAN_POINT ( 'NONE',  ( 44.88575719526839691, 3.060146216575854172, -0.1396181809834062537 ) ) ;
#5672 = CARTESIAN_POINT ( 'NONE',  ( 32.43691299390174265, 3.270501946975878926, -0.2358018173061872391 ) ) ;
#5673 = CARTESIAN_POINT ( 'NONE',  ( 31.25723606179801095, 3.039399847881243844, 0.07778767790421547978 ) ) ;
#5674 = DIRECTION ( 'NONE',  ( -1.000000000000000000, 2.783159565502900135E-15, 7.000000000000000150E-15 ) ) ;
#5675 = CARTESIAN_POINT ( 'NONE',  ( 47.73678728081452505, 3.240022196649584352, -0.8096107642334575694 ) ) ;
#5676 = DIRECTION ( 'NONE',  ( -0.9998918860475783932, 2.700483967851600954E-15, 0.01470429244188330674 ) ) ;
#5677 = AXIS2_PLACEMENT_3D ( 'NONE', #4975, #7442, #3573 ) ;
#5678 = VERTEX_POINT ( 'NONE', #4996 ) ;
#5679 = DIRECTION ( 'NONE',  ( -1.000000000000000000, 2.783159565502900135E-15, 7.000000000000000150E-15 ) ) ;
#5680 = CARTESIAN_POINT ( 'NONE',  ( 48.80000000000000426, 4.531393742012990167, 2.125000000000000000 ) ) ;
#5681 = FACE_OUTER_BOUND ( 'NONE', #3688, .T. ) ;
#5682 = EDGE_LOOP ( 'NONE', ( #6444, #1079, #1164, #3187 ) ) ;
#5683 = DIRECTION ( 'NONE',  ( -2.999999999999999839E-15, -1.000000000000000000, -2.999999999999999839E-15 ) ) ;
#5684 = DIRECTION ( 'NONE',  ( -1.000000000000000000, 2.999999999999999839E-15, 7.000000000000000150E-15 ) ) ;
#5685 = CARTESIAN_POINT ( 'NONE',  ( 39.63445227326391773, 2.778459542472826893, -0.04907848081833603854 ) ) ;
#5686 = ORIENTED_EDGE ( 'NONE', *, *, #1109, .F. ) ;
#5687 = CARTESIAN_POINT ( 'NONE',  ( 48.70000000000000284, 2.531393742012999937, -0.1250000000000019984 ) ) ;
#5688 = CARTESIAN_POINT ( 'NONE',  ( 47.52326599273344243, 2.895580776399188316, 0.3879374795796247111 ) ) ;
#5689 = ORIENTED_EDGE ( 'NONE', *, *, #2327, .F. ) ;
#5690 = CARTESIAN_POINT ( 'NONE',  ( 36.55283894184021420, 2.413825732900309440, -0.07202201126498603001 ) ) ;
#5691 = EDGE_CURVE ( 'NONE', #4991, #3767, #3183, .T. ) ;
#5692 = CARTESIAN_POINT ( 'NONE',  ( 43.00756836185566101, 3.229947571210012747, -0.8140653904258478013 ) ) ;
#5693 = CARTESIAN_POINT ( 'NONE',  ( 48.70000000000001705, 3.256393742012988035, 0.6250000000000001110 ) ) ;
#5694 = CARTESIAN_POINT ( 'NONE',  ( 48.59999999999999432, 2.531393742012999937, -0.1250000000000000000 ) ) ;
#5695 = CARTESIAN_POINT ( 'NONE',  ( 45.90799567767802358, 3.642753939097983729, 0.3561162756998584311 ) ) ;
#5696 = AXIS2_PLACEMENT_3D ( 'NONE', #6477, #4517, #5277 ) ;
#5697 = ORIENTED_EDGE ( 'NONE', *, *, #3781, .T. ) ;
#5698 = DIRECTION ( 'NONE',  ( 7.000000000000000150E-15, -2.999999999999999839E-15, 1.000000000000000000 ) ) ;
#5699 = CARTESIAN_POINT ( 'NONE',  ( 37.24905385702755467, 3.145690083324013120, 0.01467600239861237450 ) ) ;
#5700 = CARTESIAN_POINT ( 'NONE',  ( 42.03187846737969835, 2.851054028043188193, 0.06783006277908439074 ) ) ;
#5701 = EDGE_CURVE ( 'NONE', #4737, #3609, #5641, .T. ) ;
#5702 = CARTESIAN_POINT ( 'NONE',  ( 40.75283894184651245, 2.711535441719541417, -0.6467128053823453238 ) ) ;
#5703 = CARTESIAN_POINT ( 'NONE',  ( 26.07914960422881023, 2.972792225956604639, 3.626243655105322983 ) ) ;
#5704 = AXIS2_PLACEMENT_3D ( 'NONE', #2059, #5296, #1433 ) ;
#5705 = CARTESIAN_POINT ( 'NONE',  ( 51.29999999999999716, 4.381393742012985371, 1.474999999999999867 ) ) ;
#5706 = ADVANCED_FACE ( 'NONE', ( #2300 ), #1165, .T. ) ;
#5707 = ORIENTED_EDGE ( 'NONE', *, *, #2616, .T. ) ;
#5708 = CARTESIAN_POINT ( 'NONE',  ( 38.66240284799588522, 3.467301381642630353, -0.09994508474512202312 ) ) ;
#5709 = CARTESIAN_POINT ( 'NONE',  ( 52.29999999999999716, 2.081393742012989989, -0.8000000000000251354 ) ) ;
#5710 = ORIENTED_EDGE ( 'NONE', *, *, #1509, .T. ) ;
#5711 = EDGE_CURVE ( 'NONE', #1415, #916, #5459, .T. ) ;
#5712 = CARTESIAN_POINT ( 'NONE',  ( 27.18191376433519935, 2.663726198661239497, 2.369050042655922450 ) ) ;
#5713 = DIRECTION ( 'NONE',  ( 7.000000000000000150E-15, -2.999999999999999839E-15, 1.000000000000000000 ) ) ;
#5714 = CARTESIAN_POINT ( 'NONE',  ( 34.21572052400781416, 3.312317056493343514, 0.09666058147186284977 ) ) ;
#5715 = CARTESIAN_POINT ( 'NONE',  ( 43.17020941261506550, 3.099563089309205655, -0.1767221243831508526 ) ) ;
#5716 = CARTESIAN_POINT ( 'NONE',  ( 45.60981462212834003, 2.892882168761289563, 0.1631237060646167636 ) ) ;
#5717 = DIRECTION ( 'NONE',  ( -1.000000000000000000, 2.999999999999999839E-15, 7.000000000000000150E-15 ) ) ;
#5718 = CARTESIAN_POINT ( 'NONE',  ( 48.08148697014151196, 2.855908129869693557, -0.4245480883327423238 ) ) ;
#5719 = DIRECTION ( 'NONE',  ( -0.8660254037844381525, 0.5000000000000007772, 0.000000000000000000 ) ) ;
#5720 = CYLINDRICAL_SURFACE ( 'NONE', #1562, 0.2999999999999999334 ) ;
#5721 = EDGE_CURVE ( 'NONE', #7249, #7930, #2466, .T. ) ;
#5722 = DIRECTION ( 'NONE',  ( -0.5999999999999999778, 4.069895739301739873E-15, -0.8000000000000000444 ) ) ;
#5723 = CARTESIAN_POINT ( 'NONE',  ( 31.46952135310356979, 3.153390967521392252, 0.04578805681997841215 ) ) ;
#5724 = ORIENTED_EDGE ( 'NONE', *, *, #4258, .F. ) ;
#5725 = CARTESIAN_POINT ( 'NONE',  ( 51.00000000000000000, 3.981393742012995229, 0.1999999999999894917 ) ) ;
#5726 = CARTESIAN_POINT ( 'NONE',  ( 24.88522210393157508, 1.727156155566249796, -4.278902864467949207 ) ) ;
#5727 = CARTESIAN_POINT ( 'NONE',  ( 44.92308027960918082, 3.713817487893958713, -0.1980693153959844910 ) ) ;
#5728 = ORIENTED_EDGE ( 'NONE', *, *, #795, .F. ) ;
#5729 = EDGE_LOOP ( 'NONE', ( #3100, #1659, #5689, #1610 ) ) ;
#5730 = VECTOR ( 'NONE', #6587, 1000.000000000000000 ) ;
#5731 = PLANE ( 'NONE',  #3413 ) ;
#5732 = CARTESIAN_POINT ( 'NONE',  ( 48.16494492839988339, 2.856393742012992121, 0.8250000000000079492 ) ) ;
#5733 = ORIENTED_EDGE ( 'NONE', *, *, #498, .T. ) ;
#5734 = CARTESIAN_POINT ( 'NONE',  ( 40.32110328229548202, 2.845878982281818015, -0.04495506329365731718 ) ) ;
#5735 = CARTESIAN_POINT ( 'NONE',  ( 39.38776994895974326, 3.301348805301261180, -0.4105147597247298386 ) ) ;
#5736 = CARTESIAN_POINT ( 'NONE',  ( 25.36977164550455655, 2.445599767273429315, -3.633463025873236774 ) ) ;
#5737 = CIRCLE ( 'NONE', #8168, 9.549999999999998934 ) ;
#5738 = CARTESIAN_POINT ( 'NONE',  ( 30.35745194145157200, 3.378594166913639452, 0.5614227756408023406 ) ) ;
#5739 = ORIENTED_EDGE ( 'NONE', *, *, #170, .F. ) ;
#5740 = CARTESIAN_POINT ( 'NONE',  ( 48.16494492839988339, 3.656393742012992831, 0.8250000000000079492 ) ) ;
#5741 = ORIENTED_EDGE ( 'NONE', *, *, #1986, .T. ) ;
#5742 = CARTESIAN_POINT ( 'NONE',  ( 48.50000000000000000, 4.039128768931959712, 1.182735026918970034 ) ) ;
#5743 = CARTESIAN_POINT ( 'NONE',  ( 33.52906951386735557, 3.476199811303100962, 0.07846237927535093526 ) ) ;
#5744 = CARTESIAN_POINT ( 'NONE',  ( 48.70000000000000284, 2.381393742013000026, 0.4249999999999999889 ) ) ;
#5745 = VECTOR ( 'NONE', #1664, 1000.000000000000000 ) ;
#5746 = EDGE_CURVE ( 'NONE', #4763, #2791, #6439, .T. ) ;
#5747 = CARTESIAN_POINT ( 'NONE',  ( 34.38825587047664811, 4.059779703845491916, 0.3186252155386514184 ) ) ;
#5748 = CARTESIAN_POINT ( 'NONE',  ( 24.94664016515675797, 2.028983853716439523, 3.928700872730935600 ) ) ;
#5749 = AXIS2_PLACEMENT_3D ( 'NONE', #3570, #5482, #2813 ) ;
#5750 = ORIENTED_EDGE ( 'NONE', *, *, #6902, .T. ) ;
#5751 = CARTESIAN_POINT ( 'NONE',  ( 34.46240284800067855, 3.334856117039673773, -0.2198060693641078478 ) ) ;
#5752 = CARTESIAN_POINT ( 'NONE',  ( 24.81597935804659727, 1.727156155566248907, 4.136662519406385741 ) ) ;
#5753 = CARTESIAN_POINT ( 'NONE',  ( 25.71639045900526810, 2.273686715467607478, 3.879357010967527497 ) ) ;
#5754 = CARTESIAN_POINT ( 'NONE',  ( 37.59854513404337695, 3.348843728336661663, -0.4004425066835425318 ) ) ;
#5755 = CARTESIAN_POINT ( 'NONE',  ( 45.19326561752586713, 3.155200407643679483, -0.2065810236777426423 ) ) ;
#5756 = CARTESIAN_POINT ( 'NONE',  ( 45.19326561752586713, 3.357587076382333002, 0.2065810236777931574 ) ) ;
#5757 = CARTESIAN_POINT ( 'NONE',  ( 31.46952135310356979, 3.359396516504702390, -0.04578805681973577985 ) ) ;
#5758 = LINE ( 'NONE', #8216, #2050 ) ;
#5759 = CARTESIAN_POINT ( 'NONE',  ( 46.74550571547737121, 2.567983903843163773, -0.1247564708069801021 ) ) ;
#5760 = EDGE_CURVE ( 'NONE', #5387, #1144, #4433, .T. ) ;
#5761 = DIRECTION ( 'NONE',  ( 0.7745966692414880672, 0.4472135954999545415, 0.4472135954999530427 ) ) ;
#5762 = ORIENTED_EDGE ( 'NONE', *, *, #1901, .F. ) ;
#5763 = VECTOR ( 'NONE', #4285, 1000.000000000000000 ) ;
#5764 = LINE ( 'NONE', #2462, #184 ) ;
#5765 = CARTESIAN_POINT ( 'NONE',  ( 46.00343750593333425, 2.883393682987816842, 0.03211500539746154487 ) ) ;
#5766 = CARTESIAN_POINT ( 'NONE',  ( 29.80776706716519087, 3.202967587565121121, 0.5983735058353609748 ) ) ;
#5767 = ORIENTED_EDGE ( 'NONE', *, *, #3686, .T. ) ;
#5768 = DIRECTION ( 'NONE',  ( -7.000000000000000150E-15, 0.000000000000000000, -1.000000000000000000 ) ) ;
#5769 = DIRECTION ( 'NONE',  ( 7.000000000000000150E-15, -2.999999999999999839E-15, 1.000000000000000000 ) ) ;
#5770 = LINE ( 'NONE', #2386, #4193 ) ;
#5771 = CARTESIAN_POINT ( 'NONE',  ( 41.64340948601828529, 3.557641064093699512, -0.3061546596490402061 ) ) ;
#5772 = ADVANCED_FACE ( 'NONE', ( #6357 ), #562, .T. ) ;
#5773 = ORIENTED_EDGE ( 'NONE', *, *, #3291, .T. ) ;
#5774 = EDGE_LOOP ( 'NONE', ( #7030, #2892, #2440, #5464 ) ) ;
#5775 = CARTESIAN_POINT ( 'NONE',  ( 47.96704116688548680, 2.859260188999754426, 0.8223189165408482104 ) ) ;
#5776 = EDGE_CURVE ( 'NONE', #6749, #4090, #5839, .T. ) ;
#5777 = CARTESIAN_POINT ( 'NONE',  ( 36.00756836166063124, 2.699462850928144864, 0.5943314245551891695 ) ) ;
#5778 = CARTESIAN_POINT ( 'NONE',  ( 36.74340948601911094, 3.654526125068108033, 0.1611559191276195069 ) ) ;
#5779 = DIRECTION ( 'NONE',  ( 0.000000000000000000, -1.000000000000000000, -4.336808689942018525E-15 ) ) ;
#5780 = VERTEX_POINT ( 'NONE', #1244 ) ;
#5781 = LINE ( 'NONE', #1301, #6480 ) ;
#5782 = ORIENTED_EDGE ( 'NONE', *, *, #7570, .F. ) ;
#5783 = LINE ( 'NONE', #4530, #1733 ) ;
#5784 = CARTESIAN_POINT ( 'NONE',  ( 35.23687608281505845, 3.020536311774835614, -0.01406539035916498821 ) ) ;
#5785 = LINE ( 'NONE', #7131, #2757 ) ;
#5786 = CARTESIAN_POINT ( 'NONE',  ( 24.85697575512326907, 2.152731836434644386, 4.479009266863348770 ) ) ;
#5787 = FACE_OUTER_BOUND ( 'NONE', #689, .T. ) ;
#5788 = ORIENTED_EDGE ( 'NONE', *, *, #4296, .T. ) ;
#5789 = CARTESIAN_POINT ( 'NONE',  ( 35.74589931039976420, 3.731499925532424822, -0.08302774557215397699 ) ) ;
#5790 = LINE ( 'NONE', #3946, #8312 ) ;
#5791 = LINE ( 'NONE', #3987, #5730 ) ;
#5792 = CARTESIAN_POINT ( 'NONE',  ( 31.68905017659830037, 3.370769151286080234, 0.3842674699572761199 ) ) ;
#5793 = CARTESIAN_POINT ( 'NONE',  ( 39.81572052368412074, 3.200470427690324637, -0.09666058144953273978 ) ) ;
#5794 = CARTESIAN_POINT ( 'NONE',  ( 39.43687608280029622, 3.099563086570472858, -0.1767221212201342539 ) ) ;
#5795 = CARTESIAN_POINT ( 'NONE',  ( 31.20846482332843408, 3.065803646283093098, 0.07557559366991706273 ) ) ;
#5796 = CARTESIAN_POINT ( 'NONE',  ( 47.46740981953973915, 3.613379783739760320, -0.7843088725289436569 ) ) ;
#5797 = CARTESIAN_POINT ( 'NONE',  ( 47.83960193043029818, 2.846844860713526160, -0.8160434152194843138 ) ) ;
#5798 = LINE ( 'NONE', #1113, #7092 ) ;
#5799 = CARTESIAN_POINT ( 'NONE',  ( 29.80776706716519087, 3.202967587565121121, 0.5983735058353609748 ) ) ;
#5800 = CARTESIAN_POINT ( 'NONE',  ( 29.67976024123954559, 3.438784314075984838, 1.145118691204897843 ) ) ;
#5801 = ORIENTED_EDGE ( 'NONE', *, *, #1469, .T. ) ;
#5802 = CARTESIAN_POINT ( 'NONE',  ( 48.70000000000001705, 3.256393742012988035, 0.6250000000000001110 ) ) ;
#5803 = FACE_OUTER_BOUND ( 'NONE', #597, .T. ) ;
#5804 = PLANE ( 'NONE',  #6372 ) ;
#5805 = AXIS2_PLACEMENT_3D ( 'NONE', #6948, #6820, #4860 ) ;
#5806 = CIRCLE ( 'NONE', #7961, 9.799999999999998934 ) ;
#5807 = EDGE_CURVE ( 'NONE', #6996, #2832, #3133, .T. ) ;
#5808 = VERTEX_POINT ( 'NONE', #5725 ) ;
#5809 = ORIENTED_EDGE ( 'NONE', *, *, #205, .T. ) ;
#5810 = CARTESIAN_POINT ( 'NONE',  ( 25.79448995169368075, 1.727156155566248907, -4.765024611868894588 ) ) ;
#5811 = CARTESIAN_POINT ( 'NONE',  ( 45.68523837014541300, 3.247092076799967142, -0.1094376238979527377 ) ) ;
#5812 = VECTOR ( 'NONE', #6150, 1000.000000000000227 ) ;
#5813 = CARTESIAN_POINT ( 'NONE',  ( 40.35981937420793031, 2.464169820429460867, -0.1978032340102068853 ) ) ;
#5814 = ADVANCED_FACE ( 'NONE', ( #5033 ), #524, .F. ) ;
#5815 = CARTESIAN_POINT ( 'NONE',  ( 32.07632621439920229, 3.400794839418272542, -0.4010631918966903187 ) ) ;
#5816 = CARTESIAN_POINT ( 'NONE',  ( 29.20551810936435189, 3.233549902382592212, 1.072148949844944132 ) ) ;
#5817 = VERTEX_POINT ( 'NONE', #5076 ) ;
#5818 = CARTESIAN_POINT ( 'NONE',  ( 48.59999999999999432, 3.981393742013000114, -0.8750000000000000000 ) ) ;
#5819 = ORIENTED_EDGE ( 'NONE', *, *, #3261, .F. ) ;
#5820 = DIRECTION ( 'NONE',  ( 7.080503983578804809E-16, 2.212657494868376503E-17, 1.000000000000000000 ) ) ;
#5821 = CARTESIAN_POINT ( 'NONE',  ( 42.39573618070700434, 3.045486101320919126, 0.09994508593561758636 ) ) ;
#5822 = LINE ( 'NONE', #4613, #3833 ) ;
#5823 = EDGE_CURVE ( 'NONE', #6113, #916, #48, .T. ) ;
#5824 = DIRECTION ( 'NONE',  ( -7.000000000000000150E-15, 2.999999999999999839E-15, -1.000000000000000000 ) ) ;
#5825 = ORIENTED_EDGE ( 'NONE', *, *, #7183, .F. ) ;
#5826 = CARTESIAN_POINT ( 'NONE',  ( 35.27923264373134060, 3.533635064246086088, -0.3946602860346672959 ) ) ;
#5827 = FACE_OUTER_BOUND ( 'NONE', #6267, .T. ) ;
#5828 =( NAMED_UNIT ( * ) SI_UNIT ( $, .STERADIAN. ) SOLID_ANGLE_UNIT ( ) );
#5829 = CARTESIAN_POINT ( 'NONE',  ( 48.50000000000000000, 2.473658715094035010, -1.182735026918966037 ) ) ;
#5830 = VECTOR ( 'NONE', #4294, 1000.000000000000000 ) ;
#5831 = CARTESIAN_POINT ( 'NONE',  ( 44.01571563243651042, 3.285193043161958038, -0.1078892211186937705 ) ) ;
#5832 = CARTESIAN_POINT ( 'NONE',  ( 37.53445227326071176, 3.716728888322904822, -0.1375548959929297765 ) ) ;
#5833 = CARTESIAN_POINT ( 'NONE',  ( 31.15148475036799880, 3.647392202394325267, 0.2389132818767956967 ) ) ;
#5834 = CARTESIAN_POINT ( 'NONE',  ( 45.70307128130328067, 2.866185453299356478, 0.1194975787943095558 ) ) ;
#5835 = CARTESIAN_POINT ( 'NONE',  ( 45.47289882265589256, 2.446307647866492019, -0.2133171392302520564 ) ) ;
#5836 = CARTESIAN_POINT ( 'NONE',  ( 39.85443661562626261, 3.578459542472986143, -0.2584897402749173900 ) ) ;
#5837 = CARTESIAN_POINT ( 'NONE',  ( 50.93168224707739711, 4.631393742012989811, 1.074999999999999956 ) ) ;
#5838 = CARTESIAN_POINT ( 'NONE',  ( 29.46975882908344957, 3.003450777672290961, 0.4410729503378487681 ) ) ;
#5839 = LINE ( 'NONE', #3210, #7921 ) ;
#5840 = EDGE_CURVE ( 'NONE', #6443, #3595, #7680, .T. ) ;
#5841 = CARTESIAN_POINT ( 'NONE',  ( 31.15148475036799880, 3.647392202394325267, 0.2389132818767956967 ) ) ;
#5842 = CARTESIAN_POINT ( 'NONE',  ( 31.46345359729858870, 3.039353032228814033, 0.4157325300429706716 ) ) ;
#5843 = EDGE_LOOP ( 'NONE', ( #3927, #7665, #2691, #5079 ) ) ;
#5844 = ORIENTED_EDGE ( 'NONE', *, *, #3795, .F. ) ;
#5845 = CARTESIAN_POINT ( 'NONE',  ( 49.09999999999999432, 1.631393742012990034, 1.824999999999999956 ) ) ;
#5846 = CARTESIAN_POINT ( 'NONE',  ( 48.12908079668530092, 2.856393742012992121, 0.4250000000000084266 ) ) ;
#5847 = CARTESIAN_POINT ( 'NONE',  ( 39.89315270756843290, 2.556338826770397255, 0.4203188991004236930 ) ) ;
#5849 = EDGE_CURVE ( 'NONE', #27, #7965, #3759, .T. ) ;
#5848 = CARTESIAN_POINT ( 'NONE',  ( 38.14290559697789718, 2.870391776824832153, 0.1817138430146801875 ) ) ;
#5850 = CARTESIAN_POINT ( 'NONE',  ( 0.000000000000000000, 0.000000000000000000, 0.000000000000000000 ) ) ;
#5851 = CARTESIAN_POINT ( 'NONE',  ( 48.50000000000000000, 2.531393742012999937, -0.06726497308103750183 ) ) ;
#5852 = CARTESIAN_POINT ( 'NONE',  ( 31.22732536100869538, 3.160934269027788623, -0.8266457221512384379 ) ) ;
#5853 = MECHANICAL_DESIGN_GEOMETRIC_PRESENTATION_REPRESENTATION (  '', ( #1139 ), #7495 ) ;
#5854 = CARTESIAN_POINT ( 'NONE',  ( 45.81321240573449671, 4.050329950344856655, 0.3183386597438942478 ) ) ;
#5855 = VERTEX_POINT ( 'NONE', #7149 ) ;
#5856 = CARTESIAN_POINT ( 'NONE',  ( 49.09999999999999432, 3.481393742013004999, -1.474999999999999867 ) ) ;
#5857 = CARTESIAN_POINT ( 'NONE',  ( 32.90354688177081499, 3.433114760934236731, -0.1568228646384273728 ) ) ;
#5858 = PLANE ( 'NONE',  #7506 ) ;
#5859 = DIRECTION ( 'NONE',  ( -2.999999999999999839E-15, -1.000000000000000000, -2.999999999999999839E-15 ) ) ;
#5860 = AXIS2_PLACEMENT_3D ( 'NONE', #1788, #1872, #5018 ) ;
#5861 = LINE ( 'NONE', #4574, #6289 ) ;
#5862 = EDGE_CURVE ( 'NONE', #7538, #4358, #7031, .T. ) ;
#5863 = EDGE_LOOP ( 'NONE', ( #487, #3260, #6927, #2054 ) ) ;
#5864 = CARTESIAN_POINT ( 'NONE',  ( 44.73366223191442970, 2.829899289528771789, 0.7902537927787364191 ) ) ;
#5865 = VECTOR ( 'NONE', #1671, 1000.000000000000114 ) ;
#5866 = VECTOR ( 'NONE', #3367, 1000.000000000000000 ) ;
#5867 = AXIS2_PLACEMENT_3D ( 'NONE', #7146, #2784, #3917 ) ;
#5868 = DIRECTION ( 'NONE',  ( 2.999999999999999839E-15, 1.000000000000000000, 2.999999999999999839E-15 ) ) ;
#5869 = CARTESIAN_POINT ( 'NONE',  ( 50.39949548389100187, 4.631393742012989811, -0.1911690512336955139 ) ) ;
#5870 = DIRECTION ( 'NONE',  ( -2.999999999999999839E-15, -1.000000000000000000, -2.999999999999999839E-15 ) ) ;
#5871 = ADVANCED_FACE ( 'NONE', ( #4473 ), #3247, .T. ) ;
#5872 = CARTESIAN_POINT ( 'NONE',  ( 34.53983503185725823, 2.571437793284294226, -0.5255024107354294705 ) ) ;
#5873 = AXIS2_PLACEMENT_3D ( 'NONE', #4570, #7857, #2058 ) ;
#5874 = CARTESIAN_POINT ( 'NONE',  ( 32.90354688177081499, 3.079672723091849917, 0.1568228646386499447 ) ) ;
#5875 = CARTESIAN_POINT ( 'NONE',  ( 41.96778560660152380, 3.559640528875044119, 0.3726542400551353107 ) ) ;
#5876 = CARTESIAN_POINT ( 'NONE',  ( 29.42636190768925175, 3.838246719687778530, -0.7477825757812502916 ) ) ;
#5877 = CARTESIAN_POINT ( 'NONE',  ( 47.97980380562327696, 3.253717414759609738, -0.8224978157140058199 ) ) ;
#5878 = AXIS2_PLACEMENT_3D ( 'NONE', #8121, #4712, #2328 ) ;
#5879 = CARTESIAN_POINT ( 'NONE',  ( 51.35000000000000142, 1.831393742012989989, 0.4499999999999804712 ) ) ;
#5880 = CARTESIAN_POINT ( 'NONE',  ( 42.65443661556615496, 2.997904001932514717, -0.3220657997620509638 ) ) ;
#5881 =( GEOMETRIC_REPRESENTATION_CONTEXT ( 3 ) GLOBAL_UNCERTAINTY_ASSIGNED_CONTEXT ( ( #4660 ) ) GLOBAL_UNIT_ASSIGNED_CONTEXT ( ( #2172, #2838, #1551 ) ) REPRESENTATION_CONTEXT ( 'NONE', 'WORKASPACE' ) );
#5882 = VECTOR ( 'NONE', #7215, 1000.000000000000227 ) ;
#5883 = LINE ( 'NONE', #8080, #4093 ) ;
#5884 = CARTESIAN_POINT ( 'NONE',  ( 43.62648635649820505, 3.956448174108789129, -0.4203193338398768519 ) ) ;
#5885 = LINE ( 'NONE', #2122, #1855 ) ;
#5886 = DIRECTION ( 'NONE',  ( -1.000000000000000000, 2.999999999999999839E-15, 7.000000000000000150E-15 ) ) ;
#5887 = LINE ( 'NONE', #97, #7459 ) ;
#5888 = VECTOR ( 'NONE', #4039, 1000.000000000000000 ) ;
#5889 = ORIENTED_EDGE ( 'NONE', *, *, #7203, .F. ) ;
#5890 = ORIENTED_EDGE ( 'NONE', *, *, #3204, .T. ) ;
#5891 = CARTESIAN_POINT ( 'NONE',  ( 46.74550571547737121, 3.944803580182839831, 0.1247564708070088707 ) ) ;
#5892 = EDGE_LOOP ( 'NONE', ( #6651, #4731 ) ) ;
#5893 = CARTESIAN_POINT ( 'NONE',  ( 38.14290559697789718, 2.870391776824832153, 0.1817138430146801875 ) ) ;
#5894 = CARTESIAN_POINT ( 'NONE',  ( 43.43187846828771370, 3.495049104163495457, -0.3345815584238815976 ) ) ;
#5895 = DIRECTION ( 'NONE',  ( 2.666144858838235626E-32, 1.000000000000000000, 1.861759004257252044E-46 ) ) ;
#5896 = CARTESIAN_POINT ( 'NONE',  ( 38.95981937422467212, 3.676712641100952528, 0.7000549152547146381 ) ) ;
#5897 = CARTESIAN_POINT ( 'NONE',  ( 47.96815109369813257, 3.660040562395990182, 0.4215907175353318381 ) ) ;
#5898 = ORIENTED_EDGE ( 'NONE', *, *, #1641, .F. ) ;
#5899 = VECTOR ( 'NONE', #2840, 1000.000000000000000 ) ;
#5900 = CARTESIAN_POINT ( 'NONE',  ( 24.96791241634318226, 1.527156155566249396, 5.508069892759419162 ) ) ;
#5901 = CARTESIAN_POINT ( 'NONE',  ( 33.83687610132847112, 3.413224360777073141, 0.1767221149958272119 ) ) ;
#5902 = CARTESIAN_POINT ( 'NONE',  ( 49.29999999999999716, 4.831393742012989989, 1.474999999999999867 ) ) ;
#5903 = CARTESIAN_POINT ( 'NONE',  ( 52.44999999999999574, 2.081393742012984660, 0.2999999999999734546 ) ) ;
#5904 = ORIENTED_EDGE ( 'NONE', *, *, #1509, .F. ) ;
#5905 = CARTESIAN_POINT ( 'NONE',  ( 41.23369441456900830, 2.559971384612157674, 0.5668946090335309496 ) ) ;
#5906 = CARTESIAN_POINT ( 'NONE',  ( 48.59999999999999432, 4.381393742013000470, -0.3749999999999925060 ) ) ;
#5907 = ORIENTED_EDGE ( 'NONE', *, *, #76, .F. ) ;
#5908 = PLANE ( 'NONE',  #1092 ) ;
#5909 = CARTESIAN_POINT ( 'NONE',  ( 24.94841131556763258, 1.727156150747104713, -3.927465061505115873 ) ) ;
#5910 = CARTESIAN_POINT ( 'NONE',  ( 38.50354274948264077, 3.433115863230877363, -0.1568306554074317127 ) ) ;
#5911 = EDGE_CURVE ( 'NONE', #6868, #1457, #7721, .T. ) ;
#5912 = CARTESIAN_POINT ( 'NONE',  ( 33.10111892584750137, 3.305472234360819606, -0.4779342264011656738 ) ) ;
#5913 = CARTESIAN_POINT ( 'NONE',  ( 29.25075028392798160, 3.495720949324072624, -0.6176274807469721573 ) ) ;
#5914 = CARTESIAN_POINT ( 'NONE',  ( 48.13059057104411664, 3.256393742013003134, -0.4249999999999989897 ) ) ;
#5915 = DIRECTION ( 'NONE',  ( -7.000000000000000150E-15, 2.999999999999999839E-15, -1.000000000000000000 ) ) ;
#5916 = EDGE_CURVE ( 'NONE', #3595, #3653, #7070, .T. ) ;
#5917 = CARTESIAN_POINT ( 'NONE',  ( 45.10601377101374254, 3.356097411686195908, 0.06075275577829147844 ) ) ;
#5918 = FACE_OUTER_BOUND ( 'NONE', #7675, .T. ) ;
#5919 = CARTESIAN_POINT ( 'NONE',  ( 30.56698378582403919, 2.928808421792234995, -0.5438721131995990499 ) ) ;
#5920 = CARTESIAN_POINT ( 'NONE',  ( 43.47423503064092642, 3.813324635877368252, -0.5943314269698664054 ) ) ;
#5921 = DIRECTION ( 'NONE',  ( -7.000000000000000150E-15, 2.999999999999999839E-15, -1.000000000000000000 ) ) ;
#5922 = CARTESIAN_POINT ( 'NONE',  ( 44.52110031537072388, 2.997912395661925355, -0.3220305819354415400 ) ) ;
#5923 = CARTESIAN_POINT ( 'NONE',  ( 30.10898509200915640, 3.342191348724545819, -0.3266593461211818594 ) ) ;
#5924 = LINE ( 'NONE', #5324, #8268 ) ;
#5925 = ORIENTED_EDGE ( 'NONE', *, *, #446, .T. ) ;
#5926 =( NAMED_UNIT ( * ) PLANE_ANGLE_UNIT ( ) SI_UNIT ( $, .RADIAN. ) );
#5927 = CARTESIAN_POINT ( 'NONE',  ( 45.43093899030911587, 4.086168805775235668, 0.1025864099608052304 ) ) ;
#5928 = ORIENTED_EDGE ( 'NONE', *, *, #2463, .T. ) ;
#5929 = CARTESIAN_POINT ( 'NONE',  ( 30.40649478394737315, 2.806956265344502821, 0.3265598408100254813 ) ) ;
#5930 = FACE_OUTER_BOUND ( 'NONE', #4457, .T. ) ;
#5931 = CARTESIAN_POINT ( 'NONE',  ( 37.64090169496615346, 3.543490003858246862, -0.7622188636835054432 ) ) ;
#5932 = CARTESIAN_POINT ( 'NONE',  ( 48.00451966079844368, 3.658702805382704426, 0.4228434082003750261 ) ) ;
#5933 = AXIS2_PLACEMENT_3D ( 'NONE', #3634, #6143, #434 ) ;
#5934 = ORIENTED_EDGE ( 'NONE', *, *, #1200, .F. ) ;
#5935 = CARTESIAN_POINT ( 'NONE',  ( 48.59999999999999432, 3.981393742013000114, -0.1249999999999965861 ) ) ;
#5936 = CARTESIAN_POINT ( 'NONE',  ( 36.29042773635720920, 2.882551934328362098, -0.3342820325908089640 ) ) ;
#5937 = FACE_OUTER_BOUND ( 'NONE', #4211, .T. ) ;
#5938 = CARTESIAN_POINT ( 'NONE',  ( 49.29999999999999716, 3.981393742013000114, -1.074999999999999956 ) ) ;
#5939 = ADVANCED_FACE ( 'NONE', ( #2005 ), #6475, .F. ) ;
#5940 = DIRECTION ( 'NONE',  ( -0.5000000000000061062, 4.098076211353317325E-15, -0.8660254037844351549 ) ) ;
#5941 = ORIENTED_EDGE ( 'NONE', *, *, #4686, .T. ) ;
#5942 = CARTESIAN_POINT ( 'NONE',  ( 39.52158920466990821, 4.049775453584115503, -0.3427776123289192900 ) ) ;
#5943 = VERTEX_POINT ( 'NONE', #1369 ) ;
#5944 = ADVANCED_FACE ( 'NONE', ( #8263 ), #6993, .F. ) ;
#5945 = CARTESIAN_POINT ( 'NONE',  ( 48.50000000000000000, 1.631393742013004911, -1.474999999999999867 ) ) ;
#5946 = DIRECTION ( 'NONE',  ( -0.9396029094275818450, 0.3419874910615649521, 0.01381768984453099827 ) ) ;
#5947 = UNCERTAINTY_MEASURE_WITH_UNIT (LENGTH_MEASURE( 1.000000000000000082E-05 ), #3642, 'distance_accuracy_value', 'NONE');
#5948 = LINE ( 'NONE', #748, #1818 ) ;
#5949 = CARTESIAN_POINT ( 'NONE',  ( 44.30112510716095642, 3.207323655120222661, 0.4779674089000963133 ) ) ;
#5950 = CARTESIAN_POINT ( 'NONE',  ( 39.59573618132177586, 3.356338826770558281, 0.2109076396438490653 ) ) ;
#5951 = CARTESIAN_POINT ( 'NONE',  ( 31.43047247749945683, 3.153114352402060394, 0.8295338069309767803 ) ) ;
#5952 = EDGE_CURVE ( 'NONE', #4820, #6563, #5477, .T. ) ;
#5953 = CARTESIAN_POINT ( 'NONE',  ( 46.43544663659794480, 2.524272813499473855, -0.05834950790922115854 ) ) ;
#5954 = CARTESIAN_POINT ( 'NONE',  ( 48.70000000000000284, 2.531393742013005266, -1.125000000000000000 ) ) ;
#5955 = CARTESIAN_POINT ( 'NONE',  ( 41.64340948601829240, 2.955146419932334290, 0.3061546596491403482 ) ) ;
#5956 = PRODUCT_RELATED_PRODUCT_CATEGORY ( 'part', '', ( #5098 ) ) ;
#5957 = VECTOR ( 'NONE', #3661, 1000.000000000000000 ) ;
#5958 = PLANE ( 'NONE',  #7771 ) ;
#5959 = CARTESIAN_POINT ( 'NONE',  ( 31.50364101240399961, 3.462557871863202408, -0.8166392544510252538 ) ) ;
#5960 = DIRECTION ( 'NONE',  ( 1.000000000000000000, -2.666144858838236174E-32, 6.982962677686270655E-15 ) ) ;
#5961 = LINE ( 'NONE', #7950, #6821 ) ;
#5962 = CARTESIAN_POINT ( 'NONE',  ( 29.20551810936433768, 3.279237581643515753, -1.072148949844669907 ) ) ;
#5963 = LINE ( 'NONE', #1288, #6504 ) ;
#5964 = AXIS2_PLACEMENT_3D ( 'NONE', #2269, #6872, #6106 ) ;
#5965 = EDGE_CURVE ( 'NONE', #3604, #3540, #713, .T. ) ;
#5966 = ORIENTED_EDGE ( 'NONE', *, *, #8069, .F. ) ;
#5967 = FILL_AREA_STYLE ('',( #5493 ) ) ;
#5968 = CARTESIAN_POINT ( 'NONE',  ( 45.65056823456576041, 4.013191952278667429, -0.2236610021683844984 ) ) ;
#5969 = ORIENTED_EDGE ( 'NONE', *, *, #2794, .T. ) ;
#5970 = FACE_OUTER_BOUND ( 'NONE', #5603, .T. ) ;
#5971 = CARTESIAN_POINT ( 'NONE',  ( 26.42096956037340050, 3.477242631687881946, -2.899995006091684147 ) ) ;
#5972 = CARTESIAN_POINT ( 'NONE',  ( 47.99175702206061800, 3.258892925116072536, 0.4226645090272053151 ) ) ;
#5973 = CARTESIAN_POINT ( 'NONE',  ( 48.70000000000001705, 3.256393742012988035, 0.6250000000000001110 ) ) ;
#5974 = ORIENTED_EDGE ( 'NONE', *, *, #5701, .F. ) ;
#5975 = DIRECTION ( 'NONE',  ( -7.000000000000000150E-15, 0.000000000000000000, -1.000000000000000000 ) ) ;
#5976 = CONTEXT_DEPENDENT_SHAPE_REPRESENTATION ( #1861, #3617 ) ;
#5977 = CARTESIAN_POINT ( 'NONE',  ( 44.96040336394997183, 3.974993708337761777, -0.5357568117754231141 ) ) ;
#5978 = DIRECTION ( 'NONE',  ( -1.000000000000000000, 0.000000000000000000, -7.099163992599666699E-15 ) ) ;
#5979 = DIRECTION ( 'NONE',  ( -7.000000000000000150E-15, 2.999999999999999839E-15, -1.000000000000000000 ) ) ;
#5980 = CARTESIAN_POINT ( 'NONE',  ( 47.40775028976005956, 3.316895225413511117, 0.7675236748681403265 ) ) ;
#5981 = ORIENTED_EDGE ( 'NONE', *, *, #2803, .T. ) ;
#5982 = CARTESIAN_POINT ( 'NONE',  ( 48.80000000000000426, 4.531393742013010595, -2.125000000000000000 ) ) ;
#5983 = EDGE_LOOP ( 'NONE', ( #2604, #7319, #4739, #395 ) ) ;
#5984 = EDGE_CURVE ( 'NONE', #4855, #2257, #4083, .T. ) ;
#5985 = CARTESIAN_POINT ( 'NONE',  ( 33.63187848229765109, 3.188563666963658338, -0.4053400320338890750 ) ) ;
#5986 = CARTESIAN_POINT ( 'NONE',  ( 43.89854515320821804, 3.661733471593864309, -0.06783008095322833053 ) ) ;
#5987 = CARTESIAN_POINT ( 'NONE',  ( 42.43445227340667714, 3.305472222635720936, -0.4779342002911703413 ) ) ;
#5988 = CARTESIAN_POINT ( 'NONE',  ( 34.46240284800067855, 3.334856117039673773, -0.2198060693641078478 ) ) ;
#5989 = CARTESIAN_POINT ( 'NONE',  ( 38.15659051398019130, 3.614695289199546302, 0.3470412541901572445 ) ) ;
#5990 = CARTESIAN_POINT ( 'NONE',  ( 30.74098916560602746, 3.721506780541057768, -0.02601479899478611676 ) ) ;
#5991 = CARTESIAN_POINT ( 'NONE',  ( 47.83960193043029818, 2.846844860713526160, -0.8160434152194843138 ) ) ;
#5992 = CARTESIAN_POINT ( 'NONE',  ( 51.00000000000000000, 3.981393742012989900, 1.074999999999999956 ) ) ;
#5993 = AXIS2_PLACEMENT_3D ( 'NONE', #2513, #2471, #5163 ) ;
#5994 = CARTESIAN_POINT ( 'NONE',  ( 44.36521204881365321, 3.590975762588390019, 0.2386554814985465400 ) ) ;
#5995 = CARTESIAN_POINT ( 'NONE',  ( 49.09999999999999432, 1.931393742012990078, 2.125000000000000000 ) ) ;
#5996 = AXIS2_PLACEMENT_3D ( 'NONE', #5137, #582, #112 ) ;
#5997 = CARTESIAN_POINT ( 'NONE',  ( 48.49607695154589493, 2.471393742013005212, -0.8850000000000000089 ) ) ;
#5998 = CARTESIAN_POINT ( 'NONE',  ( 31.42538265846323853, 2.837377754551380971, -0.6994578134748258291 ) ) ;
#5999 = CARTESIAN_POINT ( 'NONE',  ( 36.15981937421604897, 3.956448657279272751, -0.4203188990686733129 ) ) ;
#6000 = CARTESIAN_POINT ( 'NONE',  ( 49.09999999999999432, 2.931393742012994963, 1.775000000000000133 ) ) ;
#6001 = VECTOR ( 'NONE', #4048, 1000.000000000000000 ) ;
#6002 = VECTOR ( 'NONE', #7164, 1000.000000000000000 ) ;
#6003 = CARTESIAN_POINT ( 'NONE',  ( 40.94340948602382468, 3.088826077397435643, -0.3954765511323940497 ) ) ;
#6004 = CARTESIAN_POINT ( 'NONE',  ( 31.11642825834159254, 3.109124112260064354, 0.05031268154070338977 ) ) ;
#6005 =( LENGTH_UNIT ( ) NAMED_UNIT ( * ) SI_UNIT ( .MILLI., .METRE. ) );
#6006 = CARTESIAN_POINT ( 'NONE',  ( 38.92110328229242810, 3.514883482290214189, 0.3220658004687139697 ) ) ;
#6007 = COLOUR_RGB ( '',1.000000000000000000, 1.000000000000000000, 1.000000000000000000 ) ;
#6008 = ORIENTED_EDGE ( 'NONE', *, *, #7863, .F. ) ;
#6009 = EDGE_LOOP ( 'NONE', ( #3213, #950, #2470, #4887, #6730, #6052, #1726, #4004 ) ) ;
#6010 = CARTESIAN_POINT ( 'NONE',  ( 46.58018908645585299, 3.560909549533467722, 0.5119121207760612968 ) ) ;
#6011 = PLANE ( 'NONE',  #7780 ) ;
#6012 = ORIENTED_EDGE ( 'NONE', *, *, #4408, .F. ) ;
#6013 = CARTESIAN_POINT ( 'NONE',  ( 49.29999999999999716, 4.831393742013000647, 0.1750000000000040135 ) ) ;
#6014 = PLANE ( 'NONE',  #2636 ) ;
#6015 = EDGE_CURVE ( 'NONE', #2313, #1478, #5407, .T. ) ;
#6016 = VECTOR ( 'NONE', #2355, 1000.000000000000000 ) ;
#6017 =( GEOMETRIC_REPRESENTATION_CONTEXT ( 3 ) GLOBAL_UNCERTAINTY_ASSIGNED_CONTEXT ( ( #3986 ) ) GLOBAL_UNIT_ASSIGNED_CONTEXT ( ( #4898, #2830, #8042 ) ) REPRESENTATION_CONTEXT ( 'NONE', 'WORKASPACE' ) );
#6018 = VERTEX_POINT ( 'NONE', #7193 ) ;
#6019 = EDGE_CURVE ( 'NONE', #5640, #5567, #3405, .T. ) ;
#6020 = FACE_OUTER_BOUND ( 'NONE', #8117, .T. ) ;
#6021 = ORIENTED_EDGE ( 'NONE', *, *, #5952, .F. ) ;
#6022 = LINE ( 'NONE', #863, #6409 ) ;
#6023 = AXIS2_PLACEMENT_3D ( 'NONE', #7428, #7479, #6788 ) ;
#6024 = CARTESIAN_POINT ( 'NONE',  ( 37.37923264373239363, 3.663561278071668426, -0.2585228997802356266 ) ) ;
#6025 = CARTESIAN_POINT ( 'NONE',  ( 47.96704116688547970, 3.653527295026242072, -0.8223189165408363310 ) ) ;
#6026 = CARTESIAN_POINT ( 'NONE',  ( 48.80000000000000426, 4.531393742013010595, -2.125000000000000000 ) ) ;
#6027 = LINE ( 'NONE', #7430, #6686 ) ;
#6028 = ORIENTED_EDGE ( 'NONE', *, *, #7832, .F. ) ;
#6029 = CARTESIAN_POINT ( 'NONE',  ( 48.59999999999999432, 2.531393742013005266, -1.125000000000000000 ) ) ;
#6030 = ORIENTED_EDGE ( 'NONE', *, *, #6609, .F. ) ;
#6031 = PLANE ( 'NONE',  #192 ) ;
#6032 = CARTESIAN_POINT ( 'NONE',  ( 48.59999999999999432, 3.981393742013000114, 0.3750000000000064948 ) ) ;
#6033 = DIRECTION ( 'NONE',  ( -2.666144858838235626E-32, -1.000000000000000000, -1.861759004257252044E-46 ) ) ;
#6034 = VECTOR ( 'NONE', #3424, 1000.000000000000000 ) ;
#6035 = CARTESIAN_POINT ( 'NONE',  ( 31.34981945619847465, 3.479478850433992410, -0.04267824210612723018 ) ) ;
#6036 = CARTESIAN_POINT ( 'NONE',  ( 31.22732536100870604, 3.351853214998308239, 0.8266457221514843523 ) ) ;
#6037 = CARTESIAN_POINT ( 'NONE',  ( 45.72090419246116255, 2.466675499372670721, 0.1295575336906157615 ) ) ;
#6038 = DIRECTION ( 'NONE',  ( 2.783159565502900135E-15, 1.000000000000000000, 2.999999999999999839E-15 ) ) ;
#6039 = CARTESIAN_POINT ( 'NONE',  ( 32.27224668164851806, 3.187317160367494129, -0.09350134616040282898 ) ) ;
#6040 = CARTESIAN_POINT ( 'NONE',  ( 25.00863522119763616, 1.727156155566248907, -5.299041726028370647 ) ) ;
#6041 = CYLINDRICAL_SURFACE ( 'NONE', #5878, 1.499999999999999556 ) ;
#6042 = CARTESIAN_POINT ( 'NONE',  ( 29.81965475162988355, 2.873719732422852058, 0.8663271453269695277 ) ) ;
#6043 = CARTESIAN_POINT ( 'NONE',  ( 51.29999999999999716, 3.981393742012985459, 1.474999999999988098 ) ) ;
#6044 = CARTESIAN_POINT ( 'NONE',  ( 40.16521180071076458, 2.851054028044102573, 0.06783006277928380068 ) ) ;
#6045 = CARTESIAN_POINT ( 'NONE',  ( 31.33823975734715717, 3.282805885337630958, 0.8457880568199707128 ) ) ;
#6046 = SURFACE_STYLE_USAGE ( .BOTH. , #1587 ) ;
#6047 = APPLICATION_CONTEXT ( 'automotive_design' ) ;
#6048 = ORIENTED_EDGE ( 'NONE', *, *, #7194, .F. ) ;
#6049 = CARTESIAN_POINT ( 'NONE',  ( 45.47229497646492291, 3.661574975172772639, 0.2254022645527941349 ) ) ;
#6050 = EDGE_CURVE ( 'NONE', #7567, #7208, #1175, .T. ) ;
#6051 = LINE ( 'NONE', #943, #2626 ) ;
#6052 = ORIENTED_EDGE ( 'NONE', *, *, #3583, .T. ) ;
#6053 = DIRECTION ( 'NONE',  ( 2.999999999999999839E-15, 1.000000000000000000, 0.000000000000000000 ) ) ;
#6054 = LINE ( 'NONE', #4771, #4104 ) ;
#6055 = CARTESIAN_POINT ( 'NONE',  ( 33.67423468701935008, 3.229948089356332819, -0.8140657627427512200 ) ) ;
#6056 = EDGE_CURVE ( 'NONE', #6113, #3615, #2746, .T. ) ;
#6057 = EDGE_LOOP ( 'NONE', ( #191, #3500, #7553, #3629, #7962, #5844 ) ) ;
#6058 = DIRECTION ( 'NONE',  ( -0.5000000000000061062, 4.098076211353317325E-15, -0.8660254037844351549 ) ) ;
#6059 = ORIENTED_EDGE ( 'NONE', *, *, #8257, .F. ) ;
#6060 = EDGE_CURVE ( 'NONE', #7241, #7526, #7273, .T. ) ;
#6061 = LINE ( 'NONE', #7855, #6947 ) ;
#6062 = CARTESIAN_POINT ( 'NONE',  ( 31.85725665064701673, 2.804285271867758667, 0.2178331047557758027 ) ) ;
#6063 = CARTESIAN_POINT ( 'NONE',  ( 45.34943176543428933, 3.213191952278669383, -0.2236610021683869964 ) ) ;
#6064 = CARTESIAN_POINT ( 'NONE',  ( 26.38159680544294616, 3.877242633967208363, -2.927467146383452956 ) ) ;
#6065 = VECTOR ( 'NONE', #5623, 1000.000000000000000 ) ;
#6066 = PLANE ( 'NONE',  #3298 ) ;
#6067 = ORIENTED_EDGE ( 'NONE', *, *, #2588, .F. ) ;
#6068 = CARTESIAN_POINT ( 'NONE',  ( 48.13059057104412375, 3.256393742012991588, 0.4250000000000083711 ) ) ;
#6069 = ORIENTED_EDGE ( 'NONE', *, *, #52, .T. ) ;
#6070 = EDGE_CURVE ( 'NONE', #4237, #1719, #5318, .T. ) ;
#6071 = CARTESIAN_POINT ( 'NONE',  ( 43.58776991527757616, 2.934328248368706760, 0.2584896670905227900 ) ) ;
#6072 = LINE ( 'NONE', #7298, #8318 ) ;
#6073 = CARTESIAN_POINT ( 'NONE',  ( 34.96778560659642920, 3.305472222832823714, -0.4779341995363297069 ) ) ;
#6074 = VECTOR ( 'NONE', #1162, 1000.000000000000000 ) ;
#6075 = CARTESIAN_POINT ( 'NONE',  ( 37.64090169496616767, 2.969297480167811365, 0.7622188636836618736 ) ) ;
#6076 = CARTESIAN_POINT ( 'NONE',  ( 42.78825587143582254, 3.575018956333255282, -0.8033859625925674486 ) ) ;
#6077 = CARTESIAN_POINT ( 'NONE',  ( 40.53369441455449618, 2.999160713754690732, -0.8603515367664856806 ) ) ;
#6078 = CARTESIAN_POINT ( 'NONE',  ( -11.49999999999998934, -0.05000000000000000278, -1.500000000000080158 ) ) ;
#6079 = CARTESIAN_POINT ( 'NONE',  ( 45.94144436699999545, 2.471406858061201195, -0.3506831449308225879 ) ) ;
#6080 = FACE_BOUND ( 'NONE', #2558, .T. ) ;
#6081 = CARTESIAN_POINT ( 'NONE',  ( 35.61572052373340114, 3.148500634579842750, -0.02880559789967452114 ) ) ;
#6082 = DIRECTION ( 'NONE',  ( -0.8660254037844381525, 0.5000000000000007772, 0.000000000000000000 ) ) ;
#6083 = LINE ( 'NONE', #6597, #5866 ) ;
#6084 = CARTESIAN_POINT ( 'NONE',  ( 44.36521204881365321, 3.590975762588390019, 0.2386554814985465400 ) ) ;
#6085 = CARTESIAN_POINT ( 'NONE',  ( 33.16521200046231144, 3.590978199306088303, 0.2386580203657336086 ) ) ;
#6086 = CARTESIAN_POINT ( 'NONE',  ( 37.24905385702755467, 3.145690083324013120, 0.01467600239861237450 ) ) ;
#6087 = CARTESIAN_POINT ( 'NONE',  ( 30.23054662516042157, 3.682002481108011427, -0.4991544489485048031 ) ) ;
#6088 =( NAMED_UNIT ( * ) PLANE_ANGLE_UNIT ( ) SI_UNIT ( $, .RADIAN. ) );
#6089 = CARTESIAN_POINT ( 'NONE',  ( 29.69060871094688636, 2.654112872783083166, 0.5272980754396983105 ) ) ;
#6090 = AXIS2_PLACEMENT_3D ( 'NONE', #3711, #6935, #6858 ) ;
#6091 = ORIENTED_EDGE ( 'NONE', *, *, #3373, .F. ) ;
#6092 = ORIENTED_EDGE ( 'NONE', *, *, #850, .T. ) ;
#6093 = ADVANCED_FACE ( 'NONE', ( #7917 ), #3449, .T. ) ;
#6094 = CARTESIAN_POINT ( 'NONE',  ( 48.70000000000000284, 2.531393742012999937, 0.1249999999999980016 ) ) ;
#6095 = PLANE ( 'NONE',  #1290 ) ;
#6096 = ORIENTED_EDGE ( 'NONE', *, *, #7417, .F. ) ;
#6097 = CARTESIAN_POINT ( 'NONE',  ( 32.98923080492915005, 1.577156155566248996, -0.1240656976656363819 ) ) ;
#6098 = CIRCLE ( 'NONE', #2324, 0.1999999999999999833 ) ;
#6099 = DIRECTION ( 'NONE',  ( -1.000000000000000000, 2.999999999999999839E-15, 8.673617379884099407E-30 ) ) ;
#6100 = ORIENTED_EDGE ( 'NONE', *, *, #128, .T. ) ;
#6101 = CARTESIAN_POINT ( 'NONE',  ( 33.63187848229765109, 3.188563666963658338, -0.4053400320338890750 ) ) ;
#6102 = CARTESIAN_POINT ( 'NONE',  ( 25.36576441299823514, 2.425497541452680039, 4.124004558320323532 ) ) ;
#6103 = CONTEXT_DEPENDENT_SHAPE_REPRESENTATION ( #2280, #4751 ) ;
#6104 = CARTESIAN_POINT ( 'NONE',  ( 40.76106315528373614, 3.385164824282263396, -0.8873224957002705526 ) ) ;
#6105 = CARTESIAN_POINT ( 'NONE',  ( 48.06913499914221433, 3.655839911479909610, -0.4244838980722251409 ) ) ;
#6106 = DIRECTION ( 'NONE',  ( -1.000000000000000000, 0.000000000000000000, -6.982962677686267499E-15 ) ) ;
#6107 = DIRECTION ( 'NONE',  ( 0.9998918860475787262, -3.043788535468364441E-15, 0.01470429244186939599 ) ) ;
#6108 = EDGE_LOOP ( 'NONE', ( #6874, #3566, #5724, #898 ) ) ;
#6109 = CARTESIAN_POINT ( 'NONE',  ( 48.70000000000000284, 3.981393742013000114, -0.8750000000000000000 ) ) ;
#6110 = ORIENTED_EDGE ( 'NONE', *, *, #3911, .T. ) ;
#6111 = CARTESIAN_POINT ( 'NONE',  ( 33.32110331287331206, 3.514883504173325068, 0.3220657735987889625 ) ) ;
#6112 = CARTESIAN_POINT ( 'NONE',  ( 35.18776994896078492, 3.514883482287408878, 0.3220658004636284821 ) ) ;
#6113 = VERTEX_POINT ( 'NONE', #5366 ) ;
#6114 = FACE_OUTER_BOUND ( 'NONE', #6057, .T. ) ;
#6115 = CARTESIAN_POINT ( 'NONE',  ( 43.83445290839430442, 3.559643927282193143, 0.3726562038302856927 ) ) ;
#6116 = CARTESIAN_POINT ( 'NONE',  ( 43.47423503064092642, 3.813324635877368252, -0.5943314269698664054 ) ) ;
#6117 = CARTESIAN_POINT ( 'NONE',  ( 33.41256594564819693, 2.979152397151217269, 0.3946599679661542681 ) ) ;
#6118 = CARTESIAN_POINT ( 'NONE',  ( 39.05492253799181412, 2.937768527790084239, 0.8033859624320766057 ) ) ;
#6119 = PLANE ( 'NONE',  #5677 ) ;
#6120 = PLANE ( 'NONE',  #3250 ) ;
#6121 = EDGE_CURVE ( 'NONE', #7086, #1075, #5274, .T. ) ;
#6122 = PLANE ( 'NONE',  #7225 ) ;
#6123 = EDGE_LOOP ( 'NONE', ( #2218, #260, #1922, #5224 ) ) ;
#6124 = CARTESIAN_POINT ( 'NONE',  ( 40.28238719038304083, 3.285199339891859527, -0.1078931074227631598 ) ) ;
#6125 = EDGE_CURVE ( 'NONE', #3595, #3232, #5885, .T. ) ;
#6126 = LINE ( 'NONE', #721, #4909 ) ;
#6127 = LINE ( 'NONE', #2821, #3286 ) ;
#6128 = CARTESIAN_POINT ( 'NONE',  ( 31.23740271875276875, 2.896391274400502702, -0.2749584008937655533 ) ) ;
#6129 = CARTESIAN_POINT ( 'NONE',  ( 42.49854513404306999, 2.921812184234044096, -0.2386553630611706334 ) ) ;
#6130 = CARTESIAN_POINT ( 'NONE',  ( 35.65443661563279676, 3.301348805313893742, -0.4105147597397035830 ) ) ;
#6131 = CARTESIAN_POINT ( 'NONE',  ( 32.81571993341626836, 3.227589136525865765, 0.1078935770594982579 ) ) ;
#6132 = CARTESIAN_POINT ( 'NONE',  ( 29.15152365470941120, 3.449061285364865448, -0.9947647195638370521 ) ) ;
#6133 = VECTOR ( 'NONE', #1662, 1000.000000000000000 ) ;
#6134 = CARTESIAN_POINT ( 'NONE',  ( 32.07632621439920939, 3.111992644607818104, 0.4010631918969244647 ) ) ;
#6135 = CARTESIAN_POINT ( 'NONE',  ( 48.70000000000000284, 2.531393742012999937, -0.4249999999999999889 ) ) ;
#6136 = ORIENTED_EDGE ( 'NONE', *, *, #3775, .F. ) ;
#6137 = AXIS2_PLACEMENT_3D ( 'NONE', #2412, #5713, #2494 ) ;
#6138 = CARTESIAN_POINT ( 'NONE',  ( 25.36576441299823514, 2.425497541452680039, 4.124004558320323532 ) ) ;
#6139 = LINE ( 'NONE', #2795, #7218 ) ;
#6140 = ORIENTED_EDGE ( 'NONE', *, *, #7845, .F. ) ;
#6141 = CARTESIAN_POINT ( 'NONE',  ( 52.29999999999999716, 3.381393742012989811, 0.4499999999999784728 ) ) ;
#6142 = DIRECTION ( 'NONE',  ( 1.000000000000000000, 0.000000000000000000, 0.000000000000000000 ) ) ;
#6143 = DIRECTION ( 'NONE',  ( -0.000000000000000000, -1.000000000000000000, -0.000000000000000000 ) ) ;
#6144 = FACE_OUTER_BOUND ( 'NONE', #6955, .T. ) ;
#6145 = VECTOR ( 'NONE', #8206, 1000.000000000000000 ) ;
#6146 = EDGE_LOOP ( 'NONE', ( #367, #6731, #3423, #7137 ) ) ;
#6147 = LINE ( 'NONE', #266, #5495 ) ;
#6148 = ORIENTED_EDGE ( 'NONE', *, *, #6787, .T. ) ;
#6149 = CARTESIAN_POINT ( 'NONE',  ( 33.16521200046231144, 2.921809284719995681, -0.2386580203655147003 ) ) ;
#6150 = DIRECTION ( 'NONE',  ( 0.7745966692414880672, 0.4472135954999545415, 0.4472135954999530427 ) ) ;
#6151 = CARTESIAN_POINT ( 'NONE',  ( 32.98825087998300631, 2.913623319518225507, -0.7933841877653191599 ) ) ;
#6152 = CARTESIAN_POINT ( 'NONE',  ( 49.09999999999999432, 4.831393742012989989, 1.474999999999999867 ) ) ;
#6153 = CARTESIAN_POINT ( 'NONE',  ( 31.15148475036799525, 2.865395281631771152, -0.2389132818765485888 ) ) ;
#6154 = VERTEX_POINT ( 'NONE', #7876 ) ;
#6155 = DIRECTION ( 'NONE',  ( 0.8630339426736878261, -0.08304547985374167995, -0.4982728791224458331 ) ) ;
#6156 = AXIS2_PLACEMENT_3D ( 'NONE', #6141, #4315, #6901 ) ;
#6157 = ORIENTED_EDGE ( 'NONE', *, *, #4508, .T. ) ;
#6158 = CARTESIAN_POINT ( 'NONE',  ( 35.18776994896077781, 2.997904001738663560, -0.3220658004634379123 ) ) ;
#6159 = CARTESIAN_POINT ( 'NONE',  ( 44.64717757742013760, 3.498474185823800653, 0.04259672523170783542 ) ) ;
#6160 = VERTEX_POINT ( 'NONE', #7840 ) ;
#6161 = CARTESIAN_POINT ( 'NONE',  ( 48.50000000000000000, 4.039128768931955271, -0.1249999999999957950 ) ) ;
#6162 = CARTESIAN_POINT ( 'NONE',  ( 38.15659051398018420, 2.898092194826507928, -0.3470412541900081971 ) ) ;
#6163 = CARTESIAN_POINT ( 'NONE',  ( 31.39014596684896219, 3.093211492997088641, 0.4361060245186743067 ) ) ;
#6164 = CARTESIAN_POINT ( 'NONE',  ( 48.70000000000000284, 2.531393742012999937, -0.8249999999999999556 ) ) ;
#6165 = DIRECTION ( 'NONE',  ( 1.000000000000000000, 0.000000000000000000, 6.982962677686267499E-15 ) ) ;
#6166 = CARTESIAN_POINT ( 'NONE',  ( 49.09999999999999432, 2.081393742012994874, 1.474999999999999867 ) ) ;
#6167 = ADVANCED_FACE ( 'NONE', ( #94 ), #5237, .T. ) ;
#6168 = VERTEX_POINT ( 'NONE', #2076 ) ;
#6169 = CARTESIAN_POINT ( 'NONE',  ( 42.23687608278921601, 3.433115863231535059, -0.1568306554289324306 ) ) ;
#6170 = CARTESIAN_POINT ( 'NONE',  ( 51.29999999999999716, 4.381393742012989811, 0.1249999999999885925 ) ) ;
#6171 = CARTESIAN_POINT ( 'NONE',  ( 48.59999999999999432, 3.981393742013000114, -0.8750000000000000000 ) ) ;
#6172 = ADVANCED_FACE ( 'NONE', ( #4715, #7312 ), #251, .T. ) ;
#6173 = LINE ( 'NONE', #7309, #7335 ) ;
#6174 = LINE ( 'NONE', #3707, #1424 ) ;
#6175 = CARTESIAN_POINT ( 'NONE',  ( 40.94340948602383179, 3.423961406628602600, 0.3954765511325040173 ) ) ;
#6176 = CARTESIAN_POINT ( 'NONE',  ( 39.81572052368412074, 3.312317056335720267, 0.09666058144965852805 ) ) ;
#6177 = CARTESIAN_POINT ( 'NONE',  ( 30.03340194115318695, 3.574036143003991306, 0.07787911399216634889 ) ) ;
#6178 = CARTESIAN_POINT ( 'NONE',  ( 38.76521180071387818, 3.590975299801606013, 0.2386553630728877051 ) ) ;
#6179 = ADVANCED_FACE ( 'NONE', ( #7359 ), #1684, .T. ) ;
#6180 = CARTESIAN_POINT ( 'NONE',  ( 48.70000000000000284, 2.531393742012994608, 0.8249999999999999556 ) ) ;
#6181 = EDGE_LOOP ( 'NONE', ( #4900, #228, #6825, #940 ) ) ;
#6182 = VERTEX_POINT ( 'NONE', #1053 ) ;
#6183 = CARTESIAN_POINT ( 'NONE',  ( 25.50844145124333906, 2.588649715181440047, 4.024452377677166126 ) ) ;
#6184 = DIRECTION ( 'NONE',  ( 2.666144858838235626E-32, 1.000000000000000000, 1.861759004257252044E-46 ) ) ;
#6185 = ORIENTED_EDGE ( 'NONE', *, *, #8228, .T. ) ;
#6186 = CARTESIAN_POINT ( 'NONE',  ( 52.20000000000000284, 3.481393742012984571, 1.474999999999980105 ) ) ;
#6187 = CARTESIAN_POINT ( 'NONE',  ( -9.633924433998837245, -0.05000000000000000278, -1.500000000000067280 ) ) ;
#6188 = CARTESIAN_POINT ( 'NONE',  ( 51.70000000000000284, 4.381393742012989811, 0.8249999999999859668 ) ) ;
#6189 = ORIENTED_EDGE ( 'NONE', *, *, #498, .F. ) ;
#6190 = CARTESIAN_POINT ( 'NONE',  ( 47.93676817398022649, 3.252143333051139784, -0.8210227454707483830 ) ) ;
#6191 = ORIENTED_EDGE ( 'NONE', *, *, #1434, .T. ) ;
#6192 = LINE ( 'NONE', #401, #1693 ) ;
#6193 = DIRECTION ( 'NONE',  ( -0.000000000000000000, -1.000000000000000000, -0.000000000000000000 ) ) ;
#6194 = CARTESIAN_POINT ( 'NONE',  ( 34.07316836496740109, 4.112317056439874996, -0.1127506779859547142 ) ) ;
#6195 = DIRECTION ( 'NONE',  ( 1.000000000000000000, -2.999999999999999839E-15, -7.000000000000000150E-15 ) ) ;
#6196 = EDGE_CURVE ( 'NONE', #5262, #1766, #3515, .T. ) ;
#6197 = ORIENTED_EDGE ( 'NONE', *, *, #2180, .F. ) ;
#6198 = CARTESIAN_POINT ( 'NONE',  ( 46.29541976154579430, 3.604253717754538844, 0.4492394956755573765 ) ) ;
#6199 = ORIENTED_EDGE ( 'NONE', *, *, #5492, .T. ) ;
#6200 = CARTESIAN_POINT ( 'NONE',  ( 51.70000000000000284, 3.981393742012995229, -0.8250000000000160538 ) ) ;
#6201 = CARTESIAN_POINT ( 'NONE',  ( 45.56906100969094098, 3.226618678250773531, -0.1025864099607544239 ) ) ;
#6202 = ORIENTED_EDGE ( 'NONE', *, *, #2859, .T. ) ;
#6203 = EDGE_CURVE ( 'NONE', #5550, #11, #4332, .T. ) ;
#6204 = CARTESIAN_POINT ( 'NONE',  ( 33.87923264191194761, 2.781287570644345397, 0.08302773161907615884 ) ) ;
#6205 = VECTOR ( 'NONE', #3923, 1000.000000000000000 ) ;
#6206 = PLANE ( 'NONE',  #6353 ) ;
#6207 = CARTESIAN_POINT ( 'NONE',  ( 48.70000000000001705, 3.256393742012988035, 0.4250000000000001554 ) ) ;
#6208 = DIRECTION ( 'NONE',  ( 1.000000000000000000, -2.999999999999999839E-15, 0.000000000000000000 ) ) ;
#6209 = VECTOR ( 'NONE', #5172, 1000.000000000000000 ) ;
#6210 = EDGE_CURVE ( 'NONE', #3767, #3604, #7378, .T. ) ;
#6211 = VERTEX_POINT ( 'NONE', #8239 ) ;
#6212 = CARTESIAN_POINT ( 'NONE',  ( 35.92285523974785377, 3.176773577026913209, -0.07483169096623254468 ) ) ;
#6213 = VECTOR ( 'NONE', #7604, 1000.000000000000000 ) ;
#6214 = CARTESIAN_POINT ( 'NONE',  ( 30.89994783366332598, 3.713363360494824406, 0.1023232800367804285 ) ) ;
#6215 = DIRECTION ( 'NONE',  ( 0.000000000000000000, 1.000000000000000000, 2.891205793294677044E-15 ) ) ;
#6216 = CARTESIAN_POINT ( 'NONE',  ( 25.48750226215571857, 2.273686715467833963, 3.551317084520908107 ) ) ;
#6217 = CARTESIAN_POINT ( 'NONE',  ( 49.09999999999999432, 2.981393742013004999, -1.474999999999999867 ) ) ;
#6218 = CARTESIAN_POINT ( 'NONE',  ( 33.20756399956842131, 3.850723920014090584, 0.5569386819293431490 ) ) ;
#6219 = EDGE_CURVE ( 'NONE', #3783, #5855, #4878, .T. ) ;
#6220 = CARTESIAN_POINT ( 'NONE',  ( 36.12110328229557155, 3.578459542491055245, -0.2584897402769664732 ) ) ;
#6221 = CARTESIAN_POINT ( 'NONE',  ( 33.74905385955251091, 3.148500632022375623, -0.02880559401918920265 ) ) ;
#6222 = CARTESIAN_POINT ( 'NONE',  ( 31.60985403315105202, 3.419575991029049522, 0.3638939754815671557 ) ) ;
#6223 = CARTESIAN_POINT ( 'NONE',  ( 48.59999999999999432, 2.381393742013000026, -0.4249999999999999889 ) ) ;
#6224 = PRODUCT_RELATED_PRODUCT_CATEGORY ( 'part', '', ( #779 ) ) ;
#6225 = SURFACE_STYLE_FILL_AREA ( #7410 ) ;
#6226 = ORIENTED_EDGE ( 'NONE', *, *, #6219, .F. ) ;
#6227 = ORIENTED_EDGE ( 'NONE', *, *, #1211, .T. ) ;
#6228 = CARTESIAN_POINT ( 'NONE',  ( 45.70307128130328778, 3.646602030726652455, -0.1194975787942661877 ) ) ;
#6229 = ORIENTED_EDGE ( 'NONE', *, *, #829, .T. ) ;
#6230 = DIRECTION ( 'NONE',  ( -0.1045284632676499736, 0.9945218953682737340, 0.000000000000000000 ) ) ;
#6231 = CARTESIAN_POINT ( 'NONE',  ( 0.000000000000000000, 5.000000000000000000, -10.00000000000000000 ) ) ;
#6232 =( BOUNDED_SURFACE ( )  B_SPLINE_SURFACE ( 3, 3, ( 
 ( #1496, #4040, #7195, #214, #7237, #5922, #5322, #132, #715, #2006, #7918, #1411, #6681, #4554, #2705, #5275, #2163, #7877, #2078, #6003, #4633, #2667, #6044, #4000, #3922, #95, #1452, #7313, #6600, #167, #3450, #2124, #893, #802, #2747, #253, #1540, #4673, #4716, #6639, #7150, #846, #4084, #5199, #6515, #3406, #2787, #5368, #3287, #7454, #8125, #386, #2826, #6809, #5584, #2912, #4220, #7407 ),
 ( #4758, #2203, #1625, #1585, #2867, #2331, #8086, #3659, #3584, #4944, #5499, #423, #2374, #5408, #5449, #1710, #4172, #7361, #2291, #8038, #8165, #4130, #7546, #6176, #6768, #1027, #6726, #983, #4270, #4850, #1755, #6894, #1667, #6086, #6258, #3489, #2953, #4304, #5543, #6856, #935, #1070, #3623, #4895, #7501, #294, #2248, #6221, #2995, #4803, #3536, #6131, #346, #1876, #1832, #5107, #3160, #4464 ),
 ( #7106, #6389, #5756, #5022, #7752, #8339, #7626, #3201, #554, #1234, #5715, #4985, #7021, #3835, #464, #592, #2535, #8294, #3037, #1196, #6429, #7670, #3874, #4423, #5794, #632, #1954, #3788, #5635, #3, #7711, #8214, #6981, #1917, #7061, #2414, #1275, #2577, #3751, #5149, #4503, #1318, #7587, #1792, #6348, #4347, #6933, #1151, #3709, #6307, #516, #3086, #5672, #8253, #2456, #1483, #2697, #4031 ),
 ( #3239, #2656, #7184, #836, #7830, #5228, #7266, #1402, #3912, #7302, #5266, #5188, #7141, #6506, #201, #5875, #1445, #4705, #3360, #2153, #86, #3991, #1529, #2780, #705, #3396, #2032, #40, #2737, #5989, #5356, #5832, #6590, #4664, #3275, #3951, #7869, #4583, #6467, #2069, #7792, #1360, #6550, #2618, #753, #792, #1995, #5307, #3321, #5912, #7908, #4623, #7227, #2114, #6628, #8022, #5399, #6163 ),
 ( #3439, #1013, #4883, #6715, #4792, #331, #3572, #375, #7980, #8073, #1057, #970, #5486, #283, #7395, #2281, #2193, #7346, #2856, #924, #6077, #2941, #3524, #4930, #7441, #2239, #6118, #3611, #2900, #5529, #7489, #3149, #6296, #6247, #4375, #4337, #7051, #454, #6526, #5052, #3074, #8284, #1743, #503, #5747, #1819, #8243, #8203, #6378, #542, #7012, #7658, #2445, #3823, #3695, #6882, #3023, #5012 ),
 ( #2484, #1140, #6922, #5660, #5622, #1906, #5249, #2404, #7617, #6970, #4974, #7572, #3742, #106, #1782, #1866, #4453, #7699, #1224, #3112, #5702, #2677, #2526, #5096, #1265, #727, #3301, #5896, #1507, #2759, #7326, #2135, #5931, #7206, #6694, #1464, #948, #1422, #4011, #4685, #7377, #815, #858, #1599, #905, #2051, #2876, #3461, #6055, #6737, #142, #2717, #5288, #6951, #4907, #437, #7518, #4185 ),
 ( #4815, #4956, #6905, #4280, #7418, #6867, #6321, #3672, #3549, #5511, #4232, #7805, #7153, #6442, #8266, #3177, #7073, #5771, #7725, #1965, #3409, #4003, #4087, #7364, #805, #7316, #4132, #6006, #6178, #1030, #4852, #7590, #470, #389, #2250, #3040, #6770, #5546, #2956, #4307, #297, #8217, #8127, #2417, #2335, #985, #1627, #7504, #1713, #6728, #4174, #937, #4272, #426, #6134, #348, #6859, #1073 ) ),
 .UNSPECIFIED., .T., .F., .F. ) 
 B_SPLINE_SURFACE_WITH_KNOTS ( ( 4, 3, 4 ),
 ( 4, 2, 2, 2, 2, 2, 2, 2, 2, 2, 2, 2, 2, 2, 2, 2, 2, 2, 2, 2, 2, 2, 2, 2, 2, 2, 2, 2, 4 ),
 ( 0.000000000000000000, 0.5000000000000000000, 1.000000000000000000 ),
 ( 0.1308689870526984211, 0.1419233613375222303, 0.1750864841920457826, 0.1971952327616690592, 0.2193039813312923081, 0.2414127299009406202, 0.2635214784705889324, 0.2856302270402372723, 0.3077389756098856122, 0.3409020984643585939, 0.3740652213188316866, 0.3961739698884907401, 0.4182827184581498492, 0.4403914670277873089, 0.4625002155974248241, 0.4956633384518976393, 0.5177720870215460902, 0.5398808355911944856, 0.5730439584462085900, 0.5951527070155860910, 0.6172614555849635920, 0.6393702041546120984, 0.6614789527242606049, 0.6835877012939084452, 0.7056964498635562855, 0.7278051984332052360, 0.7499139470028541865, 0.7830770698573270572, 0.7941314441421509773 ),
 .UNSPECIFIED. ) 
 GEOMETRIC_REPRESENTATION_ITEM ( )  RATIONAL_B_SPLINE_SURFACE ( (
 ( 1.000000000000000000, 1.000000000000000000, 1.000000000000000000, 1.000000000000000000, 1.000000000000000000, 1.000000000000000000, 1.000000000000000000, 1.000000000000000000, 1.000000000000000000, 1.000000000000000000, 1.000000000000000000, 1.000000000000000000, 1.000000000000000000, 1.000000000000000000, 1.000000000000000000, 1.000000000000000000, 1.000000000000000000, 1.000000000000000000, 1.000000000000000000, 1.000000000000000000, 1.000000000000000000, 1.000000000000000000, 1.000000000000000000, 1.000000000000000000, 1.000000000000000000, 1.000000000000000000, 1.000000000000000000, 1.000000000000000000, 1.000000000000000000, 1.000000000000000000, 1.000000000000000000, 1.000000000000000000, 1.000000000000000000, 1.000000000000000000, 1.000000000000000000, 1.000000000000000000, 1.000000000000000000, 1.000000000000000000, 1.000000000000000000, 1.000000000000000000, 1.000000000000000000, 1.000000000000000000, 1.000000000000000000, 1.000000000000000000, 1.000000000000000000, 1.000000000000000000, 1.000000000000000000, 1.000000000000000000, 1.000000000000000000, 1.000000000000000000, 1.000000000000000000, 1.000000000000000000, 1.000000000000000000, 1.000000000000000000, 1.000000000000000000, 1.000000000000000000, 1.000000000000000000, 1.000000000000000000),
 ( 0.3333333333333333703, 0.3333333333333333703, 0.3333333333333333703, 0.3333333333333333703, 0.3333333333333333703, 0.3333333333333333703, 0.3333333333333333703, 0.3333333333333333703, 0.3333333333333333703, 0.3333333333333333703, 0.3333333333333333703, 0.3333333333333333703, 0.3333333333333333703, 0.3333333333333333703, 0.3333333333333333703, 0.3333333333333333703, 0.3333333333333333703, 0.3333333333333333703, 0.3333333333333333703, 0.3333333333333333703, 0.3333333333333333703, 0.3333333333333333703, 0.3333333333333333703, 0.3333333333333333703, 0.3333333333333333703, 0.3333333333333333703, 0.3333333333333333703, 0.3333333333333333703, 0.3333333333333333703, 0.3333333333333333703, 0.3333333333333333703, 0.3333333333333333703, 0.3333333333333333703, 0.3333333333333333703, 0.3333333333333333703, 0.3333333333333333703, 0.3333333333333333703, 0.3333333333333333703, 0.3333333333333333703, 0.3333333333333333703, 0.3333333333333333703, 0.3333333333333333703, 0.3333333333333333703, 0.3333333333333333703, 0.3333333333333333703, 0.3333333333333333703, 0.3333333333333333703, 0.3333333333333333703, 0.3333333333333333703, 0.3333333333333333703, 0.3333333333333333703, 0.3333333333333333703, 0.3333333333333333703, 0.3333333333333333703, 0.3333333333333333703, 0.3333333333333333703, 0.3333333333333333703, 0.3333333333333333703),
 ( 0.3333333333333333703, 0.3333333333333333703, 0.3333333333333333703, 0.3333333333333333703, 0.3333333333333333703, 0.3333333333333333703, 0.3333333333333333703, 0.3333333333333333703, 0.3333333333333333703, 0.3333333333333333703, 0.3333333333333333703, 0.3333333333333333703, 0.3333333333333333703, 0.3333333333333333703, 0.3333333333333333703, 0.3333333333333333703, 0.3333333333333333703, 0.3333333333333333703, 0.3333333333333333703, 0.3333333333333333703, 0.3333333333333333703, 0.3333333333333333703, 0.3333333333333333703, 0.3333333333333333703, 0.3333333333333333703, 0.3333333333333333703, 0.3333333333333333703, 0.3333333333333333703, 0.3333333333333333703, 0.3333333333333333703, 0.3333333333333333703, 0.3333333333333333703, 0.3333333333333333703, 0.3333333333333333703, 0.3333333333333333703, 0.3333333333333333703, 0.3333333333333333703, 0.3333333333333333703, 0.3333333333333333703, 0.3333333333333333703, 0.3333333333333333703, 0.3333333333333333703, 0.3333333333333333703, 0.3333333333333333703, 0.3333333333333333703, 0.3333333333333333703, 0.3333333333333333703, 0.3333333333333333703, 0.3333333333333333703, 0.3333333333333333703, 0.3333333333333333703, 0.3333333333333333703, 0.3333333333333333703, 0.3333333333333333703, 0.3333333333333333703, 0.3333333333333333703, 0.3333333333333333703, 0.3333333333333333703),
 ( 1.000000000000000000, 1.000000000000000000, 1.000000000000000000, 1.000000000000000000, 1.000000000000000000, 1.000000000000000000, 1.000000000000000000, 1.000000000000000000, 1.000000000000000000, 1.000000000000000000, 1.000000000000000000, 1.000000000000000000, 1.000000000000000000, 1.000000000000000000, 1.000000000000000000, 1.000000000000000000, 1.000000000000000000, 1.000000000000000000, 1.000000000000000000, 1.000000000000000000, 1.000000000000000000, 1.000000000000000000, 1.000000000000000000, 1.000000000000000000, 1.000000000000000000, 1.000000000000000000, 1.000000000000000000, 1.000000000000000000, 1.000000000000000000, 1.000000000000000000, 1.000000000000000000, 1.000000000000000000, 1.000000000000000000, 1.000000000000000000, 1.000000000000000000, 1.000000000000000000, 1.000000000000000000, 1.000000000000000000, 1.000000000000000000, 1.000000000000000000, 1.000000000000000000, 1.000000000000000000, 1.000000000000000000, 1.000000000000000000, 1.000000000000000000, 1.000000000000000000, 1.000000000000000000, 1.000000000000000000, 1.000000000000000000, 1.000000000000000000, 1.000000000000000000, 1.000000000000000000, 1.000000000000000000, 1.000000000000000000, 1.000000000000000000, 1.000000000000000000, 1.000000000000000000, 1.000000000000000000),
 ( 0.3333333333333333703, 0.3333333333333333703, 0.3333333333333333703, 0.3333333333333333703, 0.3333333333333333703, 0.3333333333333333703, 0.3333333333333333703, 0.3333333333333333703, 0.3333333333333333703, 0.3333333333333333703, 0.3333333333333333703, 0.3333333333333333703, 0.3333333333333333703, 0.3333333333333333703, 0.3333333333333333703, 0.3333333333333333703, 0.3333333333333333703, 0.3333333333333333703, 0.3333333333333333703, 0.3333333333333333703, 0.3333333333333333703, 0.3333333333333333703, 0.3333333333333333703, 0.3333333333333333703, 0.3333333333333333703, 0.3333333333333333703, 0.3333333333333333703, 0.3333333333333333703, 0.3333333333333333703, 0.3333333333333333703, 0.3333333333333333703, 0.3333333333333333703, 0.3333333333333333703, 0.3333333333333333703, 0.3333333333333333703, 0.3333333333333333703, 0.3333333333333333703, 0.3333333333333333703, 0.3333333333333333703, 0.3333333333333333703, 0.3333333333333333703, 0.3333333333333333703, 0.3333333333333333703, 0.3333333333333333703, 0.3333333333333333703, 0.3333333333333333703, 0.3333333333333333703, 0.3333333333333333703, 0.3333333333333333703, 0.3333333333333333703, 0.3333333333333333703, 0.3333333333333333703, 0.3333333333333333703, 0.3333333333333333703, 0.3333333333333333703, 0.3333333333333333703, 0.3333333333333333703, 0.3333333333333333703),
 ( 0.3333333333333333703, 0.3333333333333333703, 0.3333333333333333703, 0.3333333333333333703, 0.3333333333333333703, 0.3333333333333333703, 0.3333333333333333703, 0.3333333333333333703, 0.3333333333333333703, 0.3333333333333333703, 0.3333333333333333703, 0.3333333333333333703, 0.3333333333333333703, 0.3333333333333333703, 0.3333333333333333703, 0.3333333333333333703, 0.3333333333333333703, 0.3333333333333333703, 0.3333333333333333703, 0.3333333333333333703, 0.3333333333333333703, 0.3333333333333333703, 0.3333333333333333703, 0.3333333333333333703, 0.3333333333333333703, 0.3333333333333333703, 0.3333333333333333703, 0.3333333333333333703, 0.3333333333333333703, 0.3333333333333333703, 0.3333333333333333703, 0.3333333333333333703, 0.3333333333333333703, 0.3333333333333333703, 0.3333333333333333703, 0.3333333333333333703, 0.3333333333333333703, 0.3333333333333333703, 0.3333333333333333703, 0.3333333333333333703, 0.3333333333333333703, 0.3333333333333333703, 0.3333333333333333703, 0.3333333333333333703, 0.3333333333333333703, 0.3333333333333333703, 0.3333333333333333703, 0.3333333333333333703, 0.3333333333333333703, 0.3333333333333333703, 0.3333333333333333703, 0.3333333333333333703, 0.3333333333333333703, 0.3333333333333333703, 0.3333333333333333703, 0.3333333333333333703, 0.3333333333333333703, 0.3333333333333333703),
 ( 1.000000000000000000, 1.000000000000000000, 1.000000000000000000, 1.000000000000000000, 1.000000000000000000, 1.000000000000000000, 1.000000000000000000, 1.000000000000000000, 1.000000000000000000, 1.000000000000000000, 1.000000000000000000, 1.000000000000000000, 1.000000000000000000, 1.000000000000000000, 1.000000000000000000, 1.000000000000000000, 1.000000000000000000, 1.000000000000000000, 1.000000000000000000, 1.000000000000000000, 1.000000000000000000, 1.000000000000000000, 1.000000000000000000, 1.000000000000000000, 1.000000000000000000, 1.000000000000000000, 1.000000000000000000, 1.000000000000000000, 1.000000000000000000, 1.000000000000000000, 1.000000000000000000, 1.000000000000000000, 1.000000000000000000, 1.000000000000000000, 1.000000000000000000, 1.000000000000000000, 1.000000000000000000, 1.000000000000000000, 1.000000000000000000, 1.000000000000000000, 1.000000000000000000, 1.000000000000000000, 1.000000000000000000, 1.000000000000000000, 1.000000000000000000, 1.000000000000000000, 1.000000000000000000, 1.000000000000000000, 1.000000000000000000, 1.000000000000000000, 1.000000000000000000, 1.000000000000000000, 1.000000000000000000, 1.000000000000000000, 1.000000000000000000, 1.000000000000000000, 1.000000000000000000, 1.000000000000000000) ) ) 
 REPRESENTATION_ITEM ( '' )  SURFACE ( )  );
#6233 = EDGE_CURVE ( 'NONE', #2583, #15, #1779, .T. ) ;
#6234 = VERTEX_POINT ( 'NONE', #7613 ) ;
#6235 = ORIENTED_EDGE ( 'NONE', *, *, #8195, .F. ) ;
#6236 = DIRECTION ( 'NONE',  ( -1.000000000000000000, 5.999999999999999677E-15, 1.400000000000000030E-14 ) ) ;
#6237 = CARTESIAN_POINT ( 'NONE',  ( 25.17552836200584210, 2.028983853716442631, 4.256740799178070134 ) ) ;
#6238 = AXIS2_PLACEMENT_3D ( 'NONE', #4425, #1712, #8255 ) ;
#6239 = CARTESIAN_POINT ( 'NONE',  ( 40.13983503184108770, 2.571437793323779530, -0.5255024107531548472 ) ) ;
#6240 = CARTESIAN_POINT ( 'NONE',  ( 45.39018537787168839, 3.692882168761288941, 0.1631237060646145987 ) ) ;
#6241 = VERTEX_POINT ( 'NONE', #4830 ) ;
#6242 = CARTESIAN_POINT ( 'NONE',  ( 47.95296121502895659, 3.660332067673157219, 0.8213164123489895552 ) ) ;
#6243 = ORIENTED_EDGE ( 'NONE', *, *, #7103, .T. ) ;
#6244 = CARTESIAN_POINT ( 'NONE',  ( 35.96521180070424606, 3.495049105062414618, -0.3345815577606217062 ) ) ;
#6245 = CARTESIAN_POINT ( 'NONE',  ( 32.81571993341626836, 3.227589136525865765, 0.1078935770594982579 ) ) ;
#6246 = CARTESIAN_POINT ( 'NONE',  ( 36.52325718064204096, 3.454614269589637576, 0.4577403775620802473 ) ) ;
#6247 = CARTESIAN_POINT ( 'NONE',  ( 37.10650169853005309, 3.479773370103871333, -0.8339178479525793941 ) ) ;
#6248 = PLANE ( 'NONE',  #261 ) ;
#6249 = CARTESIAN_POINT ( 'NONE',  ( 48.59999999999999432, 3.981393742012995229, 1.125000000000000000 ) ) ;
#6250 = DIRECTION ( 'NONE',  ( 1.000000000000000000, 0.000000000000000000, 6.982962677686267499E-15 ) ) ;
#6251 = EDGE_CURVE ( 'NONE', #2144, #2611, #6918, .T. ) ;
#6252 = ORIENTED_EDGE ( 'NONE', *, *, #3127, .F. ) ;
#6253 = CARTESIAN_POINT ( 'NONE',  ( 41.38545120594528015, 3.127946038472396495, -0.2046701919998029362 ) ) ;
#6254 = DIRECTION ( 'NONE',  ( -7.000000000000000150E-15, 2.999999999999999839E-15, -1.000000000000000000 ) ) ;
#6255 = CARTESIAN_POINT ( 'NONE',  ( 26.38935404863865841, 3.488468554045584646, 2.922054569233774490 ) ) ;
#6256 = CARTESIAN_POINT ( 'NONE',  ( 24.99932103445179266, 1.727156155566249351, 5.345887877462603299 ) ) ;
#6257 = CARTESIAN_POINT ( 'NONE',  ( 40.32110328229548202, 3.666908501744223337, 0.04495506329377602778 ) ) ;
#6258 = CARTESIAN_POINT ( 'NONE',  ( 37.08952190644337321, 3.156788956282718939, 0.04492259245930209366 ) ) ;
#6259 = CARTESIAN_POINT ( 'NONE',  ( 29.37041205382674036, 3.835337899451515487, -0.7918155573473782960 ) ) ;
#6260 = CARTESIAN_POINT ( 'NONE',  ( 24.96791241634318226, 1.577156155566249218, 5.508069892759419162 ) ) ;
#6261 = VECTOR ( 'NONE', #4215, 1000.000000000000114 ) ;
#6262 = PLANE ( 'NONE',  #2365 ) ;
#6263 = EDGE_LOOP ( 'NONE', ( #54, #8109, #4322, #2384, #2709, #7174, #2878, #4540, #7955, #6521, #1545, #851, #6740, #1169, #4478, #6562, #5907, #5453, #3675, #3842, #4472, #6460, #3982, #3354 ) ) ;
#6264 = LINE ( 'NONE', #7718, #7082 ) ;
#6265 = CARTESIAN_POINT ( 'NONE',  ( 45.88770661132602413, 3.637314645439560845, -0.06163579886225355881 ) ) ;
#6266 = CARTESIAN_POINT ( 'NONE',  ( 25.23003821823457571, 1.727156155566249129, 4.102346464664505810 ) ) ;
#6267 = EDGE_LOOP ( 'NONE', ( #2422, #5739, #6814, #5008 ) ) ;
#6268 = DIRECTION ( 'NONE',  ( -0.7071067811865420216, 0.000000000000000000, 0.7071067811865531239 ) ) ;
#6269 = AXIS2_PLACEMENT_3D ( 'NONE', #17, #1171, #3764 ) ;
#6270 = PLANE ( 'NONE',  #136 ) ;
#6271 = SHAPE_REPRESENTATION ( 'Cable+Conn', ( #2081 ), #5303 ) ;
#6272 = CARTESIAN_POINT ( 'NONE',  ( 50.39949548389100187, 4.631393742012989811, 1.058830948766306124 ) ) ;
#6273 = DIRECTION ( 'NONE',  ( -1.000000000000000000, 2.999999999999999839E-15, 7.000000000000000150E-15 ) ) ;
#6274 = VECTOR ( 'NONE', #5679, 1000.000000000000000 ) ;
#6275 = VECTOR ( 'NONE', #7119, 1000.000000000000000 ) ;
#6276 = AXIS2_PLACEMENT_3D ( 'NONE', #4550, #207, #5314 ) ;
#6277 = ORIENTED_EDGE ( 'NONE', *, *, #4796, .T. ) ;
#6278 = ORIENTED_EDGE ( 'NONE', *, *, #2192, .F. ) ;
#6279 = CARTESIAN_POINT ( 'NONE',  ( 43.58776991527757616, 2.934328248368706760, 0.2584896670905227900 ) ) ;
#6280 = B_SPLINE_CURVE_WITH_KNOTS ( 'NONE', 3,
 ( #2464, #3797, #600, #2065, #5115, #4993, #8348, #1440, #787, #1799, #3093, #521, #8260, #7633, #1844, #4394 ),
 .UNSPECIFIED., .F., .F.,
 ( 4, 2, 2, 2, 2, 2, 2, 4 ),
 ( 0.7941314441421509773, 0.8080660543021185305, 0.8220006644620860836, 0.8498698847820211899, 0.8777391051019562962, 0.8916737152619238493, 0.8986410203419077369, 0.9056083254218915135 ),
 .UNSPECIFIED. ) ;
#6281 = CARTESIAN_POINT ( 'NONE',  ( 52.29999999999999716, 2.081393742012984660, 0.7999999999999749534 ) ) ;
#6282 = CARTESIAN_POINT ( 'NONE',  ( 33.13983505448693023, 3.143643032144589622, -0.8559233943542249312 ) ) ;
#6283 = VECTOR ( 'NONE', #1060, 1000.000000000000000 ) ;
#6284 = ADVANCED_FACE ( 'NONE', ( #5524 ), #2401, .F. ) ;
#6285 = CARTESIAN_POINT ( 'NONE',  ( 37.32648604089308719, 3.376818352194984385, 0.8076154868286959942 ) ) ;
#6286 = CARTESIAN_POINT ( 'NONE',  ( 48.70000000000000284, 2.381393742013000026, -0.4249999999999999889 ) ) ;
#6287 = VECTOR ( 'NONE', #2298, 1000.000000000000114 ) ;
#6288 = EDGE_CURVE ( 'NONE', #3235, #1055, #8200, .T. ) ;
#6289 = VECTOR ( 'NONE', #2023, 1000.000000000000000 ) ;
#6290 = ORIENTED_EDGE ( 'NONE', *, *, #2259, .F. ) ;
#6291 = CARTESIAN_POINT ( 'NONE',  ( 45.56906100969094098, 3.226618678250773531, -0.1025864099607544239 ) ) ;
#6292 = ORIENTED_EDGE ( 'NONE', *, *, #7578, .T. ) ;
#6293 = CARTESIAN_POINT ( 'NONE',  ( 25.35716995374947302, 2.723343559575134964, -4.130001298721057701 ) ) ;
#6294 = CARTESIAN_POINT ( 'NONE',  ( 44.86633296762270362, 3.144016178717067955, -0.009749220967956580622 ) ) ;
#6295 = CARTESIAN_POINT ( 'NONE',  ( 40.32110328229548202, 3.666908501744223337, 0.04495506329377602778 ) ) ;
#6296 = CARTESIAN_POINT ( 'NONE',  ( 37.42158920465517014, 3.858207553593254069, -0.6202992567801987045 ) ) ;
#6297 = CARTESIAN_POINT ( 'NONE',  ( 27.41080196118428347, 3.063726198661242517, 2.697089969102657303 ) ) ;
#6298 = DIRECTION ( 'NONE',  ( -2.999999999999999839E-15, -1.000000000000000000, -2.999999999999999839E-15 ) ) ;
#6299 = LINE ( 'NONE', #3370, #7897 ) ;
#6300 = ORIENTED_EDGE ( 'NONE', *, *, #1977, .F. ) ;
#6301 = CARTESIAN_POINT ( 'NONE',  ( 42.90111894300756035, 3.629047991480016222, -0.3032468032873360531 ) ) ;
#6302 = CARTESIAN_POINT ( 'NONE',  ( 29.81965475162987644, 3.639067751603251910, -0.8663271453267038513 ) ) ;
#6303 = EDGE_LOOP ( 'NONE', ( #523, #7823, #5801, #138 ) ) ;
#6304 = DIRECTION ( 'NONE',  ( -0.000000000000000000, -1.000000000000000000, -0.000000000000000000 ) ) ;
#6305 = DIRECTION ( 'NONE',  ( 0.8271046511042942084, 0.000000000000000000, -0.5620479482407563232 ) ) ;
#6306 = CARTESIAN_POINT ( 'NONE',  ( 35.45618857312476280, 3.147179787237119886, 0.003385962428860883177 ) ) ;
#6307 = CARTESIAN_POINT ( 'NONE',  ( 33.06240279720809383, 3.467301436577057583, -0.09994505844810612494 ) ) ;
#6308 = CARTESIAN_POINT ( 'NONE',  ( 29.64522546132993241, 3.627616360001813423, -1.008088419774994637 ) ) ;
#6309 = CARTESIAN_POINT ( 'NONE',  ( 33.07353799716526055, 1.527156155566248952, -9.029887401120949024E-16 ) ) ;
#6310 = CARTESIAN_POINT ( 'NONE',  ( 45.72090419246116255, 2.466675499372670721, 0.1295575336906157615 ) ) ;
#6311 = CARTESIAN_POINT ( 'NONE',  ( 51.29999999999999716, 3.981393742012995229, -0.1250000000000126010 ) ) ;
#6312 = AXIS2_PLACEMENT_3D ( 'NONE', #1349, #6459, #7133 ) ;
#6313 = CARTESIAN_POINT ( 'NONE',  ( 30.10898509200915640, 3.170596135301556817, 0.3266593461214435390 ) ) ;
#6314 = CARTESIAN_POINT ( 'NONE',  ( 50.39928555880960204, 4.631470148494039485, 1.058834035899855808 ) ) ;
#6315 = CARTESIAN_POINT ( 'NONE',  ( 29.79942201113829725, 3.099167363948524656, 1.319306767805302538 ) ) ;
#6316 = ORIENTED_EDGE ( 'NONE', *, *, #2968, .T. ) ;
#6317 = DIRECTION ( 'NONE',  ( 6.518132367784220313E-15, -2.999999999999999839E-15, 1.000000000000000000 ) ) ;
#6318 = DIRECTION ( 'NONE',  ( 0.5722204921226892171, 0.000000000000000000, 0.8200998161168354672 ) ) ;
#6319 = VECTOR ( 'NONE', #3898, 1000.000000000000000 ) ;
#6320 = CARTESIAN_POINT ( 'NONE',  ( 45.39018537787168839, 3.692882168761288941, 0.1631237060646145987 ) ) ;
#6321 = CARTESIAN_POINT ( 'NONE',  ( 44.36521204881365321, 2.921811721437626908, -0.2386554814984844508 ) ) ;
#6322 = EDGE_LOOP ( 'NONE', ( #3905, #1815, #3514, #3606 ) ) ;
#6323 = EDGE_CURVE ( 'NONE', #6612, #1870, #1123, .T. ) ;
#6324 = ORIENTED_EDGE ( 'NONE', *, *, #676, .F. ) ;
#6325 = CARTESIAN_POINT ( 'NONE',  ( 47.99175702206061800, 3.258892925116072536, 0.4226645090272053151 ) ) ;
#6326 = CARTESIAN_POINT ( 'NONE',  ( 34.29315270751164491, 3.956448657451561601, -0.4203188991786694917 ) ) ;
#6327 = CARTESIAN_POINT ( 'NONE',  ( 38.73983503186034483, 3.143643064021149680, -0.8559233143171240954 ) ) ;
#6329 = ADVANCED_FACE ( 'NONE', ( #2441 ), #323, .F. ) ;
#6328 = CARTESIAN_POINT ( 'NONE',  ( 43.94090169577446403, 4.070459216836577632, -0.02644616032980342396 ) ) ;
#6330 = LINE ( 'NONE', #1256, #7111 ) ;
#6331 = EDGE_CURVE ( 'NONE', #5422, #6413, #6494, .T. ) ;
#6332 = ORIENTED_EDGE ( 'NONE', *, *, #750, .F. ) ;
#6333 = APPLICATION_CONTEXT ( 'automotive_design' ) ;
#6334 = CARTESIAN_POINT ( 'NONE',  ( 47.97980380562329117, 3.259070069266385872, 0.8224978157140173662 ) ) ;
#6335 = VERTEX_POINT ( 'NONE', #655 ) ;
#6336 = CARTESIAN_POINT ( 'NONE',  ( 49.09999999999999432, 1.931393742013005177, -1.824999999999999956 ) ) ;
#6337 = CARTESIAN_POINT ( 'NONE',  ( 38.72285523979752497, 3.331225433043082607, -0.07962016501631991039 ) ) ;
#6338 = CARTESIAN_POINT ( 'NONE',  ( 39.69854513404408891, 3.495049105074923723, -0.3345815577752945802 ) ) ;
#6339 = CARTESIAN_POINT ( 'NONE',  ( 25.36576441299823514, 2.425497541452680039, 4.124004558320323532 ) ) ;
#6340 = LINE ( 'NONE', #1059, #7739 ) ;
#6341 = EDGE_CURVE ( 'NONE', #2013, #681, #4114, .T. ) ;
#6342 = VERTEX_POINT ( 'NONE', #2019 ) ;
#6343 = CARTESIAN_POINT ( 'NONE',  ( 37.88049439147788888, 3.203075755490191412, -0.2399565744889166352 ) ) ;
#6344 = DIRECTION ( 'NONE',  ( 2.999999999999999839E-15, 1.000000000000000000, 2.999999999999999839E-15 ) ) ;
#6345 = CARTESIAN_POINT ( 'NONE',  ( 25.12796934925516013, 1.795622339706687276, 4.289924859393001277 ) ) ;
#6346 = PLANE ( 'NONE',  #6137 ) ;
#6347 = CARTESIAN_POINT ( 'NONE',  ( 35.61572052373340114, 3.148500634579842750, -0.02880559789967452114 ) ) ;
#6348 = CARTESIAN_POINT ( 'NONE',  ( 34.30354275015866961, 3.242328350834343009, 0.2358574290057350586 ) ) ;
#6349 = CARTESIAN_POINT ( 'NONE',  ( 29.39987131599939119, 3.067956634519896753, -1.350693726232985892 ) ) ;
#6350 = LINE ( 'NONE', #2333, #4462 ) ;
#6351 = CARTESIAN_POINT ( 'NONE',  ( 47.77131169246210618, 2.841435364517107320, -0.8109428009464791920 ) ) ;
#6352 = FACE_OUTER_BOUND ( 'NONE', #5452, .T. ) ;
#6353 = AXIS2_PLACEMENT_3D ( 'NONE', #413, #5572, #2360 ) ;
#6354 = CARTESIAN_POINT ( 'NONE',  ( 31.50000000000000711, 3.256393742013067083, 0.4000000000001205369 ) ) ;
#6355 = CARTESIAN_POINT ( 'NONE',  ( 47.58174716997854148, 3.221193643173045018, -0.3917177348014784233 ) ) ;
#6356 = ORIENTED_EDGE ( 'NONE', *, *, #5965, .T. ) ;
#6357 = FACE_OUTER_BOUND ( 'NONE', #1004, .T. ) ;
#6358 = CARTESIAN_POINT ( 'NONE',  ( 33.07353799716526055, 1.727156155566248907, -9.085398552352205668E-16 ) ) ;
#6359 = CARTESIAN_POINT ( 'NONE',  ( 39.16778560659480490, 2.883739501971372299, 0.3032467868438575853 ) ) ;
#6360 = ADVANCED_FACE ( 'NONE', ( #3226 ), #8281, .T. ) ;
#6361 = ORIENTED_EDGE ( 'NONE', *, *, #2862, .T. ) ;
#6362 = ORIENTED_EDGE ( 'NONE', *, *, #5068, .F. ) ;
#6363 = CARTESIAN_POINT ( 'NONE',  ( 25.88808349951793275, 1.716191923245076412, -4.783567529719107370 ) ) ;
#6364 = CARTESIAN_POINT ( 'NONE',  ( 47.78585649381300016, 2.867623999484343322, 0.8144612515250456708 ) ) ;
#6365 = ORIENTED_EDGE ( 'NONE', *, *, #3981, .F. ) ;
#6366 = CARTESIAN_POINT ( 'NONE',  ( 32.34791187957704039, 2.584852628630935900, 0.5188110055327822545 ) ) ;
#6367 = CARTESIAN_POINT ( 'NONE',  ( 44.90957529486983901, 3.276564300972226729, 0.4261744799732044009 ) ) ;
#6368 = CARTESIAN_POINT ( 'NONE',  ( 48.80000000000000426, 1.931393742013005177, -1.824999999999999956 ) ) ;
#6369 = CARTESIAN_POINT ( 'NONE',  ( 30.75154245287330923, 3.140447303963756820, -0.2507205861287405413 ) ) ;
#6370 = VERTEX_POINT ( 'NONE', #1941 ) ;
#6371 = CARTESIAN_POINT ( 'NONE',  ( 45.78541943070506193, 3.651321345788025141, 0.3252017739258284412 ) ) ;
#6372 = AXIS2_PLACEMENT_3D ( 'NONE', #2628, #3924, #6602 ) ;
#6373 = ORIENTED_EDGE ( 'NONE', *, *, #1901, .T. ) ;
#6374 = DIRECTION ( 'NONE',  ( -0.8660254037844351549, 0.000000000000000000, 0.5000000000000061062 ) ) ;
#6375 = CARTESIAN_POINT ( 'NONE',  ( 31.34981945619847465, 3.033308633592104009, 0.04267824210637154170 ) ) ;
#6376 = CARTESIAN_POINT ( 'NONE',  ( 32.85443694365472567, 3.666908361468586453, 0.04495457197427234902 ) ) ;
#6377 = PRODUCT_DEFINITION ( 'UNKNOWN', '', #7887, #7666 ) ;
#6378 = CARTESIAN_POINT ( 'NONE',  ( 33.45492215036990302, 3.575019509267540307, -0.8033856986748011408 ) ) ;
#6379 = CARTESIAN_POINT ( 'NONE',  ( 48.59999999999999432, 3.981393742013000114, 0.1250000000000031919 ) ) ;
#6380 = VECTOR ( 'NONE', #3558, 1000.000000000000000 ) ;
#6381 = ORIENTED_EDGE ( 'NONE', *, *, #8330, .T. ) ;
#6382 = CARTESIAN_POINT ( 'NONE',  ( 44.14589883252199343, 3.339421024767984747, 0.4751062093216247839 ) ) ;
#6383 = DIRECTION ( 'NONE',  ( 7.000000000000000150E-15, -2.999999999999999839E-15, 1.000000000000000000 ) ) ;
#6384 = VERTEX_POINT ( 'NONE', #7088 ) ;
#6385 = CARTESIAN_POINT ( 'NONE',  ( 26.61824224548130502, 3.488468554046390224, 3.250094495680508455 ) ) ;
#6386 = CARTESIAN_POINT ( 'NONE',  ( 25.00311887122145649, 1.727156155566248907, -3.915625880168654760 ) ) ;
#6387 = CARTESIAN_POINT ( 'NONE',  ( 44.64717757742013760, 3.014313298202215385, -0.04259672523164968749 ) ) ;
#6388 = EDGE_CURVE ( 'NONE', #5668, #6342, #8209, .T. ) ;
#6389 = CARTESIAN_POINT ( 'NONE',  ( 45.27277735570856265, 3.328021855788972694, 0.2174048745119993020 ) ) ;
#6390 = CARTESIAN_POINT ( 'NONE',  ( 29.45944211630340703, 3.620113424414483916, -1.150553107503266226 ) ) ;
#6391 = CARTESIAN_POINT ( 'NONE',  ( 48.50000000000000000, 4.039128768931959712, -0.06726497308103308870 ) ) ;
#6392 = CARTESIAN_POINT ( 'NONE',  ( 47.48376138092591248, 2.802932229039585721, -0.7742271554660815625 ) ) ;
#6393 = EDGE_CURVE ( 'NONE', #2132, #7662, #1981, .T. ) ;
#6394 = LINE ( 'NONE', #2460, #6419 ) ;
#6395 = ORIENTED_EDGE ( 'NONE', *, *, #5760, .F. ) ;
#6396 = DIRECTION ( 'NONE',  ( 7.000000000000000150E-15, -2.999999999999999839E-15, 1.000000000000000000 ) ) ;
#6397 = DIRECTION ( 'NONE',  ( -2.999999999999999839E-15, -1.000000000000000000, -2.999999999999999839E-15 ) ) ;
#6398 = ORIENTED_EDGE ( 'NONE', *, *, #1428, .F. ) ;
#6399 = DIRECTION ( 'NONE',  ( 7.000000000000000150E-15, -2.999999999999999839E-15, 1.000000000000000000 ) ) ;
#6400 = DIRECTION ( 'NONE',  ( -0.8200998161168419065, 4.920598896701027601E-15, -0.5722204921226801133 ) ) ;
#6401 = FACE_OUTER_BOUND ( 'NONE', #3715, .T. ) ;
#6402 = EDGE_LOOP ( 'NONE', ( #3343, #1504, #1860, #1115, #2024, #439, #1291, #5090, #2271, #2999, #3814, #3852 ) ) ;
#6403 = ORIENTED_EDGE ( 'NONE', *, *, #988, .F. ) ;
#6404 = CARTESIAN_POINT ( 'NONE',  ( 47.76942555552375325, 3.271429267963787968, 0.4108700358038154254 ) ) ;
#6405 = ORIENTED_EDGE ( 'NONE', *, *, #8098, .T. ) ;
#6406 = CARTESIAN_POINT ( 'NONE',  ( 33.67423468701935008, 3.229948089356332819, -0.8140657627427512200 ) ) ;
#6407 = CARTESIAN_POINT ( 'NONE',  ( 32.85443694365472567, 3.666908361468586453, 0.04495457197427234902 ) ) ;
#6408 = LINE ( 'NONE', #7081, #2517 ) ;
#6409 = VECTOR ( 'NONE', #6575, 1000.000000000000000 ) ;
#6410 = CARTESIAN_POINT ( 'NONE',  ( 30.82133471423613003, 3.342172258606869839, 0.1305138390993456632 ) ) ;
#6411 = ORIENTED_EDGE ( 'NONE', *, *, #429, .T. ) ;
#6412 = CARTESIAN_POINT ( 'NONE',  ( 47.76942555552375325, 3.271429267963787968, 0.4108700358038154254 ) ) ;
#6413 = VERTEX_POINT ( 'NONE', #5856 ) ;
#6414 = AXIS2_PLACEMENT_3D ( 'NONE', #197, #5302, #4118 ) ;
#6415 = CARTESIAN_POINT ( 'NONE',  ( 0.000000000000000000, 0.5000000000000013323, 0.000000000000000000 ) ) ;
#6416 = CARTESIAN_POINT ( 'NONE',  ( 45.39018537787169549, 3.692882168761288941, 0.1631237060646168191 ) ) ;
#6417 = CARTESIAN_POINT ( 'NONE',  ( 36.12110328229557155, 3.578459542491055245, -0.2584897402769664732 ) ) ;
#6418 = AXIS2_PLACEMENT_3D ( 'NONE', #5906, #4539, #5143 ) ;
#6419 = VECTOR ( 'NONE', #8258, 1000.000000000000000 ) ;
#6420 = CARTESIAN_POINT ( 'NONE',  ( 26.61824224548130502, 3.488468554046390224, 3.250094495680508455 ) ) ;
#6421 = MECHANICAL_DESIGN_GEOMETRIC_PRESENTATION_REPRESENTATION (  '', ( #3167 ), #6684 ) ;
#6422 = CARTESIAN_POINT ( 'NONE',  ( 48.16494492839986208, 3.256393742012991588, 0.4250000000000077049 ) ) ;
#6423 = VERTEX_POINT ( 'NONE', #3146 ) ;
#6424 = CARTESIAN_POINT ( 'NONE',  ( 40.10111893992864651, 3.559640528849906005, 0.3726542400367270913 ) ) ;
#6425 = CARTESIAN_POINT ( 'NONE',  ( 51.29999999999999716, 3.981393742012985459, 1.474999999999988098 ) ) ;
#6426 = EDGE_LOOP ( 'NONE', ( #8148, #7706, #1892, #6278 ) ) ;
#6427 = CARTESIAN_POINT ( 'NONE',  ( 38.92110328229242810, 3.514883482290214189, 0.3220658004687139697 ) ) ;
#6428 = CARTESIAN_POINT ( 'NONE',  ( 36.46630558546237211, 3.266142117543051615, -0.1123522980613261696 ) ) ;
#6429 = CARTESIAN_POINT ( 'NONE',  ( 40.44716105815046348, 3.457680799785404435, -0.1410868019949262642 ) ) ;
#6430 = CARTESIAN_POINT ( 'NONE',  ( 29.92728475127560372, 3.649416144902251968, -0.7727029479682226976 ) ) ;
#6431 = EDGE_CURVE ( 'NONE', #6211, #4737, #5783, .T. ) ;
#6432 = CARTESIAN_POINT ( 'NONE',  ( 45.63373001683164176, 3.266479826896789174, 0.1415348361350664552 ) ) ;
#6433 = DIRECTION ( 'NONE',  ( 1.219615242270666178E-14, 0.000000000000000000, 1.000000000000000000 ) ) ;
#6434 = EDGE_CURVE ( 'NONE', #6443, #82, #8366, .T. ) ;
#6435 = ORIENTED_EDGE ( 'NONE', *, *, #2761, .F. ) ;
#6436 = AXIS2_PLACEMENT_3D ( 'NONE', #1080, #3721, #355 ) ;
#6437 = CARTESIAN_POINT ( 'NONE',  ( 51.29999999999999716, 3.981393742012995229, -1.475000000000011857 ) ) ;
#6438 = ORIENTED_EDGE ( 'NONE', *, *, #2463, .F. ) ;
#6439 = LINE ( 'NONE', #1926, #8331 ) ;
#6440 = FACE_OUTER_BOUND ( 'NONE', #2477, .T. ) ;
#6441 = CARTESIAN_POINT ( 'NONE',  ( 32.63445217500605366, 2.953146670649910099, -0.3726547313565333197 ) ) ;
#6442 = CARTESIAN_POINT ( 'NONE',  ( 42.65443661556616206, 3.514883482093512423, 0.3220657997621370061 ) ) ;
#6443 = VERTEX_POINT ( 'NONE', #7129 ) ;
#6444 = ORIENTED_EDGE ( 'NONE', *, *, #7928, .F. ) ;
#6445 = FACE_OUTER_BOUND ( 'NONE', #4925, .T. ) ;
#6446 = LINE ( 'NONE', #3727, #1774 ) ;
#6447 = VECTOR ( 'NONE', #6399, 1000.000000000000000 ) ;
#6448 = CARTESIAN_POINT ( 'NONE',  ( 42.49854513404306999, 3.590975299791984376, 0.2386553630612588683 ) ) ;
#6449 = EDGE_CURVE ( 'NONE', #508, #5565, #1345, .T. ) ;
#6450 = DIRECTION ( 'NONE',  ( 0.3363363969981540968, -0.9417419115948383324, -5.017510890522111134E-15 ) ) ;
#6451 = CARTESIAN_POINT ( 'NONE',  ( 25.08931720340075699, 2.690539500765623870, -3.829148692087024131 ) ) ;
#6452 = VERTEX_POINT ( 'NONE', #5742 ) ;
#6453 = CARTESIAN_POINT ( 'NONE',  ( 48.16494492839986208, 3.256393742012991588, 0.4250000000000077049 ) ) ;
#6454 = ORIENTED_EDGE ( 'NONE', *, *, #2758, .F. ) ;
#6455 = CARTESIAN_POINT ( 'NONE',  ( 52.20000000000000284, 3.481393742012994785, -1.475000000000019851 ) ) ;
#6456 = DIRECTION ( 'NONE',  ( 1.000000000000000000, 0.000000000000000000, 0.000000000000000000 ) ) ;
#6457 = CARTESIAN_POINT ( 'NONE',  ( 44.30112510716094931, 3.305463828905795154, -0.4779674089000333637 ) ) ;
#6458 = CARTESIAN_POINT ( 'NONE',  ( 34.56521180070719623, 2.851054027286450410, 0.06783006281440141783 ) ) ;
#6459 = DIRECTION ( 'NONE',  ( -1.000000000000000000, 2.999999999999999839E-15, 7.000000000000000150E-15 ) ) ;
#6460 = ORIENTED_EDGE ( 'NONE', *, *, #2123, .T. ) ;
#6461 = CARTESIAN_POINT ( 'NONE',  ( 36.91256597706635034, 3.151286111718891725, 0.4707142213604720293 ) ) ;
#6462 = ADVANCED_FACE ( 'NONE', ( #29 ), #8326, .T. ) ;
#6463 = CARTESIAN_POINT ( 'NONE',  ( 24.90850174927125593, 1.727156155566247797, 3.955311759208319788 ) ) ;
#6464 = ORIENTED_EDGE ( 'NONE', *, *, #1353, .T. ) ;
#6465 = CARTESIAN_POINT ( 'NONE',  ( 38.37674281935038323, 3.685891802205856216, -0.003470011671381868779 ) ) ;
#6466 = CARTESIAN_POINT ( 'NONE',  ( 43.17020941261506550, 3.413224394716820154, 0.1767221243832296784 ) ) ;
#6467 = CARTESIAN_POINT ( 'NONE',  ( 35.74589931039976420, 2.781287558493644063, 0.08302774557233674746 ) ) ;
#6468 = CARTESIAN_POINT ( 'NONE',  ( 29.64522546132993241, 3.627616360001813423, -1.008088419774994637 ) ) ;
#6469 = CARTESIAN_POINT ( 'NONE',  ( 47.99175702206061089, 3.253894558909923074, -0.4226645090271939909 ) ) ;
#6470 = CARTESIAN_POINT ( 'NONE',  ( 46.43544663659794480, 2.524272813499473855, -0.05834950790922115854 ) ) ;
#6471 = CARTESIAN_POINT ( 'NONE',  ( 44.90957529486983901, 3.276564300972226729, 0.4261744799732044009 ) ) ;
#6472 = ADVANCED_FACE ( 'NONE', ( #1221 ), #5093, .T. ) ;
#6473 = LINE ( 'NONE', #5837, #6954 ) ;
#6474 = CARTESIAN_POINT ( 'NONE',  ( 29.86051824256675147, 2.962598103689473739, 0.09189591660207081791 ) ) ;
#6475 = PLANE ( 'NONE',  #4786 ) ;
#6476 = CARTESIAN_POINT ( 'NONE',  ( 33.07353799716526055, 1.577156155566248996, -9.043765188928762692E-16 ) ) ;
#6477 = CARTESIAN_POINT ( 'NONE',  ( 0.000000000000000000, 0.000000000000000000, 0.000000000000000000 ) ) ;
#6478 = ADVANCED_FACE ( 'NONE', ( #539 ), #2523, .F. ) ;
#6479 = AXIS2_PLACEMENT_3D ( 'NONE', #7347, #1575, #6716 ) ;
#6480 = VECTOR ( 'NONE', #690, 1000.000000000000000 ) ;
#6481 = EDGE_LOOP ( 'NONE', ( #6966, #1512, #5534, #3563 ) ) ;
#6482 = ORIENTED_EDGE ( 'NONE', *, *, #7931, .T. ) ;
#6483 = DIRECTION ( 'NONE',  ( 7.000000000000000150E-15, -2.999999999999999839E-15, 1.000000000000000000 ) ) ;
#6484 = CARTESIAN_POINT ( 'NONE',  ( 47.83804637435414975, 3.265991128528875631, 0.4159977699012602503 ) ) ;
#6485 = VECTOR ( 'NONE', #3542, 1000.000000000000000 ) ;
#6486 = CARTESIAN_POINT ( 'NONE',  ( 38.80756836163023138, 3.850725166560123203, 0.5569308911621019265 ) ) ;
#6487 = CARTESIAN_POINT ( 'NONE',  ( 42.96521180072354440, 3.188563679180277166, -0.4053397138899453300 ) ) ;
#6488 = CARTESIAN_POINT ( 'NONE',  ( 24.89908115240746511, 2.195972545156108957, -3.961884932950209937 ) ) ;
#6489 = EDGE_CURVE ( 'NONE', #784, #5080, #69, .T. ) ;
#6490 = CARTESIAN_POINT ( 'NONE',  ( 29.52572719006994362, 3.224776872755068080, 0.8337665703340376711 ) ) ;
#6491 = ADVANCED_FACE ( 'NONE', ( #1864 ), #5135, .T. ) ;
#6492 = CARTESIAN_POINT ( 'NONE',  ( 47.83804637435414975, 3.265991128528875631, 0.4159977699012602503 ) ) ;
#6493 = ORIENTED_EDGE ( 'NONE', *, *, #1178, .T. ) ;
#6494 = LINE ( 'NONE', #6455, #1324 ) ;
#6495 = CARTESIAN_POINT ( 'NONE',  ( 33.06240279720809383, 3.467301436577057583, -0.09994505844810612494 ) ) ;
#6496 = CARTESIAN_POINT ( 'NONE',  ( 35.49854513404105205, 3.188563679231969150, -0.4053397139651816472 ) ) ;
#6497 = DIRECTION ( 'NONE',  ( -2.260771246032609878E-15, -1.000000000000000000, -2.999999999999999839E-15 ) ) ;
#6498 = DIRECTION ( 'NONE',  ( -0.8660254037844351549, 0.000000000000000000, 0.5000000000000061062 ) ) ;
#6499 = ORIENTED_EDGE ( 'NONE', *, *, #3123, .F. ) ;
#6500 = CARTESIAN_POINT ( 'NONE',  ( 39.47923264373509511, 3.731499925519843330, -0.08302774555432863857 ) ) ;
#6501 = LINE ( 'NONE', #3907, #7509 ) ;
#6502 = ORIENTED_EDGE ( 'NONE', *, *, #2344, .F. ) ;
#6503 = DIRECTION ( 'NONE',  ( 2.999999999999999839E-15, 1.000000000000000000, 2.999999999999999839E-15 ) ) ;
#6504 = VECTOR ( 'NONE', #2126, 1000.000000000000000 ) ;
#6505 = CARTESIAN_POINT ( 'NONE',  ( 33.83687610132847112, 3.099563123249007734, -0.1767221149956177129 ) ) ;
#6506 = CARTESIAN_POINT ( 'NONE',  ( 42.43445227340668424, 3.207315261390307981, 0.4779342002912594367 ) ) ;
#6507 = CARTESIAN_POINT ( 'NONE',  ( 31.29761222151085676, 3.440626952679683992, -0.08148455955725641964 ) ) ;
#6508 = CARTESIAN_POINT ( 'NONE',  ( 46.32689500430943497, 3.317393999680646743, -0.05900175466205028613 ) ) ;
#6509 = CARTESIAN_POINT ( 'NONE',  ( 47.76942555552374614, 3.241358216062208530, -0.4108700358038009925 ) ) ;
#6510 = CARTESIAN_POINT ( 'NONE',  ( 42.18776994895921462, 2.845878982307471272, -0.04495506327772768457 ) ) ;
#6511 = DIRECTION ( 'NONE',  ( 0.5620479482407620964, 0.000000000000000000, -0.8271046511042902116 ) ) ;
#6512 = CARTESIAN_POINT ( 'NONE',  ( 30.60337909521204480, 3.132196052971362832, -0.1318350951039619912 ) ) ;
#6513 = CARTESIAN_POINT ( 'NONE',  ( 36.78121546068807390, 3.992682445853242612, 0.4219022008645830213 ) ) ;
#6514 = CARTESIAN_POINT ( 'NONE',  ( 0.000000000000000000, 5.000000000000000000, 0.000000000000000000 ) ) ;
#6515 = CARTESIAN_POINT ( 'NONE',  ( 34.56521180070720334, 3.661733456739625581, -0.06783006281420211891 ) ) ;
#6516 = DIRECTION ( 'NONE',  ( 6.411560504908932622E-15, -0.1643989873053600392, 0.9863939238321433045 ) ) ;
#6517 = CARTESIAN_POINT ( 'NONE',  ( 48.50000000000000000, 4.831393742013010417, -1.824999999999999956 ) ) ;
#6518 = ORIENTED_EDGE ( 'NONE', *, *, #7469, .F. ) ;
#6519 = VERTEX_POINT ( 'NONE', #3817 ) ;
#6520 = CARTESIAN_POINT ( 'NONE',  ( 47.76942555552375325, 3.271429267963787968, 0.4108700358038154254 ) ) ;
#6521 = ORIENTED_EDGE ( 'NONE', *, *, #3341, .F. ) ;
#6522 = CARTESIAN_POINT ( 'NONE',  ( 38.76521180071387818, 2.921812184224445108, -0.2386553630727472064 ) ) ;
#6523 = DIRECTION ( 'NONE',  ( -0.8200998161168303602, -4.359222526820084534E-15, 0.5722204921226965446 ) ) ;
#6524 = CARTESIAN_POINT ( 'NONE',  ( 51.70000000000000284, 0.4213937420129930111, -0.8250000000000260458 ) ) ;
#6525 = CARTESIAN_POINT ( 'NONE',  ( 24.57119242451776842, 1.515012892304982817, -4.190667631767485801 ) ) ;
#6526 = CARTESIAN_POINT ( 'NONE',  ( 35.78825587135614938, 2.463012030458135548, 0.3427776123667246599 ) ) ;
#6527 = AXIS2_PLACEMENT_3D ( 'NONE', #788, #663, #2028 ) ;
#6528 = VERTEX_POINT ( 'NONE', #580 ) ;
#6529 = CARTESIAN_POINT ( 'NONE',  ( 45.63433386302259720, 3.651212518115967143, -0.1536199614575246841 ) ) ;
#6530 = ORIENTED_EDGE ( 'NONE', *, *, #6203, .T. ) ;
#6531 = EDGE_CURVE ( 'NONE', #547, #608, #2662, .T. ) ;
#6532 = FACE_OUTER_BOUND ( 'NONE', #5552, .T. ) ;
#6533 = CARTESIAN_POINT ( 'NONE',  ( 43.79573233056067494, 3.334855616893804608, -0.2198140274633623437 ) ) ;
#6534 = DIRECTION ( 'NONE',  ( -0.4999999999999941158, -1.098076211353347069E-15, 0.8660254037844420383 ) ) ;
#6535 = DIRECTION ( 'NONE',  ( 1.000000000000000000, -2.999999999999999839E-15, 0.000000000000000000 ) ) ;
#6536 = AXIS2_PLACEMENT_3D ( 'NONE', #8055, #7473, #8186 ) ;
#6537 = EDGE_CURVE ( 'NONE', #3609, #3653, #7932, .T. ) ;
#6538 = DIRECTION ( 'NONE',  ( 0.5722204921226856644, -4.336808689941998803E-15, -0.8200998161168380207 ) ) ;
#6539 = ORIENTED_EDGE ( 'NONE', *, *, #5059, .F. ) ;
#6540 = CARTESIAN_POINT ( 'NONE',  ( 31.85725665064701673, 3.708502212158333755, -0.2178331047555386035 ) ) ;
#6541 = CIRCLE ( 'NONE', #5191, 9.750000000000000000 ) ;
#6542 = AXIS2_PLACEMENT_3D ( 'NONE', #1407, #3245, #127 ) ;
#6543 = DIRECTION ( 'NONE',  ( 0.000000000000000000, 0.000000000000000000, -1.000000000000000000 ) ) ;
#6544 = ORIENTED_EDGE ( 'NONE', *, *, #307, .F. ) ;
#6545 = DIRECTION ( 'NONE',  ( -0.8000000000000000444, 0.000000000000000000, 0.5999999999999999778 ) ) ;
#6546 = CARTESIAN_POINT ( 'NONE',  ( 48.70000000000000284, 2.531393742012999937, -0.1250000000000019984 ) ) ;
#6547 = CARTESIAN_POINT ( 'NONE',  ( 32.85443694365472567, 2.845879122557499752, -0.04495457197404910399 ) ) ;
#6548 = CARTESIAN_POINT ( 'NONE',  ( 41.77020941615293026, 3.270459132378766842, -0.2358574302322323513 ) ) ;
#6549 = EDGE_CURVE ( 'NONE', #4359, #4737, #7209, .T. ) ;
#6550 = CARTESIAN_POINT ( 'NONE',  ( 34.81256597706398992, 3.339421487545249700, 0.4751061834863989364 ) ) ;
#6551 = CARTESIAN_POINT ( 'NONE',  ( 31.65018054380155021, 3.479478850434024384, 0.7573217578938699068 ) ) ;
#6552 = CARTESIAN_POINT ( 'NONE',  ( 45.34943176543428933, 3.213191952278669383, -0.2236610021683869964 ) ) ;
#6553 = CARTESIAN_POINT ( 'NONE',  ( 32.07632621439920229, 3.400794839418272542, -0.4010631918966903187 ) ) ;
#6554 = DIRECTION ( 'NONE',  ( 0.8271046511042936533, 1.251985773403174595E-18, 0.5620479482407572114 ) ) ;
#6555 = CARTESIAN_POINT ( 'NONE',  ( 38.95981937422466501, 2.836074842925098149, -0.7000549152545768594 ) ) ;
#6556 = CARTESIAN_POINT ( 'NONE',  ( 52.10000000000000142, 1.831393742012989989, 0.4499999999999754752 ) ) ;
#6557 = CYLINDRICAL_SURFACE ( 'NONE', #3704, 8.549999999999995381 ) ;
#6558 = CARTESIAN_POINT ( 'NONE',  ( 30.47901347460282651, 3.474004449495928348, -0.7339178784678671574 ) ) ;
#6559 = CARTESIAN_POINT ( 'NONE',  ( 48.59999999999999432, 3.981393742013000114, 0.1250000000000031919 ) ) ;
#6560 = EDGE_CURVE ( 'NONE', #1006, #2916, #6712, .T. ) ;
#6561 = AXIS2_PLACEMENT_3D ( 'NONE', #7047, #2480, #7008 ) ;
#6562 = ORIENTED_EDGE ( 'NONE', *, *, #2660, .F. ) ;
#6563 = VERTEX_POINT ( 'NONE', #4648 ) ;
#6564 =( NAMED_UNIT ( * ) SI_UNIT ( $, .STERADIAN. ) SOLID_ANGLE_UNIT ( ) );
#6565 = EDGE_CURVE ( 'NONE', #5262, #5855, #7289, .T. ) ;
#6566 = CARTESIAN_POINT ( 'NONE',  ( 47.48376138092592669, 3.709855254986413886, 0.7742271554660998811 ) ) ;
#6567 = VERTEX_POINT ( 'NONE', #110 ) ;
#6568 = CARTESIAN_POINT ( 'NONE',  ( 32.69854658570662309, 3.661767853901102487, -0.06783208943117578771 ) ) ;
#6569 = DIRECTION ( 'NONE',  ( 1.000000000000000000, 0.000000000000000000, 6.982962677686267499E-15 ) ) ;
#6570 = CARTESIAN_POINT ( 'NONE',  ( 48.13059057104412375, 3.256393742012991588, 0.4250000000000083711 ) ) ;
#6571 = ADVANCED_FACE ( 'NONE', ( #6532 ), #2680, .F. ) ;
#6572 = CARTESIAN_POINT ( 'NONE',  ( 48.13210034540296789, 3.656393742012992831, 0.4250000000000082601 ) ) ;
#6573 = VERTEX_POINT ( 'NONE', #5254 ) ;
#6574 = AXIS2_PLACEMENT_3D ( 'NONE', #4687, #6058, #4775 ) ;
#6575 = DIRECTION ( 'NONE',  ( -1.000000000000000000, 2.999999999999999839E-15, 7.000000000000000150E-15 ) ) ;
#6576 = EDGE_CURVE ( 'NONE', #6868, #4359, #5292, .T. ) ;
#6577 = CARTESIAN_POINT ( 'NONE',  ( 45.43093899030911587, 4.086168805775235668, 0.1025864099608052304 ) ) ;
#6578 = CARTESIAN_POINT ( 'NONE',  ( 47.52326599273343533, 3.617206707626810847, -0.3879374795796068365 ) ) ;
#6579 = ADVANCED_BREP_SHAPE_REPRESENTATION ( '', ( #1437, #4150, #2081 ), #3676 ) ;
#6580 = LINE ( 'NONE', #778, #1661 ) ;
#6581 = CARTESIAN_POINT ( 'NONE',  ( 29.26596775313394971, 3.449061285364864560, -1.158784682787205478 ) ) ;
#6582 = ORIENTED_EDGE ( 'NONE', *, *, #6, .T. ) ;
#6583 = CARTESIAN_POINT ( 'NONE',  ( 34.34589931031764820, 2.861733456686160526, -0.2772413222719873338 ) ) ;
#6584 = CARTESIAN_POINT ( 'NONE',  ( 35.49854513404105205, 3.324223804794101511, 0.4053397139653678316 ) ) ;
#6585 = ORIENTED_EDGE ( 'NONE', *, *, #6593, .T. ) ;
#6586 = CARTESIAN_POINT ( 'NONE',  ( 47.48098989623284183, 3.202708356862089989, -0.3740124348085139827 ) ) ;
#6587 = DIRECTION ( 'NONE',  ( -1.000000000000000000, 2.999999999999999839E-15, 7.000000000000000150E-15 ) ) ;
#6588 = CARTESIAN_POINT ( 'NONE',  ( 44.69041990466726588, 2.922106293865495363, 0.3738285337735430258 ) ) ;
#6589 = CARTESIAN_POINT ( 'NONE',  ( 42.27923264372959267, 3.173365996461059435, -0.4751061835043384196 ) ) ;
#6590 = CARTESIAN_POINT ( 'NONE',  ( 37.37923264373239363, 3.663561278071668426, -0.2585228997802356266 ) ) ;
#6591 = CARTESIAN_POINT ( 'NONE',  ( 29.06678294523873518, 3.490518528767135642, -0.7547969660528035529 ) ) ;
#6592 = CARTESIAN_POINT ( 'NONE',  ( 47.83804637435414264, 3.246796355497120423, -0.4159977699012467611 ) ) ;
#6593 = EDGE_CURVE ( 'NONE', #175, #4808, #6061, .T. ) ;
#6594 = CARTESIAN_POINT ( 'NONE',  ( 45.70307128130328067, 2.866185453299356478, 0.1194975787943095558 ) ) ;
#6595 = CARTESIAN_POINT ( 'NONE',  ( 34.09854513467973192, 3.017738366070769285, 0.3345815717128872158 ) ) ;
#6596 = CARTESIAN_POINT ( 'NONE',  ( 51.29999999999999716, 0.4213937420129885147, 1.124999999999975797 ) ) ;
#6597 = CARTESIAN_POINT ( 'NONE',  ( 49.29999999999999716, 4.831393742013000647, 0.1750000000000040135 ) ) ;
#6598 = CARTESIAN_POINT ( 'NONE',  ( 36.55283894184021420, 4.098961751125754560, 0.07202201126515751783 ) ) ;
#6599 = DIRECTION ( 'NONE',  ( -2.666144858838235626E-32, -1.000000000000000000, -1.861759004257252044E-46 ) ) ;
#6600 = CARTESIAN_POINT ( 'NONE',  ( 38.76521180071387818, 3.590975299801606013, 0.2386553630728877051 ) ) ;
#6601 = CARTESIAN_POINT ( 'NONE',  ( 31.56952752250055738, 3.359673131624065334, -0.02953380693073565100 ) ) ;
#6602 = DIRECTION ( 'NONE',  ( 1.219615242270666178E-14, 0.000000000000000000, 1.000000000000000000 ) ) ;
#6603 = ORIENTED_EDGE ( 'NONE', *, *, #4226, .T. ) ;
#6604 = CARTESIAN_POINT ( 'NONE',  ( 45.63493770921355264, 4.056117379102714082, -0.1657050867800201888 ) ) ;
#6605 = VERTEX_POINT ( 'NONE', #5900 ) ;
#6606 = VECTOR ( 'NONE', #4208, 1000.000000000000000 ) ;
#6607 = DIRECTION ( 'NONE',  ( -7.837792587829701093E-15, 2.999999999999999839E-15, -1.000000000000000000 ) ) ;
#6608 = CARTESIAN_POINT ( 'NONE',  ( 25.22696988029716536, 1.539299418827543064, -3.733102234123658381 ) ) ;
#6609 = EDGE_CURVE ( 'NONE', #2839, #5590, #2176, .T. ) ;
#6610 = CARTESIAN_POINT ( 'NONE',  ( 48.50000000000000000, 1.931393742012995185, 2.125000000000000000 ) ) ;
#6611 = VECTOR ( 'NONE', #2297, 1000.000000000000000 ) ;
#6612 = VERTEX_POINT ( 'NONE', #5379 ) ;
#6613 = LINE ( 'NONE', #2722, #6811 ) ;
#6614 = APPLICATION_PROTOCOL_DEFINITION ( 'draft international standard', 'automotive_design', 1998, #6757 ) ;
#6615 = CARTESIAN_POINT ( 'NONE',  ( 45.35217706658694681, 4.099207109531703530, -0.005058572039445312363 ) ) ;
#6616 = CARTESIAN_POINT ( 'NONE',  ( 47.99175702206061089, 3.253894558909923074, -0.4226645090271939909 ) ) ;
#6617 = CARTESIAN_POINT ( 'NONE',  ( -11.50000000000001066, -0.05000000000000000278, 1.499999999999919842 ) ) ;
#6618 = CARTESIAN_POINT ( 'NONE',  ( 26.00179323022355504, 1.527156155566248952, -4.805509957458472314 ) ) ;
#6619 = ORIENTED_EDGE ( 'NONE', *, *, #3926, .F. ) ;
#6620 = FACE_OUTER_BOUND ( 'NONE', #2771, .T. ) ;
#6621 = ORIENTED_EDGE ( 'NONE', *, *, #2655, .T. ) ;
#6622 = CARTESIAN_POINT ( 'NONE',  ( 43.43187846828772081, 3.017738379862527243, 0.3345815584239568152 ) ) ;
#6623 = ORIENTED_EDGE ( 'NONE', *, *, #1879, .F. ) ;
#6624 = CARTESIAN_POINT ( 'NONE',  ( 51.00000000000000000, 12.39639374201300015, 1.050000000000014033 ) ) ;
#6625 = UNCERTAINTY_MEASURE_WITH_UNIT (LENGTH_MEASURE( 1.000000000000000082E-05 ), #3831, 'distance_accuracy_value', 'NONE');
#6626 = CARTESIAN_POINT ( 'NONE',  ( 49.09999999999999432, 4.831393742012989989, 1.824999999999999956 ) ) ;
#6627 = CARTESIAN_POINT ( 'NONE',  ( 40.44716105815046348, 3.055106684240637360, 0.1410868019950432539 ) ) ;
#6628 = CARTESIAN_POINT ( 'NONE',  ( 31.85725665064701673, 2.804285271867758667, 0.2178331047557758027 ) ) ;
#6629 = CARTESIAN_POINT ( 'NONE',  ( 29.01116490272928772, 3.490518528767135642, -0.7936041734563468175 ) ) ;
#6630 = CARTESIAN_POINT ( 'NONE',  ( 47.95296121502894948, 2.852455416352838391, -0.8213164123489777868 ) ) ;
#6631 = LINE ( 'NONE', #5992, #3698 ) ;
#6632 = CARTESIAN_POINT ( 'NONE',  ( 43.43187846828771370, 3.495049104163495457, -0.3345815584238815976 ) ) ;
#6633 = VECTOR ( 'NONE', #3802, 1000.000000000000000 ) ;
#6634 = FACE_OUTER_BOUND ( 'NONE', #7747, .T. ) ;
#6635 = EDGE_CURVE ( 'NONE', #5422, #11, #2842, .T. ) ;
#6636 = CARTESIAN_POINT ( 'NONE',  ( 31.15148475036799525, 2.865395281631771152, -0.2389132818765485888 ) ) ;
#6637 = CARTESIAN_POINT ( 'NONE',  ( 33.92158918249545252, 2.463012018039673290, 0.3427775782337597610 ) ) ;
#6638 = DIRECTION ( 'NONE',  ( 0.000000000000000000, 0.000000000000000000, -1.000000000000000000 ) ) ;
#6639 = CARTESIAN_POINT ( 'NONE',  ( 35.65443661563280386, 3.211438678712176031, 0.4105147597398876025 ) ) ;
#6640 = CARTESIAN_POINT ( 'NONE',  ( 29.54428148720413105, 3.069291403080236069, -1.247696386577680672 ) ) ;
#6641 = EDGE_CURVE ( 'NONE', #2969, #2802, #6022, .T. ) ;
#6642 = CIRCLE ( 'NONE', #2461, 0.2000000000000001499 ) ;
#6643 = CARTESIAN_POINT ( 'NONE',  ( 29.58167669342059725, 3.105183442063512267, 1.481468276449519506 ) ) ;
#6644 = ORIENTED_EDGE ( 'NONE', *, *, #5587, .F. ) ;
#6645 = ORIENTED_EDGE ( 'NONE', *, *, #3443, .F. ) ;
#6646 = CARTESIAN_POINT ( 'NONE',  ( 46.65220639163649707, 3.956341712841497049, 0.5145791578005277644 ) ) ;
#6647 = DIRECTION ( 'NONE',  ( -0.8271046511042942084, 0.000000000000000000, 0.5620479482407562122 ) ) ;
#6648 = ORIENTED_EDGE ( 'NONE', *, *, #1724, .F. ) ;
#6649 = CARTESIAN_POINT ( 'NONE',  ( 48.50000000000000000, 4.531393742013010595, -1.824999999999999956 ) ) ;
#6650 = CARTESIAN_POINT ( 'NONE',  ( 25.45585807714627080, 1.539299418827504651, -4.061142160570364368 ) ) ;
#6651 = ORIENTED_EDGE ( 'NONE', *, *, #3127, .T. ) ;
#6652 = DIRECTION ( 'NONE',  ( 2.999999999999999839E-15, 1.000000000000000000, 2.999999999999999839E-15 ) ) ;
#6653 = ORIENTED_EDGE ( 'NONE', *, *, #2151, .F. ) ;
#6654 = CARTESIAN_POINT ( 'NONE',  ( 52.10000000000000142, 0.4213937420129905131, -0.4250000000000289657 ) ) ;
#6655 = APPLICATION_PROTOCOL_DEFINITION ( 'draft international standard', 'automotive_design', 1998, #6047 ) ;
#6656 = CARTESIAN_POINT ( 'NONE',  ( 39.16778560659480490, 2.883739501971372299, 0.3032467868438575853 ) ) ;
#6657 = CARTESIAN_POINT ( 'NONE',  ( 47.97899438332279942, 3.653704439176555407, -0.4224856098540245020 ) ) ;
#6658 = FACE_OUTER_BOUND ( 'NONE', #5729, .T. ) ;
#6659 = DIRECTION ( 'NONE',  ( 0.5773502691896317263, 0.5773502691896217343, 0.5773502691896238437 ) ) ;
#6660 = EDGE_LOOP ( 'NONE', ( #7323, #1019, #2978, #7559 ) ) ;
#6661 = LINE ( 'NONE', #7389, #5386 ) ;
#6662 = CARTESIAN_POINT ( 'NONE',  ( 36.12110328229557865, 2.934327941535011419, 0.2584897402771439978 ) ) ;
#6663 = DIRECTION ( 'NONE',  ( -0.8000000000000000444, 4.265276524023165170E-16, 0.5999999999999999778 ) ) ;
#6664 = VECTOR ( 'NONE', #1441, 1000.000000000000000 ) ;
#6665 = CARTESIAN_POINT ( 'NONE',  ( 40.10111893992864651, 3.559640528849906005, 0.3726542400367270913 ) ) ;
#6666 = CARTESIAN_POINT ( 'NONE',  ( 33.45492215036990302, 2.937767974758542788, 0.8033856986750159690 ) ) ;
#6667 = CARTESIAN_POINT ( 'NONE',  ( 42.74589931030371304, 3.533635064303519258, -0.3946602860566649773 ) ) ;
#6668 = CARTESIAN_POINT ( 'NONE',  ( 29.45944211630340703, 3.620113424414483916, -1.150553107503266226 ) ) ;
#6669 = CARTESIAN_POINT ( 'NONE',  ( 45.90799567767800937, 2.870033544928024316, -0.3561162756998179080 ) ) ;
#6670 = CYLINDRICAL_SURFACE ( 'NONE', #1427, 0.1999999999999999833 ) ;
#6671 = EDGE_CURVE ( 'NONE', #1522, #5157, #4014, .T. ) ;
#6672 = CARTESIAN_POINT ( 'NONE',  ( 34.05618859409624832, 3.336013918675431622, 0.07483172509803065475 ) ) ;
#6673 = CARTESIAN_POINT ( 'NONE',  ( 49.29999999999999716, 4.831393742013000647, -1.074999999999999956 ) ) ;
#6674 = VECTOR ( 'NONE', #6926, 1000.000000000000000 ) ;
#6675 = CARTESIAN_POINT ( 'NONE',  ( 31.51002320087813047, 3.031687948793192700, -0.3382121326378996762 ) ) ;
#6676 = CARTESIAN_POINT ( 'NONE',  ( 32.52154298962151557, 4.059749704871327580, 0.3186848804684992986 ) ) ;
#6677 = EDGE_CURVE ( 'NONE', #7890, #6738, #911, .T. ) ;
#6678 = DIRECTION ( 'NONE',  ( -2.999999999999999839E-15, -1.000000000000000000, -2.999999999999999839E-15 ) ) ;
#6679 = AXIS2_PLACEMENT_3D ( 'NONE', #2026, #4578, #117 ) ;
#6680 = CIRCLE ( 'NONE', #4101, 0.2999999999999999334 ) ;
#6681 = CARTESIAN_POINT ( 'NONE',  ( 42.96521180072355151, 3.324223804845748642, 0.4053397138900269869 ) ) ;
#6682 = CARTESIAN_POINT ( 'NONE',  ( 31.21789509216856118, 3.208828430640707108, 0.4511106579106981540 ) ) ;
#6683 =( NAMED_UNIT ( * ) SI_UNIT ( $, .STERADIAN. ) SOLID_ANGLE_UNIT ( ) );
#6684 =( GEOMETRIC_REPRESENTATION_CONTEXT ( 3 ) GLOBAL_UNCERTAINTY_ASSIGNED_CONTEXT ( ( #1480 ) ) GLOBAL_UNIT_ASSIGNED_CONTEXT ( ( #1597, #1039, #4861 ) ) REPRESENTATION_CONTEXT ( 'NONE', 'WORKASPACE' ) );
#6685 = EDGE_CURVE ( 'NONE', #2511, #6335, #6613, .T. ) ;
#6686 = VECTOR ( 'NONE', #6659, 1000.000000000000114 ) ;
#6687 = CARTESIAN_POINT ( 'NONE',  ( 31.05585661911122486, 2.677014031514201697, -0.5803300776849089626 ) ) ;
#6688 = ORIENTED_EDGE ( 'NONE', *, *, #6796, .T. ) ;
#6689 = VERTEX_POINT ( 'NONE', #5935 ) ;
#6690 = CARTESIAN_POINT ( 'NONE',  ( 47.58437217402997987, 3.691433829193769611, 0.7918693829727041500 ) ) ;
#6691 = FACE_OUTER_BOUND ( 'NONE', #4178, .T. ) ;
#6692 = VERTEX_POINT ( 'NONE', #146 ) ;
#6693 = FACE_OUTER_BOUND ( 'NONE', #3937, .T. ) ;
#6694 = CARTESIAN_POINT ( 'NONE',  ( 37.17423502831007909, 2.920431328350689970, -0.7419778408464411390 ) ) ;
#6695 = VECTOR ( 'NONE', #801, 1000.000000000000000 ) ;
#6696 = CARTESIAN_POINT ( 'NONE',  ( 47.21748633108274618, 3.373069724619973009, 0.3124592270551822537 ) ) ;
#6697 = VECTOR ( 'NONE', #6833, 1000.000000000000000 ) ;
#6698 = DIRECTION ( 'NONE',  ( 0.000000000000000000, 0.000000000000000000, -1.000000000000000000 ) ) ;
#6699 = ORIENTED_EDGE ( 'NONE', *, *, #3981, .T. ) ;
#6700 = CARTESIAN_POINT ( 'NONE',  ( 44.90957529486983191, 3.236223183053787089, -0.4261744799731498889 ) ) ;
#6701 = CARTESIAN_POINT ( 'NONE',  ( 42.43445227340668424, 3.207315261390307981, 0.4779342002912594367 ) ) ;
#6702 = CARTESIAN_POINT ( 'NONE',  ( 47.33173919859418532, 3.588852288185394368, -0.7608201942701636744 ) ) ;
#6703 = CARTESIAN_POINT ( 'NONE',  ( 24.89908115240746511, 2.195972545156108957, -3.961884932950209937 ) ) ;
#6704 = CARTESIAN_POINT ( 'NONE',  ( 46.29541976154579430, 3.604253717754538844, 0.4492394956755573765 ) ) ;
#6705 = AXIS2_PLACEMENT_3D ( 'NONE', #226, #5377, #4730 ) ;
#6706 = ORIENTED_EDGE ( 'NONE', *, *, #2708, .T. ) ;
#6707 = DIRECTION ( 'NONE',  ( 1.000000000000000000, -2.999999999999999839E-15, -7.000000000000000150E-15 ) ) ;
#6708 = ORIENTED_EDGE ( 'NONE', *, *, #5431, .T. ) ;
#6709 = CARTESIAN_POINT ( 'NONE',  ( 33.16521200046231144, 2.921809284719995681, -0.2386580203655147003 ) ) ;
#6710 = CARTESIAN_POINT ( 'NONE',  ( 51.00000000000000000, 3.981393742012995229, -0.2000000000000105027 ) ) ;
#6711 = CARTESIAN_POINT ( 'NONE',  ( 40.72325718063809319, 3.072885496239742054, 0.4638344041942874529 ) ) ;
#6712 = CIRCLE ( 'NONE', #2000, 0.2000000000000001499 ) ;
#6713 = CARTESIAN_POINT ( 'NONE',  ( 35.54090169495732709, 3.229947571226821967, -0.8140653903592240948 ) ) ;
#6714 = CARTESIAN_POINT ( 'NONE',  ( 42.93983505482677998, 3.781896133391685400, -0.6849559791487912497 ) ) ;
#6715 = CARTESIAN_POINT ( 'NONE',  ( 44.96040336394997183, 3.974993708337761777, -0.5357568117754231141 ) ) ;
#6716 = DIRECTION ( 'NONE',  ( 0.000000000000000000, 0.000000000000000000, -1.000000000000000000 ) ) ;
#6717 = CARTESIAN_POINT ( 'NONE',  ( 47.21748633108273907, 3.139717759406027042, -0.3124592270551600492 ) ) ;
#6718 = LINE ( 'NONE', #5533, #8031 ) ;
#6719 = ADVANCED_FACE ( 'NONE', ( #818 ), #3383, .T. ) ;
#6720 = CARTESIAN_POINT ( 'NONE',  ( 34.21572052400781416, 3.312317056493343514, 0.09666058147186284977 ) ) ;
#6721 = CARTESIAN_POINT ( 'NONE',  ( 9.750000000000000000, -0.05000000000000000278, 6.808388610744110674E-14 ) ) ;
#6722 = DIRECTION ( 'NONE',  ( -7.000000000000000150E-15, 2.999999999999999839E-15, -1.000000000000000000 ) ) ;
#6723 = LINE ( 'NONE', #932, #62 ) ;
#6724 = CARTESIAN_POINT ( 'NONE',  ( 45.45421155199282737, 2.945328045282160190, 0.2538312578386329177 ) ) ;
#6725 = CARTESIAN_POINT ( 'NONE',  ( 43.89854515320821804, 3.661733471593864309, -0.06783008095322833053 ) ) ;
#6726 = CARTESIAN_POINT ( 'NONE',  ( 39.18952190645438094, 3.365607696777670466, -0.003385962431781238541 ) ) ;
#6727 = CARTESIAN_POINT ( 'NONE',  ( 30.04444310749391533, 3.100561430120214457, -0.8437783783638732604 ) ) ;
#6728 = CARTESIAN_POINT ( 'NONE',  ( 33.32110331287330496, 2.997903979852758471, -0.3220657735985721914 ) ) ;
#6729 = CARTESIAN_POINT ( 'NONE',  ( 29.38457700004530437, 2.893902494939894154, 1.204839847270677389 ) ) ;
#6730 = ORIENTED_EDGE ( 'NONE', *, *, #838, .T. ) ;
#6731 = ORIENTED_EDGE ( 'NONE', *, *, #219, .F. ) ;
#6732 = DIRECTION ( 'NONE',  ( -1.000000000000000000, 2.999999999999999839E-15, 7.000000000000000150E-15 ) ) ;
#6733 = DIRECTION ( 'NONE',  ( 0.000000000000000000, 0.000000000000000000, -1.000000000000000000 ) ) ;
#6734 = ORIENTED_EDGE ( 'NONE', *, *, #1381, .F. ) ;
#6735 = DIRECTION ( 'NONE',  ( 1.000000000000000000, -2.870543024180835148E-15, -7.000000000000000150E-15 ) ) ;
#6736 = CARTESIAN_POINT ( 'NONE',  ( 52.20000000000000284, 3.481393742012984571, 1.474999999999980105 ) ) ;
#6737 = CARTESIAN_POINT ( 'NONE',  ( 33.35981944151274092, 2.836074777636528488, -0.7000549415516312823 ) ) ;
#6738 = VERTEX_POINT ( 'NONE', #269 ) ;
#6739 = CARTESIAN_POINT ( 'NONE',  ( 51.00000000000000000, 1.831393742012995096, -0.4500000000000169975 ) ) ;
#6740 = ORIENTED_EDGE ( 'NONE', *, *, #2515, .F. ) ;
#6741 = CARTESIAN_POINT ( 'NONE',  ( 36.12110328229557865, 2.934327941535011419, 0.2584897402771439978 ) ) ;
#6742 = CARTESIAN_POINT ( 'NONE',  ( 40.72325718063808608, 3.439901987786297077, -0.4638344041941743767 ) ) ;
#6743 = CARTESIAN_POINT ( 'NONE',  ( 47.81272921212163851, 3.246004172627590112, -0.8152523333722578869 ) ) ;
#6744 = EDGE_CURVE ( 'NONE', #4514, #2969, #2765, .T. ) ;
#6745 = CARTESIAN_POINT ( 'NONE',  ( 24.89908115240746511, 1.527156155566259610, -3.961884932945568760 ) ) ;
#6746 = EDGE_CURVE ( 'NONE', #5513, #6423, #8267, .T. ) ;
#6747 = CIRCLE ( 'NONE', #7844, 9.750000000000000000 ) ;
#6748 = CARTESIAN_POINT ( 'NONE',  ( 45.78541943070506193, 3.651321345788025141, 0.3252017739258284412 ) ) ;
#6749 = VERTEX_POINT ( 'NONE', #2308 ) ;
#6750 = DIRECTION ( 'NONE',  ( -0.8200998161168392420, 9.606411846750677492E-15, -0.5722204921226837770 ) ) ;
#6751 = ORIENTED_EDGE ( 'NONE', *, *, #4258, .T. ) ;
#6752 = CARTESIAN_POINT ( 'NONE',  ( 38.76521180071387818, 3.590975299801606013, 0.2386553630728877051 ) ) ;
#6753 = DIRECTION ( 'NONE',  ( -1.000000000000000000, 2.999999999999999839E-15, 7.000000000000000150E-15 ) ) ;
#6754 = CARTESIAN_POINT ( 'NONE',  ( 36.91256597706635034, 3.151286111718891725, 0.4707142213604720293 ) ) ;
#6755 = CARTESIAN_POINT ( 'NONE',  ( 33.67423468701937139, 3.282839394669748945, 0.8140657627429630505 ) ) ;
#6756 = CARTESIAN_POINT ( 'NONE',  ( 40.76106315528374324, 3.127622659743776179, 0.8873224957003829072 ) ) ;
#6757 = APPLICATION_CONTEXT ( 'automotive_design' ) ;
#6758 = CARTESIAN_POINT ( 'NONE',  ( 0.000000000000000000, 1.000000000000001776, 0.000000000000000000 ) ) ;
#6759 = CARTESIAN_POINT ( 'NONE',  ( 45.39018537787168839, 2.819905315264722212, -0.1631237060645690518 ) ) ;
#6760 = FACE_OUTER_BOUND ( 'NONE', #8236, .T. ) ;
#6761 = CARTESIAN_POINT ( 'NONE',  ( 36.46630558546237211, 3.266142117543051615, -0.1123522980613261696 ) ) ;
#6762 = CARTESIAN_POINT ( 'NONE',  ( 51.00014059414839807, 3.980056078045384638, -1.049997932438999859 ) ) ;
#6763 = CARTESIAN_POINT ( 'NONE',  ( 29.38041185155848112, 3.449061285364864116, -1.322804646010577123 ) ) ;
#6764 = FACE_OUTER_BOUND ( 'NONE', #2976, .T. ) ;
#6765 = CARTESIAN_POINT ( 'NONE',  ( 29.42636190768925530, 2.674540764338328991, 0.7477825757815216301 ) ) ;
#6766 = CARTESIAN_POINT ( 'NONE',  ( 43.58776991527756905, 3.578459235657315052, -0.2584896670904497928 ) ) ;
#6767 = CARTESIAN_POINT ( 'NONE',  ( 42.18776994895921462, 2.845878982307471272, -0.04495506327772768457 ) ) ;
#6768 = CARTESIAN_POINT ( 'NONE',  ( 39.65618857310929002, 3.336013907015392022, 0.07483169100082860681 ) ) ;
#6769 = CARTESIAN_POINT ( 'NONE',  ( 29.98207977571802374, 3.890000512720097170, -0.2643910194291285709 ) ) ;
#6770 = CARTESIAN_POINT ( 'NONE',  ( 36.50957226365128605, 2.830235549691661578, 0.02016514339826156257 ) ) ;
#6771 = AXIS2_PLACEMENT_3D ( 'NONE', #3076, #1696, #3651 ) ;
#6772 = ORIENTED_EDGE ( 'NONE', *, *, #7701, .F. ) ;
#6773 = ORIENTED_EDGE ( 'NONE', *, *, #2957, .T. ) ;
#6774 = CARTESIAN_POINT ( 'NONE',  ( 50.39949548389100187, 4.631393742012989811, -0.1750000000000044853 ) ) ;
#6775 = LINE ( 'NONE', #6817, #6001 ) ;
#6776 = ORIENTED_EDGE ( 'NONE', *, *, #5027, .T. ) ;
#6777 = DIRECTION ( 'NONE',  ( 0.000000000000000000, 0.000000000000000000, -1.000000000000000000 ) ) ;
#6778 = DIRECTION ( 'NONE',  ( 7.000000000000000150E-15, -2.999999999999999839E-15, 1.000000000000000000 ) ) ;
#6779 = AXIS2_PLACEMENT_3D ( 'NONE', #4340, #1142, #6165 ) ;
#6780 = FACE_OUTER_BOUND ( 'NONE', #7994, .T. ) ;
#6781 = ORIENTED_EDGE ( 'NONE', *, *, #8098, .F. ) ;
#6782 = DIRECTION ( 'NONE',  ( -0.8295410558727225325, -0.5584457329244880697, 4.592657824304940536E-14 ) ) ;
#6783 = ORIENTED_EDGE ( 'NONE', *, *, #3242, .T. ) ;
#6784 = CARTESIAN_POINT ( 'NONE',  ( 37.13187846737672970, 3.038610142316702234, -0.3485276241935704733 ) ) ;
#6785 = CARTESIAN_POINT ( 'NONE',  ( 52.29999999999999716, 2.081393742012984660, 0.4499999999999749756 ) ) ;
#6786 = CARTESIAN_POINT ( 'NONE',  ( 34.38825587047664811, 4.059779703845491916, 0.3186252155386514184 ) ) ;
#6787 = EDGE_CURVE ( 'NONE', #7297, #8137, #1011, .T. ) ;
#6788 = DIRECTION ( 'NONE',  ( -0.8000000000000000444, 0.000000000000000000, 0.5999999999999999778 ) ) ;
#6789 = CARTESIAN_POINT ( 'NONE',  ( 33.07353799716526055, 1.577156155566248996, -9.043765188928762692E-16 ) ) ;
#6790 = EDGE_CURVE ( 'NONE', #8137, #7567, #2391, .T. ) ;
#6791 = ORIENTED_EDGE ( 'NONE', *, *, #1061, .F. ) ;
#6792 = ORIENTED_EDGE ( 'NONE', *, *, #7691, .F. ) ;
#6793 = CARTESIAN_POINT ( 'NONE',  ( 36.74340948601911094, 3.654526125068108033, 0.1611559191276195069 ) ) ;
#6794 = CARTESIAN_POINT ( 'NONE',  ( 44.88575719526839691, 3.452641267450160978, 0.1396181809834610710 ) ) ;
#6795 = CARTESIAN_POINT ( 'NONE',  ( 52.44999999999999574, 4.381393742012985371, 1.474999999999980105 ) ) ;
#6796 = EDGE_CURVE ( 'NONE', #8172, #2969, #6192, .T. ) ;
#6797 = CARTESIAN_POINT ( 'NONE',  ( 41.45283894185715923, 2.867417262231417130, 0.7508697078732311514 ) ) ;
#6798 = CARTESIAN_POINT ( 'NONE',  ( 44.18825468781766830, 3.599171222064064146, 0.7933826849557736871 ) ) ;
#6799 = LINE ( 'NONE', #2240, #2430 ) ;
#6800 = CARTESIAN_POINT ( 'NONE',  ( 45.81321240573448961, 2.462457533681151389, -0.3183386597438524479 ) ) ;
#6801 = DIRECTION ( 'NONE',  ( 1.000000000000000000, 0.000000000000000000, -5.373696741271740343E-15 ) ) ;
#6802 = ORIENTED_EDGE ( 'NONE', *, *, #2339, .T. ) ;
#6803 = CARTESIAN_POINT ( 'NONE',  ( 35.45618857312476280, 3.147179787237119886, 0.003385962428860883177 ) ) ;
#6804 = VECTOR ( 'NONE', #5496, 1000.000000000000000 ) ;
#6805 = PRESENTATION_STYLE_ASSIGNMENT (( #5282 ) ) ;
#6806 = LINE ( 'NONE', #4845, #2225 ) ;
#6807 = DIRECTION ( 'NONE',  ( 2.999999999999999839E-15, 1.000000000000000000, 2.999999999999999839E-15 ) ) ;
#6808 = CARTESIAN_POINT ( 'NONE',  ( 35.03187846737706934, 2.921812184209973573, -0.2386553630810281934 ) ) ;
#6809 = CARTESIAN_POINT ( 'NONE',  ( 32.31007928061278989, 2.955161476144765320, 0.3061561758467100103 ) ) ;
#6810 = CARTESIAN_POINT ( 'NONE',  ( 31.17719321599470561, 3.792165466571497667, 0.6314013613452844620 ) ) ;
#6811 = VECTOR ( 'NONE', #7966, 1000.000000000000227 ) ;
#6812 = CARTESIAN_POINT ( 'NONE',  ( 29.92728475127561083, 2.863371339123852000, 0.7727029479684870417 ) ) ;
#6813 = VECTOR ( 'NONE', #1307, 1000.000000000000000 ) ;
#6814 = ORIENTED_EDGE ( 'NONE', *, *, #7374, .F. ) ;
#6815 = AXIS2_PLACEMENT_3D ( 'NONE', #7585, #6807, #5063 ) ;
#6816 = DIRECTION ( 'NONE',  ( 0.000000000000000000, 0.000000000000000000, 1.000000000000000000 ) ) ;
#6817 = CARTESIAN_POINT ( 'NONE',  ( 49.09999999999999432, 2.931393742013005177, -1.775000000000000133 ) ) ;
#6818 = ORIENTED_EDGE ( 'NONE', *, *, #2761, .T. ) ;
#6819 = LINE ( 'NONE', #396, #1444 ) ;
#6820 = DIRECTION ( 'NONE',  ( 1.000000000000000000, 2.023844055306275241E-29, -7.000000000000000150E-15 ) ) ;
#6821 = VECTOR ( 'NONE', #2040, 1000.000000000000000 ) ;
#6822 = EDGE_CURVE ( 'NONE', #4811, #1182, #1086, .T. ) ;
#6823 =( BOUNDED_SURFACE ( )  B_SPLINE_SURFACE ( 3, 3, ( 
 ( #3240, #7142, #633, #8254, #5833, #7062, #706, #3789, #8340, #6430, #5023, #6468, #2619, #6390, #7753, #5189 ),
 ( #2536, #5757, #593, #6507, #7793, #5108, #1197, #1996, #8295, #4, #4424, #4544, #7712, #3202, #1918, #1833 ),
 ( #668, #5673, #5795, #1955, #4465, #2457, #3161, #1361, #1276, #7627, #2578, #3913, #6982, #3752, #5150, #6349 ),
 ( #4504, #555, #1319, #3875, #3124, #2496, #5065, #7671, #1877, #7022, #1235, #1530, #159, #3361, #1446, #4122 ),
 ( #5951, #7185, #6036, #3322, #2115, #7228, #7909, #3992, #2738, #5308, #884, #4665, #5913, #3952, #6591, #6629 ),
 ( #6551, #3276, #7267, #202, #4584, #123, #1484, #793, #4032, #7870, #2070, #5876, #4624, #5357, #837, #2033 ),
 ( #3440, #3397, #4073, #5229, #2698, #7831, #5990, #2781, #4746, #7943, #1403, #2154, #2657, #6668, #754, #4706 ) ),
 .UNSPECIFIED., .T., .F., .F. ) 
 B_SPLINE_SURFACE_WITH_KNOTS ( ( 4, 3, 4 ),
 ( 4, 2, 2, 2, 2, 2, 2, 4 ),
 ( 0.000000000000000000, 0.5000000000000000000, 1.000000000000000000 ),
 ( 0.7941314441421509773, 0.8080660543021185305, 0.8220006644620860836, 0.8498698847820211899, 0.8777391051019562962, 0.8916737152619238493, 0.8986410203419077369, 0.9056083254218915135 ),
 .UNSPECIFIED. ) 
 GEOMETRIC_REPRESENTATION_ITEM ( )  RATIONAL_B_SPLINE_SURFACE ( (
 ( 1.000000000000000000, 1.000000000000000000, 1.000000000000000000, 1.000000000000000000, 1.000000000000000000, 1.000000000000000000, 1.000000000000000000, 1.000000000000000000, 1.000000000000000000, 1.000000000000000000, 1.000000000000000000, 1.000000000000000000, 1.000000000000000000, 1.000000000000000000, 1.000000000000000000, 1.000000000000000000),
 ( 0.3333333333333333703, 0.3333333333333333703, 0.3333333333333333703, 0.3333333333333333703, 0.3333333333333333703, 0.3333333333333333703, 0.3333333333333333703, 0.3333333333333333703, 0.3333333333333333703, 0.3333333333333333703, 0.3333333333333333703, 0.3333333333333333703, 0.3333333333333333703, 0.3333333333333333703, 0.3333333333333333703, 0.3333333333333333703),
 ( 0.3333333333333333703, 0.3333333333333333703, 0.3333333333333333703, 0.3333333333333333703, 0.3333333333333333703, 0.3333333333333333703, 0.3333333333333333703, 0.3333333333333333703, 0.3333333333333333703, 0.3333333333333333703, 0.3333333333333333703, 0.3333333333333333703, 0.3333333333333333703, 0.3333333333333333703, 0.3333333333333333703, 0.3333333333333333703),
 ( 1.000000000000000000, 1.000000000000000000, 1.000000000000000000, 1.000000000000000000, 1.000000000000000000, 1.000000000000000000, 1.000000000000000000, 1.000000000000000000, 1.000000000000000000, 1.000000000000000000, 1.000000000000000000, 1.000000000000000000, 1.000000000000000000, 1.000000000000000000, 1.000000000000000000, 1.000000000000000000),
 ( 0.3333333333333333703, 0.3333333333333333703, 0.3333333333333333703, 0.3333333333333333703, 0.3333333333333333703, 0.3333333333333333703, 0.3333333333333333703, 0.3333333333333333703, 0.3333333333333333703, 0.3333333333333333703, 0.3333333333333333703, 0.3333333333333333703, 0.3333333333333333703, 0.3333333333333333703, 0.3333333333333333703, 0.3333333333333333703),
 ( 0.3333333333333333703, 0.3333333333333333703, 0.3333333333333333703, 0.3333333333333333703, 0.3333333333333333703, 0.3333333333333333703, 0.3333333333333333703, 0.3333333333333333703, 0.3333333333333333703, 0.3333333333333333703, 0.3333333333333333703, 0.3333333333333333703, 0.3333333333333333703, 0.3333333333333333703, 0.3333333333333333703, 0.3333333333333333703),
 ( 1.000000000000000000, 1.000000000000000000, 1.000000000000000000, 1.000000000000000000, 1.000000000000000000, 1.000000000000000000, 1.000000000000000000, 1.000000000000000000, 1.000000000000000000, 1.000000000000000000, 1.000000000000000000, 1.000000000000000000, 1.000000000000000000, 1.000000000000000000, 1.000000000000000000, 1.000000000000000000) ) ) 
 REPRESENTATION_ITEM ( '' )  SURFACE ( )  );
#6824 = EDGE_CURVE ( 'NONE', #3762, #3390, #646, .T. ) ;
#6825 = ORIENTED_EDGE ( 'NONE', *, *, #6056, .F. ) ;
#6826 = CARTESIAN_POINT ( 'NONE',  ( 46.95467563190861426, 3.061767756866792034, -0.6344670598684158946 ) ) ;
#6827 = ORIENTED_EDGE ( 'NONE', *, *, #942, .F. ) ;
#6828 = DIRECTION ( 'NONE',  ( -1.000000000000000000, 2.666144858838235079E-32, -7.099163992599666699E-15 ) ) ;
#6829 = CYLINDRICAL_SURFACE ( 'NONE', #2829, 8.349999999999999645 ) ;
#6830 = CARTESIAN_POINT ( 'NONE',  ( 45.65056823456576041, 4.013191952278667429, -0.2236610021683844984 ) ) ;
#6831 = PLANE ( 'NONE',  #7468 ) ;
#6832 = EDGE_CURVE ( 'NONE', #1637, #2800, #1250, .T. ) ;
#6833 = DIRECTION ( 'NONE',  ( 1.000000000000000000, -2.999999999999999839E-15, -7.000000000000000150E-15 ) ) ;
#6834 = EDGE_LOOP ( 'NONE', ( #629, #3966, #6140, #4616 ) ) ;
#6835 = CARTESIAN_POINT ( 'NONE',  ( 47.70226286916697234, 2.874178455243936892, 0.8082787275204514899 ) ) ;
#6836 = EDGE_CURVE ( 'NONE', #4951, #2871, #7636, .T. ) ;
#6837 = ORIENTED_EDGE ( 'NONE', *, *, #6015, .F. ) ;
#6838 = CARTESIAN_POINT ( 'NONE',  ( 32.07632621439920229, 3.400794839418272542, -0.4010631918966903187 ) ) ;
#6839 = CARTESIAN_POINT ( 'NONE',  ( 38.33893684465528651, 3.273692816550617390, -0.1149613429995437891 ) ) ;
#6840 = ORIENTED_EDGE ( 'NONE', *, *, #8191, .F. ) ;
#6841 = CARTESIAN_POINT ( 'NONE',  ( 36.74340948601911094, 3.654526125068108033, 0.1611559191276195069 ) ) ;
#6842 = CARTESIAN_POINT ( 'NONE',  ( 45.27625541073417281, 2.421372998254485154, 0.1176367853439360261 ) ) ;
#6843 = ADVANCED_FACE ( 'NONE', ( #4479 ), #5731, .F. ) ;
#6844 = DIRECTION ( 'NONE',  ( -0.000000000000000000, -1.000000000000000000, -0.000000000000000000 ) ) ;
#6845 = CARTESIAN_POINT ( 'NONE',  ( 33.07353799716526055, 1.727156155566248685, -9.085398552352205668E-16 ) ) ;
#6846 = DIRECTION ( 'NONE',  ( -0.7745966692414824051, -0.4472135954999572061, 0.4472135954999602037 ) ) ;
#6847 = ORIENTED_EDGE ( 'NONE', *, *, #4078, .F. ) ;
#6848 = CARTESIAN_POINT ( 'NONE',  ( 42.92285523959142779, 3.147179787150558017, 0.003385962645957202831 ) ) ;
#6849 = FACE_OUTER_BOUND ( 'NONE', #1701, .T. ) ;
#6850 = CARTESIAN_POINT ( 'NONE',  ( -9.633924433998837245, 2.568543810014208884E-31, -1.500000000000067280 ) ) ;
#6851 = DIRECTION ( 'NONE',  ( 0.7745966692414870680, 0.4472135954999549856, 0.4472135954999544860 ) ) ;
#6852 = LINE ( 'NONE', #5582, #2232 ) ;
#6853 = B_SPLINE_CURVE_WITH_KNOTS ( 'NONE', 3,
 ( #3117, #3031, #6890, #511, #2948, #8289 ),
 .UNSPECIFIED., .F., .F.,
 ( 4, 2, 4 ),
 ( 0.000000000000000000, 0.5000000000000000000, 0.9487944670765140476 ),
 .UNSPECIFIED. ) ;
#6854 = CARTESIAN_POINT ( 'NONE',  ( 38.76521180071387818, 2.921812184224445108, -0.2386553630727472064 ) ) ;
#6855 = EDGE_CURVE ( 'NONE', #4369, #4314, #3180, .T. ) ;
#6856 = CARTESIAN_POINT ( 'NONE',  ( 35.61572052373340114, 3.364286849446228356, 0.02880559789985910960 ) ) ;
#6857 = CARTESIAN_POINT ( 'NONE',  ( 30.15800260955082379, 3.914355142074381622, -0.09163209346010697809 ) ) ;
#6858 = DIRECTION ( 'NONE',  ( 0.000000000000000000, 0.000000000000000000, -1.000000000000000000 ) ) ;
#6859 = CARTESIAN_POINT ( 'NONE',  ( 31.68905017659830037, 3.370769151286080234, 0.3842674699572761199 ) ) ;
#6860 = CARTESIAN_POINT ( 'NONE',  ( 29.42636190768925530, 2.674540764338328991, 0.7477825757815216301 ) ) ;
#6861 = ORIENTED_EDGE ( 'NONE', *, *, #2123, .F. ) ;
#6862 = DIRECTION ( 'NONE',  ( -2.783159565502900135E-15, -1.000000000000000000, -2.999999999999999839E-15 ) ) ;
#6863 = CARTESIAN_POINT ( 'NONE',  ( 29.92728475127561083, 2.863371339123852000, 0.7727029479684870417 ) ) ;
#6864 = ORIENTED_EDGE ( 'NONE', *, *, #988, .T. ) ;
#6865 = DIRECTION ( 'NONE',  ( -1.000000000000000000, 0.000000000000000000, 7.000000000000000150E-15 ) ) ;
#6866 = DIRECTION ( 'NONE',  ( 1.219615242270666178E-14, 0.000000000000000000, 1.000000000000000000 ) ) ;
#6867 = CARTESIAN_POINT ( 'NONE',  ( 44.52110031537072388, 2.997912395661925355, -0.3220305819354415400 ) ) ;
#6868 = VERTEX_POINT ( 'NONE', #2551 ) ;
#6869 = CARTESIAN_POINT ( 'NONE',  ( 31.76541706525373598, 3.319972528461555328, 0.3974505745560665271 ) ) ;
#6870 = CARTESIAN_POINT ( 'NONE',  ( 51.70000000000000284, 4.381393742012989811, -0.4250000000000139777 ) ) ;
#6871 = CARTESIAN_POINT ( 'NONE',  ( 39.20650169851617051, 2.730891331266524169, 0.6849559487039650341 ) ) ;
#6872 = DIRECTION ( 'NONE',  ( -2.666144858838235626E-32, -1.000000000000000000, -1.861759004257252044E-46 ) ) ;
#6873 = ADVANCED_FACE ( 'NONE', ( #6445 ), #3102, .T. ) ;
#6874 = ORIENTED_EDGE ( 'NONE', *, *, #4801, .F. ) ;
#6875 = CARTESIAN_POINT ( 'NONE',  ( 47.33173919859419243, 2.923935195840605239, 0.7608201942701841025 ) ) ;
#6876 = ORIENTED_EDGE ( 'NONE', *, *, #4408, .T. ) ;
#6877 = CARTESIAN_POINT ( 'NONE',  ( 37.28776994896032448, 3.371957876448518743, 0.3964697422151226558 ) ) ;
#6878 = B_SPLINE_CURVE_WITH_KNOTS ( 'NONE', 3,
 ( #3356, #7263, #3519, #1481, #6588, #5949, #7941, #6115, #2735, #2189, #8019, #5304, #3988, #5987, #5393, #327, #7905, #2777, #4119, #6711, #4026, #6665, #3394, #5435, #1442, #2853, #4070, #5352, #4789, #7223, #789, #7392, #1613, #833, #6754, #879, #2150, #2897, #4743, #4702, #7299, #6073, #3436, #241, #4157, #2814, #7343, #1571, #3477, #279, #8070, #2277, #4834, #7438, #1652, #5483, #7280, #1629 ),
 .UNSPECIFIED., .F., .F.,
 ( 4, 2, 2, 2, 2, 2, 2, 2, 2, 2, 2, 2, 2, 2, 2, 2, 2, 2, 2, 2, 2, 2, 2, 2, 2, 2, 2, 2, 4 ),
 ( 0.1308689870526984211, 0.1419233613375222303, 0.1750864841920457826, 0.1971952327616690592, 0.2193039813312923081, 0.2414127299009406202, 0.2635214784705889324, 0.2856302270402372723, 0.3077389756098856122, 0.3409020984643585939, 0.3740652213188316866, 0.3961739698884907401, 0.4182827184581499047, 0.4403914670277873089, 0.4625002155974248241, 0.4956633384518976948, 0.5177720870215459792, 0.5398808355911944856, 0.5730439584462085900, 0.5951527070155860910, 0.6172614555849635920, 0.6393702041546120984, 0.6614789527242606049, 0.6835877012939084452, 0.7056964498635562855, 0.7278051984332052360, 0.7499139470028541865, 0.7830770698573270572, 0.7941314441421509773 ),
 .UNSPECIFIED. ) ;
#6879 = CARTESIAN_POINT ( 'NONE',  ( 40.90560351137820305, 3.143563240901474209, 0.02801154037370549854 ) ) ;
#6880 = CARTESIAN_POINT ( 'NONE',  ( 42.49854513404306999, 2.921812184234044096, -0.2386553630611706334 ) ) ;
#6881 = CARTESIAN_POINT ( 'NONE',  ( 39.63445227326391773, 3.734327941553218899, 0.04907848081846436644 ) ) ;
#6882 = CARTESIAN_POINT ( 'NONE',  ( 31.58518131699589304, 2.938503570118708996, 0.7805206904611016183 ) ) ;
#6883 = AXIS2_PLACEMENT_3D ( 'NONE', #2424, #8178, #6230 ) ;
#6884 = CARTESIAN_POINT ( 'NONE',  ( 0.000000000000000000, 0.000000000000000000, 0.000000000000000000 ) ) ;
#6885 = DIRECTION ( 'NONE',  ( 0.9396029094275820670, -0.3419874910615649521, 0.01381768984451590097 ) ) ;
#6886 = CARTESIAN_POINT ( 'NONE',  ( 48.70000000000000284, 4.381393742013000470, -0.8750000000000000000 ) ) ;
#6887 = AXIS2_PLACEMENT_3D ( 'NONE', #2145, #5522, #4876 ) ;
#6888 = CARTESIAN_POINT ( 'NONE',  ( 32.05209292088722606, 3.384855642377226914, 0.2046941163486172832 ) ) ;
#6889 = VECTOR ( 'NONE', #4809, 1000.000000000000227 ) ;
#6890 = CARTESIAN_POINT ( 'NONE',  ( 25.85026140737803857, 3.331174544033471907, -3.298203728659137024 ) ) ;
#6891 = CARTESIAN_POINT ( 'NONE',  ( 25.10939455432604106, 2.687162905151471826, 4.302885328455709590 ) ) ;
#6892 = CARTESIAN_POINT ( 'NONE',  ( 24.99004277431769694, 1.716420234609558726, 5.393241760731458001 ) ) ;
#6893 = CARTESIAN_POINT ( 'NONE',  ( 31.68905017659829326, 3.142018332740013520, -0.3842674699570365338 ) ) ;
#6894 = CARTESIAN_POINT ( 'NONE',  ( 37.71572052372252415, 3.167736933432708124, -0.06790180698829148542 ) ) ;
#6895 = DIRECTION ( 'NONE',  ( 0.9998918860475787262, -3.043788535468364441E-15, 0.01470429244186939599 ) ) ;
#6896 = DIRECTION ( 'NONE',  ( 2.999999999999999839E-15, 1.000000000000000000, 2.999999999999999839E-15 ) ) ;
#6897 = CARTESIAN_POINT ( 'NONE',  ( 48.50000000000000000, 2.473658715094035010, 0.8827350269189618848 ) ) ;
#6898 = EDGE_CURVE ( 'NONE', #6915, #1524, #7342, .T. ) ;
#6899 = CARTESIAN_POINT ( 'NONE',  ( 31.15148475036799525, 2.865395281631771152, -0.2389132818765485888 ) ) ;
#6900 = ORIENTED_EDGE ( 'NONE', *, *, #7722, .T. ) ;
#6901 = DIRECTION ( 'NONE',  ( 9.999999999999999988E-15, 0.000000000000000000, 1.000000000000000000 ) ) ;
#6902 = EDGE_CURVE ( 'NONE', #1546, #3569, #2608, .T. ) ;
#6903 = FACE_OUTER_BOUND ( 'NONE', #8044, .T. ) ;
#6904 = LINE ( 'NONE', #481, #6633 ) ;
#6905 = CARTESIAN_POINT ( 'NONE',  ( 45.45421155199282026, 3.567459438743850519, -0.2538312578385860663 ) ) ;
#6906 = DIRECTION ( 'NONE',  ( -1.000000000000000000, 2.999999999999999839E-15, 7.000000000000000150E-15 ) ) ;
#6907 = ORIENTED_EDGE ( 'NONE', *, *, #3162, .F. ) ;
#6908 = EDGE_LOOP ( 'NONE', ( #2027, #4903, #960, #6012 ) ) ;
#6909 = CARTESIAN_POINT ( 'NONE',  ( 36.74340948601911094, 2.858261358957955078, -0.1611559191274506975 ) ) ;
#6910 = LINE ( 'NONE', #3008, #4027 ) ;
#6911 = PRESENTATION_LAYER_ASSIGNMENT (  '', '', ( #2715 ) ) ;
#6912 = CARTESIAN_POINT ( 'NONE',  ( 44.55985741107922138, 2.836027947432362417, -0.7000004086700009065 ) ) ;
#6913 = CARTESIAN_POINT ( 'NONE',  ( 52.29999999999999716, 2.081393742012984660, 0.4499999999999749756 ) ) ;
#6914 = CARTESIAN_POINT ( 'NONE',  ( 48.59999999999999432, 2.531393742012999937, 0.1250000000000000000 ) ) ;
#6915 = VERTEX_POINT ( 'NONE', #1213 ) ;
#6916 = CARTESIAN_POINT ( 'NONE',  ( 47.73490114387620054, 2.872842435831312269, 0.4095379990907943579 ) ) ;
#6917 = ORIENTED_EDGE ( 'NONE', *, *, #6593, .F. ) ;
#6918 = LINE ( 'NONE', #7435, #3866 ) ;
#6919 = SURFACE_SIDE_STYLE ('',( #1184 ) ) ;
#6920 = CARTESIAN_POINT ( 'NONE',  ( 33.12286000135622288, 3.181555005428005511, 0.07962264119809217555 ) ) ;
#6921 = CARTESIAN_POINT ( 'NONE',  ( 39.20650169851617051, 3.781896152759523844, -0.6849559487038305861 ) ) ;
#6922 = CARTESIAN_POINT ( 'NONE',  ( 45.49570644859682744, 3.934373143438429477, -0.4159401623494225486 ) ) ;
#6923 = CARTESIAN_POINT ( 'NONE',  ( 27.18191376433519935, 3.463726198661245093, 2.369050042655923782 ) ) ;
#6924 = LINE ( 'NONE', #456, #3121 ) ;
#6925 = ADVANCED_FACE ( 'NONE', ( #7603 ), #3137, .F. ) ;
#6926 = DIRECTION ( 'NONE',  ( -7.000000000000000150E-15, 2.999999999999999839E-15, -1.000000000000000000 ) ) ;
#6927 = ORIENTED_EDGE ( 'NONE', *, *, #3551, .T. ) ;
#6928 = CARTESIAN_POINT ( 'NONE',  ( 43.21256597496826402, 3.731499926430684511, -0.08302774416276202663 ) ) ;
#6929 = DIRECTION ( 'NONE',  ( 2.999999999999999839E-15, 1.000000000000000000, 2.999999999999999839E-15 ) ) ;
#6930 = CARTESIAN_POINT ( 'NONE',  ( 27.41080196118428347, 2.663726198661239497, 2.697089969102656415 ) ) ;
#6931 = FACE_OUTER_BOUND ( 'NONE', #7216, .T. ) ;
#6932 = CARTESIAN_POINT ( 'NONE',  ( 35.92285523974785377, 3.176773577026913209, -0.07483169096623254468 ) ) ;
#6933 = CARTESIAN_POINT ( 'NONE',  ( 33.83687610132847112, 3.413224360777073141, 0.1767221149958272119 ) ) ;
#6934 = CARTESIAN_POINT ( 'NONE',  ( 30.23054662516042157, 3.682002481108011427, -0.4991544489485048031 ) ) ;
#6935 = DIRECTION ( 'NONE',  ( -0.000000000000000000, -1.000000000000000000, -0.000000000000000000 ) ) ;
#6936 = CARTESIAN_POINT ( 'NONE',  ( 47.64022834722366184, 2.825180578719279190, -0.3954979900233501766 ) ) ;
#6937 = EDGE_CURVE ( 'NONE', #8196, #3091, #609, .T. ) ;
#6938 = MECHANICAL_DESIGN_GEOMETRIC_PRESENTATION_REPRESENTATION (  '', ( #4086 ), #2211 ) ;
#6939 = CARTESIAN_POINT ( 'NONE',  ( 0.000000000000000000, 0.000000000000000000, 0.000000000000000000 ) ) ;
#6940 = VERTEX_POINT ( 'NONE', #5039 ) ;
#6941 = EDGE_CURVE ( 'NONE', #4688, #2670, #5737, .T. ) ;
#6942 = DIRECTION ( 'NONE',  ( -2.666144858838235626E-32, -1.000000000000000000, -1.861759004257252044E-46 ) ) ;
#6943 = LINE ( 'NONE', #5030, #6074 ) ;
#6944 = CARTESIAN_POINT ( 'NONE',  ( 30.74098916560602390, 2.791280703485041315, 0.02601479899503895271 ) ) ;
#6945 = ORIENTED_EDGE ( 'NONE', *, *, #252, .F. ) ;
#6946 = FACE_OUTER_BOUND ( 'NONE', #3455, .T. ) ;
#6947 = VECTOR ( 'NONE', #2055, 1000.000000000000000 ) ;
#6948 = CARTESIAN_POINT ( 'NONE',  ( 49.09999999999999432, 4.531393742013000825, -1.824999999999999956 ) ) ;
#6949 = CARTESIAN_POINT ( 'NONE',  ( 43.83445290839429731, 2.953143556743827336, -0.3726562038302161373 ) ) ;
#6950 = EDGE_CURVE ( 'NONE', #5780, #2137, #1852, .T. ) ;
#6951 = CARTESIAN_POINT ( 'NONE',  ( 32.34791187957704039, 2.584852628630935900, 0.5188110055327822545 ) ) ;
#6952 = AXIS2_PLACEMENT_3D ( 'NONE', #6354, #7027, #558 ) ;
#6953 = VECTOR ( 'NONE', #3234, 999.9999999999998863 ) ;
#6954 = VECTOR ( 'NONE', #3401, 1000.000000000000000 ) ;
#6955 = EDGE_LOOP ( 'NONE', ( #3464, #7880, #1125 ) ) ;
#6956 = DIRECTION ( 'NONE',  ( 1.000000000000000000, -2.999999999999999839E-15, 0.000000000000000000 ) ) ;
#6957 = CARTESIAN_POINT ( 'NONE',  ( 43.94090169577445693, 2.442328267189442847, 0.02644616032987146328 ) ) ;
#6958 = AXIS2_PLACEMENT_3D ( 'NONE', #1998, #756, #3399 ) ;
#6959 = CARTESIAN_POINT ( 'NONE',  ( 33.20756399956842131, 3.850723920014090584, 0.5569386819293431490 ) ) ;
#6960 = CARTESIAN_POINT ( 'NONE',  ( 25.45585807714627080, 1.539299418827504651, -4.061142160570364368 ) ) ;
#6961 = CIRCLE ( 'NONE', #5463, 0.2000000000000001499 ) ;
#6962 = EDGE_CURVE ( 'NONE', #5668, #6605, #1807, .T. ) ;
#6963 = CARTESIAN_POINT ( 'NONE',  ( 48.70000000000000284, 3.981393742013000114, 0.3750000000000054956 ) ) ;
#6964 = AXIS2_PLACEMENT_3D ( 'NONE', #6789, #825, #273 ) ;
#6965 = CARTESIAN_POINT ( 'NONE',  ( 46.24114394540155359, 3.207693124663896445, 0.4495656190519753403 ) ) ;
#6966 = ORIENTED_EDGE ( 'NONE', *, *, #6050, .T. ) ;
#6967 = DIRECTION ( 'NONE',  ( -1.000000000000000000, 2.999999999999999839E-15, 7.000000000000000150E-15 ) ) ;
#6968 = MANIFOLD_SOLID_BREP ( 'NONE', #3153 ) ;
#6969 = CARTESIAN_POINT ( 'NONE',  ( 31.56952752250057515, 3.359673131624065334, -0.02953380693073521732 ) ) ;
#6970 = CARTESIAN_POINT ( 'NONE',  ( 43.62648635649820505, 2.556339309917233571, 0.4203193338399492940 ) ) ;
#6971 = CARTESIAN_POINT ( 'NONE',  ( 25.22700451201816207, 1.537818692689173261, 3.733078070015822369 ) ) ;
#6972 = DIRECTION ( 'NONE',  ( -7.000000000000000150E-15, 2.999999999999999839E-15, -1.000000000000000000 ) ) ;
#6973 = VECTOR ( 'NONE', #5048, 1000.000000000000000 ) ;
#6974 = ORIENTED_EDGE ( 'NONE', *, *, #5284, .F. ) ;
#6975 = CARTESIAN_POINT ( 'NONE',  ( 42.27923264372959267, 3.173365996461059435, -0.4751061835043384196 ) ) ;
#6976 = CARTESIAN_POINT ( 'NONE',  ( -9.633924433998837245, -0.05000000000000000278, -1.500000000000067280 ) ) ;
#6977 = EDGE_LOOP ( 'NONE', ( #319, #6157, #7740, #1813 ) ) ;
#6978 = CARTESIAN_POINT ( 'NONE',  ( 27.41080196118428347, 3.463726198661245093, 2.697089969102658191 ) ) ;
#6979 = CARTESIAN_POINT ( 'NONE',  ( 52.29999999999999716, 2.081393742012989989, -0.4500000000000249911 ) ) ;
#6980 = CARTESIAN_POINT ( 'NONE',  ( 32.81571993341626836, 3.285198347500221328, -0.1078935770592744647 ) ) ;
#6981 = CARTESIAN_POINT ( 'NONE',  ( 37.33687608280960291, 3.468915002550092996, 0.1032534572197274653 ) ) ;
#6982 = CARTESIAN_POINT ( 'NONE',  ( 29.67976024123952783, 3.074003169950120462, -1.145118691204630279 ) ) ;
#6983 = DIRECTION ( 'NONE',  ( 0.000000000000000000, 2.536145432714631771E-17, 1.000000000000000000 ) ) ;
#6984 = EDGE_CURVE ( 'NONE', #4991, #2013, #3887, .T. ) ;
#6985 = CARTESIAN_POINT ( 'NONE',  ( 47.40775028976004535, 3.195892258612488046, -0.7675236748681207866 ) ) ;
#6986 = DIRECTION ( 'NONE',  ( 1.000000000000000000, -2.260771246032615006E-15, -5.373696741271740343E-15 ) ) ;
#6987 = AXIS2_PLACEMENT_3D ( 'NONE', #4188, #6782, #995 ) ;
#6988 = ORIENTED_EDGE ( 'NONE', *, *, #5279, .F. ) ;
#6989 = FACE_OUTER_BOUND ( 'NONE', #8229, .T. ) ;
#6990 = FACE_OUTER_BOUND ( 'NONE', #3502, .T. ) ;
#6991 = CARTESIAN_POINT ( 'NONE',  ( 30.04444310749392599, 3.412226053905889067, 0.8437783783641358282 ) ) ;
#6992 = VERTEX_POINT ( 'NONE', #338 ) ;
#6993 = PLANE ( 'NONE',  #8190 ) ;
#6994 = CARTESIAN_POINT ( 'NONE',  ( 29.26596775313394971, 3.449061285364864560, -1.158784682787205478 ) ) ;
#6995 = DIRECTION ( 'NONE',  ( -1.000000000000000000, 2.999999999999999839E-15, 7.000000000000000150E-15 ) ) ;
#6996 = VERTEX_POINT ( 'NONE', #56 ) ;
#6997 = DIRECTION ( 'NONE',  ( 1.000000000000000000, -2.999999999999999839E-15, -7.000000000000000150E-15 ) ) ;
#6998 = CARTESIAN_POINT ( 'NONE',  ( 46.32689500430943497, 3.195393484345359525, 0.05900175466208491121 ) ) ;
#6999 = EDGE_CURVE ( 'NONE', #1766, #8172, #810, .T. ) ;
#7000 = CARTESIAN_POINT ( 'NONE',  ( 41.40957226364646715, 3.400847258516603855, -0.4014356977654928715 ) ) ;
#7001 = CARTESIAN_POINT ( 'NONE',  ( 45.60981462212834003, 2.892882168761289563, 0.1631237060646176240 ) ) ;
#7002 = DIRECTION ( 'NONE',  ( -1.000000000000000000, 5.999999999999999677E-15, 1.400000000000000030E-14 ) ) ;
#7003 = CARTESIAN_POINT ( 'NONE',  ( 31.40652212078298078, 3.123427323266596112, 0.05161231500674169637 ) ) ;
#7004 = ORIENTED_EDGE ( 'NONE', *, *, #2451, .F. ) ;
#7005 = CARTESIAN_POINT ( 'NONE',  ( 48.06337017401779121, 2.856978988474405234, 0.8244543345036392523 ) ) ;
#7006 = VERTEX_POINT ( 'NONE', #101 ) ;
#7007 = EDGE_CURVE ( 'NONE', #2257, #3115, #6126, .T. ) ;
#7008 = DIRECTION ( 'NONE',  ( -0.8660254037844381525, 0.5000000000000007772, 0.000000000000000000 ) ) ;
#7009 = MANIFOLD_SOLID_BREP ( 'Fillet1', #7351 ) ;
#7010 = CARTESIAN_POINT ( 'NONE',  ( 39.59573618132177586, 3.156448657255488399, -0.2109076396437201961 ) ) ;
#7011 = EDGE_CURVE ( 'NONE', #5523, #6528, #4599, .T. ) ;
#7012 = CARTESIAN_POINT ( 'NONE',  ( 32.98825087998300631, 2.913623319518225507, -0.7933841877653191599 ) ) ;
#7013 = CARTESIAN_POINT ( 'NONE',  ( 25.49408096888841158, 1.905235870998244652, 4.034472331492788832 ) ) ;
#7014 = DIRECTION ( 'NONE',  ( -1.000000000000000000, 0.000000000000000000, 0.000000000000000000 ) ) ;
#7015 = EDGE_LOOP ( 'NONE', ( #2231, #1396, #2647, #2341 ) ) ;
#7016 = CARTESIAN_POINT ( 'NONE',  ( 40.49042773635247272, 3.284366727255997098, 0.5007191693808167310 ) ) ;
#7017 = DIRECTION ( 'NONE',  ( 0.7071067811865531239, -4.151100781645650428E-15, 0.7071067811865420216 ) ) ;
#7018 = CARTESIAN_POINT ( 'NONE',  ( 25.13687621614915457, 2.425497541452676487, 3.795964631873987027 ) ) ;
#7019 = CARTESIAN_POINT ( 'NONE',  ( 25.13395495143924663, 1.727156155566249351, -4.285748435792597455 ) ) ;
#7020 = CARTESIAN_POINT ( 'NONE',  ( 37.55618857312059333, 3.358590031210973326, 0.03866614968373689037 ) ) ;
#7021 = CARTESIAN_POINT ( 'NONE',  ( 42.70354274917158932, 3.020536311752227920, -0.01406539047915220976 ) ) ;
#7022 = CARTESIAN_POINT ( 'NONE',  ( 29.80776706716518376, 3.309819896460983291, -0.5983735058350950764 ) ) ;
#7023 = LINE ( 'NONE', #7628, #5957 ) ;
#7024 = CARTESIAN_POINT ( 'NONE',  ( 46.58018908645584588, 2.951877934492536326, -0.5119121207760302106 ) ) ;
#7025 = CARTESIAN_POINT ( 'NONE',  ( 48.70000000000000284, 4.381393742013000470, -0.3749999999999935052 ) ) ;
#7026 = VECTOR ( 'NONE', #465, 1000.000000000000000 ) ;
#7027 = DIRECTION ( 'NONE',  ( -0.8295410558727192019, 0.5584457329244930657, -3.431300346083131405E-14 ) ) ;
#7028 = CARTESIAN_POINT ( 'NONE',  ( 52.29999999999999716, 3.381393742012989811, -0.8000000000000210276 ) ) ;
#7029 = CARTESIAN_POINT ( 'NONE',  ( 29.45944211630342124, 2.892674059611622717, 1.150553107503537120 ) ) ;
#7030 = ORIENTED_EDGE ( 'NONE', *, *, #4607, .F. ) ;
#7031 = LINE ( 'NONE', #3800, #6447 ) ;
#7032 = CARTESIAN_POINT ( 'NONE',  ( 52.10000000000000142, 3.981393742012989900, 0.4249999999999820033 ) ) ;
#7033 = PLANE ( 'NONE',  #1705 ) ;
#7034 = ORIENTED_EDGE ( 'NONE', *, *, #3055, .F. ) ;
#7035 = ORIENTED_EDGE ( 'NONE', *, *, #7583, .T. ) ;
#7036 = DIRECTION ( 'NONE',  ( 0.000000000000000000, 0.000000000000000000, -1.000000000000000000 ) ) ;
#7037 = CARTESIAN_POINT ( 'NONE',  ( 46.67348841029671291, 3.549371416874809615, 0.1220894337825424170 ) ) ;
#7038 = ORIENTED_EDGE ( 'NONE', *, *, #2327, .T. ) ;
#7039 = CARTESIAN_POINT ( 'NONE',  ( 39.74090169497890912, 2.699462850886849008, 0.5943314245500118664 ) ) ;
#7040 = CARTESIAN_POINT ( 'NONE',  ( 35.18776994896077781, 2.997904001738663560, -0.3220658004634379123 ) ) ;
#7041 = CARTESIAN_POINT ( 'NONE',  ( 0.000000000000000000, 1.000000000000001776, -10.00000000000000000 ) ) ;
#7042 = CARTESIAN_POINT ( 'NONE',  ( 31.33823975734714651, 3.229981598688465017, -0.8457880568197262416 ) ) ;
#7043 = ORIENTED_EDGE ( 'NONE', *, *, #4405, .F. ) ;
#7044 = CARTESIAN_POINT ( 'NONE',  ( 45.72090419246116966, 4.046111984653339100, -0.1295575336905726571 ) ) ;
#7045 = VECTOR ( 'NONE', #505, 1000.000000000000000 ) ;
#7046 = ORIENTED_EDGE ( 'NONE', *, *, #6635, .T. ) ;
#7047 = CARTESIAN_POINT ( 'NONE',  ( 48.59999999999999432, 3.981393742012995229, 1.125000000000000000 ) ) ;
#7048 = ADVANCED_FACE ( 'NONE', ( #2711 ), #7447, .F. ) ;
#7049 = CARTESIAN_POINT ( 'NONE',  ( 34.92906951465712950, 3.045486102374255211, 0.09994508475230869105 ) ) ;
#7050 = CARTESIAN_POINT ( 'NONE',  ( 34.09854513467973192, 3.017738366070769285, 0.3345815717128872158 ) ) ;
#7051 = CARTESIAN_POINT ( 'NONE',  ( 36.33369441454613735, 2.466142117537072576, -0.4264691872540566364 ) ) ;
#7052 = CARTESIAN_POINT ( 'NONE',  ( 25.45589270886723554, 1.537818692689176592, 4.061117996462558999 ) ) ;
#7053 = VECTOR ( 'NONE', #8182, 1000.000000000000000 ) ;
#7054 = EDGE_CURVE ( 'NONE', #2673, #1055, #4165, .T. ) ;
#7055 = CARTESIAN_POINT ( 'NONE',  ( 49.29999999999999716, 4.831393742013000647, -0.1749999999999959921 ) ) ;
#7056 = ORIENTED_EDGE ( 'NONE', *, *, #7096, .F. ) ;
#7057 = CARTESIAN_POINT ( 'NONE',  ( 38.97020941614470502, 3.492251172260800729, 0.01406539035279560750 ) ) ;
#7058 = CARTESIAN_POINT ( 'NONE',  ( 24.86518429173081302, 1.727156155566248685, 3.985536295763658643 ) ) ;
#7059 = CARTESIAN_POINT ( 'NONE',  ( 33.63187848229765109, 3.188563666963658338, -0.4053400320338890750 ) ) ;
#7060 = CARTESIAN_POINT ( 'NONE',  ( 38.88238719036019830, 3.159733160546580155, 0.05592331431742517817 ) ) ;
#7061 = CARTESIAN_POINT ( 'NONE',  ( 36.87020941613298675, 3.479680186273186759, -0.07726400470743199911 ) ) ;
#7062 = CARTESIAN_POINT ( 'NONE',  ( 30.89994783366332598, 3.713363360494824406, 0.1023232800367804285 ) ) ;
#7063 = CARTESIAN_POINT ( 'NONE',  ( 47.96704116688547970, 3.653527295026242072, -0.8223189165408363310 ) ) ;
#7064 = CARTESIAN_POINT ( 'NONE',  ( 45.39018537787168839, 2.819905315264722212, -0.1631237060645690518 ) ) ;
#7065 = CARTESIAN_POINT ( 'NONE',  ( 52.44999999999999574, 4.381393742012989811, -1.475000000000019851 ) ) ;
#7066 = EDGE_CURVE ( 'NONE', #3685, #4808, #1621, .T. ) ;
#7067 = LINE ( 'NONE', #1923, #6274 ) ;
#7068 = CARTESIAN_POINT ( 'NONE',  ( 31.33823975734714651, 3.229981598688465017, -0.8457880568197262416 ) ) ;
#7069 = ORIENTED_EDGE ( 'NONE', *, *, #7483, .F. ) ;
#7070 = LINE ( 'NONE', #1962, #3431 ) ;
#7071 = LINE ( 'NONE', #96, #806 ) ;
#7072 = LINE ( 'NONE', #1029, #7859 ) ;
#7073 = CARTESIAN_POINT ( 'NONE',  ( 42.03187846737970546, 3.661733455982842944, -0.06783006277898963321 ) ) ;
#7074 = ORIENTED_EDGE ( 'NONE', *, *, #6560, .F. ) ;
#7075 = ORIENTED_EDGE ( 'NONE', *, *, #4444, .F. ) ;
#7076 = DIRECTION ( 'NONE',  ( -0.5000000000000008882, -0.8660254037844382635, 9.019237886466885856E-16 ) ) ;
#7077 = DIRECTION ( 'NONE',  ( -1.000000000000000000, 2.666144858838235626E-32, -6.982962677686266711E-15 ) ) ;
#7078 = CARTESIAN_POINT ( 'NONE',  ( 39.69854513404409602, 3.017738378951121625, 0.3345815577754220338 ) ) ;
#7079 = ADVANCED_FACE ( 'NONE', ( #2633 ), #5205, .T. ) ;
#7080 = CARTESIAN_POINT ( 'NONE',  ( 35.03187846737706934, 2.921812184209973573, -0.2386553630810281934 ) ) ;
#7081 = CARTESIAN_POINT ( 'NONE',  ( 48.50000000000000000, 3.981393742013000114, 0.06726497308104190109 ) ) ;
#7082 = VECTOR ( 'NONE', #474, 1000.000000000000000 ) ;
#7083 = EDGE_CURVE ( 'NONE', #6423, #4559, #1514, .T. ) ;
#7084 = CARTESIAN_POINT ( 'NONE',  ( 29.39987131599941250, 3.444830849506210768, 1.350693726233257452 ) ) ;
#7085 = CARTESIAN_POINT ( 'NONE',  ( 47.09055939457236661, 3.426983860652842662, 0.2585806878833379341 ) ) ;
#7086 = VERTEX_POINT ( 'NONE', #6170 ) ;
#7087 = AXIS2_PLACEMENT_3D ( 'NONE', #1658, #7350, #6250 ) ;
#7088 = CARTESIAN_POINT ( 'NONE',  ( 49.09999999999999432, 2.081393742012994874, 1.474999999999999867 ) ) ;
#7089 = CARTESIAN_POINT ( 'NONE',  ( 32.05209292088721895, 3.127931841648864619, -0.2046941163483828041 ) ) ;
#7090 = CARTESIAN_POINT ( 'NONE',  ( 31.60985403315105202, 3.093211492997045120, -0.3638939754813264593 ) ) ;
#7091 = VECTOR ( 'NONE', #1068, 1000.000000000000000 ) ;
#7093 = EDGE_CURVE ( 'NONE', #3540, #4369, #3703, .T. ) ;
#7092 = VECTOR ( 'NONE', #3663, 1000.000000000000000 ) ;
#7094 = LINE ( 'NONE', #6379, #2694 ) ;
#7095 =( BOUNDED_SURFACE ( )  B_SPLINE_SURFACE ( 3, 3, ( 
 ( #2134, #60, #4684, #3934, #7770, #7884 ),
 ( #7284, #2599, #3339, #4010, #2638, #6525 ),
 ( #5287, #2090, #21, #1421, #1506, #5248 ),
 ( #726, #3300, #769, #1976, #5168, #7852 ),
 ( #5210, #4642, #4604, #4052, #7246, #6650 ),
 ( #3379, #857, #4526, #7814, #1463, #6608 ),
 ( #814, #5971, #1341, #3892, #6488, #687 ) ),
 .UNSPECIFIED., .T., .F., .F. ) 
 B_SPLINE_SURFACE_WITH_KNOTS ( ( 4, 3, 4 ),
 ( 4, 2, 4 ),
 ( 0.000000000000000000, 0.5000000000000000000, 1.000000000000000000 ),
 ( 0.000000000000000000, 0.5000000000000000000, 1.000000000000000000 ),
 .UNSPECIFIED. ) 
 GEOMETRIC_REPRESENTATION_ITEM ( )  RATIONAL_B_SPLINE_SURFACE ( (
 ( 1.000000000000000000, 1.000000000000000000, 1.000000000000000000, 1.000000000000000000, 1.000000000000000000, 1.000000000000000000),
 ( 0.3333333333333333703, 0.3333333333333333703, 0.3333333333333333703, 0.3333333333333333703, 0.3333333333333333703, 0.3333333333333333703),
 ( 0.3333333333333333703, 0.3333333333333333703, 0.3333333333333333703, 0.3333333333333333703, 0.3333333333333333703, 0.3333333333333333703),
 ( 1.000000000000000000, 1.000000000000000000, 1.000000000000000000, 1.000000000000000000, 1.000000000000000000, 1.000000000000000000),
 ( 0.3333333333333333703, 0.3333333333333333703, 0.3333333333333333703, 0.3333333333333333703, 0.3333333333333333703, 0.3333333333333333703),
 ( 0.3333333333333333703, 0.3333333333333333703, 0.3333333333333333703, 0.3333333333333333703, 0.3333333333333333703, 0.3333333333333333703),
 ( 1.000000000000000000, 1.000000000000000000, 1.000000000000000000, 1.000000000000000000, 1.000000000000000000, 1.000000000000000000) ) ) 
 REPRESENTATION_ITEM ( '' )  SURFACE ( )  );
#7096 = EDGE_CURVE ( 'NONE', #586, #6370, #326, .T. ) ;
#7097 = CARTESIAN_POINT ( 'NONE',  ( 51.00000000000000000, 3.981393742012995229, -1.050000000000000044 ) ) ;
#7098 = ORIENTED_EDGE ( 'NONE', *, *, #3825, .F. ) ;
#7099 = CARTESIAN_POINT ( 'NONE',  ( 32.94589888087691776, 3.339418443799858860, 0.4751035262020936178 ) ) ;
#7100 = DIRECTION ( 'NONE',  ( -0.000000000000000000, -1.000000000000000000, -0.000000000000000000 ) ) ;
#7101 = ORIENTED_EDGE ( 'NONE', *, *, #963, .F. ) ;
#7102 = CARTESIAN_POINT ( 'NONE',  ( 25.20727737416676106, 1.727156155566249351, -4.208336205129556973 ) ) ;
#7103 = EDGE_CURVE ( 'NONE', #910, #1747, #6853, .T. ) ;
#7104 = CARTESIAN_POINT ( 'NONE',  ( 40.90560351137820305, 3.369224243124564921, -0.02801154037359496543 ) ) ;
#7105 = VECTOR ( 'NONE', #3846, 999.9999999999998863 ) ;
#7106 = CARTESIAN_POINT ( 'NONE',  ( 45.34943176543428933, 3.299595531747342658, 0.2236610021684352911 ) ) ;
#7107 = VECTOR ( 'NONE', #5547, 1000.000000000000000 ) ;
#7108 = CARTESIAN_POINT ( 'NONE',  ( 45.87454698835604461, 3.268660231794847881, -0.3615494064688184461 ) ) ;
#7109 = CARTESIAN_POINT ( 'NONE',  ( 45.56765270799771628, 2.850433632315959365, -0.2569540498074629475 ) ) ;
#7110 = CARTESIAN_POINT ( 'NONE',  ( 35.96521180070424606, 3.495049105062414618, -0.3345815577606217062 ) ) ;
#7111 = VECTOR ( 'NONE', #4483, 1000.000000000000000 ) ;
#7112 = CARTESIAN_POINT ( 'NONE',  ( 52.44999999999999574, 2.081393742012984660, 0.9499999999999739764 ) ) ;
#7113 = EDGE_CURVE ( 'NONE', #7930, #7241, #4980, .T. ) ;
#7114 = DIRECTION ( 'NONE',  ( -0.3420201433256704338, -0.9396926207859077618, -4.249368590780474446E-16 ) ) ;
#7115 = CARTESIAN_POINT ( 'NONE',  ( 31.41595238962310788, 3.532384945117109876, 0.3239227492342828807 ) ) ;
#7116 = CARTESIAN_POINT ( 'NONE',  ( 48.59999999999999432, 2.531393742012999937, 0.1250000000000000000 ) ) ;
#7117 = EDGE_LOOP ( 'NONE', ( #6917, #1436, #1351, #7101 ) ) ;
#7118 = VERTEX_POINT ( 'NONE', #5709 ) ;
#7119 = DIRECTION ( 'NONE',  ( -1.734723475976807094E-17, -1.000000000000000000, 2.775557561562891043E-17 ) ) ;
#7120 = CARTESIAN_POINT ( 'NONE',  ( 46.24114394540155359, 3.207693124663896445, 0.4495656190519753403 ) ) ;
#7121 = AXIS2_PLACEMENT_3D ( 'NONE', #7696, #3188, #5820 ) ;
#7122 = CARTESIAN_POINT ( 'NONE',  ( 36.15981937421604897, 2.556338826746794357, 0.4203188990688502824 ) ) ;
#7123 = CARTESIAN_POINT ( 'NONE',  ( 37.59854513404338405, 3.163943755689396120, 0.4004425066836993508 ) ) ;
#7124 = DIRECTION ( 'NONE',  ( -1.216840434497162101E-15, 1.000000000000000000, 0.000000000000000000 ) ) ;
#7125 = CARTESIAN_POINT ( 'NONE',  ( 30.28189411554972921, 3.147275264414892693, 0.1570486333577538474 ) ) ;
#7126 = ORIENTED_EDGE ( 'NONE', *, *, #181, .F. ) ;
#7127 = FACE_OUTER_BOUND ( 'NONE', #1823, .T. ) ;
#7128 = ORIENTED_EDGE ( 'NONE', *, *, #1977, .T. ) ;
#7129 = CARTESIAN_POINT ( 'NONE',  ( 48.59999999999999432, 4.381393742012995141, 0.8750000000000000000 ) ) ;
#7130 = CARTESIAN_POINT ( 'NONE',  ( 39.43687608280029622, 3.099563086570472858, -0.1767221212201342539 ) ) ;
#7131 = CARTESIAN_POINT ( 'NONE',  ( 50.41097038623109938, 4.627217219120059788, 0.1913377997975114764 ) ) ;
#7132 = CARTESIAN_POINT ( 'NONE',  ( 49.29999999999999716, 3.981393742012995229, 1.474999999999999867 ) ) ;
#7133 = DIRECTION ( 'NONE',  ( 2.999999999999999839E-15, 1.000000000000000000, 0.000000000000000000 ) ) ;
#7134 = ORIENTED_EDGE ( 'NONE', *, *, #5691, .F. ) ;
#7135 = CARTESIAN_POINT ( 'NONE',  ( 37.53445227326070466, 2.796058595703153404, 0.1375548959930874837 ) ) ;
#7136 = LINE ( 'NONE', #1230, #874 ) ;
#7137 = ORIENTED_EDGE ( 'NONE', *, *, #5984, .F. ) ;
#7138 = CARTESIAN_POINT ( 'NONE',  ( -11.50000000000001066, 3.066066587663970888E-31, 1.499999999999919842 ) ) ;
#7139 = CARTESIAN_POINT ( 'NONE',  ( 31.90101162774591614, 3.952423368025927086, -0.5674426915629040558 ) ) ;
#7140 = CARTESIAN_POINT ( 'NONE',  ( 36.48545120597308511, 3.116457948804499889, 0.1969940958251146512 ) ) ;
#7141 = CARTESIAN_POINT ( 'NONE',  ( 42.74589931030372014, 2.979152419722507883, 0.3946602860567497428 ) ) ;
#7142 = CARTESIAN_POINT ( 'NONE',  ( 31.51002320087813757, 3.481099535232901498, 0.3382121326381417603 ) ) ;
#7143 = CARTESIAN_POINT ( 'NONE',  ( 48.12908079668529382, 3.656393742013002601, -0.4249999999999990452 ) ) ;
#7144 = CARTESIAN_POINT ( 'NONE',  ( 47.09055939457235951, 3.085803623373157833, -0.2585806878833139533 ) ) ;
#7145 = CARTESIAN_POINT ( 'NONE',  ( 37.75443661562896125, 3.057763481858819965, 0.3620626263887415930 ) ) ;
#7146 = CARTESIAN_POINT ( 'NONE',  ( 33.07353799716526055, 1.727156155566248685, -9.085398552352205668E-16 ) ) ;
#7147 = CARTESIAN_POINT ( 'NONE',  ( 29.06678294523873873, 3.022268955258974099, 0.7547969660530798874 ) ) ;
#7148 = CARTESIAN_POINT ( 'NONE',  ( 39.89315270756843290, 3.956448657255647650, -0.4203188991002988484 ) ) ;
#7149 = CARTESIAN_POINT ( 'NONE',  ( 51.70000000000000284, 4.381393742012989811, -0.8250000000000139444 ) ) ;
#7150 = CARTESIAN_POINT ( 'NONE',  ( 35.49854513404105205, 3.324223804794101511, 0.4053397139653678316 ) ) ;
#7151 = CARTESIAN_POINT ( 'NONE',  ( 48.97573593128813485, 4.707129673301069239, 2.124999999999992450 ) ) ;
#7152 = CARTESIAN_POINT ( 'NONE',  ( 35.74589931039976420, 2.781287558493644063, 0.08302774557233674746 ) ) ;
#7153 = CARTESIAN_POINT ( 'NONE',  ( 42.96521180072355151, 3.324223804845748642, 0.4053397138900269869 ) ) ;
#7154 = VECTOR ( 'NONE', #3669, 1000.000000000000114 ) ;
#7155 = EDGE_CURVE ( 'NONE', #5161, #3685, #1192, .T. ) ;
#7156 = ORIENTED_EDGE ( 'NONE', *, *, #2588, .T. ) ;
#7157 = VERTEX_POINT ( 'NONE', #2490 ) ;
#7158 = DIRECTION ( 'NONE',  ( 1.000000000000000000, 2.023844055306275241E-29, -7.000000000000000150E-15 ) ) ;
#7159 = FACE_OUTER_BOUND ( 'NONE', #2925, .T. ) ;
#7160 = EDGE_CURVE ( 'NONE', #5855, #8172, #3081, .T. ) ;
#7161 = AXIS2_PLACEMENT_3D ( 'NONE', #4856, #6732, #6816 ) ;
#7162 = ORIENTED_EDGE ( 'NONE', *, *, #2448, .T. ) ;
#7163 = CARTESIAN_POINT ( 'NONE',  ( 33.35981944151274092, 2.836074777636528488, -0.7000549415516312823 ) ) ;
#7164 = DIRECTION ( 'NONE',  ( -0.000000000000000000, -1.000000000000000000, -0.000000000000000000 ) ) ;
#7165 = DIRECTION ( 'NONE',  ( -1.000000000000000000, 2.666144858838236174E-32, -6.982962677686267499E-15 ) ) ;
#7166 = CARTESIAN_POINT ( 'NONE',  ( 46.00343750593334136, 3.629393801038190759, -0.03211500539742238175 ) ) ;
#7167 = ORIENTED_EDGE ( 'NONE', *, *, #2192, .T. ) ;
#7168 = CARTESIAN_POINT ( 'NONE',  ( 48.70000000000000284, 3.981393742013000114, 0.1250000000000026090 ) ) ;
#7169 = CARTESIAN_POINT ( 'NONE',  ( 43.83445290839429731, 2.953143556743827336, -0.3726562038302161373 ) ) ;
#7170 = DIRECTION ( 'NONE',  ( -0.7745966692414858468, 0.4472135954999603702, -0.4472135954999513774 ) ) ;
#7171 = CARTESIAN_POINT ( 'NONE',  ( 49.09999999999999432, 3.481393742012994785, 1.474999999999999867 ) ) ;
#7172 = VECTOR ( 'NONE', #1198, 1000.000000000000000 ) ;
#7173 = CARTESIAN_POINT ( 'NONE',  ( 25.96842188038223043, 1.667014030258556989, 4.799153268465592426 ) ) ;
#7174 = ORIENTED_EDGE ( 'NONE', *, *, #3795, .T. ) ;
#7175 = CARTESIAN_POINT ( 'NONE',  ( 42.93983505482677998, 3.781896133391685400, -0.6849559791487912497 ) ) ;
#7176 = LINE ( 'NONE', #6425, #1966 ) ;
#7177 = ORIENTED_EDGE ( 'NONE', *, *, #7236, .T. ) ;
#7178 = CARTESIAN_POINT ( 'NONE',  ( 48.50000000000000000, 4.039128768931959712, -0.3172649730810330193 ) ) ;
#7179 = CARTESIAN_POINT ( 'NONE',  ( 33.32110331287330496, 2.997903979852758471, -0.3220657735985721914 ) ) ;
#7180 = AXIS2_PLACEMENT_3D ( 'NONE', #2769, #3942, #7935 ) ;
#7181 = CARTESIAN_POINT ( 'NONE',  ( 33.13983505448693734, 3.369144451881495250, 0.8559233943544440892 ) ) ;
#7182 = CARTESIAN_POINT ( 'NONE',  ( 37.88049439147788888, 3.203075755490191412, -0.2399565744889166352 ) ) ;
#7183 = EDGE_CURVE ( 'NONE', #4855, #3494, #3747, .T. ) ;
#7184 = CARTESIAN_POINT ( 'NONE',  ( 45.23476051413002352, 3.724500781076927503, 0.04447211916694977091 ) ) ;
#7185 = CARTESIAN_POINT ( 'NONE',  ( 31.33823975734715717, 3.282805885337630958, 0.8457880568199707128 ) ) ;
#7186 = CARTESIAN_POINT ( 'NONE',  ( 47.21748633108273907, 3.139717759406027042, -0.3124592270551600492 ) ) ;
#7187 = DIRECTION ( 'NONE',  ( -1.000000000000000000, 2.999999999999999839E-15, 0.000000000000000000 ) ) ;
#7188 = CARTESIAN_POINT ( 'NONE',  ( 45.49257779767750520, 3.299207122943752957, 0.09945227611162878179 ) ) ;
#7189 = DIRECTION ( 'NONE',  ( -0.3420201433256704338, -0.9396926207859077618, -4.249368590780474446E-16 ) ) ;
#7190 = CARTESIAN_POINT ( 'NONE',  ( 30.03340194115318340, 2.938751341022112218, -0.07787911399190361461 ) ) ;
#7191 = CARTESIAN_POINT ( 'NONE',  ( 35.32158920464762275, 3.575018956240939350, -0.8033859624286895373 ) ) ;
#7192 = B_SPLINE_CURVE_WITH_KNOTS ( 'NONE', 3,
 ( #6040, #1663, #2288, #2990, #1022, #248 ),
 .UNSPECIFIED., .F., .F.,
 ( 4, 2, 4 ),
 ( -2.449657518567290870E-06, 0.0001408385557132931811, 0.0002841267689451536411 ),
 .UNSPECIFIED. ) ;
#7193 = CARTESIAN_POINT ( 'NONE',  ( 48.16494492839985497, 3.256393742013003134, -0.8249999999999988454 ) ) ;
#7194 = EDGE_CURVE ( 'NONE', #1524, #7006, #1106, .T. ) ;
#7195 = CARTESIAN_POINT ( 'NONE',  ( 45.45421155199282026, 3.567459438743850519, -0.2538312578385860663 ) ) ;
#7196 = CARTESIAN_POINT ( 'NONE',  ( 30.35745194145156134, 3.134193317112462740, -0.5614227756405441028 ) ) ;
#7197 = CARTESIAN_POINT ( 'NONE',  ( 34.34589931031766241, 3.651054027339916797, 0.2772413222721896719 ) ) ;
#7198 = ADVANCED_FACE ( 'NONE', ( #6849 ), #8210, .T. ) ;
#7199 = EDGE_LOOP ( 'NONE', ( #7134, #2917, #7726 ) ) ;
#7200 =( LENGTH_UNIT ( ) NAMED_UNIT ( * ) SI_UNIT ( .MILLI., .METRE. ) );
#7201 = CARTESIAN_POINT ( 'NONE',  ( 47.95296121502895659, 3.660332067673157219, 0.8213164123489895552 ) ) ;
#7202 = VERTEX_POINT ( 'NONE', #6976 ) ;
#7203 = EDGE_CURVE ( 'NONE', #5943, #5567, #1064, .T. ) ;
#7204 = CARTESIAN_POINT ( 'NONE',  ( 34.25443661575972953, 2.934327941533930062, 0.2584897403253711423 ) ) ;
#7205 = CARTESIAN_POINT ( 'NONE',  ( 51.29999999999999716, 0.4213937420129915123, 0.1249999999999767963 ) ) ;
#7206 = CARTESIAN_POINT ( 'NONE',  ( 37.32648604089308009, 3.135969131831075618, -0.8076154868285353450 ) ) ;
#7207 = CARTESIAN_POINT ( 'NONE',  ( 49.29999999999999716, 12.39639374201300015, -1.074999999999971978 ) ) ;
#7208 = VERTEX_POINT ( 'NONE', #3655 ) ;
#7209 = LINE ( 'NONE', #7168, #3452 ) ;
#7210 = CARTESIAN_POINT ( 'NONE',  ( 37.53445227326071176, 3.716728888322904822, -0.1375548959929297765 ) ) ;
#7211 = FACE_OUTER_BOUND ( 'NONE', #3016, .T. ) ;
#7212 = EDGE_CURVE ( 'NONE', #1333, #268, #4937, .T. ) ;
#7213 = PLANE ( 'NONE',  #1253 ) ;
#7214 = VECTOR ( 'NONE', #7766, 1000.000000000000114 ) ;
#7215 = DIRECTION ( 'NONE',  ( -0.7745966692414820720, -0.4472135954999570395, 0.4472135954999610918 ) ) ;
#7216 = EDGE_LOOP ( 'NONE', ( #4518, #3851, #735, #2128 ) ) ;
#7217 = CARTESIAN_POINT ( 'NONE',  ( 40.53369441455451039, 3.513626770271350175, 0.8603515367666015878 ) ) ;
#7218 = VECTOR ( 'NONE', #4095, 1000.000000000000000 ) ;
#7219 = CARTESIAN_POINT ( 'NONE',  ( 39.85443661562626971, 2.934327941553058317, 0.2584897402750426232 ) ) ;
#7220 = ORIENTED_EDGE ( 'NONE', *, *, #3311, .F. ) ;
#7221 = CARTESIAN_POINT ( 'NONE',  ( 48.80000000000000426, 1.931393742013005177, -1.824999999999999956 ) ) ;
#7222 = DIRECTION ( 'NONE',  ( -1.000000000000000000, 2.999999999999999839E-15, 7.000000000000000150E-15 ) ) ;
#7223 = CARTESIAN_POINT ( 'NONE',  ( 38.15659051398018420, 2.898092194826507928, -0.3470412541900081971 ) ) ;
#7224 = CARTESIAN_POINT ( 'NONE',  ( 35.32158920464762275, 3.575018956240939350, -0.8033859624286895373 ) ) ;
#7225 = AXIS2_PLACEMENT_3D ( 'NONE', #8076, #5489, #415 ) ;
#7226 = CARTESIAN_POINT ( 'NONE',  ( 44.69041990466726588, 2.922106293865495363, 0.3738285337735430258 ) ) ;
#7227 = CARTESIAN_POINT ( 'NONE',  ( 32.47922799176163267, 2.861769863065319885, -0.2772433488872275698 ) ) ;
#7228 = CARTESIAN_POINT ( 'NONE',  ( 30.56698378582404985, 3.583979062233865864, 0.5438721131998544012 ) ) ;
#7229 = CARTESIAN_POINT ( 'NONE',  ( 47.81272921212163851, 3.246004172627590112, -0.8152523333722578869 ) ) ;
#7230 = DIRECTION ( 'NONE',  ( -1.000000000000000000, 0.000000000000000000, 0.000000000000000000 ) ) ;
#7231 = CARTESIAN_POINT ( 'NONE',  ( 35.65443661563279676, 3.301348805313893742, -0.4105147597397035830 ) ) ;
#7232 = PLANE ( 'NONE',  #6542 ) ;
#7233 = CARTESIAN_POINT ( 'NONE',  ( 30.75154245287330923, 3.140447303963756820, -0.2507205861287405413 ) ) ;
#7234 = CARTESIAN_POINT ( 'NONE',  ( 37.79315270753539124, 2.770476413124286719, 0.6562234457890258055 ) ) ;
#7235 = DIRECTION ( 'NONE',  ( -7.000000000000000150E-15, 2.999999999999999839E-15, -1.000000000000000000 ) ) ;
#7236 = EDGE_CURVE ( 'NONE', #16, #7965, #460, .T. ) ;
#7237 = CARTESIAN_POINT ( 'NONE',  ( 44.90957529486983191, 3.236223183053787089, -0.4261744799731498889 ) ) ;
#7238 = CARTESIAN_POINT ( 'NONE',  ( 30.40649478394737315, 3.705831218681598038, -0.3265598408097679650 ) ) ;
#7239 = CARTESIAN_POINT ( 'NONE',  ( 35.90111893992993686, 2.778459542495079759, -0.04907848082109001614 ) ) ;
#7240 = VECTOR ( 'NONE', #1857, 1000.000000000000000 ) ;
#7241 = VERTEX_POINT ( 'NONE', #7622 ) ;
#7242 = VERTEX_POINT ( 'NONE', #2410 ) ;
#7243 = CARTESIAN_POINT ( 'NONE',  ( 45.58548561915560526, 4.061863805636736657, 0.2468940949111999850 ) ) ;
#7244 = EDGE_LOOP ( 'NONE', ( #5122, #6438, #5332, #1715 ) ) ;
#7245 = DIRECTION ( 'NONE',  ( -0.7745966692414796295, 0.4472135954999583718, 0.4472135954999638674 ) ) ;
#7246 = CARTESIAN_POINT ( 'NONE',  ( 25.45816075205803131, 2.115669897798787336, -4.059535480821150344 ) ) ;
#7247 = ADVANCED_FACE ( 'NONE', ( #2573 ), #1913, .T. ) ;
#7248 = DIRECTION ( 'NONE',  ( -7.000000000000000150E-15, 2.999999999999999839E-15, -1.000000000000000000 ) ) ;
#7249 = VERTEX_POINT ( 'NONE', #7705 ) ;
#7250 = DIRECTION ( 'NONE',  ( -7.000000000000000150E-15, 2.999999999999999839E-15, -1.000000000000000000 ) ) ;
#7251 = PRODUCT_CONTEXT ( 'NONE', #6333, 'mechanical' ) ;
#7252 = CARTESIAN_POINT ( 'NONE',  ( 33.56778560552828594, 3.629047982947137374, -0.3032467866360856745 ) ) ;
#7253 = CARTESIAN_POINT ( 'NONE',  ( 45.85991363629658224, 3.274481443143278714, 0.05477268468035544069 ) ) ;
#7254 = LINE ( 'NONE', #3902, #4197 ) ;
#7255 = LINE ( 'NONE', #7386, #1974 ) ;
#7256 = EDGE_CURVE ( 'NONE', #2895, #7118, #3155, .T. ) ;
#7257 = ORIENTED_EDGE ( 'NONE', *, *, #2448, .F. ) ;
#7258 = CARTESIAN_POINT ( 'NONE',  ( 40.76106315528374324, 3.127622659743776179, 0.8873224957003829072 ) ) ;
#7259 = ORIENTED_EDGE ( 'NONE', *, *, #6641, .T. ) ;
#7260 = CARTESIAN_POINT ( 'NONE',  ( 37.28776994896031738, 3.140829607577540816, -0.3964697422149614514 ) ) ;
#7261 = EDGE_LOOP ( 'NONE', ( #6493, #3132, #2713, #987 ) ) ;
#7262 = DIRECTION ( 'NONE',  ( -2.067831595654039964E-13, -1.000000000000000000, 0.000000000000000000 ) ) ;
#7263 = CARTESIAN_POINT ( 'NONE',  ( 45.31247721114773697, 2.799173001365673041, -0.1061731512362247137 ) ) ;
#7264 = ADVANCED_FACE ( 'NONE', ( #2063 ), #4618, .F. ) ;
#7265 = CARTESIAN_POINT ( 'NONE',  ( 31.81350167354811376, 3.464581056290747085, 0.1317764820518318447 ) ) ;
#7266 = CARTESIAN_POINT ( 'NONE',  ( 44.14589883252198632, 3.173366459258033512, -0.4751062093215596138 ) ) ;
#7267 = CARTESIAN_POINT ( 'NONE',  ( 31.42538265846325274, 3.675409729474714560, 0.6994578134750690790 ) ) ;
#7268 = CARTESIAN_POINT ( 'NONE',  ( 47.95195805264940958, 3.252434838328307265, -0.4212970506570909990 ) ) ;
#7269 = CARTESIAN_POINT ( 'NONE',  ( 45.63433386302259009, 2.861574965910042678, 0.1536199614575689820 ) ) ;
#7270 = CARTESIAN_POINT ( 'NONE',  ( 39.38776994895974326, 3.301348805301261180, -0.4105147597247298386 ) ) ;
#7271 = CARTESIAN_POINT ( 'NONE',  ( 48.70000000000000284, 2.381393742013000026, 0.4249999999999999889 ) ) ;
#7272 = CARTESIAN_POINT ( 'NONE',  ( 40.35981937420794452, 4.048617663596581373, 0.1978032340103250963 ) ) ;
#7273 = LINE ( 'NONE', #6000, #2379 ) ;
#7274 = DIRECTION ( 'NONE',  ( 0.000000000000000000, -2.536145432714631771E-17, -1.000000000000000000 ) ) ;
#7275 = CARTESIAN_POINT ( 'NONE',  ( 30.65498695834394027, 3.497307295288817119, -0.5614875881594284524 ) ) ;
#7276 = DIRECTION ( 'NONE',  ( 2.999999999999999839E-15, 1.000000000000000000, 2.999999999999999839E-15 ) ) ;
#7277 = CARTESIAN_POINT ( 'NONE',  ( 29.46098233198931382, 3.444830849506210768, 1.308053824410770671 ) ) ;
#7278 = ORIENTED_EDGE ( 'NONE', *, *, #5952, .T. ) ;
#7279 = CARTESIAN_POINT ( 'NONE',  ( 48.13059057104412375, 3.256393742012991588, 0.4250000000000083711 ) ) ;
#7280 = CARTESIAN_POINT ( 'NONE',  ( 31.46345359729858160, 3.473434451797280609, -0.4157325300427279768 ) ) ;
#7281 = ORIENTED_EDGE ( 'NONE', *, *, #8343, .T. ) ;
#7282 = AXIS2_PLACEMENT_3D ( 'NONE', #2282, #8074, #4293 ) ;
#7283 = DIRECTION ( 'NONE',  ( 7.000000000000000150E-15, 0.000000000000000000, 1.000000000000000000 ) ) ;
#7284 = CARTESIAN_POINT ( 'NONE',  ( 27.18191376433517448, 3.849061285364872464, -2.369050042655617805 ) ) ;
#7285 = AXIS2_PLACEMENT_3D ( 'NONE', #7207, #8053, #5337 ) ;
#7286 = FACE_OUTER_BOUND ( 'NONE', #2809, .T. ) ;
#7287 = VECTOR ( 'NONE', #7371, 1000.000000000000000 ) ;
#7288 = ORIENTED_EDGE ( 'NONE', *, *, #7296, .F. ) ;
#7289 = LINE ( 'NONE', #1468, #7523 ) ;
#7290 = CARTESIAN_POINT ( 'NONE',  ( 39.47923264373509511, 2.781287558506203350, 0.08302774555445914528 ) ) ;
#7291 = CARTESIAN_POINT ( 'NONE',  ( 46.38117082045368278, 2.920833406590060299, -0.05867563128563312025 ) ) ;
#7292 = DIRECTION ( 'NONE',  ( -1.000000000000000000, 2.666144858838235079E-32, -7.099163992599666699E-15 ) ) ;
#7293 = CARTESIAN_POINT ( 'NONE',  ( 49.09999999999999432, 4.831393742013000647, -1.474999999999999867 ) ) ;
#7294 = ORIENTED_EDGE ( 'NONE', *, *, #3123, .T. ) ;
#7295 = DIRECTION ( 'NONE',  ( -0.4999999999999995004, 0.8660254037844390407, 6.098076211353324580E-15 ) ) ;
#7296 = EDGE_CURVE ( 'NONE', #1688, #15, #7176, .T. ) ;
#7297 = VERTEX_POINT ( 'NONE', #5185 ) ;
#7298 = CARTESIAN_POINT ( 'NONE',  ( 48.59999999999999432, 2.531393742012994608, 1.125000000000000000 ) ) ;
#7299 = CARTESIAN_POINT ( 'NONE',  ( 35.27923264373134060, 3.533635064246086088, -0.3946602860346672959 ) ) ;
#7300 = CARTESIAN_POINT ( 'NONE',  ( 38.11878453928508748, 3.310291180481747197, -0.2355499228618458119 ) ) ;
#7301 = ADVANCED_FACE ( 'NONE', ( #5261 ), #8335, .T. ) ;
#7302 = CARTESIAN_POINT ( 'NONE',  ( 43.36778565677445130, 2.778459235657275261, -0.04907839727792931428 ) ) ;
#7303 = PLANE ( 'NONE',  #4018 ) ;
#7304 = CARTESIAN_POINT ( 'NONE',  ( 45.56765270799771628, 2.850433632315959365, -0.2569540498074629475 ) ) ;
#7305 = CARTESIAN_POINT ( 'NONE',  ( 45.39018537787168839, 2.819905315264721768, -0.1631237060645675530 ) ) ;
#7306 = CARTESIAN_POINT ( 'NONE',  ( 44.26236801145248734, 3.045439206890656170, 0.09999758216553786272 ) ) ;
#7307 = CIRCLE ( 'NONE', #6090, 10.00000000000000000 ) ;
#7308 = DIRECTION ( 'NONE',  ( 7.000000000000000150E-15, -2.999999999999999839E-15, 1.000000000000000000 ) ) ;
#7309 = CARTESIAN_POINT ( 'NONE',  ( 51.29999999999999716, 4.381393742012985371, 1.474999999999999867 ) ) ;
#7310 = CARTESIAN_POINT ( 'NONE',  ( 29.69060871094688636, 2.654112872783083166, 0.5272980754396983105 ) ) ;
#7311 = CARTESIAN_POINT ( 'NONE',  ( 35.22648604090007751, 2.836074842919670935, -0.7000549152476327475 ) ) ;
#7312 = FACE_OUTER_BOUND ( 'NONE', #5213, .T. ) ;
#7313 = CARTESIAN_POINT ( 'NONE',  ( 38.92110328229242810, 3.514883482290214189, 0.3220658004687139697 ) ) ;
#7314 = CARTESIAN_POINT ( 'NONE',  ( 30.60337909521204836, 3.380591431054737139, 0.1318350951042167596 ) ) ;
#7315 = DIRECTION ( 'NONE',  ( 1.000000000000000000, -2.666144858838235079E-32, 6.982962677686266711E-15 ) ) ;
#7316 = CARTESIAN_POINT ( 'NONE',  ( 39.38776994895975037, 3.211438678724785944, 0.4105147597248616220 ) ) ;
#7317 = EDGE_CURVE ( 'NONE', #5575, #27, #6501, .T. ) ;
#7318 = CARTESIAN_POINT ( 'NONE',  ( 30.53038628994630699, 3.355799187807672279, 0.3919763807074109208 ) ) ;
#7319 = ORIENTED_EDGE ( 'NONE', *, *, #4061, .T. ) ;
#7320 = ORIENTED_EDGE ( 'NONE', *, *, #3921, .F. ) ;
#7321 = CARTESIAN_POINT ( 'NONE',  ( 47.93676817398024070, 3.260644150974855826, 0.8210227454707604844 ) ) ;
#7322 = DIRECTION ( 'NONE',  ( -2.999999999999999839E-15, -1.000000000000000000, -2.999999999999999839E-15 ) ) ;
#7323 = ORIENTED_EDGE ( 'NONE', *, *, #546, .F. ) ;
#7324 = DIRECTION ( 'NONE',  ( 7.000000000000000150E-15, -2.999999999999999839E-15, 1.000000000000000000 ) ) ;
#7325 = LINE ( 'NONE', #2303, #3841 ) ;
#7326 = CARTESIAN_POINT ( 'NONE',  ( 38.18617227518772239, 4.062386710816614510, -0.2558971556466406727 ) ) ;
#7327 = ORIENTED_EDGE ( 'NONE', *, *, #3775, .T. ) ;
#7328 = CARTESIAN_POINT ( 'NONE',  ( 49.09999999999999432, 4.831393742012989989, 1.824999999999999956 ) ) ;
#7329 = ORIENTED_EDGE ( 'NONE', *, *, #7536, .T. ) ;
#7330 = CARTESIAN_POINT ( 'NONE',  ( 45.53227765311667952, 3.599172987953623171, -0.2106839993873081962 ) ) ;
#7331 = CARTESIAN_POINT ( 'NONE',  ( 32.63445217500605366, 2.953146670649910099, -0.3726547313565333197 ) ) ;
#7332 = CARTESIAN_POINT ( 'NONE',  ( 45.63373001683164176, 3.266479826896789174, 0.1415348361350664552 ) ) ;
#7333 = DIRECTION ( 'NONE',  ( 0.000000000000000000, -0.000000000000000000, 1.000000000000000000 ) ) ;
#7334 = EDGE_CURVE ( 'NONE', #3763, #2216, #701, .T. ) ;
#7335 = VECTOR ( 'NONE', #6722, 1000.000000000000000 ) ;
#7336 = CARTESIAN_POINT ( 'NONE',  ( 47.09822114248951408, 3.390860594426641228, 0.6952198481794099605 ) ) ;
#7337 = ORIENTED_EDGE ( 'NONE', *, *, #3551, .F. ) ;
#7338 = DIRECTION ( 'NONE',  ( -1.000000000000000000, 2.999999999999999839E-15, 7.000000000000000150E-15 ) ) ;
#7339 = ORIENTED_EDGE ( 'NONE', *, *, #8330, .F. ) ;
#7340 = CARTESIAN_POINT ( 'NONE',  ( 42.49854513404306999, 3.590975299791984376, 0.2386553630612588683 ) ) ;
#7341 = DIRECTION ( 'NONE',  ( -1.000000000000000000, 2.260771246032609878E-15, 7.837792587829710560E-15 ) ) ;
#7342 = CIRCLE ( 'NONE', #5993, 9.649999999999998579 ) ;
#7343 = CARTESIAN_POINT ( 'NONE',  ( 33.87923264191194761, 2.781287570644345397, 0.08302773161907615884 ) ) ;
#7344 = CARTESIAN_POINT ( 'NONE',  ( 41.68121546071927952, 2.584841445553698325, 0.5187870811846403418 ) ) ;
#7345 = CARTESIAN_POINT ( 'NONE',  ( 35.43445227326328251, 3.629047982041839759, -0.3032467868256721877 ) ) ;
#7346 = CARTESIAN_POINT ( 'NONE',  ( 41.46106315534724018, 4.125451394310911013, -0.2205946510711045139 ) ) ;
#7347 = CARTESIAN_POINT ( 'NONE',  ( 0.000000000000000000, 4.400000000000001243, 0.000000000000000000 ) ) ;
#7348 = EDGE_CURVE ( 'NONE', #4023, #2013, #7136, .T. ) ;
#7349 = CARTESIAN_POINT ( 'NONE',  ( 45.63493770921355264, 2.456670104923295739, 0.1657050867800645144 ) ) ;
#7350 = DIRECTION ( 'NONE',  ( 2.666144858838235626E-32, 1.000000000000000000, 1.861759004257252044E-46 ) ) ;
#7351 = CLOSED_SHELL ( 'NONE', ( #3989, #4190, #1274, #7717, #2304, #7048, #166, #2252, #643, #1773 ) ) ;
#7352 = VECTOR ( 'NONE', #2575, 1000.000000000000000 ) ;
#7353 = CARTESIAN_POINT ( 'NONE',  ( 39.34905385703837055, 3.148500634596416159, -0.02880559786461839300 ) ) ;
#7354 = EDGE_CURVE ( 'NONE', #3569, #6915, #3782, .T. ) ;
#7355 = LINE ( 'NONE', #1704, #2 ) ;
#7356 = AXIS2_PLACEMENT_3D ( 'NONE', #4452, #5471, #5978 ) ;
#7357 = LINE ( 'NONE', #4670, #5745 ) ;
#7358 = CARTESIAN_POINT ( 'NONE',  ( 32.74086158356650600, 4.070499937811680624, -0.02639055785013261907 ) ) ;
#7359 = FACE_OUTER_BOUND ( 'NONE', #2389, .T. ) ;
#7360 = AXIS2_PLACEMENT_3D ( 'NONE', #2169, #353, #6733 ) ;
#7361 = CARTESIAN_POINT ( 'NONE',  ( 41.60560351131732659, 3.187336089715063991, -0.09352223811352944338 ) ) ;
#7362 = CARTESIAN_POINT ( 'NONE',  ( 29.38457700004529372, 3.618884989086212922, -1.204839847270405384 ) ) ;
#7363 = FACE_OUTER_BOUND ( 'NONE', #2183, .T. ) ;
#7364 = CARTESIAN_POINT ( 'NONE',  ( 39.85443661562626971, 2.934327941553058317, 0.2584897402750426232 ) ) ;
#7365 = AXIS2_PLACEMENT_3D ( 'NONE', #1849, #1167, #5599 ) ;
#7366 = AXIS2_PLACEMENT_3D ( 'NONE', #6581, #8370, #6538 ) ;
#7367 = CARTESIAN_POINT ( 'NONE',  ( 29.25075028392798160, 3.017066534702035785, 0.6176274807472459383 ) ) ;
#7368 = EDGE_CURVE ( 'NONE', #2916, #2934, #5790, .T. ) ;
#7369 = ORIENTED_EDGE ( 'NONE', *, *, #3012, .F. ) ;
#7370 = ORIENTED_EDGE ( 'NONE', *, *, #1722, .F. ) ;
#7371 = DIRECTION ( 'NONE',  ( 2.999999999999999839E-15, 1.000000000000000000, 2.999999999999999839E-15 ) ) ;
#7372 = FACE_OUTER_BOUND ( 'NONE', #6908, .T. ) ;
#7373 = ORIENTED_EDGE ( 'NONE', *, *, #875, .F. ) ;
#7374 = EDGE_CURVE ( 'NONE', #6519, #5092, #7864, .T. ) ;
#7375 = DIRECTION ( 'NONE',  ( -0.8295410558727396300, -1.274514711852572050E-14, -0.5584457329244628676 ) ) ;
#7376 = SURFACE_SIDE_STYLE ('',( #4098 ) ) ;
#7377 = CARTESIAN_POINT ( 'NONE',  ( 35.54090169495734131, 3.282839912799248250, 0.8140653903594097240 ) ) ;
#7378 = CIRCLE ( 'NONE', #7541, 0.3000000000000001554 ) ;
#7379 = ORIENTED_EDGE ( 'NONE', *, *, #823, .T. ) ;
#7380 = CARTESIAN_POINT ( 'NONE',  ( 52.29999999999999716, 2.081393742012989989, -0.8000000000000251354 ) ) ;
#7381 = ORIENTED_EDGE ( 'NONE', *, *, #6050, .F. ) ;
#7382 = CARTESIAN_POINT ( 'NONE',  ( 38.14290559697790428, 3.642395707201222077, -0.1817138430145309735 ) ) ;
#7383 = CARTESIAN_POINT ( 'NONE',  ( 42.93983505482678709, 2.730891350634340853, 0.6849559791488732952 ) ) ;
#7384 = CARTESIAN_POINT ( 'NONE',  ( 47.97980380562327696, 3.253717414759609738, -0.8224978157140058199 ) ) ;
#7385 = CARTESIAN_POINT ( 'NONE',  ( 25.85026140737803857, 3.331174544033471907, -3.298203728659137024 ) ) ;
#7386 = CARTESIAN_POINT ( 'NONE',  ( 49.29999999999999716, 4.831393742012989989, 1.474999999999999867 ) ) ;
#7387 = VECTOR ( 'NONE', #3380, 1000.000000000000000 ) ;
#7388 = ORIENTED_EDGE ( 'NONE', *, *, #4057, .F. ) ;
#7389 = CARTESIAN_POINT ( 'NONE',  ( 48.70000000000000284, 3.981393742012995229, 0.8750000000000000000 ) ) ;
#7390 = CARTESIAN_POINT ( 'NONE',  ( 45.60981462212834003, 3.619905315264720258, -0.1631237060645729653 ) ) ;
#7391 = CARTESIAN_POINT ( 'NONE',  ( 45.60981462212834003, 2.892882168761289563, 0.1631237060646167636 ) ) ;
#7392 = CARTESIAN_POINT ( 'NONE',  ( 37.53445227326070466, 2.796058595703153404, 0.1375548959930874837 ) ) ;
#7393 = CARTESIAN_POINT ( 'NONE',  ( 43.89854515320821804, 3.661733471593864309, -0.06783008095322833053 ) ) ;
#7394 = CARTESIAN_POINT ( 'NONE',  ( 41.19042773635830912, 2.804494347890172268, 0.2174605989258960315 ) ) ;
#7395 = CARTESIAN_POINT ( 'NONE',  ( 42.32158920466999774, 3.599171354335428674, 0.7933817115798481590 ) ) ;
#7396 = DIRECTION ( 'NONE',  ( 0.000000000000000000, -1.000000000000000000, -2.959071182860270373E-15 ) ) ;
#7397 = CARTESIAN_POINT ( 'NONE',  ( 47.76942555552374614, 3.241358216062208530, -0.4108700358038009925 ) ) ;
#7398 = PLANE ( 'NONE',  #3419 ) ;
#7399 = B_SPLINE_CURVE_WITH_KNOTS ( 'NONE', 3,
 ( #7822, #3349, #7173, #78, #1310, #5099 ),
 .UNSPECIFIED., .F., .F.,
 ( 4, 2, 4 ),
 ( 0.000000000000000000, 0.0001422660098657787359, 0.0002845320197315574719 ),
 .UNSPECIFIED. ) ;
#7400 = CARTESIAN_POINT ( 'NONE',  ( 45.34943176543428933, 3.213191952278669383, -0.2236610021683869964 ) ) ;
#7401 = DIRECTION ( 'NONE',  ( 0.7745966692414880672, 0.4472135954999545415, 0.4472135954999530427 ) ) ;
#7402 = CYLINDRICAL_SURFACE ( 'NONE', #8027, 0.3000000000000001554 ) ;
#7403 = DIRECTION ( 'NONE',  ( 0.3022482188480728471, 0.8491185186067439217, -0.4331786647126749656 ) ) ;
#7404 = B_SPLINE_CURVE_WITH_KNOTS ( 'NONE', 3,
 ( #1245, #8351, #8310, #4555, #7842, #5726, #1927, #3801, #3134, #2508 ),
 .UNSPECIFIED., .F., .F.,
 ( 4, 2, 2, 2, 4 ),
 ( 2.024876365526581719E-17, 0.0001563136904854622834, 0.0003126273809709043464, 0.0004689410714563463822, 0.0006252547619417884181 ),
 .UNSPECIFIED. ) ;
#7405 = CARTESIAN_POINT ( 'NONE',  ( 30.15800260955082024, 2.598432341951721458, 0.09163209346036799152 ) ) ;
#7406 = CARTESIAN_POINT ( 'NONE',  ( 34.25443661575972953, 2.934327941533930062, 0.2584897403253711423 ) ) ;
#7407 = CARTESIAN_POINT ( 'NONE',  ( 31.60985403315105913, 3.419575991029049522, 0.3638939754815675998 ) ) ;
#7408 = DIRECTION ( 'NONE',  ( 0.8271046511042935423, 1.251985773403171514E-18, 0.5620479482407572114 ) ) ;
#7409 =( BOUNDED_SURFACE ( )  B_SPLINE_SURFACE ( 3, 3, ( 
 ( #8133, #1759, #4313, #2340, #6899, #5031, #6944, #1718, #8261, #6863, #2963, #2421, #1163, #7029, #3094, #1845 ),
 ( #4902, #5723, #3719, #1242, #1078, #560, #432, #1116, #8222, #5594, #8175, #3131, #6315, #2383, #4950, #5074 ),
 ( #1883, #477, #4994, #3047, #8305, #7596, #522, #4395, #7678, #6991, #1204, #3997, #5800, #3208, #4630, #2003 ),
 ( #5235, #3282, #4590, #129, #3172, #7233, #6512, #92, #5156, #5766, #2664, #1959, #3328, #674, #2544, #1328 ),
 ( #4551, #7068, #2585, #7838, #2038, #5919, #3880, #7190, #6474, #3246, #5838, #1408, #46, #7799, #7147, #3918 ),
 ( #1367, #711, #5998, #3533, #889, #4755, #164, #7405, #4169, #7310, #2864, #6765, #342, #1537, #4713, #2785 ),
 ( #980, #6675, #2120, #6128, #6636, #5406, #4081, #3447, #5445, #3486, #6042, #249, #799, #5364, #8034, #7990 ) ),
 .UNSPECIFIED., .T., .F., .T. ) 
 B_SPLINE_SURFACE_WITH_KNOTS ( ( 4, 3, 4 ),
 ( 4, 2, 2, 2, 2, 2, 2, 4 ),
 ( 0.000000000000000000, 0.5000000000000000000, 1.000000000000000000 ),
 ( 0.7941314441421509773, 0.8080660543021185305, 0.8220006644620860836, 0.8498698847820211899, 0.8777391051019562962, 0.8916737152619238493, 0.8986410203419077369, 0.9056083254218915135 ),
 .UNSPECIFIED. ) 
 GEOMETRIC_REPRESENTATION_ITEM ( )  RATIONAL_B_SPLINE_SURFACE ( (
 ( 1.000000000000000000, 1.000000000000000000, 1.000000000000000000, 1.000000000000000000, 1.000000000000000000, 1.000000000000000000, 1.000000000000000000, 1.000000000000000000, 1.000000000000000000, 1.000000000000000000, 1.000000000000000000, 1.000000000000000000, 1.000000000000000000, 1.000000000000000000, 1.000000000000000000, 1.000000000000000000),
 ( 0.3333333333333333703, 0.3333333333333333703, 0.3333333333333333703, 0.3333333333333333703, 0.3333333333333333703, 0.3333333333333333703, 0.3333333333333333703, 0.3333333333333333703, 0.3333333333333333703, 0.3333333333333333703, 0.3333333333333333703, 0.3333333333333333703, 0.3333333333333333703, 0.3333333333333333703, 0.3333333333333333703, 0.3333333333333333703),
 ( 0.3333333333333333703, 0.3333333333333333703, 0.3333333333333333703, 0.3333333333333333703, 0.3333333333333333703, 0.3333333333333333703, 0.3333333333333333703, 0.3333333333333333703, 0.3333333333333333703, 0.3333333333333333703, 0.3333333333333333703, 0.3333333333333333703, 0.3333333333333333703, 0.3333333333333333703, 0.3333333333333333703, 0.3333333333333333703),
 ( 1.000000000000000000, 1.000000000000000000, 1.000000000000000000, 1.000000000000000000, 1.000000000000000000, 1.000000000000000000, 1.000000000000000000, 1.000000000000000000, 1.000000000000000000, 1.000000000000000000, 1.000000000000000000, 1.000000000000000000, 1.000000000000000000, 1.000000000000000000, 1.000000000000000000, 1.000000000000000000),
 ( 0.3333333333333333703, 0.3333333333333333703, 0.3333333333333333703, 0.3333333333333333703, 0.3333333333333333703, 0.3333333333333333703, 0.3333333333333333703, 0.3333333333333333703, 0.3333333333333333703, 0.3333333333333333703, 0.3333333333333333703, 0.3333333333333333703, 0.3333333333333333703, 0.3333333333333333703, 0.3333333333333333703, 0.3333333333333333703),
 ( 0.3333333333333333703, 0.3333333333333333703, 0.3333333333333333703, 0.3333333333333333703, 0.3333333333333333703, 0.3333333333333333703, 0.3333333333333333703, 0.3333333333333333703, 0.3333333333333333703, 0.3333333333333333703, 0.3333333333333333703, 0.3333333333333333703, 0.3333333333333333703, 0.3333333333333333703, 0.3333333333333333703, 0.3333333333333333703),
 ( 1.000000000000000000, 1.000000000000000000, 1.000000000000000000, 1.000000000000000000, 1.000000000000000000, 1.000000000000000000, 1.000000000000000000, 1.000000000000000000, 1.000000000000000000, 1.000000000000000000, 1.000000000000000000, 1.000000000000000000, 1.000000000000000000, 1.000000000000000000, 1.000000000000000000, 1.000000000000000000) ) ) 
 REPRESENTATION_ITEM ( '' )  SURFACE ( )  );
#7410 = FILL_AREA_STYLE ('',( #8090 ) ) ;
#7411 = ORIENTED_EDGE ( 'NONE', *, *, #7570, .T. ) ;
#7412 = ORIENTED_EDGE ( 'NONE', *, *, #2354, .F. ) ;
#7413 = CARTESIAN_POINT ( 'NONE',  ( 51.29999999999999716, 3.981393742012995229, -1.125000000000011768 ) ) ;
#7414 = PLANE ( 'NONE',  #5319 ) ;
#7415 = EDGE_LOOP ( 'NONE', ( #3735, #7558, #7508, #6708 ) ) ;
#7416 = PLANE ( 'NONE',  #5252 ) ;
#7417 = EDGE_CURVE ( 'NONE', #2670, #4688, #5454, .T. ) ;
#7418 = CARTESIAN_POINT ( 'NONE',  ( 44.90957529486983191, 3.236223183053787089, -0.4261744799731498889 ) ) ;
#7419 =( BOUNDED_SURFACE ( )  B_SPLINE_SURFACE ( 3, 3, ( 
 ( #5388, #6068, #961, #276, #8013, #2772, #3513, #1005, #7973, #320, #2272, #4200, #368, #2933, #5347, #7938, #4330, #8237 ),
 ( #2478, #7653, #2399, #3734, #1862, #8279, #6916, #1777, #8197, #1051, #3068, #7611, #5046, #4411, #1736, #496, #5615, #6291 ),
 ( #1133, #3687, #7005, #5655, #4287, #2352, #6835, #7527, #6875, #537, #1687, #2439, #6965, #2977, #1096, #5006, #4967, #1814 ),
 ( #447, #4249, #3015, #6334, #4368, #408, #1181, #1219, #3772, #3108, #7566, #3644, #6198, #5695, #6371, #3144, #578, #5566 ),
 ( #5740, #8324, #2521, #5091, #6242, #8147, #3605, #4924, #2559, #2719, #8364, #1979, #4528, #1343, #5854, #3972, #7694, #1259 ),
 ( #1898, #6572, #3895, #5932, #5897, #7815, #144, #3936, #5212, #3860, #4448, #2017, #1939, #771, #3342, #7044, #4565, #2052 ),
 ( #6453, #108, #25, #5132, #3815, #6492, #6412, #7738, #4485, #1425, #7085, #2639, #617, #7166, #3186, #1385, #6529, #4608 ) ),
 .UNSPECIFIED., .T., .F., .F. ) 
 B_SPLINE_SURFACE_WITH_KNOTS ( ( 4, 3, 4 ),
 ( 4, 2, 2, 2, 2, 2, 2, 2, 4 ),
 ( 0.000000000000000000, 0.5000000000000000000, 1.000000000000000000 ),
 ( 0.02102900256225530631, 0.02372079054736778159, 0.02641257853248025339, 0.03179615450270520394, 0.04256330644315510503, 0.06409761032405490722, 0.09748329868837665724, 0.1141761428705375392, 0.1308689870526984211 ),
 .UNSPECIFIED. ) 
 GEOMETRIC_REPRESENTATION_ITEM ( )  RATIONAL_B_SPLINE_SURFACE ( (
 ( 1.000000000000000000, 1.000000000000000000, 1.000000000000000000, 1.000000000000000000, 1.000000000000000000, 1.000000000000000000, 1.000000000000000000, 1.000000000000000000, 1.000000000000000000, 1.000000000000000000, 1.000000000000000000, 1.000000000000000000, 1.000000000000000000, 1.000000000000000000, 1.000000000000000000, 1.000000000000000000, 1.000000000000000000, 1.000000000000000000),
 ( 0.3333333333333333703, 0.3333333333333333703, 0.3333333333333333703, 0.3333333333333333703, 0.3333333333333333703, 0.3333333333333333703, 0.3333333333333333703, 0.3333333333333333703, 0.3333333333333333703, 0.3333333333333333703, 0.3333333333333333703, 0.3333333333333333703, 0.3333333333333333703, 0.3333333333333333703, 0.3333333333333333703, 0.3333333333333333703, 0.3333333333333333703, 0.3333333333333333703),
 ( 0.3333333333333333703, 0.3333333333333333703, 0.3333333333333333703, 0.3333333333333333703, 0.3333333333333333703, 0.3333333333333333703, 0.3333333333333333703, 0.3333333333333333703, 0.3333333333333333703, 0.3333333333333333703, 0.3333333333333333703, 0.3333333333333333703, 0.3333333333333333703, 0.3333333333333333703, 0.3333333333333333703, 0.3333333333333333703, 0.3333333333333333703, 0.3333333333333333703),
 ( 1.000000000000000000, 1.000000000000000000, 1.000000000000000000, 1.000000000000000000, 1.000000000000000000, 1.000000000000000000, 1.000000000000000000, 1.000000000000000000, 1.000000000000000000, 1.000000000000000000, 1.000000000000000000, 1.000000000000000000, 1.000000000000000000, 1.000000000000000000, 1.000000000000000000, 1.000000000000000000, 1.000000000000000000, 1.000000000000000000),
 ( 0.3333333333333333703, 0.3333333333333333703, 0.3333333333333333703, 0.3333333333333333703, 0.3333333333333333703, 0.3333333333333333703, 0.3333333333333333703, 0.3333333333333333703, 0.3333333333333333703, 0.3333333333333333703, 0.3333333333333333703, 0.3333333333333333703, 0.3333333333333333703, 0.3333333333333333703, 0.3333333333333333703, 0.3333333333333333703, 0.3333333333333333703, 0.3333333333333333703),
 ( 0.3333333333333333703, 0.3333333333333333703, 0.3333333333333333703, 0.3333333333333333703, 0.3333333333333333703, 0.3333333333333333703, 0.3333333333333333703, 0.3333333333333333703, 0.3333333333333333703, 0.3333333333333333703, 0.3333333333333333703, 0.3333333333333333703, 0.3333333333333333703, 0.3333333333333333703, 0.3333333333333333703, 0.3333333333333333703, 0.3333333333333333703, 0.3333333333333333703),
 ( 1.000000000000000000, 1.000000000000000000, 1.000000000000000000, 1.000000000000000000, 1.000000000000000000, 1.000000000000000000, 1.000000000000000000, 1.000000000000000000, 1.000000000000000000, 1.000000000000000000, 1.000000000000000000, 1.000000000000000000, 1.000000000000000000, 1.000000000000000000, 1.000000000000000000, 1.000000000000000000, 1.000000000000000000, 1.000000000000000000) ) ) 
 REPRESENTATION_ITEM ( '' )  SURFACE ( )  );
#7420 = PLANE ( 'NONE',  #4469 ) ;
#7421 = ORIENTED_EDGE ( 'NONE', *, *, #3010, .F. ) ;
#7422 = ADVANCED_FACE ( 'NONE', ( #4459 ), #588, .T. ) ;
#7423 = PLANE ( 'NONE',  #7806 ) ;
#7424 = ORIENTED_EDGE ( 'NONE', *, *, #7256, .T. ) ;
#7425 = CARTESIAN_POINT ( 'NONE',  ( 33.32110331287330496, 2.997903979852758471, -0.3220657735985721914 ) ) ;
#7426 = CARTESIAN_POINT ( 'NONE',  ( 48.70000000000000284, 4.381393742012995141, 0.8750000000000000000 ) ) ;
#7427 = CARTESIAN_POINT ( 'NONE',  ( 48.16494492839985497, 3.256393742013003134, -0.4249999999999988232 ) ) ;
#7428 = CARTESIAN_POINT ( 'NONE',  ( 51.70000000000000284, 0.4213937420129920119, -0.4250000000000260236 ) ) ;
#7429 = AXIS2_PLACEMENT_3D ( 'NONE', #7467, #5684, #1675 ) ;
#7430 = CARTESIAN_POINT ( 'NONE',  ( 52.29999999999999716, 3.381393742012989811, -0.4500000000000209943 ) ) ;
#7432 = EDGE_CURVE ( 'NONE', #2345, #4966, #22, .T. ) ;
#7431 = ORIENTED_EDGE ( 'NONE', *, *, #1211, .F. ) ;
#7433 = DIRECTION ( 'NONE',  ( -8.196152422706551031E-15, -1.000000000000000000, 0.000000000000000000 ) ) ;
#7434 = ORIENTED_EDGE ( 'NONE', *, *, #8353, .T. ) ;
#7435 = CARTESIAN_POINT ( 'NONE',  ( 48.70000000000000284, 2.531393742013005266, -1.125000000000000000 ) ) ;
#7436 = CARTESIAN_POINT ( 'NONE',  ( 44.32285619351799255, 3.181561918733704086, 0.07962099413566429973 ) ) ;
#7437 = DIRECTION ( 'NONE',  ( -1.000000000000000000, 2.999999999999999839E-15, 7.000000000000000150E-15 ) ) ;
#7438 = CARTESIAN_POINT ( 'NONE',  ( 32.08992551985149078, 3.755164489891087420, -0.007960713337458978633 ) ) ;
#7439 = CARTESIAN_POINT ( 'NONE',  ( 38.80756836163021717, 2.662062317465927919, -0.5569308911619621494 ) ) ;
#7440 = CARTESIAN_POINT ( 'NONE',  ( 33.10111892584750848, 3.207315249665265267, 0.4779342264013854424 ) ) ;
#7441 = CARTESIAN_POINT ( 'NONE',  ( 39.52158920466990821, 2.463012030441930733, 0.3427776123290491861 ) ) ;
#7442 = DIRECTION ( 'NONE',  ( -6.982962677686266711E-15, 0.000000000000000000, 1.000000000000000000 ) ) ;
#7443 = CARTESIAN_POINT ( 'NONE',  ( 46.65220639163648286, 2.556445771184506555, -0.5145791578004976774 ) ) ;
#7444 = FACE_OUTER_BOUND ( 'NONE', #7684, .T. ) ;
#7445 = ORIENTED_EDGE ( 'NONE', *, *, #1339, .T. ) ;
#7446 = CARTESIAN_POINT ( 'NONE',  ( 38.09963891876807907, 3.290382780440222366, 0.1075305303825611070 ) ) ;
#7447 = PLANE ( 'NONE',  #868 ) ;
#7448 = CARTESIAN_POINT ( 'NONE',  ( 49.09999999999999432, 4.831393742013000647, -1.474999999999999867 ) ) ;
#7449 = ADVANCED_FACE ( 'NONE', ( #5827 ), #7826, .T. ) ;
#7450 = FACE_OUTER_BOUND ( 'NONE', #6660, .T. ) ;
#7451 = CARTESIAN_POINT ( 'NONE',  ( 49.29999999999999716, 4.831393742012989989, 1.074999999999999956 ) ) ;
#7452 = CARTESIAN_POINT ( 'NONE',  ( 40.94340948602383179, 3.423961406628602600, 0.3954765511325040173 ) ) ;
#7453 = CARTESIAN_POINT ( 'NONE',  ( 41.40957226364647425, 3.111940225509431279, 0.4014356977655963443 ) ) ;
#7454 = CARTESIAN_POINT ( 'NONE',  ( 33.32110331287330496, 2.997903979852758471, -0.3220657735985721914 ) ) ;
#7455 = CARTESIAN_POINT ( 'NONE',  ( 52.44999999999999574, 2.081393742012994874, -1.475000000000026068 ) ) ;
#7456 = FACE_OUTER_BOUND ( 'NONE', #5892, .T. ) ;
#7457 = ADVANCED_FACE ( 'NONE', ( #877 ), #6031, .F. ) ;
#7458 = CARTESIAN_POINT ( 'NONE',  ( 29.64522546132994307, 2.885171124024292322, 1.008088419775262867 ) ) ;
#7459 = VECTOR ( 'NONE', #7843, 1000.000000000000000 ) ;
#7460 = EDGE_LOOP ( 'NONE', ( #3178, #4008, #5934, #1190 ) ) ;
#7461 = CARTESIAN_POINT ( 'NONE',  ( 50.93132945091580410, 4.631393742012989811, -0.1989901389840640078 ) ) ;
#7462 = DIRECTION ( 'NONE',  ( -0.8295410558727318584, 1.772239345376213347E-14, 0.5584457329244745249 ) ) ;
#7463 = ADVANCED_FACE ( 'NONE', ( #4117 ), #1595, .T. ) ;
#7464 = CARTESIAN_POINT ( 'NONE',  ( 1.224646799147353256E-15, 1.000000000000001776, 10.00000000000000000 ) ) ;
#7465 = ORIENTED_EDGE ( 'NONE', *, *, #436, .F. ) ;
#7466 = DIRECTION ( 'NONE',  ( 0.3022482188480728471, -0.8491185186067461421, 0.4331786647126706358 ) ) ;
#7467 = CARTESIAN_POINT ( 'NONE',  ( 48.70000000000000995, 3.256393742013003134, -0.6249999999999985567 ) ) ;
#7468 = AXIS2_PLACEMENT_3D ( 'NONE', #4871, #6195, #1731 ) ;
#7469 = EDGE_CURVE ( 'NONE', #4512, #4855, #1272, .T. ) ;
#7470 = ORIENTED_EDGE ( 'NONE', *, *, #7818, .T. ) ;
#7471 = CARTESIAN_POINT ( 'NONE',  ( 47.09822114248950697, 3.121926889599359711, -0.6952198481793862017 ) ) ;
#7472 = ORIENTED_EDGE ( 'NONE', *, *, #5509, .T. ) ;
#7473 = DIRECTION ( 'NONE',  ( -2.666144858838235626E-32, -1.000000000000000000, -1.861759004257252044E-46 ) ) ;
#7474 = FACE_OUTER_BOUND ( 'NONE', #6977, .T. ) ;
#7475 = APPLICATION_CONTEXT ( 'automotive_design' ) ;
#7476 = EDGE_CURVE ( 'NONE', #4358, #7662, #3785, .T. ) ;
#7477 = CARTESIAN_POINT ( 'NONE',  ( 36.33369441454613735, 2.466142117537072576, -0.4264691872540566364 ) ) ;
#7478 = CARTESIAN_POINT ( 'NONE',  ( 37.10650169853006020, 3.033014113922190447, 0.8339178479527430410 ) ) ;
#7479 = DIRECTION ( 'NONE',  ( -0.5999999999999999778, 4.069895739301739873E-15, -0.8000000000000000444 ) ) ;
#7480 = ORIENTED_EDGE ( 'NONE', *, *, #1802, .T. ) ;
#7481 = CARTESIAN_POINT ( 'NONE',  ( 48.16494492839986208, 3.256393742012991588, 0.6250000000000076605 ) ) ;
#7482 = ORIENTED_EDGE ( 'NONE', *, *, #8040, .T. ) ;
#7483 = EDGE_CURVE ( 'NONE', #5550, #5038, #2029, .T. ) ;
#7484 = CARTESIAN_POINT ( 'NONE',  ( 31.68905017659829326, 3.142018332740013520, -0.3842674699570365338 ) ) ;
#7485 = CARTESIAN_POINT ( 'NONE',  ( 0.000000000000000000, 0.000000000000000000, 0.000000000000000000 ) ) ;
#7486 = CARTESIAN_POINT ( 'NONE',  ( 38.88238719036019830, 3.353054323479470966, -0.05592331431728632396 ) ) ;
#7487 = CARTESIAN_POINT ( 'NONE',  ( 40.16521180071076458, 3.661733455981939667, -0.06783006277916289739 ) ) ;
#7488 = CARTESIAN_POINT ( 'NONE',  ( 35.27923264373134060, 3.533635064246086088, -0.3946602860346672959 ) ) ;
#7489 = CARTESIAN_POINT ( 'NONE',  ( 37.96702774789753221, 4.149693735766647684, 0.09158994922484009482 ) ) ;
#7490 = FACE_OUTER_BOUND ( 'NONE', #3544, .T. ) ;
#7491 = CARTESIAN_POINT ( 'NONE',  ( 50.41097038623109938, 4.627217219120070446, -1.058662200202484138 ) ) ;
#7492 = DIRECTION ( 'NONE',  ( 0.000000000000000000, 2.999999999999999839E-15, -1.000000000000000000 ) ) ;
#7493 = VERTEX_POINT ( 'NONE', #7750 ) ;
#7494 = CARTESIAN_POINT ( 'NONE',  ( 40.66630558544249396, 3.342731956275785343, -0.07255192938910010048 ) ) ;
#7495 =( GEOMETRIC_REPRESENTATION_CONTEXT ( 3 ) GLOBAL_UNCERTAINTY_ASSIGNED_CONTEXT ( ( #1398 ) ) GLOBAL_UNIT_ASSIGNED_CONTEXT ( ( #194, #4831, #238 ) ) REPRESENTATION_CONTEXT ( 'NONE', 'WORKASPACE' ) );
#7496 = CARTESIAN_POINT ( 'NONE',  ( 29.64522546132993241, 3.627616360001813423, -1.008088419774994637 ) ) ;
#7497 = CARTESIAN_POINT ( 'NONE',  ( 0.000000000000000000, 0.5000000000000013323, -9.750000000000000000 ) ) ;
#7498 = CARTESIAN_POINT ( 'NONE',  ( 1.022580077288039907E-15, 4.400000000000001243, 8.349999999999999645 ) ) ;
#7499 = CARTESIAN_POINT ( 'NONE',  ( 51.00000000000000000, 3.981393742012995229, -0.1750000000000104805 ) ) ;
#7500 = CARTESIAN_POINT ( 'NONE',  ( 31.76541706525372888, 3.192814955564537538, -0.3974505745558281067 ) ) ;
#7501 = CARTESIAN_POINT ( 'NONE',  ( 34.52285524054820343, 3.253007780234052237, -0.1092139560806567877 ) ) ;
#7502 = CARTESIAN_POINT ( 'NONE',  ( 31.55052504865271601, 3.602802553961091281, 0.7222123220960192658 ) ) ;
#7503 = CARTESIAN_POINT ( 'NONE',  ( 48.59999999999999432, 2.531393742012994608, 1.125000000000000000 ) ) ;
#7504 = CARTESIAN_POINT ( 'NONE',  ( 33.78776995121341287, 3.301348803666412035, -0.4105147599304630468 ) ) ;
#7505 = B_SPLINE_CURVE_WITH_KNOTS ( 'NONE', 3,
 ( #7391, #1612, #4156, #3518, #1010, #325, #4025, #832, #5986, #1186, #4881, #3691, #7532, #5570, #6880, #4254, #5700, #373, #1692, #4334, #2981, #6295, #7487, #3740, #6338, #501, #8283, #5050, #7657, #3073, #5659, #8242, #1223, #2938, #5527, #6841, #739, #6417, #7779, #1944, #6496, #1390, #31, #3940, #6458, #622, #7050, #4489, #1347, #3309, #1263, #6376, #1985, #3264, #7698, #3191, #4532, #7090 ),
 .UNSPECIFIED., .F., .F.,
 ( 4, 2, 2, 2, 2, 2, 2, 2, 2, 2, 2, 2, 2, 2, 2, 2, 2, 2, 2, 2, 2, 2, 2, 2, 2, 2, 2, 2, 4 ),
 ( 0.1308689870526984211, 0.1419233613375222303, 0.1750864841920457826, 0.1971952327616690592, 0.2193039813312923081, 0.2414127299009406202, 0.2635214784705889324, 0.2856302270402372723, 0.3077389756098856122, 0.3409020984643585939, 0.3740652213188316866, 0.3961739698884907401, 0.4182827184581499047, 0.4403914670277873089, 0.4625002155974248241, 0.4956633384518976948, 0.5177720870215459792, 0.5398808355911944856, 0.5730439584462085900, 0.5951527070155860910, 0.6172614555849635920, 0.6393702041546120984, 0.6614789527242606049, 0.6835877012939084452, 0.7056964498635562855, 0.7278051984332052360, 0.7499139470028541865, 0.7830770698573270572, 0.7941314441421509773 ),
 .UNSPECIFIED. ) ;
#7506 = AXIS2_PLACEMENT_3D ( 'NONE', #3148, #6534, #72 ) ;
#7507 = ORIENTED_EDGE ( 'NONE', *, *, #381, .F. ) ;
#7508 = ORIENTED_EDGE ( 'NONE', *, *, #4538, .F. ) ;
#7509 = VECTOR ( 'NONE', #7749, 1000.000000000000000 ) ;
#7510 = EDGE_CURVE ( 'NONE', #7242, #3604, #1952, .T. ) ;
#7511 = LINE ( 'NONE', #352, #6611 ) ;
#7512 = AXIS2_PLACEMENT_3D ( 'NONE', #6524, #8359, #2555 ) ;
#7513 = ORIENTED_EDGE ( 'NONE', *, *, #4245, .T. ) ;
#7514 = CARTESIAN_POINT ( 'NONE',  ( 52.44999999999999574, 2.081393742012984660, 0.2999999999999734546 ) ) ;
#7515 = CARTESIAN_POINT ( 'NONE',  ( 48.50000000000000000, 1.631393742012994919, 1.474999999999999867 ) ) ;
#7516 = FILL_AREA_STYLE ('',( #903 ) ) ;
#7517 = VECTOR ( 'NONE', #1928, 1000.000000000000000 ) ;
#7518 = CARTESIAN_POINT ( 'NONE',  ( 31.72923759170372904, 3.381645731220161544, 0.7851741943655730083 ) ) ;
#7519 = ORIENTED_EDGE ( 'NONE', *, *, #7832, .T. ) ;
#7520 = CARTESIAN_POINT ( 'NONE',  ( 41.64340948601828529, 3.557641064093699512, -0.3061546596490402061 ) ) ;
#7521 = CARTESIAN_POINT ( 'NONE',  ( 29.38041185155849533, 3.063726198661242961, 1.322804646010848018 ) ) ;
#7522 = CARTESIAN_POINT ( 'NONE',  ( 40.75283894184651245, 2.711535441719541417, -0.6467128053823453238 ) ) ;
#7523 = VECTOR ( 'NONE', #4610, 1000.000000000000000 ) ;
#7524 = LINE ( 'NONE', #2311, #4873 ) ;
#7525 = CARTESIAN_POINT ( 'NONE',  ( 30.65498695834394383, 3.015480188737282408, 0.5614875881596824714 ) ) ;
#7526 = VERTEX_POINT ( 'NONE', #3872 ) ;
#7527 = CARTESIAN_POINT ( 'NONE',  ( 47.46740981953974625, 2.899407700286238843, 0.7843088725289623087 ) ) ;
#7528 = VECTOR ( 'NONE', #7002, 1000.000000000000000 ) ;
#7529 = EDGE_LOOP ( 'NONE', ( #3758, #3296, #2592, #4493, #6292, #5414, #1604, #109, #6229, #6398, #6277, #7507, #3143, #6502, #7900, #6395 ) ) ;
#7530 = DIRECTION ( 'NONE',  ( 0.8630339426736947095, 0.08304547985373557373, 0.4982728791224348419 ) ) ;
#7531 = CARTESIAN_POINT ( 'NONE',  ( 34.68238719036839512, 3.285199339847526101, -0.1078931074044185423 ) ) ;
#7532 = CARTESIAN_POINT ( 'NONE',  ( 42.96521180072354440, 3.188563679180277166, -0.4053397138899453300 ) ) ;
#7533 = CARTESIAN_POINT ( 'NONE',  ( 36.29042773635721630, 3.630235549697703679, 0.3342820325909841017 ) ) ;
#7534 = DIRECTION ( 'NONE',  ( 0.000000000000000000, 0.000000000000000000, -1.000000000000000000 ) ) ;
#7535 = LINE ( 'NONE', #3574, #824 ) ;
#7536 = EDGE_CURVE ( 'NONE', #1870, #1747, #1949, .T. ) ;
#7537 = LINE ( 'NONE', #1746, #4378 ) ;
#7538 = VERTEX_POINT ( 'NONE', #2615 ) ;
#7539 = CARTESIAN_POINT ( 'NONE',  ( 40.44716105815046348, 3.055106684240637360, 0.1410868019950432539 ) ) ;
#7540 = EDGE_CURVE ( 'NONE', #4286, #5808, #3157, .T. ) ;
#7541 = AXIS2_PLACEMENT_3D ( 'NONE', #1648, #370, #3070 ) ;
#7542 = CARTESIAN_POINT ( 'NONE',  ( 52.44999999999999574, 2.081393742012984660, 1.474999999999973888 ) ) ;
#7543 = CARTESIAN_POINT ( 'NONE',  ( 25.85026140738064626, 2.972792225956139678, 3.298203728658358980 ) ) ;
#7544 = LINE ( 'NONE', #2372, #1699 ) ;
#7545 = CARTESIAN_POINT ( 'NONE',  ( 38.14290559697789718, 2.870391776824832153, 0.1817138430146801875 ) ) ;
#7546 = CARTESIAN_POINT ( 'NONE',  ( 40.12285523979682722, 3.259779704439707437, 0.1092139547810463546 ) ) ;
#7547 = CARTESIAN_POINT ( 'NONE',  ( 31.41595238962310788, 3.532384945117109876, 0.3239227492342828807 ) ) ;
#7548 = CARTESIAN_POINT ( 'NONE',  ( 51.29999999999999716, 4.381393742012985371, 1.474999999999999867 ) ) ;
#7549 = PLANE ( 'NONE',  #199 ) ;
#7550 = CARTESIAN_POINT ( 'NONE',  ( 26.00179323022355504, 1.577156155566248996, -4.805509957458472314 ) ) ;
#7551 = EDGE_LOOP ( 'NONE', ( #5969, #1988, #433, #5242 ) ) ;
#7552 = VERTEX_POINT ( 'NONE', #5829 ) ;
#7553 = ORIENTED_EDGE ( 'NONE', *, *, #3175, .T. ) ;
#7554 = DIRECTION ( 'NONE',  ( -2.999999999999999839E-15, -1.000000000000000000, -2.999999999999999839E-15 ) ) ;
#7555 = PLANE ( 'NONE',  #5536 ) ;
#7556 = CARTESIAN_POINT ( 'NONE',  ( 45.23476051413002352, 3.724500781076927503, 0.04447211916694977091 ) ) ;
#7557 = DIRECTION ( 'NONE',  ( 0.000000000000000000, 0.000000000000000000, -1.000000000000000000 ) ) ;
#7558 = ORIENTED_EDGE ( 'NONE', *, *, #1094, .F. ) ;
#7559 = ORIENTED_EDGE ( 'NONE', *, *, #7818, .F. ) ;
#7560 = CARTESIAN_POINT ( 'NONE',  ( 36.50957226365128605, 2.830235549691661578, 0.02016514339826156257 ) ) ;
#7561 = DIRECTION ( 'NONE',  ( 0.000000000000000000, 0.000000000000000000, -1.000000000000000000 ) ) ;
#7562 = CARTESIAN_POINT ( 'NONE',  ( 41.46106315534724018, 4.125451394310911013, -0.2205946510711045139 ) ) ;
#7563 = CARTESIAN_POINT ( 'NONE',  ( 27.41080196118424084, 3.049061285364879748, -2.697089969102354878 ) ) ;
#7564 = CARTESIAN_POINT ( 'NONE',  ( 31.23740271875276875, 2.896391274400502702, -0.2749584008937655533 ) ) ;
#7565 = ORIENTED_EDGE ( 'NONE', *, *, #4263, .T. ) ;
#7566 = CARTESIAN_POINT ( 'NONE',  ( 46.95467563190862137, 3.451019727159209793, 0.6344670598684416518 ) ) ;
#7567 = VERTEX_POINT ( 'NONE', #7138 ) ;
#7568 = CARTESIAN_POINT ( 'NONE',  ( 37.13187846737673681, 3.474177341709358213, 0.3485276241937338426 ) ) ;
#7569 = CARTESIAN_POINT ( 'NONE',  ( 36.70560351135015509, 3.196417679743092766, 0.09959036260951464881 ) ) ;
#7570 = EDGE_CURVE ( 'NONE', #2257, #6443, #1356, .T. ) ;
#7571 = CARTESIAN_POINT ( 'NONE',  ( 38.19439648867526671, 2.485893209171276208, -0.4585325855181781041 ) ) ;
#7572 = CARTESIAN_POINT ( 'NONE',  ( 43.15981939222243824, 3.058590546238042052, 0.7922239198858795906 ) ) ;
#7573 = VECTOR ( 'NONE', #4256, 1000.000000000000000 ) ;
#7574 = FACE_OUTER_BOUND ( 'NONE', #7244, .T. ) ;
#7575 = CARTESIAN_POINT ( 'NONE',  ( 49.29999999999999716, 4.831393742012989989, 1.474999999999999867 ) ) ;
#7576 = CARTESIAN_POINT ( 'NONE',  ( 48.70000000000000284, 2.381393742013000026, -0.8249999999999999556 ) ) ;
#7577 = AXIS2_PLACEMENT_3D ( 'NONE', #2891, #3430, #7433 ) ;
#7578 = EDGE_CURVE ( 'NONE', #1260, #4369, #7866, .T. ) ;
#7579 = ORIENTED_EDGE ( 'NONE', *, *, #7212, .F. ) ;
#7580 = CARTESIAN_POINT ( 'NONE',  ( 43.36778565677445130, 3.734328248368747882, 0.04907839727800537843 ) ) ;
#7581 = CIRCLE ( 'NONE', #5125, 0.1999999999999996225 ) ;
#7582 = CARTESIAN_POINT ( 'NONE',  ( 49.09999999999999432, 4.531393742013000825, -1.824999999999999956 ) ) ;
#7583 = EDGE_CURVE ( 'NONE', #1969, #2586, #6541, .T. ) ;
#7584 = CARTESIAN_POINT ( 'NONE',  ( 25.22826378024910099, 1.748702321040562113, 3.732199421988479759 ) ) ;
#7585 = CARTESIAN_POINT ( 'NONE',  ( 48.70000000000000284, 4.381393742013000470, -0.3749999999999935052 ) ) ;
#7586 = CARTESIAN_POINT ( 'NONE',  ( 38.33893684465528651, 3.239094667475435951, 0.1149613429996902553 ) ) ;
#7587 = CARTESIAN_POINT ( 'NONE',  ( 34.77020941616201100, 3.079671620803706045, 0.1568306553774315437 ) ) ;
#7588 = CARTESIAN_POINT ( 'NONE',  ( 0.000000000000000000, 0.000000000000000000, -9.750000000000000000 ) ) ;
#7589 = CARTESIAN_POINT ( 'NONE',  ( 48.50000000000000000, 4.039128768931959712, -0.9327350269189580434 ) ) ;
#7590 = CARTESIAN_POINT ( 'NONE',  ( 37.75443661562895414, 3.455024002167236929, -0.3620626263885869389 ) ) ;
#7591 = DIRECTION ( 'NONE',  ( -0.4999999999999995004, 0.8660254037844390407, 6.098076211353324580E-15 ) ) ;
#7592 = ORIENTED_EDGE ( 'NONE', *, *, #4444, .T. ) ;
#7593 = DIRECTION ( 'NONE',  ( 2.999999999999999839E-15, 1.000000000000000000, 2.999999999999999839E-15 ) ) ;
#7594 = EDGE_CURVE ( 'NONE', #699, #662, #4373, .T. ) ;
#7595 = CARTESIAN_POINT ( 'NONE',  ( 47.99175702206061089, 3.253894558909923074, -0.4226645090271939909 ) ) ;
#7596 = CARTESIAN_POINT ( 'NONE',  ( 30.93610111992260769, 3.352086186135283974, 0.04243094094211079942 ) ) ;
#7597 = ORIENTED_EDGE ( 'NONE', *, *, #2945, .F. ) ;
#7598 = CARTESIAN_POINT ( 'NONE',  ( 48.59999999999999432, 3.981393742013000114, -0.3749999999999935052 ) ) ;
#7599 = CARTESIAN_POINT ( 'NONE',  ( 45.31247721114774407, 3.713614482660338556, 0.1061731512362735497 ) ) ;
#7600 = CIRCLE ( 'NONE', #1114, 0.2000000000000009270 ) ;
#7601 = ORIENTED_EDGE ( 'NONE', *, *, #904, .T. ) ;
#7602 = EDGE_LOOP ( 'NONE', ( #4657, #299, #5162, #7046 ) ) ;
#7603 = FACE_OUTER_BOUND ( 'NONE', #8287, .T. ) ;
#7604 = DIRECTION ( 'NONE',  ( -2.999999999999999839E-15, -1.000000000000000000, -2.999999999999999839E-15 ) ) ;
#7605 = CIRCLE ( 'NONE', #285, 0.1999999999999999833 ) ;
#7606 = CARTESIAN_POINT ( 'NONE',  ( 35.00650169853575022, 3.369144420012242680, 0.8559233143207378713 ) ) ;
#7607 = CARTESIAN_POINT ( 'NONE',  ( 43.15981939222243113, 3.454196937787982868, -0.7922239198858005427 ) ) ;
#7608 = CARTESIAN_POINT ( 'NONE',  ( 26.42096956037340050, 3.477242631687881946, -2.899995006091684147 ) ) ;
#7609 = CARTESIAN_POINT ( 'NONE',  ( 48.70000000000000284, 3.981393742012995229, 0.8750000000000000000 ) ) ;
#7610 = ORIENTED_EDGE ( 'NONE', *, *, #4508, .F. ) ;
#7611 = CARTESIAN_POINT ( 'NONE',  ( 46.60147110511606883, 3.153939253566777179, 0.1194223967580794188 ) ) ;
#7612 = ORIENTED_EDGE ( 'NONE', *, *, #7203, .T. ) ;
#7613 = CARTESIAN_POINT ( 'NONE',  ( -8.050000000000000711, -0.05000000000000000278, -5.719869022868807001E-14 ) ) ;
#7614 = CARTESIAN_POINT ( 'NONE',  ( 33.07353799716525344, 2.872843844433751848, 0.000000000000000000 ) ) ;
#7615 = CARTESIAN_POINT ( 'NONE',  ( 43.38952190593451519, 3.336013911576392932, 0.07483168987796562366 ) ) ;
#7616 = ADVANCED_FACE ( 'NONE', ( #2235 ), #4621, .F. ) ;
#7617 = CARTESIAN_POINT ( 'NONE',  ( 43.94090169577445693, 2.442328267189442847, 0.02644616032987146328 ) ) ;
#7618 = CARTESIAN_POINT ( 'NONE',  ( 25.22826378024910099, 1.748702321040562113, 3.732199421988479759 ) ) ;
#7619 = FACE_OUTER_BOUND ( 'NONE', #3042, .T. ) ;
#7620 = ORIENTED_EDGE ( 'NONE', *, *, #8077, .F. ) ;
#7621 = CARTESIAN_POINT ( 'NONE',  ( 40.68545120599246445, 3.018148332735703931, 0.04034631268818846678 ) ) ;
#7622 = CARTESIAN_POINT ( 'NONE',  ( 49.09999999999999432, 2.931393742012994963, 1.775000000000000133 ) ) ;
#7623 = CARTESIAN_POINT ( 'NONE',  ( 25.45715197710003252, 1.748702321041497143, 4.060239348434286022 ) ) ;
#7624 = CARTESIAN_POINT ( 'NONE',  ( 29.20551810936434478, 3.233549902382594432, 1.072148949844947685 ) ) ;
#7625 = CARTESIAN_POINT ( 'NONE',  ( 35.14905385702147811, 3.159733160557659737, 0.05592331432075692277 ) ) ;
#7626 = CARTESIAN_POINT ( 'NONE',  ( 44.10354297722633987, 3.433116656554110691, -0.1568297336874108494 ) ) ;
#7627 = CARTESIAN_POINT ( 'NONE',  ( 30.04444310749391533, 3.100561430120214457, -0.8437783783638732604 ) ) ;
#7628 = CARTESIAN_POINT ( 'NONE',  ( 48.70000000000000284, 3.981393742013000114, -0.1249999999999974049 ) ) ;
#7629 = CARTESIAN_POINT ( 'NONE',  ( 48.07572214501707464, 2.855876713941374323, -0.8245185247641463322 ) ) ;
#7630 = FACE_OUTER_BOUND ( 'NONE', #7460, .T. ) ;
#7631 = ORIENTED_EDGE ( 'NONE', *, *, #7727, .F. ) ;
#7632 = CARTESIAN_POINT ( 'NONE',  ( 29.70037145111915677, 3.213310727179798931, 0.6918293376098715308 ) ) ;
#7633 = CARTESIAN_POINT ( 'NONE',  ( 29.33928498435293974, 3.280475453170475841, -0.9767474397511608508 ) ) ;
#7634 = EDGE_LOOP ( 'NONE', ( #4013, #744, #3725, #7288 ) ) ;
#7635 = DIRECTION ( 'NONE',  ( 0.9417419115948382213, 0.3363363969981540413, -6.372168583352132502E-15 ) ) ;
#7636 = CIRCLE ( 'NONE', #2877, 1.499999999999999556 ) ;
#7637 = CARTESIAN_POINT ( 'NONE',  ( 48.50000000000000000, 1.631393742012994919, 1.824999999999999956 ) ) ;
#7638 = CARTESIAN_POINT ( 'NONE',  ( 41.96778560660152380, 3.559640528875044119, 0.3726542400551353107 ) ) ;
#7639 = APPLICATION_CONTEXT ( 'automotive_design' ) ;
#7640 = EDGE_CURVE ( 'NONE', #3597, #4396, #6878, .T. ) ;
#7641 = AXIS2_PLACEMENT_3D ( 'NONE', #1503, #6184, #4768 ) ;
#7642 = CIRCLE ( 'NONE', #6276, 10.00000000000000000 ) ;
#7643 = ORIENTED_EDGE ( 'NONE', *, *, #6950, .F. ) ;
#7644 = ORIENTED_EDGE ( 'NONE', *, *, #5427, .F. ) ;
#7645 = CARTESIAN_POINT ( 'NONE',  ( 0.000000000000000000, 0.5000000000000022204, 0.000000000000000000 ) ) ;
#7646 = CARTESIAN_POINT ( 'NONE',  ( 45.88770661132602413, 3.637314645439560845, -0.06163579886225355881 ) ) ;
#7647 = ADVANCED_FACE ( 'NONE', ( #5373 ), #6011, .F. ) ;
#7648 = CARTESIAN_POINT ( 'NONE',  ( 38.18617227518772239, 4.062386710816614510, -0.2558971556466406727 ) ) ;
#7649 = VECTOR ( 'NONE', #7170, 999.9999999999998863 ) ;
#7650 = CARTESIAN_POINT ( 'NONE',  ( 32.34791187957704039, 3.927934855395154301, -0.5188110055325519943 ) ) ;
#7651 = CARTESIAN_POINT ( 'NONE',  ( -11.50000000000001066, -0.05000000000000000278, 1.499999999999919842 ) ) ;
#7652 = CARTESIAN_POINT ( 'NONE',  ( 30.23054662516042512, 2.830785002918090765, 0.4991544489487648173 ) ) ;
#7653 = CARTESIAN_POINT ( 'NONE',  ( 48.12908079668530092, 2.856393742012992121, 0.4250000000000084266 ) ) ;
#7654 = ORIENTED_EDGE ( 'NONE', *, *, #829, .F. ) ;
#7655 = DIRECTION ( 'NONE',  ( 0.000000000000000000, -1.000000000000000000, -2.891205793294679017E-15 ) ) ;
#7656 = CARTESIAN_POINT ( 'NONE',  ( 36.87020941613298675, 3.479680186273186759, -0.07726400470743199911 ) ) ;
#7657 = CARTESIAN_POINT ( 'NONE',  ( 38.76521180071387818, 2.921812184224445108, -0.2386553630727472064 ) ) ;
#7658 = CARTESIAN_POINT ( 'NONE',  ( 32.67316918524453229, 2.571436656681551636, -0.5255028803902469514 ) ) ;
#7659 = CARTESIAN_POINT ( 'NONE',  ( 25.71639045900526810, 2.273686715467607478, 3.879357010967527497 ) ) ;
#7660 = CARTESIAN_POINT ( 'NONE',  ( 1.169537693185722361E-15, 1.000000000000001776, 9.549999999999998934 ) ) ;
#7661 = VECTOR ( 'NONE', #6317, 1000.000000000000000 ) ;
#7662 = VERTEX_POINT ( 'NONE', #7924 ) ;
#7663 = CARTESIAN_POINT ( 'NONE',  ( 41.19042773635830912, 2.804494347890172268, 0.2174605989258960315 ) ) ;
#7664 = CARTESIAN_POINT ( 'NONE',  ( 48.70000000000000284, 3.981393742012995229, 1.125000000000000000 ) ) ;
#7665 = ORIENTED_EDGE ( 'NONE', *, *, #2407, .F. ) ;
#7666 = PRODUCT_DEFINITION_CONTEXT ( 'detailed design', #6757, 'design' ) ;
#7667 = CARTESIAN_POINT ( 'NONE',  ( 25.30049244348141357, 2.903612714895272173, 4.169547744386804311 ) ) ;
#7668 = CARTESIAN_POINT ( 'NONE',  ( 24.97435320358194843, 1.667465588424813960, 5.474263117110763410 ) ) ;
#7669 = CARTESIAN_POINT ( 'NONE',  ( 33.28238718423391163, 3.353054301957088423, -0.05592339435427007288 ) ) ;
#7670 = CARTESIAN_POINT ( 'NONE',  ( 40.06240284801619822, 3.334856117028502265, -0.2198060693200655780 ) ) ;
#7671 = CARTESIAN_POINT ( 'NONE',  ( 30.28189411554972921, 3.365512219611209055, -0.1570486333574945825 ) ) ;
#7672 = CARTESIAN_POINT ( 'NONE',  ( 29.38041185155848467, 3.449061285364864116, -1.322804646010573792 ) ) ;
#7673 = CARTESIAN_POINT ( 'NONE',  ( 46.65220639163648286, 2.556445771184506555, -0.5145791578004976774 ) ) ;
#7674 = CARTESIAN_POINT ( 'NONE',  ( 48.50000000000000000, 4.439128768931965396, -0.9327350269189569332 ) ) ;
#7675 = EDGE_LOOP ( 'NONE', ( #3799, #7075, #5028, #2170 ) ) ;
#7676 = CARTESIAN_POINT ( 'NONE',  ( 48.70000000000000284, 2.531393742012999937, -0.4249999999999999889 ) ) ;
#7677 = CARTESIAN_POINT ( 'NONE',  ( 45.88770661132601703, 2.875472838586447200, 0.06163579886229433868 ) ) ;
#7678 = CARTESIAN_POINT ( 'NONE',  ( 30.35745194145157200, 3.378594166913639452, 0.5614227756408023406 ) ) ;
#7679 = ORIENTED_EDGE ( 'NONE', *, *, #8343, .F. ) ;
#7680 = LINE ( 'NONE', #3881, #1304 ) ;
#7681 = CARTESIAN_POINT ( 'NONE',  ( 48.59999999999999432, 2.531393742012999937, 0.1250000000000000000 ) ) ;
#7682 = CARTESIAN_POINT ( 'NONE',  ( 49.29999999999999716, 3.981393742012995229, 0.1749999999999999889 ) ) ;
#7683 = ADVANCED_FACE ( 'NONE', ( #2256 ), #6095, .T. ) ;
#7684 = EDGE_LOOP ( 'NONE', ( #1117, #2751, #3082, #1555 ) ) ;
#7685 = FILL_AREA_STYLE ('',( #682 ) ) ;
#7686 = CARTESIAN_POINT ( 'NONE',  ( 46.97811685555763717, 3.008439586159740387, 0.6781910586363250060 ) ) ;
#7687 = CARTESIAN_POINT ( 'NONE',  ( 37.17423502831007909, 2.920431328350689970, -0.7419778408464411390 ) ) ;
#7688 = ADVANCED_FACE ( 'NONE', ( #7372 ), #4810, .F. ) ;
#7689 = CARTESIAN_POINT ( 'NONE',  ( 36.50957226365128605, 3.682551934334402866, -0.02016514339808948494 ) ) ;
#7690 = DIRECTION ( 'NONE',  ( -2.999999999999999839E-15, -1.000000000000000000, -2.999999999999999839E-15 ) ) ;
#7691 = EDGE_CURVE ( 'NONE', #2895, #2313, #6139, .T. ) ;
#7692 = CARTESIAN_POINT ( 'NONE',  ( 29.70037145111915677, 3.213310727179798931, 0.6918293376098715308 ) ) ;
#7693 = VERTEX_POINT ( 'NONE', #2209 ) ;
#7694 = CARTESIAN_POINT ( 'NONE',  ( 45.47289882265589966, 4.066479836159518690, 0.2133171392302986302 ) ) ;
#7695 = ORIENTED_EDGE ( 'NONE', *, *, #7701, .T. ) ;
#7696 = CARTESIAN_POINT ( 'NONE',  ( 33.07353799716526055, 1.577156155566248996, -9.043765188928762692E-16 ) ) ;
#7697 = CARTESIAN_POINT ( 'NONE',  ( 35.86240284800945233, 3.156448657283339010, -0.2109076396128068132 ) ) ;
#7698 = CARTESIAN_POINT ( 'NONE',  ( 32.07632621439920229, 3.400794839418272542, -0.4010631918966903187 ) ) ;
#7699 = CARTESIAN_POINT ( 'NONE',  ( 41.68121546071927952, 3.927946038472335921, -0.5187870811845406438 ) ) ;
#7700 = CARTESIAN_POINT ( 'NONE',  ( 27.18191376433519935, 2.663726198661239497, 2.369050042655922450 ) ) ;
#7701 = EDGE_CURVE ( 'NONE', #4877, #5595, #7997, .T. ) ;
#7702 = CARTESIAN_POINT ( 'NONE',  ( 24.96791241634318226, 1.727156155566248907, -5.508069892759424491 ) ) ;
#7703 = ORIENTED_EDGE ( 'NONE', *, *, #6121, .F. ) ;
#7704 = CARTESIAN_POINT ( 'NONE',  ( 35.39573618136387978, 3.476199811307787879, 0.07846237501435690542 ) ) ;
#7705 = CARTESIAN_POINT ( 'NONE',  ( 51.68038475772939933, 3.531393742012984838, 1.775000000000000133 ) ) ;
#7706 = ORIENTED_EDGE ( 'NONE', *, *, #4753, .T. ) ;
#7707 = CARTESIAN_POINT ( 'NONE',  ( 24.89908115240607955, 1.795622339707149573, 3.961884932947191462 ) ) ;
#7708 = DIRECTION ( 'NONE',  ( -2.999999999999999839E-15, -1.000000000000000000, -2.999999999999999839E-15 ) ) ;
#7709 = VECTOR ( 'NONE', #5769, 1000.000000000000000 ) ;
#7710 = CARTESIAN_POINT ( 'NONE',  ( 40.12285523979682722, 3.253007779586335690, -0.1092139547809248684 ) ) ;
#7711 = CARTESIAN_POINT ( 'NONE',  ( 37.88049439147788888, 3.309711728535865483, 0.2399565744890695129 ) ) ;
#7712 = CARTESIAN_POINT ( 'NONE',  ( 29.79942201113827593, 3.413620120077580200, -1.319306767805036529 ) ) ;
#7713 = CARTESIAN_POINT ( 'NONE',  ( 47.52326599273343533, 3.617206707626810847, -0.3879374795796068365 ) ) ;
#7714 = CARTESIAN_POINT ( 'NONE',  ( 45.91549958635545181, 2.476464234029615241, 0.06849891304422631166 ) ) ;
#7715 = PLANE ( 'NONE',  #3044 ) ;
#7716 = VECTOR ( 'NONE', #3130, 1000.000000000000000 ) ;
#7717 = ADVANCED_FACE ( 'NONE', ( #1673 ), #7414, .F. ) ;
#7718 = CARTESIAN_POINT ( 'NONE',  ( 48.70000000000000284, 3.981393742013000114, -0.8750000000000000000 ) ) ;
#7719 = DIRECTION ( 'NONE',  ( 0.000000000000000000, 0.000000000000000000, -1.000000000000000000 ) ) ;
#7720 = ORIENTED_EDGE ( 'NONE', *, *, #5509, .F. ) ;
#7721 = LINE ( 'NONE', #3174, #5202 ) ;
#7722 = EDGE_CURVE ( 'NONE', #2832, #5808, #1035, .T. ) ;
#7723 = CARTESIAN_POINT ( 'NONE',  ( 1.022580077288039907E-15, 5.000000000000000000, 8.349999999999999645 ) ) ;
#7724 = CARTESIAN_POINT ( 'NONE',  ( 52.29999999999999716, 3.381393742012989811, 0.4499999999999784728 ) ) ;
#7725 = CARTESIAN_POINT ( 'NONE',  ( 41.40957226364646715, 3.400847258516603855, -0.4014356977654928715 ) ) ;
#7726 = ORIENTED_EDGE ( 'NONE', *, *, #6210, .F. ) ;
#7727 = EDGE_CURVE ( 'NONE', #8063, #2313, #8093, .T. ) ;
#7728 = ORIENTED_EDGE ( 'NONE', *, *, #3932, .F. ) ;
#7729 = DIRECTION ( 'NONE',  ( -1.000000000000000000, 2.999999999999999839E-15, 7.000000000000000150E-15 ) ) ;
#7730 = CARTESIAN_POINT ( 'NONE',  ( 47.95195805264941669, 3.260352645697688789, 0.4212970506571028784 ) ) ;
#7731 = CARTESIAN_POINT ( 'NONE',  ( 40.16521180071076458, 2.851054028044102573, 0.06783006277928380068 ) ) ;
#7733 = EDGE_CURVE ( 'NONE', #5038, #115, #6775, .T. ) ;
#7732 = CARTESIAN_POINT ( 'NONE',  ( 39.85443661562626261, 3.578459542472986143, -0.2584897402749173900 ) ) ;
#7734 = DIRECTION ( 'NONE',  ( 7.000000000000000150E-15, -4.336808689942020891E-15, 1.000000000000000000 ) ) ;
#7735 = CARTESIAN_POINT ( 'NONE',  ( 30.60337909521204480, 3.132196052971362832, -0.1318350951039619912 ) ) ;
#7736 = EDGE_LOOP ( 'NONE', ( #4995, #1590, #1553, #4729 ) ) ;
#7737 = ADVANCED_FACE ( 'NONE', ( #1593 ), #4228, .T. ) ;
#7738 = CARTESIAN_POINT ( 'NONE',  ( 47.58174716997854858, 3.291593840852952813, 0.3917177348014955207 ) ) ;
#7739 = VECTOR ( 'NONE', #6298, 1000.000000000000000 ) ;
#7740 = ORIENTED_EDGE ( 'NONE', *, *, #3010, .T. ) ;
#7741 = DIRECTION ( 'NONE',  ( 0.000000000000000000, 0.000000000000000000, -1.000000000000000000 ) ) ;
#7742 = CARTESIAN_POINT ( 'NONE',  ( 44.92308027960918082, 3.713817487893958713, -0.1980693153959844910 ) ) ;
#7743 = CARTESIAN_POINT ( 'NONE',  ( 52.10000000000000142, 3.981393742012995229, -0.8250000000000179412 ) ) ;
#7744 = CARTESIAN_POINT ( 'NONE',  ( 25.39324607482095075, 2.163832177753887809, 3.617083861738501049 ) ) ;
#7745 = LINE ( 'NONE', #1947, #2238 ) ;
#7746 = ADVANCED_FACE ( 'NONE', ( #6691 ), #989, .F. ) ;
#7747 = EDGE_LOOP ( 'NONE', ( #8207, #7807, #1725, #764 ) ) ;
#7748 = CARTESIAN_POINT ( 'NONE',  ( 33.87923264191194761, 2.781287570644345397, 0.08302773161907615884 ) ) ;
#7749 = DIRECTION ( 'NONE',  ( 2.999999999999999839E-15, 1.000000000000000000, 2.999999999999999839E-15 ) ) ;
#7750 = CARTESIAN_POINT ( 'NONE',  ( 52.29999999999999716, 3.381393742012989811, -0.4500000000000209943 ) ) ;
#7751 = CARTESIAN_POINT ( 'NONE',  ( 43.79573233056068204, 3.177931867132216315, 0.2198140274634323710 ) ) ;
#7752 = CARTESIAN_POINT ( 'NONE',  ( 44.64717757742013760, 3.498474185823800653, 0.04259672523170783542 ) ) ;
#7753 = CARTESIAN_POINT ( 'NONE',  ( 29.38457700004529372, 3.618884989086212922, -1.204839847270405384 ) ) ;
#7754 = CARTESIAN_POINT ( 'NONE',  ( 47.09055939457235951, 3.085803623373157833, -0.2585806878833139533 ) ) ;
#7755 = CARTESIAN_POINT ( 'NONE',  ( 47.58437217402997277, 2.821353654832229108, -0.7918693829726870526 ) ) ;
#7756 = CARTESIAN_POINT ( 'NONE',  ( 35.49854513404105205, 3.188563679231969150, -0.4053397139651816472 ) ) ;
#7757 = ORIENTED_EDGE ( 'NONE', *, *, #2602, .F. ) ;
#7758 = CARTESIAN_POINT ( 'NONE',  ( 31.05621875558350098, 3.227894114820120119, -0.4067556419917228161 ) ) ;
#7759 = ORIENTED_EDGE ( 'NONE', *, *, #32, .T. ) ;
#7760 = DIRECTION ( 'NONE',  ( 7.000000000000000150E-15, -2.999999999999999839E-15, 1.000000000000000000 ) ) ;
#7761 = DIRECTION ( 'NONE',  ( 0.000000000000000000, 0.000000000000000000, 1.000000000000000000 ) ) ;
#7762 = DIRECTION ( 'NONE',  ( 0.5490731106416363305, -0.1824421337414199595, -0.8156185303229660510 ) ) ;
#7763 = EDGE_CURVE ( 'NONE', #910, #6612, #2630, .T. ) ;
#7764 = ORIENTED_EDGE ( 'NONE', *, *, #3099, .T. ) ;
#7765 = PRESENTATION_LAYER_ASSIGNMENT (  '', '', ( #1139 ) ) ;
#7766 = DIRECTION ( 'NONE',  ( -0.7745966692414796295, 0.4472135954999583718, 0.4472135954999638674 ) ) ;
#7767 = CARTESIAN_POINT ( 'NONE',  ( 47.92057513293152482, 2.860956234276555321, 0.8207290785925313026 ) ) ;
#7768 = CARTESIAN_POINT ( 'NONE',  ( 39.38776994895975037, 3.211438678724785944, 0.4105147597248616220 ) ) ;
#7769 = CARTESIAN_POINT ( 'NONE',  ( 31.68905017659829326, 3.142018332740013520, -0.3842674699570365338 ) ) ;
#7770 = CARTESIAN_POINT ( 'NONE',  ( 24.89908115240746511, 2.195972545156108957, -3.961884932950209937 ) ) ;
#7771 = AXIS2_PLACEMENT_3D ( 'NONE', #2663, #842, #7874 ) ;
#7772 = CARTESIAN_POINT ( 'NONE',  ( 30.88365191828634693, 3.011770036202815692, -0.7158647197811535134 ) ) ;
#7773 = VERTEX_POINT ( 'NONE', #7464 ) ;
#7774 = DIRECTION ( 'NONE',  ( -3.510212787052005290E-15, -1.000000000000000000, -2.999999999999999839E-15 ) ) ;
#7775 = EDGE_LOOP ( 'NONE', ( #3002, #7519, #3005, #7431 ) ) ;
#7776 = VECTOR ( 'NONE', #4788, 1000.000000000000000 ) ;
#7777 = CARTESIAN_POINT ( 'NONE',  ( 48.70000000000000284, 4.381393742012995141, 0.8750000000000000000 ) ) ;
#7778 = CARTESIAN_POINT ( 'NONE',  ( 41.92906951465955956, 3.177931366995919493, 0.2198060693862116666 ) ) ;
#7779 = CARTESIAN_POINT ( 'NONE',  ( 35.96521180070424606, 3.495049105062414618, -0.3345815577606217062 ) ) ;
#7780 = AXIS2_PLACEMENT_3D ( 'NONE', #3543, #8046, #854 ) ;
#7781 = AXIS2_PLACEMENT_3D ( 'NONE', #6939, #3041, #4989 ) ;
#7782 = VECTOR ( 'NONE', #6995, 1000.000000000000000 ) ;
#7783 = AXIS2_PLACEMENT_3D ( 'NONE', #5179, #7784, #698 ) ;
#7784 = DIRECTION ( 'NONE',  ( 2.999999999999999839E-15, 1.000000000000000000, 2.999999999999999839E-15 ) ) ;
#7785 = ORIENTED_EDGE ( 'NONE', *, *, #120, .T. ) ;
#7786 = CARTESIAN_POINT ( 'NONE',  ( 34.81256597706398281, 3.173365996480824514, -0.4751061834862030375 ) ) ;
#7787 = DIRECTION ( 'NONE',  ( 1.000000000000000000, -2.999999999999999839E-15, 0.000000000000000000 ) ) ;
#7788 = CARTESIAN_POINT ( 'NONE',  ( 38.76521180071387818, 3.590975299801606013, 0.2386553630728877051 ) ) ;
#7789 = CARTESIAN_POINT ( 'NONE',  ( 33.92158918249545252, 2.463012018039673290, 0.3427775782337597610 ) ) ;
#7790 = CARTESIAN_POINT ( 'NONE',  ( 39.90354274948521862, 3.242328351648336771, 0.2358574302340686324 ) ) ;
#7791 = EDGE_CURVE ( 'NONE', #1630, #3145, #3415, .T. ) ;
#7792 = CARTESIAN_POINT ( 'NONE',  ( 35.27923264373134771, 2.979152419779985461, 0.3946602860348565889 ) ) ;
#7793 = CARTESIAN_POINT ( 'NONE',  ( 31.24711288162478695, 3.459010952276751372, -0.1025035139315592092 ) ) ;
#7794 = STYLED_ITEM ( 'NONE', ( #2312 ), #1437 ) ;
#7795 = CARTESIAN_POINT ( 'NONE',  ( 47.78585649381299305, 3.645163484541653620, -0.8144612515250314599 ) ) ;
#7796 = EDGE_CURVE ( 'NONE', #1841, #1144, #6051, .T. ) ;
#7797 = CARTESIAN_POINT ( 'NONE',  ( 43.58776991527756905, 3.578459235657315052, -0.2584896670904497928 ) ) ;
#7798 = CARTESIAN_POINT ( 'NONE',  ( 48.70000000000000284, 2.381393742012994696, 0.8249999999999999556 ) ) ;
#7799 = CARTESIAN_POINT ( 'NONE',  ( 29.13428848150178041, 3.021127980765391907, 0.7057984929248993788 ) ) ;
#7800 = CARTESIAN_POINT ( 'NONE',  ( 40.75283894184652667, 3.801252042306498158, 0.6467128053824580114 ) ) ;
#7801 = CARTESIAN_POINT ( 'NONE',  ( 29.26596775313396037, 3.063726198661242961, 1.158784682787478815 ) ) ;
#7802 = CARTESIAN_POINT ( 'NONE',  ( 33.07353799716526055, 1.727156155566248907, -9.085398552352205668E-16 ) ) ;
#7803 = CARTESIAN_POINT ( 'NONE',  ( 52.10000000000000142, 3.981393742012989900, 0.4249999999999820033 ) ) ;
#7804 = CARTESIAN_POINT ( 'NONE',  ( 34.50111893992896483, 3.559640528864094211, 0.3726542400499702756 ) ) ;
#7805 = CARTESIAN_POINT ( 'NONE',  ( 43.12110328040322571, 3.211438688149710785, 0.4105147440244247825 ) ) ;
#7806 = AXIS2_PLACEMENT_3D ( 'NONE', #1511, #5465, #861 ) ;
#7807 = ORIENTED_EDGE ( 'NONE', *, *, #4296, .F. ) ;
#7808 = ORIENTED_EDGE ( 'NONE', *, *, #6210, .T. ) ;
#7809 = SURFACE_STYLE_FILL_AREA ( #5967 ) ;
#7810 = CARTESIAN_POINT ( 'NONE',  ( 45.75762645567561293, 3.252312741231194515, 0.3320648881077659653 ) ) ;
#7811 = AXIS2_PLACEMENT_3D ( 'NONE', #2274, #5215, #3862 ) ;
#7812 = CARTESIAN_POINT ( 'NONE',  ( 45.53227765311667952, 3.599172987953623171, -0.2106839993873081962 ) ) ;
#7813 = CARTESIAN_POINT ( 'NONE',  ( 34.56521180070719623, 2.851054027286450410, 0.06783006281440141783 ) ) ;
#7814 = CARTESIAN_POINT ( 'NONE',  ( 25.36977164550455655, 2.445599767273429315, -3.633463025873236774 ) ) ;
#7815 = CARTESIAN_POINT ( 'NONE',  ( 47.86491909266280231, 3.665150440442939583, 0.4167888517484862332 ) ) ;
#7816 = ORIENTED_EDGE ( 'NONE', *, *, #7931, .F. ) ;
#7818 = EDGE_CURVE ( 'NONE', #4966, #2345, #5576, .T. ) ;
#7817 = DIRECTION ( 'NONE',  ( -1.000000000000000000, 2.999999999999999839E-15, 8.673617379884089598E-30 ) ) ;
#7819 = CARTESIAN_POINT ( 'NONE',  ( 38.50354274948264077, 3.079671620795175535, 0.1568306554075758474 ) ) ;
#7820 = FACE_OUTER_BOUND ( 'NONE', #7602, .T. ) ;
#7821 = LINE ( 'NONE', #2141, #5278 ) ;
#7822 = CARTESIAN_POINT ( 'NONE',  ( 26.00179323022355504, 1.577156155566249218, 4.805509957458472314 ) ) ;
#7823 = ORIENTED_EDGE ( 'NONE', *, *, #6125, .T. ) ;
#7824 = CARTESIAN_POINT ( 'NONE',  ( 42.00650169854350224, 2.571437793271879713, -0.5255024107239785192 ) ) ;
#7825 = ADVANCED_FACE ( 'NONE', ( #5681 ), #7409, .T. ) ;
#7826 = PLANE ( 'NONE',  #6679 ) ;
#7827 = PRODUCT_DEFINITION_CONTEXT ( 'detailed design', #5131, 'design' ) ;
#7828 = CARTESIAN_POINT ( 'NONE',  ( 37.13187846737672970, 3.038610142316702234, -0.3485276241935704733 ) ) ;
#7829 = CARTESIAN_POINT ( 'NONE',  ( 33.99573618146357035, 3.156448657505031008, -0.2109076397208488052 ) ) ;
#7830 = CARTESIAN_POINT ( 'NONE',  ( 44.69041990466725878, 3.590681190160519787, -0.3738285337734854608 ) ) ;
#7831 = CARTESIAN_POINT ( 'NONE',  ( 30.89994783366332598, 3.713363360494824406, 0.1023232800367804285 ) ) ;
#7832 = EDGE_CURVE ( 'NONE', #1760, #2253, #2908, .T. ) ;
#7833 = CARTESIAN_POINT ( 'NONE',  ( 47.33173919859418532, 3.588852288185394368, -0.7608201942701636744 ) ) ;
#7834 = CARTESIAN_POINT ( 'NONE',  ( 46.00343750593333425, 2.883393682987816842, 0.03211500539746154487 ) ) ;
#7835 = CARTESIAN_POINT ( 'NONE',  ( 31.76541706525372888, 3.192814955564537538, -0.3974505745558281067 ) ) ;
#7836 = EDGE_CURVE ( 'NONE', #5037, #1510, #843, .T. ) ;
#7837 = CARTESIAN_POINT ( 'NONE',  ( 48.70000000000000284, 3.981393742013000114, -0.8750000000000000000 ) ) ;
#7838 = CARTESIAN_POINT ( 'NONE',  ( 30.99600925282542363, 3.052124857874221053, -0.7631986024429949778 ) ) ;
#7839 = CARTESIAN_POINT ( 'NONE',  ( 32.98825087998302052, 3.599164164507860697, 0.7933841877655405384 ) ) ;
#7840 = CARTESIAN_POINT ( 'NONE',  ( 51.29999999999999716, 3.981393742012985459, 1.474999999999988098 ) ) ;
#7841 = FACE_OUTER_BOUND ( 'NONE', #5682, .T. ) ;
#7842 = CARTESIAN_POINT ( 'NONE',  ( 24.82556194712960007, 1.727156155566249573, -4.193290127907862264 ) ) ;
#7843 = DIRECTION ( 'NONE',  ( 2.666144858838235626E-32, 1.000000000000000000, 1.861759004257252044E-46 ) ) ;
#7844 = AXIS2_PLACEMENT_3D ( 'NONE', #6884, #8204, #5531 ) ;
#7845 = EDGE_CURVE ( 'NONE', #1457, #3232, #6723, .T. ) ;
#7846 = VERTEX_POINT ( 'NONE', #7451 ) ;
#7847 = DIRECTION ( 'NONE',  ( 2.783159565502900135E-15, 1.000000000000000000, 2.999999999999999839E-15 ) ) ;
#7848 = CARTESIAN_POINT ( 'NONE',  ( 46.34969557769005633, 4.000814310845181687, 0.4489133722991446307 ) ) ;
#7849 = ORIENTED_EDGE ( 'NONE', *, *, #7007, .T. ) ;
#7850 = CARTESIAN_POINT ( 'NONE',  ( 37.59854513404338405, 3.163943755689396120, 0.4004425066836993508 ) ) ;
#7851 = CARTESIAN_POINT ( 'NONE',  ( 33.78776995121341997, 3.211438680359668840, 0.4105147599306732675 ) ) ;
#7852 = CARTESIAN_POINT ( 'NONE',  ( 25.12796934925657055, 1.527156155566224749, -4.289924859392278300 ) ) ;
#7853 = PLANE ( 'NONE',  #7285 ) ;
#7854 = ORIENTED_EDGE ( 'NONE', *, *, #4653, .F. ) ;
#7855 = CARTESIAN_POINT ( 'NONE',  ( 49.09999999999999432, 1.931393742013005177, -2.125000000000000000 ) ) ;
#7856 = CARTESIAN_POINT ( 'NONE',  ( 45.27625541073417281, 4.091414485771526444, -0.1176367853438866767 ) ) ;
#7857 = DIRECTION ( 'NONE',  ( 0.4999999999999941158, 1.098076211353345491E-15, -0.8660254037844420383 ) ) ;
#7858 = FACE_OUTER_BOUND ( 'NONE', #2732, .T. ) ;
#7859 = VECTOR ( 'NONE', #7276, 1000.000000000000000 ) ;
#7860 = DIRECTION ( 'NONE',  ( -1.734723475976807094E-17, -1.000000000000000000, 2.775557561562891043E-17 ) ) ;
#7861 = ORIENTED_EDGE ( 'NONE', *, *, #795, .T. ) ;
#7862 = CARTESIAN_POINT ( 'NONE',  ( 39.63445227326391773, 3.734327941553218899, 0.04907848081846436644 ) ) ;
#7863 = EDGE_CURVE ( 'NONE', #2871, #7202, #7357, .T. ) ;
#7864 = LINE ( 'NONE', #4496, #8026 ) ;
#7865 = CARTESIAN_POINT ( 'NONE',  ( 46.67348841029671291, 2.963416067151193545, -0.1220894337825126214 ) ) ;
#7866 = LINE ( 'NONE', #6626, #3027 ) ;
#7867 = AXIS2_PLACEMENT_3D ( 'NONE', #1472, #149, #1348 ) ;
#7868 = CARTESIAN_POINT ( 'NONE',  ( 44.30112510716095642, 3.207323655120222661, 0.4779674089000963133 ) ) ;
#7869 = CARTESIAN_POINT ( 'NONE',  ( 36.29042773635720920, 2.882551934328362098, -0.3342820325908089640 ) ) ;
#7870 = CARTESIAN_POINT ( 'NONE',  ( 29.69060871094688636, 3.858674611243023023, -0.5272980754394307468 ) ) ;
#7871 = CARTESIAN_POINT ( 'NONE',  ( 47.93676817398022649, 3.252143333051139784, -0.8210227454707483830 ) ) ;
#7872 = LINE ( 'NONE', #3442, #4915 ) ;
#7873 = CARTESIAN_POINT ( 'NONE',  ( 33.32110331287331206, 3.514883504173325068, 0.3220657735987889625 ) ) ;
#7874 = DIRECTION ( 'NONE',  ( -2.196152422706720170E-15, 1.000000000000000000, 0.000000000000000000 ) ) ;
#7875 = CARTESIAN_POINT ( 'NONE',  ( 41.68121546071927952, 2.584841445553698325, 0.5187870811846403418 ) ) ;
#7876 = CARTESIAN_POINT ( 'NONE',  ( 48.50000000000000000, 2.323658715094039984, -0.8827350269189639942 ) ) ;
#7877 = CARTESIAN_POINT ( 'NONE',  ( 41.64340948601828529, 3.557641064093699512, -0.3061546596490402061 ) ) ;
#7878 = CARTESIAN_POINT ( 'NONE',  ( 30.99600925282543429, 3.460662626151876697, 0.7631986024432443338 ) ) ;
#7879 = CARTESIAN_POINT ( 'NONE',  ( 31.39014596684895508, 3.093211492997084644, 0.4361060245186755835 ) ) ;
#7880 = ORIENTED_EDGE ( 'NONE', *, *, #4202, .T. ) ;
#7881 = CARTESIAN_POINT ( 'NONE',  ( 47.73678728081453926, 3.272765287376413035, 0.8096107642334724463 ) ) ;
#7882 = EDGE_LOOP ( 'NONE', ( #4841, #7995, #5733, #5100, #3382, #4923, #8223, #4235, #1050, #4116, #3944, #3376 ) ) ;
#7883 = LINE ( 'NONE', #4813, #3839 ) ;
#7884 = CARTESIAN_POINT ( 'NONE',  ( 24.89908115240746511, 1.527156155566259610, -3.961884932945568760 ) ) ;
#7885 = EDGE_CURVE ( 'NONE', #1841, #4286, #6083, .T. ) ;
#7886 = CARTESIAN_POINT ( 'NONE',  ( 47.76942555552375325, 3.271429267963787968, 0.4108700358038154254 ) ) ;
#7887 = PRODUCT_DEFINITION_FORMATION_WITH_SPECIFIED_SOURCE ( 'ANY', '', #5098, .NOT_KNOWN. ) ;
#7888 = ADVANCED_FACE ( 'NONE', ( #2744 ), #5316, .T. ) ;
#7889 = LINE ( 'NONE', #4144, #3060 ) ;
#7890 = VERTEX_POINT ( 'NONE', #209 ) ;
#7891 = DIRECTION ( 'NONE',  ( 0.3022482188480728471, -0.8491185186067461421, 0.4331786647126706358 ) ) ;
#7892 = CARTESIAN_POINT ( 'NONE',  ( 41.42325718064625306, 3.755146419932274604, -0.007962229535603999875 ) ) ;
#7893 = CARTESIAN_POINT ( 'NONE',  ( 47.83804637435414264, 3.246796355497120423, -0.4159977699012467611 ) ) ;
#7894 = LINE ( 'NONE', #2101, #1933 ) ;
#7895 = VECTOR ( 'NONE', #1513, 1000.000000000000000 ) ;
#7896 = DIRECTION ( 'NONE',  ( -7.000000000000000150E-15, 2.999999999999999839E-15, -1.000000000000000000 ) ) ;
#7897 = VECTOR ( 'NONE', #3962, 1000.000000000000000 ) ;
#7898 = EDGE_LOOP ( 'NONE', ( #3392, #1134, #7320, #3251 ) ) ;
#7899 = CARTESIAN_POINT ( 'NONE',  ( 45.43093899030910876, 2.426618678250774597, -0.1025864099607580460 ) ) ;
#7900 = ORIENTED_EDGE ( 'NONE', *, *, #7796, .T. ) ;
#7901 = VECTOR ( 'NONE', #6254, 1000.000000000000000 ) ;
#7902 = PRESENTATION_STYLE_ASSIGNMENT (( #5184 ) ) ;
#7903 = CARTESIAN_POINT ( 'NONE',  ( 44.36521204881365321, 2.921811721437626908, -0.2386554814984844508 ) ) ;
#7904 = PLANE ( 'NONE',  #472 ) ;
#7905 = CARTESIAN_POINT ( 'NONE',  ( 41.81256597706619260, 2.861733455982804486, -0.2772413222354614959 ) ) ;
#7906 = AXIS2_PLACEMENT_3D ( 'NONE', #306, #2798, #7960 ) ;
#7907 = CARTESIAN_POINT ( 'NONE',  ( 38.97020941614470502, 3.492251172260800729, 0.01406539035279560750 ) ) ;
#7908 = CARTESIAN_POINT ( 'NONE',  ( 32.94589888087691065, 3.173369040226226900, -0.4751035262018716288 ) ) ;
#7909 = CARTESIAN_POINT ( 'NONE',  ( 30.38542347618798800, 3.590567636690245923, 0.3941840293075271617 ) ) ;
#7910 = CARTESIAN_POINT ( 'NONE',  ( 48.16494492839986918, 2.856393742013002779, -0.4249999999999988787 ) ) ;
#7911 = CARTESIAN_POINT ( 'NONE',  ( 46.67348841029671291, 2.963416067151193545, -0.1220894337825126214 ) ) ;
#7912 = CARTESIAN_POINT ( 'NONE',  ( 42.49854513404306999, 2.921812184234044096, -0.2386553630611706334 ) ) ;
#7913 = FACE_OUTER_BOUND ( 'NONE', #4598, .T. ) ;
#7914 = CARTESIAN_POINT ( 'NONE',  ( 0.000000000000000000, 5.000000000000000000, 0.000000000000000000 ) ) ;
#7915 = CARTESIAN_POINT ( 'NONE',  ( 43.00756836185566101, 3.229947571210012747, -0.8140653904258478013 ) ) ;
#7916 = COLOUR_RGB ( '',1.000000000000000000, 0.1686274509803921684, 0.1686274509803921684 ) ;
#7917 = FACE_OUTER_BOUND ( 'NONE', #2841, .T. ) ;
#7918 = CARTESIAN_POINT ( 'NONE',  ( 43.43187846828772081, 3.017738379862527243, 0.3345815584239568152 ) ) ;
#7919 = CARTESIAN_POINT ( 'NONE',  ( 29.81965475162987644, 3.639067751603251910, -0.8663271453267038513 ) ) ;
#7920 = CARTESIAN_POINT ( 'NONE',  ( 36.29042773635720920, 2.882551934328362098, -0.3342820325908089640 ) ) ;
#7921 = VECTOR ( 'NONE', #5683, 1000.000000000000000 ) ;
#7922 = ORIENTED_EDGE ( 'NONE', *, *, #4783, .T. ) ;
#7923 = CARTESIAN_POINT ( 'NONE',  ( 45.81321240573449671, 4.050329950344856655, 0.3183386597438942478 ) ) ;
#7924 = CARTESIAN_POINT ( 'NONE',  ( 48.59999999999999432, 2.381393742013000026, -0.8249999999999999556 ) ) ;
#7925 = VERTEX_POINT ( 'NONE', #7624 ) ;
#7926 = FACE_OUTER_BOUND ( 'NONE', #1594, .T. ) ;
#7927 = FACE_OUTER_BOUND ( 'NONE', #4911, .T. ) ;
#7928 = EDGE_CURVE ( 'NONE', #1546, #1326, #4385, .T. ) ;
#7929 = LINE ( 'NONE', #4645, #1869 ) ;
#7930 = VERTEX_POINT ( 'NONE', #1149 ) ;
#7931 = EDGE_CURVE ( 'NONE', #3390, #8047, #4302, .T. ) ;
#7932 = LINE ( 'NONE', #180, #6034 ) ;
#7933 = CARTESIAN_POINT ( 'NONE',  ( 39.63445227326391773, 2.778459542472826893, -0.04907848081833603854 ) ) ;
#7934 = CARTESIAN_POINT ( 'NONE',  ( 45.56906100969094098, 3.286168805775237622, 0.1025864099607996793 ) ) ;
#7935 = DIRECTION ( 'NONE',  ( -1.000000000000000000, 0.000000000000000000, 7.000000000000000150E-15 ) ) ;
#7936 = CARTESIAN_POINT ( 'NONE',  ( 48.80000000000000426, 1.631393742012994919, 1.824999999999999956 ) ) ;
#7937 = ORIENTED_EDGE ( 'NONE', *, *, #7986, .F. ) ;
#7938 = CARTESIAN_POINT ( 'NONE',  ( 45.70307128130328778, 3.646602030726652455, -0.1194975787942661877 ) ) ;
#7939 = CARTESIAN_POINT ( 'NONE',  ( 44.05443621027013279, 2.845882380714084725, -0.04495295524809304194 ) ) ;
#7940 = DIRECTION ( 'NONE',  ( -4.741375611705290351E-29, 1.000000000000000000, 0.000000000000000000 ) ) ;
#7941 = CARTESIAN_POINT ( 'NONE',  ( 44.14589883252199343, 3.339421024767984747, 0.4751062093216247839 ) ) ;
#7942 = CARTESIAN_POINT ( 'NONE',  ( 44.14589883252199343, 3.339421024767984747, 0.4751062093216247839 ) ) ;
#7943 = CARTESIAN_POINT ( 'NONE',  ( 29.92728475127560372, 3.649416144902251968, -0.7727029479682226976 ) ) ;
#7944 = CARTESIAN_POINT ( 'NONE',  ( 46.34969557769004922, 2.511973173180823249, -0.4489133722991103248 ) ) ;
#7945 = CARTESIAN_POINT ( 'NONE',  ( 44.64717757742013760, 3.014313298202215385, -0.04259672523164968749 ) ) ;
#7946 = PLANE ( 'NONE',  #1155 ) ;
#7947 = CARTESIAN_POINT ( 'NONE',  ( 48.59999999999999432, 4.381393742013000470, -0.8750000000000000000 ) ) ;
#7948 = CARTESIAN_POINT ( 'NONE',  ( 44.95281762211698862, 3.184357296635502710, 0.8425997389783976832 ) ) ;
#7949 = CARTESIAN_POINT ( 'NONE',  ( 0.000000000000000000, 5.000000000000000000, 0.000000000000000000 ) ) ;
#7950 = CARTESIAN_POINT ( 'NONE',  ( 52.29999999999999716, 2.081393742012984660, 0.7999999999999749534 ) ) ;
#7951 = CARTESIAN_POINT ( 'NONE',  ( 29.46098233198929250, 3.067956634519895864, -1.308053824410499999 ) ) ;
#7952 = FILL_AREA_STYLE ('',( #388 ) ) ;
#7953 = EDGE_CURVE ( 'NONE', #1524, #5668, #5360, .T. ) ;
#7954 = ORIENTED_EDGE ( 'NONE', *, *, #1469, .F. ) ;
#7955 = ORIENTED_EDGE ( 'NONE', *, *, #3926, .T. ) ;
#7956 = EDGE_CURVE ( 'NONE', #6605, #5346, #6174, .T. ) ;
#7957 = CARTESIAN_POINT ( 'NONE',  ( 47.55700098739873027, 3.703039156736811055, 0.3807159154064483908 ) ) ;
#7958 = CARTESIAN_POINT ( 'NONE',  ( 51.00014059414839807, 3.980056078045380197, 0.2000020675609944787 ) ) ;
#7959 = CARTESIAN_POINT ( 'NONE',  ( 49.29999999999999716, 3.981393742012995229, 1.474999999999999867 ) ) ;
#7960 = DIRECTION ( 'NONE',  ( 0.000000000000000000, -1.000000000000000000, -2.891205793294679411E-15 ) ) ;
#7961 = AXIS2_PLACEMENT_3D ( 'NONE', #4828, #4738, #1521 ) ;
#7962 = ORIENTED_EDGE ( 'NONE', *, *, #5621, .T. ) ;
#7963 = DIRECTION ( 'NONE',  ( -7.000000000000000150E-15, 2.999999999999999839E-15, -1.000000000000000000 ) ) ;
#7964 = CIRCLE ( 'NONE', #267, 0.2000000000000001499 ) ;
#7965 = VERTEX_POINT ( 'NONE', #2950 ) ;
#7966 = DIRECTION ( 'NONE',  ( -0.7745966692414820720, -0.4472135954999570395, 0.4472135954999610918 ) ) ;
#7967 = ADVANCED_FACE ( 'NONE', ( #4345 ), #6346, .T. ) ;
#7968 = CARTESIAN_POINT ( 'NONE',  ( 37.92376106968771410, 3.729702732151255251, 0.1657732618569499605 ) ) ;
#7969 = CARTESIAN_POINT ( 'NONE',  ( 46.24114394540154649, 3.305094359362110712, -0.4495656190519394801 ) ) ;
#7970 = LINE ( 'NONE', #7171, #5563 ) ;
#7971 = LINE ( 'NONE', #3428, #8041 ) ;
#7972 = EDGE_LOOP ( 'NONE', ( #358, #1635, #5245, #3067 ) ) ;
#7973 = CARTESIAN_POINT ( 'NONE',  ( 47.48098989623284893, 3.310079127163908286, 0.3740124348085324679 ) ) ;
#7974 = CARTESIAN_POINT ( 'NONE',  ( 38.92110328229242810, 3.514883482290214189, 0.3220658004687139697 ) ) ;
#7975 = ORIENTED_EDGE ( 'NONE', *, *, #623, .T. ) ;
#7976 = LINE ( 'NONE', #1651, #1840 ) ;
#7977 = DIRECTION ( 'NONE',  ( -1.000000000000000000, 0.000000000000000000, -6.982962677686267499E-15 ) ) ;
#7978 = CARTESIAN_POINT ( 'NONE',  ( 33.82648604287436456, 3.058590508715620881, 0.7922239258419361274 ) ) ;
#7979 = CARTESIAN_POINT ( 'NONE',  ( 34.34589931031764820, 2.861733456686160526, -0.2772413222719873338 ) ) ;
#7980 = CARTESIAN_POINT ( 'NONE',  ( 43.72158915063902640, 2.453007726351212003, -0.3186252713889070054 ) ) ;
#7981 = LINE ( 'NONE', #5267, #2820 ) ;
#7982 = CARTESIAN_POINT ( 'NONE',  ( 45.70307128130328067, 2.866185453299356478, 0.1194975787943095558 ) ) ;
#7983 = EDGE_CURVE ( 'NONE', #8332, #5038, #4268, .T. ) ;
#7984 = DIRECTION ( 'NONE',  ( -0.000000000000000000, -1.000000000000000000, -0.000000000000000000 ) ) ;
#7985 = CARTESIAN_POINT ( 'NONE',  ( 43.08238716858401318, 3.148500653964651175, -0.02880556816288305441 ) ) ;
#7986 = EDGE_CURVE ( 'NONE', #2144, #7538, #8250, .T. ) ;
#7987 = VECTOR ( 'NONE', #7315, 1000.000000000000000 ) ;
#7988 = DIRECTION ( 'NONE',  ( -2.783159565502900135E-15, -1.000000000000000000, -2.999999999999999839E-15 ) ) ;
#7989 = CARTESIAN_POINT ( 'NONE',  ( 48.59999999999999432, 2.381393742012994696, 0.8249999999999999556 ) ) ;
#7990 = CARTESIAN_POINT ( 'NONE',  ( 29.32641739690357952, 2.893902494939894154, 1.245420415730013497 ) ) ;
#7991 = DIRECTION ( 'NONE',  ( 0.000000000000000000, 1.000000000000000000, 0.000000000000000000 ) ) ;
#7992 = CARTESIAN_POINT ( 'NONE',  ( 31.34981945619846044, 3.033308633592100456, 0.04267824210637111149 ) ) ;
#7993 = CARTESIAN_POINT ( 'NONE',  ( 31.55052504865270535, 2.909984930065003805, -0.7222123220957779033 ) ) ;
#7994 = EDGE_LOOP ( 'NONE', ( #1972, #6136, #8302, #4189 ) ) ;
#7995 = ORIENTED_EDGE ( 'NONE', *, *, #2226, .F. ) ;
#7996 = CARTESIAN_POINT ( 'NONE',  ( 48.16494492839986918, 3.256393742012991588, 0.8250000000000078382 ) ) ;
#7997 = LINE ( 'NONE', #222, #3420 ) ;
#7998 = EDGE_LOOP ( 'NONE', ( #644, #3637, #974, #770 ) ) ;
#7999 = DIRECTION ( 'NONE',  ( -2.999999999999999839E-15, -1.000000000000000000, -2.999999999999999839E-15 ) ) ;
#8000 = DIRECTION ( 'NONE',  ( 0.5773502691896317263, 0.5773502691896217343, 0.5773502691896238437 ) ) ;
#8001 =( BOUNDED_CURVE ( )  B_SPLINE_CURVE ( 3, ( #8064, #3389, #4154, #5982 ),
 .UNSPECIFIED., .F., .F. ) 
 B_SPLINE_CURVE_WITH_KNOTS ( ( 4, 4 ),
 ( 3.141592653589795336, 4.712388980384770498 ),
 .UNSPECIFIED. ) 
 CURVE ( )  GEOMETRIC_REPRESENTATION_ITEM ( )  RATIONAL_B_SPLINE_CURVE ( ( 1.000000000000000000, 0.8047378541243459527, 0.8047378541243459527, 1.000000000000000000 ) ) 
 REPRESENTATION_ITEM ( '' )  );
#8002 = ORIENTED_EDGE ( 'NONE', *, *, #4057, .T. ) ;
#8003 = CARTESIAN_POINT ( 'NONE',  ( 49.09999999999999432, 2.081393742012994874, 1.474999999999999867 ) ) ;
#8004 = ORIENTED_EDGE ( 'NONE', *, *, #4653, .T. ) ;
#8005 = CARTESIAN_POINT ( 'NONE',  ( 52.29999999999999716, 1.631393742012990034, -2.660000000000000151E-14 ) ) ;
#8006 = APPLICATION_PROTOCOL_DEFINITION ( 'draft international standard', 'automotive_design', 1998, #6333 ) ;
#8007 = CARTESIAN_POINT ( 'NONE',  ( 32.08992551985149078, 2.757622994135003225, 0.007960713337692928646 ) ) ;
#8008 = CARTESIAN_POINT ( 'NONE',  ( 45.47169113027397458, 3.256117369839984566, -0.2374873898752500601 ) ) ;
#8009 = CARTESIAN_POINT ( 'NONE',  ( 27.41080196118424439, 3.449061285364876550, -2.697089969102352658 ) ) ;
#8010 = VECTOR ( 'NONE', #6304, 1000.000000000000000 ) ;
#8011 = LINE ( 'NONE', #7936, #4511 ) ;
#8012 = ORIENTED_EDGE ( 'NONE', *, *, #7836, .F. ) ;
#8013 = CARTESIAN_POINT ( 'NONE',  ( 47.95195805264941669, 3.260352645697688789, 0.4212970506571028784 ) ) ;
#8014 = ORIENTED_EDGE ( 'NONE', *, *, #5807, .F. ) ;
#8015 =( NAMED_UNIT ( * ) SI_UNIT ( $, .STERADIAN. ) SOLID_ANGLE_UNIT ( ) );
#8016 = CARTESIAN_POINT ( 'NONE',  ( 40.70957226364449610, 2.940795484734893606, -0.2870804379965601338 ) ) ;
#8017 = LINE ( 'NONE', #2276, #3158 ) ;
#8018 = MECHANICAL_DESIGN_GEOMETRIC_PRESENTATION_REPRESENTATION (  '', ( #2358 ), #5451 ) ;
#8019 = CARTESIAN_POINT ( 'NONE',  ( 43.21256597496826402, 3.731499926430684511, -0.08302774416276202663 ) ) ;
#8020 = CARTESIAN_POINT ( 'NONE',  ( 37.79315270753539124, 2.770476413124286719, 0.6562234457890258055 ) ) ;
#8021 = CARTESIAN_POINT ( 'NONE',  ( 32.08992551985149078, 3.755164489891087420, -0.007960713337458978633 ) ) ;
#8022 = CARTESIAN_POINT ( 'NONE',  ( 31.54561086861979646, 2.983455816891993351, 0.3817221612387427521 ) ) ;
#8023 = PLANE ( 'NONE',  #1899 ) ;
#8024 = CARTESIAN_POINT ( 'NONE',  ( 48.13069388832348494, 2.856393742013002779, -0.8249999999999989564 ) ) ;
#8025 = CARTESIAN_POINT ( 'NONE',  ( 48.59999999999999432, 2.531393742012999937, 0.4249999999999999889 ) ) ;
#8026 = VECTOR ( 'NONE', #6383, 1000.000000000000000 ) ;
#8027 = AXIS2_PLACEMENT_3D ( 'NONE', #2198, #4265, #6215 ) ;
#8028 = CARTESIAN_POINT ( 'NONE',  ( 33.12286000135622288, 3.331232478598080249, -0.07962264119787268446 ) ) ;
#8029 = DIRECTION ( 'NONE',  ( -0.7745966692414790744, 0.4472135954999580942, 0.4472135954999650886 ) ) ;
#8030 = CARTESIAN_POINT ( 'NONE',  ( 48.70000000000001705, 3.256393742012988035, 0.6250000000000001110 ) ) ;
#8031 = VECTOR ( 'NONE', #8115, 999.9999999999998863 ) ;
#8032 = EDGE_CURVE ( 'NONE', #7242, #3416, #3621, .T. ) ;
#8033 = DIRECTION ( 'NONE',  ( -0.8200998161168392420, 9.606411846750677492E-15, -0.5722204921226837770 ) ) ;
#8034 = CARTESIAN_POINT ( 'NONE',  ( 29.38457700004530437, 2.893902494939894154, 1.204839847270677389 ) ) ;
#8035 = CARTESIAN_POINT ( 'NONE',  ( 45.60981462212834003, 2.892882168761289563, 0.1631237060646176240 ) ) ;
#8036 = CARTESIAN_POINT ( 'NONE',  ( 39.69854513404408891, 3.495049105074923723, -0.3345815577752945802 ) ) ;
#8037 = AXIS2_PLACEMENT_3D ( 'NONE', #514, #5020, #5540 ) ;
#8038 = CARTESIAN_POINT ( 'NONE',  ( 40.90560351137820305, 3.143563240901474209, 0.02801154037370549854 ) ) ;
#8039 = CARTESIAN_POINT ( 'NONE',  ( 29.30686363642924874, 3.498640970957002327, -0.5734607263400202104 ) ) ;
#8040 = EDGE_CURVE ( 'NONE', #5943, #7118, #3084, .T. ) ;
#8041 = VECTOR ( 'NONE', #4654, 1000.000000000000000 ) ;
#8042 =( NAMED_UNIT ( * ) SI_UNIT ( $, .STERADIAN. ) SOLID_ANGLE_UNIT ( ) );
#8043 = ORIENTED_EDGE ( 'NONE', *, *, #4357, .T. ) ;
#8044 = EDGE_LOOP ( 'NONE', ( #1778, #179, #723, #601 ) ) ;
#8045 = CARTESIAN_POINT ( 'NONE',  ( 47.21748633108274618, 3.373069724619973009, 0.3124592270551822537 ) ) ;
#8046 = DIRECTION ( 'NONE',  ( 4.109974682633973382E-15, 0.9863939238321435266, 0.1643989873053589290 ) ) ;
#8047 = VERTEX_POINT ( 'NONE', #462 ) ;
#8048 = CARTESIAN_POINT ( 'NONE',  ( 30.89994783366332243, 2.799424123531273345, -0.1023232800365298095 ) ) ;
#8049 = ADVANCED_FACE ( 'NONE', ( #4892 ), #3035, .F. ) ;
#8050 = AXIS2_PLACEMENT_3D ( 'NONE', #6415, #619, #7741 ) ;
#8051 = CARTESIAN_POINT ( 'NONE',  ( 47.09055939457236661, 3.426983860652842662, 0.2585806878833379341 ) ) ;
#8052 = ORIENTED_EDGE ( 'NONE', *, *, #1737, .F. ) ;
#8053 = DIRECTION ( 'NONE',  ( 0.01470429244186939426, 2.958751265979195268E-15, -0.9998918860475786152 ) ) ;
#8054 = ORIENTED_EDGE ( 'NONE', *, *, #3821, .T. ) ;
#8055 = CARTESIAN_POINT ( 'NONE',  ( 0.000000000000000000, 0.000000000000000000, 0.000000000000000000 ) ) ;
#8056 = FACE_OUTER_BOUND ( 'NONE', #2264, .T. ) ;
#8057 = CARTESIAN_POINT ( 'NONE',  ( 41.68121546071927952, 3.927946038472335921, -0.5187870811845406438 ) ) ;
#8058 = CARTESIAN_POINT ( 'NONE',  ( 47.09055939457235951, 3.085803623373157833, -0.2585806878833139533 ) ) ;
#8059 = CARTESIAN_POINT ( 'NONE',  ( 26.00179323022355504, 1.527156155566249396, 4.805509957458472314 ) ) ;
#8060 = CARTESIAN_POINT ( 'NONE',  ( 50.93168224707730474, 4.631393742012989811, -0.1750000000000079825 ) ) ;
#8061 = CIRCLE ( 'NONE', #6987, 0.2000000000000009270 ) ;
#8062 = EDGE_CURVE ( 'NONE', #1719, #4609, #7544, .T. ) ;
#8063 = VERTEX_POINT ( 'NONE', #8212 ) ;
#8064 = CARTESIAN_POINT ( 'NONE',  ( 49.09999999999999432, 4.831393742013010417, -1.824999999999999956 ) ) ;
#8065 = VERTEX_POINT ( 'NONE', #1708 ) ;
#8066 = CARTESIAN_POINT ( 'NONE',  ( 32.85443694365472567, 3.666908361468586453, 0.04495457197427234902 ) ) ;
#8067 = CARTESIAN_POINT ( 'NONE',  ( 41.64340948601828529, 3.557641064093699512, -0.3061546596490402061 ) ) ;
#8068 = DIRECTION ( 'NONE',  ( 0.01470429244188329286, -3.040600050306316796E-15, 0.9998918860475783932 ) ) ;
#8069 = EDGE_CURVE ( 'NONE', #7157, #1006, #6961, .T. ) ;
#8070 = CARTESIAN_POINT ( 'NONE',  ( 32.94589888087691776, 3.339418443799858860, 0.4751035262020936178 ) ) ;
#8071 = CARTESIAN_POINT ( 'NONE',  ( 44.55985741107922848, 3.676759536593654065, 0.7000004086700603034 ) ) ;
#8072 = CARTESIAN_POINT ( 'NONE',  ( 45.43093899030910876, 2.426618678250774597, -0.1025864099607580460 ) ) ;
#8073 = CARTESIAN_POINT ( 'NONE',  ( 43.40650209799509440, 2.400470297205783421, 0.1127512694714971897 ) ) ;
#8074 = DIRECTION ( 'NONE',  ( -1.734723475976807094E-17, -1.000000000000000000, 2.775557561562891043E-17 ) ) ;
#8075 = CARTESIAN_POINT ( 'NONE',  ( 47.77131169246210618, 2.841435364517107320, -0.8109428009464791920 ) ) ;
#8076 = CARTESIAN_POINT ( 'NONE',  ( 52.20000000000000284, 3.531393742012994608, -1.775000000000000133 ) ) ;
#8077 = EDGE_CURVE ( 'NONE', #7925, #7157, #3700, .T. ) ;
#8078 = ORIENTED_EDGE ( 'NONE', *, *, #5911, .T. ) ;
#8079 = CARTESIAN_POINT ( 'NONE',  ( 43.32906921555382951, 3.356339309917254266, 0.2109080640274394181 ) ) ;
#8080 = CARTESIAN_POINT ( 'NONE',  ( 51.70000000000000284, 0.4213937420129890143, 0.4249999999999739542 ) ) ;
#8081 = CARTESIAN_POINT ( 'NONE',  ( 48.70000000000000284, 2.531393742012999937, -0.4249999999999999889 ) ) ;
#8082 = DIRECTION ( 'NONE',  ( -7.000000000000000150E-15, 2.999999999999999839E-15, -1.000000000000000000 ) ) ;
#8083 = CARTESIAN_POINT ( 'NONE',  ( 41.40957226364647425, 3.111940225509431279, 0.4014356977655963443 ) ) ;
#8084 = ADVANCED_FACE ( 'NONE', ( #6931 ), #3579, .F. ) ;
#8085 = CARTESIAN_POINT ( 'NONE',  ( 37.59854513404338405, 3.163943755689396120, 0.4004425066836993508 ) ) ;
#8086 = CARTESIAN_POINT ( 'NONE',  ( 44.32285619351799255, 3.181561918733704086, 0.07962099413566429973 ) ) ;
#8087 = CARTESIAN_POINT ( 'NONE',  ( 29.01116490272928772, 3.490518528767135642, -0.7936041734563468175 ) ) ;
#8088 = FACE_BOUND ( 'NONE', #2491, .T. ) ;
#8089 = CARTESIAN_POINT ( 'NONE',  ( 48.70000000000000284, 3.981393742013000114, -0.3749999999999945599 ) ) ;
#8090 = FILL_AREA_STYLE_COLOUR ( '', #7916 ) ;
#8091 = ORIENTED_EDGE ( 'NONE', *, *, #3066, .F. ) ;
#8092 = ORIENTED_EDGE ( 'NONE', *, *, #4840, .F. ) ;
#8093 = LINE ( 'NONE', #4722, #4100 ) ;
#8094 = EDGE_LOOP ( 'NONE', ( #4865, #7034, #5221, #2679 ) ) ;
#8095 = DIRECTION ( 'NONE',  ( -0.000000000000000000, -1.000000000000000000, -0.000000000000000000 ) ) ;
#8096 = DIRECTION ( 'NONE',  ( -7.000000000000000150E-15, 2.999999999999999839E-15, -1.000000000000000000 ) ) ;
#8097 = CARTESIAN_POINT ( 'NONE',  ( 45.63433386302259720, 3.651212518115967143, -0.1536199614575246841 ) ) ;
#8098 = EDGE_CURVE ( 'NONE', #662, #430, #8122, .T. ) ;
#8099 = ORIENTED_EDGE ( 'NONE', *, *, #2334, .T. ) ;
#8100 = CARTESIAN_POINT ( 'NONE',  ( 46.29541976154578720, 2.908533766271466980, -0.4492394956755222934 ) ) ;
#8101 = ORIENTED_EDGE ( 'NONE', *, *, #7432, .T. ) ;
#8102 = CARTESIAN_POINT ( 'NONE',  ( 31.60985403315105913, 3.419575991029048634, 0.3638939754815671557 ) ) ;
#8103 = FACE_OUTER_BOUND ( 'NONE', #7415, .T. ) ;
#8104 = CARTESIAN_POINT ( 'NONE',  ( 34.85492253796599016, 3.599171354286792024, 0.7933817115953623045 ) ) ;
#8105 = FACE_OUTER_BOUND ( 'NONE', #4606, .T. ) ;
#8106 = CIRCLE ( 'NONE', #7282, 8.699999999999995737 ) ;
#8107 = ORIENTED_EDGE ( 'NONE', *, *, #32, .F. ) ;
#8108 = CARTESIAN_POINT ( 'NONE',  ( 52.33259147561390279, 3.468635121323325077, 1.398448275862050005 ) ) ;
#8109 = ORIENTED_EDGE ( 'NONE', *, *, #1722, .T. ) ;
#8110 = CARTESIAN_POINT ( 'NONE',  ( 33.16521200046231144, 3.590978199306088303, 0.2386580203657336086 ) ) ;
#8111 = CARTESIAN_POINT ( 'NONE',  ( 41.98952190646642890, 3.253007779586882364, -0.1092139547822181256 ) ) ;
#8112 = CARTESIAN_POINT ( 'NONE',  ( 37.53445227326070466, 2.796058595703153404, 0.1375548959930874837 ) ) ;
#8113 = CARTESIAN_POINT ( 'NONE',  ( 51.70000000000000284, 3.981393742012995229, -0.4250000000000154765 ) ) ;
#8114 = DIRECTION ( 'NONE',  ( 2.783159565502900135E-15, 1.000000000000000000, 2.999999999999999839E-15 ) ) ;
#8115 = DIRECTION ( 'NONE',  ( -0.8200998161168339129, 0.000000000000000000, 0.5722204921226915486 ) ) ;
#8116 = EDGE_CURVE ( 'NONE', #5780, #4877, #6852, .T. ) ;
#8117 = EDGE_LOOP ( 'NONE', ( #2010, #8099, #2831, #5429 ) ) ;
#8118 = CARTESIAN_POINT ( 'NONE',  ( 41.36630558543578928, 3.356463188787443652, 0.05200168765795812331 ) ) ;
#8119 = DIRECTION ( 'NONE',  ( 1.000000000000000000, -2.999999999999999839E-15, -7.000000000000000150E-15 ) ) ;
#8120 = CARTESIAN_POINT ( 'NONE',  ( 25.27955325439379308, 2.588649715181664313, 3.696412451230546736 ) ) ;
#8121 = CARTESIAN_POINT ( 'NONE',  ( -11.50000000000000000, -0.05000000000000000278, -8.030407079339205455E-14 ) ) ;
#8122 = LINE ( 'NONE', #2992, #73 ) ;
#8123 = CARTESIAN_POINT ( 'NONE',  ( 32.12008119149810170, 3.644715995285864985, -0.7506727787040560207 ) ) ;
#8124 = CARTESIAN_POINT ( 'NONE',  ( 45.60981462212834003, 2.892882168761289563, 0.1631237060646176240 ) ) ;
#8125 = CARTESIAN_POINT ( 'NONE',  ( 33.16521200046231144, 2.921809284719995681, -0.2386580203655147003 ) ) ;
#8126 = LINE ( 'NONE', #2332, #3484 ) ;
#8127 = CARTESIAN_POINT ( 'NONE',  ( 35.03187846737706934, 3.590975299816099753, 0.2386553630812209559 ) ) ;
#8128 = DIRECTION ( 'NONE',  ( -2.999999999999999839E-15, -1.000000000000000000, -2.999999999999999839E-15 ) ) ;
#8129 = VECTOR ( 'NONE', #5717, 1000.000000000000000 ) ;
#8130 = ORIENTED_EDGE ( 'NONE', *, *, #4783, .F. ) ;
#8131 = ORIENTED_EDGE ( 'NONE', *, *, #750, .T. ) ;
#8132 = DIRECTION ( 'NONE',  ( 0.5490731106416398832, 0.1824421337414189881, 0.8156185303229639416 ) ) ;
#8133 = CARTESIAN_POINT ( 'NONE',  ( 31.60985403315104492, 3.093211492997044232, -0.3638939754813264593 ) ) ;
#8134 = ORIENTED_EDGE ( 'NONE', *, *, #5776, .T. ) ;
#8135 = CARTESIAN_POINT ( 'NONE',  ( 48.59999999999999432, 4.381393742013000470, 0.3750000000000074940 ) ) ;
#8136 = CIRCLE ( 'NONE', #5964, 9.750000000000000000 ) ;
#8137 = VERTEX_POINT ( 'NONE', #1751 ) ;
#8138 = ORIENTED_EDGE ( 'NONE', *, *, #5327, .T. ) ;
#8139 = CARTESIAN_POINT ( 'NONE',  ( 40.70957226364449610, 2.940795484734893606, -0.2870804379965601338 ) ) ;
#8140 = LINE ( 'NONE', #1808, #3903 ) ;
#8141 = CARTESIAN_POINT ( 'NONE',  ( 37.42158920465517014, 3.858207553593254069, -0.6202992567801987045 ) ) ;
#8142 = EDGE_CURVE ( 'NONE', #3458, #4358, #291, .T. ) ;
#8143 = FACE_OUTER_BOUND ( 'NONE', #8230, .T. ) ;
#8144 = ADVANCED_FACE ( 'NONE', ( #5539 ), #6041, .T. ) ;
#8145 = CARTESIAN_POINT ( 'NONE',  ( 31.24711288162478695, 3.053776531749345491, 0.1025035139318049709 ) ) ;
#8146 = ORIENTED_EDGE ( 'NONE', *, *, #1879, .T. ) ;
#8147 = CARTESIAN_POINT ( 'NONE',  ( 47.83960193043030529, 3.665942623312471227, 0.8160434152194977475 ) ) ;
#8148 = ORIENTED_EDGE ( 'NONE', *, *, #2334, .F. ) ;
#8149 = CARTESIAN_POINT ( 'NONE',  ( 52.10324405833589623, 2.972083397185405040, -1.530862068965539891 ) ) ;
#8150 = DIRECTION ( 'NONE',  ( 0.000000000000000000, 0.000000000000000000, 1.000000000000000000 ) ) ;
#8151 = CARTESIAN_POINT ( 'NONE',  ( 41.60560351131732659, 3.187336089715063991, -0.09352223811352944338 ) ) ;
#8152 = CARTESIAN_POINT ( 'NONE',  ( 42.47316836610634283, 3.143643062566349400, -0.8559233146468130382 ) ) ;
#8153 = B_SPLINE_CURVE_WITH_KNOTS ( 'NONE', 3,
 ( #5289, #6570, #3340, #5972, #143, #2718, #7886, #2092, #4643, #6696, #8051, #1084, #3636, #906, #5512, #4233, #8097, #1041 ),
 .UNSPECIFIED., .F., .F.,
 ( 4, 2, 2, 2, 2, 2, 2, 2, 4 ),
 ( 0.02102900256225530631, 0.02372079054736778159, 0.02641257853248025339, 0.03179615450270520394, 0.04256330644315510503, 0.06409761032405490722, 0.09748329868837665724, 0.1141761428705375392, 0.1308689870526984211 ),
 .UNSPECIFIED. ) ;
#8154 = CARTESIAN_POINT ( 'NONE',  ( 51.70000000000000284, 3.981393742012989900, 0.4249999999999844458 ) ) ;
#8155 = LINE ( 'NONE', #4976, #5830 ) ;
#8156 = DIRECTION ( 'NONE',  ( -1.000000000000000000, 2.999999999999999839E-15, 7.000000000000000150E-15 ) ) ;
#8157 = EDGE_LOOP ( 'NONE', ( #3528, #996, #4637, #7162 ) ) ;
#8158 = CARTESIAN_POINT ( 'NONE',  ( 31.50604042024368923, 3.484379420360824930, 0.01707636798386346841 ) ) ;
#8159 = AXIS2_PLACEMENT_3D ( 'NONE', #4879, #2442, #5010 ) ;
#8160 = CARTESIAN_POINT ( 'NONE',  ( 49.09999999999999432, 3.531393742012994608, 1.775000000000000133 ) ) ;
#8161 = CARTESIAN_POINT ( 'NONE',  ( 25.85026140738064626, 2.972792225956139678, 3.298203728658358980 ) ) ;
#8162 = CARTESIAN_POINT ( 'NONE',  ( 26.16164204132685711, 2.567982847549105774, 3.568684975021592098 ) ) ;
#8163 = DIRECTION ( 'NONE',  ( -7.000000000000000150E-15, 2.999999999999999839E-15, -1.000000000000000000 ) ) ;
#8164 = CARTESIAN_POINT ( 'NONE',  ( 31.60985403315105202, 3.093211492997044232, -0.3638939754813269034 ) ) ;
#8165 = CARTESIAN_POINT ( 'NONE',  ( 40.66630558544249396, 3.170055527750254232, 0.07255192938921398160 ) ) ;
#8166 = LINE ( 'NONE', #5544, #3766 ) ;
#8167 = DIRECTION ( 'NONE',  ( -0.4999999999999941158, -1.098076211353347069E-15, 0.8660254037844420383 ) ) ;
#8168 = AXIS2_PLACEMENT_3D ( 'NONE', #7645, #1970, #7036 ) ;
#8169 = FACE_OUTER_BOUND ( 'NONE', #5508, .T. ) ;
#8170 = CARTESIAN_POINT ( 'NONE',  ( 30.23054662516042512, 2.830785002918090765, 0.4991544489487648173 ) ) ;
#8171 = VECTOR ( 'NONE', #5886, 1000.000000000000000 ) ;
#8172 = VERTEX_POINT ( 'NONE', #3531 ) ;
#8173 = ORIENTED_EDGE ( 'NONE', *, *, #5333, .T. ) ;
#8174 = AXIS2_PLACEMENT_3D ( 'NONE', #6097, #1462, #768 ) ;
#8175 = CARTESIAN_POINT ( 'NONE',  ( 30.05026737366560141, 3.083579681930360472, 1.117083532598978524 ) ) ;
#8176 = EDGE_LOOP ( 'NONE', ( #897, #3667 ) ) ;
#8177 = DIRECTION ( 'NONE',  ( -1.734723475976807094E-17, -1.000000000000000000, 2.775557561562891043E-17 ) ) ;
#8178 = DIRECTION ( 'NONE',  ( -0.9945218953682737340, -0.1045284632676499736, 6.648067877774959793E-15 ) ) ;
#8179 = CARTESIAN_POINT ( 'NONE',  ( 48.70000000000000284, 3.981393742013000114, -0.3749999999999945599 ) ) ;
#8180 = COLOUR_RGB ( '',0.2509803921568627416, 0.2509803921568627416, 0.2509803921568627416 ) ;
#8181 = VECTOR ( 'NONE', #6107, 999.9999999999998863 ) ;
#8182 = DIRECTION ( 'NONE',  ( -0.8000000000000000444, 6.671532165918830636E-15, 0.5999999999999999778 ) ) ;
#8183 = ORIENTED_EDGE ( 'NONE', *, *, #7863, .T. ) ;
#8184 = EDGE_CURVE ( 'NONE', #4559, #393, #740, .T. ) ;
#8185 = ORIENTED_EDGE ( 'NONE', *, *, #3468, .F. ) ;
#8186 = DIRECTION ( 'NONE',  ( -1.000000000000000000, 2.666144858838235626E-32, -6.982962677686267499E-15 ) ) ;
#8187 = CARTESIAN_POINT ( 'NONE',  ( 25.12796934925516013, 1.795622339706687276, 4.289924859393001277 ) ) ;
#8188 = CARTESIAN_POINT ( 'NONE',  ( 31.43047247749945683, 3.153114352402063503, 0.8295338069309771134 ) ) ;
#8189 = CARTESIAN_POINT ( 'NONE',  ( 35.93983503185042139, 4.112317056319246156, -0.1127506779704363360 ) ) ;
#8190 = AXIS2_PLACEMENT_3D ( 'NONE', #1206, #7235, #1410 ) ;
#8191 = EDGE_CURVE ( 'NONE', #3783, #2583, #6173, .T. ) ;
#8192 = VECTOR ( 'NONE', #5761, 1000.000000000000227 ) ;
#8193 = DIRECTION ( 'NONE',  ( -7.000000000000000150E-15, 2.999999999999999839E-15, -1.000000000000000000 ) ) ;
#8194 = FACE_OUTER_BOUND ( 'NONE', #2755, .T. ) ;
#8195 = EDGE_CURVE ( 'NONE', #1760, #2800, #4168, .T. ) ;
#8196 = VERTEX_POINT ( 'NONE', #3446 ) ;
#8197 = CARTESIAN_POINT ( 'NONE',  ( 47.40497880506698181, 2.917119097591003740, 0.3673089542106199312 ) ) ;
#8198 = VECTOR ( 'NONE', #7690, 1000.000000000000000 ) ;
#8199 = ORIENTED_EDGE ( 'NONE', *, *, #7256, .F. ) ;
#8200 = LINE ( 'NONE', #1816, #4934 ) ;
#8201 = CARTESIAN_POINT ( 'NONE',  ( 42.92285523959142779, 3.365607696875468235, -0.003385962645874912320 ) ) ;
#8202 = CARTESIAN_POINT ( 'NONE',  ( 39.52158920466990821, 4.049775453584115503, -0.3427776123289192900 ) ) ;
#8203 = CARTESIAN_POINT ( 'NONE',  ( 33.60650169718920921, 3.781896154591186221, -0.6849559525475117372 ) ) ;
#8204 = DIRECTION ( 'NONE',  ( -0.000000000000000000, -1.000000000000000000, -0.000000000000000000 ) ) ;
#8205 = FACE_OUTER_BOUND ( 'NONE', #4899, .T. ) ;
#8206 = DIRECTION ( 'NONE',  ( -1.000000000000000000, 2.999999999999999839E-15, 7.000000000000000150E-15 ) ) ;
#8207 = ORIENTED_EDGE ( 'NONE', *, *, #1455, .T. ) ;
#8208 = CARTESIAN_POINT ( 'NONE',  ( 39.43687608280029622, 3.413224397455574710, 0.1767221212202653713 ) ) ;
#8209 = CIRCLE ( 'NONE', #7121, 9.799999999999998934 ) ;
#8210 = PLANE ( 'NONE',  #5860 ) ;
#8211 = CARTESIAN_POINT ( 'NONE',  ( 24.56989852456307233, 1.842542358373733258, 4.191570443905906274 ) ) ;
#8212 = CARTESIAN_POINT ( 'NONE',  ( 49.09999999999999432, 2.081393742013004644, -1.474999999999999867 ) ) ;
#8213 = CARTESIAN_POINT ( 'NONE',  ( 39.23187846737792484, 3.188563679235957959, -0.4053397139604518196 ) ) ;
#8214 = CARTESIAN_POINT ( 'NONE',  ( 37.49573618135426045, 3.429441819588373797, 0.1566059234073657602 ) ) ;
#8215 = DIRECTION ( 'NONE',  ( -0.8200998161168419065, 4.920598896701027601E-15, -0.5722204921226800023 ) ) ;
#8216 = CARTESIAN_POINT ( 'NONE',  ( 52.29999999999999716, 3.381393742012989811, 0.4499999999999784728 ) ) ;
#8217 = CARTESIAN_POINT ( 'NONE',  ( 35.18776994896078492, 3.514883482287408878, 0.3220658004636284821 ) ) ;
#8218 = CARTESIAN_POINT ( 'NONE',  ( 48.59999999999999432, 2.531393742012994608, 0.8249999999999999556 ) ) ;
#8219 = ORIENTED_EDGE ( 'NONE', *, *, #7155, .F. ) ;
#8220 = CARTESIAN_POINT ( 'NONE',  ( 29.52572719006994362, 3.224776872755068080, 0.8337665703340376711 ) ) ;
#8221 = CARTESIAN_POINT ( 'NONE',  ( 25.15555088711523979, 1.913232691154190590, 4.270679981077810439 ) ) ;
#8222 = CARTESIAN_POINT ( 'NONE',  ( 30.47901347460283716, 3.038783034530172955, 0.7339178784681236190 ) ) ;
#8223 = ORIENTED_EDGE ( 'NONE', *, *, #1174, .T. ) ;
#8224 = DIRECTION ( 'NONE',  ( 7.000000000000000150E-15, -2.999999999999999839E-15, 1.000000000000000000 ) ) ;
#8225 = FACE_OUTER_BOUND ( 'NONE', #5298, .T. ) ;
#8226 = CARTESIAN_POINT ( 'NONE',  ( 41.42325718064625306, 3.755146419932274604, -0.007962229535603999875 ) ) ;
#8227 = LINE ( 'NONE', #3053, #1386 ) ;
#8228 = EDGE_CURVE ( 'NONE', #1355, #1630, #208, .T. ) ;
#8229 = EDGE_LOOP ( 'NONE', ( #5941, #8131, #2540, #458 ) ) ;
#8230 = EDGE_LOOP ( 'NONE', ( #7601, #1961, #2721, #7482 ) ) ;
#8231 = DIRECTION ( 'NONE',  ( -0.7071067811865431318, 0.000000000000000000, 0.7071067811865520136 ) ) ;
#8232 = CARTESIAN_POINT ( 'NONE',  ( 41.45283894185715212, 3.645370221794618448, -0.7508697078731282337 ) ) ;
#8233 = CARTESIAN_POINT ( 'NONE',  ( 35.07423502827906248, 2.662062317468432582, -0.5569308911899921721 ) ) ;
#8234 = DIRECTION ( 'NONE',  ( 2.999999999999999839E-15, 1.000000000000000000, 2.999999999999999839E-15 ) ) ;
#8235 =( NAMED_UNIT ( * ) SI_UNIT ( $, .STERADIAN. ) SOLID_ANGLE_UNIT ( ) );
#8236 = EDGE_LOOP ( 'NONE', ( #5016, #618, #6148, #5075 ) ) ;
#8237 = CARTESIAN_POINT ( 'NONE',  ( 45.60981462212834003, 3.619905315264720258, -0.1631237060645729653 ) ) ;
#8238 = ORIENTED_EDGE ( 'NONE', *, *, #5178, .F. ) ;
#8239 = CARTESIAN_POINT ( 'NONE',  ( 48.70000000000000284, 2.531393742012999937, 0.1249999999999980016 ) ) ;
#8240 = SHAPE_REPRESENTATION_RELATIONSHIP ( 'NONE' , 'NONE' ,  #6271, #1332 ) ;
#8241 = CARTESIAN_POINT ( 'NONE',  ( 33.74905385955251091, 3.148500632022375623, -0.02880559401918920265 ) ) ;
#8242 = CARTESIAN_POINT ( 'NONE',  ( 37.75443661562896125, 3.057763481858819965, 0.3620626263887415930 ) ) ;
#8243 = CARTESIAN_POINT ( 'NONE',  ( 33.92158918249545252, 4.049775465986407141, -0.3427775782335514831 ) ) ;
#8244 = CARTESIAN_POINT ( 'NONE',  ( 25.48750226215571857, 2.273686715467833963, 3.551317084520908107 ) ) ;
#8245 = DIRECTION ( 'NONE',  ( 0.000000000000000000, 0.000000000000000000, 1.000000000000000000 ) ) ;
#8246 = ORIENTED_EDGE ( 'NONE', *, *, #4939, .F. ) ;
#8247 = CARTESIAN_POINT ( 'NONE',  ( 45.31247721114773697, 2.799173001365673041, -0.1061731512362247137 ) ) ;
#8248 = DIRECTION ( 'NONE',  ( -2.999999999999999839E-15, -1.000000000000000000, -2.999999999999999839E-15 ) ) ;
#8249 = DIRECTION ( 'NONE',  ( -0.000000000000000000, -1.000000000000000000, -0.000000000000000000 ) ) ;
#8250 = LINE ( 'NONE', #552, #3559 ) ;
#8251 = CARTESIAN_POINT ( 'NONE',  ( 44.26236801145248734, 3.045439206890656170, 0.09999758216553786272 ) ) ;
#8252 = EDGE_CURVE ( 'NONE', #67, #5259, #3402, .T. ) ;
#8253 = CARTESIAN_POINT ( 'NONE',  ( 32.05209292088721895, 3.127931841648864619, -0.2046941163483828041 ) ) ;
#8254 = CARTESIAN_POINT ( 'NONE',  ( 31.23740271875277585, 3.616396209625593272, 0.2749584008940114677 ) ) ;
#8255 = DIRECTION ( 'NONE',  ( 0.000000000000000000, -1.000000000000000000, -2.891205793294679411E-15 ) ) ;
#8256 = CARTESIAN_POINT ( 'NONE',  ( 46.95467563190861426, 3.061767756866792034, -0.6344670598684158946 ) ) ;
#8257 = EDGE_CURVE ( 'NONE', #1201, #7693, #4891, .T. ) ;
#8258 = DIRECTION ( 'NONE',  ( -1.000000000000000000, 2.999999999999999839E-15, 7.000000000000000150E-15 ) ) ;
#8259 = CARTESIAN_POINT ( 'NONE',  ( 29.26596775313395327, 3.063726198661242961, 1.158784682787478815 ) ) ;
#8260 = CARTESIAN_POINT ( 'NONE',  ( 29.46525526258374228, 3.284862059637096099, -0.8813730859758099889 ) ) ;
#8261 = CARTESIAN_POINT ( 'NONE',  ( 30.23054662516042512, 2.830785002918090765, 0.4991544489487648173 ) ) ;
#8262 = ORIENTED_EDGE ( 'NONE', *, *, #583, .T. ) ;
#8263 = FACE_OUTER_BOUND ( 'NONE', #990, .T. ) ;
#8264 = DIRECTION ( 'NONE',  ( -1.000000000000000000, 2.999999999999999839E-15, 7.000000000000000150E-15 ) ) ;
#8265 = CARTESIAN_POINT ( 'NONE',  ( 44.69041990466725878, 3.590681190160519787, -0.3738285337734854608 ) ) ;
#8266 = CARTESIAN_POINT ( 'NONE',  ( 42.49854513404306999, 3.590975299791984376, 0.2386553630612588683 ) ) ;
#8267 = B_SPLINE_CURVE_WITH_KNOTS ( 'NONE', 3,
 ( #5339, #7330, #1556, #4105, #6700, #3465, #5423, #3057, #2219, #6279, #440, #2881, #2265, #4323, #1638, #5559, #488, #7520, #3677, #4191, #8139, #3007, #4146, #5648, #2346, #1727, #3554, #4777, #4961, #1044, #7382, #1605, #5604, #5467, #6784, #6909, #7560, #6741, #1678, #3598, #4821, #5516, #4912, #954, #1126, #1767, #3503, #997, #6101, #7425, #6149, #2926, #4282, #361, #4866, #6869, #311, #8102 ),
 .UNSPECIFIED., .F., .F.,
 ( 4, 2, 2, 2, 2, 2, 2, 2, 2, 2, 2, 2, 2, 2, 2, 2, 2, 2, 2, 2, 2, 2, 2, 2, 2, 2, 2, 2, 4 ),
 ( 0.1308689870526984211, 0.1419233613375222303, 0.1750864841920457826, 0.1971952327616690592, 0.2193039813312923081, 0.2414127299009406202, 0.2635214784705889324, 0.2856302270402372723, 0.3077389756098856122, 0.3409020984643585939, 0.3740652213188316866, 0.3961739698884907401, 0.4182827184581499047, 0.4403914670277873089, 0.4625002155974248241, 0.4956633384518976948, 0.5177720870215459792, 0.5398808355911944856, 0.5730439584462085900, 0.5951527070155860910, 0.6172614555849635920, 0.6393702041546120984, 0.6614789527242606049, 0.6835877012939084452, 0.7056964498635562855, 0.7278051984332052360, 0.7499139470028541865, 0.7830770698573270572, 0.7941314441421509773 ),
 .UNSPECIFIED. ) ;
#8268 = VECTOR ( 'NONE', #2707, 1000.000000000000227 ) ;
#8269 = ORIENTED_EDGE ( 'NONE', *, *, #3311, .T. ) ;
#8270 = EDGE_LOOP ( 'NONE', ( #7597, #7327, #5481, #6361 ) ) ;
#8271 = CARTESIAN_POINT ( 'NONE',  ( 26.00179323022355504, 1.577156155566248996, -4.805509957458472314 ) ) ;
#8272 = CARTESIAN_POINT ( 'NONE',  ( 48.12767433960583219, 2.856393742012992121, 0.8250000000000085043 ) ) ;
#8273 = VECTOR ( 'NONE', #8114, 1000.000000000000000 ) ;
#8274 = CARTESIAN_POINT ( 'NONE',  ( 31.65018054380155732, 3.479478850434027493, 0.7573217578938703509 ) ) ;
#8275 = CARTESIAN_POINT ( 'NONE',  ( 40.35981937420794452, 4.048617663596581373, 0.1978032340103250963 ) ) ;
#8276 = LINE ( 'NONE', #4407, #2113 ) ;
#8277 = CARTESIAN_POINT ( 'NONE',  ( 30.74098916560602390, 2.791280703485041315, 0.02601479899503895271 ) ) ;
#8278 = VERTEX_POINT ( 'NONE', #7498 ) ;
#8279 = CARTESIAN_POINT ( 'NONE',  ( 47.81117365604550429, 2.866831816614812567, 0.4152066880540341010 ) ) ;
#8280 = VERTEX_POINT ( 'NONE', #1536 ) ;
#8281 = PLANE ( 'NONE',  #6561 ) ;
#8282 = CARTESIAN_POINT ( 'NONE',  ( 35.14905385702147811, 3.353054323468413589, -0.05592331432056579094 ) ) ;
#8283 = CARTESIAN_POINT ( 'NONE',  ( 39.23187846737792484, 3.188563679235957959, -0.4053397139604518196 ) ) ;
#8284 = CARTESIAN_POINT ( 'NONE',  ( 35.00650169853575022, 3.369144420012242680, 0.8559233143207378713 ) ) ;
#8285 = CARTESIAN_POINT ( 'NONE',  ( 25.12796934925655634, 1.527156155566259610, 4.289924859392302281 ) ) ;
#8286 = LINE ( 'NONE', #2486, #8273 ) ;
#8287 = EDGE_LOOP ( 'NONE', ( #4145, #952, #6734, #5602 ) ) ;
#8288 = CARTESIAN_POINT ( 'NONE',  ( 33.83687610132847112, 3.099563123249007734, -0.1767221149956177129 ) ) ;
#8289 = CARTESIAN_POINT ( 'NONE',  ( 24.90506675399730696, 1.727156155566248685, -3.957708509760041515 ) ) ;
#8290 = ORIENTED_EDGE ( 'NONE', *, *, #8032, .T. ) ;
#8291 = CARTESIAN_POINT ( 'NONE',  ( 25.26519277203973246, 1.905235870998241543, 3.706432405045755996 ) ) ;
#8292 = CARTESIAN_POINT ( 'NONE',  ( 49.09999999999999432, 4.831393742012989989, 1.824999999999999956 ) ) ;
#8293 = CARTESIAN_POINT ( 'NONE',  ( 39.34905385703837055, 3.148500634596416159, -0.02880559786461839300 ) ) ;
#8294 = CARTESIAN_POINT ( 'NONE',  ( 41.38545120594528726, 3.384841445553639083, 0.2046701919999067698 ) ) ;
#8295 = CARTESIAN_POINT ( 'NONE',  ( 30.47901347460282651, 3.474004449495928348, -0.7339178784678671574 ) ) ;
#8296 = ADVANCED_FACE ( 'NONE', ( #4080 ), #931, .T. ) ;
#8297 = FACE_OUTER_BOUND ( 'NONE', #1940, .T. ) ;
#8298 = CARTESIAN_POINT ( 'NONE',  ( 47.33759061801463019, 2.757296751139127977, -0.3294880165983374853 ) ) ;
#8299 = AXIS2_PLACEMENT_3D ( 'NONE', #5669, #8249, #1231 ) ;
#8300 = CARTESIAN_POINT ( 'NONE',  ( 51.29999999999999716, 3.981393742012995229, -1.125000000000011768 ) ) ;
#8301 = ADVANCED_FACE ( 'NONE', ( #6764 ), #979, .F. ) ;
#8302 = ORIENTED_EDGE ( 'NONE', *, *, #1455, .F. ) ;
#8303 = CARTESIAN_POINT ( 'NONE',  ( 49.09999999999999432, 1.931393742012995185, 1.824999999999999956 ) ) ;
#8304 = CARTESIAN_POINT ( 'NONE',  ( 49.29999999999999716, 3.981393742013000114, -0.1749999999999999889 ) ) ;
#8305 = CARTESIAN_POINT ( 'NONE',  ( 31.07490818079990191, 3.388532536437959486, -0.03303112816443962152 ) ) ;
#8306 = ORIENTED_EDGE ( 'NONE', *, *, #6341, .F. ) ;
#8307 = DIRECTION ( 'NONE',  ( -1.000000000000000000, 2.999999999999999839E-15, 7.000000000000000150E-15 ) ) ;
#8308 = AXIS2_PLACEMENT_3D ( 'NONE', #5060, #2989, #4889 ) ;
#8309 = ADVANCED_FACE ( 'NONE', ( #7450 ), #4522, .T. ) ;
#8310 = CARTESIAN_POINT ( 'NONE',  ( 24.83173690208283801, 1.727156155566248685, -4.035306361658792085 ) ) ;
#8311 = CARTESIAN_POINT ( 'NONE',  ( 37.06778560659729038, 3.484633845850336531, -0.4227721033390055005 ) ) ;
#8312 = VECTOR ( 'NONE', #2649, 999.9999999999998863 ) ;
#8313 = ORIENTED_EDGE ( 'NONE', *, *, #7417, .T. ) ;
#8314 = DIRECTION ( 'NONE',  ( -2.666144858838235626E-32, -1.000000000000000000, -1.861759004257252044E-46 ) ) ;
#8315 = CARTESIAN_POINT ( 'NONE',  ( 47.40497880506698181, 2.917119097591003740, 0.3673089542106199312 ) ) ;
#8316 = ORIENTED_EDGE ( 'NONE', *, *, #5178, .T. ) ;
#8317 = CARTESIAN_POINT ( 'NONE',  ( 39.27423502830149005, 3.282839912802503424, 0.8140653903529532220 ) ) ;
#8318 = VECTOR ( 'NONE', #920, 1000.000000000000000 ) ;
#8319 = EDGE_CURVE ( 'NONE', #547, #2398, #4460, .T. ) ;
#8320 = LINE ( 'NONE', #4563, #6002 ) ;
#8321 = CARTESIAN_POINT ( 'NONE',  ( 25.12796934925541237, 2.195972545156074318, -4.289924859395759071 ) ) ;
#8322 = CARTESIAN_POINT ( 'NONE',  ( 30.10898509200915640, 3.170596135301556817, 0.3266593461214435390 ) ) ;
#8323 = ORIENTED_EDGE ( 'NONE', *, *, #6233, .F. ) ;
#8324 = CARTESIAN_POINT ( 'NONE',  ( 48.13069388832349915, 3.656393742012992831, 0.8250000000000085043 ) ) ;
#8325 = ORIENTED_EDGE ( 'NONE', *, *, #6056, .T. ) ;
#8326 = CYLINDRICAL_SURFACE ( 'NONE', #3716, 0.2999999999999999334 ) ;
#8327 = CARTESIAN_POINT ( 'NONE',  ( 37.49573618135426045, 3.429441819588373797, 0.1566059234073657602 ) ) ;
#8328 = CARTESIAN_POINT ( 'NONE',  ( 48.50000000000000000, 4.831393742012989989, 1.824999999999999956 ) ) ;
#8329 = CARTESIAN_POINT ( 'NONE',  ( 24.62808755827379059, 2.152731836434637280, 4.150969340416115649 ) ) ;
#8330 = EDGE_CURVE ( 'NONE', #608, #547, #1002, .T. ) ;
#8331 = VECTOR ( 'NONE', #640, 1000.000000000000000 ) ;
#8332 = VERTEX_POINT ( 'NONE', #5019 ) ;
#8333 = CARTESIAN_POINT ( 'NONE',  ( 35.70354274944339323, 3.413224397496924301, 0.1767221212222351567 ) ) ;
#8334 = EDGE_CURVE ( 'NONE', #2426, #3597, #3271, .T. ) ;
#8335 = PLANE ( 'NONE',  #6418 ) ;
#8336 = CARTESIAN_POINT ( 'NONE',  ( 25.17552836200584210, 2.028983853716442631, 4.256740799178070134 ) ) ;
#8337 = CARTESIAN_POINT ( 'NONE',  ( 35.49854513404105205, 3.324223804794101511, 0.4053397139653678316 ) ) ;
#8338 = CARTESIAN_POINT ( 'NONE',  ( 43.63687606550656284, 3.242328267189424906, 0.2358574301421353658 ) ) ;
#8339 = CARTESIAN_POINT ( 'NONE',  ( 44.26236801145248734, 3.467348277135362977, -0.09999758216547433021 ) ) ;
#8340 = CARTESIAN_POINT ( 'NONE',  ( 30.23054662516042157, 3.682002481108011427, -0.4991544489485048031 ) ) ;
#8341 = CARTESIAN_POINT ( 'NONE',  ( 47.09822114248950697, 3.121926889599359711, -0.6952198481793862017 ) ) ;
#8342 = CARTESIAN_POINT ( 'NONE',  ( 46.03688619525531323, 2.484766996120965299, 0.03754813616645685109 ) ) ;
#8343 = EDGE_CURVE ( 'NONE', #3762, #2511, #2109, .T. ) ;
#8344 = DIRECTION ( 'NONE',  ( -1.000000000000000000, 2.999999999999999839E-15, 7.000000000000000150E-15 ) ) ;
#8345 = ORIENTED_EDGE ( 'NONE', *, *, #5849, .T. ) ;
#8346 = EDGE_CURVE ( 'NONE', #812, #5565, #2574, .T. ) ;
#8347 = CARTESIAN_POINT ( 'NONE',  ( 29.46525526258375649, 3.227925424389010534, 0.8813730859760806613 ) ) ;
#8348 = CARTESIAN_POINT ( 'NONE',  ( 30.60337909521204836, 3.380591431054737139, 0.1318350951042167596 ) ) ;
#8349 = VERTEX_POINT ( 'NONE', #3236 ) ;
#8350 = CARTESIAN_POINT ( 'NONE',  ( 49.09999999999999432, 4.531393742013010595, -2.125000000000000000 ) ) ;
#8351 = CARTESIAN_POINT ( 'NONE',  ( 24.86172063139153110, 1.727156150747104268, -3.987953047219537250 ) ) ;
#8352 = CARTESIAN_POINT ( 'NONE',  ( 43.67923260807278751, 2.861733471593904010, -0.2772413507654816200 ) ) ;
#8353 = EDGE_CURVE ( 'NONE', #4575, #3763, #5948, .T. ) ;
#8354 = ORIENTED_EDGE ( 'NONE', *, *, #4801, .T. ) ;
#8355 = ORIENTED_EDGE ( 'NONE', *, *, #4361, .T. ) ;
#8356 = CARTESIAN_POINT ( 'NONE',  ( 48.50000000000000000, 4.439128768931954738, -0.3749999999999915068 ) ) ;
#8357 = CARTESIAN_POINT ( 'NONE',  ( 48.16494492839986208, 3.256393742012991588, 0.4250000000000077049 ) ) ;
#8358 = CARTESIAN_POINT ( 'NONE',  ( 33.82648604287435035, 3.454196975310459994, -0.7922239258417266283 ) ) ;
#8359 = DIRECTION ( 'NONE',  ( 7.000000000000000150E-15, -2.999999999999999839E-15, 1.000000000000000000 ) ) ;
#8360 = DIRECTION ( 'NONE',  ( 7.000000000000000150E-15, -2.999999999999999839E-15, 1.000000000000000000 ) ) ;
#8361 = EDGE_CURVE ( 'NONE', #11, #8332, #5791, .T. ) ;
#8362 = CARTESIAN_POINT ( 'NONE',  ( 30.04444310749392599, 3.412226053905889067, 0.8437783783641358282 ) ) ;
#8363 = EDGE_LOOP ( 'NONE', ( #225, #1980, #6235, #2561 ) ) ;
#8364 = CARTESIAN_POINT ( 'NONE',  ( 47.08617783738731077, 3.828996506879138284, 0.6565995652822318451 ) ) ;
#8365 = VERTEX_POINT ( 'NONE', #5869 ) ;
#8366 = LINE ( 'NONE', #7777, #6973 ) ;
#8367 = CARTESIAN_POINT ( 'NONE',  ( 33.37020974092650505, 3.492250664482198896, 0.01406576274292376839 ) ) ;
#8368 = LINE ( 'NONE', #7743, #6813 ) ;
#8369 = CARTESIAN_POINT ( 'NONE',  ( 24.57115779279680368, 1.516493618443335523, 4.190691795875304493 ) ) ;
#8370 = DIRECTION ( 'NONE',  ( -0.8200998161168419065, 4.920598896701027601E-15, -0.5722204921226801133 ) ) ;
#8371 = ORIENTED_EDGE ( 'NONE', *, *, #7183, .T. ) ;
#8372 = CARTESIAN_POINT ( 'NONE',  ( 45.27625541073417281, 2.421372998254485154, 0.1176367853439360261 ) ) ;
#8373 = AXIS2_PLACEMENT_3D ( 'NONE', #7515, #992, #1720 ) ;
#8374 = NEXT_ASSEMBLY_USAGE_OCCURRENCE ( 'NAUO1', ' ', ' ', #6377, #1264, $ ) ;
#8375 = NEXT_ASSEMBLY_USAGE_OCCURRENCE ( 'NAUO2', ' ', ' ', #6377, #1373, $ ) ;
ENDSEC;
END-ISO-10303-21;
