ISO-10303-21;
HEADER;
FILE_DESCRIPTION (( 'STEP AP214' ),
    '1' );
FILE_NAME ('AS03208AS-HT.STEP',
    '2024-10-21T16:35:51',
    ( 'LENOVO' ),
    ( '' ),
    'SwSTEP 2.0',
    'SolidWorks 2021',
    '' );
FILE_SCHEMA (( 'AUTOMOTIVE_DESIGN' ));
ENDSEC;

DATA;
#1 = VERTEX_POINT ( 'NONE', #4336 ) ;
#2 = VECTOR ( 'NONE', #2368, 1000.000000000000000 ) ;
#3 = DIRECTION ( 'NONE',  ( 0.000000000000000000, 0.000000000000000000, -1.000000000000000000 ) ) ;
#4 = LINE ( 'NONE', #3778, #3050 ) ;
#5 = ORIENTED_EDGE ( 'NONE', *, *, #6442, .F. ) ;
#6 = DIRECTION ( 'NONE',  ( 0.000000000000000000, -1.000000000000000000, 0.000000000000000000 ) ) ;
#7 = ORIENTED_EDGE ( 'NONE', *, *, #6094, .T. ) ;
#8 = CARTESIAN_POINT ( 'NONE',  ( -124.2999822999999964, 14.04996829999999974, 36.27002670000000251 ) ) ;
#9 = CARTESIAN_POINT ( 'NONE',  ( -104.2479626577208904, 7.814867693044721619, 42.21447352016821952 ) ) ;
#10 = EDGE_CURVE ( 'NONE', #169, #8258, #1373, .T. ) ;
#11 = CARTESIAN_POINT ( 'NONE',  ( -101.1891841795999909, 2.965375221439999986, 41.77001269999999522 ) ) ;
#12 = DIRECTION ( 'NONE',  ( 0.000000000000000000, 0.000000000000000000, -1.000000000000000000 ) ) ;
#13 = DIRECTION ( 'NONE',  ( 0.000000000000000000, 0.000000000000000000, 1.000000000000000000 ) ) ;
#14 = CARTESIAN_POINT ( 'NONE',  ( -101.8017253789000023, 6.968508313555999756, 40.16649898658999973 ) ) ;
#15 = VERTEX_POINT ( 'NONE', #853 ) ;
#16 = FACE_OUTER_BOUND ( 'NONE', #7185, .T. ) ;
#17 = VECTOR ( 'NONE', #6, 1000.000000000000000 ) ;
#18 = AXIS2_PLACEMENT_3D ( 'NONE', #3261, #7543, #3991 ) ;
#19 = ORIENTED_EDGE ( 'NONE', *, *, #8663, .F. ) ;
#20 = ORIENTED_EDGE ( 'NONE', *, *, #7236, .T. ) ;
#21 = VECTOR ( 'NONE', #3583, 1000.000000000000000 ) ;
#22 = LINE ( 'NONE', #497, #92 ) ;
#23 = ORIENTED_EDGE ( 'NONE', *, *, #216, .F. ) ;
#24 = EDGE_CURVE ( 'NONE', #8308, #8931, #7641, .T. ) ;
#25 = EDGE_LOOP ( 'NONE', ( #251, #6547 ) ) ;
#26 = CARTESIAN_POINT ( 'NONE',  ( -99.00003170000000807, 7.649982299997000190, 34.77002669999999540 ) ) ;
#27 = DIRECTION ( 'NONE',  ( 0.000000000000000000, 0.000000000000000000, 1.000000000000000000 ) ) ;
#28 = PRODUCT_DEFINITION_FORMATION_WITH_SPECIFIED_SOURCE ( 'ANY', '', #4102, .NOT_KNOWN. ) ;
#29 = EDGE_CURVE ( 'NONE', #7416, #8215, #7659, .T. ) ;
#30 = EDGE_CURVE ( 'NONE', #4769, #3521, #4472, .T. ) ;
#31 = DIRECTION ( 'NONE',  ( 1.000000000000000000, 0.000000000000000000, 0.000000000000000000 ) ) ;
#32 = ORIENTED_EDGE ( 'NONE', *, *, #235, .T. ) ;
#33 = ADVANCED_FACE ( 'NONE', ( #7613 ), #1360, .T. ) ;
#34 = DIRECTION ( 'NONE',  ( -1.000000000000000000, 0.000000000000000000, 0.000000000000000000 ) ) ;
#35 = DIRECTION ( 'NONE',  ( 1.000000000000000000, 0.000000000000000000, 0.000000000000000000 ) ) ;
#36 = CARTESIAN_POINT ( 'NONE',  ( -125.3948557619999917, -11.61819424874000006, 39.86605802304000434 ) ) ;
#37 = ORIENTED_EDGE ( 'NONE', *, *, #891, .F. ) ;
#38 = VERTEX_POINT ( 'NONE', #2200 ) ;
#39 = ORIENTED_EDGE ( 'NONE', *, *, #5976, .T. ) ;
#40 = CARTESIAN_POINT ( 'NONE',  ( -104.4053897113000033, 8.582967228600999476, 38.42001940000000104 ) ) ;
#41 = LINE ( 'NONE', #4342, #6320 ) ;
#42 = CARTESIAN_POINT ( 'NONE',  ( -100.9056885246999968, -4.921855793355000230, 38.42001940000000104 ) ) ;
#43 = LINE ( 'NONE', #863, #6382 ) ;
#44 = ORIENTED_EDGE ( 'NONE', *, *, #6704, .F. ) ;
#45 = VERTEX_POINT ( 'NONE', #2404 ) ;
#46 = AXIS2_PLACEMENT_3D ( 'NONE', #7415, #7243, #5153 ) ;
#47 = DIRECTION ( 'NONE',  ( 0.000000000000000000, 0.000000000000000000, 1.000000000000000000 ) ) ;
#48 = DIRECTION ( 'NONE',  ( -1.000000000000000000, 0.000000000000000000, 0.000000000000000000 ) ) ;
#49 = CARTESIAN_POINT ( 'NONE',  ( -114.3499999999999943, -1.199999999996999911, 41.77001269999999522 ) ) ;
#50 = EDGE_LOOP ( 'NONE', ( #7209, #2329, #6352, #6048 ) ) ;
#51 = CARTESIAN_POINT ( 'NONE',  ( -114.3499999999999943, -14.61201238005000036, 33.27002970000000204 ) ) ;
#52 = DIRECTION ( 'NONE',  ( 0.000000000000000000, 0.9882969313296747771, -0.1525423728815969160 ) ) ;
#53 = EDGE_CURVE ( 'NONE', #2205, #3503, #1442, .T. ) ;
#54 = LINE ( 'NONE', #2086, #17 ) ;
#55 = DIRECTION ( 'NONE',  ( 1.000000000000000000, 0.000000000000000000, 0.000000000000000000 ) ) ;
#56 = VERTEX_POINT ( 'NONE', #8753 ) ;
#57 = EDGE_LOOP ( 'NONE', ( #5493, #2299 ) ) ;
#58 = CIRCLE ( 'NONE', #857, 12.89997820000000672 ) ;
#59 = AXIS2_PLACEMENT_3D ( 'NONE', #7536, #7479, #8994 ) ;
#60 = FACE_OUTER_BOUND ( 'NONE', #1137, .T. ) ;
#61 = PRODUCT_DEFINITION_SHAPE ( 'NONE', 'NONE',  #1136 ) ;
#62 = ORIENTED_EDGE ( 'NONE', *, *, #1096, .T. ) ;
#63 = CARTESIAN_POINT ( 'NONE',  ( -114.3499999999999943, -1.199999999996999911, 42.27001269999999522 ) ) ;
#64 = CARTESIAN_POINT ( 'NONE',  ( -106.5395172400000092, 10.23757368352999997, 41.17001390000000072 ) ) ;
#65 = AXIS2_PLACEMENT_3D ( 'NONE', #3709, #4016, #2556 ) ;
#66 = EDGE_LOOP ( 'NONE', ( #1449, #8278, #8678, #5443, #7239, #1470, #4106 ) ) ;
#67 = CARTESIAN_POINT ( 'NONE',  ( -125.1235008016328436, -11.46152738933086113, 40.30070998202666033 ) ) ;
#68 = EDGE_CURVE ( 'NONE', #631, #381, #4384, .T. ) ;
#69 = ORIENTED_EDGE ( 'NONE', *, *, #4351, .T. ) ;
#70 = CARTESIAN_POINT ( 'NONE',  ( -104.1192091190999918, 8.748193670508999986, 41.17001390000000072 ) ) ;
#71 = VECTOR ( 'NONE', #2954, 1000.000000000000000 ) ;
#72 = ORIENTED_EDGE ( 'NONE', *, *, #8809, .T. ) ;
#73 = VECTOR ( 'NONE', #830, 1000.000000000000000 ) ;
#74 = CARTESIAN_POINT ( 'NONE',  ( -114.3499999999999943, -1.199999999999999956, 38.42001940000000104 ) ) ;
#75 = ORIENTED_EDGE ( 'NONE', *, *, #2707, .F. ) ;
#76 = DIRECTION ( 'NONE',  ( -3.778240591438921947E-08, -1.374888794052972240E-07, 0.9999999999999898970 ) ) ;
#77 = CARTESIAN_POINT ( 'NONE',  ( -114.3499999999999943, -1.199999999999999956, 38.35301953399999775 ) ) ;
#78 = AXIS2_PLACEMENT_3D ( 'NONE', #8872, #4549, #429 ) ;
#79 = ORIENTED_EDGE ( 'NONE', *, *, #3276, .T. ) ;
#80 = CARTESIAN_POINT ( 'NONE',  ( -114.3499999999999943, -1.199999999999999956, 43.77000869999999821 ) ) ;
#81 = DIRECTION ( 'NONE',  ( 0.000000000000000000, 1.000000000000000000, 1.493249968120999945E-14 ) ) ;
#82 = AXIS2_PLACEMENT_3D ( 'NONE', #2254, #6600, #2183 ) ;
#83 = CARTESIAN_POINT ( 'NONE',  ( -106.6398761140000033, 7.947585131454999896, 42.57001110000000210 ) ) ;
#84 = CARTESIAN_POINT ( 'NONE',  ( -102.2512933473000061, 6.364081625086000393, 41.81481090327000061 ) ) ;
#85 = DIRECTION ( 'NONE',  ( -1.000000000000000000, 0.000000000000000000, 0.000000000000000000 ) ) ;
#86 = DIRECTION ( 'NONE',  ( 0.000000000000000000, -1.000000000000000000, 0.000000000000000000 ) ) ;
#87 = ORIENTED_EDGE ( 'NONE', *, *, #8045, .T. ) ;
#88 = VECTOR ( 'NONE', #4991, 1000.000000000000114 ) ;
#89 = ORIENTED_EDGE ( 'NONE', *, *, #4569, .T. ) ;
#90 = ORIENTED_EDGE ( 'NONE', *, *, #2149, .F. ) ;
#91 = FACE_OUTER_BOUND ( 'NONE', #3814, .T. ) ;
#92 = VECTOR ( 'NONE', #7782, 1000.000000000000000 ) ;
#93 = EDGE_CURVE ( 'NONE', #8909, #3575, #4577, .T. ) ;
#94 = VERTEX_POINT ( 'NONE', #6057 ) ;
#95 = CARTESIAN_POINT ( 'NONE',  ( -102.3713390292000156, 6.555241248058999659, 41.17001390000000072 ) ) ;
#96 = AXIS2_PLACEMENT_3D ( 'NONE', #103, #828, #9325 ) ;
#97 = PRODUCT_CONTEXT ( 'NONE', #6594, 'mechanical' ) ;
#98 = CARTESIAN_POINT ( 'NONE',  ( -118.3265874585000006, -12.36664405319999993, 41.57001309999999705 ) ) ;
#99 = VERTEX_POINT ( 'NONE', #3214 ) ;
#100 = DIRECTION ( 'NONE',  ( 0.9999972194816062476, 0.002358183422946022196, 0.000000000000000000 ) ) ;
#101 = LINE ( 'NONE', #4927, #9278 ) ;
#102 = ORIENTED_EDGE ( 'NONE', *, *, #3741, .F. ) ;
#103 = CARTESIAN_POINT ( 'NONE',  ( -114.3499999999999943, -1.199999999999999956, 34.77002669999999540 ) ) ;
#104 = DIRECTION ( 'NONE',  ( 8.923558786431999416E-14, -1.357182661522000089E-12, 1.000000000000000000 ) ) ;
#105 = CARTESIAN_POINT ( 'NONE',  ( -104.2526031785999976, -11.13084180102999987, 34.77002669999999540 ) ) ;
#106 = LINE ( 'NONE', #5908, #3225 ) ;
#107 = DIRECTION ( 'NONE',  ( -0.6550855807423069388, -0.7555546849193078840, 0.000000000000000000 ) ) ;
#108 = ADVANCED_FACE ( 'NONE', ( #7716 ), #4567, .T. ) ;
#109 = ORIENTED_EDGE ( 'NONE', *, *, #2885, .F. ) ;
#110 = CARTESIAN_POINT ( 'NONE',  ( -102.1398851139999948, 0.6533710858525000331, 41.11078210476999573 ) ) ;
#111 = CARTESIAN_POINT ( 'NONE',  ( -125.3897135738999964, 6.395007568541000609, 44.27001270000000233 ) ) ;
#112 = DIRECTION ( 'NONE',  ( 0.000000000000000000, 0.000000000000000000, 1.000000000000000000 ) ) ;
#113 = EDGE_LOOP ( 'NONE', ( #6090, #8218, #6485, #5065 ) ) ;
#114 = ADVANCED_FACE ( 'NONE', ( #4487 ), #7828, .T. ) ;
#115 = DIRECTION ( 'NONE',  ( -1.000000000000000000, 0.000000000000000000, 0.000000000000000000 ) ) ;
#116 = LINE ( 'NONE', #8701, #6377 ) ;
#117 = EDGE_CURVE ( 'NONE', #434, #2082, #6413, .T. ) ;
#118 = DIRECTION ( 'NONE',  ( -0.006435969871417507315, -0.9999792889314328415, 0.000000000000000000 ) ) ;
#119 = VERTEX_POINT ( 'NONE', #70 ) ;
#120 = CARTESIAN_POINT ( 'NONE',  ( -103.9284517085000061, 3.662183173087000032, 42.27001269999999522 ) ) ;
#121 = FACE_OUTER_BOUND ( 'NONE', #9129, .T. ) ;
#122 = DIRECTION ( 'NONE',  ( 0.000000000000000000, 0.000000000000000000, 1.000000000000000000 ) ) ;
#123 = CARTESIAN_POINT ( 'NONE',  ( -104.2152660514999951, 8.692735174775000573, 34.77002669999999540 ) ) ;
#124 = AXIS2_PLACEMENT_3D ( 'NONE', #718, #2071, #8820 ) ;
#125 = DIRECTION ( 'NONE',  ( 0.000000000000000000, 0.000000000000000000, -1.000000000000000000 ) ) ;
#126 = ORIENTED_EDGE ( 'NONE', *, *, #520, .T. ) ;
#127 = CARTESIAN_POINT ( 'NONE',  ( -119.8498435107001967, 10.83948362076557892, 44.24260684072400096 ) ) ;
#128 = EDGE_CURVE ( 'NONE', #3988, #6955, #7750, .T. ) ;
#129 = ORIENTED_EDGE ( 'NONE', *, *, #9020, .T. ) ;
#130 = CARTESIAN_POINT ( 'NONE',  ( -106.7999817218408083, 7.170125631126407661, 42.21510403183572890 ) ) ;
#131 = EDGE_LOOP ( 'NONE', ( #8154, #6571, #2951, #1895, #6520, #3210, #1852, #1981 ) ) ;
#132 = VERTEX_POINT ( 'NONE', #974 ) ;
#133 = LINE ( 'NONE', #1604, #6355 ) ;
#134 = CARTESIAN_POINT ( 'NONE',  ( -114.3499999999999943, -1.199999999999999956, 39.86629397768000160 ) ) ;
#135 = DIRECTION ( 'NONE',  ( 0.9982413920713110178, -0.05928004011074071433, 0.000000000000000000 ) ) ;
#136 = DIRECTION ( 'NONE',  ( 0.000000000000000000, 0.000000000000000000, 1.000000000000000000 ) ) ;
#137 = ORIENTED_EDGE ( 'NONE', *, *, #7000, .F. ) ;
#138 = DIRECTION ( 'NONE',  ( 1.000000000000000000, 0.000000000000000000, 0.000000000000000000 ) ) ;
#139 = DIRECTION ( 'NONE',  ( -1.000000000000000000, 0.000000000000000000, 0.000000000000000000 ) ) ;
#140 = CARTESIAN_POINT ( 'NONE',  ( -126.9450523917000027, -7.547998305646999917, 35.77002470000000045 ) ) ;
#141 = EDGE_CURVE ( 'NONE', #4216, #1948, #1509, .T. ) ;
#142 = CARTESIAN_POINT ( 'NONE',  ( -102.2949184921999972, 6.374929374212999988, 41.94960824815999700 ) ) ;
#143 = SURFACE_STYLE_USAGE ( .BOTH. , #4464 ) ;
#144 = CARTESIAN_POINT ( 'NONE',  ( -114.3499999999999943, -1.199999999999999956, 41.77001269999999522 ) ) ;
#145 = ORIENTED_EDGE ( 'NONE', *, *, #5522, .T. ) ;
#146 = EDGE_CURVE ( 'NONE', #8618, #2241, #7734, .T. ) ;
#147 = ORIENTED_EDGE ( 'NONE', *, *, #6612, .T. ) ;
#148 = ADVANCED_FACE ( 'NONE', ( #7766 ), #4693, .T. ) ;
#149 = VERTEX_POINT ( 'NONE', #6756 ) ;
#150 = FACE_OUTER_BOUND ( 'NONE', #3371, .T. ) ;
#151 = PRODUCT_DEFINITION_FORMATION_WITH_SPECIFIED_SOURCE ( 'ANY', '', #799, .NOT_KNOWN. ) ;
#152 = VECTOR ( 'NONE', #7843, 1000.000000000000000 ) ;
#153 = EDGE_CURVE ( 'NONE', #3575, #1019, #7676, .T. ) ;
#154 = ORIENTED_EDGE ( 'NONE', *, *, #2460, .T. ) ;
#155 = CARTESIAN_POINT ( 'NONE',  ( -117.8499929999999978, 11.73481599251999974, 44.27001270000000233 ) ) ;
#156 = DIRECTION ( 'NONE',  ( 0.8660254038025756440, 0.4999999999685857954, 0.000000000000000000 ) ) ;
#157 = APPLICATION_PROTOCOL_DEFINITION ( 'draft international standard', 'automotive_design', 1998, #6594 ) ;
#158 = DIRECTION ( 'NONE',  ( 1.278976924367999843E-13, 5.773159728049000261E-14, 1.000000000000000000 ) ) ;
#159 = ORIENTED_EDGE ( 'NONE', *, *, #8179, .T. ) ;
#160 = DIRECTION ( 'NONE',  ( 0.000000000000000000, 0.000000000000000000, -1.000000000000000000 ) ) ;
#161 = VERTEX_POINT ( 'NONE', #2950 ) ;
#162 = CARTESIAN_POINT ( 'NONE',  ( -127.9847269485000254, -5.030569472654000229, 34.77002669999999540 ) ) ;
#163 = AXIS2_PLACEMENT_3D ( 'NONE', #1064, #3013, #5248 ) ;
#164 = ORIENTED_EDGE ( 'NONE', *, *, #3036, .F. ) ;
#165 = DIRECTION ( 'NONE',  ( 0.000000000000000000, 1.000000000000000000, 0.000000000000000000 ) ) ;
#166 = CIRCLE ( 'NONE', #3112, 0.3999999999999975797 ) ;
#167 = DIRECTION ( 'NONE',  ( -0.000000000000000000, 1.000000000000000000, 0.000000000000000000 ) ) ;
#168 = CIRCLE ( 'NONE', #2760, 0.4999989999999992496 ) ;
#169 = VERTEX_POINT ( 'NONE', #3693 ) ;
#170 = CARTESIAN_POINT ( 'NONE',  ( -114.3499999999999943, -1.199999999999999956, 14.41435155072999841 ) ) ;
#171 = CARTESIAN_POINT ( 'NONE',  ( -106.4000177000000065, 13.64996830000000116, 35.17002670000000109 ) ) ;
#172 = ORIENTED_EDGE ( 'NONE', *, *, #891, .T. ) ;
#173 = AXIS2_PLACEMENT_3D ( 'NONE', #1113, #1807, #4600 ) ;
#174 = CIRCLE ( 'NONE', #6135, 11.39997819999999429 ) ;
#175 = PLANE ( 'NONE',  #4664 ) ;
#176 = VERTEX_POINT ( 'NONE', #4390 ) ;
#177 = AXIS2_PLACEMENT_3D ( 'NONE', #4934, #6859, #1891 ) ;
#178 = CARTESIAN_POINT ( 'NONE',  ( -102.1666320295999952, 6.757829360520999806, 40.76737402085000639 ) ) ;
#179 = FACE_OUTER_BOUND ( 'NONE', #2103, .T. ) ;
#180 = TOROIDAL_SURFACE ( 'NONE', #2546, 7.899984199999999568, 1.199997599999999887 ) ;
#181 = UNCERTAINTY_MEASURE_WITH_UNIT (LENGTH_MEASURE( 1.000000000000000082E-05 ), #4301, 'distance_accuracy_value', 'NONE');
#182 = CARTESIAN_POINT ( 'NONE',  ( -121.1999822999999878, -14.78486798330999896, 34.77002669999999540 ) ) ;
#183 = ADVANCED_FACE ( 'NONE', ( #7600 ), #4361, .F. ) ;
#184 = DIRECTION ( 'NONE',  ( 0.000000000000000000, 0.000000000000000000, 1.000000000000000000 ) ) ;
#185 = DIRECTION ( 'NONE',  ( 0.000000000000000000, 0.000000000000000000, -1.000000000000000000 ) ) ;
#186 = ORIENTED_EDGE ( 'NONE', *, *, #4275, .F. ) ;
#187 = DIRECTION ( 'NONE',  ( 0.000000000000000000, 1.000000000000000000, 0.000000000000000000 ) ) ;
#188 = EDGE_LOOP ( 'NONE', ( #7693, #606, #3477, #1662 ) ) ;
#189 = AXIS2_PLACEMENT_3D ( 'NONE', #1950, #6238, #4931 ) ;
#190 = ORIENTED_EDGE ( 'NONE', *, *, #4763, .T. ) ;
#191 = ORIENTED_EDGE ( 'NONE', *, *, #6185, .T. ) ;
#192 = DIRECTION ( 'NONE',  ( -2.347362915169999972E-14, 1.000000000000000000, 3.521044372755000274E-14 ) ) ;
#193 = AXIS2_PLACEMENT_3D ( 'NONE', #5867, #8945, #7265 ) ;
#194 = CYLINDRICAL_SURFACE ( 'NONE', #8525, 10.89997820000000672 ) ;
#196 =( NAMED_UNIT ( * ) PLANE_ANGLE_UNIT ( ) SI_UNIT ( $, .RADIAN. ) );
#195 = LINE ( 'NONE', #6261, #3318 ) ;
#197 = EDGE_CURVE ( 'NONE', #3265, #4034, #7810, .T. ) ;
#198 = CARTESIAN_POINT ( 'NONE',  ( -125.1999782999999837, 9.649978300000000786, 34.77002669999999540 ) ) ;
#199 = CARTESIAN_POINT ( 'NONE',  ( -104.9350699408000054, 5.364395172183000327, 42.27001269999999522 ) ) ;
#200 = EDGE_LOOP ( 'NONE', ( #750, #1058, #5565, #6971 ) ) ;
#201 = VERTEX_POINT ( 'NONE', #162 ) ;
#202 = DIRECTION ( 'NONE',  ( -1.000000000000000000, 0.000000000000000000, 0.000000000000000000 ) ) ;
#203 = CARTESIAN_POINT ( 'NONE',  ( -104.2449278071134415, 7.833779964839041376, 42.20649030197805018 ) ) ;
#204 = CARTESIAN_POINT ( 'NONE',  ( -126.8499683000000005, -13.73473213867000098, 37.77002069999999634 ) ) ;
#205 = CARTESIAN_POINT ( 'NONE',  ( -114.3499999999999943, -1.199999999999999956, 41.17001390000000072 ) ) ;
#206 = DIRECTION ( 'NONE',  ( 0.000000000000000000, 0.000000000000000000, -1.000000000000000000 ) ) ;
#207 = ORIENTED_EDGE ( 'NONE', *, *, #2594, .F. ) ;
#208 = EDGE_CURVE ( 'NONE', #664, #1628, #7512, .T. ) ;
#209 = ORIENTED_EDGE ( 'NONE', *, *, #4897, .T. ) ;
#210 = VERTEX_POINT ( 'NONE', #4483 ) ;
#211 = AXIS2_PLACEMENT_3D ( 'NONE', #895, #2996, #3393 ) ;
#212 = LINE ( 'NONE', #4168, #6738 ) ;
#213 = CIRCLE ( 'NONE', #6666, 0.5499988999999968486 ) ;
#214 = ORIENTED_EDGE ( 'NONE', *, *, #5903, .T. ) ;
#215 = EDGE_CURVE ( 'NONE', #2192, #2205, #4444, .T. ) ;
#216 = EDGE_CURVE ( 'NONE', #3842, #1749, #1350, .T. ) ;
#217 = VERTEX_POINT ( 'NONE', #36 ) ;
#218 = CARTESIAN_POINT ( 'NONE',  ( -124.2785195647000052, 8.632903703749999380, 38.01443109886000116 ) ) ;
#219 = CARTESIAN_POINT ( 'NONE',  ( -126.7874323034000099, 4.893604057541000252, 41.77001269999999522 ) ) ;
#220 =( NAMED_UNIT ( * ) SI_UNIT ( $, .STERADIAN. ) SOLID_ANGLE_UNIT ( ) );
#221 = ORIENTED_EDGE ( 'NONE', *, *, #2947, .F. ) ;
#222 = FACE_OUTER_BOUND ( 'NONE', #3379, .T. ) ;
#223 = CARTESIAN_POINT ( 'NONE',  ( -100.6192161191000025, 2.686027968371000441, 41.17001390000000072 ) ) ;
#224 = EDGE_CURVE ( 'NONE', #7063, #2657, #4644, .T. ) ;
#225 = ORIENTED_EDGE ( 'NONE', *, *, #7021, .T. ) ;
#226 = VERTEX_POINT ( 'NONE', #1506 ) ;
#227 = DIRECTION ( 'NONE',  ( 0.000000000000000000, 1.000000000000000000, 0.000000000000000000 ) ) ;
#228 = ADVANCED_FACE ( 'NONE', ( #7573 ), #4420, .F. ) ;
#229 = ORIENTED_EDGE ( 'NONE', *, *, #6803, .T. ) ;
#230 = VECTOR ( 'NONE', #9236, 1000.000000000000000 ) ;
#231 = DIRECTION ( 'NONE',  ( 0.000000000000000000, 0.000000000000000000, -1.000000000000000000 ) ) ;
#232 = ORIENTED_EDGE ( 'NONE', *, *, #8346, .F. ) ;
#233 = CARTESIAN_POINT ( 'NONE',  ( -106.9107824601471322, 7.178222466162658577, 42.17337386353658957 ) ) ;
#234 = VERTEX_POINT ( 'NONE', #4308 ) ;
#235 = EDGE_CURVE ( 'NONE', #7787, #9203, #4429, .T. ) ;
#236 = EDGE_CURVE ( 'NONE', #6404, #3003, #1302, .T. ) ;
#237 = EDGE_CURVE ( 'NONE', #3640, #6918, #7647, .T. ) ;
#238 = CARTESIAN_POINT ( 'NONE',  ( -109.4691785740999990, 8.546132923816999849, 41.77001269999999522 ) ) ;
#239 = ORIENTED_EDGE ( 'NONE', *, *, #5158, .F. ) ;
#240 = PRODUCT_DEFINITION_SHAPE ( 'NONE', 'NONE',  #8598 ) ;
#241 = VECTOR ( 'NONE', #4899, 1000.000000000000000 ) ;
#242 = VERTEX_POINT ( 'NONE', #6604 ) ;
#243 = ORIENTED_EDGE ( 'NONE', *, *, #2698, .T. ) ;
#244 = ORIENTED_EDGE ( 'NONE', *, *, #5056, .F. ) ;
#245 = VECTOR ( 'NONE', #4227, 999.9999999999998863 ) ;
#246 = VECTOR ( 'NONE', #8747, 1000.000000000000000 ) ;
#247 = CARTESIAN_POINT ( 'NONE',  ( -119.8499929999999978, 12.20043960886000001, 44.27001270000000233 ) ) ;
#248 = DIRECTION ( 'NONE',  ( -1.000000000000000000, 0.000000000000000000, 0.000000000000000000 ) ) ;
#249 = ORIENTED_EDGE ( 'NONE', *, *, #5551, .F. ) ;
#250 = CARTESIAN_POINT ( 'NONE',  ( -104.2363787043999963, 8.680545778920000899, 35.17554838225999703 ) ) ;
#251 = ORIENTED_EDGE ( 'NONE', *, *, #6315, .F. ) ;
#252 = CARTESIAN_POINT ( 'NONE',  ( -125.3948557619999917, -11.61819424874000006, 39.86605802304000434 ) ) ;
#253 = DIRECTION ( 'NONE',  ( 1.000000000000000000, 0.000000000000000000, -0.000000000000000000 ) ) ;
#254 = EDGE_LOOP ( 'NONE', ( #5526, #524, #5470, #8568 ) ) ;
#255 = FACE_OUTER_BOUND ( 'NONE', #2223, .T. ) ;
#256 = ORIENTED_EDGE ( 'NONE', *, *, #8174, .T. ) ;
#257 = B_SPLINE_CURVE_WITH_KNOTS ( 'NONE', 3,
 ( #7448, #924, #8144, #8902, #1545, #3026, #3774, #2298, #6702, #3899, #1600, #5761, #5196, #5819, #2161, #6572 ),
 .UNSPECIFIED., .F., .F.,
 ( 4, 2, 2, 1, 1, 2, 2, 2, 4 ),
 ( 0.000000000000000000, 0.1250000000001327827, 0.1875000000002041978, 0.2187500000002396416, 0.2343750000002605138, 0.2421875000002745304, 0.2500000000002885470, 0.5000000000001938449, 1.000000000000000000 ),
 .UNSPECIFIED. ) ;
#258 = VERTEX_POINT ( 'NONE', #7301 ) ;
#259 = AXIS2_PLACEMENT_3D ( 'NONE', #1140, #9004, #8186 ) ;
#260 = EDGE_CURVE ( 'NONE', #2625, #3799, #4661, .T. ) ;
#261 = CARTESIAN_POINT ( 'NONE',  ( -114.3499999999999943, -17.04996829999999974, 33.77002870000000456 ) ) ;
#262 = PLANE ( 'NONE',  #4969 ) ;
#263 = CARTESIAN_POINT ( 'NONE',  ( -114.3499999999999943, 7.899981800000000831, 40.62001500000000220 ) ) ;
#264 = CARTESIAN_POINT ( 'NONE',  ( -127.2434641610999932, -9.567803587388997499, 33.27002970000000204 ) ) ;
#265 = CLOSED_SHELL ( 'NONE', ( #3528, #4754, #7796, #789, #4570, #4615, #8988, #148, #3269, #7290, #4455, #8951, #7720, #6124, #4845, #8323, #5405, #8230, #6759, #5188, #412, #2608, #386, #8311, #1226, #4115, #6247, #360, #8051, #114, #1844, #183, #8471, #2529, #7804, #425, #709, #3168, #6397, #2669, #7544, #6865, #3696, #902, #3118, #856, #6312, #4193, #939, #2374, #3431, #4608, #5929, #4419, #2281, #8099, #1503, #3661, #6603, #1789, #6085, #1010, #1428, #5568, #7857, #7582, #6205, #8390, #3783, #33, #6831, #1727, #6858, #867, #6681, #2679, #6092, #5442, #4687, #562, #829, #4028, #3444, #9028, #5778, #7574, #5523, #6321, #6003, #6042, #5463, #1953, #4819, #1939, #2441, #3244, #6717, #6470, #9166, #7228, #2483, #6898, #2787, #228, #4231, #4381, #1161, #5891, #3970, #1089, #7403, #1685, #3374, #3935, #2049, #8014, #5478, #1301, #4004, #3538, #2288, #8944, #108, #2453, #5625, #6167, #6940, #8006, #3081, #7432, #3363, #5650, #8703, #4530, #2599, #7706, #6406, #6330, #8361, #2042, #4722, #5226, #3977, #6727, #9245, #2956, #5097, #2585, #8411, #3746, #1119, #8194, #5562, #7327, #977, #483, #8276, #1498, #9018, #7507, #4918, #6792, #1051, #7760, #579, #8714, #4389, #1539, #5642, #3894, #7025, #6013, #780, #7014, #1080, #2031, #8868, #570, #5849, #1609, #2406, #5355, #4764, #3495, #8160, #6363 ) ) ;
#266 = ORIENTED_EDGE ( 'NONE', *, *, #7107, .F. ) ;
#267 = DIRECTION ( 'NONE',  ( -0.8660254038027305201, -0.4999999999683176766, 0.000000000000000000 ) ) ;
#268 = AXIS2_PLACEMENT_3D ( 'NONE', #6817, #5053, #6132 ) ;
#269 = DIRECTION ( 'NONE',  ( -0.4999999999678877982, 0.8660254038029786550, 0.000000000000000000 ) ) ;
#270 = CARTESIAN_POINT ( 'NONE',  ( -114.3499999999999943, -1.199999999996999911, 41.77001269999999522 ) ) ;
#271 = DIRECTION ( 'NONE',  ( 0.000000000000000000, 0.000000000000000000, -1.000000000000000000 ) ) ;
#272 = CARTESIAN_POINT ( 'NONE',  ( -99.10003169999998818, 7.649982299997000190, 36.27002670000000251 ) ) ;
#273 = VERTEX_POINT ( 'NONE', #3074 ) ;
#274 = ADVANCED_FACE ( 'NONE', ( #7691 ), #4477, .T. ) ;
#275 = LINE ( 'NONE', #8836, #6653 ) ;
#276 = DIRECTION ( 'NONE',  ( 0.000000000000000000, -1.000000000000000000, 0.000000000000000000 ) ) ;
#277 = ORIENTED_EDGE ( 'NONE', *, *, #4331, .F. ) ;
#278 = VERTEX_POINT ( 'NONE', #8764 ) ;
#279 = CIRCLE ( 'NONE', #7726, 0.4999989999999998602 ) ;
#280 = LINE ( 'NONE', #4900, #6658 ) ;
#281 = AXIS2_PLACEMENT_3D ( 'NONE', #3042, #627, #6521 ) ;
#282 = CIRCLE ( 'NONE', #1178, 12.49997499999999917 ) ;
#283 = PLANE ( 'NONE',  #2059 ) ;
#284 = VERTEX_POINT ( 'NONE', #1536 ) ;
#285 = ORIENTED_EDGE ( 'NONE', *, *, #1121, .T. ) ;
#286 = CARTESIAN_POINT ( 'NONE',  ( -104.4948753767999960, 8.531302655478999242, 41.17001390000000072 ) ) ;
#287 = DIRECTION ( 'NONE',  ( -1.000000000000000000, 0.000000000000000000, 0.000000000000000000 ) ) ;
#288 = APPLICATION_PROTOCOL_DEFINITION ( 'draft international standard', 'automotive_design', 1998, #5140 ) ;
#289 = EDGE_CURVE ( 'NONE', #6529, #6788, #1275, .T. ) ;
#290 = CARTESIAN_POINT ( 'NONE',  ( -101.1028202960025482, 3.327556365081913992, 42.21429850066172662 ) ) ;
#291 = VERTEX_POINT ( 'NONE', #850 ) ;
#292 = VECTOR ( 'NONE', #4172, 999.9999999999998863 ) ;
#293 = VERTEX_POINT ( 'NONE', #1590 ) ;
#294 = DIRECTION ( 'NONE',  ( 0.000000000000000000, -1.000000000000000000, 0.000000000000000000 ) ) ;
#295 = ORIENTED_EDGE ( 'NONE', *, *, #8431, .T. ) ;
#296 = VECTOR ( 'NONE', #1244, 1000.000000000000000 ) ;
#297 = CARTESIAN_POINT ( 'NONE',  ( -129.5999683000000005, 6.749982300000000102, 36.27002670000000251 ) ) ;
#298 = VECTOR ( 'NONE', #8605, 1000.000000000000000 ) ;
#299 = VERTEX_POINT ( 'NONE', #2420 ) ;
#300 = DIRECTION ( 'NONE',  ( 0.000000000000000000, 1.000000000000000000, 0.000000000000000000 ) ) ;
#301 = AXIS2_PLACEMENT_3D ( 'NONE', #2672, #4818, #3416 ) ;
#302 = ORIENTED_EDGE ( 'NONE', *, *, #4809, .F. ) ;
#303 = AXIS2_PLACEMENT_3D ( 'NONE', #1196, #7719, #3264 ) ;
#304 = DIRECTION ( 'NONE',  ( 1.000000000000000000, 0.000000000000000000, 0.000000000000000000 ) ) ;
#305 = VERTEX_POINT ( 'NONE', #4565 ) ;
#306 = VERTEX_POINT ( 'NONE', #8190 ) ;
#307 = CARTESIAN_POINT ( 'NONE',  ( -105.0573760014999891, 4.835641548745000406, 42.04411942356000509 ) ) ;
#308 = ADVANCED_FACE ( 'NONE', ( #7661 ), #1558, .T. ) ;
#309 = ORIENTED_EDGE ( 'NONE', *, *, #5758, .F. ) ;
#310 = CARTESIAN_POINT ( 'NONE',  ( -114.3499999999999943, -1.199999999999999956, 33.03767247808000462 ) ) ;
#311 = CIRCLE ( 'NONE', #3921, 13.79997240000000680 ) ;
#312 = FACE_OUTER_BOUND ( 'NONE', #481, .T. ) ;
#313 = FACE_OUTER_BOUND ( 'NONE', #6417, .T. ) ;
#314 = EDGE_CURVE ( 'NONE', #4269, #4974, #7528, .T. ) ;
#315 = PLANE ( 'NONE',  #9311 ) ;
#316 = DIRECTION ( 'NONE',  ( -0.4999999999995853317, 0.8660254037846780717, 0.000000000000000000 ) ) ;
#317 = VERTEX_POINT ( 'NONE', #3985 ) ;
#318 = CARTESIAN_POINT ( 'NONE',  ( -104.3842524906000051, 8.595170808633998405, 38.01443160570000401 ) ) ;
#319 = DIRECTION ( 'NONE',  ( 0.000000000000000000, 0.000000000000000000, 1.000000000000000000 ) ) ;
#320 = ORIENTED_EDGE ( 'NONE', *, *, #7747, .T. ) ;
#321 = DIRECTION ( 'NONE',  ( 0.000000000000000000, 0.000000000000000000, 1.000000000000000000 ) ) ;
#322 = AXIS2_PLACEMENT_3D ( 'NONE', #7821, #5682, #4975 ) ;
#323 = AXIS2_PLACEMENT_3D ( 'NONE', #2211, #8131, #6553 ) ;
#324 = ORIENTED_EDGE ( 'NONE', *, *, #7353, .T. ) ;
#325 = CARTESIAN_POINT ( 'NONE',  ( -114.3499999999999943, -1.199999999999999956, 46.92000240000000133 ) ) ;
#326 = EDGE_CURVE ( 'NONE', #7026, #5021, #7778, .T. ) ;
#327 = EDGE_LOOP ( 'NONE', ( #1694, #4295, #7093, #4148 ) ) ;
#328 = ORIENTED_EDGE ( 'NONE', *, *, #3794, .F. ) ;
#329 = CIRCLE ( 'NONE', #5607, 0.3999999999999975797 ) ;
#330 = DIRECTION ( 'NONE',  ( 0.000000000000000000, 1.000000000000000000, 0.000000000000000000 ) ) ;
#331 = DIRECTION ( 'NONE',  ( -1.000000000000000000, 0.000000000000000000, 0.000000000000000000 ) ) ;
#332 =( NAMED_UNIT ( * ) SI_UNIT ( $, .STERADIAN. ) SOLID_ANGLE_UNIT ( ) );
#333 = CARTESIAN_POINT ( 'NONE',  ( -104.9679697730999948, 5.218110144809999795, 42.25359220184000009 ) ) ;
#334 = VERTEX_POINT ( 'NONE', #5563 ) ;
#335 = EDGE_CURVE ( 'NONE', #3611, #38, #818, .T. ) ;
#336 = VERTEX_POINT ( 'NONE', #2290 ) ;
#337 = DIRECTION ( 'NONE',  ( 0.000000000000000000, -1.000000000000000000, 0.000000000000000000 ) ) ;
#338 = CARTESIAN_POINT ( 'NONE',  ( -114.3499999999999943, -12.95069093011999861, 33.44002935999999693 ) ) ;
#339 = AXIS2_PLACEMENT_3D ( 'NONE', #2592, #372, #8239 ) ;
#340 = DIRECTION ( 'NONE',  ( 0.5016770317198941953, 0.8650550016297902101, 0.000000000000000000 ) ) ;
#341 = CARTESIAN_POINT ( 'NONE',  ( -117.8499929999999978, 11.73481599251999974, 44.27001270000000233 ) ) ;
#342 = DIRECTION ( 'NONE',  ( -0.8125565165191823702, -0.5828824130664879144, 0.000000000000000000 ) ) ;
#343 = ORIENTED_EDGE ( 'NONE', *, *, #5935, .F. ) ;
#344 = CARTESIAN_POINT ( 'NONE',  ( -108.8502574592770458, 10.90938456955251823, 44.26117681205214893 ) ) ;
#345 = SURFACE_STYLE_FILL_AREA ( #1785 ) ;
#346 = ORIENTED_EDGE ( 'NONE', *, *, #2367, .F. ) ;
#347 = EDGE_CURVE ( 'NONE', #2082, #994, #1402, .T. ) ;
#348 = EDGE_CURVE ( 'NONE', #2718, #7751, #1318, .T. ) ;
#349 = LINE ( 'NONE', #1764, #477 ) ;
#350 = VECTOR ( 'NONE', #4685, 1000.000000000000000 ) ;
#351 = PLANE ( 'NONE',  #5232 ) ;
#352 = ORIENTED_EDGE ( 'NONE', *, *, #7987, .F. ) ;
#353 = ORIENTED_EDGE ( 'NONE', *, *, #1127, .T. ) ;
#354 = CARTESIAN_POINT ( 'NONE',  ( -110.8499899252433636, 11.26445043563260562, 44.02152619314356485 ) ) ;
#355 = PRODUCT_DEFINITION_CONTEXT ( 'detailed design', #7462, 'design' ) ;
#356 = EDGE_CURVE ( 'NONE', #2257, #7870, #4415, .T. ) ;
#357 = CARTESIAN_POINT ( 'NONE',  ( -122.0601238866999978, -10.34758513088999976, 41.17001390000000072 ) ) ;
#358 = CARTESIAN_POINT ( 'NONE',  ( -100.9441366527191519, 2.042493771615914167, 41.88930768549224126 ) ) ;
#359 = ORIENTED_EDGE ( 'NONE', *, *, #773, .F. ) ;
#360 = ADVANCED_FACE ( 'NONE', ( #7794 ), #4598, .F. ) ;
#361 = ORIENTED_EDGE ( 'NONE', *, *, #3635, .F. ) ;
#362 = B_SPLINE_CURVE_WITH_KNOTS ( 'NONE', 3,
 ( #2710, #8576, #7096, #6494 ),
 .UNSPECIFIED., .F., .F.,
 ( 4, 4 ),
 ( 0.000000000000000000, 1.000000000000000000 ),
 .UNSPECIFIED. ) ;
#363 = DIRECTION ( 'NONE',  ( -1.421085471520000159E-14, 1.000000000000000000, 0.000000000000000000 ) ) ;
#364 = ORIENTED_EDGE ( 'NONE', *, *, #6704, .T. ) ;
#365 = VECTOR ( 'NONE', #4858, 1000.000000000000000 ) ;
#366 = ORIENTED_EDGE ( 'NONE', *, *, #4297, .T. ) ;
#367 = EDGE_LOOP ( 'NONE', ( #2971, #6164, #1655, #62, #6505, #4811, #6069, #2984, #1919, #6688, #5070, #3053 ) ) ;
#368 = AXIS2_PLACEMENT_3D ( 'NONE', #6687, #658, #3630 ) ;
#369 = ORIENTED_EDGE ( 'NONE', *, *, #8684, .T. ) ;
#370 = PRESENTATION_STYLE_ASSIGNMENT (( #7390 ) ) ;
#371 = EDGE_LOOP ( 'NONE', ( #79, #1571, #2749, #8189, #490, #9258, #5157, #5960, #3051, #3432, #8147 ) ) ;
#372 = DIRECTION ( 'NONE',  ( 0.000000000000000000, 0.000000000000000000, -1.000000000000000000 ) ) ;
#373 = CARTESIAN_POINT ( 'NONE',  ( -114.3499999999999943, -15.44997150000000019, 33.27002970000000204 ) ) ;
#374 = EDGE_LOOP ( 'NONE', ( #9057, #3548, #2052, #6749, #4892 ) ) ;
#375 = ORIENTED_EDGE ( 'NONE', *, *, #2180, .T. ) ;
#376 = VECTOR ( 'NONE', #774, 1000.000000000000000 ) ;
#377 = CIRCLE ( 'NONE', #2709, 10.99997800000000581 ) ;
#378 = DIRECTION ( 'NONE',  ( 0.9578931300952665540, -0.2871249750827897795, 0.000000000000000000 ) ) ;
#379 = ORIENTED_EDGE ( 'NONE', *, *, #3027, .F. ) ;
#380 = CARTESIAN_POINT ( 'NONE',  ( -123.4499818000000033, -1.199999999999999956, 42.97000441534000004 ) ) ;
#381 = VERTEX_POINT ( 'NONE', #1601 ) ;
#382 = CARTESIAN_POINT ( 'NONE',  ( -129.4499682999999948, -10.08474613867000080, 34.77002669999999540 ) ) ;
#383 = B_SPLINE_CURVE_WITH_KNOTS ( 'NONE', 3,
 ( #5466, #4135, #5266, #5331, #2432, #1157, #7564, #7006, #6010, #6072, #8905, #8270, #3160, #6824 ),
 .UNSPECIFIED., .F., .F.,
 ( 4, 2, 2, 2, 2, 2, 4 ),
 ( 0.000000000000000000, 0.2500000000001540990, 0.3750000000002501332, 0.4375000000002806089, 0.4687500000002669531, 0.5000000000002532419, 1.000000000000000000 ),
 .UNSPECIFIED. ) ;
#384 = ORIENTED_EDGE ( 'NONE', *, *, #7464, .T. ) ;
#385 = ORIENTED_EDGE ( 'NONE', *, *, #3898, .F. ) ;
#386 = ADVANCED_FACE ( 'NONE', ( #7548 ), #4509, .F. ) ;
#387 = ORIENTED_EDGE ( 'NONE', *, *, #8204, .F. ) ;
#388 = AXIS2_PLACEMENT_3D ( 'NONE', #851, #8953, #5993 ) ;
#389 = ORIENTED_EDGE ( 'NONE', *, *, #2076, .T. ) ;
#390 = CARTESIAN_POINT ( 'NONE',  ( -114.3499999999999943, -1.199999999999999956, 40.56078320476999721 ) ) ;
#391 = LINE ( 'NONE', #6846, #6708 ) ;
#392 = DIRECTION ( 'NONE',  ( 0.4999999999995870525, -0.8660254037846770725, 0.000000000000000000 ) ) ;
#393 = LINE ( 'NONE', #2198, #439 ) ;
#394 = DIRECTION ( 'NONE',  ( 0.000000000000000000, -1.000000000000000000, -4.694725830339000300E-14 ) ) ;
#395 = VERTEX_POINT ( 'NONE', #9294 ) ;
#396 = VERTEX_POINT ( 'NONE', #4984 ) ;
#397 = CARTESIAN_POINT ( 'NONE',  ( -114.3499999999999943, -1.199999999999999956, 33.17002990000000295 ) ) ;
#398 = DIRECTION ( 'NONE',  ( -1.000000000000000000, 0.000000000000000000, 0.000000000000000000 ) ) ;
#399 = DIRECTION ( 'NONE',  ( 0.000000000000000000, 0.000000000000000000, -1.000000000000000000 ) ) ;
#400 = CARTESIAN_POINT ( 'NONE',  ( -101.7803692401999882, 5.390271156479998993, 42.03905549648999340 ) ) ;
#401 = ORIENTED_EDGE ( 'NONE', *, *, #1199, .F. ) ;
#402 = AXIS2_PLACEMENT_3D ( 'NONE', #2874, #652, #7195 ) ;
#403 = LINE ( 'NONE', #8199, #3365 ) ;
#404 = CARTESIAN_POINT ( 'NONE',  ( -106.6398761140000033, 8.447584131454998868, 42.57001110000000210 ) ) ;
#405 = ORIENTED_EDGE ( 'NONE', *, *, #8431, .F. ) ;
#406 = EDGE_CURVE ( 'NONE', #1675, #5924, #1387, .T. ) ;
#407 = LINE ( 'NONE', #3498, #246 ) ;
#408 = ORIENTED_EDGE ( 'NONE', *, *, #6887, .F. ) ;
#409 = ORIENTED_EDGE ( 'NONE', *, *, #93, .F. ) ;
#410 = CARTESIAN_POINT ( 'NONE',  ( -103.8167407776935534, 8.202248786264901170, 42.12922228696252347 ) ) ;
#411 = CARTESIAN_POINT ( 'NONE',  ( -122.6914727750999958, -6.833322346797999103, 40.12001599999999968 ) ) ;
#412 = ADVANCED_FACE ( 'NONE', ( #1413 ), #1718, .F. ) ;
#413 =( REPRESENTATION_RELATIONSHIP ('NONE','NONE', #3707, #6599 ) REPRESENTATION_RELATIONSHIP_WITH_TRANSFORMATION ( #1469 )SHAPE_REPRESENTATION_RELATIONSHIP( ) );
#414 = DIRECTION ( 'NONE',  ( 1.000000000000000000, 0.000000000000000000, 0.000000000000000000 ) ) ;
#415 = CARTESIAN_POINT ( 'NONE',  ( -101.3205822576893382, 2.216366131448252563, 42.24455605587350249 ) ) ;
#416 = ORIENTED_EDGE ( 'NONE', *, *, #5413, .T. ) ;
#417 = AXIS2_PLACEMENT_3D ( 'NONE', #6471, #5091, #7874 ) ;
#418 = ORIENTED_EDGE ( 'NONE', *, *, #8537, .T. ) ;
#419 = MANIFOLD_SOLID_BREP ( 'Imported1', #9080 ) ;
#420 = ORIENTED_EDGE ( 'NONE', *, *, #2562, .T. ) ;
#421 = CARTESIAN_POINT ( 'NONE',  ( -114.3499999999999943, -1.199999999999999956, 33.22840623889999989 ) ) ;
#422 = AXIS2_PLACEMENT_3D ( 'NONE', #9076, #460, #1855 ) ;
#423 = LINE ( 'NONE', #7423, #3405 ) ;
#424 = DIRECTION ( 'NONE',  ( 0.000000000000000000, 0.000000000000000000, -1.000000000000000000 ) ) ;
#425 = ADVANCED_FACE ( 'NONE', ( #1329 ), #8197, .F. ) ;
#426 = ORIENTED_EDGE ( 'NONE', *, *, #2454, .T. ) ;
#427 = VERTEX_POINT ( 'NONE', #2488 ) ;
#428 = B_SPLINE_CURVE_WITH_KNOTS ( 'NONE', 3,
 ( #6637, #921, #3769, #6816 ),
 .UNSPECIFIED., .F., .F.,
 ( 4, 4 ),
 ( 0.000000000000000000, 1.000000000000000000 ),
 .UNSPECIFIED. ) ;
#429 = DIRECTION ( 'NONE',  ( 0.000000000000000000, -1.000000000000000000, 0.000000000000000000 ) ) ;
#430 = ORIENTED_EDGE ( 'NONE', *, *, #7137, .T. ) ;
#431 = ADVANCED_FACE ( 'NONE', ( #1493 ), #262, .T. ) ;
#432 = EDGE_CURVE ( 'NONE', #3656, #1788, #7758, .T. ) ;
#433 = CARTESIAN_POINT ( 'NONE',  ( -120.1584992248999981, -12.83331034679999938, 41.57001309999999705 ) ) ;
#434 = VERTEX_POINT ( 'NONE', #4321 ) ;
#435 = DIRECTION ( 'NONE',  ( -4.493011996641999618E-13, -1.482089677214999862E-12, -1.000000000000000000 ) ) ;
#436 = CARTESIAN_POINT ( 'NONE',  ( -110.8500070000000051, 11.21609787979000039, 43.77001270000000233 ) ) ;
#437 = AXIS2_PLACEMENT_3D ( 'NONE', #1684, #2455, #3183 ) ;
#438 = VECTOR ( 'NONE', #958, 1000.000000000000000 ) ;
#439 = VECTOR ( 'NONE', #7134, 1000.000000000000000 ) ;
#440 = DIRECTION ( 'NONE',  ( 1.000000000000000000, 0.000000000000000000, 0.000000000000000000 ) ) ;
#441 = DIRECTION ( 'NONE',  ( 0.000000000000000000, 0.000000000000000000, 1.000000000000000000 ) ) ;
#442 = EDGE_LOOP ( 'NONE', ( #2040, #1071 ) ) ;
#443 = DIRECTION ( 'NONE',  ( 0.000000000000000000, 0.000000000000000000, -1.000000000000000000 ) ) ;
#444 = CARTESIAN_POINT ( 'NONE',  ( -129.1999682999999948, -61.74161879566000266, 35.17002670000000109 ) ) ;
#445 = ORIENTED_EDGE ( 'NONE', *, *, #7948, .F. ) ;
#446 = DIRECTION ( 'NONE',  ( 1.000000000000000000, 0.000000000000000000, 0.000000000000000000 ) ) ;
#447 = PLANE ( 'NONE',  #3964 ) ;
#448 = ORIENTED_EDGE ( 'NONE', *, *, #6911, .T. ) ;
#449 = VECTOR ( 'NONE', #5327, 1000.000000000000000 ) ;
#450 = EDGE_CURVE ( 'NONE', #8461, #4467, #4591, .T. ) ;
#451 = VERTEX_POINT ( 'NONE', #7255 ) ;
#452 = VERTEX_POINT ( 'NONE', #7936 ) ;
#453 = LINE ( 'NONE', #8052, #525 ) ;
#454 = DIRECTION ( 'NONE',  ( -0.7647975700546841837, 0.6442706549567894792, -1.256869608390336041E-09 ) ) ;
#455 = AXIS2_PLACEMENT_3D ( 'NONE', #1365, #4229, #8447 ) ;
#456 = ORIENTED_EDGE ( 'NONE', *, *, #5413, .F. ) ;
#457 = VERTEX_POINT ( 'NONE', #51 ) ;
#458 = CARTESIAN_POINT ( 'NONE',  ( -130.1999682999999948, 9.649978300000000786, 34.77002669999999540 ) ) ;
#459 = EDGE_CURVE ( 'NONE', #2952, #2914, #7570, .T. ) ;
#460 = DIRECTION ( 'NONE',  ( 0.000000000000000000, 0.000000000000000000, 1.000000000000000000 ) ) ;
#461 = CARTESIAN_POINT ( 'NONE',  ( -101.7499599062000044, 5.495746236050999656, 41.81481401879999993 ) ) ;
#462 = ORIENTED_EDGE ( 'NONE', *, *, #4814, .T. ) ;
#463 = ORIENTED_EDGE ( 'NONE', *, *, #4481, .F. ) ;
#464 = ADVANCED_FACE ( 'NONE', ( #7688 ), #4456, .T. ) ;
#465 = EDGE_CURVE ( 'NONE', #8927, #6633, #7594, .T. ) ;
#466 = CIRCLE ( 'NONE', #7194, 11.49997799999999692 ) ;
#467 = AXIS2_PLACEMENT_3D ( 'NONE', #8617, #112, #837 ) ;
#468 = ORIENTED_EDGE ( 'NONE', *, *, #7424, .F. ) ;
#469 = VERTEX_POINT ( 'NONE', #3932 ) ;
#470 = CARTESIAN_POINT ( 'NONE',  ( -123.6925348012999990, -6.833322346797999103, 40.12001599999999968 ) ) ;
#471 = CARTESIAN_POINT ( 'NONE',  ( -100.9577288526566718, 3.272674794040733470, 42.12883984656406255 ) ) ;
#472 = VERTEX_POINT ( 'NONE', #6231 ) ;
#473 = EDGE_LOOP ( 'NONE', ( #4446, #690, #1163, #7797 ) ) ;
#474 = CARTESIAN_POINT ( 'NONE',  ( -103.5000217000000049, -17.04996829999999974, 34.77002669999999540 ) ) ;
#475 = VERTEX_POINT ( 'NONE', #3256 ) ;
#476 = DIRECTION ( 'NONE',  ( 0.000000000000000000, 0.000000000000000000, -1.000000000000000000 ) ) ;
#477 = VECTOR ( 'NONE', #6972, 999.9999999999998863 ) ;
#478 = EDGE_CURVE ( 'NONE', #5838, #2543, #1344, .T. ) ;
#479 = LINE ( 'NONE', #6433, #880 ) ;
#480 = DIRECTION ( 'NONE',  ( -1.000000000000000000, 0.000000000000000000, 0.000000000000000000 ) ) ;
#481 = EDGE_LOOP ( 'NONE', ( #1376, #7314, #7199, #8465, #676, #4958, #8840 ) ) ;
#482 = EDGE_LOOP ( 'NONE', ( #3686, #1778, #4064, #4812 ) ) ;
#483 = ADVANCED_FACE ( 'NONE', ( #1429 ), #5667, .T. ) ;
#484 = CARTESIAN_POINT ( 'NONE',  ( -121.1999822999999878, -17.04996829999999974, 34.77002669999999540 ) ) ;
#485 =( GEOMETRIC_REPRESENTATION_CONTEXT ( 3 ) GLOBAL_UNCERTAINTY_ASSIGNED_CONTEXT ( ( #8852 ) ) GLOBAL_UNIT_ASSIGNED_CONTEXT ( ( #2979, #7351, #220 ) ) REPRESENTATION_CONTEXT ( 'NONE', 'WORKASPACE' ) );
#486 = DIRECTION ( 'NONE',  ( -0.8660254037846771835, -0.4999999999995871081, 0.000000000000000000 ) ) ;
#487 = EDGE_CURVE ( 'NONE', #8983, #3804, #7611, .T. ) ;
#488 = CARTESIAN_POINT ( 'NONE',  ( -101.1841765706000018, 5.477533117903000459, 40.46693773853999687 ) ) ;
#489 = SHAPE_REPRESENTATION_RELATIONSHIP ( 'NONE' , 'NONE' ,  #8383, #1907 ) ;
#490 = ORIENTED_EDGE ( 'NONE', *, *, #5615, .T. ) ;
#491 = DIRECTION ( 'NONE',  ( -8.526530900457010154E-13, -0.5543248305725010372, -0.8323004158420010956 ) ) ;
#492 = CARTESIAN_POINT ( 'NONE',  ( -104.1939862636000100, 8.158741303262997846, 41.17001390000000072 ) ) ;
#493 = LINE ( 'NONE', #4046, #438 ) ;
#494 = DIRECTION ( 'NONE',  ( 0.7112136717960728660, 0.7029758979156739418, 0.000000000000000000 ) ) ;
#495 = CARTESIAN_POINT ( 'NONE',  ( -103.0500540198000010, -1.173352580520000021, 41.79120423726000411 ) ) ;
#496 = ORIENTED_EDGE ( 'NONE', *, *, #4727, .F. ) ;
#497 = CARTESIAN_POINT ( 'NONE',  ( -119.4776496039000051, -12.83331034679999938, 41.57001309999999705 ) ) ;
#498 = CARTESIAN_POINT ( 'NONE',  ( -120.4768301820999881, 6.576354328323000153, 43.77000869999999821 ) ) ;
#499 = EDGE_LOOP ( 'NONE', ( #1594, #75, #5595, #7458 ) ) ;
#500 = DIRECTION ( 'NONE',  ( -0.8650550016415009535, 0.5016770316997010148, 2.609995267532005004E-13 ) ) ;
#501 = CIRCLE ( 'NONE', #7197, 13.99997199999999964 ) ;
#502 = DIRECTION ( 'NONE',  ( 1.000000000000000000, 0.000000000000000000, 0.000000000000000000 ) ) ;
#503 = EDGE_CURVE ( 'NONE', #6729, #3450, #1359, .T. ) ;
#504 = AXIS2_PLACEMENT_3D ( 'NONE', #1780, #3274, #5109 ) ;
#505 = ADVANCED_FACE ( 'NONE', ( #1521 ), #4502, .T. ) ;
#506 = VECTOR ( 'NONE', #4965, 1000.000000000000000 ) ;
#507 = ORIENTED_EDGE ( 'NONE', *, *, #1920, .T. ) ;
#508 = LINE ( 'NONE', #8750, #376 ) ;
#509 = CARTESIAN_POINT ( 'NONE',  ( -117.8499929999989888, 11.21609787978628603, 43.83020459845477745 ) ) ;
#510 = SURFACE_SIDE_STYLE ('',( #7622 ) ) ;
#511 = EDGE_LOOP ( 'NONE', ( #5636, #1194, #2282, #731 ) ) ;
#512 = AXIS2_PLACEMENT_3D ( 'NONE', #7179, #4950, #7919 ) ;
#513 = VERTEX_POINT ( 'NONE', #6393 ) ;
#514 = CARTESIAN_POINT ( 'NONE',  ( -98.50003170000000807, -9.149982299999999569, 36.27002670000000251 ) ) ;
#515 = LINE ( 'NONE', #3397, #3641 ) ;
#516 = AXIS2_PLACEMENT_3D ( 'NONE', #338, #6195, #8093 ) ;
#517 = CARTESIAN_POINT ( 'NONE',  ( -104.2526031785999976, -11.13084180102999987, 34.77002669999999540 ) ) ;
#518 = CARTESIAN_POINT ( 'NONE',  ( -114.3499999999999943, -1.199999999999999956, 33.17002990000000295 ) ) ;
#519 = CARTESIAN_POINT ( 'NONE',  ( -107.5000177000000008, 14.64996829999999939, 36.27002670000000251 ) ) ;
#520 = EDGE_CURVE ( 'NONE', #7708, #1708, #3947, .T. ) ;
#521 = CARTESIAN_POINT ( 'NONE',  ( -124.5463929884625287, 8.788253580369381979, 41.16583083556430012 ) ) ;
#522 = LINE ( 'NONE', #8677, #597 ) ;
#523 = CARTESIAN_POINT ( 'NONE',  ( -123.2223223961000116, -6.833322346797999103, 40.12001599999999968 ) ) ;
#524 = ORIENTED_EDGE ( 'NONE', *, *, #1612, .T. ) ;
#525 = VECTOR ( 'NONE', #165, 1000.000000000000000 ) ;
#526 = VERTEX_POINT ( 'NONE', #2169 ) ;
#527 = ORIENTED_EDGE ( 'NONE', *, *, #8511, .T. ) ;
#528 = CARTESIAN_POINT ( 'NONE',  ( -127.9431283001999873, 5.563834431559000038, 44.27001270000000233 ) ) ;
#529 = CARTESIAN_POINT ( 'NONE',  ( -122.4499823000000021, -17.73473213866999743, 34.77002669999999540 ) ) ;
#530 = CYLINDRICAL_SURFACE ( 'NONE', #5003, 0.2999993999999995831 ) ;
#531 = AXIS2_PLACEMENT_3D ( 'NONE', #2012, #2708, #5630 ) ;
#532 = DIRECTION ( 'NONE',  ( 1.000000000000000000, 0.000000000000000000, 0.000000000000000000 ) ) ;
#533 = AXIS2_PLACEMENT_3D ( 'NONE', #4251, #5533, #4951 ) ;
#534 = DIRECTION ( 'NONE',  ( 0.000000000000000000, 0.000000000000000000, 1.000000000000000000 ) ) ;
#535 = CARTESIAN_POINT ( 'NONE',  ( -101.2547226219756169, 2.186294653209610583, 42.21774690137539920 ) ) ;
#536 = VERTEX_POINT ( 'NONE', #809 ) ;
#537 = CARTESIAN_POINT ( 'NONE',  ( -171.5240056517999960, 13.64996830000000116, 35.17002670000000109 ) ) ;
#538 = DIRECTION ( 'NONE',  ( 0.000000000000000000, 0.000000000000000000, 1.000000000000000000 ) ) ;
#539 = VECTOR ( 'NONE', #3501, 1000.000000000000000 ) ;
#540 = DIRECTION ( 'NONE',  ( 0.000000000000000000, 0.000000000000000000, 1.000000000000000000 ) ) ;
#541 = ORIENTED_EDGE ( 'NONE', *, *, #8557, .F. ) ;
#542 = EDGE_CURVE ( 'NONE', #4367, #3896, #9039, .T. ) ;
#543 = ORIENTED_EDGE ( 'NONE', *, *, #6047, .F. ) ;
#544 = LINE ( 'NONE', #8310, #6802 ) ;
#545 = AXIS2_PLACEMENT_3D ( 'NONE', #205, #4522, #930 ) ;
#546 = DIRECTION ( 'NONE',  ( 0.000000000000000000, 0.000000000000000000, 1.000000000000000000 ) ) ;
#547 = CARTESIAN_POINT ( 'NONE',  ( -100.8192845371000033, 5.688203631603999888, 39.86605802304000434 ) ) ;
#548 = ORIENTED_EDGE ( 'NONE', *, *, #6793, .T. ) ;
#549 = EDGE_CURVE ( 'NONE', #3206, #6252, #1900, .T. ) ;
#550 = DIRECTION ( 'NONE',  ( 0.000000000000000000, 0.000000000000000000, 1.000000000000000000 ) ) ;
#551 = VECTOR ( 'NONE', #1925, 1000.000000000000000 ) ;
#552 = CARTESIAN_POINT ( 'NONE',  ( -123.2223223961000116, -5.849990700000000210, 40.12001599999999968 ) ) ;
#553 = DIRECTION ( 'NONE',  ( 0.000000000000000000, 1.000000000000000000, 0.000000000000000000 ) ) ;
#554 = EDGE_LOOP ( 'NONE', ( #8331, #8420, #3600, #256 ) ) ;
#555 = CARTESIAN_POINT ( 'NONE',  ( -114.3499999999999943, -1.199999999999999956, 41.77001269999999522 ) ) ;
#556 = CARTESIAN_POINT ( 'NONE',  ( -98.50003170000000807, -12.04997829999999936, 34.77002669999999540 ) ) ;
#557 = ORIENTED_EDGE ( 'NONE', *, *, #3197, .F. ) ;
#558 = PLANE ( 'NONE',  #756 ) ;
#559 = LINE ( 'NONE', #6115, #3627 ) ;
#560 = CARTESIAN_POINT ( 'NONE',  ( -114.3499999999999943, -1.199999999999999956, 39.86605802304000434 ) ) ;
#561 = B_SPLINE_CURVE_WITH_KNOTS ( 'NONE', 3,
 ( #1155, #1853, #4821, #8602, #1382, #517 ),
 .UNSPECIFIED., .F., .F.,
 ( 4, 1, 1, 4 ),
 ( 0.000000000000000000, 0.3333333333333000081, 0.6666666666667000474, 1.000000000000000000 ),
 .UNSPECIFIED. ) ;
#562 = ADVANCED_FACE ( 'NONE', ( #1592, #4743 ), #4069, .F. ) ;
#563 = LINE ( 'NONE', #4090, #7076 ) ;
#564 = ORIENTED_EDGE ( 'NONE', *, *, #2750, .T. ) ;
#565 = EDGE_CURVE ( 'NONE', #2179, #4930, #1752, .T. ) ;
#566 = EDGE_CURVE ( 'NONE', #4783, #2192, #4817, .T. ) ;
#567 = VECTOR ( 'NONE', #1231, 1000.000000000000000 ) ;
#568 = CARTESIAN_POINT ( 'NONE',  ( -114.3499999999999943, -1.199999999999999956, 33.67007864680999774 ) ) ;
#569 =( NAMED_UNIT ( * ) SI_UNIT ( $, .STERADIAN. ) SOLID_ANGLE_UNIT ( ) );
#570 = ADVANCED_FACE ( 'NONE', ( #4883 ), #4703, .F. ) ;
#571 = EDGE_LOOP ( 'NONE', ( #1515, #7831, #3555, #1306 ) ) ;
#572 = ORIENTED_EDGE ( 'NONE', *, *, #5030, .F. ) ;
#573 = DIRECTION ( 'NONE',  ( 0.000000000000000000, 1.000000000000000000, 0.000000000000000000 ) ) ;
#574 = VECTOR ( 'NONE', #7047, 1000.000000000000000 ) ;
#575 = AXIS2_PLACEMENT_3D ( 'NONE', #7399, #6774, #206 ) ;
#576 = DIRECTION ( 'NONE',  ( 0.9000496043595029860, 0.4357874593105015570, 0.000000000000000000 ) ) ;
#577 = CARTESIAN_POINT ( 'NONE',  ( -126.9361508713000006, 7.291843112617000244, 39.86629397768000160 ) ) ;
#578 = DIRECTION ( 'NONE',  ( 0.000000000000000000, 0.000000000000000000, -1.000000000000000000 ) ) ;
#579 = ADVANCED_FACE ( 'NONE', ( #4656 ), #1482, .T. ) ;
#580 = CARTESIAN_POINT ( 'NONE',  ( -123.1999823000000021, 13.64996830000000116, 35.17002670000000109 ) ) ;
#581 = DIRECTION ( 'NONE',  ( 0.8660254037959210782, 0.4999999999801120198, 2.028348460237049898E-14 ) ) ;
#582 = ORIENTED_EDGE ( 'NONE', *, *, #1004, .F. ) ;
#583 = DIRECTION ( 'NONE',  ( 0.000000000000000000, -1.000000000000000000, 0.000000000000000000 ) ) ;
#584 = EDGE_LOOP ( 'NONE', ( #3586, #3222, #8606, #416 ) ) ;
#585 = FACE_BOUND ( 'NONE', #7802, .T. ) ;
#586 = EDGE_CURVE ( 'NONE', #6292, #1714, #7789, .T. ) ;
#587 = VERTEX_POINT ( 'NONE', #6125 ) ;
#588 = ORIENTED_EDGE ( 'NONE', *, *, #2005, .F. ) ;
#589 = CARTESIAN_POINT ( 'NONE',  ( -101.5312960675999818, 7.040240278051000722, 41.77001269999999522 ) ) ;
#590 = CARTESIAN_POINT ( 'NONE',  ( -98.50003170000000807, -1.199999999999999956, 33.77002870000000456 ) ) ;
#591 = DIRECTION ( 'NONE',  ( 0.000000000000000000, 1.000000000000000000, 0.000000000000000000 ) ) ;
#592 = ORIENTED_EDGE ( 'NONE', *, *, #1870, .T. ) ;
#593 = APPLICATION_CONTEXT ( 'automotive_design' ) ;
#594 = DIRECTION ( 'NONE',  ( 0.000000000000000000, 0.000000000000000000, 1.000000000000000000 ) ) ;
#595 = AXIS2_PLACEMENT_3D ( 'NONE', #637, #7247, #1337 ) ;
#596 =( LENGTH_UNIT ( ) NAMED_UNIT ( * ) SI_UNIT ( .MILLI., .METRE. ) );
#597 = VECTOR ( 'NONE', #6676, 1000.000000000000000 ) ;
#598 = ORIENTED_EDGE ( 'NONE', *, *, #9055, .F. ) ;
#599 = EDGE_CURVE ( 'NONE', #5864, #813, #7538, .T. ) ;
#600 = CARTESIAN_POINT ( 'NONE',  ( -114.3499999999999943, 8.801408860230999665, 33.17002990000000295 ) ) ;
#601 = DIRECTION ( 'NONE',  ( 0.000000000000000000, 1.000000000000000000, 0.000000000000000000 ) ) ;
#602 = DIRECTION ( 'NONE',  ( 1.000000000000000000, 0.000000000000000000, 0.000000000000000000 ) ) ;
#603 = FACE_OUTER_BOUND ( 'NONE', #4714, .T. ) ;
#604 = CARTESIAN_POINT ( 'NONE',  ( -124.2999822999999964, 14.64996829999999939, 34.77002669999999540 ) ) ;
#605 = VERTEX_POINT ( 'NONE', #6576 ) ;
#606 = ORIENTED_EDGE ( 'NONE', *, *, #8979, .T. ) ;
#607 = LINE ( 'NONE', #8382, #350 ) ;
#608 = ORIENTED_EDGE ( 'NONE', *, *, #6913, .F. ) ;
#609 = CARTESIAN_POINT ( 'NONE',  ( -106.9148755639999990, 8.923897150909001041, 41.77001269999999522 ) ) ;
#610 = DIRECTION ( 'NONE',  ( 0.000000000000000000, 0.000000000000000000, -1.000000000000000000 ) ) ;
#611 = EDGE_LOOP ( 'NONE', ( #426, #557, #1680, #6648 ) ) ;
#612 = CARTESIAN_POINT ( 'NONE',  ( -125.1059311285556106, 6.230437226538947826, 44.15020621030567582 ) ) ;
#613 =( NAMED_UNIT ( * ) SI_UNIT ( $, .STERADIAN. ) SOLID_ANGLE_UNIT ( ) );
#614 = LINE ( 'NONE', #7081, #3697 ) ;
#615 = AXIS2_PLACEMENT_3D ( 'NONE', #8137, #2289, #8079 ) ;
#616 = CARTESIAN_POINT ( 'NONE',  ( -120.1584992248999981, -12.36664405319999993, 41.57001309999999705 ) ) ;
#617 = ORIENTED_EDGE ( 'NONE', *, *, #1322, .F. ) ;
#618 = PLANE ( 'NONE',  #4895 ) ;
#619 = CARTESIAN_POINT ( 'NONE',  ( -130.8499683000000005, -13.73473213867000098, 34.77002669999999540 ) ) ;
#620 = ORIENTED_EDGE ( 'NONE', *, *, #710, .T. ) ;
#621 = CARTESIAN_POINT ( 'NONE',  ( -130.1999682999999948, -12.04997829999999936, 32.77003069999999951 ) ) ;
#622 = CARTESIAN_POINT ( 'NONE',  ( -101.6800964173999944, 7.038730827171000293, 39.96620521024000539 ) ) ;
#623 = AXIS2_PLACEMENT_3D ( 'NONE', #6891, #8112, #4538 ) ;
#624 = EDGE_LOOP ( 'NONE', ( #4986, #8064 ) ) ;
#625 = B_SPLINE_CURVE_WITH_KNOTS ( 'NONE', 3,
 ( #380, #6986, #8946, #7435 ),
 .UNSPECIFIED., .F., .F.,
 ( 4, 4 ),
 ( 0.000000000000000000, 1.000000000000000000 ),
 .UNSPECIFIED. ) ;
#626 = CIRCLE ( 'NONE', #7935, 12.89997819999999784 ) ;
#627 = DIRECTION ( 'NONE',  ( 0.000000000000000000, 0.000000000000000000, -1.000000000000000000 ) ) ;
#628 = ORIENTED_EDGE ( 'NONE', *, *, #4053, .T. ) ;
#629 = VERTEX_POINT ( 'NONE', #6643 ) ;
#630 = CARTESIAN_POINT ( 'NONE',  ( -126.6942590764000016, -9.250719883900998752, 37.01870186042999933 ) ) ;
#631 = VERTEX_POINT ( 'NONE', #2094 ) ;
#632 = LINE ( 'NONE', #3204, #3805 ) ;
#633 = CARTESIAN_POINT ( 'NONE',  ( -104.4000177000000065, -16.44996829999999832, 35.17002670000000109 ) ) ;
#634 = DIRECTION ( 'NONE',  ( 0.000000000000000000, 1.000000000000000000, 0.000000000000000000 ) ) ;
#635 = CARTESIAN_POINT ( 'NONE',  ( -114.3499999999999943, -1.199999999999999956, 32.72003080000000352 ) ) ;
#636 = CARTESIAN_POINT ( 'NONE',  ( -104.5320331883000051, -10.96879011927999947, 38.42001940000000104 ) ) ;
#637 = CARTESIAN_POINT ( 'NONE',  ( -114.3499999999999943, -1.199999999999999956, 33.03767247808000462 ) ) ;
#638 = EDGE_LOOP ( 'NONE', ( #3681, #3364, #5775, #5251, #6549 ) ) ;
#639 = CARTESIAN_POINT ( 'NONE',  ( -105.5000177000000008, -16.54996829999999974, 34.77002669999999540 ) ) ;
#640 = AXIS2_PLACEMENT_3D ( 'NONE', #2597, #8381, #4234 ) ;
#641 = CYLINDRICAL_SURFACE ( 'NONE', #5826, 13.99997199999999964 ) ;
#642 = AXIS2_PLACEMENT_3D ( 'NONE', #4099, #7881, #4782 ) ;
#643 = ORIENTED_EDGE ( 'NONE', *, *, #4678, .T. ) ;
#644 = EDGE_CURVE ( 'NONE', #5095, #3557, #2447, .T. ) ;
#645 = ORIENTED_EDGE ( 'NONE', *, *, #7449, .T. ) ;
#646 = CARTESIAN_POINT ( 'NONE',  ( -114.3499999999999943, -1.199999999999999956, 48.12000000000000455 ) ) ;
#647 = EDGE_LOOP ( 'NONE', ( #2742, #4792, #8903, #7932 ) ) ;
#648 = CARTESIAN_POINT ( 'NONE',  ( -114.3499999999999943, -16.74996889999999894, 33.27002970000000204 ) ) ;
#649 = DIRECTION ( 'NONE',  ( 0.000000000000000000, 0.000000000000000000, -1.000000000000000000 ) ) ;
#650 = FACE_OUTER_BOUND ( 'NONE', #4939, .T. ) ;
#651 = ORIENTED_EDGE ( 'NONE', *, *, #9234, .F. ) ;
#652 = DIRECTION ( 'NONE',  ( 0.000000000000000000, 0.000000000000000000, -1.000000000000000000 ) ) ;
#653 = DIRECTION ( 'NONE',  ( 1.000000000000000000, 0.000000000000000000, 0.000000000000000000 ) ) ;
#654 = EDGE_CURVE ( 'NONE', #3177, #7029, #7639, .T. ) ;
#655 = ORIENTED_EDGE ( 'NONE', *, *, #6193, .F. ) ;
#656 = CARTESIAN_POINT ( 'NONE',  ( -99.50003170000000807, 61.92493664154000044, 35.17002670000000109 ) ) ;
#657 = CARTESIAN_POINT ( 'NONE',  ( -125.3567474481999966, 9.258207485727000474, 34.77002669999999540 ) ) ;
#658 = DIRECTION ( 'NONE',  ( 0.000000000000000000, 0.000000000000000000, 1.000000000000000000 ) ) ;
#659 = LINE ( 'NONE', #6678, #7052 ) ;
#660 = CARTESIAN_POINT ( 'NONE',  ( -110.8500070000000051, -14.60043960886000036, 41.77001269999999522 ) ) ;
#661 = AXIS2_PLACEMENT_3D ( 'NONE', #3542, #4247, #8857 ) ;
#662 = ORIENTED_EDGE ( 'NONE', *, *, #6689, .F. ) ;
#663 = ORIENTED_EDGE ( 'NONE', *, *, #3631, .F. ) ;
#664 = VERTEX_POINT ( 'NONE', #7222 ) ;
#665 = CIRCLE ( 'NONE', #4435, 10.89997819999999962 ) ;
#666 = EDGE_CURVE ( 'NONE', #7751, #6019, #4515, .T. ) ;
#667 = CARTESIAN_POINT ( 'NONE',  ( -114.3499999999999943, -10.29998179999999941, 40.62001500000000220 ) ) ;
#668 = ORIENTED_EDGE ( 'NONE', *, *, #8071, .T. ) ;
#669 = DIRECTION ( 'NONE',  ( 0.7249403170636936622, -0.6888116844940940231, 0.000000000000000000 ) ) ;
#670 = CARTESIAN_POINT ( 'NONE',  ( -110.8500070000000051, 12.50986014705666882, 41.34156915486666151 ) ) ;
#671 = EDGE_CURVE ( 'NONE', #9162, #3265, #1286, .T. ) ;
#672 = ORIENTED_EDGE ( 'NONE', *, *, #8810, .F. ) ;
#673 = EDGE_CURVE ( 'NONE', #5482, #7870, #7655, .T. ) ;
#674 = DIRECTION ( 'NONE',  ( 0.000000000000000000, 0.000000000000000000, -1.000000000000000000 ) ) ;
#675 = DIRECTION ( 'NONE',  ( 1.000000000000000000, 0.000000000000000000, 0.000000000000000000 ) ) ;
#676 = ORIENTED_EDGE ( 'NONE', *, *, #1520, .F. ) ;
#677 = DIRECTION ( 'NONE',  ( 1.000000000000000000, 0.000000000000000000, 0.000000000000000000 ) ) ;
#678 = CARTESIAN_POINT ( 'NONE',  ( -114.3499999999999943, -1.199999999999999956, 40.12001599999999968 ) ) ;
#679 = ORIENTED_EDGE ( 'NONE', *, *, #5551, .T. ) ;
#680 = CARTESIAN_POINT ( 'NONE',  ( -108.8500070000000051, 11.77400539734666829, 35.98669093333332825 ) ) ;
#681 = CIRCLE ( 'NONE', #2875, 0.5499989000000019557 ) ;
#682 = CARTESIAN_POINT ( 'NONE',  ( -102.1666320295999952, 6.757829360520999806, 40.76737402085000639 ) ) ;
#683 = ORIENTED_EDGE ( 'NONE', *, *, #6706, .T. ) ;
#684 = EDGE_CURVE ( 'NONE', #6303, #5572, #8159, .T. ) ;
#685 = ORIENTED_EDGE ( 'NONE', *, *, #6855, .T. ) ;
#686 = AXIS2_PLACEMENT_3D ( 'NONE', #8008, #8564, #5105 ) ;
#687 = VECTOR ( 'NONE', #3230, 1000.000000000000227 ) ;
#688 = EDGE_CURVE ( 'NONE', #4718, #8345, #8021, .T. ) ;
#689 = CARTESIAN_POINT ( 'NONE',  ( -117.8499734869601951, 11.32247265639393774, 44.07402097686419040 ) ) ;
#690 = ORIENTED_EDGE ( 'NONE', *, *, #53, .T. ) ;
#691 = EDGE_CURVE ( 'NONE', #9230, #1315, #4787, .T. ) ;
#692 = EDGE_LOOP ( 'NONE', ( #1181, #5941, #9201, #7385 ) ) ;
#693 = DIRECTION ( 'NONE',  ( -0.8952878028859769799, 0.4454882153363880493, 0.000000000000000000 ) ) ;
#694 = CARTESIAN_POINT ( 'NONE',  ( -126.9361508713000006, 7.291843112628000334, 39.86629397768000160 ) ) ;
#695 = DIRECTION ( 'NONE',  ( 0.4477826777602228470, 0.8941424234974451046, 0.000000000000000000 ) ) ;
#696 = CARTESIAN_POINT ( 'NONE',  ( -121.1999822999999878, -14.78486798330999896, 34.77002669999999540 ) ) ;
#697 = DIRECTION ( 'NONE',  ( 0.000000000000000000, 0.000000000000000000, -1.000000000000000000 ) ) ;
#698 = CARTESIAN_POINT ( 'NONE',  ( -114.3499999999999943, 8.801408860231999753, 33.17002990000000295 ) ) ;
#699 = ORIENTED_EDGE ( 'NONE', *, *, #4806, .F. ) ;
#700 = ORIENTED_EDGE ( 'NONE', *, *, #7540, .T. ) ;
#701 = VECTOR ( 'NONE', #8403, 1000.000000000000000 ) ;
#702 = AXIS2_PLACEMENT_3D ( 'NONE', #7350, #5138, #6149 ) ;
#703 = VERTEX_POINT ( 'NONE', #7103 ) ;
#704 = EDGE_LOOP ( 'NONE', ( #6260, #6573, #9347, #6374 ) ) ;
#705 = LINE ( 'NONE', #621, #6996 ) ;
#706 = CARTESIAN_POINT ( 'NONE',  ( -119.2308214005000053, -10.94613293655000064, 41.77001269999999522 ) ) ;
#707 = CARTESIAN_POINT ( 'NONE',  ( -106.6398761140000033, 8.447584131456000733, 41.17001390000000072 ) ) ;
#708 = CYLINDRICAL_SURFACE ( 'NONE', #9193, 13.99997199999999964 ) ;
#709 = ADVANCED_FACE ( 'NONE', ( #8055 ), #4932, .F. ) ;
#710 = EDGE_CURVE ( 'NONE', #2793, #6786, #8084, .T. ) ;
#711 = CARTESIAN_POINT ( 'NONE',  ( -127.6873560263999963, 2.533184556928999687, 38.42001940000000104 ) ) ;
#712 = AXIS2_PLACEMENT_3D ( 'NONE', #6367, #7963, #4867 ) ;
#713 = CARTESIAN_POINT ( 'NONE',  ( -115.8332367308999977, 14.64996830001000028, 34.77002669999999540 ) ) ;
#714 = EDGE_LOOP ( 'NONE', ( #8591, #6287, #8614, #5509 ) ) ;
#715 = CARTESIAN_POINT ( 'NONE',  ( -123.4499818000000033, -1.200000000066999917, 40.62001500000000220 ) ) ;
#716 = EDGE_CURVE ( 'NONE', #451, #7364, #4771, .T. ) ;
#717 = CARTESIAN_POINT ( 'NONE',  ( -114.3499999999999943, -1.199999999999999956, 34.17012739361999962 ) ) ;
#718 = CARTESIAN_POINT ( 'NONE',  ( -114.3499999999999943, -1.199999999999999956, 44.27001270000000233 ) ) ;
#719 = CARTESIAN_POINT ( 'NONE',  ( -119.8499596256333461, 10.66732931645065108, 44.15442404558877598 ) ) ;
#720 = ORIENTED_EDGE ( 'NONE', *, *, #1239, .T. ) ;
#721 = AXIS2_PLACEMENT_3D ( 'NONE', #7792, #1093, #1905 ) ;
#722 = EDGE_LOOP ( 'NONE', ( #4334, #2839, #6651, #700, #5972, #2613, #6158, #2928 ) ) ;
#723 = VECTOR ( 'NONE', #3590, 1000.000000000000114 ) ;
#724 = VECTOR ( 'NONE', #7957, 1000.000000000000114 ) ;
#725 = CARTESIAN_POINT ( 'NONE',  ( -106.4328207066999994, 7.140729346913999187, 42.27001269999999522 ) ) ;
#726 = EDGE_CURVE ( 'NONE', #629, #6849, #1822, .T. ) ;
#727 = DIRECTION ( 'NONE',  ( -0.8660254037847886499, -0.4999999999993937627, 0.000000000000000000 ) ) ;
#728 = VERTEX_POINT ( 'NONE', #616 ) ;
#729 = DIRECTION ( 'NONE',  ( -1.000000000000000000, 0.000000000000000000, 0.000000000000000000 ) ) ;
#730 = PLANE ( 'NONE',  #1648 ) ;
#731 = ORIENTED_EDGE ( 'NONE', *, *, #4400, .T. ) ;
#732 = FACE_OUTER_BOUND ( 'NONE', #4044, .T. ) ;
#733 = CARTESIAN_POINT ( 'NONE',  ( -114.3499999999999943, -1.199999999999999956, 41.57001309999999705 ) ) ;
#734 = CARTESIAN_POINT ( 'NONE',  ( -104.2498577610507340, 7.803144750683046915, 42.21907158190860798 ) ) ;
#735 = CARTESIAN_POINT ( 'NONE',  ( -123.2223223961000116, -6.833322346797999103, 40.32001560000000495 ) ) ;
#736 = VERTEX_POINT ( 'NONE', #1308 ) ;
#737 = CARTESIAN_POINT ( 'NONE',  ( -122.2999822999999964, -16.44996829999999832, 36.27002670000000251 ) ) ;
#738 = VERTEX_POINT ( 'NONE', #3527 ) ;
#739 = CARTESIAN_POINT ( 'NONE',  ( -103.7865109298000021, 8.393997296921998696, 41.17001390000000072 ) ) ;
#740 = VECTOR ( 'NONE', #4118, 1000.000000000000000 ) ;
#741 = LINE ( 'NONE', #3934, #7056 ) ;
#742 = PLANE ( 'NONE',  #4383 ) ;
#743 = AXIS2_PLACEMENT_3D ( 'NONE', #9305, #9243, #440 ) ;
#744 = CARTESIAN_POINT ( 'NONE',  ( -129.1999682999999948, -10.08474613867000080, 34.77002669999999540 ) ) ;
#745 = AXIS2_PLACEMENT_3D ( 'NONE', #1076, #3199, #6616 ) ;
#746 = ORIENTED_EDGE ( 'NONE', *, *, #2439, .T. ) ;
#747 = CYLINDRICAL_SURFACE ( 'NONE', #417, 9.099981800000000121 ) ;
#748 = DIRECTION ( 'NONE',  ( -0.7274423391644803116, -0.6861688153733811468, 0.000000000000000000 ) ) ;
#749 = CARTESIAN_POINT ( 'NONE',  ( 0.000000000000000000, 0.000000000000000000, 0.000000000000000000 ) ) ;
#750 = ORIENTED_EDGE ( 'NONE', *, *, #4421, .F. ) ;
#751 = EDGE_CURVE ( 'NONE', #469, #4541, #8103, .T. ) ;
#752 = DIRECTION ( 'NONE',  ( 0.000000000000000000, 0.000000000000000000, 1.000000000000000000 ) ) ;
#753 = CYLINDRICAL_SURFACE ( 'NONE', #3982, 13.84997229999999924 ) ;
#754 = VERTEX_POINT ( 'NONE', #8647 ) ;
#755 = DIRECTION ( 'NONE',  ( 0.000000000000000000, 0.000000000000000000, 1.000000000000000000 ) ) ;
#756 = AXIS2_PLACEMENT_3D ( 'NONE', #7606, #4744, #6244 ) ;
#757 = DIRECTION ( 'NONE',  ( 1.000000000000000000, 0.000000000000000000, 0.000000000000000000 ) ) ;
#758 = CARTESIAN_POINT ( 'NONE',  ( -126.9450523917000027, -7.547998305646999917, 35.77002470000000045 ) ) ;
#759 = CARTESIAN_POINT ( 'NONE',  ( -126.0933768389035379, 4.491090990555184348, 44.12686597458222337 ) ) ;
#760 = LINE ( 'NONE', #3561, #3692 ) ;
#761 = AXIS2_PLACEMENT_3D ( 'NONE', #6408, #8501, #601 ) ;
#762 = DIRECTION ( 'NONE',  ( 0.000000000000000000, 0.000000000000000000, 1.000000000000000000 ) ) ;
#763 = ORIENTED_EDGE ( 'NONE', *, *, #1033, .T. ) ;
#764 = EDGE_CURVE ( 'NONE', #3535, #1708, #1841, .T. ) ;
#765 = VECTOR ( 'NONE', #2732, 1000.000000000000000 ) ;
#766 = ORIENTED_EDGE ( 'NONE', *, *, #8837, .F. ) ;
#767 = VECTOR ( 'NONE', #500, 1000.000000000000000 ) ;
#768 = DIRECTION ( 'NONE',  ( 0.000000000000000000, 0.000000000000000000, 1.000000000000000000 ) ) ;
#769 = CARTESIAN_POINT ( 'NONE',  ( -123.2223223961000116, -7.499987700000000146, 40.32001560000000495 ) ) ;
#770 = DIRECTION ( 'NONE',  ( 0.000000000000000000, 0.000000000000000000, 1.000000000000000000 ) ) ;
#771 = FACE_OUTER_BOUND ( 'NONE', #6906, .T. ) ;
#772 = VERTEX_POINT ( 'NONE', #83 ) ;
#773 = EDGE_CURVE ( 'NONE', #8444, #7230, #4982, .T. ) ;
#774 = DIRECTION ( 'NONE',  ( 0.000000000000000000, -1.000000000000000000, 0.000000000000000000 ) ) ;
#775 = DIRECTION ( 'NONE',  ( -0.3883464692379020033, 0.9215134398534050586, 0.000000000000000000 ) ) ;
#776 = CARTESIAN_POINT ( 'NONE',  ( -104.1006906143000066, 3.716006648942999924, 42.25360239076999846 ) ) ;
#777 = AXIS2_PLACEMENT_3D ( 'NONE', #4990, #5756, #3638 ) ;
#778 = VERTEX_POINT ( 'NONE', #2232 ) ;
#779 = DIRECTION ( 'NONE',  ( 0.000000000000000000, 0.000000000000000000, -1.000000000000000000 ) ) ;
#780 = ADVANCED_FACE ( 'NONE', ( #7697 ), #1454, .F. ) ;
#781 =( NAMED_UNIT ( * ) PLANE_ANGLE_UNIT ( ) SI_UNIT ( $, .RADIAN. ) );
#782 = DIRECTION ( 'NONE',  ( 0.2527075812274051092, -0.9675427010681204587, 0.000000000000000000 ) ) ;
#783 = EDGE_CURVE ( 'NONE', #3753, #8730, #7820, .T. ) ;
#784 = FACE_OUTER_BOUND ( 'NONE', #8313, .T. ) ;
#785 = PLANE ( 'NONE',  #8463 ) ;
#786 = ORIENTED_EDGE ( 'NONE', *, *, #5790, .F. ) ;
#787 = LINE ( 'NONE', #8086, #959 ) ;
#788 = ORIENTED_EDGE ( 'NONE', *, *, #6345, .F. ) ;
#789 = ADVANCED_FACE ( 'NONE', ( #1567 ), #8604, .T. ) ;
#790 = CARTESIAN_POINT ( 'NONE',  ( -128.1604707477000034, -2.245289643235000021, 41.77001269999999522 ) ) ;
#791 = CYLINDRICAL_SURFACE ( 'NONE', #8716, 10.89997820000000672 ) ;
#792 = EDGE_CURVE ( 'NONE', #6404, #6933, #3209, .T. ) ;
#793 = CARTESIAN_POINT ( 'NONE',  ( -126.8499683000000005, -17.73473213866999743, 34.77002669999999540 ) ) ;
#794 = ORIENTED_EDGE ( 'NONE', *, *, #3633, .T. ) ;
#795 = CARTESIAN_POINT ( 'NONE',  ( -125.0342055996250537, 6.188811496122875511, 44.05708857904152609 ) ) ;
#796 = DIRECTION ( 'NONE',  ( -2.539037268733924750E-17, -1.483866526534335905E-14, 1.000000000000000000 ) ) ;
#797 = FACE_OUTER_BOUND ( 'NONE', #6040, .T. ) ;
#798 = DIRECTION ( 'NONE',  ( -0.000000000000000000, 1.000000000000000000, 0.000000000000000000 ) ) ;
#799 = PRODUCT ( 'MANIFOLD_SOLID_BREP_161_1_1^AS03208AS-HT_AS03208AS-HT_Ass', 'MANIFOLD_SOLID_BREP_161_1_1^AS03208AS-HT_AS03208AS-HT_Ass', '', ( #1621 ) ) ;
#800 = DIRECTION ( 'NONE',  ( 1.000000000000000000, 0.000000000000000000, 0.000000000000000000 ) ) ;
#801 = CARTESIAN_POINT ( 'NONE',  ( -105.5000177000000008, -16.04996829999999974, 35.17002670000000109 ) ) ;
#802 = ORIENTED_EDGE ( 'NONE', *, *, #8547, .T. ) ;
#803 = DIRECTION ( 'NONE',  ( 0.000000000000000000, 0.000000000000000000, 1.000000000000000000 ) ) ;
#804 = DIRECTION ( 'NONE',  ( 0.000000000000000000, 0.000000000000000000, 1.000000000000000000 ) ) ;
#805 = CARTESIAN_POINT ( 'NONE',  ( -125.9634704079999921, 4.415758421010999690, 43.77001270000000233 ) ) ;
#806 = VECTOR ( 'NONE', #2312, 1000.000000000000000 ) ;
#807 = PLANE ( 'NONE',  #9034 ) ;
#808 = ORIENTED_EDGE ( 'NONE', *, *, #7658, .T. ) ;
#809 = CARTESIAN_POINT ( 'NONE',  ( -122.2999822999999964, -16.04996829999999974, 34.77002669999999540 ) ) ;
#810 = EDGE_CURVE ( 'NONE', #3529, #2142, #2074, .T. ) ;
#811 = LINE ( 'NONE', #9334, #6791 ) ;
#812 = ADVANCED_BREP_SHAPE_REPRESENTATION ( '', ( #7541, #2466 ), #4789 ) ;
#813 = VERTEX_POINT ( 'NONE', #1664 ) ;
#814 = B_SPLINE_CURVE_WITH_KNOTS ( 'NONE', 3,
 ( #6274, #2570, #3232, #4531, #5546, #7016, #6088, #4772, #8106, #2445, #1801, #3172, #1616, #2384, #3852, #6025, #3298, #4025, #5479, #354, #6780, #6834 ),
 .UNSPECIFIED., .F., .F.,
 ( 4, 2, 2, 1, 1, 2, 2, 2, 2, 2, 2, 4 ),
 ( 0.000000000000000000, 0.1249999999997972178, 0.1874999999996988798, 0.2187499999996551925, 0.2343749999996457556, 0.2421874999996410371, 0.2499999999996362909, 0.3749999999996464495, 0.4374999999996541655, 0.4687499999996668776, 0.4999999999996795896, 1.000000000000000000 ),
 .UNSPECIFIED. ) ;
#815 = MANIFOLD_SOLID_BREP ( 'Imported1', #265 ) ;
#816 = VECTOR ( 'NONE', #3346, 1000.000000000000114 ) ;
#817 = CARTESIAN_POINT ( 'NONE',  ( -114.3499999999999943, -1.199999999999999956, 33.27002970000000204 ) ) ;
#818 = B_SPLINE_CURVE_WITH_KNOTS ( 'NONE', 3,
 ( #8739, #3187, #2639, #4609, #6161, #233, #3928, #6101, #6841, #8767, #130, #1538, #3576, #8827, #725 ),
 .UNSPECIFIED., .F., .F.,
 ( 4, 2, 2, 1, 1, 1, 2, 2, 4 ),
 ( 0.000000000000000000, 0.5000000000006842305, 0.6250000000008752998, 0.6875000000009666712, 0.7187500000009993117, 0.7343750000010317303, 0.7421875000010479395, 0.7500000000010642598, 1.000000000000000000 ),
 .UNSPECIFIED. ) ;
#819 = ORIENTED_EDGE ( 'NONE', *, *, #6677, .F. ) ;
#820 = APPLICATION_PROTOCOL_DEFINITION ( 'draft international standard', 'automotive_design', 1998, #7462 ) ;
#821 = ORIENTED_EDGE ( 'NONE', *, *, #3667, .T. ) ;
#822 = PRODUCT_RELATED_PRODUCT_CATEGORY ( 'part', '', ( #7501 ) ) ;
#823 = EDGE_CURVE ( 'NONE', #5685, #1315, #5189, .T. ) ;
#824 = DIRECTION ( 'NONE',  ( 0.000000000000000000, 0.000000000000000000, 1.000000000000000000 ) ) ;
#825 = LINE ( 'NONE', #4317, #3971 ) ;
#826 = ORIENTED_EDGE ( 'NONE', *, *, #141, .T. ) ;
#827 = CARTESIAN_POINT ( 'NONE',  ( -114.3499999999999943, -13.69997500000000024, 40.12001599999999968 ) ) ;
#828 = DIRECTION ( 'NONE',  ( 0.000000000000000000, 0.000000000000000000, 1.000000000000000000 ) ) ;
#829 = ADVANCED_FACE ( 'NONE', ( #8573 ), #8961, .T. ) ;
#830 = DIRECTION ( 'NONE',  ( -7.602822478278000370E-13, -7.673876893962999449E-13, -1.000000000000000000 ) ) ;
#831 = CARTESIAN_POINT ( 'NONE',  ( -103.5000217000000049, -17.04996829999999974, 32.77003069999999951 ) ) ;
#832 = SURFACE_STYLE_FILL_AREA ( #5716 ) ;
#833 = ORIENTED_EDGE ( 'NONE', *, *, #3381, .T. ) ;
#834 = VERTEX_POINT ( 'NONE', #8843 ) ;
#835 = DIRECTION ( 'NONE',  ( 1.000000000000000000, 0.000000000000000000, 0.000000000000000000 ) ) ;
#836 = DIRECTION ( 'NONE',  ( 0.000000000000000000, 1.000000000000000000, 0.000000000000000000 ) ) ;
#837 = DIRECTION ( 'NONE',  ( -1.000000000000000000, 0.000000000000000000, 0.000000000000000000 ) ) ;
#838 = LINE ( 'NONE', #4412, #7072 ) ;
#839 = ORIENTED_EDGE ( 'NONE', *, *, #2615, .F. ) ;
#840 = CARTESIAN_POINT ( 'NONE',  ( -104.4000177000000065, -17.04996829999999974, 34.77002669999999540 ) ) ;
#841 = CARTESIAN_POINT ( 'NONE',  ( -125.9634704079999921, 4.415758421006000134, 41.77001269999999522 ) ) ;
#842 = AXIS2_PLACEMENT_3D ( 'NONE', #2316, #4884, #5658 ) ;
#843 = ORIENTED_EDGE ( 'NONE', *, *, #8337, .T. ) ;
#844 = CARTESIAN_POINT ( 'NONE',  ( -114.3499999999999943, -1.199999999999999956, 46.92000240000000133 ) ) ;
#845 = EDGE_LOOP ( 'NONE', ( #1658, #4261, #2034, #4143 ) ) ;
#846 = CARTESIAN_POINT ( 'NONE',  ( -107.5000177000000008, 14.64996829999999939, 34.77002669999999540 ) ) ;
#847 = CARTESIAN_POINT ( 'NONE',  ( -124.2999822999999964, 14.64996829999999939, 36.27002670000000251 ) ) ;
#848 = EDGE_CURVE ( 'NONE', #3656, #9009, #5256, .T. ) ;
#849 = VERTEX_POINT ( 'NONE', #6137 ) ;
#850 = CARTESIAN_POINT ( 'NONE',  ( -105.2500181999999995, -1.199988252562000035, 42.97000441534000004 ) ) ;
#851 = CARTESIAN_POINT ( 'NONE',  ( -114.3499999999999943, -1.199999999999999956, 43.77001270000000233 ) ) ;
#852 = CARTESIAN_POINT ( 'NONE',  ( -121.2562039745999982, 7.232904091838999960, 41.77001269999999522 ) ) ;
#853 = CARTESIAN_POINT ( 'NONE',  ( -114.3499999999999943, 8.801408860238000287, 33.17002990000000295 ) ) ;
#854 = ORIENTED_EDGE ( 'NONE', *, *, #8774, .T. ) ;
#855 = DIRECTION ( 'NONE',  ( 1.000000000000000000, 0.000000000000000000, 0.000000000000000000 ) ) ;
#856 = ADVANCED_FACE ( 'NONE', ( #2023 ), #5949, .F. ) ;
#857 = AXIS2_PLACEMENT_3D ( 'NONE', #7245, #1388, #5783 ) ;
#858 = VECTOR ( 'NONE', #6136, 1000.000000000000114 ) ;
#859 = CARTESIAN_POINT ( 'NONE',  ( -119.2308214005000053, -10.94613293653999975, 41.17001390000000072 ) ) ;
#860 = CARTESIAN_POINT ( 'NONE',  ( -104.1939862636000100, 8.158741303261999533, 41.77001269999999522 ) ) ;
#861 = FILL_AREA_STYLE ('',( #2431 ) ) ;
#862 = ORIENTED_EDGE ( 'NONE', *, *, #6622, .F. ) ;
#863 = CARTESIAN_POINT ( 'NONE',  ( -120.1584992248999981, -12.36664405319999993, 41.57001309999999705 ) ) ;
#864 = CARTESIAN_POINT ( 'NONE',  ( -114.3506579201000051, -1.183702654446000091, 41.17001390000000072 ) ) ;
#865 = LINE ( 'NONE', #2197, #4131 ) ;
#866 = DIRECTION ( 'NONE',  ( 0.000000000000000000, 0.000000000000000000, -1.000000000000000000 ) ) ;
#867 = ADVANCED_FACE ( 'NONE', ( #2146 ), #2163, .F. ) ;
#868 = SURFACE_STYLE_FILL_AREA ( #2668 ) ;
#869 = EDGE_CURVE ( 'NONE', #4379, #6543, #8338, .T. ) ;
#871 = VERTEX_POINT ( 'NONE', #1732 ) ;
#870 = UNCERTAINTY_MEASURE_WITH_UNIT (LENGTH_MEASURE( 1.000000000000000082E-05 ), #5657, 'distance_accuracy_value', 'NONE');
#872 = FACE_OUTER_BOUND ( 'NONE', #8263, .T. ) ;
#873 = CARTESIAN_POINT ( 'NONE',  ( -120.1584992248999981, -12.83331034679999938, 41.57001309999999705 ) ) ;
#874 = CARTESIAN_POINT ( 'NONE',  ( -108.8500070000000051, 11.51109002841999995, 38.42001940000000104 ) ) ;
#875 = AXIS2_PLACEMENT_3D ( 'NONE', #6825, #8965, #9078 ) ;
#876 = ORIENTED_EDGE ( 'NONE', *, *, #5649, .F. ) ;
#877 =( NAMED_UNIT ( * ) SI_UNIT ( $, .STERADIAN. ) SOLID_ANGLE_UNIT ( ) );
#878 = VERTEX_POINT ( 'NONE', #3090 ) ;
#879 = PLANE ( 'NONE',  #842 ) ;
#880 = VECTOR ( 'NONE', #6988, 1000.000000000000000 ) ;
#881 = CYLINDRICAL_SURFACE ( 'NONE', #702, 15.18313571722000610 ) ;
#882 = ORIENTED_EDGE ( 'NONE', *, *, #3589, .T. ) ;
#883 = EDGE_CURVE ( 'NONE', #7727, #3978, #8320, .T. ) ;
#884 = DIRECTION ( 'NONE',  ( 0.000000000000000000, 0.000000000000000000, 1.000000000000000000 ) ) ;
#885 = ORIENTED_EDGE ( 'NONE', *, *, #7969, .T. ) ;
#886 = DIRECTION ( 'NONE',  ( 0.000000000000000000, 0.000000000000000000, 1.000000000000000000 ) ) ;
#887 = DIRECTION ( 'NONE',  ( 1.000000000000000000, 0.000000000000000000, 0.000000000000000000 ) ) ;
#888 = CARTESIAN_POINT ( 'NONE',  ( -126.1744586176420313, 4.538321487861532333, 44.20034043433658866 ) ) ;
#889 = CARTESIAN_POINT ( 'NONE',  ( -110.8500070000000051, -14.60043960886000036, 38.42001940000000104 ) ) ;
#890 = ORIENTED_EDGE ( 'NONE', *, *, #8879, .T. ) ;
#891 = EDGE_CURVE ( 'NONE', #4497, #6189, #5389, .T. ) ;
#892 = LINE ( 'NONE', #3599, #4126 ) ;
#893 = ORIENTED_EDGE ( 'NONE', *, *, #6902, .T. ) ;
#894 = PRESENTATION_LAYER_ASSIGNMENT (  '', '', ( #8658 ) ) ;
#895 = CARTESIAN_POINT ( 'NONE',  ( -122.5414727750999901, -6.516656053202000365, 40.12001599999999968 ) ) ;
#896 = PLANE ( 'NONE',  #2191 ) ;
#897 = LINE ( 'NONE', #8792, #4023 ) ;
#898 = CARTESIAN_POINT ( 'NONE',  ( -101.2057425235999943, 5.465082009127000262, 37.01870186042999933 ) ) ;
#899 = ORIENTED_EDGE ( 'NONE', *, *, #4814, .F. ) ;
#900 = EDGE_CURVE ( 'NONE', #7862, #8508, #8285, .T. ) ;
#901 = EDGE_CURVE ( 'NONE', #395, #2427, #2054, .T. ) ;
#902 = ADVANCED_FACE ( 'NONE', ( #2365 ), #8148, .F. ) ;
#903 = CARTESIAN_POINT ( 'NONE',  ( -112.8667632691000051, 14.64996830001000028, 32.77003069999999951 ) ) ;
#904 = ORIENTED_EDGE ( 'NONE', *, *, #8921, .F. ) ;
#905 = CARTESIAN_POINT ( 'NONE',  ( -106.6398761140000033, 8.447584131454998868, 41.11078210476999573 ) ) ;
#906 = SURFACE_SIDE_STYLE ('',( #5912 ) ) ;
#907 = AXIS2_PLACEMENT_3D ( 'NONE', #4796, #9179, #550 ) ;
#908 = CARTESIAN_POINT ( 'NONE',  ( 0.000000000000000000, 0.000000000000000000, 36.27002670000000251 ) ) ;
#909 = VECTOR ( 'NONE', #5837, 1000.000000000000000 ) ;
#910 = CARTESIAN_POINT ( 'NONE',  ( -114.3499999999999943, -1.199999999999999956, 33.27002970000000204 ) ) ;
#911 = ORIENTED_EDGE ( 'NONE', *, *, #6076, .F. ) ;
#912 = VECTOR ( 'NONE', #8676, 1000.000000000000000 ) ;
#913 = ORIENTED_EDGE ( 'NONE', *, *, #9055, .T. ) ;
#914 = DIRECTION ( 'NONE',  ( 0.000000000000000000, 0.000000000000000000, -1.000000000000000000 ) ) ;
#915 = ORIENTED_EDGE ( 'NONE', *, *, #2454, .F. ) ;
#916 = B_SPLINE_CURVE_WITH_KNOTS ( 'NONE', 3,
 ( #1003, #3180, #358, #2516, #5553, #5420, #9094, #6280, #7024, #9159, #7695, #535, #1928, #415, #2693, #3438 ),
 .UNSPECIFIED., .F., .F.,
 ( 4, 2, 2, 2, 1, 1, 2, 2, 4 ),
 ( 0.000000000000000000, 0.2499999999998336886, 0.4999999999996673772, 0.6249999999995931033, 0.6874999999995561328, 0.7187499999995377031, 0.7343749999995282662, 0.7499999999995187183, 1.000000000000000000 ),
 .UNSPECIFIED. ) ;
#917 = CARTESIAN_POINT ( 'NONE',  ( -124.3733845415000019, -6.833322346797999103, 40.12001599999999968 ) ) ;
#918 = EDGE_CURVE ( 'NONE', #5914, #1009, #8407, .T. ) ;
#919 = CARTESIAN_POINT ( 'NONE',  ( -114.3499999999999943, -1.199999999999999956, 33.44002935999999693 ) ) ;
#920 = ORIENTED_EDGE ( 'NONE', *, *, #8205, .F. ) ;
#921 = CARTESIAN_POINT ( 'NONE',  ( -104.1536070112233432, -11.18825358056618313, 41.16583083504806240 ) ) ;
#922 = DIRECTION ( 'NONE',  ( 0.8650550016841884737, -0.5016770316260936724, -1.374629519897980979E-13 ) ) ;
#923 = LINE ( 'NONE', #357, #4097 ) ;
#924 = CARTESIAN_POINT ( 'NONE',  ( -103.2051889499249597, 1.406851886114198313, 42.27001270000000233 ) ) ;
#925 = AXIS2_PLACEMENT_3D ( 'NONE', #5225, #2989, #8120 ) ;
#926 = CARTESIAN_POINT ( 'NONE',  ( -124.9558481412000077, 6.143393137072999721, 43.77001270000000233 ) ) ;
#927 = DIRECTION ( 'NONE',  ( -0.8660254037555098483, -0.5000000000501060304, 0.000000000000000000 ) ) ;
#928 = ORIENTED_EDGE ( 'NONE', *, *, #5522, .F. ) ;
#929 = CARTESIAN_POINT ( 'NONE',  ( -114.3499999999999943, -15.19997200000000070, 32.77003069999999951 ) ) ;
#930 = DIRECTION ( 'NONE',  ( -0.7169391777969909008, -0.6971357223236911427, 0.000000000000000000 ) ) ;
#931 = DIRECTION ( 'NONE',  ( 0.000000000000000000, -1.000000000000000000, 0.000000000000000000 ) ) ;
#932 = ORIENTED_EDGE ( 'NONE', *, *, #7650, .T. ) ;
#933 = EDGE_CURVE ( 'NONE', #4029, #8267, #2008, .T. ) ;
#934 = ORIENTED_EDGE ( 'NONE', *, *, #6634, .F. ) ;
#935 = PRODUCT_DEFINITION ( 'UNKNOWN', '', #5209, #6437 ) ;
#936 = VERTEX_POINT ( 'NONE', #2859 ) ;
#937 = EDGE_CURVE ( 'NONE', #1479, #6453, #2330, .T. ) ;
#938 = DIRECTION ( 'NONE',  ( 0.000000000000000000, 0.000000000000000000, 1.000000000000000000 ) ) ;
#939 = ADVANCED_FACE ( 'NONE', ( #8428 ), #2286, .T. ) ;
#940 = VECTOR ( 'NONE', #824, 1000.000000000000000 ) ;
#941 = CARTESIAN_POINT ( 'NONE',  ( -103.7958537299134605, 8.337050431728119548, 42.01298550675920751 ) ) ;
#942 = CARTESIAN_POINT ( 'NONE',  ( -103.4691905881000054, -1.846151144897999918, 41.17001390000000072 ) ) ;
#943 = PRODUCT_CONTEXT ( 'NONE', #2315, 'mechanical' ) ;
#944 = EDGE_LOOP ( 'NONE', ( #1070, #7671, #5827, #7980, #9167, #8777 ) ) ;
#945 = PLANE ( 'NONE',  #1816 ) ;
#946 = ORIENTED_EDGE ( 'NONE', *, *, #5597, .T. ) ;
#947 = TOROIDAL_SURFACE ( 'NONE', #3695, 11.75069093011999932, 1.669996660000000022 ) ;
#948 = LINE ( 'NONE', #2571, #806 ) ;
#949 = EDGE_LOOP ( 'NONE', ( #7090, #826, #2363, #3920 ) ) ;
#950 = CARTESIAN_POINT ( 'NONE',  ( -122.2999822999999964, -16.04996829999999974, 34.77002669999999540 ) ) ;
#951 = PRESENTATION_LAYER_ASSIGNMENT (  '', '', ( #4746 ) ) ;
#952 = CARTESIAN_POINT ( 'NONE',  ( -108.8500070000000051, 10.46874091581999977, 43.77001270000000233 ) ) ;
#953 = EDGE_LOOP ( 'NONE', ( #8238, #6328, #6165, #3078, #5146 ) ) ;
#954 = VECTOR ( 'NONE', #6835, 1000.000000000000000 ) ;
#955 = ORIENTED_EDGE ( 'NONE', *, *, #5294, .T. ) ;
#956 = ORIENTED_EDGE ( 'NONE', *, *, #7353, .F. ) ;
#957 = EDGE_LOOP ( 'NONE', ( #5881, #3369, #2035, #2784 ) ) ;
#958 = DIRECTION ( 'NONE',  ( 0.000000000000000000, 0.000000000000000000, -1.000000000000000000 ) ) ;
#959 = VECTOR ( 'NONE', #6066, 999.9999999999998863 ) ;
#960 = AXIS2_PLACEMENT_3D ( 'NONE', #3238, #6725, #7411 ) ;
#961 = EDGE_LOOP ( 'NONE', ( #5409, #3184, #5237, #2396, #3080, #3694 ) ) ;
#962 = MECHANICAL_DESIGN_GEOMETRIC_PRESENTATION_REPRESENTATION (  '', ( #1702 ), #3448 ) ;
#963 = EDGE_CURVE ( 'NONE', #4358, #1, #8443, .T. ) ;
#964 = VERTEX_POINT ( 'NONE', #7800 ) ;
#965 = CARTESIAN_POINT ( 'NONE',  ( -98.50003170000000807, 8.749982299996998947, 34.77002669999999540 ) ) ;
#966 = CARTESIAN_POINT ( 'NONE',  ( -114.3499999999999943, -1.199999999999999956, 40.12001599999999968 ) ) ;
#967 = CARTESIAN_POINT ( 'NONE',  ( -119.4776496039000051, -12.83331034679999938, 41.77001269999999522 ) ) ;
#968 = DIRECTION ( 'NONE',  ( -1.000000000000000000, 0.000000000000000000, 0.000000000000000000 ) ) ;
#969 = VECTOR ( 'NONE', #2632, 1000.000000000000000 ) ;
#970 = CARTESIAN_POINT ( 'NONE',  ( -107.2473192922999914, 7.199490625344999728, 41.77001269999999522 ) ) ;
#971 = ORIENTED_EDGE ( 'NONE', *, *, #7685, .F. ) ;
#972 = VERTEX_POINT ( 'NONE', #7620 ) ;
#973 = VECTOR ( 'NONE', #48, 1000.000000000000000 ) ;
#974 = CARTESIAN_POINT ( 'NONE',  ( -106.5081984076000055, 10.17125516299000054, 41.17001390000000072 ) ) ;
#975 = AXIS2_PLACEMENT_3D ( 'NONE', #5865, #5374, #8880 ) ;
#976 = ORIENTED_EDGE ( 'NONE', *, *, #215, .F. ) ;
#977 = ADVANCED_FACE ( 'NONE', ( #5240 ), #5320, .F. ) ;
#978 = AXIS2_PLACEMENT_3D ( 'NONE', #7031, #5805, #8433 ) ;
#979 = DIRECTION ( 'NONE',  ( -0.000000000000000000, 1.000000000000000000, 0.000000000000000000 ) ) ;
#980 = ORIENTED_EDGE ( 'NONE', *, *, #6443, .F. ) ;
#981 = DIRECTION ( 'NONE',  ( 0.000000000000000000, 0.000000000000000000, -1.000000000000000000 ) ) ;
#982 = DIRECTION ( 'NONE',  ( 0.000000000000000000, 1.000000000000000000, 0.000000000000000000 ) ) ;
#983 = CARTESIAN_POINT ( 'NONE',  ( -123.3723223961000031, -6.366656053202000010, 40.12001599999999968 ) ) ;
#984 = CARTESIAN_POINT ( 'NONE',  ( -114.3499999999999943, 14.04996949999999956, 34.77002669999999540 ) ) ;
#985 = VERTEX_POINT ( 'NONE', #6385 ) ;
#986 = CARTESIAN_POINT ( 'NONE',  ( -114.3499999999999943, -1.199999999999999956, 39.86605802304000434 ) ) ;
#987 = DIRECTION ( 'NONE',  ( 0.000000000000000000, 0.000000000000000000, -1.000000000000000000 ) ) ;
#988 = FACE_OUTER_BOUND ( 'NONE', #2265, .T. ) ;
#989 = DIRECTION ( 'NONE',  ( 0.000000000000000000, 1.000000000000000000, 0.000000000000000000 ) ) ;
#990 = EDGE_CURVE ( 'NONE', #4250, #9282, #5356, .T. ) ;
#991 = CARTESIAN_POINT ( 'NONE',  ( -108.8500219839297785, 10.77468719160255084, 44.21776018655041440 ) ) ;
#992 = VERTEX_POINT ( 'NONE', #1271 ) ;
#993 = STYLED_ITEM ( 'NONE', ( #6535 ), #7926 ) ;
#994 = VERTEX_POINT ( 'NONE', #9139 ) ;
#995 = PLANE ( 'NONE',  #3806 ) ;
#996 = VECTOR ( 'NONE', #1728, 1000.000000000000114 ) ;
#997 = DIRECTION ( 'NONE',  ( -1.000000000000000000, 0.000000000000000000, 0.000000000000000000 ) ) ;
#998 = CARTESIAN_POINT ( 'NONE',  ( -114.3499999999999943, -1.199999999999999956, 42.97000441534000004 ) ) ;
#999 = APPLICATION_CONTEXT ( 'automotive_design' ) ;
#1000 = ORIENTED_EDGE ( 'NONE', *, *, #8254, .T. ) ;
#1001 = CARTESIAN_POINT ( 'NONE',  ( -101.1803545790660905, 3.356518524846983542, 42.24482171781758666 ) ) ;
#1002 = CYLINDRICAL_SURFACE ( 'NONE', #6286, 0.4999989999999998602 ) ;
#1003 = CARTESIAN_POINT ( 'NONE',  ( -100.9317334958999908, 2.036810587188999655, 41.77001269999999522 ) ) ;
#1004 = EDGE_CURVE ( 'NONE', #2082, #7291, #2229, .T. ) ;
#1005 = VERTEX_POINT ( 'NONE', #4305 ) ;
#1006 = DIRECTION ( 'NONE',  ( 0.000000000000000000, 0.000000000000000000, 1.000000000000000000 ) ) ;
#1007 = EDGE_CURVE ( 'NONE', #8956, #273, #2249, .T. ) ;
#1008 = DIRECTION ( 'NONE',  ( -0.5000000000028097524, 0.8660254037828164497, 0.000000000000000000 ) ) ;
#1009 = VERTEX_POINT ( 'NONE', #1911 ) ;
#1010 = ADVANCED_FACE ( 'NONE', ( #2264 ), #2620, .F. ) ;
#1011 = LINE ( 'NONE', #4249, #4271 ) ;
#1012 = EDGE_CURVE ( 'NONE', #2241, #2422, #2348, .T. ) ;
#1013 = EDGE_CURVE ( 'NONE', #8486, #6453, #561, .T. ) ;
#1014 = ORIENTED_EDGE ( 'NONE', *, *, #8837, .T. ) ;
#1015 = SURFACE_STYLE_FILL_AREA ( #1311 ) ;
#1016 = DIRECTION ( 'NONE',  ( 1.000000000000000000, 0.000000000000000000, 0.000000000000000000 ) ) ;
#1017 = ADVANCED_FACE ( 'NONE', ( #5427 ), #2313, .T. ) ;
#1018 = PLANE ( 'NONE',  #4324 ) ;
#1019 = VERTEX_POINT ( 'NONE', #3418 ) ;
#1020 = AXIS2_PLACEMENT_3D ( 'NONE', #2373, #6880, #342 ) ;
#1021 = CARTESIAN_POINT ( 'NONE',  ( -105.0206595193000112, 4.990211380484000259, 42.16868307863999377 ) ) ;
#1022 = EDGE_CURVE ( 'NONE', #3789, #3192, #5458, .T. ) ;
#1023 = DIRECTION ( 'NONE',  ( 0.000000000000000000, 0.000000000000000000, 1.000000000000000000 ) ) ;
#1024 = ORIENTED_EDGE ( 'NONE', *, *, #8674, .F. ) ;
#1025 = AXIS2_PLACEMENT_3D ( 'NONE', #4966, #5732, #591 ) ;
#1026 = DIRECTION ( 'NONE',  ( -1.290200585258000030E-14, 0.000000000000000000, -1.000000000000000000 ) ) ;
#1027 = CARTESIAN_POINT ( 'NONE',  ( -114.3499999999999943, 14.04996949999999956, 34.77002669999999540 ) ) ;
#1028 = DIRECTION ( 'NONE',  ( 0.000000000000000000, 0.000000000000000000, -1.000000000000000000 ) ) ;
#1029 = DIRECTION ( 'NONE',  ( 0.000000000000000000, 0.000000000000000000, -1.000000000000000000 ) ) ;
#1030 = VECTOR ( 'NONE', #4014, 1000.000000000000000 ) ;
#1031 = CARTESIAN_POINT ( 'NONE',  ( -127.6873560263999963, 2.533184556928999687, 38.42001940000000104 ) ) ;
#1032 = ORIENTED_EDGE ( 'NONE', *, *, #6475, .F. ) ;
#1033 = EDGE_CURVE ( 'NONE', #334, #4588, #8590, .T. ) ;
#1034 = LINE ( 'NONE', #769, #912 ) ;
#1035 = ORIENTED_EDGE ( 'NONE', *, *, #7270, .T. ) ;
#1036 = CARTESIAN_POINT ( 'NONE',  ( -102.9000543196000024, -1.433159681947000053, 41.77001269999999522 ) ) ;
#1037 = DIRECTION ( 'NONE',  ( 0.000000000000000000, 0.000000000000000000, 1.000000000000000000 ) ) ;
#1038 = VERTEX_POINT ( 'NONE', #633 ) ;
#1039 = CARTESIAN_POINT ( 'NONE',  ( 0.000000000000000000, 0.000000000000000000, 0.000000000000000000 ) ) ;
#1040 = DIRECTION ( 'NONE',  ( -1.000000000000000000, 0.000000000000000000, 0.000000000000000000 ) ) ;
#1041 = LINE ( 'NONE', #6819, #7257 ) ;
#1042 = DIRECTION ( 'NONE',  ( 0.000000000000000000, 0.000000000000000000, -1.000000000000000000 ) ) ;
#1043 = DIRECTION ( 'NONE',  ( 0.000000000000000000, 1.000000000000000000, 0.000000000000000000 ) ) ;
#1044 = ORIENTED_EDGE ( 'NONE', *, *, #5259, .F. ) ;
#1045 = DIRECTION ( 'NONE',  ( 0.000000000000000000, -1.000000000000000000, 0.000000000000000000 ) ) ;
#1046 = CARTESIAN_POINT ( 'NONE',  ( -101.7494306163000033, 5.497591856446999437, 41.77001269999999522 ) ) ;
#1047 = ORIENTED_EDGE ( 'NONE', *, *, #30, .T. ) ;
#1048 = CARTESIAN_POINT ( 'NONE',  ( -103.8725141808999837, 5.695372780464000861, 41.77001269999999522 ) ) ;
#1049 = CARTESIAN_POINT ( 'NONE',  ( -129.5999683000000005, 5.649982300000000457, 36.27002670000000251 ) ) ;
#1050 = ORIENTED_EDGE ( 'NONE', *, *, #644, .T. ) ;
#1051 = ADVANCED_FACE ( 'NONE', ( #8801 ), #3549, .T. ) ;
#1052 = AXIS2_PLACEMENT_3D ( 'NONE', #7557, #392, #4698 ) ;
#1053 = ORIENTED_EDGE ( 'NONE', *, *, #5009, .T. ) ;
#1054 = DIRECTION ( 'NONE',  ( 0.000000000000000000, 0.000000000000000000, -1.000000000000000000 ) ) ;
#1055 = LINE ( 'NONE', #1326, #7413 ) ;
#1056 = CARTESIAN_POINT ( 'NONE',  ( -127.8147389259000022, 5.489376738005000256, 40.07782478506000245 ) ) ;
#1057 = EDGE_CURVE ( 'NONE', #8508, #9068, #2417, .T. ) ;
#1058 = ORIENTED_EDGE ( 'NONE', *, *, #4843, .T. ) ;
#1059 = ORIENTED_EDGE ( 'NONE', *, *, #9331, .T. ) ;
#1060 = CIRCLE ( 'NONE', #7902, 0.3999999999999975797 ) ;
#1061 = CARTESIAN_POINT ( 'NONE',  ( -114.4008449691586975, -9.099820577035963254, 46.92000240000000133 ) ) ;
#1062 = ORIENTED_EDGE ( 'NONE', *, *, #6787, .F. ) ;
#1063 = CARTESIAN_POINT ( 'NONE',  ( -121.1999822999999878, -17.04996829999999974, 36.27002670000000251 ) ) ;
#1064 = CARTESIAN_POINT ( 'NONE',  ( -114.3499999999999943, -1.199999999999999956, 33.17002990000000295 ) ) ;
#1065 = DIRECTION ( 'NONE',  ( 0.000000000000000000, 0.000000000000000000, 1.000000000000000000 ) ) ;
#1066 = ORIENTED_EDGE ( 'NONE', *, *, #450, .F. ) ;
#1067 = AXIS2_PLACEMENT_3D ( 'NONE', #1132, #2591, #9175 ) ;
#1068 = VECTOR ( 'NONE', #8796, 1000.000000000000000 ) ;
#1069 = AXIS2_PLACEMENT_3D ( 'NONE', #3287, #4017, #6198 ) ;
#1070 = ORIENTED_EDGE ( 'NONE', *, *, #9297, .F. ) ;
#1071 = ORIENTED_EDGE ( 'NONE', *, *, #478, .F. ) ;
#1072 = DIRECTION ( 'NONE',  ( 0.000000000000000000, 0.000000000000000000, 1.000000000000000000 ) ) ;
#1073 = CIRCLE ( 'NONE', #6730, 13.29997239999999437 ) ;
#1074 = EDGE_LOOP ( 'NONE', ( #3428, #3445, #8721, #6669, #462, #2358, #324, #8290, #7961, #3436, #1836, #1754 ) ) ;
#1075 = CARTESIAN_POINT ( 'NONE',  ( -126.6871540120000077, -10.08474650716000021, 37.77002069999999634 ) ) ;
#1076 = CARTESIAN_POINT ( 'NONE',  ( -114.3499999999999943, -1.199999999999999956, 33.44002935999999693 ) ) ;
#1077 = VERTEX_POINT ( 'NONE', #8862 ) ;
#1078 = CARTESIAN_POINT ( 'NONE',  ( -102.1398851139999948, 0.1533720858525000064, 42.57001110000000210 ) ) ;
#1079 = CARTESIAN_POINT ( 'NONE',  ( -123.2223223961000116, -6.366656053202000010, 40.12001599999999968 ) ) ;
#1080 = ADVANCED_FACE ( 'NONE', ( #5557, #5525 ), #4724, .F. ) ;
#1081 = CARTESIAN_POINT ( 'NONE',  ( -101.0565366388999848, 6.474984649998999586, 34.17002789999999379 ) ) ;
#1082 = CARTESIAN_POINT ( 'NONE',  ( -108.6769496677000006, 8.572716570508999823, 41.17001390000000072 ) ) ;
#1083 = FACE_OUTER_BOUND ( 'NONE', #6836, .T. ) ;
#1084 = AXIS2_PLACEMENT_3D ( 'NONE', #8070, #4499, #1709 ) ;
#1085 = ORIENTED_EDGE ( 'NONE', *, *, #2206, .F. ) ;
#1086 = AXIS2_PLACEMENT_3D ( 'NONE', #9321, #7003, #1330 ) ;
#1087 = ORIENTED_EDGE ( 'NONE', *, *, #2108, .T. ) ;
#1088 = CIRCLE ( 'NONE', #4961, 4.999989999999999490 ) ;
#1089 = ADVANCED_FACE ( 'NONE', ( #2629 ), #5727, .F. ) ;
#1090 = EDGE_CURVE ( 'NONE', #7514, #3407, #2605, .T. ) ;
#1091 = ORIENTED_EDGE ( 'NONE', *, *, #6803, .F. ) ;
#1092 = B_SPLINE_CURVE_WITH_KNOTS ( 'NONE', 3,
 ( #6860, #3071, #3822, #7488 ),
 .UNSPECIFIED., .F., .F.,
 ( 4, 4 ),
 ( 0.000000000000000000, 1.000000000000000000 ),
 .UNSPECIFIED. ) ;
#1093 = DIRECTION ( 'NONE',  ( 0.000000000000000000, 0.000000000000000000, -1.000000000000000000 ) ) ;
#1094 = ORIENTED_EDGE ( 'NONE', *, *, #2824, .F. ) ;
#1095 = DIRECTION ( 'NONE',  ( 1.288196867099666107E-14, 1.378500852929475948E-17, 1.000000000000000000 ) ) ;
#1096 = EDGE_CURVE ( 'NONE', #7727, #8667, #5638, .T. ) ;
#1097 = LINE ( 'NONE', #5419, #969 ) ;
#1098 = CARTESIAN_POINT ( 'NONE',  ( -106.4000177000000065, 14.64996829999999939, 36.27002670000000251 ) ) ;
#1099 = CARTESIAN_POINT ( 'NONE',  ( -114.3499999999999943, -1.199999999999999956, 38.42001940000000104 ) ) ;
#1100 = EDGE_LOOP ( 'NONE', ( #2344, #5616, #564, #4012, #4024, #5474 ) ) ;
#1101 = AXIS2_PLACEMENT_3D ( 'NONE', #6980, #6170, #9058 ) ;
#1102 = PLANE ( 'NONE',  #8059 ) ;
#1103 = LINE ( 'NONE', #2779, #7526 ) ;
#1104 = CARTESIAN_POINT ( 'NONE',  ( -108.8275616236999923, 8.313263918368999583, 41.17001390000000072 ) ) ;
#1105 = CARTESIAN_POINT ( 'NONE',  ( -108.8500070000000335, 10.95879691845943249, 44.27001269999958311 ) ) ;
#1106 = ORIENTED_EDGE ( 'NONE', *, *, #3169, .F. ) ;
#1107 = ORIENTED_EDGE ( 'NONE', *, *, #2078, .F. ) ;
#1108 = CIRCLE ( 'NONE', #4432, 14.74997050000000165 ) ;
#1109 = EDGE_CURVE ( 'NONE', #9190, #3925, #2429, .T. ) ;
#1110 = DIRECTION ( 'NONE',  ( 1.000000000000000000, 0.000000000000000000, 0.000000000000000000 ) ) ;
#1111 = DIRECTION ( 'NONE',  ( 1.000000000000000000, 0.000000000000000000, 0.000000000000000000 ) ) ;
#1112 = ORIENTED_EDGE ( 'NONE', *, *, #7522, .F. ) ;
#1113 = CARTESIAN_POINT ( 'NONE',  ( -125.1999782999999837, 9.649978300000000786, 34.82925849523000039 ) ) ;
#1114 = CYLINDRICAL_SURFACE ( 'NONE', #8540, 9.099981800000000121 ) ;
#1115 = VECTOR ( 'NONE', #9064, 1000.000000000000000 ) ;
#1116 = DIRECTION ( 'NONE',  ( 0.000000000000000000, 0.000000000000000000, 1.000000000000000000 ) ) ;
#1117 = ORIENTED_EDGE ( 'NONE', *, *, #7129, .F. ) ;
#1118 = PLANE ( 'NONE',  #5963 ) ;
#1119 = ADVANCED_FACE ( 'NONE', ( #8681 ), #8637, .T. ) ;
#1120 = PLANE ( 'NONE',  #8989 ) ;
#1121 = EDGE_CURVE ( 'NONE', #2477, #4392, #8698, .T. ) ;
#1122 = EDGE_CURVE ( 'NONE', #3021, #5975, #5787, .T. ) ;
#1123 = CARTESIAN_POINT ( 'NONE',  ( -104.7166967954315737, -1.199814751913347521, 43.50332547659234450 ) ) ;
#1124 = ORIENTED_EDGE ( 'NONE', *, *, #7146, .T. ) ;
#1125 = FACE_OUTER_BOUND ( 'NONE', #7421, .T. ) ;
#1126 = AXIS2_PLACEMENT_3D ( 'NONE', #1468, #6751, #1587 ) ;
#1127 = EDGE_CURVE ( 'NONE', #2427, #395, #8770, .T. ) ;
#1128 = VERTEX_POINT ( 'NONE', #3798 ) ;
#1129 = CARTESIAN_POINT ( 'NONE',  ( -114.3499999999999943, -1.199999999999999956, 40.62001500000000220 ) ) ;
#1130 = VECTOR ( 'NONE', #5309, 1000.000000000000000 ) ;
#1131 = EDGE_CURVE ( 'NONE', #5489, #7689, #5803, .T. ) ;
#1132 = CARTESIAN_POINT ( 'NONE',  ( 0.000000000000000000, 0.000000000000000000, 36.27002670000000251 ) ) ;
#1133 = ORIENTED_EDGE ( 'NONE', *, *, #2908, .T. ) ;
#1134 = CARTESIAN_POINT ( 'NONE',  ( -127.2434641610999932, -9.567803587388997499, 34.77002669999999540 ) ) ;
#1135 = SURFACE_STYLE_USAGE ( .BOTH. , #8306 ) ;
#1136 = PRODUCT_DEFINITION ( 'UNKNOWN', '', #7377, #5418 ) ;
#1137 = EDGE_LOOP ( 'NONE', ( #4953, #1770, #4824, #1673 ) ) ;
#1138 = DIRECTION ( 'NONE',  ( 0.000000000000000000, 0.000000000000000000, -1.000000000000000000 ) ) ;
#1139 = CARTESIAN_POINT ( 'NONE',  ( -120.1584992248999981, -12.36664405319999993, 41.77001269999999522 ) ) ;
#1140 = CARTESIAN_POINT ( 'NONE',  ( -108.6769496677000006, 8.572716570508999823, 41.77001269999999522 ) ) ;
#1141 = LINE ( 'NONE', #8600, #909 ) ;
#1142 = CARTESIAN_POINT ( 'NONE',  ( -110.8500070000000051, -14.77697854904999986, 37.20327792010999701 ) ) ;
#1143 = ORIENTED_EDGE ( 'NONE', *, *, #4071, .T. ) ;
#1144 = ORIENTED_EDGE ( 'NONE', *, *, #2523, .T. ) ;
#1145 = AXIS2_PLACEMENT_3D ( 'NONE', #678, #12, #2096 ) ;
#1146 = VECTOR ( 'NONE', #5823, 1000.000000000000000 ) ;
#1147 = EDGE_LOOP ( 'NONE', ( #976, #5296, #379, #8100, #6845, #6995, #3458, #3671, #4750, #2171, #8115, #352 ) ) ;
#1148 = EDGE_CURVE ( 'NONE', #4874, #2914, #2399, .T. ) ;
#1149 = DIRECTION ( 'NONE',  ( 6.316724921569000407E-12, 7.542855230092999602E-12, 1.000000000000000000 ) ) ;
#1150 = EDGE_LOOP ( 'NONE', ( #5215, #6826, #3802, #802 ) ) ;
#1151 =( NAMED_UNIT ( * ) SI_UNIT ( $, .STERADIAN. ) SOLID_ANGLE_UNIT ( ) );
#1152 = ADVANCED_FACE ( 'NONE', ( #8653, #2463, #8720 ), #1120, .F. ) ;
#1153 = VECTOR ( 'NONE', #1381, 1000.000000000000000 ) ;
#1154 = CARTESIAN_POINT ( 'NONE',  ( -121.6449104072000011, 7.560353024378999365, 41.77001269999999522 ) ) ;
#1155 = CARTESIAN_POINT ( 'NONE',  ( -104.4426042128999939, -11.02065325261999895, 38.42001940000000104 ) ) ;
#1156 = ORIENTED_EDGE ( 'NONE', *, *, #6690, .F. ) ;
#1157 = CARTESIAN_POINT ( 'NONE',  ( -121.4934365132050544, 7.432884198685995258, 44.16634619197721179 ) ) ;
#1158 = DIRECTION ( 'NONE',  ( 1.000000000000000000, 0.000000000000000000, 0.000000000000000000 ) ) ;
#1159 = VECTOR ( 'NONE', #4803, 1000.000000000000000 ) ;
#1160 = AXIS2_PLACEMENT_3D ( 'NONE', #3973, #7460, #1167 ) ;
#1161 = ADVANCED_FACE ( 'NONE', ( #2688 ), #6217, .F. ) ;
#1162 = CARTESIAN_POINT ( 'NONE',  ( -129.5999683000000005, 5.649982300000000457, 36.27002670000000251 ) ) ;
#1163 = ORIENTED_EDGE ( 'NONE', *, *, #9126, .F. ) ;
#1164 = EDGE_CURVE ( 'NONE', #5411, #6500, #8894, .T. ) ;
#1165 = ORIENTED_EDGE ( 'NONE', *, *, #8974, .F. ) ;
#1166 = LINE ( 'NONE', #9073, #7326 ) ;
#1167 = DIRECTION ( 'NONE',  ( 1.000000000000000000, 0.000000000000000000, 0.000000000000000000 ) ) ;
#1168 = DIRECTION ( 'NONE',  ( 0.000000000000000000, 1.000000000000000000, 0.000000000000000000 ) ) ;
#1169 = PRODUCT_CONTEXT ( 'NONE', #4092, 'mechanical' ) ;
#1170 = ORIENTED_EDGE ( 'NONE', *, *, #7040, .T. ) ;
#1171 = CARTESIAN_POINT ( 'NONE',  ( -101.0583961443316952, 3.310826813836981852, 42.19382136513952730 ) ) ;
#1172 = LINE ( 'NONE', #4742, #4462 ) ;
#1173 = AXIS2_PLACEMENT_3D ( 'NONE', #4711, #6331, #5598 ) ;
#1174 = VERTEX_POINT ( 'NONE', #5967 ) ;
#1175 = B_SPLINE_CURVE_WITH_KNOTS ( 'NONE', 3,
 ( #8216, #2627, #941, #410, #7633, #3913, #3103, #4657, #8349, #6148, #5414, #5344, #6889 ),
 .UNSPECIFIED., .F., .F.,
 ( 4, 2, 2, 1, 2, 2, 4 ),
 ( 0.000000000000000000, 0.4999999999999451550, 0.6249999999999338307, 0.6874999999999282796, 0.7187499999999292788, 0.7499999999999302780, 1.000000000000000000 ),
 .UNSPECIFIED. ) ;
#1176 = DIRECTION ( 'NONE',  ( 0.5016770317186929340, 0.8650550016304868750, 0.000000000000000000 ) ) ;
#1177 = DIRECTION ( 'NONE',  ( 1.000000000000000000, 0.000000000000000000, 0.000000000000000000 ) ) ;
#1178 = AXIS2_PLACEMENT_3D ( 'NONE', #966, #1645, #3135 ) ;
#1179 = DIRECTION ( 'NONE',  ( 0.000000000000000000, 0.000000000000000000, -1.000000000000000000 ) ) ;
#1180 = PRESENTATION_STYLE_ASSIGNMENT (( #1211 ) ) ;
#1181 = ORIENTED_EDGE ( 'NONE', *, *, #8671, .F. ) ;
#1182 = DIRECTION ( 'NONE',  ( 0.8660254037847886499, 0.4999999999993937627, 0.000000000000000000 ) ) ;
#1183 = LINE ( 'NONE', #4215, #1228 ) ;
#1184 = ORIENTED_EDGE ( 'NONE', *, *, #7969, .F. ) ;
#1185 = CARTESIAN_POINT ( 'NONE',  ( -119.0074371987000035, -12.36664405319999993, 41.57001309999999705 ) ) ;
#1186 = FACE_OUTER_BOUND ( 'NONE', #8324, .T. ) ;
#1187 = EDGE_CURVE ( 'NONE', #2470, #9190, #8622, .T. ) ;
#1188 = DIRECTION ( 'NONE',  ( -0.7647975700559227485, 0.6442706549553192108, 0.000000000000000000 ) ) ;
#1189 = EDGE_LOOP ( 'NONE', ( #8633, #2735, #8850, #2293 ) ) ;
#1190 = DIRECTION ( 'NONE',  ( 0.000000000000000000, 1.000000000000000000, 0.000000000000000000 ) ) ;
#1191 = CARTESIAN_POINT ( 'NONE',  ( -101.3666336296000026, 5.372191485751999451, 35.77002470000000045 ) ) ;
#1192 = AXIS2_PLACEMENT_3D ( 'NONE', #7967, #5824, #5951 ) ;
#1193 = SHAPE_REPRESENTATION_RELATIONSHIP ( 'NONE' , 'NONE' ,  #1390, #812 ) ;
#1194 = ORIENTED_EDGE ( 'NONE', *, *, #4001, .T. ) ;
#1195 = AXIS2_PLACEMENT_3D ( 'NONE', #4851, #8363, #5559 ) ;
#1196 = CARTESIAN_POINT ( 'NONE',  ( -124.2999822999999964, 13.64996830000000116, 35.17002670000000109 ) ) ;
#1197 = PLANE ( 'NONE',  #177 ) ;
#1198 = DIRECTION ( 'NONE',  ( 0.000000000000000000, 0.000000000000000000, -1.000000000000000000 ) ) ;
#1199 = EDGE_CURVE ( 'NONE', #4766, #4246, #8734, .T. ) ;
#1200 = DIRECTION ( 'NONE',  ( 0.000000000000000000, 1.000000000000000000, 0.000000000000000000 ) ) ;
#1201 = DIRECTION ( 'NONE',  ( 0.8911673922218176225, 0.4536746400677089119, 0.000000000000000000 ) ) ;
#1202 = EDGE_LOOP ( 'NONE', ( #8830, #3136, #2848, #5069, #145 ) ) ;
#1203 = VECTOR ( 'NONE', #1562, 1000.000000000000000 ) ;
#1204 = EDGE_CURVE ( 'NONE', #6303, #8452, #5759, .T. ) ;
#1205 = ORIENTED_EDGE ( 'NONE', *, *, #1122, .F. ) ;
#1206 = UNCERTAINTY_MEASURE_WITH_UNIT (LENGTH_MEASURE( 1.000000000000000082E-05 ), #8759, 'distance_accuracy_value', 'NONE');
#1207 = EDGE_CURVE ( 'NONE', #2918, #4448, #5832, .T. ) ;
#1208 = CARTESIAN_POINT ( 'NONE',  ( -128.8948487620000094, -5.556028546607999274, 39.86605802304000434 ) ) ;
#1209 = AXIS2_PLACEMENT_3D ( 'NONE', #6783, #4595, #8727 ) ;
#1210 = EDGE_LOOP ( 'NONE', ( #6636, #6053, #3482, #8582 ) ) ;
#1211 = SURFACE_STYLE_USAGE ( .BOTH. , #510 ) ;
#1212 = DIRECTION ( 'NONE',  ( 0.000000000000000000, 0.000000000000000000, 1.000000000000000000 ) ) ;
#1213 = ORIENTED_EDGE ( 'NONE', *, *, #7531, .F. ) ;
#1214 = EDGE_CURVE ( 'NONE', #754, #1005, #5508, .T. ) ;
#1215 = CARTESIAN_POINT ( 'NONE',  ( -101.8648856639999991, 0.1770580663974999913, 41.77001269999999522 ) ) ;
#1216 = VERTEX_POINT ( 'NONE', #4157 ) ;
#1217 = DIRECTION ( 'NONE',  ( 0.000000000000000000, 0.000000000000000000, -1.000000000000000000 ) ) ;
#1218 = CARTESIAN_POINT ( 'NONE',  ( -114.3499999999999943, -1.199999999999999956, 41.77001269999999522 ) ) ;
#1219 = VECTOR ( 'NONE', #7164, 1000.000000000000000 ) ;
#1220 = DIRECTION ( 'NONE',  ( -1.000000000000000000, 0.000000000000000000, 1.290200585258000030E-14 ) ) ;
#1221 = DIRECTION ( 'NONE',  ( 1.000000000000000000, 0.000000000000000000, 0.000000000000000000 ) ) ;
#1222 = ORIENTED_EDGE ( 'NONE', *, *, #8974, .T. ) ;
#1223 = EDGE_CURVE ( 'NONE', #5205, #985, #8829, .T. ) ;
#1224 = ORIENTED_EDGE ( 'NONE', *, *, #4865, .T. ) ;
#1225 = EDGE_CURVE ( 'NONE', #4279, #169, #2386, .T. ) ;
#1226 = ADVANCED_FACE ( 'NONE', ( #2496 ), #5543, .F. ) ;
#1227 = PRODUCT_DEFINITION_SHAPE ( 'NONE', 'NONE',  #9355 ) ;
#1228 = VECTOR ( 'NONE', #1927, 1000.000000000000000 ) ;
#1229 = CARTESIAN_POINT ( 'NONE',  ( -129.4499682999999948, -11.33474613867000080, 37.77002069999999634 ) ) ;
#1230 = DIRECTION ( 'NONE',  ( 0.000000000000000000, 1.000000000000000000, 0.000000000000000000 ) ) ;
#1231 = DIRECTION ( 'NONE',  ( 0.000000000000000000, 1.000000000000000000, 0.000000000000000000 ) ) ;
#1232 = EDGE_LOOP ( 'NONE', ( #1990, #5227, #3062, #361, #5207, #9192, #1722, #8091, #9239 ) ) ;
#1233 = CARTESIAN_POINT ( 'NONE',  ( -100.9056885246999968, -4.921855793369998899, 38.42001940000000104 ) ) ;
#1234 = CIRCLE ( 'NONE', #259, 0.2999994000000024696 ) ;
#1235 = ADVANCED_FACE ( 'NONE', ( #2572, #8912 ), #3628, .T. ) ;
#1236 = ORIENTED_EDGE ( 'NONE', *, *, #1348, .F. ) ;
#1237 = DIRECTION ( 'NONE',  ( 0.000000000000000000, 1.000000000000000000, 0.000000000000000000 ) ) ;
#1238 = AXIS2_PLACEMENT_3D ( 'NONE', #6668, #167, #7360 ) ;
#1239 = EDGE_CURVE ( 'NONE', #8864, #4358, #5669, .T. ) ;
#1240 = CARTESIAN_POINT ( 'NONE',  ( -125.2308094136000136, -0.5538488835093999807, 41.77001269999999522 ) ) ;
#1241 = VERTEX_POINT ( 'NONE', #8563 ) ;
#1242 = FACE_OUTER_BOUND ( 'NONE', #704, .T. ) ;
#1243 = VERTEX_POINT ( 'NONE', #9101 ) ;
#1244 = DIRECTION ( 'NONE',  ( 0.000000000000000000, -1.000000000000000000, 0.000000000000000000 ) ) ;
#1245 = LINE ( 'NONE', #2658, #4165 ) ;
#1246 = EDGE_CURVE ( 'NONE', #1817, #8177, #5653, .T. ) ;
#1247 = CARTESIAN_POINT ( 'NONE',  ( -99.10003169999998818, -8.049982299999999924, 36.27002670000000251 ) ) ;
#1248 = ORIENTED_EDGE ( 'NONE', *, *, #1394, .F. ) ;
#1249 = DIRECTION ( 'NONE',  ( -0.4999999999978037568, 0.8660254037857066933, 0.000000000000000000 ) ) ;
#1250 = SHAPE_DEFINITION_REPRESENTATION ( #6949, #3707 ) ;
#1251 = EDGE_LOOP ( 'NONE', ( #2077, #6592, #8391, #1868 ) ) ;
#1252 = DIRECTION ( 'NONE',  ( 0.000000000000000000, 0.000000000000000000, 1.000000000000000000 ) ) ;
#1253 = DIRECTION ( 'NONE',  ( 0.000000000000000000, 0.000000000000000000, -1.000000000000000000 ) ) ;
#1254 = CARTESIAN_POINT ( 'NONE',  ( -119.0074371987000035, -11.69997870000000084, 41.57001309999999705 ) ) ;
#1255 = CARTESIAN_POINT ( 'NONE',  ( -105.2500182003000049, -1.199940971788000077, 42.97002529841999774 ) ) ;
#1256 = CARTESIAN_POINT ( 'NONE',  ( -114.3499999999999943, -1.199999999999999956, 48.49499924999999934 ) ) ;
#1257 = PRESENTATION_STYLE_ASSIGNMENT (( #3622 ) ) ;
#1258 = DIRECTION ( 'NONE',  ( -1.627406625561911113E-14, -1.000000000000000000, 1.464665963005720160E-14 ) ) ;
#1259 = EDGE_CURVE ( 'NONE', #8730, #149, #2643, .T. ) ;
#1260 = VECTOR ( 'NONE', #5858, 1000.000000000000000 ) ;
#1261 = FACE_OUTER_BOUND ( 'NONE', #6598, .T. ) ;
#1262 = VECTOR ( 'NONE', #4507, 1000.000000000000000 ) ;
#1263 = ORIENTED_EDGE ( 'NONE', *, *, #9181, .F. ) ;
#1264 = EDGE_CURVE ( 'NONE', #7125, #7447, #2542, .T. ) ;
#1265 = CARTESIAN_POINT ( 'NONE',  ( -122.6862768409999944, 5.822536093928000867, 43.77001270000000233 ) ) ;
#1266 = ORIENTED_EDGE ( 'NONE', *, *, #6957, .F. ) ;
#1267 = SURFACE_STYLE_USAGE ( .BOTH. , #7677 ) ;
#1268 = AXIS2_PLACEMENT_3D ( 'NONE', #1483, #1419, #3153 ) ;
#1269 = VECTOR ( 'NONE', #1459, 1000.000000000000000 ) ;
#1270 = CARTESIAN_POINT ( 'NONE',  ( -127.7051176231999960, -4.869136953346999697, 38.42001940000000104 ) ) ;
#1271 = CARTESIAN_POINT ( 'NONE',  ( -128.0807838808999861, -5.086027968377000441, 41.17001390000000072 ) ) ;
#1272 = CARTESIAN_POINT ( 'NONE',  ( -114.3499999999999943, -1.199999999996999911, 41.77001269999999522 ) ) ;
#1273 = PLANE ( 'NONE',  #3485 ) ;
#1274 = EDGE_CURVE ( 'NONE', #834, #5411, #5684, .T. ) ;
#1275 = LINE ( 'NONE', #5312, #7703 ) ;
#1276 = CARTESIAN_POINT ( 'NONE',  ( -57.17599434824000326, -16.04996829999999974, 35.17002670000000109 ) ) ;
#1277 = DIRECTION ( 'NONE',  ( 0.000000000000000000, -1.000000000000000000, 0.000000000000000000 ) ) ;
#1278 = ORIENTED_EDGE ( 'NONE', *, *, #1164, .F. ) ;
#1279 = DIRECTION ( 'NONE',  ( 8.725633266341000164E-13, 1.000000000000000000, -3.356012794746999850E-14 ) ) ;
#1280 = EDGE_LOOP ( 'NONE', ( #44, #137, #9301, #164, #5115 ) ) ;
#1281 = CARTESIAN_POINT ( 'NONE',  ( -119.8499929999999978, 11.85101982397999976, 34.77002669999999540 ) ) ;
#1282 = CARTESIAN_POINT ( 'NONE',  ( -99.50003170000000807, 7.649982299997000190, 34.77002669999999540 ) ) ;
#1283 = CARTESIAN_POINT ( 'NONE',  ( -102.1666320295999952, 6.757829360528000429, 35.77002470000000045 ) ) ;
#1284 = AXIS2_PLACEMENT_3D ( 'NONE', #7601, #1138, #494 ) ;
#1285 = ADVANCED_FACE ( 'NONE', ( #5699 ), #2586, .F. ) ;
#1286 = LINE ( 'NONE', #735, #4673 ) ;
#1287 = APPLICATION_PROTOCOL_DEFINITION ( 'draft international standard', 'automotive_design', 1998, #593 ) ;
#1288 = ORIENTED_EDGE ( 'NONE', *, *, #3386, .T. ) ;
#1289 = CARTESIAN_POINT ( 'NONE',  ( -130.1999682999999948, 6.749982300000000102, 34.77002669999999540 ) ) ;
#1290 = DIRECTION ( 'NONE',  ( -5.995516059633999146E-13, 9.481281210584999797E-13, 1.000000000000000000 ) ) ;
#1291 = ORIENTED_EDGE ( 'NONE', *, *, #5966, .F. ) ;
#1292 = DIRECTION ( 'NONE',  ( 0.000000000000000000, 0.000000000000000000, -1.000000000000000000 ) ) ;
#1293 = DIRECTION ( 'NONE',  ( 0.000000000000000000, 0.000000000000000000, 1.000000000000000000 ) ) ;
#1294 = DIRECTION ( 'NONE',  ( 0.000000000000000000, 0.000000000000000000, 1.000000000000000000 ) ) ;
#1295 = VERTEX_POINT ( 'NONE', #1877 ) ;
#1296 = EDGE_CURVE ( 'NONE', #1889, #7952, #8849, .T. ) ;
#1297 = VERTEX_POINT ( 'NONE', #2635 ) ;
#1298 = AXIS2_PLACEMENT_3D ( 'NONE', #2390, #8116, #6839 ) ;
#1299 = DIRECTION ( 'NONE',  ( 1.000000000000000000, 0.000000000000000000, 0.000000000000000000 ) ) ;
#1300 = CYLINDRICAL_SURFACE ( 'NONE', #2132, 0.4999990000000000823 ) ;
#1301 = ADVANCED_FACE ( 'NONE', ( #8863 ), #3442, .T. ) ;
#1302 = LINE ( 'NONE', #758, #4490 ) ;
#1303 = ORIENTED_EDGE ( 'NONE', *, *, #5656, .F. ) ;
#1304 = CARTESIAN_POINT ( 'NONE',  ( -125.1409483113078949, 6.250531797938055689, 44.18479788673697328 ) ) ;
#1305 = DIRECTION ( 'NONE',  ( 0.000000000000000000, 0.000000000000000000, -1.000000000000000000 ) ) ;
#1306 = ORIENTED_EDGE ( 'NONE', *, *, #8500, .T. ) ;
#1307 = CARTESIAN_POINT ( 'NONE',  ( -103.7865109298000021, 8.393997296921998696, 41.77001269999999522 ) ) ;
#1308 = CARTESIAN_POINT ( 'NONE',  ( -127.8807154628999996, -8.088203631623001044, 39.86605802304000434 ) ) ;
#1309 = DIRECTION ( 'NONE',  ( 0.000000000000000000, 0.000000000000000000, 1.000000000000000000 ) ) ;
#1310 = DIRECTION ( 'NONE',  ( 0.000000000000000000, 0.000000000000000000, 1.000000000000000000 ) ) ;
#1311 = FILL_AREA_STYLE ('',( #9248 ) ) ;
#1312 = FACE_OUTER_BOUND ( 'NONE', #7817, .T. ) ;
#1313 = CARTESIAN_POINT ( 'NONE',  ( -101.9841749705999945, 6.863170992678000459, 40.46693773853999687 ) ) ;
#1314 = EDGE_CURVE ( 'NONE', #6974, #4392, #2618, .T. ) ;
#1315 = VERTEX_POINT ( 'NONE', #5621 ) ;
#1316 = FACE_BOUND ( 'NONE', #5654, .T. ) ;
#1317 = VECTOR ( 'NONE', #6580, 999.9999999999998863 ) ;
#1318 = LINE ( 'NONE', #2079, #4676 ) ;
#1319 = ORIENTED_EDGE ( 'NONE', *, *, #6228, .T. ) ;
#1320 = EDGE_CURVE ( 'NONE', #8891, #6110, #8877, .T. ) ;
#1321 = EDGE_CURVE ( 'NONE', #3799, #2625, #2704, .T. ) ;
#1322 = EDGE_CURVE ( 'NONE', #8873, #2477, #2904, .T. ) ;
#1323 = CARTESIAN_POINT ( 'NONE',  ( -117.8500004604764086, 11.33933339334978996, 44.09350943244213994 ) ) ;
#1324 = VERTEX_POINT ( 'NONE', #9288 ) ;
#1325 =( NAMED_UNIT ( * ) PLANE_ANGLE_UNIT ( ) SI_UNIT ( $, .RADIAN. ) );
#1326 = CARTESIAN_POINT ( 'NONE',  ( -122.2999822999999964, -17.04996829999999974, 36.27002670000000251 ) ) ;
#1327 = B_SPLINE_CURVE_WITH_KNOTS ( 'NONE', 3,
 ( #4267, #3752, #1461, #4973, #8497, #7315, #2753, #4906, #9342, #5035, #5098, #5736, #6476, #776, #2202, #2938, #120 ),
 .UNSPECIFIED., .F., .F.,
 ( 4, 1, 1, 1, 1, 1, 1, 1, 1, 1, 1, 1, 1, 1, 4 ),
 ( 0.000000000000000000, 0.07142857142856999519, 0.1428571428570999946, 0.2142857142857000075, 0.2857142857143000203, 0.3571428571429000054, 0.4285714285713999594, 0.5000000000000000000, 0.5714285714286000406, 0.6428571428570999391, 0.7142857142856999797, 0.7857142857142999093, 0.8571428571429000609, 0.9285714285714000704, 1.000000000000000000 ),
 .UNSPECIFIED. ) ;
#1328 = AXIS2_PLACEMENT_3D ( 'NONE', #3690, #5687, #7823 ) ;
#1329 = FACE_OUTER_BOUND ( 'NONE', #1596, .T. ) ;
#1330 = DIRECTION ( 'NONE',  ( 0.000000000000000000, 0.000000000000000000, -1.000000000000000000 ) ) ;
#1331 = VERTEX_POINT ( 'NONE', #657 ) ;
#1332 = CARTESIAN_POINT ( 'NONE',  ( -114.3499999999999943, -1.199999999999999956, 34.77002669999999540 ) ) ;
#1333 = DIRECTION ( 'NONE',  ( 0.000000000000000000, 0.000000000000000000, 1.000000000000000000 ) ) ;
#1334 = FACE_OUTER_BOUND ( 'NONE', #8429, .T. ) ;
#1335 = FACE_OUTER_BOUND ( 'NONE', #7556, .T. ) ;
#1336 = DIRECTION ( 'NONE',  ( 0.000000000000000000, 0.000000000000000000, 1.000000000000000000 ) ) ;
#1337 = DIRECTION ( 'NONE',  ( 0.000000000000000000, 1.000000000000000000, 0.000000000000000000 ) ) ;
#1338 = ORIENTED_EDGE ( 'NONE', *, *, #8763, .T. ) ;
#1339 = CARTESIAN_POINT ( 'NONE',  ( -124.4213862604999861, -11.05616136997000076, 35.98661367736000471 ) ) ;
#1340 = ORIENTED_EDGE ( 'NONE', *, *, #3845, .F. ) ;
#1341 = CARTESIAN_POINT ( 'NONE',  ( -98.95003080000000750, -1.199999999999999956, 32.77003069999999951 ) ) ;
#1342 = DIRECTION ( 'NONE',  ( 0.000000000000000000, 0.000000000000000000, 1.000000000000000000 ) ) ;
#1343 = CARTESIAN_POINT ( 'NONE',  ( -100.5395292503000064, -0.1547103830435999916, 41.77001269999999522 ) ) ;
#1344 = CIRCLE ( 'NONE', #6031, 15.39996919999998859 ) ;
#1345 = DIRECTION ( 'NONE',  ( -1.047117153714000119E-14, -2.991763296325000322E-14, 1.000000000000000000 ) ) ;
#1346 = ORIENTED_EDGE ( 'NONE', *, *, #1320, .F. ) ;
#1347 = AXIS2_PLACEMENT_3D ( 'NONE', #3984, #2521, #107 ) ;
#1348 = EDGE_CURVE ( 'NONE', #2793, #7592, #9255, .T. ) ;
#1349 = VECTOR ( 'NONE', #6830, 1000.000000000000000 ) ;
#1350 = LINE ( 'NONE', #6457, #4581 ) ;
#1351 = ORIENTED_EDGE ( 'NONE', *, *, #7910, .T. ) ;
#1352 = CARTESIAN_POINT ( 'NONE',  ( -121.1999822999999878, -17.04996829999999974, 34.77002669999999540 ) ) ;
#1353 = DIRECTION ( 'NONE',  ( -0.000000000000000000, 1.000000000000000000, 0.000000000000000000 ) ) ;
#1354 = DIRECTION ( 'NONE',  ( 1.366419939171999915E-13, -3.426507143384000422E-13, -1.000000000000000000 ) ) ;
#1355 = DIRECTION ( 'NONE',  ( 0.000000000000000000, 0.000000000000000000, 1.000000000000000000 ) ) ;
#1356 = ORIENTED_EDGE ( 'NONE', *, *, #6475, .T. ) ;
#1357 = AXIS2_PLACEMENT_3D ( 'NONE', #8920, #27, #8044 ) ;
#1358 = LINE ( 'NONE', #1233, #7670 ) ;
#1359 = LINE ( 'NONE', #8546, #7774 ) ;
#1360 = CYLINDRICAL_SURFACE ( 'NONE', #8611, 15.18313571722000610 ) ;
#1361 = VECTOR ( 'NONE', #2030, 1000.000000000000000 ) ;
#1362 = LINE ( 'NONE', #9328, #4675 ) ;
#1363 = CARTESIAN_POINT ( 'NONE',  ( -117.8499929999999978, 12.20043960886000001, 41.77001269999999522 ) ) ;
#1364 = EDGE_LOOP ( 'NONE', ( #1156, #1044 ) ) ;
#1365 = CARTESIAN_POINT ( 'NONE',  ( -125.1999782999999837, 9.649978300000000786, 32.77003069999999951 ) ) ;
#1366 = CARTESIAN_POINT ( 'NONE',  ( -110.8500070000000051, 12.20043960886000001, 41.77001269999999522 ) ) ;
#1367 = EDGE_CURVE ( 'NONE', #4269, #132, #6023, .T. ) ;
#1368 = AXIS2_PLACEMENT_3D ( 'NONE', #5936, #6757, #8635 ) ;
#1369 = ORIENTED_EDGE ( 'NONE', *, *, #5336, .F. ) ;
#1370 = DIRECTION ( 'NONE',  ( 0.000000000000000000, 0.000000000000000000, -1.000000000000000000 ) ) ;
#1371 = CARTESIAN_POINT ( 'NONE',  ( -114.3499999999999943, -11.20140886022999993, 33.17002990000000295 ) ) ;
#1372 = DIRECTION ( 'NONE',  ( 0.000000000000000000, 0.000000000000000000, 1.000000000000000000 ) ) ;
#1373 = CIRCLE ( 'NONE', #4214, 10.89997819999999606 ) ;
#1374 = LINE ( 'NONE', #6510, #4660 ) ;
#1375 = AXIS2_PLACEMENT_3D ( 'NONE', #2134, #534, #9279 ) ;
#1376 = ORIENTED_EDGE ( 'NONE', *, *, #1920, .F. ) ;
#1377 = DIRECTION ( 'NONE',  ( 0.000000000000000000, -1.000000000000000000, 0.000000000000000000 ) ) ;
#1378 = VERTEX_POINT ( 'NONE', #7816 ) ;
#1379 = FILL_AREA_STYLE_COLOUR ( '', #6950 ) ;
#1380 = CYLINDRICAL_SURFACE ( 'NONE', #3446, 0.2999993999999973071 ) ;
#1381 = DIRECTION ( 'NONE',  ( 1.000000000000000000, 0.000000000000000000, 0.000000000000000000 ) ) ;
#1382 = CARTESIAN_POINT ( 'NONE',  ( -104.2737020272000024, -11.11860580707999979, 35.17554787514999504 ) ) ;
#1383 = ORIENTED_EDGE ( 'NONE', *, *, #6570, .T. ) ;
#1384 = DIRECTION ( 'NONE',  ( -0.7249403170636941063, 0.6888116844940935790, 0.000000000000000000 ) ) ;
#1385 = DIRECTION ( 'NONE',  ( 0.000000000000000000, 0.000000000000000000, 1.000000000000000000 ) ) ;
#1386 = LINE ( 'NONE', #523, #4579 ) ;
#1387 = CIRCLE ( 'NONE', #7387, 4.999989999999995938 ) ;
#1388 = DIRECTION ( 'NONE',  ( 1.278514451131618138E-14, 8.091373363073809593E-17, 1.000000000000000000 ) ) ;
#1389 = DIRECTION ( 'NONE',  ( -1.000000000000000000, 0.000000000000000000, 0.000000000000000000 ) ) ;
#1390 = SHAPE_REPRESENTATION ( 'MANIFOLD_SOLID_BREP_164_3_4^AS03208AS-HT_AS03208AS-HT_Ass', ( #2466 ), #4789 ) ;
#1391 = EDGE_LOOP ( 'NONE', ( #3747, #8526, #6861, #8300 ) ) ;
#1392 = AXIS2_PLACEMENT_3D ( 'NONE', #2342, #6856, #3066 ) ;
#1393 = ORIENTED_EDGE ( 'NONE', *, *, #7440, .F. ) ;
#1394 = EDGE_CURVE ( 'NONE', #8308, #3669, #2723, .T. ) ;
#1395 = DIRECTION ( 'NONE',  ( -0.8660254037864010268, -0.4999999999966009967, 0.000000000000000000 ) ) ;
#1396 = CARTESIAN_POINT ( 'NONE',  ( -127.8157405094000012, -4.933005106490999658, 38.01443160568000224 ) ) ;
#1397 = CARTESIAN_POINT ( 'NONE',  ( -123.6925348012999990, -7.499987700000000146, 40.32001560000000495 ) ) ;
#1398 = CARTESIAN_POINT ( 'NONE',  ( -127.3941861286999853, -7.807305789586000522, 40.66722885082999994 ) ) ;
#1399 = ORIENTED_EDGE ( 'NONE', *, *, #1870, .F. ) ;
#1400 = SURFACE_SIDE_STYLE ('',( #7626 ) ) ;
#1401 = VECTOR ( 'NONE', #5060, 1000.000000000000114 ) ;
#1402 = CIRCLE ( 'NONE', #5701, 15.18297050000001214 ) ;
#1403 = ORIENTED_EDGE ( 'NONE', *, *, #3404, .T. ) ;
#1404 = CARTESIAN_POINT ( 'NONE',  ( -107.5000177000000008, 14.64996829999999939, 34.77002669999999540 ) ) ;
#1405 = CARTESIAN_POINT ( 'NONE',  ( -114.3499999999999943, -1.199999999999999956, 38.42001940000000104 ) ) ;
#1406 = FILL_AREA_STYLE_COLOUR ( '', #5828 ) ;
#1407 = CARTESIAN_POINT ( 'NONE',  ( -127.7946032886999888, -4.920801526457000641, 38.42001940000000104 ) ) ;
#1408 = PRESENTATION_LAYER_ASSIGNMENT (  '', '', ( #993 ) ) ;
#1409 = ORIENTED_EDGE ( 'NONE', *, *, #4634, .T. ) ;
#1410 = VECTOR ( 'NONE', #653, 1000.000000000000000 ) ;
#1411 = DIRECTION ( 'NONE',  ( 0.000000000000000000, -1.000000000000000000, 3.386180225107000079E-14 ) ) ;
#1412 = EDGE_LOOP ( 'NONE', ( #7748, #5920, #5906, #6014 ) ) ;
#1413 = FACE_OUTER_BOUND ( 'NONE', #7288, .T. ) ;
#1414 = CARTESIAN_POINT ( 'NONE',  ( -127.9431283001999873, 5.563834431551000215, 44.27001270000000233 ) ) ;
#1415 = ORIENTED_EDGE ( 'NONE', *, *, #7649, .F. ) ;
#1416 = CARTESIAN_POINT ( 'NONE',  ( -124.9558481412213098, 6.143393137087755917, 43.83095890900136027 ) ) ;
#1417 = DIRECTION ( 'NONE',  ( 0.000000000000000000, 0.000000000000000000, 1.000000000000000000 ) ) ;
#1418 = EDGE_CURVE ( 'NONE', #5743, #6619, #2983, .T. ) ;
#1419 = DIRECTION ( 'NONE',  ( 0.000000000000000000, 0.000000000000000000, 1.000000000000000000 ) ) ;
#1420 = ORIENTED_EDGE ( 'NONE', *, *, #7379, .F. ) ;
#1421 = EDGE_CURVE ( 'NONE', #9296, #132, #2813, .T. ) ;
#1422 = CARTESIAN_POINT ( 'NONE',  ( -104.2045027937895156, 8.090054876417516638, 42.00465174372053667 ) ) ;
#1423 = CARTESIAN_POINT ( 'NONE',  ( -122.4499823000000021, -16.29996829999999974, 34.77002669999999540 ) ) ;
#1424 = CARTESIAN_POINT ( 'NONE',  ( -106.5081984076000055, 10.17125516299999965, 41.17001390000000072 ) ) ;
#1425 = CARTESIAN_POINT ( 'NONE',  ( -102.1398851139999948, 0.6533710858511000419, 41.77001269999999522 ) ) ;
#1426 = VECTOR ( 'NONE', #8496, 1000.000000000000000 ) ;
#1427 = DIRECTION ( 'NONE',  ( 0.000000000000000000, 0.000000000000000000, -1.000000000000000000 ) ) ;
#1428 = ADVANCED_FACE ( 'NONE', ( #6004 ), #5897, .T. ) ;
#1429 = FACE_OUTER_BOUND ( 'NONE', #4015, .T. ) ;
#1430 = ORIENTED_EDGE ( 'NONE', *, *, #3762, .F. ) ;
#1431 = DIRECTION ( 'NONE',  ( 0.000000000000000000, -1.000000000000000000, 0.000000000000000000 ) ) ;
#1432 = EDGE_CURVE ( 'NONE', #119, #2470, #2734, .T. ) ;
#1433 = LINE ( 'NONE', #698, #4747 ) ;
#1434 = ORIENTED_EDGE ( 'NONE', *, *, #5976, .F. ) ;
#1435 = AXIS2_PLACEMENT_3D ( 'NONE', #4120, #4805, #7725 ) ;
#1436 = EDGE_CURVE ( 'NONE', #4055, #4029, #6133, .T. ) ;
#1437 = DIRECTION ( 'NONE',  ( 0.000000000000000000, 0.000000000000000000, -1.000000000000000000 ) ) ;
#1438 = VERTEX_POINT ( 'NONE', #846 ) ;
#1439 = LINE ( 'NONE', #7636, #4298 ) ;
#1440 = CARTESIAN_POINT ( 'NONE',  ( -114.3499999999999943, 13.04997149999999984, 33.27002970000000204 ) ) ;
#1441 = CARTESIAN_POINT ( 'NONE',  ( -99.10003169999998818, 8.749982299996998947, 36.27002670000000251 ) ) ;
#1442 = LINE ( 'NONE', #3811, #1260 ) ;
#1443 = CARTESIAN_POINT ( 'NONE',  ( -104.8506726424056126, 8.583457523105671783, 42.15116634569158549 ) ) ;
#1444 = VECTOR ( 'NONE', #4364, 1000.000000000000000 ) ;
#1445 = VECTOR ( 'NONE', #3861, 1000.000000000000000 ) ;
#1446 = CARTESIAN_POINT ( 'NONE',  ( -126.0049748416416406, 4.439821054753537055, 44.02507857263921665 ) ) ;
#1447 = EDGE_CURVE ( 'NONE', #3021, #8667, #8996, .T. ) ;
#1448 = CARTESIAN_POINT ( 'NONE',  ( -120.1584992248999981, -12.51664405319999851, 41.77001269999999522 ) ) ;
#1449 = ORIENTED_EDGE ( 'NONE', *, *, #2924, .F. ) ;
#1450 = EDGE_LOOP ( 'NONE', ( #2070, #2492, #592, #7015, #2551 ) ) ;
#1451 = EDGE_CURVE ( 'NONE', #1788, #4721, #5986, .T. ) ;
#1452 = LINE ( 'NONE', #3004, #7728 ) ;
#1453 = DIRECTION ( 'NONE',  ( 0.6442706549548880002, 0.7647975700562860135, 0.000000000000000000 ) ) ;
#1454 = CYLINDRICAL_SURFACE ( 'NONE', #65, 8.599982800000002925 ) ;
#1455 = CARTESIAN_POINT ( 'NONE',  ( -114.3499999999999943, 11.29997499999999988, 38.42001940000000104 ) ) ;
#1456 = AXIS2_PLACEMENT_3D ( 'NONE', #7672, #8394, #9131 ) ;
#1457 = ORIENTED_EDGE ( 'NONE', *, *, #24, .F. ) ;
#1458 = DIRECTION ( 'NONE',  ( 1.000000000000000000, 0.000000000000000000, 0.000000000000000000 ) ) ;
#1459 = DIRECTION ( 'NONE',  ( -5.447505202503999847E-13, 4.085628901877999885E-13, -1.000000000000000000 ) ) ;
#1460 = CIRCLE ( 'NONE', #4841, 13.76997146000000072 ) ;
#1461 = CARTESIAN_POINT ( 'NONE',  ( -104.5817314152999984, 3.860749234530000074, 41.81585438980999925 ) ) ;
#1462 = VECTOR ( 'NONE', #1182, 1000.000000000000000 ) ;
#1463 = ORIENTED_EDGE ( 'NONE', *, *, #8002, .F. ) ;
#1464 = CARTESIAN_POINT ( 'NONE',  ( -127.7051176231999960, -4.869136953348999874, 41.17001390000000072 ) ) ;
#1465 = EDGE_CURVE ( 'NONE', #7992, #8927, #5930, .T. ) ;
#1466 = CARTESIAN_POINT ( 'NONE',  ( -114.3499999999999943, -1.199999999999999956, 34.65573359270999987 ) ) ;
#1467 = CARTESIAN_POINT ( 'NONE',  ( -126.5333679703999934, -9.157829360523999540, 40.76737402085000639 ) ) ;
#1468 = CARTESIAN_POINT ( 'NONE',  ( -114.3499999999999943, -1.199999999999999956, 41.77001269999999522 ) ) ;
#1469 = ITEM_DEFINED_TRANSFORMATION ( 'NONE', 'NONE', #5396,  #4468 ) ;
#1470 = ORIENTED_EDGE ( 'NONE', *, *, #1214, .T. ) ;
#1471 = AXIS2_PLACEMENT_3D ( 'NONE', #261, #979, #8700 ) ;
#1472 = LINE ( 'NONE', #3750, #4868 ) ;
#1473 = DIRECTION ( 'NONE',  ( 0.000000000000000000, 0.000000000000000000, -1.000000000000000000 ) ) ;
#1474 = EDGE_LOOP ( 'NONE', ( #7970, #9208, #3001, #4904 ) ) ;
#1475 = EDGE_CURVE ( 'NONE', #3529, #5021, #9045, .T. ) ;
#1476 = CIRCLE ( 'NONE', #1897, 1.199997600000000553 ) ;
#1477 = VECTOR ( 'NONE', #104, 1000.000000000000000 ) ;
#1478 = DIRECTION ( 'NONE',  ( -0.7647975700518069297, 0.6442706549602049693, 0.000000000000000000 ) ) ;
#1479 = VERTEX_POINT ( 'NONE', #2941 ) ;
#1480 = B_SPLINE_CURVE_WITH_KNOTS ( 'NONE', 3,
 ( #9092, #7465, #8168, #3917, #3304, #471, #5284, #6785, #1171, #8922, #290, #2452, #1001, #1683, #9221 ),
 .UNSPECIFIED., .F., .F.,
 ( 4, 2, 2, 2, 1, 2, 2, 4 ),
 ( 0.000000000000000000, 0.2499999999999689693, 0.4999999999999379385, 0.6249999999999142908, 0.6874999999999202860, 0.7187499999999235056, 0.7499999999999267253, 1.000000000000000000 ),
 .UNSPECIFIED. ) ;
#1481 = CARTESIAN_POINT ( 'NONE',  ( -125.0641031075040104, 6.206175460765301466, 44.10064053399356965 ) ) ;
#1482 = PLANE ( 'NONE',  #268 ) ;
#1483 = CARTESIAN_POINT ( 'NONE',  ( -114.3499999999999943, -1.199999999999999956, 40.56078320476999721 ) ) ;
#1484 = ORIENTED_EDGE ( 'NONE', *, *, #4078, .F. ) ;
#1485 = ORIENTED_EDGE ( 'NONE', *, *, #1207, .T. ) ;
#1486 = CARTESIAN_POINT ( 'NONE',  ( -98.50003170000000807, -8.049982299999999924, 34.77002669999999540 ) ) ;
#1487 = DIRECTION ( 'NONE',  ( 0.000000000000000000, 0.000000000000000000, -1.000000000000000000 ) ) ;
#1488 = CARTESIAN_POINT ( 'NONE',  ( -102.6699816767999920, 6.466016900086999364, 42.22940824357999645 ) ) ;
#1489 = CARTESIAN_POINT ( 'NONE',  ( -120.4768301820999881, 6.576354328323000153, 43.77000869999999821 ) ) ;
#1490 = DIRECTION ( 'NONE',  ( -5.054765522135249637E-17, 3.374950151887660170E-14, 1.000000000000000000 ) ) ;
#1491 = LINE ( 'NONE', #1872, #1750 ) ;
#1492 = AXIS2_PLACEMENT_3D ( 'NONE', #7500, #6258, #4704 ) ;
#1493 = FACE_OUTER_BOUND ( 'NONE', #1759, .T. ) ;
#1494 = ORIENTED_EDGE ( 'NONE', *, *, #128, .F. ) ;
#1495 = AXIS2_PLACEMENT_3D ( 'NONE', #518, #7681, #6387 ) ;
#1496 = CIRCLE ( 'NONE', #9049, 10.39999092534000091 ) ;
#1497 = EDGE_LOOP ( 'NONE', ( #4484, #3595, #1527, #4086, #4585 ) ) ;
#1498 = ADVANCED_FACE ( 'NONE', ( #5959 ), #2857, .T. ) ;
#1499 = CARTESIAN_POINT ( 'NONE',  ( -117.8500154668742255, 11.38373165557941746, 44.13903697208974108 ) ) ;
#1500 = ORIENTED_EDGE ( 'NONE', *, *, #5210, .F. ) ;
#1501 = APPLICATION_CONTEXT ( 'automotive_design' ) ;
#1502 = FACE_OUTER_BOUND ( 'NONE', #5373, .T. ) ;
#1503 = ADVANCED_FACE ( 'NONE', ( #9084 ), #2748, .T. ) ;
#1504 = DIRECTION ( 'NONE',  ( 0.000000000000000000, -1.000000000000000000, 0.000000000000000000 ) ) ;
#1505 = AXIS2_PLACEMENT_3D ( 'NONE', #1425, #3649, #4347 ) ;
#1506 = CARTESIAN_POINT ( 'NONE',  ( -123.0686756260999886, 6.144671421369999997, 41.77001269999999522 ) ) ;
#1507 = LINE ( 'NONE', #7109, #1361 ) ;
#1508 = FACE_OUTER_BOUND ( 'NONE', #2510, .T. ) ;
#1509 = LINE ( 'NONE', #790, #1262 ) ;
#1510 = DIRECTION ( 'NONE',  ( -0.8660254036719782222, -0.5000000001947870754, 1.375299732820964014E-13 ) ) ;
#1511 = DIRECTION ( 'NONE',  ( 0.000000000000000000, 0.000000000000000000, -1.000000000000000000 ) ) ;
#1512 = ORIENTED_EDGE ( 'NONE', *, *, #1090, .T. ) ;
#1513 = MANIFOLD_SOLID_BREP ( 'Imported1', #4049 ) ;
#1514 = CIRCLE ( 'NONE', #5977, 9.099981800000003673 ) ;
#1515 = ORIENTED_EDGE ( 'NONE', *, *, #4375, .T. ) ;
#1516 = LINE ( 'NONE', #5239, #4654 ) ;
#1517 = DIRECTION ( 'NONE',  ( 0.000000000000000000, 1.000000000000000000, 0.000000000000000000 ) ) ;
#1518 = CARTESIAN_POINT ( 'NONE',  ( -105.0775289542000053, 4.752204965884000210, 41.90764118980999342 ) ) ;
#1519 = CARTESIAN_POINT ( 'NONE',  ( -106.4000177000000065, 14.04996829999999974, 36.27002670000000251 ) ) ;
#1520 = EDGE_CURVE ( 'NONE', #161, #754, #2796, .T. ) ;
#1521 = FACE_OUTER_BOUND ( 'NONE', #8348, .T. ) ;
#1522 = DIRECTION ( 'NONE',  ( 0.000000000000000000, 1.000000000000000000, 0.000000000000000000 ) ) ;
#1523 = DIRECTION ( 'NONE',  ( 0.000000000000000000, 0.000000000000000000, 1.000000000000000000 ) ) ;
#1524 = CIRCLE ( 'NONE', #8227, 10.99997800000000048 ) ;
#1525 =( GEOMETRIC_REPRESENTATION_CONTEXT ( 3 ) GLOBAL_UNCERTAINTY_ASSIGNED_CONTEXT ( ( #6905 ) ) GLOBAL_UNIT_ASSIGNED_CONTEXT ( ( #9071, #1849, #569 ) ) REPRESENTATION_CONTEXT ( 'NONE', 'WORKASPACE' ) );
#1526 = SURFACE_STYLE_FILL_AREA ( #3889 ) ;
#1527 = ORIENTED_EDGE ( 'NONE', *, *, #153, .T. ) ;
#1528 = B_SPLINE_CURVE_WITH_KNOTS ( 'NONE', 3,
 ( #1281, #1987, #6399, #9273 ),
 .UNSPECIFIED., .F., .F.,
 ( 4, 4 ),
 ( 0.000000000000000000, 1.000000000000000000 ),
 .UNSPECIFIED. ) ;
#1529 = DIRECTION ( 'NONE',  ( 0.000000000000000000, 1.000000000000000000, 0.000000000000000000 ) ) ;
#1530 = CARTESIAN_POINT ( 'NONE',  ( -104.3419881699000058, 8.619572125564001652, 37.20327792008999523 ) ) ;
#1531 = CARTESIAN_POINT ( 'NONE',  ( -103.8908157122000091, 7.756426633577000018, 42.27001269999999522 ) ) ;
#1532 = EDGE_CURVE ( 'NONE', #1216, #234, #5946, .T. ) ;
#1533 = EDGE_CURVE ( 'NONE', #6943, #1628, #2999, .T. ) ;
#1534 = CARTESIAN_POINT ( 'NONE',  ( -119.8499473123753205, 10.81378862337175306, 44.23372163481099051 ) ) ;
#1535 = VERTEX_POINT ( 'NONE', #2283 ) ;
#1536 = CARTESIAN_POINT ( 'NONE',  ( -98.50003170000000807, 8.749982299996998947, 34.77002669999999540 ) ) ;
#1537 = FACE_OUTER_BOUND ( 'NONE', #8296, .T. ) ;
#1538 = CARTESIAN_POINT ( 'NONE',  ( -106.7957591402884532, 7.169817098473806993, 42.21641991851371500 ) ) ;
#1539 = ADVANCED_FACE ( 'NONE', ( #3000 ), #2828, .T. ) ;
#1540 = VECTOR ( 'NONE', #7627, 1000.000000000000000 ) ;
#1541 = PRESENTATION_STYLE_ASSIGNMENT (( #5193 ) ) ;
#1542 = CARTESIAN_POINT ( 'NONE',  ( -115.8332367308999977, 14.64996829999999939, 32.77003069999999951 ) ) ;
#1543 = ORIENTED_EDGE ( 'NONE', *, *, #8442, .T. ) ;
#1544 = CARTESIAN_POINT ( 'NONE',  ( -114.3499999999999943, -13.69997500000000024, 38.42001940000000104 ) ) ;
#1545 = CARTESIAN_POINT ( 'NONE',  ( -103.2863589134790914, 1.235534322804490825, 42.23974502991606528 ) ) ;
#1546 = VERTEX_POINT ( 'NONE', #967 ) ;
#1547 = EDGE_CURVE ( 'NONE', #5864, #472, #6146, .T. ) ;
#1548 = EDGE_CURVE ( 'NONE', #8644, #7034, #6068, .T. ) ;
#1549 = DIRECTION ( 'NONE',  ( -0.4999999999981902810, 0.8660254037854835385, 0.000000000000000000 ) ) ;
#1550 = EDGE_CURVE ( 'NONE', #2657, #6773, #2932, .T. ) ;
#1551 = DIRECTION ( 'NONE',  ( 2.775557561562890089E-14, -1.000000000000000000, 0.000000000000000000 ) ) ;
#1552 = DIRECTION ( 'NONE',  ( 0.000000000000000000, 0.000000000000000000, 1.000000000000000000 ) ) ;
#1553 = DIRECTION ( 'NONE',  ( 0.000000000000000000, 0.000000000000000000, 1.000000000000000000 ) ) ;
#1554 = VECTOR ( 'NONE', #267, 1000.000000000000114 ) ;
#1555 = DIRECTION ( 'NONE',  ( 1.000000000000000000, 0.000000000000000000, 0.000000000000000000 ) ) ;
#1556 = AXIS2_PLACEMENT_3D ( 'NONE', #2880, #5806, #6554 ) ;
#1557 = FACE_OUTER_BOUND ( 'NONE', #3235, .T. ) ;
#1558 = TOROIDAL_SURFACE ( 'NONE', #7170, 7.899984199999999568, 1.199997599999999887 ) ;
#1559 = ORIENTED_EDGE ( 'NONE', *, *, #3189, .F. ) ;
#1560 = EDGE_CURVE ( 'NONE', #8136, #8114, #9207, .T. ) ;
#1561 = DIRECTION ( 'NONE',  ( -0.7647975700514850761, 0.6442706549605871080, -1.421097411587972102E-14 ) ) ;
#1562 = DIRECTION ( 'NONE',  ( -8.908314802279000100E-14, 2.969438267425999942E-14, 1.000000000000000000 ) ) ;
#1563 = EDGE_LOOP ( 'NONE', ( #6892, #7361, #4304, #5330 ) ) ;
#1564 = APPLICATION_CONTEXT ( 'automotive_design' ) ;
#1565 = VECTOR ( 'NONE', #6113, 1000.000000000000000 ) ;
#1566 = CARTESIAN_POINT ( 'NONE',  ( -106.3648766640000076, 7.971271112002000336, 41.17001390000000072 ) ) ;
#1567 = FACE_OUTER_BOUND ( 'NONE', #6812, .T. ) ;
#1568 = CARTESIAN_POINT ( 'NONE',  ( -128.0434625611000001, -8.182165712610999009, 34.77002669999999540 ) ) ;
#1569 = DIRECTION ( 'NONE',  ( 0.000000000000000000, 0.000000000000000000, 1.000000000000000000 ) ) ;
#1570 = FACE_OUTER_BOUND ( 'NONE', #5818, .T. ) ;
#1571 = ORIENTED_EDGE ( 'NONE', *, *, #8174, .F. ) ;
#1572 = CARTESIAN_POINT ( 'NONE',  ( -126.1261439104478796, 4.510174487260475651, 44.16058991573129333 ) ) ;
#1573 = DIRECTION ( 'NONE',  ( 0.000000000000000000, 0.000000000000000000, 1.000000000000000000 ) ) ;
#1574 = ORIENTED_EDGE ( 'NONE', *, *, #4987, .T. ) ;
#1575 = AXIS2_PLACEMENT_3D ( 'NONE', #7438, #8571, #1411 ) ;
#1576 = ORIENTED_EDGE ( 'NONE', *, *, #4426, .T. ) ;
#1577 = CARTESIAN_POINT ( 'NONE',  ( -122.0601238866999978, -10.84758413089000051, 42.57001110000000210 ) ) ;
#1578 = EDGE_CURVE ( 'NONE', #5208, #149, #6102, .T. ) ;
#1579 = DIRECTION ( 'NONE',  ( 0.000000000000000000, 0.000000000000000000, 1.000000000000000000 ) ) ;
#1580 = LINE ( 'NONE', #556, #7900 ) ;
#1581 = DIRECTION ( 'NONE',  ( 0.000000000000000000, 0.000000000000000000, 1.000000000000000000 ) ) ;
#1582 = ORIENTED_EDGE ( 'NONE', *, *, #5884, .F. ) ;
#1583 = AXIS2_PLACEMENT_3D ( 'NONE', #5876, #2152, #5812 ) ;
#1584 = ORIENTED_EDGE ( 'NONE', *, *, #6606, .T. ) ;
#1585 = CARTESIAN_POINT ( 'NONE',  ( -130.1999682999999948, -11.18474613867000045, 34.77002669999999540 ) ) ;
#1586 = CARTESIAN_POINT ( 'NONE',  ( -121.1999822999999878, -14.78486798330999896, 37.77002069999999634 ) ) ;
#1587 = DIRECTION ( 'NONE',  ( 0.9999999999991666666, 1.290929835799721833E-06, 0.000000000000000000 ) ) ;
#1588 = ORIENTED_EDGE ( 'NONE', *, *, #2697, .F. ) ;
#1589 = EDGE_CURVE ( 'NONE', #1799, #8177, #6117, .T. ) ;
#1590 = CARTESIAN_POINT ( 'NONE',  ( -119.0074371987000035, -12.83331034679999938, 41.77001269999999522 ) ) ;
#1591 = LINE ( 'NONE', #841, #7893 ) ;
#1592 = FACE_BOUND ( 'NONE', #1074, .T. ) ;
#1593 = VECTOR ( 'NONE', #1739, 1000.000000000000000 ) ;
#1594 = ORIENTED_EDGE ( 'NONE', *, *, #335, .F. ) ;
#1595 = CARTESIAN_POINT ( 'NONE',  ( -117.8499929999999978, -14.70376875508000047, 38.42001940000000104 ) ) ;
#1596 = EDGE_LOOP ( 'NONE', ( #6866, #643, #8417, #7068 ) ) ;
#1597 =( LENGTH_UNIT ( ) NAMED_UNIT ( * ) SI_UNIT ( .MILLI., .METRE. ) );
#1598 = CARTESIAN_POINT ( 'NONE',  ( -123.2223223961000116, -5.699990699999999855, 40.32001560000000495 ) ) ;
#1599 = AXIS2_PLACEMENT_3D ( 'NONE', #7744, #7070, #4957 ) ;
#1600 = CARTESIAN_POINT ( 'NONE',  ( -103.3205021589082122, 1.165328378170562784, 42.21915491755316907 ) ) ;
#1601 = CARTESIAN_POINT ( 'NONE',  ( -98.95003080000000750, -1.199999999999999956, 32.77003069999999951 ) ) ;
#1602 = ORIENTED_EDGE ( 'NONE', *, *, #4035, .T. ) ;
#1603 = ADVANCED_FACE ( 'NONE', ( #8955 ), #9329, .F. ) ;
#1604 = CARTESIAN_POINT ( 'NONE',  ( -123.1999823000000021, 14.04996829999999974, 36.27002670000000251 ) ) ;
#1605 = AXIS2_PLACEMENT_3D ( 'NONE', #1272, #2737, #4197 ) ;
#1606 = CARTESIAN_POINT ( 'NONE',  ( -106.6398761140000033, 8.447584131454998868, 41.77001269999999522 ) ) ;
#1607 = CARTESIAN_POINT ( 'NONE',  ( -124.2999822999999964, 14.64996829999999939, 34.77002669999999540 ) ) ;
#1608 = CARTESIAN_POINT ( 'NONE',  ( -109.4691785740999990, 8.546132923806000647, 41.77001269999999522 ) ) ;
#1609 = ADVANCED_FACE ( 'NONE', ( #6240 ), #618, .F. ) ;
#1610 = CIRCLE ( 'NONE', #124, 14.74997050000000165 ) ;
#1611 = ORIENTED_EDGE ( 'NONE', *, *, #666, .F. ) ;
#1612 = EDGE_CURVE ( 'NONE', #5195, #9033, #3077, .T. ) ;
#1613 = ORIENTED_EDGE ( 'NONE', *, *, #9096, .T. ) ;
#1614 = B_SPLINE_CURVE_WITH_KNOTS ( 'NONE', 3,
 ( #9178, #5634, #2224, #3702 ),
 .UNSPECIFIED., .F., .F.,
 ( 4, 4 ),
 ( 0.000000000000000000, 1.000000000000000000 ),
 .UNSPECIFIED. ) ;
#1615 = CARTESIAN_POINT ( 'NONE',  ( -114.3499999999999943, -1.199999999999999956, 34.77002669999999540 ) ) ;
#1616 = CARTESIAN_POINT ( 'NONE',  ( -110.8500429008523440, 11.46486231481117457, 44.19810235201425996 ) ) ;
#1617 = DIRECTION ( 'NONE',  ( 2.226371691457999958E-12, 6.431164769641999947E-12, 1.000000000000000000 ) ) ;
#1618 = AXIS2_PLACEMENT_3D ( 'NONE', #2603, #2028, #8585 ) ;
#1619 = ORIENTED_EDGE ( 'NONE', *, *, #5769, .F. ) ;
#1620 = ORIENTED_EDGE ( 'NONE', *, *, #1707, .F. ) ;
#1621 = PRODUCT_CONTEXT ( 'NONE', #999, 'mechanical' ) ;
#1622 = VECTOR ( 'NONE', #6502, 1000.000000000000114 ) ;
#1623 = DIRECTION ( 'NONE',  ( -0.6399056453626013052, 0.7684534891801017009, 0.000000000000000000 ) ) ;
#1624 = EDGE_CURVE ( 'NONE', #9282, #6189, #213, .T. ) ;
#1625 = DIRECTION ( 'NONE',  ( 2.842170943040000002E-14, -1.000000000000000000, 0.000000000000000000 ) ) ;
#1626 = VECTOR ( 'NONE', #1980, 1000.000000000000000 ) ;
#1627 = ORIENTED_EDGE ( 'NONE', *, *, #7780, .T. ) ;
#1628 = VERTEX_POINT ( 'NONE', #1954 ) ;
#1629 = EDGE_CURVE ( 'NONE', #1077, #1019, #3375, .T. ) ;
#1630 = SHAPE_DEFINITION_REPRESENTATION ( #5360, #8383 ) ;
#1631 = ORIENTED_EDGE ( 'NONE', *, *, #8101, .T. ) ;
#1632 = STYLED_ITEM ( 'NONE', ( #4033 ), #6075 ) ;
#1633 = LINE ( 'NONE', #7581, #7878 ) ;
#1634 = DIRECTION ( 'NONE',  ( 0.000000000000000000, 0.000000000000000000, -1.000000000000000000 ) ) ;
#1635 = UNCERTAINTY_MEASURE_WITH_UNIT (LENGTH_MEASURE( 1.000000000000000082E-05 ), #1597, 'distance_accuracy_value', 'NONE');
#1636 = VECTOR ( 'NONE', #5323, 1000.000000000000000 ) ;
#1637 = CARTESIAN_POINT ( 'NONE',  ( -114.3499999999999943, 12.79997200000000035, 33.17002990000000295 ) ) ;
#1638 = B_SPLINE_CURVE_WITH_KNOTS ( 'NONE', 3,
 ( #2881, #7206, #67, #252 ),
 .UNSPECIFIED., .F., .F.,
 ( 4, 4 ),
 ( 0.000000000000000000, 1.000000000000000000 ),
 .UNSPECIFIED. ) ;
#1639 = EDGE_CURVE ( 'NONE', #2845, #703, #9346, .T. ) ;
#1640 = CIRCLE ( 'NONE', #5789, 0.4999989999999992496 ) ;
#1641 = DIRECTION ( 'NONE',  ( -1.000000000000000000, 0.000000000000000000, 0.000000000000000000 ) ) ;
#1642 = ORIENTED_EDGE ( 'NONE', *, *, #1899, .T. ) ;
#1643 = ORIENTED_EDGE ( 'NONE', *, *, #3248, .F. ) ;
#1644 = DIRECTION ( 'NONE',  ( 0.000000000000000000, 0.000000000000000000, 1.000000000000000000 ) ) ;
#1645 = DIRECTION ( 'NONE',  ( 0.000000000000000000, 0.000000000000000000, 1.000000000000000000 ) ) ;
#1646 = ADVANCED_FACE ( 'NONE', ( #3195 ), #3306, .T. ) ;
#1647 = CARTESIAN_POINT ( 'NONE',  ( -130.1999682999999948, 5.649982300000000457, 34.77002669999999540 ) ) ;
#1648 = AXIS2_PLACEMENT_3D ( 'NONE', #6425, #1305, #6299 ) ;
#1649 = PLANE ( 'NONE',  #5322 ) ;
#1650 = CARTESIAN_POINT ( 'NONE',  ( -122.4499823000000021, -16.29996829999999974, 37.77002069999999634 ) ) ;
#1651 = ORIENTED_EDGE ( 'NONE', *, *, #1320, .T. ) ;
#1652 = VECTOR ( 'NONE', #5614, 1000.000000000000000 ) ;
#1653 = ADVANCED_FACE ( 'NONE', ( #60 ), #3146, .T. ) ;
#1654 = CYLINDRICAL_SURFACE ( 'NONE', #7348, 15.18313471721000063 ) ;
#1655 = ORIENTED_EDGE ( 'NONE', *, *, #2908, .F. ) ;
#1656 = EDGE_CURVE ( 'NONE', #7972, #7992, #3273, .T. ) ;
#1657 = DIRECTION ( 'NONE',  ( -0.4263567670215094862, 0.9045550879935208011, 0.000000000000000000 ) ) ;
#1658 = ORIENTED_EDGE ( 'NONE', *, *, #566, .T. ) ;
#1659 = CARTESIAN_POINT ( 'NONE',  ( -114.3499999999999943, -1.199999999999999956, 40.62001500000000220 ) ) ;
#1660 = CARTESIAN_POINT ( 'NONE',  ( -127.7766755421999818, 2.584984210691999795, 38.42001940000000104 ) ) ;
#1661 = CARTESIAN_POINT ( 'NONE',  ( -124.4847339485000077, -11.09273517477000048, 34.77002669999999540 ) ) ;
#1662 = ORIENTED_EDGE ( 'NONE', *, *, #3631, .T. ) ;
#1663 = AXIS2_PLACEMENT_3D ( 'NONE', #908, #5377, #8883 ) ;
#1664 = CARTESIAN_POINT ( 'NONE',  ( -126.6871550556999892, -10.08474604054999979, 34.77002669999999540 ) ) ;
#1665 = CARTESIAN_POINT ( 'NONE',  ( -127.3333663703999861, -7.772191485752999895, 35.77002470000000045 ) ) ;
#1666 = DIRECTION ( 'NONE',  ( 0.4999999999995868305, -0.8660254037846771835, 0.000000000000000000 ) ) ;
#1667 = LINE ( 'NONE', #4032, #7925 ) ;
#1668 = CARTESIAN_POINT ( 'NONE',  ( -99.50003170000000807, 57.27129232851999774, 35.17002670000000109 ) ) ;
#1669 = LINE ( 'NONE', #4647, #1699 ) ;
#1670 = EDGE_CURVE ( 'NONE', #3336, #7965, #9314, .T. ) ;
#1671 = DIRECTION ( 'NONE',  ( -1.000000000000000000, 0.000000000000000000, 0.000000000000000000 ) ) ;
#1672 = VECTOR ( 'NONE', #7419, 1000.000000000000000 ) ;
#1673 = ORIENTED_EDGE ( 'NONE', *, *, #5708, .T. ) ;
#1674 = PRODUCT_RELATED_PRODUCT_CATEGORY ( 'part', '', ( #6104 ) ) ;
#1675 = VERTEX_POINT ( 'NONE', #6985 ) ;
#1676 = EDGE_CURVE ( 'NONE', #7034, #8586, #22, .T. ) ;
#1677 = DIRECTION ( 'NONE',  ( 0.000000000000000000, 0.000000000000000000, 1.000000000000000000 ) ) ;
#1678 = CARTESIAN_POINT ( 'NONE',  ( -124.4473968214000053, 8.730841801028001115, 34.77002669999999540 ) ) ;
#1679 = CARTESIAN_POINT ( 'NONE',  ( -115.8332367308999977, 14.64996830001000028, 34.77002669999999540 ) ) ;
#1680 = ORIENTED_EDGE ( 'NONE', *, *, #3976, .F. ) ;
#1681 =( NAMED_UNIT ( * ) PLANE_ANGLE_UNIT ( ) SI_UNIT ( $, .RADIAN. ) );
#1682 = VECTOR ( 'NONE', #3836, 999.9999999999998863 ) ;
#1683 = CARTESIAN_POINT ( 'NONE',  ( -101.2675177055927520, 3.389137125729631883, 42.27001269999999522 ) ) ;
#1684 = CARTESIAN_POINT ( 'NONE',  ( -116.3372718326999973, -1.166826176288000116, 49.55907315657999845 ) ) ;
#1685 = ADVANCED_FACE ( 'NONE', ( #3061 ), #1197, .T. ) ;
#1686 = AXIS2_PLACEMENT_3D ( 'NONE', #2530, #486, #6168 ) ;
#1687 = VECTOR ( 'NONE', #5358, 1000.000000000000000 ) ;
#1688 = VERTEX_POINT ( 'NONE', #1254 ) ;
#1689 = CARTESIAN_POINT ( 'NONE',  ( -114.3499999999999943, -1.199999999999999956, 38.42001940000000104 ) ) ;
#1690 = EDGE_LOOP ( 'NONE', ( #2511, #2915, #243, #3314 ) ) ;
#1691 = EDGE_CURVE ( 'NONE', #4943, #3336, #9300, .T. ) ;
#1692 = ORIENTED_EDGE ( 'NONE', *, *, #2394, .F. ) ;
#1693 = CONTEXT_DEPENDENT_SHAPE_REPRESENTATION ( #5548, #1227 ) ;
#1694 = ORIENTED_EDGE ( 'NONE', *, *, #1795, .T. ) ;
#1695 = LINE ( 'NONE', #903, #4833 ) ;
#1696 = B_SPLINE_CURVE_WITH_KNOTS ( 'NONE', 3,
 ( #860, #4459, #7336, #1422, #3644, #6007, #5198, #6575, #7221, #203, #9, #734, #2961, #8028, #8092 ),
 .UNSPECIFIED., .F., .F.,
 ( 4, 2, 2, 2, 1, 2, 2, 4 ),
 ( 0.000000000000000000, 0.2500000000000094924, 0.5000000000000189848, 0.6250000000000135447, 0.6875000000000107692, 0.7187500000000115463, 0.7500000000000122125, 1.000000000000000000 ),
 .UNSPECIFIED. ) ;
#1697 = DIRECTION ( 'NONE',  ( 0.000000000000000000, 0.000000000000000000, -1.000000000000000000 ) ) ;
#1698 = AXIS2_PLACEMENT_3D ( 'NONE', #6403, #7135, #5462 ) ;
#1699 = VECTOR ( 'NONE', #5952, 1000.000000000000000 ) ;
#1700 = DIRECTION ( 'NONE',  ( 4.736961045656000270E-12, 4.233658934555000183E-13, -1.000000000000000000 ) ) ;
#1701 = DIRECTION ( 'NONE',  ( 0.9999792881909774778, -0.006436084917575862416, 0.000000000000000000 ) ) ;
#1702 = STYLED_ITEM ( 'NONE', ( #8354 ), #815 ) ;
#1703 = CARTESIAN_POINT ( 'NONE',  ( -105.0046090204999985, 5.058855564586999698, 42.20318129094999904 ) ) ;
#1704 = FACE_OUTER_BOUND ( 'NONE', #2126, .T. ) ;
#1705 = CARTESIAN_POINT ( 'NONE',  ( -114.3499999999999943, 12.74997209999999903, 38.42001940000000104 ) ) ;
#1706 = VERTEX_POINT ( 'NONE', #4116 ) ;
#1707 = EDGE_CURVE ( 'NONE', #7787, #6955, #3240, .T. ) ;
#1708 = VERTEX_POINT ( 'NONE', #8520 ) ;
#1709 = DIRECTION ( 'NONE',  ( 0.8394313194239879650, 0.5434657854640920771, 0.000000000000000000 ) ) ;
#1710 = DIRECTION ( 'NONE',  ( 0.000000000000000000, 0.000000000000000000, 1.000000000000000000 ) ) ;
#1711 =( NAMED_UNIT ( * ) SI_UNIT ( $, .STERADIAN. ) SOLID_ANGLE_UNIT ( ) );
#1712 = ORIENTED_EDGE ( 'NONE', *, *, #6220, .F. ) ;
#1713 = CARTESIAN_POINT ( 'NONE',  ( -110.8500070000000051, -14.92330464742999929, 34.77002669999999540 ) ) ;
#1714 = VERTEX_POINT ( 'NONE', #6119 ) ;
#1715 = LINE ( 'NONE', #4496, #7818 ) ;
#1716 = CARTESIAN_POINT ( 'NONE',  ( -124.1679668116999977, 8.568790119270000005, 38.42001940000000104 ) ) ;
#1717 = LINE ( 'NONE', #6012, #1859 ) ;
#1718 = PLANE ( 'NONE',  #3082 ) ;
#1719 = AXIS2_PLACEMENT_3D ( 'NONE', #9170, #7652, #7771 ) ;
#1720 = B_SPLINE_CURVE_WITH_KNOTS ( 'NONE', 3,
 ( #1363, #4989, #5325, #3890 ),
 .UNSPECIFIED., .F., .F.,
 ( 4, 4 ),
 ( 0.000000000000000000, 1.000000000000000000 ),
 .UNSPECIFIED. ) ;
#1721 = DIRECTION ( 'NONE',  ( 0.000000000000000000, 1.000000000000000000, 0.000000000000000000 ) ) ;
#1722 = ORIENTED_EDGE ( 'NONE', *, *, #5477, .F. ) ;
#1723 = AXIS2_PLACEMENT_3D ( 'NONE', #5905, #6661, #7354 ) ;
#1724 = DIRECTION ( 'NONE',  ( 2.006103002834999970E-11, 1.103526886097000045E-11, -1.000000000000000000 ) ) ;
#1725 = ORIENTED_EDGE ( 'NONE', *, *, #4426, .F. ) ;
#1726 = SURFACE_SIDE_STYLE ('',( #6440 ) ) ;
#1727 = ADVANCED_FACE ( 'NONE', ( #6224 ), #2778, .F. ) ;
#1728 = DIRECTION ( 'NONE',  ( -0.8660254037388890325, -0.5000000000788941135, -2.062949599027975065E-13 ) ) ;
#1729 = VERTEX_POINT ( 'NONE', #6242 ) ;
#1730 = CONTEXT_DEPENDENT_SHAPE_REPRESENTATION ( #8219, #4170 ) ;
#1731 = ORIENTED_EDGE ( 'NONE', *, *, #5084, .F. ) ;
#1732 = CARTESIAN_POINT ( 'NONE',  ( -126.5333679703999934, -9.157829360523999540, 40.76737402085000639 ) ) ;
#1733 = DIRECTION ( 'NONE',  ( -1.000000000000000000, 0.000000000000000000, 0.000000000000000000 ) ) ;
#1734 = CARTESIAN_POINT ( 'NONE',  ( -101.7623800437000057, 5.452534963771999976, 41.94962210047000184 ) ) ;
#1735 = LINE ( 'NONE', #4619, #8038 ) ;
#1736 = CARTESIAN_POINT ( 'NONE',  ( -119.8499929999999978, -1.150462752447999781, 49.55907315657999845 ) ) ;
#1737 = ADVANCED_FACE ( 'NONE', ( #3097 ), #7964, .F. ) ;
#1738 = EDGE_CURVE ( 'NONE', #5428, #2053, #168, .T. ) ;
#1739 = DIRECTION ( 'NONE',  ( 0.000000000000000000, 0.000000000000000000, -1.000000000000000000 ) ) ;
#1740 = LINE ( 'NONE', #3864, #1687 ) ;
#1741 = AXIS2_PLACEMENT_3D ( 'NONE', #7908, #987, #8032 ) ;
#1742 = ORIENTED_EDGE ( 'NONE', *, *, #3404, .F. ) ;
#1743 = ORIENTED_EDGE ( 'NONE', *, *, #3148, .F. ) ;
#1744 = CARTESIAN_POINT ( 'NONE',  ( -114.3499999999999943, 14.64996829999999939, 33.77002870000000456 ) ) ;
#1745 = PRODUCT_DEFINITION_SHAPE ( 'NONE', 'NONE',  #9356 ) ;
#1746 = EDGE_CURVE ( 'NONE', #4729, #6786, #6256, .T. ) ;
#1747 = CARTESIAN_POINT ( 'NONE',  ( -127.5579468557999974, 5.340453625307000074, 40.50088277163999351 ) ) ;
#1748 = ORIENTED_EDGE ( 'NONE', *, *, #6106, .F. ) ;
#1749 = VERTEX_POINT ( 'NONE', #4345 ) ;
#1750 = VECTOR ( 'NONE', #1116, 1000.000000000000000 ) ;
#1751 = CARTESIAN_POINT ( 'NONE',  ( -114.3499999999999943, -1.199999999999999956, 41.77001269999999522 ) ) ;
#1752 = LINE ( 'NONE', #5587, #1636 ) ;
#1753 = LINE ( 'NONE', #7989, #4788 ) ;
#1754 = ORIENTED_EDGE ( 'NONE', *, *, #5656, .T. ) ;
#1755 = DIRECTION ( 'NONE',  ( 0.000000000000000000, 1.000000000000000000, 0.000000000000000000 ) ) ;
#1756 = EDGE_CURVE ( 'NONE', #305, #3296, #6291, .T. ) ;
#1757 = DIRECTION ( 'NONE',  ( 0.000000000000000000, 0.000000000000000000, 1.000000000000000000 ) ) ;
#1758 = ORIENTED_EDGE ( 'NONE', *, *, #5762, .F. ) ;
#1759 = EDGE_LOOP ( 'NONE', ( #7406, #5453, #3939, #8870 ) ) ;
#1760 = ORIENTED_EDGE ( 'NONE', *, *, #2369, .F. ) ;
#1761 = EDGE_CURVE ( 'NONE', #9296, #258, #4, .T. ) ;
#1762 = EDGE_CURVE ( 'NONE', #9256, #8234, #1914, .T. ) ;
#1763 = LINE ( 'NONE', #5171, #1792 ) ;
#1764 = CARTESIAN_POINT ( 'NONE',  ( -106.4328207066999994, 7.140729346913999187, 42.27001269999999522 ) ) ;
#1765 = CARTESIAN_POINT ( 'NONE',  ( -118.3265874585000006, -12.36664405319999993, 41.77001269999999522 ) ) ;
#1766 = CARTESIAN_POINT ( 'NONE',  ( -102.1666320295999952, 6.757829360528000429, 35.77002470000000045 ) ) ;
#1767 = DIRECTION ( 'NONE',  ( 0.000000000000000000, 0.000000000000000000, 1.000000000000000000 ) ) ;
#1768 = EDGE_CURVE ( 'NONE', #427, #8667, #3128, .T. ) ;
#1769 = LINE ( 'NONE', #2761, #1845 ) ;
#1770 = ORIENTED_EDGE ( 'NONE', *, *, #4706, .F. ) ;
#1771 = ORIENTED_EDGE ( 'NONE', *, *, #4265, .T. ) ;
#1772 = CARTESIAN_POINT ( 'NONE',  ( -114.3499999999999943, -1.199999999999999956, 48.12000000000000455 ) ) ;
#1773 = CARTESIAN_POINT ( 'NONE',  ( -114.3499999999999943, -1.199999999999999956, 39.86629397768000160 ) ) ;
#1774 = DIRECTION ( 'NONE',  ( 0.000000000000000000, 0.000000000000000000, -1.000000000000000000 ) ) ;
#1775 = ORIENTED_EDGE ( 'NONE', *, *, #6204, .T. ) ;
#1776 = DIRECTION ( 'NONE',  ( 0.8959318770272974852, 0.4441914809249987717, 0.000000000000000000 ) ) ;
#1777 = CONTEXT_DEPENDENT_SHAPE_REPRESENTATION ( #9153, #4785 ) ;
#1778 = ORIENTED_EDGE ( 'NONE', *, *, #5210, .T. ) ;
#1779 = VECTOR ( 'NONE', #6043, 1000.000000000000000 ) ;
#1780 = CARTESIAN_POINT ( 'NONE',  ( -114.3499999999999943, -1.199999999999999956, 32.77003069999999951 ) ) ;
#1781 = FACE_OUTER_BOUND ( 'NONE', #6809, .T. ) ;
#1782 = ORIENTED_EDGE ( 'NONE', *, *, #9103, .T. ) ;
#1783 = CARTESIAN_POINT ( 'NONE',  ( -127.6873560263999963, 2.533184556931999953, 41.77001269999999522 ) ) ;
#1784 = ORIENTED_EDGE ( 'NONE', *, *, #1223, .F. ) ;
#1785 = FILL_AREA_STYLE ('',( #6762 ) ) ;
#1786 = DIRECTION ( 'NONE',  ( 0.000000000000000000, 0.000000000000000000, 1.000000000000000000 ) ) ;
#1787 = CARTESIAN_POINT ( 'NONE',  ( -122.3038877883000026, 5.500408964984999649, 44.27001270000000233 ) ) ;
#1788 = VERTEX_POINT ( 'NONE', #4403 ) ;
#1789 = ADVANCED_FACE ( 'NONE', ( #3213 ), #4995, .T. ) ;
#1790 = VERTEX_POINT ( 'NONE', #929 ) ;
#1791 = CARTESIAN_POINT ( 'NONE',  ( -101.9262545405999845, 4.899016086806000203, 42.26670168089000157 ) ) ;
#1792 = VECTOR ( 'NONE', #7373, 1000.000000000000114 ) ;
#1793 = PRODUCT_RELATED_PRODUCT_CATEGORY ( 'part', '', ( #5531 ) ) ;
#1794 = DIRECTION ( 'NONE',  ( 0.000000000000000000, 0.000000000000000000, 1.000000000000000000 ) ) ;
#1795 = EDGE_CURVE ( 'NONE', #728, #3216, #43, .T. ) ;
#1796 = CARTESIAN_POINT ( 'NONE',  ( -108.8500359978671099, 10.74673698095361551, 44.20425068844542693 ) ) ;
#1797 = LINE ( 'NONE', #4523, #7928 ) ;
#1798 = CIRCLE ( 'NONE', #1126, 9.099981800000009002 ) ;
#1799 = VERTEX_POINT ( 'NONE', #2302 ) ;
#1800 = ORIENTED_EDGE ( 'NONE', *, *, #9020, .F. ) ;
#1801 = CARTESIAN_POINT ( 'NONE',  ( -110.8500126874220513, 11.53363652345831625, 44.23080906205726848 ) ) ;
#1802 = PLANE ( 'NONE',  #3867 ) ;
#1803 = EDGE_LOOP ( 'NONE', ( #6107, #191, #5254, #4873, #3200, #3286 ) ) ;
#1804 = AXIS2_PLACEMENT_3D ( 'NONE', #2922, #9326, #3607 ) ;
#1805 = CARTESIAN_POINT ( 'NONE',  ( -114.3499999999999943, -1.234763838667000124, 34.77002669999999540 ) ) ;
#1806 = VECTOR ( 'NONE', #6109, 1000.000000000000000 ) ;
#1807 = DIRECTION ( 'NONE',  ( 0.000000000000000000, 0.000000000000000000, -1.000000000000000000 ) ) ;
#1808 = ADVANCED_FACE ( 'NONE', ( #6356 ), #4521, .T. ) ;
#1809 = EDGE_CURVE ( 'NONE', #728, #2179, #6272, .T. ) ;
#1810 = PLANE ( 'NONE',  #2565 ) ;
#1811 = CYLINDRICAL_SURFACE ( 'NONE', #5066, 0.5000000000000004441 ) ;
#1812 = ORIENTED_EDGE ( 'NONE', *, *, #1421, .F. ) ;
#1813 = DIRECTION ( 'NONE',  ( 1.000000000000000000, 0.000000000000000000, 0.000000000000000000 ) ) ;
#1814 = CARTESIAN_POINT ( 'NONE',  ( -106.6398761140000033, 8.447584131454998868, 42.57001110000000210 ) ) ;
#1815 = VERTEX_POINT ( 'NONE', #7223 ) ;
#1816 = AXIS2_PLACEMENT_3D ( 'NONE', #3109, #3856, #414 ) ;
#1817 = VERTEX_POINT ( 'NONE', #7905 ) ;
#1818 = EDGE_LOOP ( 'NONE', ( #5422, #8384, #8771, #2674, #2606, #5454, #2066 ) ) ;
#1819 = AXIS2_PLACEMENT_3D ( 'NONE', #3646, #1552, #5059 ) ;
#1820 = LINE ( 'NONE', #5978, #8344 ) ;
#1821 = DIRECTION ( 'NONE',  ( 0.000000000000000000, -5.127750076402000132E-13, -1.000000000000000000 ) ) ;
#1822 = LINE ( 'NONE', #1423, #4963 ) ;
#1823 = B_SPLINE_CURVE_WITH_KNOTS ( 'NONE', 3,
 ( #6412, #2636, #1123, #7588 ),
 .UNSPECIFIED., .F., .F.,
 ( 4, 4 ),
 ( 0.000000000000000000, 1.000000000000000000 ),
 .UNSPECIFIED. ) ;
#1824 = CARTESIAN_POINT ( 'NONE',  ( -114.3499999999999943, -1.199999999999999956, 14.41435155072999841 ) ) ;
#1825 = CARTESIAN_POINT ( 'NONE',  ( -104.5320331883000051, -10.96879011928999859, 41.77001269999999522 ) ) ;
#1826 = CARTESIAN_POINT ( 'NONE',  ( -103.3432525517999920, -11.65820748572999932, 34.77002669999999540 ) ) ;
#1827 = CIRCLE ( 'NONE', #5176, 13.84997230000000812 ) ;
#1828 = LINE ( 'NONE', #7089, #5110 ) ;
#1829 = ORIENTED_EDGE ( 'NONE', *, *, #3130, .T. ) ;
#1830 = ORIENTED_EDGE ( 'NONE', *, *, #1756, .T. ) ;
#1831 = CARTESIAN_POINT ( 'NONE',  ( -102.1398851139999948, 0.6533710858525000331, 41.17001390000000072 ) ) ;
#1832 = DIRECTION ( 'NONE',  ( 0.000000000000000000, 0.000000000000000000, -1.000000000000000000 ) ) ;
#1833 = CARTESIAN_POINT ( 'NONE',  ( -121.1999822999999878, -16.44996829999999832, 36.27002670000000251 ) ) ;
#1834 = PLANE ( 'NONE',  #1663 ) ;
#1835 = CARTESIAN_POINT ( 'NONE',  ( -123.5425348013000075, -5.699990699999999855, 40.12001599999999968 ) ) ;
#1836 = ORIENTED_EDGE ( 'NONE', *, *, #7762, .T. ) ;
#1837 = CARTESIAN_POINT ( 'NONE',  ( -114.3499999999999943, -1.199999999999999956, 48.12000000000000455 ) ) ;
#1838 = AXIS2_PLACEMENT_3D ( 'NONE', #2300, #7280, #81 ) ;
#1839 = ORIENTED_EDGE ( 'NONE', *, *, #7846, .T. ) ;
#1840 = FACE_OUTER_BOUND ( 'NONE', #6313, .T. ) ;
#1841 = CIRCLE ( 'NONE', #8973, 13.94997209999999299 ) ;
#1842 = EDGE_CURVE ( 'NONE', #7269, #5572, #6398, .T. ) ;
#1843 = TOROIDAL_SURFACE ( 'NONE', #4682, 11.75069093011999932, 1.769996459999999994 ) ;
#1844 = ADVANCED_FACE ( 'NONE', ( #6415 ), #6307, .T. ) ;
#1845 = VECTOR ( 'NONE', #3511, 1000.000000000000000 ) ;
#1846 = ORIENTED_EDGE ( 'NONE', *, *, #1656, .T. ) ;
#1847 = DIRECTION ( 'NONE',  ( 0.000000000000000000, 0.000000000000000000, 1.000000000000000000 ) ) ;
#1848 = EDGE_LOOP ( 'NONE', ( #7244, #7023 ) ) ;
#1849 =( NAMED_UNIT ( * ) PLANE_ANGLE_UNIT ( ) SI_UNIT ( $, .RADIAN. ) );
#1850 = EDGE_CURVE ( 'NONE', #4718, #5444, #3289, .T. ) ;
#1851 = CARTESIAN_POINT ( 'NONE',  ( -129.5999683000000005, 6.749982300000000102, 35.17002670000000109 ) ) ;
#1852 = ORIENTED_EDGE ( 'NONE', *, *, #7149, .T. ) ;
#1853 = CARTESIAN_POINT ( 'NONE',  ( -104.4214804352999977, -11.03290370375000151, 38.01443109882000471 ) ) ;
#1854 = AXIS2_PLACEMENT_3D ( 'NONE', #3322, #8513, #669 ) ;
#1855 = DIRECTION ( 'NONE',  ( 1.000000000000000000, 0.000000000000000000, 0.000000000000000000 ) ) ;
#1856 = DIRECTION ( 'NONE',  ( 0.000000000000000000, 0.000000000000000000, 1.000000000000000000 ) ) ;
#1857 = VECTOR ( 'NONE', #1290, 1000.000000000000000 ) ;
#1858 = CARTESIAN_POINT ( 'NONE',  ( -119.3276496039000136, -12.36664405319999993, 41.77001269999999522 ) ) ;
#1859 = VECTOR ( 'NONE', #8908, 1000.000000000000114 ) ;
#1860 = VECTOR ( 'NONE', #2558, 1000.000000000000000 ) ;
#1861 = CARTESIAN_POINT ( 'NONE',  ( -102.3713390292000156, 6.555241248059999748, 41.77001269999999522 ) ) ;
#1862 = EDGE_CURVE ( 'NONE', #7631, #6314, #2801, .T. ) ;
#1863 = FACE_OUTER_BOUND ( 'NONE', #8371, .T. ) ;
#1864 = ORIENTED_EDGE ( 'NONE', *, *, #5347, .F. ) ;
#1865 = VERTEX_POINT ( 'NONE', #5536 ) ;
#1866 = CARTESIAN_POINT ( 'NONE',  ( -98.50003170000000807, 7.649982299997000190, 36.27002670000000251 ) ) ;
#1867 = CARTESIAN_POINT ( 'NONE',  ( -100.7764953215000077, 3.203641244752000183, 41.17001390000000072 ) ) ;
#1868 = ORIENTED_EDGE ( 'NONE', *, *, #1451, .T. ) ;
#1869 = ADVANCED_FACE ( 'NONE', ( #6177 ), #180, .T. ) ;
#1870 = EDGE_CURVE ( 'NONE', #6248, #5021, #3227, .T. ) ;
#1871 = VECTOR ( 'NONE', #1885, 1000.000000000000000 ) ;
#1872 = CARTESIAN_POINT ( 'NONE',  ( -106.6398761140000033, 7.947585131454999896, 41.17001390000000072 ) ) ;
#1873 = FACE_OUTER_BOUND ( 'NONE', #7333, .T. ) ;
#1874 = VECTOR ( 'NONE', #578, 1000.000000000000000 ) ;
#1875 = CARTESIAN_POINT ( 'NONE',  ( -114.3499999999999943, -1.199999999999999956, 41.77001269999999522 ) ) ;
#1876 = ORIENTED_EDGE ( 'NONE', *, *, #197, .F. ) ;
#1877 = CARTESIAN_POINT ( 'NONE',  ( -117.8499929999999978, 11.21609787979000039, 41.77001269999999522 ) ) ;
#1878 = EDGE_CURVE ( 'NONE', #201, #9187, #195, .T. ) ;
#1879 = VERTEX_POINT ( 'NONE', #6877 ) ;
#1880 = AXIS2_PLACEMENT_3D ( 'NONE', #7885, #4504, #3140 ) ;
#1881 = EDGE_CURVE ( 'NONE', #1948, #2595, #6465, .T. ) ;
#1882 = LINE ( 'NONE', #9222, #1857 ) ;
#1883 = DIRECTION ( 'NONE',  ( 0.000000000000000000, 0.000000000000000000, 1.000000000000000000 ) ) ;
#1884 = ADVANCED_FACE ( 'NONE', ( #3356 ), #3034, .T. ) ;
#1885 = DIRECTION ( 'NONE',  ( 0.000000000000000000, 1.000000000000000000, 0.000000000000000000 ) ) ;
#1886 = FACE_OUTER_BOUND ( 'NONE', #8855, .T. ) ;
#1887 = CARTESIAN_POINT ( 'NONE',  ( -128.1604707477000034, -2.245289643235000021, 41.77001269999999522 ) ) ;
#1888 = EDGE_LOOP ( 'NONE', ( #8895, #2587, #8232, #6952 ) ) ;
#1889 = VERTEX_POINT ( 'NONE', #7621 ) ;
#1890 = CARTESIAN_POINT ( 'NONE',  ( -126.5601148860999956, -2.553372084955999988, 41.17001390000000072 ) ) ;
#1891 = DIRECTION ( 'NONE',  ( 0.000000000000000000, 0.000000000000000000, -1.000000000000000000 ) ) ;
#1892 = DIRECTION ( 'NONE',  ( 0.000000000000000000, 0.000000000000000000, -1.000000000000000000 ) ) ;
#1893 = CARTESIAN_POINT ( 'NONE',  ( -119.4776496039000051, -12.36664405319999993, 41.77001269999999522 ) ) ;
#1894 = B_SPLINE_CURVE_WITH_KNOTS ( 'NONE', 3,
 ( #4955, #3552, #5152, #4254, #1443, #3052, #8803, #7300, #7803, #5018, #8543, #6456, #7242 ),
 .UNSPECIFIED., .F., .F.,
 ( 4, 2, 2, 1, 2, 2, 4 ),
 ( 0.000000000000000000, 0.4999999999999933387, 0.6249999999999876765, 0.6874999999999855671, 0.7187499999999839018, 0.7499999999999822364, 1.000000000000000000 ),
 .UNSPECIFIED. ) ;
#1895 = ORIENTED_EDGE ( 'NONE', *, *, #3377, .F. ) ;
#1896 = CARTESIAN_POINT ( 'NONE',  ( -110.8500070000000051, -14.70376875508000047, 38.42001940000000104 ) ) ;
#1897 = AXIS2_PLACEMENT_3D ( 'NONE', #8343, #85, #276 ) ;
#1898 = FACE_OUTER_BOUND ( 'NONE', #647, .T. ) ;
#1899 = EDGE_CURVE ( 'NONE', #736, #5384, #3475, .T. ) ;
#1900 = LINE ( 'NONE', #744, #5010 ) ;
#1901 = LINE ( 'NONE', #3664, #1961 ) ;
#1902 = LINE ( 'NONE', #1608, #5044 ) ;
#1903 = LINE ( 'NONE', #6840, #5014 ) ;
#1904 = EDGE_LOOP ( 'NONE', ( #3341, #5873, #4423, #7410, #3933, #4281, #7091, #6934, #1224, #232, #3361, #1124, #4323, #5491, #5600, #8319, #3114, #808, #5633, #1965 ) ) ;
#1905 = DIRECTION ( 'NONE',  ( -1.000000000000000000, 0.000000000000000000, 0.000000000000000000 ) ) ;
#1906 = ORIENTED_EDGE ( 'NONE', *, *, #3366, .T. ) ;
#1907 = ADVANCED_BREP_SHAPE_REPRESENTATION ( '', ( #4946, #2466 ), #6558 ) ;
#1908 = EDGE_CURVE ( 'NONE', #3003, #8680, #6978, .T. ) ;
#1909 = DIRECTION ( 'NONE',  ( 0.000000000000000000, -1.000000000000000000, 0.000000000000000000 ) ) ;
#1910 = ORIENTED_EDGE ( 'NONE', *, *, #4451, .F. ) ;
#1911 = CARTESIAN_POINT ( 'NONE',  ( -101.3822175523999931, 3.431277620907999815, 42.27001269999999522 ) ) ;
#1912 = CARTESIAN_POINT ( 'NONE',  ( -126.8499683000000005, -17.73473213866999743, 37.77002069999999634 ) ) ;
#1913 = LINE ( 'NONE', #1247, #8102 ) ;
#1914 = B_SPLINE_CURVE_WITH_KNOTS ( 'NONE', 3,
 ( #2965, #3710, #84, #8780, #6709, #142, #5886, #5123, #3587, #7396, #4291, #7163, #1488, #9307, #2371, #5764, #2233 ),
 .UNSPECIFIED., .F., .F.,
 ( 4, 1, 1, 1, 1, 1, 1, 1, 1, 1, 1, 1, 1, 1, 4 ),
 ( 0.000000000000000000, 0.07142857142856999519, 0.1428571428570999946, 0.2142857142857000075, 0.2857142857143000203, 0.3571428571429000054, 0.4285714285713999594, 0.5000000000000000000, 0.5714285714286000406, 0.6428571428570999391, 0.7142857142856999797, 0.7857142857142999093, 0.8571428571429000609, 0.9285714285714000704, 1.000000000000000000 ),
 .UNSPECIFIED. ) ;
#1915 = AXIS2_PLACEMENT_3D ( 'NONE', #4370, #47, #6541 ) ;
#1916 = DIRECTION ( 'NONE',  ( 0.000000000000000000, 1.000000000000000000, 0.000000000000000000 ) ) ;
#1917 = FACE_OUTER_BOUND ( 'NONE', #2797, .T. ) ;
#1918 = DIRECTION ( 'NONE',  ( 0.4999999999995852762, -0.8660254037846780717, 0.000000000000000000 ) ) ;
#1919 = ORIENTED_EDGE ( 'NONE', *, *, #9287, .F. ) ;
#1920 = EDGE_CURVE ( 'NONE', #9160, #3324, #383, .T. ) ;
#1921 = ORIENTED_EDGE ( 'NONE', *, *, #6944, .T. ) ;
#1922 = CARTESIAN_POINT ( 'NONE',  ( -119.8499929999999978, 11.51109002842999907, 38.42001940000000104 ) ) ;
#1923 = DIRECTION ( 'NONE',  ( 1.631222358903000099E-13, 1.000000000000000000, -5.607326858731000441E-14 ) ) ;
#1924 = VERTEX_POINT ( 'NONE', #9024 ) ;
#1925 = DIRECTION ( 'NONE',  ( 5.873831696613999368E-13, -3.505351173786000243E-13, -1.000000000000000000 ) ) ;
#1926 = LINE ( 'NONE', #4107, #5264 ) ;
#1927 = DIRECTION ( 'NONE',  ( 0.000000000000000000, 0.000000000000000000, -1.000000000000000000 ) ) ;
#1928 = CARTESIAN_POINT ( 'NONE',  ( -101.2602120045905849, 2.188804074396861310, 42.22003882584664325 ) ) ;
#1929 = CIRCLE ( 'NONE', #6080, 15.54996890000000320 ) ;
#1930 = AXIS2_PLACEMENT_3D ( 'NONE', #4905, #8001, #118 ) ;
#1931 = CARTESIAN_POINT ( 'NONE',  ( -130.1999682999999948, 5.649982300000000457, 34.77002669999999540 ) ) ;
#1932 = VECTOR ( 'NONE', #1249, 1000.000000000000000 ) ;
#1933 = VECTOR ( 'NONE', #6486, 1000.000000000000000 ) ;
#1934 = ORIENTED_EDGE ( 'NONE', *, *, #3248, .T. ) ;
#1935 = CARTESIAN_POINT ( 'NONE',  ( -130.8499683000000005, -13.73473213867000098, 37.77002069999999634 ) ) ;
#1936 = AXIS2_PLACEMENT_3D ( 'NONE', #7251, #6674, #8061 ) ;
#1937 = DIRECTION ( 'NONE',  ( 0.000000000000000000, 0.000000000000000000, -1.000000000000000000 ) ) ;
#1938 = ORIENTED_EDGE ( 'NONE', *, *, #2252, .T. ) ;
#1939 = ADVANCED_FACE ( 'NONE', ( #6630 ), #1102, .F. ) ;
#1940 = DIRECTION ( 'NONE',  ( 0.000000000000000000, 1.000000000000000000, 0.000000000000000000 ) ) ;
#1941 = EDGE_CURVE ( 'NONE', #4379, #6252, #3834, .T. ) ;
#1942 = CARTESIAN_POINT ( 'NONE',  ( -123.1999823000000021, 14.64996829999999939, 36.27002670000000251 ) ) ;
#1943 = ORIENTED_EDGE ( 'NONE', *, *, #2356, .F. ) ;
#1944 = CARTESIAN_POINT ( 'NONE',  ( -106.6398761140000033, 8.447584131456000733, 41.17001390000000072 ) ) ;
#1945 = CARTESIAN_POINT ( 'NONE',  ( -104.4948753767999960, 8.531302655483999686, 38.42001940000000104 ) ) ;
#1946 = VECTOR ( 'NONE', #7158, 1000.000000000000000 ) ;
#1947 = AXIS2_PLACEMENT_3D ( 'NONE', #8627, #4155, #5617 ) ;
#1948 = VERTEX_POINT ( 'NONE', #3223 ) ;
#1949 = ORIENTED_EDGE ( 'NONE', *, *, #1246, .T. ) ;
#1950 = CARTESIAN_POINT ( 'NONE',  ( -114.3499999999999943, -1.199999999999999956, 40.81815333883999841 ) ) ;
#1951 = MECHANICAL_DESIGN_GEOMETRIC_PRESENTATION_REPRESENTATION (  '', ( #5844 ), #7417 ) ;
#1952 = DIRECTION ( 'NONE',  ( 0.000000000000000000, 0.000000000000000000, -1.000000000000000000 ) ) ;
#1953 = ADVANCED_FACE ( 'NONE', ( #650 ), #4645, .T. ) ;
#1954 = CARTESIAN_POINT ( 'NONE',  ( -104.4053897113000033, 8.582967228611998678, 38.42001940000000104 ) ) ;
#1955 = CARTESIAN_POINT ( 'NONE',  ( -114.3499999999999943, -1.199999999999999956, 33.17002990000000295 ) ) ;
#1956 = EDGE_CURVE ( 'NONE', #5979, #3515, #3790, .T. ) ;
#1957 = PLANE ( 'NONE',  #6782 ) ;
#1958 = CARTESIAN_POINT ( 'NONE',  ( -123.6925348012999990, -6.833322346797999103, 40.32001560000000495 ) ) ;
#1959 = FACE_OUTER_BOUND ( 'NONE', #1210, .T. ) ;
#1960 = ADVANCED_FACE ( 'NONE', ( #313 ), #3687, .T. ) ;
#1961 = VECTOR ( 'NONE', #2986, 1000.000000000000000 ) ;
#1962 = ORIENTED_EDGE ( 'NONE', *, *, #9158, .F. ) ;
#1963 = EDGE_CURVE ( 'NONE', #15, #5685, #3819, .T. ) ;
#1964 = VECTOR ( 'NONE', #6928, 1000.000000000000000 ) ;
#1965 = ORIENTED_EDGE ( 'NONE', *, *, #8879, .F. ) ;
#1966 = DIRECTION ( 'NONE',  ( 0.000000000000000000, 1.643133362712000181E-14, 1.000000000000000000 ) ) ;
#1967 = STYLED_ITEM ( 'NONE', ( #370 ), #1907 ) ;
#1968 = VERTEX_POINT ( 'NONE', #3486 ) ;
#1969 = DIRECTION ( 'NONE',  ( 0.000000000000000000, 0.000000000000000000, -1.000000000000000000 ) ) ;
#1970 = ORIENTED_EDGE ( 'NONE', *, *, #7138, .T. ) ;
#1971 = EDGE_CURVE ( 'NONE', #7225, #834, #6850, .T. ) ;
#1972 = DIRECTION ( 'NONE',  ( 3.904056969065000004E-13, 7.529252726053999767E-13, -1.000000000000000000 ) ) ;
#1973 = CARTESIAN_POINT ( 'NONE',  ( -125.1999782999999837, 14.64996829999999939, 32.77003069999999951 ) ) ;
#1974 = CARTESIAN_POINT ( 'NONE',  ( -101.4565358388999954, 7.167803587387999720, 34.77002669999999540 ) ) ;
#1975 = FACE_OUTER_BOUND ( 'NONE', #4469, .T. ) ;
#1976 = B_SPLINE_CURVE_WITH_KNOTS ( 'NONE', 3,
 ( #2988, #7358, #3733, #888, #4422, #1572, #2119, #5841, #2861, #3608, #4309, #759, #1446, #2187, #2923 ),
 .UNSPECIFIED., .F., .F.,
 ( 4, 2, 2, 2, 1, 2, 2, 4 ),
 ( 0.000000000000000000, 0.2500000000002728373, 0.3750000000004085066, 0.4375000000005230261, 0.4687500000005920264, 0.4843750000005744849, 0.5000000000005569989, 1.000000000000000000 ),
 .UNSPECIFIED. ) ;
#1977 = ORIENTED_EDGE ( 'NONE', *, *, #549, .T. ) ;
#1978 = CARTESIAN_POINT ( 'NONE',  ( -124.1679668116999977, 8.568790119284999562, 41.77001269999999522 ) ) ;
#1979 = FACE_OUTER_BOUND ( 'NONE', #5165, .T. ) ;
#1980 = DIRECTION ( 'NONE',  ( 0.000000000000000000, 0.000000000000000000, 1.000000000000000000 ) ) ;
#1981 = ORIENTED_EDGE ( 'NONE', *, *, #7625, .F. ) ;
#1982 = DIRECTION ( 'NONE',  ( 0.006436084917575577054, 0.9999792881909773667, 0.000000000000000000 ) ) ;
#1983 = LINE ( 'NONE', #2295, #5093 ) ;
#1984 = FACE_OUTER_BOUND ( 'NONE', #188, .T. ) ;
#1985 = ORIENTED_EDGE ( 'NONE', *, *, #900, .T. ) ;
#1986 = ORIENTED_EDGE ( 'NONE', *, *, #3510, .T. ) ;
#1987 = CARTESIAN_POINT ( 'NONE',  ( -119.8499929999999978, 11.77400539734666829, 35.98669093333332825 ) ) ;
#1988 = CARTESIAN_POINT ( 'NONE',  ( -127.9213792604999895, -4.993995667841999442, 35.98661367734000294 ) ) ;
#1989 = CARTESIAN_POINT ( 'NONE',  ( -124.2999822999999964, 13.64996830000000116, 34.77002669999999540 ) ) ;
#1990 = ORIENTED_EDGE ( 'NONE', *, *, #1465, .F. ) ;
#1991 =( REPRESENTATION_RELATIONSHIP ('NONE','NONE', #6599, #6208 ) REPRESENTATION_RELATIONSHIP_WITH_TRANSFORMATION ( #7971 )SHAPE_REPRESENTATION_RELATIONSHIP( ) );
#1992 = DIRECTION ( 'NONE',  ( 1.000000000000000000, 0.000000000000000000, 0.000000000000000000 ) ) ;
#1993 = EDGE_CURVE ( 'NONE', #8960, #4553, #3657, .T. ) ;
#1994 = CIRCLE ( 'NONE', #4224, 1.199997600000000553 ) ;
#1995 = CARTESIAN_POINT ( 'NONE',  ( -123.6925348012999990, -5.699990699999999855, 40.32001560000000495 ) ) ;
#1996 = ORIENTED_EDGE ( 'NONE', *, *, #7379, .T. ) ;
#1997 = CYLINDRICAL_SURFACE ( 'NONE', #2448, 15.39996919999998859 ) ;
#1998 = VERTEX_POINT ( 'NONE', #9263 ) ;
#1999 = VECTOR ( 'NONE', #7657, 1000.000000000000000 ) ;
#2000 = CIRCLE ( 'NONE', #5433, 7.899984196276001569 ) ;
#2001 = VERTEX_POINT ( 'NONE', #4306 ) ;
#2002 = DIRECTION ( 'NONE',  ( 0.9982413920713110178, -0.05928004011074071433, 0.000000000000000000 ) ) ;
#2003 = STYLED_ITEM ( 'NONE', ( #5954 ), #4184 ) ;
#2004 = DIRECTION ( 'NONE',  ( -0.4999999999985770827, 0.8660254037852601616, 0.000000000000000000 ) ) ;
#2005 = EDGE_CURVE ( 'NONE', #1331, #6693, #3422, .T. ) ;
#2006 = LINE ( 'NONE', #2168, #2193 ) ;
#2007 = CARTESIAN_POINT ( 'NONE',  ( -114.3499999999999943, -1.199999999999999956, 41.11078210476999573 ) ) ;
#2008 = LINE ( 'NONE', #7680, #5303 ) ;
#2009 = ORIENTED_EDGE ( 'NONE', *, *, #2568, .F. ) ;
#2010 = ORIENTED_EDGE ( 'NONE', *, *, #7976, .T. ) ;
#2011 = LINE ( 'NONE', #6800, #1806 ) ;
#2012 = CARTESIAN_POINT ( 'NONE',  ( -114.3499999999999943, -1.199999999999999956, 46.92000240000000133 ) ) ;
#2013 = ORIENTED_EDGE ( 'NONE', *, *, #4174, .T. ) ;
#2014 = EDGE_CURVE ( 'NONE', #1297, #5772, #6925, .T. ) ;
#2015 = CARTESIAN_POINT ( 'NONE',  ( -124.3733845415000019, -6.683322346797999636, 40.12001599999999968 ) ) ;
#2016 = LINE ( 'NONE', #9026, #8161 ) ;
#2017 = EDGE_LOOP ( 'NONE', ( #6395, #6344, #4863, #9272 ) ) ;
#2018 = DIRECTION ( 'NONE',  ( 0.000000000000000000, 0.000000000000000000, 1.000000000000000000 ) ) ;
#2019 = CARTESIAN_POINT ( 'NONE',  ( -121.1999822999999878, -16.29996829999999974, 37.77002069999999634 ) ) ;
#2020 = VECTOR ( 'NONE', #2347, 1000.000000000000000 ) ;
#2021 = ORIENTED_EDGE ( 'NONE', *, *, #6724, .F. ) ;
#2022 = VECTOR ( 'NONE', #7226, 1000.000000000000000 ) ;
#2023 = FACE_OUTER_BOUND ( 'NONE', #4810, .T. ) ;
#2024 = ORIENTED_EDGE ( 'NONE', *, *, #4940, .F. ) ;
#2025 = DIRECTION ( 'NONE',  ( -1.219332537010999959E-13, -1.000000000000000000, 0.000000000000000000 ) ) ;
#2026 = CARTESIAN_POINT ( 'NONE',  ( -101.5251688510309407, 3.094436773318510969, 42.21895931700221638 ) ) ;
#2027 = CARTESIAN_POINT ( 'NONE',  ( -120.6069135450999852, 6.685937434825000025, 43.93663295222000187 ) ) ;
#2028 = DIRECTION ( 'NONE',  ( 0.000000000000000000, 0.000000000000000000, 1.000000000000000000 ) ) ;
#2029 = ORIENTED_EDGE ( 'NONE', *, *, #6268, .T. ) ;
#2030 = DIRECTION ( 'NONE',  ( -0.8660254037693523310, -0.5000000000261302091, 3.112234035584186659E-13 ) ) ;
#2031 = ADVANCED_FACE ( 'NONE', ( #6883 ), #6867, .F. ) ;
#2032 = AXIS2_PLACEMENT_3D ( 'NONE', #5994, #2351, #3079 ) ;
#2033 = VECTOR ( 'NONE', #727, 1000.000000000000000 ) ;
#2034 = ORIENTED_EDGE ( 'NONE', *, *, #7859, .F. ) ;
#2035 = ORIENTED_EDGE ( 'NONE', *, *, #3589, .F. ) ;
#2036 = EDGE_CURVE ( 'NONE', #6773, #161, #665, .T. ) ;
#2037 = VECTOR ( 'NONE', #4562, 1000.000000000000114 ) ;
#2038 = ORIENTED_EDGE ( 'NONE', *, *, #6295, .F. ) ;
#2039 = CARTESIAN_POINT ( 'NONE',  ( -114.3499999999999943, -1.199999999999999956, 41.77001269999999522 ) ) ;
#2040 = ORIENTED_EDGE ( 'NONE', *, *, #5169, .F. ) ;
#2041 = CARTESIAN_POINT ( 'NONE',  ( 0.000000000000000000, 0.000000000000000000, 0.000000000000000000 ) ) ;
#2042 = ADVANCED_FACE ( 'NONE', ( #3406 ), #5596, .T. ) ;
#2043 = AXIS2_PLACEMENT_3D ( 'NONE', #2311, #3658, #748 ) ;
#2044 = VERTEX_POINT ( 'NONE', #4954 ) ;
#2045 = CARTESIAN_POINT ( 'NONE',  ( -114.3499999999999943, -1.199999999999999956, 43.37002744075000038 ) ) ;
#2046 = VECTOR ( 'NONE', #1478, 1000.000000000000114 ) ;
#2047 = EDGE_CURVE ( 'NONE', #5524, #1706, #6560, .T. ) ;
#2048 = ORIENTED_EDGE ( 'NONE', *, *, #7216, .F. ) ;
#2049 = ADVANCED_FACE ( 'NONE', ( #6895 ), #6963, .F. ) ;
#2050 = CARTESIAN_POINT ( 'NONE',  ( -114.3499999999999943, -1.199999999999999956, 41.77001269999999522 ) ) ;
#2051 = DIRECTION ( 'NONE',  ( -0.9614376020352963792, 0.2750231579205992261, 0.000000000000000000 ) ) ;
#2052 = ORIENTED_EDGE ( 'NONE', *, *, #5739, .T. ) ;
#2053 = VERTEX_POINT ( 'NONE', #8475 ) ;
#2054 = CIRCLE ( 'NONE', #2176, 10.09415704907999967 ) ;
#2055 = ORIENTED_EDGE ( 'NONE', *, *, #4188, .T. ) ;
#2056 = DIRECTION ( 'NONE',  ( 0.000000000000000000, 0.000000000000000000, 1.000000000000000000 ) ) ;
#2057 = DIRECTION ( 'NONE',  ( 0.000000000000000000, 0.000000000000000000, -1.000000000000000000 ) ) ;
#2058 = ORIENTED_EDGE ( 'NONE', *, *, #5277, .T. ) ;
#2059 = AXIS2_PLACEMENT_3D ( 'NONE', #3101, #4655, #4529 ) ;
#2060 = CARTESIAN_POINT ( 'NONE',  ( -129.1999682999999948, -10.08474613867000080, 34.77002669999999540 ) ) ;
#2061 = AXIS2_PLACEMENT_3D ( 'NONE', #3604, #3551, #4253 ) ;
#2062 = FACE_OUTER_BOUND ( 'NONE', #3476, .T. ) ;
#2063 = CARTESIAN_POINT ( 'NONE',  ( -119.4776496039000051, -12.36664405319999993, 41.57001309999999705 ) ) ;
#2064 = ORIENTED_EDGE ( 'NONE', *, *, #8034, .T. ) ;
#2065 = FACE_BOUND ( 'NONE', #4458, .T. ) ;
#2066 = ORIENTED_EDGE ( 'NONE', *, *, #1533, .T. ) ;
#2067 = DIRECTION ( 'NONE',  ( 0.9723386555323316749, 0.2335755529964074206, 0.000000000000000000 ) ) ;
#2068 = LINE ( 'NONE', #6981, #1999 ) ;
#2069 = LINE ( 'NONE', #7323, #5287 ) ;
#2070 = ORIENTED_EDGE ( 'NONE', *, *, #8158, .T. ) ;
#2071 = DIRECTION ( 'NONE',  ( 0.000000000000000000, 0.000000000000000000, -1.000000000000000000 ) ) ;
#2072 = LINE ( 'NONE', #2902, #2022 ) ;
#2073 = DIRECTION ( 'NONE',  ( 1.000000000000000000, 0.000000000000000000, 0.000000000000000000 ) ) ;
#2074 = LINE ( 'NONE', #2370, #5492 ) ;
#2075 = ORIENTED_EDGE ( 'NONE', *, *, #9124, .F. ) ;
#2076 = EDGE_CURVE ( 'NONE', #8680, #3896, #3723, .T. ) ;
#2077 = ORIENTED_EDGE ( 'NONE', *, *, #2507, .F. ) ;
#2078 = EDGE_CURVE ( 'NONE', #3875, #3384, #3489, .T. ) ;
#2079 = CARTESIAN_POINT ( 'NONE',  ( -114.3499999999999943, -11.20140886022999993, 33.17002990000000295 ) ) ;
#2080 = AXIS2_PLACEMENT_3D ( 'NONE', #5450, #3532, #6919 ) ;
#2081 = FACE_OUTER_BOUND ( 'NONE', #6797, .T. ) ;
#2082 = VERTEX_POINT ( 'NONE', #577 ) ;
#2083 = PLANE ( 'NONE',  #7484 ) ;
#2084 = LINE ( 'NONE', #696, #2121 ) ;
#2085 = ORIENTED_EDGE ( 'NONE', *, *, #5582, .T. ) ;
#2086 = CARTESIAN_POINT ( 'NONE',  ( -118.3265874585000006, -12.36664405319999993, 41.77001269999999522 ) ) ;
#2087 = DIRECTION ( 'NONE',  ( 0.000000000000000000, -1.000000000000000000, 0.000000000000000000 ) ) ;
#2088 = LINE ( 'NONE', #3280, #1964 ) ;
#2089 = LINE ( 'NONE', #2661, #8440 ) ;
#2090 = EDGE_LOOP ( 'NONE', ( #890, #904, #2600, #3570, #5843, #2763, #445, #7555, #7178 ) ) ;
#2091 = VECTOR ( 'NONE', #7395, 1000.000000000000000 ) ;
#2092 = ORIENTED_EDGE ( 'NONE', *, *, #6219, .T. ) ;
#2093 = DIRECTION ( 'NONE',  ( 0.000000000000000000, 0.000000000000000000, -1.000000000000000000 ) ) ;
#2094 = CARTESIAN_POINT ( 'NONE',  ( -129.7499692000000096, -1.199999999999999956, 32.77003069999999951 ) ) ;
#2095 = CARTESIAN_POINT ( 'NONE',  ( -123.6925348012999990, -7.499987700000000146, 40.32001560000000495 ) ) ;
#2096 = DIRECTION ( 'NONE',  ( 1.000000000000000000, 0.000000000000000000, 0.000000000000000000 ) ) ;
#2097 = CARTESIAN_POINT ( 'NONE',  ( -108.8500070000000051, 11.85101982397999976, 34.77002669999999540 ) ) ;
#2098 = CARTESIAN_POINT ( 'NONE',  ( -114.3500020449000090, -1.199999999999999956, 38.42001940000000104 ) ) ;
#2099 = EDGE_CURVE ( 'NONE', #3176, #878, #6838, .T. ) ;
#2100 = EDGE_LOOP ( 'NONE', ( #3785, #4103, #7111, #4175 ) ) ;
#2101 =( GEOMETRIC_REPRESENTATION_CONTEXT ( 3 ) GLOBAL_UNCERTAINTY_ASSIGNED_CONTEXT ( ( #8969 ) ) GLOBAL_UNIT_ASSIGNED_CONTEXT ( ( #9016, #8141, #7332 ) ) REPRESENTATION_CONTEXT ( 'NONE', 'WORKASPACE' ) );
#2102 = VECTOR ( 'NONE', #5766, 1000.000000000000000 ) ;
#2103 = EDGE_LOOP ( 'NONE', ( #6462, #3008, #5875, #6250 ) ) ;
#2104 = VECTOR ( 'NONE', #9017, 1000.000000000000000 ) ;
#2105 = CIRCLE ( 'NONE', #1435, 13.94997210000000543 ) ;
#2106 = ORIENTED_EDGE ( 'NONE', *, *, #7037, .T. ) ;
#2107 = EDGE_CURVE ( 'NONE', #4874, #4696, #6596, .T. ) ;
#2108 = EDGE_CURVE ( 'NONE', #284, #7175, #3757, .T. ) ;
#2109 = DIRECTION ( 'NONE',  ( 0.000000000000000000, 0.000000000000000000, -1.000000000000000000 ) ) ;
#2110 = ORIENTED_EDGE ( 'NONE', *, *, #5902, .F. ) ;
#2111 = CARTESIAN_POINT ( 'NONE',  ( -105.5000177000000008, -16.44996829999999832, 35.17002670000000109 ) ) ;
#2112 = AXIS2_PLACEMENT_3D ( 'NONE', #6872, #8260, #1786 ) ;
#2113 = CARTESIAN_POINT ( 'NONE',  ( 0.000000000000000000, 0.000000000000000000, 36.27002670000000251 ) ) ;
#2114 = DIRECTION ( 'NONE',  ( 0.000000000000000000, 0.000000000000000000, 1.000000000000000000 ) ) ;
#2115 = DIRECTION ( 'NONE',  ( 0.000000000000000000, 1.000000000000000000, 0.000000000000000000 ) ) ;
#2116 = SPHERICAL_SURFACE ( 'NONE', #8748, 21.25567334927000118 ) ;
#2117 = CARTESIAN_POINT ( 'NONE',  ( -114.3499999999999943, -1.199999999999999956, 38.42001940000000104 ) ) ;
#2118 = ORIENTED_EDGE ( 'NONE', *, *, #7363, .F. ) ;
#2119 = CARTESIAN_POINT ( 'NONE',  ( -126.1180039822879735, 4.505427304508559772, 44.15283195010790962 ) ) ;
#2120 = EDGE_CURVE ( 'NONE', #306, #2287, #6645, .T. ) ;
#2121 = VECTOR ( 'NONE', #886, 1000.000000000000000 ) ;
#2122 = CARTESIAN_POINT ( 'NONE',  ( -103.8725141808999837, 5.695372780464000861, 41.17001390000000072 ) ) ;
#2123 = ORIENTED_EDGE ( 'NONE', *, *, #4843, .F. ) ;
#2124 = VECTOR ( 'NONE', #7753, 1000.000000000000000 ) ;
#2125 = LINE ( 'NONE', #1650, #2262 ) ;
#2126 = EDGE_LOOP ( 'NONE', ( #6289, #543, #4894, #366, #6472, #1340 ) ) ;
#2127 = ORIENTED_EDGE ( 'NONE', *, *, #8088, .T. ) ;
#2128 = CARTESIAN_POINT ( 'NONE',  ( -117.8499929999999978, -14.92330464742999929, 34.77002669999999540 ) ) ;
#2129 = CARTESIAN_POINT ( 'NONE',  ( -114.3499999999999943, -1.199999999999999956, 38.35301953399999775 ) ) ;
#2130 = PLANE ( 'NONE',  #1025 ) ;
#2131 = DIRECTION ( 'NONE',  ( -0.5000000000035830228, 0.8660254037823700290, 0.000000000000000000 ) ) ;
#2132 = AXIS2_PLACEMENT_3D ( 'NONE', #3043, #4473, #5213 ) ;
#2133 = VECTOR ( 'NONE', #8897, 1000.000000000000000 ) ;
#2134 = CARTESIAN_POINT ( 'NONE',  ( -114.3499999999999943, -1.199999999996999911, 41.77001269999999522 ) ) ;
#2135 = ORIENTED_EDGE ( 'NONE', *, *, #3480, .T. ) ;
#2136 = CIRCLE ( 'NONE', #7100, 8.555265989601000598 ) ;
#2137 = ORIENTED_EDGE ( 'NONE', *, *, #3594, .T. ) ;
#2138 = AXIS2_PLACEMENT_3D ( 'NONE', #7577, #9037, #1111 ) ;
#2139 = CARTESIAN_POINT ( 'NONE',  ( -119.0074371987000035, -13.49997570000000024, 41.77001269999999522 ) ) ;
#2140 = LINE ( 'NONE', #6235, #1946 ) ;
#2141 = CONICAL_SURFACE ( 'NONE', #2935, 8.527547811243998410, 0.5875515379845235309 ) ;
#2142 = VERTEX_POINT ( 'NONE', #5306 ) ;
#2143 = DIRECTION ( 'NONE',  ( 0.000000000000000000, 1.000000000000000000, 0.000000000000000000 ) ) ;
#2144 = FILL_AREA_STYLE ('',( #1406 ) ) ;
#2145 = CARTESIAN_POINT ( 'NONE',  ( -100.5395292503000064, -0.1547103830473999797, 41.17001390000000072 ) ) ;
#2146 = FACE_OUTER_BOUND ( 'NONE', #3716, .T. ) ;
#2147 = ORIENTED_EDGE ( 'NONE', *, *, #5847, .T. ) ;
#2148 = PRODUCT_RELATED_PRODUCT_CATEGORY ( 'part', '', ( #9104 ) ) ;
#2149 = EDGE_CURVE ( 'NONE', #469, #334, #3672, .T. ) ;
#2150 = EDGE_CURVE ( 'NONE', #3417, #1790, #501, .T. ) ;
#2151 = ORIENTED_EDGE ( 'NONE', *, *, #3027, .T. ) ;
#2152 = DIRECTION ( 'NONE',  ( 0.000000000000000000, 0.000000000000000000, -1.000000000000000000 ) ) ;
#2153 = CIRCLE ( 'NONE', #6663, 14.16259303398000036 ) ;
#2154 = ORIENTED_EDGE ( 'NONE', *, *, #7891, .F. ) ;
#2155 = CARTESIAN_POINT ( 'NONE',  ( -125.0768765018695206, 6.213587286478169602, 44.11647392470633378 ) ) ;
#2156 = CARTESIAN_POINT ( 'NONE',  ( -128.0434625611000001, -8.182165712613999276, 33.27002970000000204 ) ) ;
#2157 = CYLINDRICAL_SURFACE ( 'NONE', #8004, 13.84997229999999924 ) ;
#2158 = CIRCLE ( 'NONE', #3629, 12.89997820000001738 ) ;
#2159 = EDGE_LOOP ( 'NONE', ( #1692, #8225, #6209, #3018 ) ) ;
#2160 = EDGE_CURVE ( 'NONE', #4769, #4737, #6540, .T. ) ;
#2161 = CARTESIAN_POINT ( 'NONE',  ( -103.5244873857883334, 0.7513566151273457505, 41.88457103821860272 ) ) ;
#2162 = EDGE_CURVE ( 'NONE', #4777, #1297, #544, .T. ) ;
#2163 = CONICAL_SURFACE ( 'NONE', #4328, 14.09997179999999872, 0.05818667081359988474 ) ;
#2164 = ORIENTED_EDGE ( 'NONE', *, *, #1707, .T. ) ;
#2165 = CARTESIAN_POINT ( 'NONE',  ( -105.2500181999999995, -1.199999999979000087, 41.17001390000000072 ) ) ;
#2166 = CARTESIAN_POINT ( 'NONE',  ( -114.3499999999999943, -1.199999999999999956, 38.42001940000000104 ) ) ;
#2167 = DIRECTION ( 'NONE',  ( 0.000000000000000000, -1.000000000000000000, 0.000000000000000000 ) ) ;
#2168 = CARTESIAN_POINT ( 'NONE',  ( -104.2526031785999976, -11.13084180101999898, 34.77002669999999540 ) ) ;
#2169 = CARTESIAN_POINT ( 'NONE',  ( -102.9000543193999988, -1.433159681823999776, 41.17001390000000072 ) ) ;
#2170 = LINE ( 'NONE', #3343, #8482 ) ;
#2171 = ORIENTED_EDGE ( 'NONE', *, *, #2327, .F. ) ;
#2172 = AXIS2_PLACEMENT_3D ( 'NONE', #8534, #9260, #3048 ) ;
#2173 = ORIENTED_EDGE ( 'NONE', *, *, #1109, .F. ) ;
#2174 = CYLINDRICAL_SURFACE ( 'NONE', #1880, 10.89997820000000672 ) ;
#2175 = VERTEX_POINT ( 'NONE', #2538 ) ;
#2176 = AXIS2_PLACEMENT_3D ( 'NONE', #8269, #9023, #3837 ) ;
#2177 = CARTESIAN_POINT ( 'NONE',  ( -117.8499816951088803, 11.52501279839833082, 44.22721687669454838 ) ) ;
#2178 = CIRCLE ( 'NONE', #1741, 7.599984799999999652 ) ;
#2179 = VERTEX_POINT ( 'NONE', #1139 ) ;
#2180 = EDGE_CURVE ( 'NONE', #2477, #8873, #282, .T. ) ;
#2181 = DIRECTION ( 'NONE',  ( 0.000000000000000000, 0.000000000000000000, -1.000000000000000000 ) ) ;
#2182 = B_SPLINE_CURVE_WITH_KNOTS ( 'NONE', 3,
 ( #6232, #3457, #488, #5632, #6421, #547 ),
 .UNSPECIFIED., .F., .F.,
 ( 4, 1, 1, 4 ),
 ( 0.000000000000000000, 0.3333333333333000081, 0.6666666666667000474, 1.000000000000000000 ),
 .UNSPECIFIED. ) ;
#2183 = DIRECTION ( 'NONE',  ( 0.000000000000000000, -1.000000000000000000, 0.000000000000000000 ) ) ;
#2184 = DIRECTION ( 'NONE',  ( -4.320342800565940448E-15, -5.128570811449240314E-15, -1.000000000000000000 ) ) ;
#2185 = LINE ( 'NONE', #7237, #5517 ) ;
#2186 = ORIENTED_EDGE ( 'NONE', *, *, #8929, .T. ) ;
#2187 = CARTESIAN_POINT ( 'NONE',  ( -125.9634704079939951, 4.415758421008109558, 43.89234306440449274 ) ) ;
#2188 = DIRECTION ( 'NONE',  ( 0.000000000000000000, 0.000000000000000000, 1.000000000000000000 ) ) ;
#2189 = CIRCLE ( 'NONE', #8570, 7.599984800000000540 ) ;
#2190 = FACE_OUTER_BOUND ( 'NONE', #7575, .T. ) ;
#2191 = AXIS2_PLACEMENT_3D ( 'NONE', #7535, #6108, #1072 ) ;
#2192 = VERTEX_POINT ( 'NONE', #6175 ) ;
#2193 = VECTOR ( 'NONE', #8781, 1000.000000000000227 ) ;
#2194 = VECTOR ( 'NONE', #7123, 1000.000000000000000 ) ;
#2195 = ORIENTED_EDGE ( 'NONE', *, *, #8663, .T. ) ;
#2196 = AXIS2_PLACEMENT_3D ( 'NONE', #6156, #160, #1504 ) ;
#2197 = CARTESIAN_POINT ( 'NONE',  ( -123.2223223961000116, -6.833322346797999103, 40.32001560000000495 ) ) ;
#2198 = CARTESIAN_POINT ( 'NONE',  ( -114.3499999999999943, -9.755264990158998728, 34.25335576815000138 ) ) ;
#2199 = CARTESIAN_POINT ( 'NONE',  ( -123.1999823000000021, 13.64996830000000116, 34.77002669999999540 ) ) ;
#2200 = CARTESIAN_POINT ( 'NONE',  ( -106.4328207066999994, 7.140729346913999187, 42.27001269999999522 ) ) ;
#2201 = DIRECTION ( 'NONE',  ( 1.000000000000000000, 0.000000000000000000, 0.000000000000000000 ) ) ;
#2202 = CARTESIAN_POINT ( 'NONE',  ( -104.0154362877000125, 3.689513636761999837, 42.26698750879000244 ) ) ;
#2203 = EDGE_LOOP ( 'NONE', ( #679, #7518, #3494, #3704, #9237, #6758, #4350, #4852, #8065, #3359 ) ) ;
#2204 = VECTOR ( 'NONE', #7942, 1000.000000000000000 ) ;
#2205 = VERTEX_POINT ( 'NONE', #2473 ) ;
#2206 = EDGE_CURVE ( 'NONE', #772, #2744, #6829, .T. ) ;
#2207 = DIRECTION ( 'NONE',  ( 0.000000000000000000, 0.000000000000000000, -1.000000000000000000 ) ) ;
#2208 = FACE_OUTER_BOUND ( 'NONE', #4121, .T. ) ;
#2209 = EDGE_CURVE ( 'NONE', #6196, #3529, #607, .T. ) ;
#2210 = ORIENTED_EDGE ( 'NONE', *, *, #7888, .F. ) ;
#2211 = CARTESIAN_POINT ( 'NONE',  ( -99.50003170000000807, -8.049982299999999924, 35.17002670000000109 ) ) ;
#2212 = CARTESIAN_POINT ( 'NONE',  ( -122.2999822999999964, -16.04996829999999974, 35.17002670000000109 ) ) ;
#2213 = LINE ( 'NONE', #5202, #8474 ) ;
#2214 = CARTESIAN_POINT ( 'NONE',  ( -119.8499929999999978, 10.46874091581999977, 43.77001270000000233 ) ) ;
#2215 = AXIS2_PLACEMENT_3D ( 'NONE', #6602, #2800, #757 ) ;
#2216 = VECTOR ( 'NONE', #4578, 1000.000000000000000 ) ;
#2217 = EDGE_LOOP ( 'NONE', ( #3108, #8952 ) ) ;
#2218 = DIRECTION ( 'NONE',  ( 0.000000000000000000, 1.000000000000000000, 0.000000000000000000 ) ) ;
#2219 = CIRCLE ( 'NONE', #9171, 0.4999990000000000823 ) ;
#2220 = ORIENTED_EDGE ( 'NONE', *, *, #7987, .T. ) ;
#2221 = DIRECTION ( 'NONE',  ( 0.000000000000000000, 0.000000000000000000, -1.000000000000000000 ) ) ;
#2222 = CYLINDRICAL_SURFACE ( 'NONE', #5507, 0.3999999999999975797 ) ;
#2223 = EDGE_LOOP ( 'NONE', ( #3878, #3847, #3593, #3609, #1236, #620, #7219, #7307, #1091, #1977, #2048, #7084, #7487, #5249, #928, #4076, #8366, #1383, #7374, #2624, #2438, #2564, #2321, #5627, #4846, #2957, #1399, #2940, #2925, #2863, #2110, #1087, #7731, #2681, #5155, #1949, #1758, #9197, #7628, #7304, #7949, #8762, #2907 ) ) ;
#2224 = CARTESIAN_POINT ( 'NONE',  ( -101.6707327674000112, 5.196619766659999584, 34.10336141282000000 ) ) ;
#2225 = CARTESIAN_POINT ( 'NONE',  ( -99.50003170000000807, 7.649982299997000190, 34.77002669999999540 ) ) ;
#2226 = LINE ( 'NONE', #5888, #5366 ) ;
#2227 = ORIENTED_EDGE ( 'NONE', *, *, #8013, .F. ) ;
#2228 = LINE ( 'NONE', #7285, #5371 ) ;
#2229 = LINE ( 'NONE', #694, #8494 ) ;
#2230 = ORIENTED_EDGE ( 'NONE', *, *, #654, .F. ) ;
#2231 = CARTESIAN_POINT ( 'NONE',  ( -102.1398851139999948, 0.1533720858525000064, 41.17001390000000072 ) ) ;
#2232 = CARTESIAN_POINT ( 'NONE',  ( -101.6286263745000014, 5.220929903953000384, 33.27002970000000204 ) ) ;
#2233 = CARTESIAN_POINT ( 'NONE',  ( -102.9563426354000057, 6.532831684898000368, 42.27001269999999522 ) ) ;
#2234 = CARTESIAN_POINT ( 'NONE',  ( -108.8500179529350618, 10.78589985603838386, 44.22265091953916283 ) ) ;
#2235 = EDGE_CURVE ( 'NONE', #210, #8618, #3739, .T. ) ;
#2236 = EDGE_CURVE ( 'NONE', #8644, #964, #559, .T. ) ;
#2237 = CIRCLE ( 'NONE', #7069, 15.18297050000000503 ) ;
#2238 = ADVANCED_FACE ( 'NONE', ( #6789 ), #530, .T. ) ;
#2239 = VERTEX_POINT ( 'NONE', #6915 ) ;
#2240 = CIRCLE ( 'NONE', #5839, 13.94997210000000543 ) ;
#2241 = VERTEX_POINT ( 'NONE', #2655 ) ;
#2242 = UNCERTAINTY_MEASURE_WITH_UNIT (LENGTH_MEASURE( 1.000000000000000082E-05 ), #7445, 'distance_accuracy_value', 'NONE');
#2243 = FACE_BOUND ( 'NONE', #5317, .T. ) ;
#2244 = ORIENTED_EDGE ( 'NONE', *, *, #1148, .T. ) ;
#2245 = AXIS2_PLACEMENT_3D ( 'NONE', #8435, #4277, #480 ) ;
#2246 = DIRECTION ( 'NONE',  ( 1.000000000000000000, 0.000000000000000000, 0.000000000000000000 ) ) ;
#2247 = EDGE_CURVE ( 'NONE', #5195, #7230, #632, .T. ) ;
#2248 = CARTESIAN_POINT ( 'NONE',  ( -117.8498640238586148, 11.27951560888748617, 44.01165808515175826 ) ) ;
#2249 = LINE ( 'NONE', #7860, #8509 ) ;
#2250 = VERTEX_POINT ( 'NONE', #1079 ) ;
#2251 = DIRECTION ( 'NONE',  ( 1.000000000000000000, 0.000000000000000000, 0.000000000000000000 ) ) ;
#2252 = EDGE_CURVE ( 'NONE', #4019, #7234, #681, .T. ) ;
#2253 = CARTESIAN_POINT ( 'NONE',  ( -130.1999682999999948, -11.18474613867000045, 34.77002669999999540 ) ) ;
#2254 = CARTESIAN_POINT ( 'NONE',  ( -103.5000217000000049, -12.04997829999999936, 32.77003069999999951 ) ) ;
#2255 = PLANE ( 'NONE',  #2676 ) ;
#2256 = VECTOR ( 'NONE', #2849, 1000.000000000000000 ) ;
#2257 = VERTEX_POINT ( 'NONE', #1890 ) ;
#2258 = CARTESIAN_POINT ( 'NONE',  ( -129.4499682999999948, -11.33474613867000080, 34.77002669999999540 ) ) ;
#2259 = EDGE_CURVE ( 'NONE', #1729, #7972, #2322, .T. ) ;
#2260 = LINE ( 'NONE', #7319, #5403 ) ;
#2261 = ORIENTED_EDGE ( 'NONE', *, *, #3909, .T. ) ;
#2262 = VECTOR ( 'NONE', #3884, 1000.000000000000000 ) ;
#2263 = ORIENTED_EDGE ( 'NONE', *, *, #4138, .T. ) ;
#2264 = FACE_OUTER_BOUND ( 'NONE', #944, .T. ) ;
#2265 = EDGE_LOOP ( 'NONE', ( #6114, #3491, #3124, #7159 ) ) ;
#2266 = AXIS2_PLACEMENT_3D ( 'NONE', #7569, #4713, #7456 ) ;
#2267 = EDGE_CURVE ( 'NONE', #7635, #1998, #3456, .T. ) ;
#2268 = DIRECTION ( 'NONE',  ( 0.000000000000000000, 0.000000000000000000, 1.000000000000000000 ) ) ;
#2269 = CARTESIAN_POINT ( 'NONE',  ( -105.0657988700999965, 4.800651122490999789, 41.99913726424000515 ) ) ;
#2270 = DIRECTION ( 'NONE',  ( 0.000000000000000000, 1.000000000000000000, 0.000000000000000000 ) ) ;
#2271 = EDGE_CURVE ( 'NONE', #2595, #3384, #515, .T. ) ;
#2272 = CARTESIAN_POINT ( 'NONE',  ( -100.7152730514999917, 2.630569472659000319, 34.77002669999999540 ) ) ;
#2273 = FACE_OUTER_BOUND ( 'NONE', #6904, .T. ) ;
#2274 = CARTESIAN_POINT ( 'NONE',  ( -102.1398851139999948, 0.6533710858525000331, 41.77001269999999522 ) ) ;
#2275 = EDGE_LOOP ( 'NONE', ( #3155, #266 ) ) ;
#2276 = LINE ( 'NONE', #4441, #8726 ) ;
#2277 = VECTOR ( 'NONE', #363, 1000.000000000000000 ) ;
#2278 = VERTEX_POINT ( 'NONE', #6984 ) ;
#2279 = CARTESIAN_POINT ( 'NONE',  ( -129.7499692000000096, -1.199999999999999956, 33.27002970000000204 ) ) ;
#2280 = LINE ( 'NONE', #2145, #8370 ) ;
#2281 = ADVANCED_FACE ( 'NONE', ( #7172 ), #7215, .T. ) ;
#2282 = ORIENTED_EDGE ( 'NONE', *, *, #1131, .T. ) ;
#2283 = CARTESIAN_POINT ( 'NONE',  ( -106.4000177000000065, 14.64996829999999939, 34.77002669999999540 ) ) ;
#2284 = CARTESIAN_POINT ( 'NONE',  ( -119.8499929999999978, 11.51109002842999907, 41.77001269999999522 ) ) ;
#2285 = CARTESIAN_POINT ( 'NONE',  ( -119.8499988529469960, 10.79661254833637862, 44.22709286719934596 ) ) ;
#2286 = CYLINDRICAL_SURFACE ( 'NONE', #5729, 0.4999989999999998602 ) ;
#2287 = VERTEX_POINT ( 'NONE', #8183 ) ;
#2288 = ADVANCED_FACE ( 'NONE', ( #771 ), #7097, .T. ) ;
#2289 = DIRECTION ( 'NONE',  ( 0.000000000000000000, 0.000000000000000000, -1.000000000000000000 ) ) ;
#2290 = CARTESIAN_POINT ( 'NONE',  ( -98.50003170000000807, -8.049982299999999924, 36.27002670000000251 ) ) ;
#2291 = ORIENTED_EDGE ( 'NONE', *, *, #5790, .T. ) ;
#2292 = VECTOR ( 'NONE', #989, 1000.000000000000000 ) ;
#2293 = ORIENTED_EDGE ( 'NONE', *, *, #5045, .F. ) ;
#2294 = FILL_AREA_STYLE_COLOUR ( '', #6734 ) ;
#2295 = CARTESIAN_POINT ( 'NONE',  ( -99.10003169999998818, 8.749982299996998947, 35.17002670000000109 ) ) ;
#2296 = ORIENTED_EDGE ( 'NONE', *, *, #1223, .T. ) ;
#2297 = ORIENTED_EDGE ( 'NONE', *, *, #7054, .F. ) ;
#2298 = CARTESIAN_POINT ( 'NONE',  ( -103.3154213488498243, 1.175788889555129613, 42.22257824637469525 ) ) ;
#2299 = ORIENTED_EDGE ( 'NONE', *, *, #3157, .F. ) ;
#2300 = CARTESIAN_POINT ( 'NONE',  ( -114.3499999999999943, -1.199999999999999956, 43.77001270000000233 ) ) ;
#2301 = DIRECTION ( 'NONE',  ( 0.000000000000000000, 0.000000000000000000, 1.000000000000000000 ) ) ;
#2302 = CARTESIAN_POINT ( 'NONE',  ( -107.5000177000000008, 14.04996829999999974, 35.17002670000000109 ) ) ;
#2303 = DIRECTION ( 'NONE',  ( 0.9969192022038674272, 0.07843535094078739334, 0.000000000000000000 ) ) ;
#2304 =( GEOMETRIC_REPRESENTATION_CONTEXT ( 3 ) GLOBAL_UNCERTAINTY_ASSIGNED_CONTEXT ( ( #3897 ) ) GLOBAL_UNIT_ASSIGNED_CONTEXT ( ( #596, #4151, #5735 ) ) REPRESENTATION_CONTEXT ( 'NONE', 'WORKASPACE' ) );
#2305 = FACE_OUTER_BOUND ( 'NONE', #611, .T. ) ;
#2306 = ORIENTED_EDGE ( 'NONE', *, *, #3197, .T. ) ;
#2307 = ORIENTED_EDGE ( 'NONE', *, *, #289, .T. ) ;
#2308 = B_SPLINE_CURVE_WITH_KNOTS ( 'NONE', 3,
 ( #5644, #7784, #8584, #8521, #9247, #5705, #6432, #2503, #3099, #5539, #8911, #3228, #4586, #4020, #1796, #5338, #991, #3293, #2234, #4767, #6947, #6266, #344, #1105, #5408 ),
 .UNSPECIFIED., .F., .F.,
 ( 4, 2, 2, 1, 2, 2, 2, 2, 1, 1, 2, 2, 2, 4 ),
 ( 0.000000000000000000, 0.2500000000000419109, 0.3750000000000489053, 0.4375000000000506262, 0.4687500000000397460, 0.5000000000000287548, 0.6249999999999701350, 0.6874999999999311662, 0.7187499999999090727, 0.7343749999999004130, 0.7421874999998980815, 0.7499999999998956390, 0.8749999999999478195, 1.000000000000000000 ),
 .UNSPECIFIED. ) ;
#2309 = ORIENTED_EDGE ( 'NONE', *, *, #1881, .F. ) ;
#2310 = ORIENTED_EDGE ( 'NONE', *, *, #4466, .F. ) ;
#2311 = CARTESIAN_POINT ( 'NONE',  ( -114.3499999999999943, -1.199999999999999956, 39.86605802304000434 ) ) ;
#2312 = DIRECTION ( 'NONE',  ( 0.000000000000000000, 0.000000000000000000, -1.000000000000000000 ) ) ;
#2313 = CYLINDRICAL_SURFACE ( 'NONE', #4449, 0.5000000000000004441 ) ;
#2314 = ORIENTED_EDGE ( 'NONE', *, *, #8901, .F. ) ;
#2315 = APPLICATION_CONTEXT ( 'automotive_design' ) ;
#2316 = CARTESIAN_POINT ( 'NONE',  ( -123.2223223961000116, -6.683322346797999636, 40.12001599999999968 ) ) ;
#2317 = AXIS2_PLACEMENT_3D ( 'NONE', #3877, #4623, #5305 ) ;
#2318 = DIRECTION ( 'NONE',  ( -1.000000000000000000, 0.000000000000000000, 0.000000000000000000 ) ) ;
#2319 = VECTOR ( 'NONE', #4592, 1000.000000000000000 ) ;
#2320 = ADVANCED_FACE ( 'NONE', ( #7232 ), #6997, .T. ) ;
#2321 = ORIENTED_EDGE ( 'NONE', *, *, #3037, .F. ) ;
#2322 = B_SPLINE_CURVE_WITH_KNOTS ( 'NONE', 3,
 ( #7602, #6305, #3327, #6806 ),
 .UNSPECIFIED., .F., .F.,
 ( 4, 4 ),
 ( 0.000000000000000000, 1.000000000000000000 ),
 .UNSPECIFIED. ) ;
#2323 = DIRECTION ( 'NONE',  ( -1.000000000000000000, 0.000000000000000000, 0.000000000000000000 ) ) ;
#2324 = AXIS2_PLACEMENT_3D ( 'NONE', #9198, #6452, #576 ) ;
#2325 = CARTESIAN_POINT ( 'NONE',  ( -114.3499999999999943, -1.234763838667000124, 34.77002669999999540 ) ) ;
#2326 = ORIENTED_EDGE ( 'NONE', *, *, #4941, .F. ) ;
#2327 = EDGE_CURVE ( 'NONE', #3158, #8644, #7263, .T. ) ;
#2328 = EDGE_LOOP ( 'NONE', ( #5728, #6376, #2638, #2147 ) ) ;
#2329 = ORIENTED_EDGE ( 'NONE', *, *, #2162, .F. ) ;
#2330 = CIRCLE ( 'NONE', #533, 14.16259303397999680 ) ;
#2331 = ORIENTED_EDGE ( 'NONE', *, *, #9132, .T. ) ;
#2332 = DIRECTION ( 'NONE',  ( 1.000000000000000000, 0.000000000000000000, -0.000000000000000000 ) ) ;
#2333 = DIRECTION ( 'NONE',  ( 0.000000000000000000, 0.000000000000000000, -1.000000000000000000 ) ) ;
#2334 = EDGE_CURVE ( 'NONE', #4907, #3296, #7113, .T. ) ;
#2335 = CARTESIAN_POINT ( 'NONE',  ( -100.8419951699000023, 2.557406423436000331, 37.20327792007999790 ) ) ;
#2336 = B_SPLINE_CURVE_WITH_KNOTS ( 'NONE', 3,
 ( #1713, #4182, #9005, #1142, #4690, #1896 ),
 .UNSPECIFIED., .F., .F.,
 ( 4, 1, 1, 4 ),
 ( 0.000000000000000000, 0.3333333333333000081, 0.6666666666667000474, 1.000000000000000000 ),
 .UNSPECIFIED. ) ;
#2337 = VECTOR ( 'NONE', #1966, 1000.000000000000000 ) ;
#2338 = EDGE_LOOP ( 'NONE', ( #7849, #3832, #1266, #3540 ) ) ;
#2339 = AXIS2_PLACEMENT_3D ( 'NONE', #8110, #4355, #5964 ) ;
#2340 = CYLINDRICAL_SURFACE ( 'NONE', #7457, 0.3999999999999975797 ) ;
#2341 = ORIENTED_EDGE ( 'NONE', *, *, #933, .T. ) ;
#2342 = CARTESIAN_POINT ( 'NONE',  ( -114.3499999999999943, -1.199999999999999956, 33.17002990000000295 ) ) ;
#2343 = VERTEX_POINT ( 'NONE', #111 ) ;
#2344 = ORIENTED_EDGE ( 'NONE', *, *, #8557, .T. ) ;
#2345 = DIRECTION ( 'NONE',  ( -5.258026760678000720E-13, -4.760645850883999745E-13, 1.000000000000000000 ) ) ;
#2346 = DIRECTION ( 'NONE',  ( -0.5000000003590224784, 0.8660254035771568493, 0.000000000000000000 ) ) ;
#2347 = DIRECTION ( 'NONE',  ( 0.000000000000000000, 0.000000000000000000, -1.000000000000000000 ) ) ;
#2348 = CIRCLE ( 'NONE', #7102, 13.94997210000000010 ) ;
#2349 = VERTEX_POINT ( 'NONE', #1826 ) ;
#2350 = CARTESIAN_POINT ( 'NONE',  ( -103.3051442380000111, 9.218194248737001217, 39.86605802304000434 ) ) ;
#2351 = DIRECTION ( 'NONE',  ( 0.000000000000000000, 0.000000000000000000, 1.000000000000000000 ) ) ;
#2352 = EDGE_CURVE ( 'NONE', #1714, #6518, #825, .T. ) ;
#2353 = VECTOR ( 'NONE', #5071, 1000.000000000000114 ) ;
#2354 = ORIENTED_EDGE ( 'NONE', *, *, #1971, .T. ) ;
#2355 = VECTOR ( 'NONE', #2759, 1000.000000000000000 ) ;
#2356 = EDGE_CURVE ( 'NONE', #8345, #9162, #1034, .T. ) ;
#2357 = DIRECTION ( 'NONE',  ( 0.000000000000000000, -3.386180225107000079E-14, -1.000000000000000000 ) ) ;
#2358 = ORIENTED_EDGE ( 'NONE', *, *, #7539, .T. ) ;
#2359 = DIRECTION ( 'NONE',  ( -1.000000000000000000, 0.000000000000000000, 0.000000000000000000 ) ) ;
#2360 = ORIENTED_EDGE ( 'NONE', *, *, #1956, .F. ) ;
#2361 = ADVANCED_FACE ( 'NONE', ( #988 ), #4145, .T. ) ;
#2362 = ORIENTED_EDGE ( 'NONE', *, *, #450, .T. ) ;
#2363 = ORIENTED_EDGE ( 'NONE', *, *, #1881, .T. ) ;
#2364 = DIRECTION ( 'NONE',  ( -0.000000000000000000, 1.000000000000000000, 0.000000000000000000 ) ) ;
#2365 = FACE_OUTER_BOUND ( 'NONE', #473, .T. ) ;
#2366 = VERTEX_POINT ( 'NONE', #2930 ) ;
#2367 = EDGE_CURVE ( 'NONE', #9162, #5211, #865, .T. ) ;
#2368 = DIRECTION ( 'NONE',  ( -9.379164112028998738E-13, -1.353139822413000033E-12, -1.000000000000000000 ) ) ;
#2369 = EDGE_CURVE ( 'NONE', #1546, #7272, #741, .T. ) ;
#2370 = CARTESIAN_POINT ( 'NONE',  ( -99.10003169999998818, -8.049982299999999924, 35.17002670000000109 ) ) ;
#2371 = CARTESIAN_POINT ( 'NONE',  ( -102.8561441165000048, 6.509752524917000294, 42.26669503522000326 ) ) ;
#2372 = CARTESIAN_POINT ( 'NONE',  ( -100.9951176267000079, -4.869993120594999780, 41.77001656842999466 ) ) ;
#2373 = CARTESIAN_POINT ( 'NONE',  ( -114.3499999999999943, -1.234763838667000124, 37.77002069999999634 ) ) ;
#2374 = ADVANCED_FACE ( 'NONE', ( #3955 ), #1002, .T. ) ;
#2375 = UNCERTAINTY_MEASURE_WITH_UNIT (LENGTH_MEASURE( 1.000000000000000082E-05 ), #5263, 'distance_accuracy_value', 'NONE');
#2376 = AXIS2_PLACEMENT_3D ( 'NONE', #3443, #9165, #9291 ) ;
#2377 = LINE ( 'NONE', #6926, #8691 ) ;
#2378 = ORIENTED_EDGE ( 'NONE', *, *, #3612, .F. ) ;
#2379 = ORIENTED_EDGE ( 'NONE', *, *, #6358, .T. ) ;
#2380 = EDGE_CURVE ( 'NONE', #9343, #8927, #4088, .T. ) ;
#2381 = DIRECTION ( 'NONE',  ( 0.000000000000000000, 0.000000000000000000, 1.000000000000000000 ) ) ;
#2382 = ORIENTED_EDGE ( 'NONE', *, *, #3594, .F. ) ;
#2383 = VERTEX_POINT ( 'NONE', #373 ) ;
#2384 = CARTESIAN_POINT ( 'NONE',  ( -110.8500345091822510, 11.42315342821362556, 44.16989818041465554 ) ) ;
#2385 = CARTESIAN_POINT ( 'NONE',  ( -98.95003080000000750, -1.199999999999999956, 33.27002970000000204 ) ) ;
#2386 = CIRCLE ( 'NONE', #3116, 10.89997819999999606 ) ;
#2387 = ORIENTED_EDGE ( 'NONE', *, *, #869, .F. ) ;
#2388 = APPLICATION_CONTEXT ( 'automotive_design' ) ;
#2389 = EDGE_CURVE ( 'NONE', #3988, #9203, #7274, .T. ) ;
#2390 = CARTESIAN_POINT ( 'NONE',  ( -114.3499999999999943, -1.199999999999999956, 40.62001500000000220 ) ) ;
#2391 = VECTOR ( 'NONE', #1561, 1000.000000000000000 ) ;
#2392 = CARTESIAN_POINT ( 'NONE',  ( -122.5414727750999901, -6.833322346797999103, 40.32001560000000495 ) ) ;
#2393 = ORIENTED_EDGE ( 'NONE', *, *, #8479, .F. ) ;
#2394 = EDGE_CURVE ( 'NONE', #8342, #8436, #3862, .T. ) ;
#2395 = CARTESIAN_POINT ( 'NONE',  ( -130.1999682999999948, 9.649978300000000786, 32.77003069999999951 ) ) ;
#2396 = ORIENTED_EDGE ( 'NONE', *, *, #848, .T. ) ;
#2397 = ORIENTED_EDGE ( 'NONE', *, *, #7780, .F. ) ;
#2398 = AXIS2_PLACEMENT_3D ( 'NONE', #4289, #6430, #553 ) ;
#2399 = LINE ( 'NONE', #8113, #5603 ) ;
#2400 = ORIENTED_EDGE ( 'NONE', *, *, #6009, .F. ) ;
#2401 = ADVANCED_FACE ( 'NONE', ( #3996 ), #708, .F. ) ;
#2402 = CARTESIAN_POINT ( 'NONE',  ( -129.1999682999999948, 5.649982300000000457, 34.77002669999999540 ) ) ;
#2403 = EDGE_CURVE ( 'NONE', #9068, #2366, #787, .T. ) ;
#2404 = CARTESIAN_POINT ( 'NONE',  ( -124.2499865733000064, -1.199246133351000054, 43.77000869999999821 ) ) ;
#2405 = CYLINDRICAL_SURFACE ( 'NONE', #7177, 0.3999999999999975797 ) ;
#2406 = ADVANCED_FACE ( 'NONE', ( #3850 ), #8900, .F. ) ;
#2407 = DIRECTION ( 'NONE',  ( 7.602822478278000370E-13, -7.673876893962999449E-13, 1.000000000000000000 ) ) ;
#2408 = VERTEX_POINT ( 'NONE', #4338 ) ;
#2409 = AXIS2_PLACEMENT_3D ( 'NONE', #8257, #9015, #3478 ) ;
#2410 = CARTESIAN_POINT ( 'NONE',  ( -103.5000217000000049, 14.64996829999999939, 32.77003069999999951 ) ) ;
#2411 = DIRECTION ( 'NONE',  ( 0.000000000000000000, 0.000000000000000000, -1.000000000000000000 ) ) ;
#2412 = ORIENTED_EDGE ( 'NONE', *, *, #8013, .T. ) ;
#2413 = DIRECTION ( 'NONE',  ( -1.219332537010999959E-13, -1.000000000000000000, 0.000000000000000000 ) ) ;
#2414 = DIRECTION ( 'NONE',  ( 0.000000000000000000, 0.000000000000000000, 1.000000000000000000 ) ) ;
#2415 = VERTEX_POINT ( 'NONE', #264 ) ;
#2416 = CARTESIAN_POINT ( 'NONE',  ( -119.8499929999982498, 10.46874091581627475, 43.88801743265608479 ) ) ;
#2417 = LINE ( 'NONE', #1568, #5571 ) ;
#2418 = ORIENTED_EDGE ( 'NONE', *, *, #1533, .F. ) ;
#2419 = EDGE_CURVE ( 'NONE', #3177, #6118, #7028, .T. ) ;
#2420 = CARTESIAN_POINT ( 'NONE',  ( -106.5395172400000092, 10.23757368354000086, 41.17001390000000072 ) ) ;
#2421 = FACE_OUTER_BOUND ( 'NONE', #638, .T. ) ;
#2422 = VERTEX_POINT ( 'NONE', #1660 ) ;
#2423 = CARTESIAN_POINT ( 'NONE',  ( -114.3499999999999943, -1.199999999999999956, 43.77001270000000233 ) ) ;
#2424 = DIRECTION ( 'NONE',  ( -1.000000000000000000, -7.343685345212228859E-12, 0.000000000000000000 ) ) ;
#2425 = AXIS2_PLACEMENT_3D ( 'NONE', #905, #122, #5102 ) ;
#2426 = EDGE_LOOP ( 'NONE', ( #6254, #9223, #468, #2013 ) ) ;
#2427 = VERTEX_POINT ( 'NONE', #7276 ) ;
#2428 = CARTESIAN_POINT ( 'NONE',  ( -101.5312960675999818, 7.040240278051000722, 41.17001390000000072 ) ) ;
#2429 = LINE ( 'NONE', #8800, #8938 ) ;
#2430 = ORIENTED_EDGE ( 'NONE', *, *, #710, .F. ) ;
#2431 = FILL_AREA_STYLE_COLOUR ( '', #5410 ) ;
#2432 = CARTESIAN_POINT ( 'NONE',  ( -121.4660202023386972, 7.409922932115807548, 44.19183781030922376 ) ) ;
#2433 = CARTESIAN_POINT ( 'NONE',  ( -108.8500070000000051, 11.61997654408000002, 38.42001940000000104 ) ) ;
#2434 = PLANE ( 'NONE',  #8335 ) ;
#2435 = PRODUCT_DEFINITION_SHAPE ( 'NONE', 'NONE',  #9354 ) ;
#2436 = DIRECTION ( 'NONE',  ( 0.000000000000000000, 1.000000000000000000, 0.000000000000000000 ) ) ;
#2437 = CONICAL_SURFACE ( 'NONE', #721, 14.72661584993999107, 0.6108652381968526779 ) ;
#2438 = ORIENTED_EDGE ( 'NONE', *, *, #6810, .F. ) ;
#2439 = EDGE_CURVE ( 'NONE', #4367, #2415, #3927, .T. ) ;
#2440 = CARTESIAN_POINT ( 'NONE',  ( -114.3506579201000051, -1.183702654446000091, 41.77001269999999522 ) ) ;
#2441 = ADVANCED_FACE ( 'NONE', ( #4058 ), #753, .T. ) ;
#2442 = ORIENTED_EDGE ( 'NONE', *, *, #8002, .T. ) ;
#2443 = VERTEX_POINT ( 'NONE', #5194 ) ;
#2444 = LINE ( 'NONE', #7202, #2540 ) ;
#2445 = CARTESIAN_POINT ( 'NONE',  ( -110.8500131686008530, 11.53332063743878066, 44.23067602176538315 ) ) ;
#2446 = DIRECTION ( 'NONE',  ( 0.9999999999991668886, 1.290929835799438712E-06, 0.000000000000000000 ) ) ;
#2447 = B_SPLINE_CURVE_WITH_KNOTS ( 'NONE', 3,
 ( #11, #3463, #5057, #4399, #3585, #5885, #7842, #5641, #5821, #2026, #7337, #5120, #9306 ),
 .UNSPECIFIED., .F., .F.,
 ( 4, 2, 2, 1, 2, 2, 4 ),
 ( 0.000000000000000000, 0.5000000000000075495, 0.6250000000000305311, 0.6875000000000365263, 0.7187500000000396350, 0.7500000000000427436, 1.000000000000000000 ),
 .UNSPECIFIED. ) ;
#2448 = AXIS2_PLACEMENT_3D ( 'NONE', #635, #1569, #2318 ) ;
#2449 = EDGE_LOOP ( 'NONE', ( #3809, #9194, #154, #2987, #3518 ) ) ;
#2450 = APPLICATION_PROTOCOL_DEFINITION ( 'draft international standard', 'automotive_design', 1998, #999 ) ;
#2451 = AXIS2_PLACEMENT_3D ( 'NONE', #1466, #184, #6624 ) ;
#2452 = CARTESIAN_POINT ( 'NONE',  ( -101.1139658227152154, 3.331731491613130203, 42.21889745191514010 ) ) ;
#2453 = ADVANCED_FACE ( 'NONE', ( #3895 ), #1802, .T. ) ;
#2454 = EDGE_CURVE ( 'NONE', #15, #7125, #838, .T. ) ;
#2455 = DIRECTION ( 'NONE',  ( 0.5016770317134990886, 0.8650550016334989101, 0.000000000000000000 ) ) ;
#2456 = LINE ( 'NONE', #8327, #5594 ) ;
#2457 = ORIENTED_EDGE ( 'NONE', *, *, #4068, .F. ) ;
#2458 = CARTESIAN_POINT ( 'NONE',  ( -122.5414727750999901, -6.833322346797999103, 40.32001560000000495 ) ) ;
#2459 = EDGE_LOOP ( 'NONE', ( #5780, #8503, #7213, #4978, #6960, #2291 ) ) ;
#2460 = EDGE_CURVE ( 'NONE', #4616, #2142, #948, .T. ) ;
#2461 = EDGE_LOOP ( 'NONE', ( #5142, #6922, #7404, #3829 ) ) ;
#2462 = VECTOR ( 'NONE', #1625, 1000.000000000000000 ) ;
#2463 = FACE_BOUND ( 'NONE', #9074, .T. ) ;
#2464 = ORIENTED_EDGE ( 'NONE', *, *, #869, .T. ) ;
#2465 = EDGE_CURVE ( 'NONE', #4798, #5738, #4074, .T. ) ;
#2466 = AXIS2_PLACEMENT_3D ( 'NONE', #1039, #136, #855 ) ;
#2467 = CARTESIAN_POINT ( 'NONE',  ( -101.1891841795999909, 2.965375221439999986, 41.77001269999999522 ) ) ;
#2468 = DIRECTION ( 'NONE',  ( 0.000000000000000000, 0.000000000000000000, -1.000000000000000000 ) ) ;
#2469 = FACE_OUTER_BOUND ( 'NONE', #1202, .T. ) ;
#2470 = VERTEX_POINT ( 'NONE', #5757 ) ;
#2471 = LINE ( 'NONE', #2943, #2355 ) ;
#2472 = DIRECTION ( 'NONE',  ( 0.000000000000000000, 0.000000000000000000, -1.000000000000000000 ) ) ;
#2473 = CARTESIAN_POINT ( 'NONE',  ( -118.3265874585000006, -12.83331034679999938, 41.57001309999999705 ) ) ;
#2474 = ORIENTED_EDGE ( 'NONE', *, *, #2036, .F. ) ;
#2475 = CARTESIAN_POINT ( 'NONE',  ( -114.3499999999999943, -1.199999999999999956, 34.77002669999999540 ) ) ;
#2476 = DIRECTION ( 'NONE',  ( 0.000000000000000000, 0.000000000000000000, -1.000000000000000000 ) ) ;
#2477 = VERTEX_POINT ( 'NONE', #7776 ) ;
#2478 = VECTOR ( 'NONE', #4781, 1000.000000000000000 ) ;
#2479 = DIRECTION ( 'NONE',  ( 0.000000000000000000, -1.000000000000000000, 0.000000000000000000 ) ) ;
#2480 = ORIENTED_EDGE ( 'NONE', *, *, #4786, .F. ) ;
#2481 = EDGE_CURVE ( 'NONE', #3398, #6340, #3766, .T. ) ;
#2482 = VECTOR ( 'NONE', #6188, 1000.000000000000000 ) ;
#2483 = ADVANCED_FACE ( 'NONE', ( #7085 ), #881, .T. ) ;
#2484 = VERTEX_POINT ( 'NONE', #8108 ) ;
#2485 = VECTOR ( 'NONE', #2004, 1000.000000000000000 ) ;
#2486 = EDGE_CURVE ( 'NONE', #7165, #2470, #7699, .T. ) ;
#2487 = CARTESIAN_POINT ( 'NONE',  ( -124.1679668116999977, 8.568790119284999562, 41.77001269999999522 ) ) ;
#2488 = CARTESIAN_POINT ( 'NONE',  ( -100.7764953215000077, 3.203641244752000183, 41.17001390000000072 ) ) ;
#2489 =( NAMED_UNIT ( * ) SI_UNIT ( $, .STERADIAN. ) SOLID_ANGLE_UNIT ( ) );
#2490 = CARTESIAN_POINT ( 'NONE',  ( -106.6398761140000033, 8.947583131454997840, 41.11078210476999573 ) ) ;
#2491 = ORIENTED_EDGE ( 'NONE', *, *, #260, .F. ) ;
#2492 = ORIENTED_EDGE ( 'NONE', *, *, #7531, .T. ) ;
#2493 = VERTEX_POINT ( 'NONE', #1679 ) ;
#2494 = CARTESIAN_POINT ( 'NONE',  ( -120.4768301820999881, 6.576354328338000599, 43.77000869999999821 ) ) ;
#2495 = LINE ( 'NONE', #2139, #5333 ) ;
#2496 = FACE_OUTER_BOUND ( 'NONE', #8368, .T. ) ;
#2497 = ORIENTED_EDGE ( 'NONE', *, *, #4813, .F. ) ;
#2498 = AXIS2_PLACEMENT_3D ( 'NONE', #7554, #4063, #7668 ) ;
#2499 = DIRECTION ( 'NONE',  ( 0.000000000000000000, 0.000000000000000000, -1.000000000000000000 ) ) ;
#2500 = DIRECTION ( 'NONE',  ( 0.8660254038026869994, 0.4999999999683929497, 0.000000000000000000 ) ) ;
#2501 = CARTESIAN_POINT ( 'NONE',  ( -126.5333679703999934, -9.157829360523999540, 40.76737402085000639 ) ) ;
#2502 = CARTESIAN_POINT ( 'NONE',  ( -106.9148755639999990, 8.923897150909001041, 41.17001390000000072 ) ) ;
#2503 = CARTESIAN_POINT ( 'NONE',  ( -108.8499765330606550, 10.59317165708333164, 44.08631533942239145 ) ) ;
#2504 = PRODUCT_DEFINITION_SHAPE ( 'NONE', 'NONE',  #8823 ) ;
#2505 = ORIENTED_EDGE ( 'NONE', *, *, #644, .F. ) ;
#2506 = EDGE_CURVE ( 'NONE', #273, #7321, #4011, .T. ) ;
#2507 = EDGE_CURVE ( 'NONE', #5968, #4721, #5255, .T. ) ;
#2508 = ORIENTED_EDGE ( 'NONE', *, *, #3259, .F. ) ;
#2509 = DIRECTION ( 'NONE',  ( -0.5000000000021109781, 0.8660254037832199048, 0.000000000000000000 ) ) ;
#2510 = EDGE_LOOP ( 'NONE', ( #6302, #7, #6353, #5339 ) ) ;
#2511 = ORIENTED_EDGE ( 'NONE', *, *, #4407, .F. ) ;
#2512 = CIRCLE ( 'NONE', #5015, 11.49997800000000225 ) ;
#2513 = CARTESIAN_POINT ( 'NONE',  ( -110.8500070000000051, -15.52870122344999970, 40.48468206460000118 ) ) ;
#2514 = EDGE_LOOP ( 'NONE', ( #4910, #7915, #6178, #1829 ) ) ;
#2515 = PLANE ( 'NONE',  #960 ) ;
#2516 = CARTESIAN_POINT ( 'NONE',  ( -100.9941018790448339, 2.065937699748618961, 42.00378094191805900 ) ) ;
#2517 = CARTESIAN_POINT ( 'NONE',  ( -99.10003169999998818, 8.749982299996998947, 36.27002670000000251 ) ) ;
#2518 = EDGE_CURVE ( 'NONE', #4190, #6667, #897, .T. ) ;
#2519 = ORIENTED_EDGE ( 'NONE', *, *, #9041, .T. ) ;
#2520 = DIRECTION ( 'NONE',  ( 0.8394313194241086462, 0.5434657854639056707, 0.000000000000000000 ) ) ;
#2521 = DIRECTION ( 'NONE',  ( 0.000000000000000000, 0.000000000000000000, 1.000000000000000000 ) ) ;
#2522 = ORIENTED_EDGE ( 'NONE', *, *, #8379, .T. ) ;
#2523 = EDGE_CURVE ( 'NONE', #5257, #7063, #4414, .T. ) ;
#2524 = CYLINDRICAL_SURFACE ( 'NONE', #6885, 13.84997229999999924 ) ;
#2525 = VECTOR ( 'NONE', #7088, 1000.000000000000000 ) ;
#2526 = EDGE_LOOP ( 'NONE', ( #8552, #3652, #2261, #8439 ) ) ;
#2527 = DIRECTION ( 'NONE',  ( 0.000000000000000000, 0.000000000000000000, -1.000000000000000000 ) ) ;
#2528 = AXIS2_PLACEMENT_3D ( 'NONE', #7521, #8224, #9043 ) ;
#2529 = ADVANCED_FACE ( 'NONE', ( #4290 ), #1300, .T. ) ;
#2530 = CARTESIAN_POINT ( 'NONE',  ( -84.01815149790999726, 19.22991466717000009, 41.77001269999999522 ) ) ;
#2531 = CARTESIAN_POINT ( 'NONE',  ( -98.50003170000000807, 7.649982299997000190, 36.27002670000000251 ) ) ;
#2532 = DIRECTION ( 'NONE',  ( 0.000000000000000000, 0.000000000000000000, 1.000000000000000000 ) ) ;
#2533 = CARTESIAN_POINT ( 'NONE',  ( -114.3499999999999943, -1.199999999999999956, 39.86605802304000434 ) ) ;
#2534 = VERTEX_POINT ( 'NONE', #7408 ) ;
#2535 = FACE_OUTER_BOUND ( 'NONE', #442, .T. ) ;
#2536 = EDGE_CURVE ( 'NONE', #4279, #4190, #4207, .T. ) ;
#2537 = CARTESIAN_POINT ( 'NONE',  ( -114.3499999999999943, -1.199999999999999956, 38.35301953399999775 ) ) ;
#2538 = CARTESIAN_POINT ( 'NONE',  ( -122.3038877883000026, 5.500408964984999649, 44.27001270000000233 ) ) ;
#2539 = ORIENTED_EDGE ( 'NONE', *, *, #4470, .F. ) ;
#2540 = VECTOR ( 'NONE', #8687, 1000.000000000000000 ) ;
#2541 = CARTESIAN_POINT ( 'NONE',  ( -127.0807170629000069, -9.473841506394000689, 39.86605802304000434 ) ) ;
#2542 = CIRCLE ( 'NONE', #8889, 8.499833617405000652 ) ;
#2543 = VERTEX_POINT ( 'NONE', #2385 ) ;
#2544 = AXIS2_PLACEMENT_3D ( 'NONE', #898, #2131, #3563 ) ;
#2545 = EDGE_LOOP ( 'NONE', ( #2963, #9310, #3550, #37 ) ) ;
#2546 = AXIS2_PLACEMENT_3D ( 'NONE', #4709, #8962, #4761 ) ;
#2547 = CARTESIAN_POINT ( 'NONE',  ( -104.9284517085000061, 5.394233980648999172, 42.27001269999999522 ) ) ;
#2548 = CARTESIAN_POINT ( 'NONE',  ( -114.3499999999999943, 12.29997300000000138, 33.17002990000000295 ) ) ;
#2549 = CARTESIAN_POINT ( 'NONE',  ( -102.1398851139999948, 0.6533710858525000331, 41.17001390000000072 ) ) ;
#2550 = EDGE_LOOP ( 'NONE', ( #3871, #6211, #7141, #655, #6951, #5473, #3820, #109 ) ) ;
#2551 = ORIENTED_EDGE ( 'NONE', *, *, #2209, .F. ) ;
#2552 = DIRECTION ( 'NONE',  ( 0.9999999985286631699, 5.424641663881125595E-05, 0.000000000000000000 ) ) ;
#2553 = CYLINDRICAL_SURFACE ( 'NONE', #8283, 0.3999999999999975797 ) ;
#2554 = VECTOR ( 'NONE', #4667, 1000.000000000000227 ) ;
#2555 = EDGE_LOOP ( 'NONE', ( #6536, #8456, #9315, #5987 ) ) ;
#2556 = DIRECTION ( 'NONE',  ( 1.000000000000000000, 0.000000000000000000, 0.000000000000000000 ) ) ;
#2557 = CARTESIAN_POINT ( 'NONE',  ( -102.5128382383000059, 6.557947112765000419, 34.93669307995999418 ) ) ;
#2558 = DIRECTION ( 'NONE',  ( 1.000000000000000000, 0.000000000000000000, 0.000000000000000000 ) ) ;
#2559 = CARTESIAN_POINT ( 'NONE',  ( -124.9426510767675325, 9.018059175542749273, 40.53125698820976908 ) ) ;
#2560 = EDGE_CURVE ( 'NONE', #3557, #3029, #1073, .T. ) ;
#2561 = CARTESIAN_POINT ( 'NONE',  ( -123.1999823000000021, 14.04996829999999974, 35.17002670000000109 ) ) ;
#2562 = EDGE_CURVE ( 'NONE', #3206, #6543, #4248, .T. ) ;
#2563 = ADVANCED_FACE ( 'NONE', ( #1261 ), #5162, .F. ) ;
#2564 = ORIENTED_EDGE ( 'NONE', *, *, #1842, .T. ) ;
#2565 = AXIS2_PLACEMENT_3D ( 'NONE', #5222, #5969, #5354 ) ;
#2566 = VECTOR ( 'NONE', #9289, 1000.000000000000114 ) ;
#2567 = ORIENTED_EDGE ( 'NONE', *, *, #4822, .T. ) ;
#2568 = EDGE_CURVE ( 'NONE', #6110, #6670, #7346, .T. ) ;
#2569 = CIRCLE ( 'NONE', #3234, 13.99997199999999964 ) ;
#2570 = CARTESIAN_POINT ( 'NONE',  ( -110.8500070000000619, 11.68120380533935787, 44.27001269999929889 ) ) ;
#2571 = CARTESIAN_POINT ( 'NONE',  ( -99.10003169999998818, -9.149982299999999569, 36.27002670000000251 ) ) ;
#2572 = FACE_BOUND ( 'NONE', #2217, .T. ) ;
#2573 = ORIENTED_EDGE ( 'NONE', *, *, #6389, .T. ) ;
#2574 = DIRECTION ( 'NONE',  ( 0.000000000000000000, 0.000000000000000000, -1.000000000000000000 ) ) ;
#2575 = PLANE ( 'NONE',  #3568 ) ;
#2576 = EDGE_CURVE ( 'NONE', #2044, #5047, #4236, .T. ) ;
#2577 = DIRECTION ( 'NONE',  ( -0.000000000000000000, 1.000000000000000000, 0.000000000000000000 ) ) ;
#2578 = B_SPLINE_CURVE_WITH_KNOTS ( 'NONE', 3,
 ( #8814, #1398, #7937, #4493, #5166, #4434 ),
 .UNSPECIFIED., .F., .F.,
 ( 4, 1, 1, 4 ),
 ( 0.000000000000000000, 0.3333333333333000081, 0.6666666666667000474, 1.000000000000000000 ),
 .UNSPECIFIED. ) ;
#2579 = ORIENTED_EDGE ( 'NONE', *, *, #6550, .T. ) ;
#2580 = CARTESIAN_POINT ( 'NONE',  ( -117.8499929999999978, -1.150462752447999781, 49.55907315657999845 ) ) ;
#2581 = CARTESIAN_POINT ( 'NONE',  ( -114.3499999999999943, 15.64996630000000266, 34.77002669999999540 ) ) ;
#2582 = AXIS2_PLACEMENT_3D ( 'NONE', #3675, #2532, #3260 ) ;
#2583 = ORIENTED_EDGE ( 'NONE', *, *, #1033, .F. ) ;
#2584 = CIRCLE ( 'NONE', #322, 0.5499988999999995132 ) ;
#2585 = ADVANCED_FACE ( 'NONE', ( #4223 ), #7587, .F. ) ;
#2586 = CYLINDRICAL_SURFACE ( 'NONE', #4030, 0.5499988999999997352 ) ;
#2587 = ORIENTED_EDGE ( 'NONE', *, *, #933, .F. ) ;
#2588 = EDGE_CURVE ( 'NONE', #7026, #2142, #1060, .T. ) ;
#2589 = CARTESIAN_POINT ( 'NONE',  ( -114.4008449691467035, -9.099820575174003778, 48.12000000000000455 ) ) ;
#2590 = CARTESIAN_POINT ( 'NONE',  ( -119.2308214005000053, -10.94613293653999975, 41.77001269999999522 ) ) ;
#2591 = DIRECTION ( 'NONE',  ( 0.000000000000000000, 0.000000000000000000, 1.000000000000000000 ) ) ;
#2592 = CARTESIAN_POINT ( 'NONE',  ( -114.3499999999999943, -1.199999999999999956, 33.67007864680999774 ) ) ;
#2593 =( LENGTH_UNIT ( ) NAMED_UNIT ( * ) SI_UNIT ( .MILLI., .METRE. ) );
#2594 = EDGE_CURVE ( 'NONE', #7901, #305, #1092, .T. ) ;
#2595 = VERTEX_POINT ( 'NONE', #7666 ) ;
#2596 = EDGE_CURVE ( 'NONE', #8012, #258, #1234, .T. ) ;
#2597 = CARTESIAN_POINT ( 'NONE',  ( -114.3499999999999943, -1.199999999999999956, 38.42001940000000104 ) ) ;
#2598 = ORIENTED_EDGE ( 'NONE', *, *, #1013, .F. ) ;
#2599 = ADVANCED_FACE ( 'NONE', ( #7376 ), #1834, .T. ) ;
#2600 = ORIENTED_EDGE ( 'NONE', *, *, #4158, .F. ) ;
#2601 = DIRECTION ( 'NONE',  ( 0.000000000000000000, 0.000000000000000000, -1.000000000000000000 ) ) ;
#2602 = CARTESIAN_POINT ( 'NONE',  ( -114.3499999999999943, -1.199999999999999956, 40.17924779522999756 ) ) ;
#2603 = CARTESIAN_POINT ( 'NONE',  ( -106.6398761140000033, 8.447584131454998868, 41.17001390000000072 ) ) ;
#2604 = DIRECTION ( 'NONE',  ( 0.000000000000000000, 0.000000000000000000, 1.000000000000000000 ) ) ;
#2605 = CIRCLE ( 'NONE', #2890, 10.99997799999999515 ) ;
#2606 = ORIENTED_EDGE ( 'NONE', *, *, #128, .T. ) ;
#2607 = EDGE_CURVE ( 'NONE', #4721, #5647, #4401, .T. ) ;
#2608 = ADVANCED_FACE ( 'NONE', ( #1186 ), #7547, .F. ) ;
#2609 = ORIENTED_EDGE ( 'NONE', *, *, #8421, .F. ) ;
#2610 = CARTESIAN_POINT ( 'NONE',  ( -128.0807838808999861, -5.086027968377000441, 41.17001390000000072 ) ) ;
#2611 =( NAMED_UNIT ( * ) SI_UNIT ( $, .STERADIAN. ) SOLID_ANGLE_UNIT ( ) );
#2612 = VERTEX_POINT ( 'NONE', #4501 ) ;
#2613 = ORIENTED_EDGE ( 'NONE', *, *, #2380, .F. ) ;
#2614 = SHAPE_REPRESENTATION ( 'MANIFOLD_SOLID_BREP_162_1_1^AS03208AS-HT_AS03208AS-HT_Ass', ( #2466 ), #1525 ) ;
#2615 = EDGE_CURVE ( 'NONE', #3983, #45, #625, .T. ) ;
#2616 = CARTESIAN_POINT ( 'NONE',  ( -114.3499999999999943, -1.199999999999999956, 44.27001270000000233 ) ) ;
#2617 = LINE ( 'NONE', #1404, #5365 ) ;
#2618 = CIRCLE ( 'NONE', #4566, 12.49997499999999917 ) ;
#2619 = ORIENTED_EDGE ( 'NONE', *, *, #7650, .F. ) ;
#2620 = PLANE ( 'NONE',  #3584 ) ;
#2621 = CARTESIAN_POINT ( 'NONE',  ( -114.3499999999999943, -1.199999999999999956, 33.10385118903999313 ) ) ;
#2622 = CARTESIAN_POINT ( 'NONE',  ( -121.1999822999999878, -17.04996829999999974, 34.77002669999999540 ) ) ;
#2623 = DIRECTION ( 'NONE',  ( 0.000000000000000000, 1.000000000000000000, 0.000000000000000000 ) ) ;
#2624 = ORIENTED_EDGE ( 'NONE', *, *, #5045, .T. ) ;
#2625 = VERTEX_POINT ( 'NONE', #3331 ) ;
#2626 = LINE ( 'NONE', #1464, #8785 ) ;
#2627 = CARTESIAN_POINT ( 'NONE',  ( -103.7865109298080739, 8.393997296914736950, 41.88928502457301306 ) ) ;
#2628 = CARTESIAN_POINT ( 'NONE',  ( -106.6398761140000033, 8.447584131454998868, 41.11078210476999573 ) ) ;
#2629 = FACE_OUTER_BOUND ( 'NONE', #1904, .T. ) ;
#2630 = ORIENTED_EDGE ( 'NONE', *, *, #2816, .F. ) ;
#2631 = AXIS2_PLACEMENT_3D ( 'NONE', #5031, #5794, #6545 ) ;
#2632 = DIRECTION ( 'NONE',  ( 0.000000000000000000, 0.000000000000000000, -1.000000000000000000 ) ) ;
#2633 = CARTESIAN_POINT ( 'NONE',  ( -129.4499682999999948, -11.33474613867000080, 34.77002669999999540 ) ) ;
#2634 = ORIENTED_EDGE ( 'NONE', *, *, #5854, .T. ) ;
#2635 = CARTESIAN_POINT ( 'NONE',  ( -107.5000177000000008, 14.04996829999999974, 36.27002670000000251 ) ) ;
#2636 = CARTESIAN_POINT ( 'NONE',  ( -104.9833575003576698, -1.199880447538992811, 43.23666494311657260 ) ) ;
#2637 = FACE_OUTER_BOUND ( 'NONE', #7682, .T. ) ;
#2638 = ORIENTED_EDGE ( 'NONE', *, *, #2646, .T. ) ;
#2639 = CARTESIAN_POINT ( 'NONE',  ( -107.1794469340682809, 7.194941984019830095, 42.00437706286404449 ) ) ;
#2640 = AXIS2_PLACEMENT_3D ( 'NONE', #2274, #4436, #5096 ) ;
#2641 = VERTEX_POINT ( 'NONE', #1586 ) ;
#2642 = LINE ( 'NONE', #9228, #2204 ) ;
#2643 = LINE ( 'NONE', #1935, #8786 ) ;
#2644 = ORIENTED_EDGE ( 'NONE', *, *, #1746, .T. ) ;
#2645 = AXIS2_PLACEMENT_3D ( 'NONE', #1099, #5464, #398 ) ;
#2646 = EDGE_CURVE ( 'NONE', #9296, #6173, #7558, .T. ) ;
#2647 = CARTESIAN_POINT ( 'NONE',  ( -102.1398851139999948, 1.153370085853000049, 41.77001269999999522 ) ) ;
#2648 = DIRECTION ( 'NONE',  ( -0.8326470451402026018, -0.5538040251021018046, 0.000000000000000000 ) ) ;
#2649 = CARTESIAN_POINT ( 'NONE',  ( -104.4000177000000065, -16.44996829999999832, 36.27002670000000251 ) ) ;
#2650 = CARTESIAN_POINT ( 'NONE',  ( -110.8500070000000051, 12.81928068525333408, 40.91312560973333490 ) ) ;
#2651 = ORIENTED_EDGE ( 'NONE', *, *, #2523, .F. ) ;
#2652 = LINE ( 'NONE', #2823, #2806 ) ;
#2653 = LINE ( 'NONE', #8615, #5971 ) ;
#2654 = PLANE ( 'NONE',  #4027 ) ;
#2655 = CARTESIAN_POINT ( 'NONE',  ( -124.2573957870999948, 8.620653252624000729, 38.42001940000000104 ) ) ;
#2656 = ORIENTED_EDGE ( 'NONE', *, *, #2486, .T. ) ;
#2657 = VERTEX_POINT ( 'NONE', #3138 ) ;
#2658 = CARTESIAN_POINT ( 'NONE',  ( -123.6925348012999990, -6.366656053202000010, 40.32001560000000495 ) ) ;
#2659 = CARTESIAN_POINT ( 'NONE',  ( -114.3499999999999943, -1.199999999999999956, 33.27002970000000204 ) ) ;
#2660 = LINE ( 'NONE', #965, #2886 ) ;
#2661 = CARTESIAN_POINT ( 'NONE',  ( -122.2999822999999964, -16.04996829999999974, 34.77002669999999540 ) ) ;
#2662 = AXIS2_PLACEMENT_3D ( 'NONE', #2622, #4081, #4765 ) ;
#2663 = VECTOR ( 'NONE', #2919, 1000.000000000000000 ) ;
#2664 = ORIENTED_EDGE ( 'NONE', *, *, #8450, .T. ) ;
#2665 = AXIS2_PLACEMENT_3D ( 'NONE', #2475, #4558, #4626 ) ;
#2666 = EDGE_LOOP ( 'NONE', ( #8567, #7493, #5499, #2378, #4113, #1434, #7469, #4100, #1032, #4621 ) ) ;
#2667 = FACE_OUTER_BOUND ( 'NONE', #6301, .T. ) ;
#2668 = FILL_AREA_STYLE ('',( #6999 ) ) ;
#2669 = ADVANCED_FACE ( 'NONE', ( #1335 ), #3267, .F. ) ;
#2670 = ORIENTED_EDGE ( 'NONE', *, *, #5009, .F. ) ;
#2671 = EDGE_CURVE ( 'NONE', #3842, #5738, #1088, .T. ) ;
#2672 = CARTESIAN_POINT ( 'NONE',  ( -114.3506579201000051, -1.183702654446000091, 41.77001269999999522 ) ) ;
#2673 = LINE ( 'NONE', #8516, #2733 ) ;
#2674 = ORIENTED_EDGE ( 'NONE', *, *, #8204, .T. ) ;
#2675 = CARTESIAN_POINT ( 'NONE',  ( -104.1303500353999993, -11.20174086971000094, 38.27001969999999886 ) ) ;
#2676 = AXIS2_PLACEMENT_3D ( 'NONE', #4360, #5721, #7356 ) ;
#2677 = CARTESIAN_POINT ( 'NONE',  ( -98.50003170000000807, -8.049982299999999924, 34.77002669999999540 ) ) ;
#2678 = CARTESIAN_POINT ( 'NONE',  ( -127.0667002369523004, -8.234070777525156259, 40.80924727281104225 ) ) ;
#2679 = ADVANCED_FACE ( 'NONE', ( #7472, #4262, #7483 ), #1649, .F. ) ;
#2680 = DIRECTION ( 'NONE',  ( 0.9642533725432960168, -0.2649819494585990975, 0.000000000000000000 ) ) ;
#2681 = ORIENTED_EDGE ( 'NONE', *, *, #3872, .T. ) ;
#2682 = VECTOR ( 'NONE', #5868, 1000.000000000000000 ) ;
#2683 = ADVANCED_BREP_SHAPE_REPRESENTATION ( '', ( #419, #2466 ), #9344 ) ;
#2684 = ORIENTED_EDGE ( 'NONE', *, *, #5278, .F. ) ;
#2685 = CYLINDRICAL_SURFACE ( 'NONE', #7836, 13.84997229999999924 ) ;
#2686 = DIRECTION ( 'NONE',  ( 0.000000000000000000, 0.000000000000000000, 1.000000000000000000 ) ) ;
#2687 = CARTESIAN_POINT ( 'NONE',  ( -124.3733845415000019, -6.366656053202000010, 40.12001599999999968 ) ) ;
#2688 = FACE_OUTER_BOUND ( 'NONE', #7381, .T. ) ;
#2689 = ORIENTED_EDGE ( 'NONE', *, *, #7344, .F. ) ;
#2690 = EDGE_CURVE ( 'NONE', #8717, #4649, #4428, .T. ) ;
#2691 = CARTESIAN_POINT ( 'NONE',  ( -98.50003170000000807, -9.149982299999999569, 34.77002669999999540 ) ) ;
#2692 = DIRECTION ( 'NONE',  ( 0.000000000000000000, 0.000000000000000000, 1.000000000000000000 ) ) ;
#2693 = CARTESIAN_POINT ( 'NONE',  ( -101.4049681432076255, 2.254911573798297653, 42.27001269999998811 ) ) ;
#2694 = DIRECTION ( 'NONE',  ( 0.3942655197138932865, 0.9189965723356826599, 0.000000000000000000 ) ) ;
#2695 = ORIENTED_EDGE ( 'NONE', *, *, #8071, .F. ) ;
#2696 = CARTESIAN_POINT ( 'NONE',  ( -98.50003170000000807, -8.049982299999999924, 34.77002669999999540 ) ) ;
#2697 = EDGE_CURVE ( 'NONE', #4610, #5709, #1172, .T. ) ;
#2698 = EDGE_CURVE ( 'NONE', #1297, #1799, #7572, .T. ) ;
#2699 = DIRECTION ( 'NONE',  ( 0.000000000000000000, -1.000000000000000000, 0.000000000000000000 ) ) ;
#2700 = LINE ( 'NONE', #1922, #5811 ) ;
#2701 = ORIENTED_EDGE ( 'NONE', *, *, #5800, .F. ) ;
#2702 = EDGE_LOOP ( 'NONE', ( #8328, #786, #8579, #1338, #5417 ) ) ;
#2703 = LINE ( 'NONE', #8309, #5848 ) ;
#2704 = CIRCLE ( 'NONE', #8646, 13.99997199999999964 ) ;
#2705 = ORIENTED_EDGE ( 'NONE', *, *, #684, .T. ) ;
#2706 = AXIS2_PLACEMENT_3D ( 'NONE', #3226, #6141, #602 ) ;
#2707 = EDGE_CURVE ( 'NONE', #8342, #3611, #4356, .T. ) ;
#2708 = DIRECTION ( 'NONE',  ( 0.000000000000000000, 0.000000000000000000, -1.000000000000000000 ) ) ;
#2709 = AXIS2_PLACEMENT_3D ( 'NONE', #49, #770, #7193 ) ;
#2710 = CARTESIAN_POINT ( 'NONE',  ( -104.1192091190999918, 8.748193670508999986, 41.17001390000000072 ) ) ;
#2711 = CARTESIAN_POINT ( 'NONE',  ( -128.8948487620000094, -5.556028546614999897, 34.77002669999999540 ) ) ;
#2712 = CARTESIAN_POINT ( 'NONE',  ( -101.3822175523999931, 3.431277620907999815, 42.27001269999999522 ) ) ;
#2713 = ORIENTED_EDGE ( 'NONE', *, *, #3620, .F. ) ;
#2714 = EDGE_LOOP ( 'NONE', ( #1213, #8208, #6332, #3056, #6422, #2866, #2833, #5714, #3087, #5224, #2127, #2976 ) ) ;
#2715 = DIRECTION ( 'NONE',  ( 1.000000000000000000, 0.000000000000000000, 0.000000000000000000 ) ) ;
#2716 = CARTESIAN_POINT ( 'NONE',  ( -129.1999682999999948, 6.749982300000000102, 34.77002669999999540 ) ) ;
#2717 = ORIENTED_EDGE ( 'NONE', *, *, #8045, .F. ) ;
#2718 = VERTEX_POINT ( 'NONE', #1371 ) ;
#2719 = CARTESIAN_POINT ( 'NONE',  ( -114.3499999999999943, -10.29998179999999941, 40.62001500000000220 ) ) ;
#2720 = DIRECTION ( 'NONE',  ( 0.000000000000000000, 0.000000000000000000, -1.000000000000000000 ) ) ;
#2721 = DIRECTION ( 'NONE',  ( -0.000000000000000000, 1.000000000000000000, 0.000000000000000000 ) ) ;
#2722 = DIRECTION ( 'NONE',  ( 1.000000000000000000, 0.000000000000000000, 0.000000000000000000 ) ) ;
#2723 = CIRCLE ( 'NONE', #2665, 14.74997050000000165 ) ;
#2724 = EDGE_LOOP ( 'NONE', ( #8574, #2717, #5679, #9079 ) ) ;
#2725 = EDGE_CURVE ( 'NONE', #1998, #242, #1245, .T. ) ;
#2726 = ORIENTED_EDGE ( 'NONE', *, *, #764, .F. ) ;
#2727 = DIRECTION ( 'NONE',  ( -1.000000000000000000, 0.000000000000000000, 0.000000000000000000 ) ) ;
#2728 = CONICAL_SURFACE ( 'NONE', #4268, 14.51647139999999503, 0.6108652381970272049 ) ;
#2729 =( NAMED_UNIT ( * ) SI_UNIT ( $, .STERADIAN. ) SOLID_ANGLE_UNIT ( ) );
#2730 = ORIENTED_EDGE ( 'NONE', *, *, #6634, .T. ) ;
#2731 = ORIENTED_EDGE ( 'NONE', *, *, #2014, .T. ) ;
#2732 = DIRECTION ( 'NONE',  ( 0.000000000000000000, 0.000000000000000000, 1.000000000000000000 ) ) ;
#2733 = VECTOR ( 'NONE', #5573, 1000.000000000000000 ) ;
#2734 = CIRCLE ( 'NONE', #9091, 14.27009598267000356 ) ;
#2735 = ORIENTED_EDGE ( 'NONE', *, *, #3886, .F. ) ;
#2736 = DIRECTION ( 'NONE',  ( 0.5016770317134990886, 0.8650550016334989101, 0.000000000000000000 ) ) ;
#2737 = DIRECTION ( 'NONE',  ( 0.000000000000000000, 0.000000000000000000, -1.000000000000000000 ) ) ;
#2738 = PLANE ( 'NONE',  #5379 ) ;
#2739 = AXIS2_PLACEMENT_3D ( 'NONE', #6998, #7674, #8397 ) ;
#2740 = CARTESIAN_POINT ( 'NONE',  ( -125.3567470442999934, 9.258207910878001101, 39.86628875419000195 ) ) ;
#2741 = CARTESIAN_POINT ( 'NONE',  ( -119.1574371987000092, -12.83331034679999938, 41.77001269999999522 ) ) ;
#2742 = ORIENTED_EDGE ( 'NONE', *, *, #9297, .T. ) ;
#2743 = LINE ( 'NONE', #8376, #9025 ) ;
#2744 = VERTEX_POINT ( 'NONE', #7845 ) ;
#2745 = CIRCLE ( 'NONE', #6990, 7.899984196276001569 ) ;
#2746 = CARTESIAN_POINT ( 'NONE',  ( -107.1084327561000009, 8.622093939510000027, 41.17001390000000072 ) ) ;
#2747 = CARTESIAN_POINT ( 'NONE',  ( -130.1999682999999948, -12.04997829999999936, 32.77003069999999951 ) ) ;
#2748 = CONICAL_SURFACE ( 'NONE', #4778, 14.29997140000001465, 0.6108652381970272049 ) ;
#2749 = ORIENTED_EDGE ( 'NONE', *, *, #4908, .T. ) ;
#2750 = EDGE_CURVE ( 'NONE', #2422, #3656, #7305, .T. ) ;
#2751 = CARTESIAN_POINT ( 'NONE',  ( -118.3265874585000006, -12.83331034679999938, 41.77001269999999522 ) ) ;
#2752 = DIRECTION ( 'NONE',  ( 0.8660254037816756956, 0.5000000000047857274, -3.112234035570909057E-13 ) ) ;
#2753 = CARTESIAN_POINT ( 'NONE',  ( -104.5111751327000036, 3.840026114345000074, 41.99914906664999847 ) ) ;
#2754 = ADVANCED_FACE ( 'NONE', ( #7494 ), #7444, .T. ) ;
#2755 = AXIS2_PLACEMENT_3D ( 'NONE', #4457, #4601, #8923 ) ;
#2756 = DIRECTION ( 'NONE',  ( 0.8479743226981082405, 0.5300373081630054273, 0.000000000000000000 ) ) ;
#2757 = EDGE_LOOP ( 'NONE', ( #8968, #1409, #2865, #8935 ) ) ;
#2758 = DIRECTION ( 'NONE',  ( 0.4999999999995848876, -0.8660254037846782937, 0.000000000000000000 ) ) ;
#2759 = DIRECTION ( 'NONE',  ( 0.000000000000000000, 1.000000000000000000, 0.000000000000000000 ) ) ;
#2760 = AXIS2_PLACEMENT_3D ( 'NONE', #1606, #803, #3092 ) ;
#2761 = CARTESIAN_POINT ( 'NONE',  ( -129.7499692000000096, -1.199999999999999956, 32.77003069999999951 ) ) ;
#2762 = FACE_OUTER_BOUND ( 'NONE', #7248, .T. ) ;
#2763 = ORIENTED_EDGE ( 'NONE', *, *, #3517, .F. ) ;
#2764 = VECTOR ( 'NONE', #5640, 1000.000000000000000 ) ;
#2765 = VECTOR ( 'NONE', #8819, 1000.000000000000000 ) ;
#2766 = ORIENTED_EDGE ( 'NONE', *, *, #1670, .F. ) ;
#2767 = CARTESIAN_POINT ( 'NONE',  ( -119.2308214005000053, -10.94613293653999975, 41.17001390000000072 ) ) ;
#2768 = PLANE ( 'NONE',  #5359 ) ;
#2769 = DIRECTION ( 'NONE',  ( 6.537006243005000351E-13, -2.919152244385999825E-13, 1.000000000000000000 ) ) ;
#2770 = CARTESIAN_POINT ( 'NONE',  ( -103.4691905881000054, -1.846151144894999874, 41.77001269999999522 ) ) ;
#2771 = VERTEX_POINT ( 'NONE', #8649 ) ;
#2772 = AXIS2_PLACEMENT_3D ( 'NONE', #844, #2472, #1529 ) ;
#2773 = CIRCLE ( 'NONE', #8437, 1.199997600000000553 ) ;
#2774 = PLANE ( 'NONE',  #8642 ) ;
#2775 = AXIS2_PLACEMENT_3D ( 'NONE', #5575, #4741, #7721 ) ;
#2776 = DIRECTION ( 'NONE',  ( 1.000000000000000000, 0.000000000000000000, 0.000000000000000000 ) ) ;
#2777 = ORIENTED_EDGE ( 'NONE', *, *, #2697, .T. ) ;
#2778 = PLANE ( 'NONE',  #3220 ) ;
#2779 = CARTESIAN_POINT ( 'NONE',  ( -122.4499823000000021, -16.29996829999999974, 34.77002669999999540 ) ) ;
#2780 = EDGE_CURVE ( 'NONE', #3993, #5743, #4179, .T. ) ;
#2781 = CARTESIAN_POINT ( 'NONE',  ( -114.3499999999999943, -1.199999999999999956, 33.44002935999999693 ) ) ;
#2782 = CIRCLE ( 'NONE', #1284, 13.29997239999999969 ) ;
#2783 = CARTESIAN_POINT ( 'NONE',  ( -123.4499818000000033, -1.200000000021999913, 40.62001500000000220 ) ) ;
#2784 = ORIENTED_EDGE ( 'NONE', *, *, #3067, .F. ) ;
#2785 = EDGE_CURVE ( 'NONE', #7225, #6500, #4344, .T. ) ;
#2786 = B_SPLINE_CURVE_WITH_KNOTS ( 'NONE', 3,
 ( #9134, #509, #9259, #7407, #2248, #8040, #689, #1323, #7977, #6593, #1499, #7176, #8724, #5006, #3541, #8656, #7851, #4245, #2177, #8594, #5777, #7293, #155 ),
 .UNSPECIFIED., .F., .F.,
 ( 4, 2, 2, 1, 2, 2, 2, 2, 1, 1, 2, 2, 4 ),
 ( 0.000000000000000000, 0.2499999999999362732, 0.3749999999999031330, 0.4374999999998990807, 0.4687499999998872013, 0.4999999999998753220, 0.6249999999997752909, 0.6874999999997226663, 0.7187499999996990185, 0.7343749999996871392, 0.7421874999996812550, 0.7499999999996753708, 1.000000000000000000 ),
 .UNSPECIFIED. ) ;
#2787 = ADVANCED_FACE ( 'NONE', ( #4387, #4369, #7331 ), #7966, .F. ) ;
#2788 = ORIENTED_EDGE ( 'NONE', *, *, #3718, .T. ) ;
#2789 = DIRECTION ( 'NONE',  ( 0.000000000000000000, 0.000000000000000000, 1.000000000000000000 ) ) ;
#2790 = AXIS2_PLACEMENT_3D ( 'NONE', #110, #2268, #4795 ) ;
#2791 = VECTOR ( 'NONE', #6298, 1000.000000000000000 ) ;
#2792 = DIRECTION ( 'NONE',  ( 1.000000000000000000, 0.000000000000000000, 0.000000000000000000 ) ) ;
#2793 = VERTEX_POINT ( 'NONE', #9120 ) ;
#2794 = DIRECTION ( 'NONE',  ( 0.000000000000000000, 1.000000000000000000, 0.000000000000000000 ) ) ;
#2795 = CIRCLE ( 'NONE', #2317, 13.84997229999999924 ) ;
#2796 = LINE ( 'NONE', #3689, #9176 ) ;
#2797 = EDGE_LOOP ( 'NONE', ( #8178, #8409, #9189, #3484 ) ) ;
#2798 = EDGE_CURVE ( 'NONE', #3789, #4943, #7359, .T. ) ;
#2799 = EDGE_CURVE ( 'NONE', #629, #4610, #1103, .T. ) ;
#2800 = DIRECTION ( 'NONE',  ( 0.000000000000000000, 0.000000000000000000, 1.000000000000000000 ) ) ;
#2801 = B_SPLINE_CURVE_WITH_KNOTS ( 'NONE', 3,
 ( #8408, #6771, #2557, #8149 ),
 .UNSPECIFIED., .F., .F.,
 ( 4, 4 ),
 ( 0.000000000000000000, 1.000000000000000000 ),
 .UNSPECIFIED. ) ;
#2802 = DIRECTION ( 'NONE',  ( 0.000000000000000000, 0.000000000000000000, -1.000000000000000000 ) ) ;
#2803 = PLANE ( 'NONE',  #3536 ) ;
#2804 = DIRECTION ( 'NONE',  ( 0.000000000000000000, 0.000000000000000000, 1.000000000000000000 ) ) ;
#2805 = ORIENTED_EDGE ( 'NONE', *, *, #3411, .T. ) ;
#2806 = VECTOR ( 'NONE', #3572, 1000.000000000000000 ) ;
#2807 = LINE ( 'NONE', #589, #2882 ) ;
#2808 = ORIENTED_EDGE ( 'NONE', *, *, #2419, .F. ) ;
#2809 = VECTOR ( 'NONE', #1644, 1000.000000000000000 ) ;
#2810 = CARTESIAN_POINT ( 'NONE',  ( -114.3499999999999943, -1.199999999999999956, 41.17001390000000072 ) ) ;
#2811 = DIRECTION ( 'NONE',  ( 0.4999999999997095101, -0.8660254037846063513, 0.000000000000000000 ) ) ;
#2812 = DIRECTION ( 'NONE',  ( -8.900713638924000741E-13, -1.472314532444999926E-12, 1.000000000000000000 ) ) ;
#2813 = LINE ( 'NONE', #7380, #9098 ) ;
#2814 = ORIENTED_EDGE ( 'NONE', *, *, #2885, .T. ) ;
#2815 = DIRECTION ( 'NONE',  ( 0.000000000000000000, 0.000000000000000000, -1.000000000000000000 ) ) ;
#2816 = EDGE_CURVE ( 'NONE', #6667, #2612, #7405, .T. ) ;
#2817 = EDGE_CURVE ( 'NONE', #3142, #2990, #5243, .T. ) ;
#2818 = EDGE_CURVE ( 'NONE', #6340, #1729, #4278, .T. ) ;
#2819 = CARTESIAN_POINT ( 'NONE',  ( -101.5164029729999982, 2.305017138688999712, 42.27001269999999522 ) ) ;
#2820 = CARTESIAN_POINT ( 'NONE',  ( -123.1999823000000021, 13.64996830000000116, 34.77002669999999540 ) ) ;
#2821 = VERTEX_POINT ( 'NONE', #619 ) ;
#2822 = DIRECTION ( 'NONE',  ( 0.000000000000000000, 0.000000000000000000, 1.000000000000000000 ) ) ;
#2823 = CARTESIAN_POINT ( 'NONE',  ( -112.8667632691000051, 14.64996830001000028, 32.77003069999999951 ) ) ;
#2824 = EDGE_CURVE ( 'NONE', #6974, #8873, #7418, .T. ) ;
#2825 = ORIENTED_EDGE ( 'NONE', *, *, #5874, .F. ) ;
#2826 = UNCERTAINTY_MEASURE_WITH_UNIT (LENGTH_MEASURE( 1.000000000000000082E-05 ), #7238, 'distance_accuracy_value', 'NONE');
#2827 = LINE ( 'NONE', #6429, #8910 ) ;
#2828 = CYLINDRICAL_SURFACE ( 'NONE', #8172, 14.74997050000000165 ) ;
#2829 = ORIENTED_EDGE ( 'NONE', *, *, #5477, .T. ) ;
#2830 = EDGE_CURVE ( 'NONE', #2349, #4737, #7809, .T. ) ;
#2831 = DIRECTION ( 'NONE',  ( -1.000000000000000000, 0.000000000000000000, 0.000000000000000000 ) ) ;
#2832 = CARTESIAN_POINT ( 'NONE',  ( -101.4565358388999954, 7.167803587388999809, 33.27002970000000204 ) ) ;
#2833 = ORIENTED_EDGE ( 'NONE', *, *, #9114, .T. ) ;
#2834 = VECTOR ( 'NONE', #997, 1000.000000000000000 ) ;
#2835 = AXIS2_PLACEMENT_3D ( 'NONE', #4292, #1892, #3588 ) ;
#2836 = ORIENTED_EDGE ( 'NONE', *, *, #7174, .F. ) ;
#2837 = DIRECTION ( 'NONE',  ( 0.000000000000000000, 1.000000000000000000, 0.000000000000000000 ) ) ;
#2838 = DIRECTION ( 'NONE',  ( 0.000000000000000000, -1.000000000000000000, 0.000000000000000000 ) ) ;
#2839 = ORIENTED_EDGE ( 'NONE', *, *, #2078, .T. ) ;
#2840 = DIRECTION ( 'NONE',  ( 0.000000000000000000, 0.000000000000000000, 1.000000000000000000 ) ) ;
#2841 = CARTESIAN_POINT ( 'NONE',  ( -127.7766755421999818, 2.584984210687999884, 38.42001940000000104 ) ) ;
#2842 = CARTESIAN_POINT ( 'NONE',  ( -124.2999822999999964, 14.04996829999999974, 35.17002670000000109 ) ) ;
#2843 = CIRCLE ( 'NONE', #2772, 9.099981800000000121 ) ;
#2844 = DIRECTION ( 'NONE',  ( 0.000000000000000000, -1.000000000000000000, 0.000000000000000000 ) ) ;
#2845 = VERTEX_POINT ( 'NONE', #4935 ) ;
#2846 = EDGE_CURVE ( 'NONE', #849, #2443, #1374, .T. ) ;
#2847 = EDGE_CURVE ( 'NONE', #3640, #8452, #1580, .T. ) ;
#2848 = ORIENTED_EDGE ( 'NONE', *, *, #1022, .T. ) ;
#2849 = DIRECTION ( 'NONE',  ( -4.376952006186000123E-12, 3.836938446980999902E-13, -1.000000000000000000 ) ) ;
#2850 = VECTOR ( 'NONE', #4146, 1000.000000000000000 ) ;
#2851 =( LENGTH_UNIT ( ) NAMED_UNIT ( * ) SI_UNIT ( .MILLI., .METRE. ) );
#2852 = ORIENTED_EDGE ( 'NONE', *, *, #7450, .T. ) ;
#2853 = AXIS2_PLACEMENT_3D ( 'NONE', #4208, #3430, #8553 ) ;
#2854 = ORIENTED_EDGE ( 'NONE', *, *, #6416, .T. ) ;
#2855 = DIRECTION ( 'NONE',  ( 0.000000000000000000, 0.000000000000000000, -1.000000000000000000 ) ) ;
#2856 = LINE ( 'NONE', #5702, #9111 ) ;
#2857 = CYLINDRICAL_SURFACE ( 'NONE', #193, 4.999989999999995938 ) ;
#2858 = EDGE_LOOP ( 'NONE', ( #2519, #5465, #4492, #8673 ) ) ;
#2859 = CARTESIAN_POINT ( 'NONE',  ( -104.4000177000000065, -17.04996829999999974, 36.27002670000000251 ) ) ;
#2860 = CARTESIAN_POINT ( 'NONE',  ( -114.3499999999999943, -1.199999999999999956, 32.77003069999999951 ) ) ;
#2861 = CARTESIAN_POINT ( 'NONE',  ( -126.1016908519737569, 4.495923781176402123, 44.13607047918837623 ) ) ;
#2862 = DIRECTION ( 'NONE',  ( 0.000000000000000000, 0.000000000000000000, -1.000000000000000000 ) ) ;
#2863 = ORIENTED_EDGE ( 'NONE', *, *, #2419, .T. ) ;
#2864 = LINE ( 'NONE', #6615, #8963 ) ;
#2865 = ORIENTED_EDGE ( 'NONE', *, *, #4071, .F. ) ;
#2866 = ORIENTED_EDGE ( 'NONE', *, *, #5106, .F. ) ;
#2867 = EDGE_LOOP ( 'NONE', ( #5129, #9242, #3064, #6968, #582, #3764, #3123, #5221 ) ) ;
#2868 = FACE_OUTER_BOUND ( 'NONE', #2757, .T. ) ;
#2869 = DIRECTION ( 'NONE',  ( 0.006435969871417507315, 0.9999792889314328415, 0.000000000000000000 ) ) ;
#2870 = CARTESIAN_POINT ( 'NONE',  ( -99.80633690338999031, -5.559410159201000567, 39.86629521156000067 ) ) ;
#2871 = AXIS2_PLACEMENT_3D ( 'NONE', #8303, #6166, #1016 ) ;
#2872 = EDGE_LOOP ( 'NONE', ( #5233, #2905, #2123 ) ) ;
#2873 = CARTESIAN_POINT ( 'NONE',  ( -101.1891841795999909, 2.965375221443999898, 41.17001390000000072 ) ) ;
#2874 = CARTESIAN_POINT ( 'NONE',  ( -114.3499999999999943, -1.199999999999999956, 40.81815333883999841 ) ) ;
#2875 = AXIS2_PLACEMENT_3D ( 'NONE', #3941, #1832, #4624 ) ;
#2876 = CARTESIAN_POINT ( 'NONE',  ( -114.3499999999999943, -1.199999999999999956, 34.77002669999999540 ) ) ;
#2877 = DIRECTION ( 'NONE',  ( -1.000000000000000000, 0.000000000000000000, 0.000000000000000000 ) ) ;
#2878 = EDGE_LOOP ( 'NONE', ( #1346, #4628, #9006, #4206, #2651, #2695, #7829, #5004, #2009 ) ) ;
#2879 = CARTESIAN_POINT ( 'NONE',  ( -129.1999682999999948, 6.749982300000000102, 34.77002669999999540 ) ) ;
#2880 = CARTESIAN_POINT ( 'NONE',  ( -114.3499999999999943, -1.199999999999999956, 33.27002970000000204 ) ) ;
#2881 = CARTESIAN_POINT ( 'NONE',  ( -124.5807908808999827, -11.14819367051000043, 41.17001390000000072 ) ) ;
#2882 = VECTOR ( 'NONE', #1395, 1000.000000000000000 ) ;
#2883 = EDGE_LOOP ( 'NONE', ( #1351, #5751, #4406, #2393 ) ) ;
#2884 = ORIENTED_EDGE ( 'NONE', *, *, #7891, .T. ) ;
#2885 = EDGE_CURVE ( 'NONE', #291, #8017, #4505, .T. ) ;
#2886 = VECTOR ( 'NONE', #7549, 1000.000000000000000 ) ;
#2887 = ORIENTED_EDGE ( 'NONE', *, *, #2910, .F. ) ;
#2888 = DIRECTION ( 'NONE',  ( 0.000000000000000000, 0.4705289122395990287, -0.8823845775774979971 ) ) ;
#2889 = MECHANICAL_DESIGN_GEOMETRIC_PRESENTATION_REPRESENTATION (  '', ( #7212 ), #3938 ) ;
#2890 = AXIS2_PLACEMENT_3D ( 'NONE', #5429, #7412, #100 ) ;
#2891 = CARTESIAN_POINT ( 'NONE',  ( -123.2223223961000116, -7.499987700000000146, 40.32001560000000495 ) ) ;
#2892 = EDGE_CURVE ( 'NONE', #2718, #5693, #4717, .T. ) ;
#2893 = CARTESIAN_POINT ( 'NONE',  ( -102.9563426354000057, 6.532831684885999302, 42.27001269999999522 ) ) ;
#2894 = CARTESIAN_POINT ( 'NONE',  ( -129.5999683000000005, -11.18474613867000045, 35.17002670000000109 ) ) ;
#2895 = ORIENTED_EDGE ( 'NONE', *, *, #3635, .T. ) ;
#2896 = CIRCLE ( 'NONE', #6438, 13.84997230000000812 ) ;
#2897 = DIRECTION ( 'NONE',  ( 1.000000000000000000, 0.000000000000000000, 0.000000000000000000 ) ) ;
#2898 = DIRECTION ( 'NONE',  ( 0.000000000000000000, 0.000000000000000000, 1.000000000000000000 ) ) ;
#2899 = ORIENTED_EDGE ( 'NONE', *, *, #8936, .F. ) ;
#2900 = CARTESIAN_POINT ( 'NONE',  ( -110.8500070000000051, -15.06457041615000136, 38.27001969999999886 ) ) ;
#2901 = CARTESIAN_POINT ( 'NONE',  ( -120.5201983323999997, 6.612887951992000524, 43.82554487000999899 ) ) ;
#2902 = CARTESIAN_POINT ( 'NONE',  ( -105.5000177000000008, -16.04996829999999974, 34.77002669999999540 ) ) ;
#2903 = CARTESIAN_POINT ( 'NONE',  ( -114.3499999999999943, -1.199999999999999956, 35.77002470000000045 ) ) ;
#2904 = CIRCLE ( 'NONE', #761, 12.49997499999999917 ) ;
#2905 = ORIENTED_EDGE ( 'NONE', *, *, #1239, .F. ) ;
#2906 = AXIS2_PLACEMENT_3D ( 'NONE', #646, #768, #2869 ) ;
#2907 = ORIENTED_EDGE ( 'NONE', *, *, #6464, .T. ) ;
#2908 = EDGE_CURVE ( 'NONE', #7727, #4974, #7644, .T. ) ;
#2909 = EDGE_CURVE ( 'NONE', #3335, #8891, #2308, .T. ) ;
#2910 = EDGE_CURVE ( 'NONE', #8267, #4729, #7852, .T. ) ;
#2911 = CARTESIAN_POINT ( 'NONE',  ( -119.4776496039000051, -13.49997570000000024, 41.57001309999999705 ) ) ;
#2912 = CONICAL_SURFACE ( 'NONE', #1915, 9.966119262395000789, 0.4898900946788904420 ) ;
#2913 = CARTESIAN_POINT ( 'NONE',  ( 0.000000000000000000, 0.000000000000000000, 0.000000000000000000 ) ) ;
#2914 = VERTEX_POINT ( 'NONE', #2561 ) ;
#2915 = ORIENTED_EDGE ( 'NONE', *, *, #2162, .T. ) ;
#2916 = DIRECTION ( 'NONE',  ( 1.000000000000000000, 0.000000000000000000, 0.000000000000000000 ) ) ;
#2917 = FACE_OUTER_BOUND ( 'NONE', #7347, .T. ) ;
#2918 = VERTEX_POINT ( 'NONE', #6078 ) ;
#2919 = DIRECTION ( 'NONE',  ( 0.000000000000000000, 0.000000000000000000, -1.000000000000000000 ) ) ;
#2920 = EDGE_CURVE ( 'NONE', #2744, #772, #1640, .T. ) ;
#2921 = CARTESIAN_POINT ( 'NONE',  ( -102.0043599191999988, -1.000430763966000169, 41.47001329999999797 ) ) ;
#2922 = CARTESIAN_POINT ( 'NONE',  ( -126.5601148860999956, -3.053371084956000292, 42.57001110000000210 ) ) ;
#2923 = CARTESIAN_POINT ( 'NONE',  ( -125.9634704079999921, 4.415758421010999690, 43.77001270000000233 ) ) ;
#2924 = EDGE_CURVE ( 'NONE', #169, #452, #4776, .T. ) ;
#2925 = ORIENTED_EDGE ( 'NONE', *, *, #4498, .F. ) ;
#2926 = CIRCLE ( 'NONE', #1101, 13.94997209999999654 ) ;
#2927 = ORIENTED_EDGE ( 'NONE', *, *, #1941, .T. ) ;
#2928 = ORIENTED_EDGE ( 'NONE', *, *, #7709, .T. ) ;
#2929 = PLANE ( 'NONE',  #2582 ) ;
#2930 = CARTESIAN_POINT ( 'NONE',  ( -127.0807170629000069, -9.473841506398999357, 34.77002669999999540 ) ) ;
#2931 = PLANE ( 'NONE',  #5992 ) ;
#2932 = LINE ( 'NONE', #6747, #9225 ) ;
#2933 = ORIENTED_EDGE ( 'NONE', *, *, #8809, .F. ) ;
#2934 = CARTESIAN_POINT ( 'NONE',  ( -123.1999823000000021, 14.04996829999999974, 36.27002670000000251 ) ) ;
#2935 = AXIS2_PLACEMENT_3D ( 'NONE', #6181, #6920, #1258 ) ;
#2936 = ORIENTED_EDGE ( 'NONE', *, *, #6128, .T. ) ;
#2937 = EDGE_CURVE ( 'NONE', #8114, #8203, #1476, .T. ) ;
#2938 = CARTESIAN_POINT ( 'NONE',  ( -103.9575849468999991, 3.671365648012999916, 42.27001269999999522 ) ) ;
#2939 = CARTESIAN_POINT ( 'NONE',  ( -127.9431283001999873, 5.563834431564999683, 39.86629397768000160 ) ) ;
#2940 = ORIENTED_EDGE ( 'NONE', *, *, #7116, .T. ) ;
#2941 = CARTESIAN_POINT ( 'NONE',  ( -110.8500070000000051, -14.92330464742999929, 34.77002669999999540 ) ) ;
#2942 = FACE_OUTER_BOUND ( 'NONE', #5799, .T. ) ;
#2943 = CARTESIAN_POINT ( 'NONE',  ( -119.4776496039000051, -12.36664405319999993, 41.57001309999999705 ) ) ;
#2944 = CARTESIAN_POINT ( 'NONE',  ( -114.3499999999999943, 7.899981800000000831, 46.92000240000000133 ) ) ;
#2945 = PRODUCT_DEFINITION_FORMATION_WITH_SPECIFIED_SOURCE ( 'ANY', '', #7501, .NOT_KNOWN. ) ;
#2946 = ORIENTED_EDGE ( 'NONE', *, *, #5430, .T. ) ;
#2947 = EDGE_CURVE ( 'NONE', #6641, #4379, #7914, .T. ) ;
#2948 = LINE ( 'NONE', #5927, #5880 ) ;
#2949 = VECTOR ( 'NONE', #8385, 1000.000000000000000 ) ;
#2950 = CARTESIAN_POINT ( 'NONE',  ( -121.2562039745999982, 7.232904091838999960, 41.77001269999999522 ) ) ;
#2951 = ORIENTED_EDGE ( 'NONE', *, *, #2047, .T. ) ;
#2952 = VERTEX_POINT ( 'NONE', #9083 ) ;
#2953 = CARTESIAN_POINT ( 'NONE',  ( -109.4691785740999990, 8.546132923806000647, 41.17001390000000072 ) ) ;
#2954 = DIRECTION ( 'NONE',  ( 0.000000000000000000, 0.000000000000000000, -1.000000000000000000 ) ) ;
#2955 = DIRECTION ( 'NONE',  ( 0.000000000000000000, 0.000000000000000000, 1.000000000000000000 ) ) ;
#2956 = ADVANCED_FACE ( 'NONE', ( #4476 ), #5472, .T. ) ;
#2957 = ORIENTED_EDGE ( 'NONE', *, *, #326, .T. ) ;
#2958 = CYLINDRICAL_SURFACE ( 'NONE', #907, 0.5000000000000004441 ) ;
#2959 = DIRECTION ( 'NONE',  ( 0.000000000000000000, -1.000000000000000000, 0.000000000000000000 ) ) ;
#2960 = CYLINDRICAL_SURFACE ( 'NONE', #7646, 0.5499988999999992911 ) ;
#2961 = CARTESIAN_POINT ( 'NONE',  ( -104.2611934334072146, 7.733501454578059153, 42.24493612229702677 ) ) ;
#2962 = CARTESIAN_POINT ( 'NONE',  ( -114.3499999999999943, -1.199999999999999956, 41.17001390000000072 ) ) ;
#2963 = ORIENTED_EDGE ( 'NONE', *, *, #5583, .T. ) ;
#2964 = EDGE_LOOP ( 'NONE', ( #2730, #32, #5670, #819, #8221, #5939, #6591, #2331 ) ) ;
#2965 = CARTESIAN_POINT ( 'NONE',  ( -102.2494306163000033, 6.363617260219000649, 41.77001269999999522 ) ) ;
#2966 = DIRECTION ( 'NONE',  ( 0.000000000000000000, -1.000000000000000000, 0.000000000000000000 ) ) ;
#2967 = VECTOR ( 'NONE', #6685, 1000.000000000000000 ) ;
#2968 = PLANE ( 'NONE',  #8000 ) ;
#2969 = VECTOR ( 'NONE', #3530, 1000.000000000000000 ) ;
#2970 = PRODUCT_DEFINITION_SHAPE ( 'NONE', 'NONE',  #9349 ) ;
#2971 = ORIENTED_EDGE ( 'NONE', *, *, #1367, .F. ) ;
#2972 = EDGE_CURVE ( 'NONE', #4163, #4039, #7826, .T. ) ;
#2973 = ORIENTED_EDGE ( 'NONE', *, *, #314, .F. ) ;
#2974 = AXIS2_PLACEMENT_3D ( 'NONE', #7375, #4552, #3813 ) ;
#2975 = B_SPLINE_CURVE_WITH_KNOTS ( 'NONE', 3,
 ( #1595, #3083, #8773, #3828, #4512, #5258 ),
 .UNSPECIFIED., .F., .F.,
 ( 4, 1, 1, 4 ),
 ( 0.000000000000000000, 0.3333333333333000081, 0.6666666666667000474, 1.000000000000000000 ),
 .UNSPECIFIED. ) ;
#2976 = ORIENTED_EDGE ( 'NONE', *, *, #7116, .F. ) ;
#2977 = CARTESIAN_POINT ( 'NONE',  ( -122.5414727750999901, -6.833322346797999103, 40.32001560000000495 ) ) ;
#2978 = LINE ( 'NONE', #7217, #3073 ) ;
#2979 =( LENGTH_UNIT ( ) NAMED_UNIT ( * ) SI_UNIT ( .MILLI., .METRE. ) );
#2980 = EDGE_CURVE ( 'NONE', #4712, #6693, #7749, .T. ) ;
#2981 = CLOSED_SHELL ( 'NONE', ( #9172, #1285, #7612, #9210, #7468, #5380, #1653, #7562, #1646, #5970, #1017, #4042, #8831, #2238, #8484, #5133, #2320, #3348, #6384, #4319, #431, #6929, #3205, #3127, #8798, #1884, #4495, #464, #6799, #4122, #3212, #8127, #5307, #1808, #1152 ) ) ;
#2982 = PLANE ( 'NONE',  #4124 ) ;
#2983 = LINE ( 'NONE', #1647, #3016 ) ;
#2984 = ORIENTED_EDGE ( 'NONE', *, *, #8305, .T. ) ;
#2985 = DIRECTION ( 'NONE',  ( 0.000000000000000000, 0.000000000000000000, 1.000000000000000000 ) ) ;
#2986 = DIRECTION ( 'NONE',  ( -1.000000000000000000, 0.000000000000000000, 0.000000000000000000 ) ) ;
#2987 = ORIENTED_EDGE ( 'NONE', *, *, #2588, .F. ) ;
#2988 = CARTESIAN_POINT ( 'NONE',  ( -126.3971756688999903, 4.667279962984000719, 44.27001270000000233 ) ) ;
#2989 = DIRECTION ( 'NONE',  ( -1.000000000000000000, 0.000000000000000000, 0.000000000000000000 ) ) ;
#2990 = VERTEX_POINT ( 'NONE', #1489 ) ;
#2991 = AXIS2_PLACEMENT_3D ( 'NONE', #5692, #7094, #6294 ) ;
#2992 = VECTOR ( 'NONE', #8198, 1000.000000000000000 ) ;
#2993 = AXIS2_PLACEMENT_3D ( 'NONE', #8844, #3839, #7338 ) ;
#2994 = EDGE_LOOP ( 'NONE', ( #7422, #5846, #4153, #2670, #5712 ) ) ;
#2995 = FACE_OUTER_BOUND ( 'NONE', #6493, .T. ) ;
#2996 = DIRECTION ( 'NONE',  ( 1.000000000000000000, 0.000000000000000000, 0.000000000000000000 ) ) ;
#2997 = CARTESIAN_POINT ( 'NONE',  ( -105.0470680029999926, 4.878698104844000127, 42.08803279506000194 ) ) ;
#2998 = DIRECTION ( 'NONE',  ( 0.000000000000000000, 0.000000000000000000, -1.000000000000000000 ) ) ;
#2999 = B_SPLINE_CURVE_WITH_KNOTS ( 'NONE', 3,
 ( #123, #250, #4500, #1530, #318, #5244 ),
 .UNSPECIFIED., .F., .F.,
 ( 4, 1, 1, 4 ),
 ( 0.000000000000000000, 0.3333333333333000081, 0.6666666666667000474, 1.000000000000000000 ),
 .UNSPECIFIED. ) ;
#3000 = FACE_OUTER_BOUND ( 'NONE', #4889, .T. ) ;
#3001 = ORIENTED_EDGE ( 'NONE', *, *, #684, .F. ) ;
#3002 = CARTESIAN_POINT ( 'NONE',  ( -122.4499823000000021, -16.29996829999999974, 37.77002069999999634 ) ) ;
#3003 = VERTEX_POINT ( 'NONE', #3165 ) ;
#3004 = CARTESIAN_POINT ( 'NONE',  ( -123.2223223961000116, -7.499987700000000146, 40.12001599999999968 ) ) ;
#3005 = ADVANCED_FACE ( 'NONE', ( #1557 ), #7793, .T. ) ;
#3006 = EDGE_CURVE ( 'NONE', #8267, #3993, #7599, .T. ) ;
#3007 = CARTESIAN_POINT ( 'NONE',  ( -108.8275616234999887, 8.313263918261000640, 41.17001390000000072 ) ) ;
#3008 = ORIENTED_EDGE ( 'NONE', *, *, #6219, .F. ) ;
#3009 = DIRECTION ( 'NONE',  ( 0.000000000000000000, 0.000000000000000000, -1.000000000000000000 ) ) ;
#3010 = CARTESIAN_POINT ( 'NONE',  ( -104.2961567981000002, 7.522402848498000338, 42.27001269999999522 ) ) ;
#3011 = CARTESIAN_POINT ( 'NONE',  ( -119.8499870245050829, 10.63144428900929661, 44.12486588017073075 ) ) ;
#3012 = AXIS2_PLACEMENT_3D ( 'NONE', #2659, #7166, #9185 ) ;
#3013 = DIRECTION ( 'NONE',  ( 0.000000000000000000, 0.000000000000000000, 1.000000000000000000 ) ) ;
#3014 = ORIENTED_EDGE ( 'NONE', *, *, #1259, .T. ) ;
#3015 = TOROIDAL_SURFACE ( 'NONE', #1838, 13.39997820000000139, 0.5000000000000000000 ) ;
#3016 = VECTOR ( 'NONE', #8185, 1000.000000000000000 ) ;
#3017 = CARTESIAN_POINT ( 'NONE',  ( -107.5000177000000008, 14.04996829999999974, 34.77002669999999540 ) ) ;
#3018 = ORIENTED_EDGE ( 'NONE', *, *, #9181, .T. ) ;
#3019 = EDGE_CURVE ( 'NONE', #8302, #9343, #4547, .T. ) ;
#3020 = CARTESIAN_POINT ( 'NONE',  ( -114.3499999999999943, -1.199999999999999956, 39.86629397768000160 ) ) ;
#3021 = VERTEX_POINT ( 'NONE', #1861 ) ;
#3022 = CARTESIAN_POINT ( 'NONE',  ( -129.5999683000000005, 5.649982300000000457, 36.27002670000000251 ) ) ;
#3023 = DIRECTION ( 'NONE',  ( 0.000000000000000000, -1.000000000000000000, 0.000000000000000000 ) ) ;
#3024 = ORIENTED_EDGE ( 'NONE', *, *, #9021, .F. ) ;
#3025 = EDGE_CURVE ( 'NONE', #6555, #56, #7690, .T. ) ;
#3026 = CARTESIAN_POINT ( 'NONE',  ( -103.3013457995281783, 1.204684039939627249, 42.23133739205877646 ) ) ;
#3027 = EDGE_CURVE ( 'NONE', #1688, #4783, #7867, .T. ) ;
#3028 = DIRECTION ( 'NONE',  ( -4.973809097939000010E-13, 2.768161611054999897E-13, 1.000000000000000000 ) ) ;
#3029 = VERTEX_POINT ( 'NONE', #4525 ) ;
#3030 = DIRECTION ( 'NONE',  ( 1.000000000000000000, 0.000000000000000000, 0.000000000000000000 ) ) ;
#3031 = DIRECTION ( 'NONE',  ( -0.8660254037955861239, -0.4999999999806920004, 1.352232306822978216E-14 ) ) ;
#3032 = CIRCLE ( 'NONE', #7414, 9.099981800000000121 ) ;
#3033 = DIRECTION ( 'NONE',  ( -0.5000000000028097524, 0.8660254037828164497, 0.000000000000000000 ) ) ;
#3034 = TOROIDAL_SURFACE ( 'NONE', #4669, 13.76997146000000072, 0.5000000000000000000 ) ;
#3035 = ORIENTED_EDGE ( 'NONE', *, *, #6570, .F. ) ;
#3036 = EDGE_CURVE ( 'NONE', #3611, #8012, #1524, .T. ) ;
#3037 = EDGE_CURVE ( 'NONE', #3640, #5572, #4728, .T. ) ;
#3038 = ORIENTED_EDGE ( 'NONE', *, *, #5385, .F. ) ;
#3039 = ORIENTED_EDGE ( 'NONE', *, *, #3366, .F. ) ;
#3040 = AXIS2_PLACEMENT_3D ( 'NONE', #6498, #1417, #4230 ) ;
#3041 = EDGE_CURVE ( 'NONE', #6019, #7751, #4564, .T. ) ;
#3042 = CARTESIAN_POINT ( 'NONE',  ( -126.5601148860999956, -3.053371084956000292, 42.57001110000000210 ) ) ;
#3043 = CARTESIAN_POINT ( 'NONE',  ( -126.5601148860999956, -3.053371084956000292, 41.11078210476999573 ) ) ;
#3044 = VECTOR ( 'NONE', #5260, 1000.000000000000000 ) ;
#3045 = DIRECTION ( 'NONE',  ( 0.000000000000000000, 0.000000000000000000, 1.000000000000000000 ) ) ;
#3046 = EDGE_LOOP ( 'NONE', ( #6246, #4790, #8058, #3262, #9212, #8426 ) ) ;
#3047 = EDGE_CURVE ( 'NONE', #3865, #201, #4597, .T. ) ;
#3048 = DIRECTION ( 'NONE',  ( 0.4999999999997095101, -0.8660254037846063513, 0.000000000000000000 ) ) ;
#3049 = FACE_OUTER_BOUND ( 'NONE', #722, .T. ) ;
#3050 = VECTOR ( 'NONE', #8710, 1000.000000000000000 ) ;
#3051 = ORIENTED_EDGE ( 'NONE', *, *, #406, .F. ) ;
#3052 = CARTESIAN_POINT ( 'NONE',  ( -104.8554221199833592, 8.533263834654675861, 42.18045953266411630 ) ) ;
#3053 = ORIENTED_EDGE ( 'NONE', *, *, #1421, .T. ) ;
#3054 = EDGE_CURVE ( 'NONE', #5211, #4034, #1386, .T. ) ;
#3055 = DIRECTION ( 'NONE',  ( 5.938876534851999883E-14, -6.469133368320999464E-14, 1.000000000000000000 ) ) ;
#3056 = ORIENTED_EDGE ( 'NONE', *, *, #237, .F. ) ;
#3057 = AXIS2_PLACEMENT_3D ( 'NONE', #8959, #6001, #3639 ) ;
#3058 = ORIENTED_EDGE ( 'NONE', *, *, #8789, .T. ) ;
#3059 = LINE ( 'NONE', #3490, #3125 ) ;
#3060 = CARTESIAN_POINT ( 'NONE',  ( -123.5425348013000075, -6.833322346797999103, 40.12001599999999968 ) ) ;
#3061 = FACE_OUTER_BOUND ( 'NONE', #6585, .T. ) ;
#3062 = ORIENTED_EDGE ( 'NONE', *, *, #6524, .F. ) ;
#3063 = UNCERTAINTY_MEASURE_WITH_UNIT (LENGTH_MEASURE( 1.000000000000000082E-05 ), #6190, 'distance_accuracy_value', 'NONE');
#3064 = ORIENTED_EDGE ( 'NONE', *, *, #8858, .F. ) ;
#3065 = DIRECTION ( 'NONE',  ( 0.000000000000000000, -1.000000000000000000, 0.000000000000000000 ) ) ;
#3066 = DIRECTION ( 'NONE',  ( 0.000000000000000000, -1.000000000000000000, 0.000000000000000000 ) ) ;
#3067 = EDGE_CURVE ( 'NONE', #6788, #2250, #1362, .T. ) ;
#3068 = ORIENTED_EDGE ( 'NONE', *, *, #3025, .T. ) ;
#3069 = DIRECTION ( 'NONE',  ( 0.000000000000000000, 1.000000000000000000, 0.000000000000000000 ) ) ;
#3070 = LINE ( 'NONE', #2712, #6234 ) ;
#3071 = CARTESIAN_POINT ( 'NONE',  ( -101.8999658962828931, 6.295950068950991962, 40.80924727279266762 ) ) ;
#3072 = DIRECTION ( 'NONE',  ( -1.655599049674209928E-14, 1.000000000000000000, 0.000000000000000000 ) ) ;
#3073 = VECTOR ( 'NONE', #7043, 1000.000000000000000 ) ;
#3074 = CARTESIAN_POINT ( 'NONE',  ( -100.8192845371000033, 5.688203631610000421, 34.77002669999999540 ) ) ;
#3075 = ORIENTED_EDGE ( 'NONE', *, *, #8236, .T. ) ;
#3076 = LINE ( 'NONE', #5538, #6223 ) ;
#3077 = LINE ( 'NONE', #7664, #9284 ) ;
#3078 = ORIENTED_EDGE ( 'NONE', *, *, #6326, .F. ) ;
#3079 = DIRECTION ( 'NONE',  ( 1.000000000000000000, 0.000000000000000000, 0.000000000000000000 ) ) ;
#3080 = ORIENTED_EDGE ( 'NONE', *, *, #5681, .F. ) ;
#3081 = ADVANCED_FACE ( 'NONE', ( #7717 ), #2803, .T. ) ;
#3082 = AXIS2_PLACEMENT_3D ( 'NONE', #6122, #3951, #7442 ) ;
#3083 = CARTESIAN_POINT ( 'NONE',  ( -117.8499929999999978, -14.72817591515000046, 38.01443160568999957 ) ) ;
#3084 = SURFACE_SIDE_STYLE ('',( #1526 ) ) ;
#3085 = CARTESIAN_POINT ( 'NONE',  ( -125.2499782000000010, -1.199999999999999956, 41.77001269999999522 ) ) ;
#3086 = DIRECTION ( 'NONE',  ( 0.000000000000000000, -1.000000000000000000, 0.000000000000000000 ) ) ;
#3087 = ORIENTED_EDGE ( 'NONE', *, *, #7475, .F. ) ;
#3088 = PLANE ( 'NONE',  #6381 ) ;
#3089 = CARTESIAN_POINT ( 'NONE',  ( -98.50003170000000807, 7.649982299997000190, 34.77002669999999540 ) ) ;
#3090 = CARTESIAN_POINT ( 'NONE',  ( -100.7764953215000077, 3.203641244765000007, 41.77001269999999522 ) ) ;
#3091 = ORIENTED_EDGE ( 'NONE', *, *, #8297, .T. ) ;
#3092 = DIRECTION ( 'NONE',  ( 0.000000000000000000, 1.000000000000000000, 0.000000000000000000 ) ) ;
#3093 = DIRECTION ( 'NONE',  ( 0.000000000000000000, -1.000000000000000000, 0.000000000000000000 ) ) ;
#3094 = LINE ( 'NONE', #926, #2 ) ;
#3095 = CARTESIAN_POINT ( 'NONE',  ( -100.9948823768000068, 2.469136953338999962, 38.42001940000000104 ) ) ;
#3096 = AXIS2_PLACEMENT_3D ( 'NONE', #5860, #2364, #5882 ) ;
#3097 = FACE_OUTER_BOUND ( 'NONE', #5520, .T. ) ;
#3098 = EDGE_LOOP ( 'NONE', ( #7441, #1085 ) ) ;
#3099 = CARTESIAN_POINT ( 'NONE',  ( -108.8499593067413969, 10.60488830439652119, 44.09889946530646654 ) ) ;
#3100 = ORIENTED_EDGE ( 'NONE', *, *, #2107, .T. ) ;
#3101 = CARTESIAN_POINT ( 'NONE',  ( -119.0074371987000035, -12.51664405319999851, 41.77001269999999522 ) ) ;
#3102 = ORIENTED_EDGE ( 'NONE', *, *, #3258, .F. ) ;
#3103 = CARTESIAN_POINT ( 'NONE',  ( -103.8340387988847624, 8.096045982293016863, 42.19411112596530700 ) ) ;
#3104 = CARTESIAN_POINT ( 'NONE',  ( -114.3506579201000051, -1.183702654446000091, 42.27001269999999522 ) ) ;
#3105 = CIRCLE ( 'NONE', #1854, 15.18297049999999970 ) ;
#3106 = APPLICATION_PROTOCOL_DEFINITION ( 'draft international standard', 'automotive_design', 1998, #2388 ) ;
#3107 = ORIENTED_EDGE ( 'NONE', *, *, #3855, .T. ) ;
#3108 = ORIENTED_EDGE ( 'NONE', *, *, #4959, .F. ) ;
#3109 = CARTESIAN_POINT ( 'NONE',  ( -114.3499999999999943, -1.199999999999999956, 34.77002669999999540 ) ) ;
#3110 = VECTOR ( 'NONE', #2323, 1000.000000000000000 ) ;
#3111 = VERTEX_POINT ( 'NONE', #3556 ) ;
#3112 = AXIS2_PLACEMENT_3D ( 'NONE', #580, #9145, #697 ) ;
#3113 = DIRECTION ( 'NONE',  ( 1.000000000000000000, 0.000000000000000000, 0.000000000000000000 ) ) ;
#3114 = ORIENTED_EDGE ( 'NONE', *, *, #4806, .T. ) ;
#3115 = DIRECTION ( 'NONE',  ( -0.4999999999681241092, 0.8660254038028422086, 0.000000000000000000 ) ) ;
#3116 = AXIS2_PLACEMENT_3D ( 'NONE', #7642, #1293, #2002 ) ;
#3117 = DIRECTION ( 'NONE',  ( 0.8959318770270392474, 0.4441914809255196328, 0.000000000000000000 ) ) ;
#3118 = ADVANCED_FACE ( 'NONE', ( #1570 ), #8609, .F. ) ;
#3119 = ORIENTED_EDGE ( 'NONE', *, *, #2389, .F. ) ;
#3120 = FACE_OUTER_BOUND ( 'NONE', #1391, .T. ) ;
#3121 = EDGE_LOOP ( 'NONE', ( #8125, #8031, #3152, #8535, #9066, #2360, #1112, #1800, #8078, #8948, #8096, #1784, #1430, #1584, #1643, #4411, #2726, #4503, #4749, #7906, #5871, #4545, #3516, #3773, #5506, #8472, #668 ) ) ;
#3122 = ORIENTED_EDGE ( 'NONE', *, *, #6295, .T. ) ;
#3123 = ORIENTED_EDGE ( 'NONE', *, *, #7012, .F. ) ;
#3124 = ORIENTED_EDGE ( 'NONE', *, *, #823, .T. ) ;
#3125 = VECTOR ( 'NONE', #1336, 1000.000000000000000 ) ;
#3126 = DIRECTION ( 'NONE',  ( -4.097471304493000176E-12, -2.469066930031999878E-11, -1.000000000000000000 ) ) ;
#3127 = ADVANCED_FACE ( 'NONE', ( #4519 ), #7838, .T. ) ;
#3128 = CIRCLE ( 'NONE', #8755, 14.26997145999999184 ) ;
#3129 = ORIENTED_EDGE ( 'NONE', *, *, #7260, .F. ) ;
#3130 = EDGE_CURVE ( 'NONE', #5693, #6019, #1433, .T. ) ;
#3131 = ORIENTED_EDGE ( 'NONE', *, *, #8683, .T. ) ;
#3132 = CARTESIAN_POINT ( 'NONE',  ( -129.5999683000000005, -10.08474613867000080, 36.27002670000000251 ) ) ;
#3133 = AXIS2_PLACEMENT_3D ( 'NONE', #170, #2332, #6852 ) ;
#3134 = CARTESIAN_POINT ( 'NONE',  ( -123.2223223961000116, -5.699990699999999855, 40.32001560000000495 ) ) ;
#3135 = DIRECTION ( 'NONE',  ( 0.000000000000000000, -1.000000000000000000, 0.000000000000000000 ) ) ;
#3136 = ORIENTED_EDGE ( 'NONE', *, *, #7318, .T. ) ;
#3137 = CARTESIAN_POINT ( 'NONE',  ( -119.4776496039000051, -13.49997570000000024, 41.57001309999999705 ) ) ;
#3138 = CARTESIAN_POINT ( 'NONE',  ( -106.5395172400000092, 10.23757368354000086, 41.77001269999999522 ) ) ;
#3139 = EDGE_CURVE ( 'NONE', #3142, #2175, #1496, .T. ) ;
#3140 = DIRECTION ( 'NONE',  ( 1.000000000000000000, 0.000000000000000000, 0.000000000000000000 ) ) ;
#3141 = VECTOR ( 'NONE', #8022, 1000.000000000000000 ) ;
#3142 = VERTEX_POINT ( 'NONE', #4140 ) ;
#3143 = ORIENTED_EDGE ( 'NONE', *, *, #6942, .T. ) ;
#3144 = ORIENTED_EDGE ( 'NONE', *, *, #7632, .F. ) ;
#3145 = LINE ( 'NONE', #7303, #6368 ) ;
#3146 = TOROIDAL_SURFACE ( 'NONE', #7939, 11.49997799999999870, 0.5000000000000000000 ) ;
#3147 = EDGE_LOOP ( 'NONE', ( #5367, #309 ) ) ;
#3148 = EDGE_CURVE ( 'NONE', #6518, #6093, #7884, .T. ) ;
#3149 = ORIENTED_EDGE ( 'NONE', *, *, #918, .T. ) ;
#3150 = PLANE ( 'NONE',  #9292 ) ;
#3151 = DIRECTION ( 'NONE',  ( 0.000000000000000000, 0.000000000000000000, -1.000000000000000000 ) ) ;
#3152 = ORIENTED_EDGE ( 'NONE', *, *, #208, .F. ) ;
#3153 = DIRECTION ( 'NONE',  ( -1.000000000000000000, 0.000000000000000000, 0.000000000000000000 ) ) ;
#3154 = FACE_OUTER_BOUND ( 'NONE', #5131, .T. ) ;
#3155 = ORIENTED_EDGE ( 'NONE', *, *, #6317, .F. ) ;
#3156 = EDGE_CURVE ( 'NONE', #6582, #1924, #8551, .T. ) ;
#3157 = EDGE_CURVE ( 'NONE', #381, #631, #4759, .T. ) ;
#3158 = VERTEX_POINT ( 'NONE', #7806 ) ;
#3159 = ORIENTED_EDGE ( 'NONE', *, *, #4258, .F. ) ;
#3160 = CARTESIAN_POINT ( 'NONE',  ( -121.6449104071903378, 7.560353024367340247, 43.89507069063951405 ) ) ;
#3161 = CARTESIAN_POINT ( 'NONE',  ( -114.3499999999999943, -1.199999999999999956, 44.27001270000000233 ) ) ;
#3162 = DIRECTION ( 'NONE',  ( 0.000000000000000000, -1.000000000000000000, 0.000000000000000000 ) ) ;
#3163 = VECTOR ( 'NONE', #7282, 1000.000000000000000 ) ;
#3164 = ORIENTED_EDGE ( 'NONE', *, *, #6268, .F. ) ;
#3165 = CARTESIAN_POINT ( 'NONE',  ( -127.3333663703999861, -7.772191485752999895, 35.77002470000000045 ) ) ;
#3166 = AXIS2_PLACEMENT_3D ( 'NONE', #1814, #1937, #2699 ) ;
#3167 = ORIENTED_EDGE ( 'NONE', *, *, #6325, .T. ) ;
#3168 = ADVANCED_FACE ( 'NONE', ( #7701 ), #7187, .F. ) ;
#3169 = EDGE_CURVE ( 'NONE', #4524, #7708, #4489, .T. ) ;
#3170 = DIRECTION ( 'NONE',  ( 0.9723877726128151711, 0.2333709914987035783, 0.000000000000000000 ) ) ;
#3171 = EDGE_LOOP ( 'NONE', ( #3395, #7742, #6501, #6130, #8861 ) ) ;
#3172 = CARTESIAN_POINT ( 'NONE',  ( -110.8500180074561570, 11.49633629909137866, 44.21546400603397586 ) ) ;
#3173 = CARTESIAN_POINT ( 'NONE',  ( -114.3499999999999943, -1.199999999999999956, 43.77001270000000233 ) ) ;
#3174 = FACE_OUTER_BOUND ( 'NONE', #1888, .T. ) ;
#3175 = APPLICATION_PROTOCOL_DEFINITION ( 'draft international standard', 'automotive_design', 1998, #8166 ) ;
#3176 = VERTEX_POINT ( 'NONE', #5785 ) ;
#3177 = VERTEX_POINT ( 'NONE', #6533 ) ;
#3178 = EDGE_CURVE ( 'NONE', #8111, #7514, #4613, .T. ) ;
#3179 = LINE ( 'NONE', #6531, #73 ) ;
#3180 = CARTESIAN_POINT ( 'NONE',  ( -100.9317334959017529, 2.036810587192429800, 41.82911733382079689 ) ) ;
#3181 = VECTOR ( 'NONE', #5950, 1000.000000000000000 ) ;
#3182 = ORIENTED_EDGE ( 'NONE', *, *, #4733, .F. ) ;
#3183 = DIRECTION ( 'NONE',  ( 0.000000000000000000, 0.000000000000000000, -1.000000000000000000 ) ) ;
#3184 = ORIENTED_EDGE ( 'NONE', *, *, #5859, .T. ) ;
#3185 = AXIS2_PLACEMENT_3D ( 'NONE', #2741, #7927, #2862 ) ;
#3186 = PLANE ( 'NONE',  #6473 ) ;
#3187 = CARTESIAN_POINT ( 'NONE',  ( -107.2473192923030609, 7.199490625349572070, 41.88452900636261944 ) ) ;
#3188 = ORIENTED_EDGE ( 'NONE', *, *, #2150, .F. ) ;
#3189 = EDGE_CURVE ( 'NONE', #4039, #8234, #1460, .T. ) ;
#3190 = AXIS2_PLACEMENT_3D ( 'NONE', #2549, #5388, #1721 ) ;
#3191 = VECTOR ( 'NONE', #4337, 1000.000000000000227 ) ;
#3192 = VERTEX_POINT ( 'NONE', #9148 ) ;
#3193 = LINE ( 'NONE', #40, #6338 ) ;
#3194 = DIRECTION ( 'NONE',  ( 0.5682953041616888301, 0.8228246758986835774, 0.000000000000000000 ) ) ;
#3195 = FACE_OUTER_BOUND ( 'NONE', #6077, .T. ) ;
#3196 = ORIENTED_EDGE ( 'NONE', *, *, #8080, .T. ) ;
#3197 = EDGE_CURVE ( 'NONE', #7447, #7125, #4630, .T. ) ;
#3198 = CARTESIAN_POINT ( 'NONE',  ( -102.6084417554999959, 0.8278808955062999519, 41.17001390000000072 ) ) ;
#3200 = ORIENTED_EDGE ( 'NONE', *, *, #1004, .T. ) ;
#3199 = DIRECTION ( 'NONE',  ( 0.000000000000000000, 0.000000000000000000, 1.000000000000000000 ) ) ;
#3201 = CARTESIAN_POINT ( 'NONE',  ( -125.1999782999999837, -17.04996829999999974, 34.77002669999999540 ) ) ;
#3202 = AXIS2_PLACEMENT_3D ( 'NONE', #5391, #4751, #3952 ) ;
#3203 = CARTESIAN_POINT ( 'NONE',  ( -100.2204317916115599, -5.319261545446946293, 40.53125584824221050 ) ) ;
#3204 = CARTESIAN_POINT ( 'NONE',  ( -105.5000177000000008, -16.44996829999999832, 36.27002670000000251 ) ) ;
#3205 = ADVANCED_FACE ( 'NONE', ( #7764 ), #6790, .T. ) ;
#3206 = VERTEX_POINT ( 'NONE', #8867 ) ;
#3207 = CARTESIAN_POINT ( 'NONE',  ( -114.3499999999999943, -1.199999999999999956, 41.17001390000000072 ) ) ;
#3208 = CARTESIAN_POINT ( 'NONE',  ( -108.8500070000000051, 12.48618671327999863, 44.27001270000000233 ) ) ;
#3209 = B_SPLINE_CURVE_WITH_KNOTS ( 'NONE', 3,
 ( #140, #6707, #3284, #4707 ),
 .UNSPECIFIED., .F., .F.,
 ( 4, 4 ),
 ( 0.000000000000000000, 1.000000000000000000 ),
 .UNSPECIFIED. ) ;
#3210 = ORIENTED_EDGE ( 'NONE', *, *, #3509, .T. ) ;
#3211 = CIRCLE ( 'NONE', #6534, 13.84997229999999568 ) ;
#3212 = ADVANCED_FACE ( 'NONE', ( #1508 ), #4823, .T. ) ;
#3213 = FACE_OUTER_BOUND ( 'NONE', #5122, .T. ) ;
#3214 = CARTESIAN_POINT ( 'NONE',  ( -119.4776496039000051, -11.69997870000000084, 41.57001309999999705 ) ) ;
#3215 = ORIENTED_EDGE ( 'NONE', *, *, #8565, .T. ) ;
#3216 = VERTEX_POINT ( 'NONE', #3803 ) ;
#3217 = AXIS2_PLACEMENT_3D ( 'NONE', #8492, #594, #1992 ) ;
#3218 = FACE_OUTER_BOUND ( 'NONE', #7190, .T. ) ;
#3219 = CARTESIAN_POINT ( 'NONE',  ( -119.4776496039000051, -12.83331034679999938, 41.57001309999999705 ) ) ;
#3220 = AXIS2_PLACEMENT_3D ( 'NONE', #1081, #4802, #1774 ) ;
#3221 =( NAMED_UNIT ( * ) SI_UNIT ( $, .STERADIAN. ) SOLID_ANGLE_UNIT ( ) );
#3222 = ORIENTED_EDGE ( 'NONE', *, *, #3730, .T. ) ;
#3223 = CARTESIAN_POINT ( 'NONE',  ( -128.1604707477000034, -2.245289643232999843, 41.17001390000000072 ) ) ;
#3224 = CARTESIAN_POINT ( 'NONE',  ( -101.7929141081000068, 5.347075596332000025, 42.08277040795000090 ) ) ;
#3225 = VECTOR ( 'NONE', #6605, 1000.000000000000000 ) ;
#3226 = CARTESIAN_POINT ( 'NONE',  ( -114.3499999999999943, -1.199999999999999956, 38.35301953399999775 ) ) ;
#3227 = LINE ( 'NONE', #2677, #6369 ) ;
#3228 = CARTESIAN_POINT ( 'NONE',  ( -108.8500184706503120, 10.66365497909533389, 44.15269648723808871 ) ) ;
#3229 = EDGE_LOOP ( 'NONE', ( #7999, #3539 ) ) ;
#3230 = DIRECTION ( 'NONE',  ( -0.8660254037833561291, -0.5000000000018749446, 0.000000000000000000 ) ) ;
#3231 = VERTEX_POINT ( 'NONE', #5431 ) ;
#3232 = CARTESIAN_POINT ( 'NONE',  ( -110.8501389686463625, 11.63731448871377872, 44.26222077797336141 ) ) ;
#3233 = PLANE ( 'NONE',  #2138 ) ;
#3234 = AXIS2_PLACEMENT_3D ( 'NONE', #5038, #8499, #5801 ) ;
#3235 = EDGE_LOOP ( 'NONE', ( #1415, #2064, #862, #8885 ) ) ;
#3236 = ORIENTED_EDGE ( 'NONE', *, *, #2149, .T. ) ;
#3237 = AXIS2_PLACEMENT_3D ( 'NONE', #5779, #7064, #6259 ) ;
#3238 = CARTESIAN_POINT ( 'NONE',  ( -99.10003169999998818, 8.649982299996999302, 34.77002669999999540 ) ) ;
#3239 = LINE ( 'NONE', #2165, #21 ) ;
#3240 = CIRCLE ( 'NONE', #7614, 15.18313571721999189 ) ;
#3241 = EDGE_CURVE ( 'NONE', #4029, #7204, #7930, .T. ) ;
#3242 = DIRECTION ( 'NONE',  ( 0.000000000000000000, 0.000000000000000000, 1.000000000000000000 ) ) ;
#3243 = VERTEX_POINT ( 'NONE', #5156 ) ;
#3244 = ADVANCED_FACE ( 'NONE', ( #1863 ), #8173, .T. ) ;
#3245 = DIRECTION ( 'NONE',  ( -2.842170943039999876E-13, -1.758593271005999816E-13, -1.000000000000000000 ) ) ;
#3246 = CARTESIAN_POINT ( 'NONE',  ( -114.3499999999999943, -1.199999999999999956, 46.92000240000000133 ) ) ;
#3247 = ORIENTED_EDGE ( 'NONE', *, *, #2947, .T. ) ;
#3248 = EDGE_CURVE ( 'NONE', #9027, #475, #5001, .T. ) ;
#3249 = LINE ( 'NONE', #8448, #6283 ) ;
#3250 = CIRCLE ( 'NONE', #6682, 0.3999999999999975797 ) ;
#3251 = ORIENTED_EDGE ( 'NONE', *, *, #4794, .T. ) ;
#3252 = ORIENTED_EDGE ( 'NONE', *, *, #9133, .T. ) ;
#3253 = MECHANICAL_DESIGN_GEOMETRIC_PRESENTATION_REPRESENTATION (  '', ( #4161 ), #9106 ) ;
#3254 = FACE_OUTER_BOUND ( 'NONE', #571, .T. ) ;
#3255 = CARTESIAN_POINT ( 'NONE',  ( -114.3499999999999943, -1.199999999999999956, 40.51803596151999898 ) ) ;
#3256 = CARTESIAN_POINT ( 'NONE',  ( -117.8499929999999978, -14.60043960886000036, 38.42001940000000104 ) ) ;
#3257 = DIRECTION ( 'NONE',  ( 0.000000000000000000, -1.000000000000000000, 0.000000000000000000 ) ) ;
#3258 = EDGE_CURVE ( 'NONE', #8308, #1729, #1753, .T. ) ;
#3259 = EDGE_CURVE ( 'NONE', #5406, #395, #8133, .T. ) ;
#3260 = DIRECTION ( 'NONE',  ( 1.000000000000000000, 0.000000000000000000, 0.000000000000000000 ) ) ;
#3262 = ORIENTED_EDGE ( 'NONE', *, *, #2507, .T. ) ;
#3261 = CARTESIAN_POINT ( 'NONE',  ( -129.1999682999999948, -10.08474613867000080, 35.17002670000000109 ) ) ;
#3263 = CARTESIAN_POINT ( 'NONE',  ( -114.3499999999999943, -1.199999999999999956, 34.25335726875999853 ) ) ;
#3264 = DIRECTION ( 'NONE',  ( 0.000000000000000000, 1.000000000000000000, 0.000000000000000000 ) ) ;
#3265 = VERTEX_POINT ( 'NONE', #2458 ) ;
#3266 = DIRECTION ( 'NONE',  ( 1.000000000000000000, 0.000000000000000000, 0.000000000000000000 ) ) ;
#3267 = PLANE ( 'NONE',  #7160 ) ;
#3268 = DIRECTION ( 'NONE',  ( 0.000000000000000000, 0.000000000000000000, -1.000000000000000000 ) ) ;
#3269 = ADVANCED_FACE ( 'NONE', ( #1781 ), #3186, .T. ) ;
#3270 = ORIENTED_EDGE ( 'NONE', *, *, #7236, .F. ) ;
#3271 = PRODUCT_DEFINITION_CONTEXT ( 'detailed design', #593, 'design' ) ;
#3272 = FACE_OUTER_BOUND ( 'NONE', #6436, .T. ) ;
#3273 = CIRCLE ( 'NONE', #5238, 13.84997230000000101 ) ;
#3274 = DIRECTION ( 'NONE',  ( 0.000000000000000000, 0.000000000000000000, 1.000000000000000000 ) ) ;
#3275 = ORIENTED_EDGE ( 'NONE', *, *, #1127, .F. ) ;
#3276 = EDGE_CURVE ( 'NONE', #6303, #8825, #4856, .T. ) ;
#3277 = EDGE_CURVE ( 'NONE', #2918, #234, #1740, .T. ) ;
#3278 = CARTESIAN_POINT ( 'NONE',  ( -128.8748066244000086, 3.221830585465999874, 39.86629397768000160 ) ) ;
#3279 = SURFACE_SIDE_STYLE ('',( #345 ) ) ;
#3280 = CARTESIAN_POINT ( 'NONE',  ( -106.4000177000000065, 14.04996829999999974, 36.27002670000000251 ) ) ;
#3281 = ORIENTED_EDGE ( 'NONE', *, *, #6887, .T. ) ;
#3282 = DIRECTION ( 'NONE',  ( 0.000000000000000000, 0.000000000000000000, 1.000000000000000000 ) ) ;
#3283 = CIRCLE ( 'NONE', #5528, 4.999990000000009260 ) ;
#3284 = CARTESIAN_POINT ( 'NONE',  ( -127.0292672325999916, -7.596619766659999939, 34.10336141282000000 ) ) ;
#3285 = ORIENTED_EDGE ( 'NONE', *, *, #6724, .T. ) ;
#3286 = ORIENTED_EDGE ( 'NONE', *, *, #7260, .T. ) ;
#3287 = CARTESIAN_POINT ( 'NONE',  ( -124.5696499646000035, 8.801740869708000403, 38.27001969999999886 ) ) ;
#3288 = CARTESIAN_POINT ( 'NONE',  ( -130.1999682999999948, 6.749982300000000102, 36.27002670000000251 ) ) ;
#3289 = LINE ( 'NONE', #2095, #6339 ) ;
#3290 = CARTESIAN_POINT ( 'NONE',  ( -110.8500070000000051, -15.52870122344999970, 40.48468206460000118 ) ) ;
#3291 = AXIS2_PLACEMENT_3D ( 'NONE', #4837, #4026, #5606 ) ;
#3292 = B_SPLINE_CURVE_WITH_KNOTS ( 'NONE', 3,
 ( #5991, #5934, #8075, #6691, #127, #8631, #1534, #6557, #8884, #6056, #2285, #7268, #5310, #5246, #4768, #719, #8010, #3011, #3823, #2416, #2214 ),
 .UNSPECIFIED., .F., .F.,
 ( 4, 2, 2, 2, 1, 2, 2, 2, 2, 2, 4 ),
 ( 0.000000000000000000, 0.1249999999999308331, 0.1874999999998935296, 0.2187499999998747668, 0.2343749999998541167, 0.2421874999998567812, 0.2499999999998594458, 0.3749999999998915312, 0.4374999999999075739, 0.4999999999999236167, 1.000000000000000000 ),
 .UNSPECIFIED. ) ;
#3293 = CARTESIAN_POINT ( 'NONE',  ( -108.8500194333665405, 10.78139687841005312, 44.22070732104570112 ) ) ;
#3294 = VERTEX_POINT ( 'NONE', #8741 ) ;
#3295 = EDGE_CURVE ( 'NONE', #1128, #8990, #1903, .T. ) ;
#3296 = VERTEX_POINT ( 'NONE', #6098 ) ;
#3297 = VECTOR ( 'NONE', #6089, 1000.000000000000000 ) ;
#3298 = CARTESIAN_POINT ( 'NONE',  ( -110.8500078354716010, 11.38614913509485760, 44.14013908049557955 ) ) ;
#3299 = CARTESIAN_POINT ( 'NONE',  ( -110.8500070000000051, -15.52870122344999970, 40.48468206460000118 ) ) ;
#3300 = LINE ( 'NONE', #3580, #71 ) ;
#3301 = APPLICATION_PROTOCOL_DEFINITION ( 'draft international standard', 'automotive_design', 1998, #4775 ) ;
#3302 = ORIENTED_EDGE ( 'NONE', *, *, #5445, .T. ) ;
#3303 = AXIS2_PLACEMENT_3D ( 'NONE', #6808, #1310, #7907 ) ;
#3304 = CARTESIAN_POINT ( 'NONE',  ( -100.8813596938901185, 3.244112775325405540, 42.05937831944569183 ) ) ;
#3305 = CIRCLE ( 'NONE', #5945, 14.10434072329999644 ) ;
#3306 = CYLINDRICAL_SURFACE ( 'NONE', #8287, 0.5000000000000004441 ) ;
#3307 = ORIENTED_EDGE ( 'NONE', *, *, #1629, .F. ) ;
#3308 =( GEOMETRIC_REPRESENTATION_CONTEXT ( 3 ) GLOBAL_UNCERTAINTY_ASSIGNED_CONTEXT ( ( #6584 ) ) GLOBAL_UNIT_ASSIGNED_CONTEXT ( ( #5814, #196, #6566 ) ) REPRESENTATION_CONTEXT ( 'NONE', 'WORKASPACE' ) );
#3309 = CARTESIAN_POINT ( 'NONE',  ( -125.1999782999999837, -12.04997829999999936, 34.82925849523000039 ) ) ;
#3310 = DIRECTION ( 'NONE',  ( 0.000000000000000000, 0.000000000000000000, 1.000000000000000000 ) ) ;
#3311 = ORIENTED_EDGE ( 'NONE', *, *, #5169, .T. ) ;
#3312 = CIRCLE ( 'NONE', #6097, 13.39997819999999962 ) ;
#3313 = SHAPE_REPRESENTATION_RELATIONSHIP ( 'NONE' , 'NONE' ,  #7729, #7926 ) ;
#3314 = ORIENTED_EDGE ( 'NONE', *, *, #6552, .T. ) ;
#3315 = ORIENTED_EDGE ( 'NONE', *, *, #5347, .T. ) ;
#3316 = FACE_OUTER_BOUND ( 'NONE', #7463, .T. ) ;
#3317 = AXIS2_PLACEMENT_3D ( 'NONE', #6760, #5050, #6564 ) ;
#3318 = VECTOR ( 'NONE', #3419, 1000.000000000000114 ) ;
#3319 = CARTESIAN_POINT ( 'NONE',  ( -114.3499999999999943, -1.199999999999999956, 33.27002970000000204 ) ) ;
#3320 = CARTESIAN_POINT ( 'NONE',  ( -114.3499999999999943, -9.099984196276000858, 48.12000000000000455 ) ) ;
#3321 = EDGE_LOOP ( 'NONE', ( #6726, #527, #496, #4091 ) ) ;
#3322 = CARTESIAN_POINT ( 'NONE',  ( -114.3499999999999943, -1.199999999999999956, 34.77002669999999540 ) ) ;
#3324 = VERTEX_POINT ( 'NONE', #4670 ) ;
#3323 = CARTESIAN_POINT ( 'NONE',  ( -103.4691905881000054, -1.846151144902000052, 41.17001390000000072 ) ) ;
#3325 = ADVANCED_FACE ( 'NONE', ( #5046 ), #1654, .F. ) ;
#3326 = DIRECTION ( 'NONE',  ( 0.5016770317134990886, 0.8650550016334989101, 0.000000000000000000 ) ) ;
#3327 = CARTESIAN_POINT ( 'NONE',  ( -117.8499929999999978, -14.90986014705666918, 41.34156915486666151 ) ) ;
#3328 = ORIENTED_EDGE ( 'NONE', *, *, #4368, .T. ) ;
#3329 = DIRECTION ( 'NONE',  ( 0.000000000000000000, -1.000000000000000000, 0.000000000000000000 ) ) ;
#3330 = LINE ( 'NONE', #5345, #3297 ) ;
#3331 = CARTESIAN_POINT ( 'NONE',  ( -114.3499999999999943, 12.79997200000000035, 33.17002990000000295 ) ) ;
#3332 = DIRECTION ( 'NONE',  ( 0.000000000000000000, 0.000000000000000000, 1.000000000000000000 ) ) ;
#3333 = ORIENTED_EDGE ( 'NONE', *, *, #5532, .T. ) ;
#3334 = ORIENTED_EDGE ( 'NONE', *, *, #5278, .T. ) ;
#3335 = VERTEX_POINT ( 'NONE', #952 ) ;
#3336 = VERTEX_POINT ( 'NONE', #4542 ) ;
#3337 = VECTOR ( 'NONE', #1299, 1000.000000000000000 ) ;
#3338 = VECTOR ( 'NONE', #443, 1000.000000000000000 ) ;
#3339 = ORIENTED_EDGE ( 'NONE', *, *, #3725, .T. ) ;
#3340 = AXIS2_PLACEMENT_3D ( 'NONE', #3263, #4799, #7779 ) ;
#3341 = ORIENTED_EDGE ( 'NONE', *, *, #7529, .T. ) ;
#3342 = AXIS2_PLACEMENT_3D ( 'NONE', #1773, #7663, #378 ) ;
#3343 = CARTESIAN_POINT ( 'NONE',  ( -119.0074371987000035, -11.69997870000000084, 41.57001309999999705 ) ) ;
#3344 =( NAMED_UNIT ( * ) PLANE_ANGLE_UNIT ( ) SI_UNIT ( $, .RADIAN. ) );
#3345 = VERTEX_POINT ( 'NONE', #2395 ) ;
#3346 = DIRECTION ( 'NONE',  ( -0.7647975700414703093, 0.6442706549724753762, -1.932725430459925358E-12 ) ) ;
#3347 = PRODUCT ( 'AS03208AS-HT^AS03208AS-HT_Ass', 'AS03208AS-HT^AS03208AS-HT_Ass', '', ( #97 ) ) ;
#3348 = ADVANCED_FACE ( 'NONE', ( #8146 ), #1811, .T. ) ;
#3349 = ORIENTED_EDGE ( 'NONE', *, *, #3546, .T. ) ;
#3350 = DIRECTION ( 'NONE',  ( 0.000000000000000000, 0.000000000000000000, -1.000000000000000000 ) ) ;
#3351 = DIRECTION ( 'NONE',  ( 0.000000000000000000, 0.000000000000000000, 1.000000000000000000 ) ) ;
#3352 = CARTESIAN_POINT ( 'NONE',  ( -130.8499683000000005, -11.33474613867000080, 34.77002669999999540 ) ) ;
#3353 = CIRCLE ( 'NONE', #531, 9.099981800000000121 ) ;
#3354 = B_SPLINE_CURVE_WITH_KNOTS ( 'NONE', 3,
 ( #1978, #521, #2559, #2740 ),
 .UNSPECIFIED., .F., .F.,
 ( 4, 4 ),
 ( 0.000000000000000000, 1.000000000000000000 ),
 .UNSPECIFIED. ) ;
#3355 = CIRCLE ( 'NONE', #6716, 13.49997300000000067 ) ;
#3356 = FACE_OUTER_BOUND ( 'NONE', #2702, .T. ) ;
#3357 = PLANE ( 'NONE',  #2662 ) ;
#3358 = EDGE_CURVE ( 'NONE', #2278, #9127, #7960, .T. ) ;
#3359 = ORIENTED_EDGE ( 'NONE', *, *, #6423, .F. ) ;
#3360 = CARTESIAN_POINT ( 'NONE',  ( -106.6398761140000033, 8.447584131456000733, 41.77001269999999522 ) ) ;
#3361 = ORIENTED_EDGE ( 'NONE', *, *, #3762, .T. ) ;
#3362 = AXIS2_PLACEMENT_3D ( 'NONE', #8036, #5555, #1237 ) ;
#3363 = ADVANCED_FACE ( 'NONE', ( #5032 ), #4424, .T. ) ;
#3364 = ORIENTED_EDGE ( 'NONE', *, *, #1436, .T. ) ;
#3365 = VECTOR ( 'NONE', #922, 1000.000000000000000 ) ;
#3366 = EDGE_CURVE ( 'NONE', #605, #3398, #4872, .T. ) ;
#3367 = CARTESIAN_POINT ( 'NONE',  ( -124.4262979728000005, 8.718605807082999704, 35.17554787518999859 ) ) ;
#3368 = CARTESIAN_POINT ( 'NONE',  ( -102.4148845639999905, 1.129684105304999964, 41.77001269999999522 ) ) ;
#3369 = ORIENTED_EDGE ( 'NONE', *, *, #7754, .T. ) ;
#3370 = PRODUCT_CONTEXT ( 'NONE', #8166, 'mechanical' ) ;
#3371 = EDGE_LOOP ( 'NONE', ( #5283, #8822, #1303, #4433 ) ) ;
#3372 = CARTESIAN_POINT ( 'NONE',  ( -117.8499929999999978, 13.12870122345000112, 44.27001270000000233 ) ) ;
#3373 = CYLINDRICAL_SURFACE ( 'NONE', #6764, 7.599984799999999652 ) ;
#3374 = ADVANCED_FACE ( 'NONE', ( #8074, #5064 ), #4040, .T. ) ;
#3375 = CIRCLE ( 'NONE', #2775, 1.199997600000000553 ) ;
#3376 = ORIENTED_EDGE ( 'NONE', *, *, #2799, .F. ) ;
#3377 = EDGE_CURVE ( 'NONE', #5047, #1706, #4807, .T. ) ;
#3378 = DIRECTION ( 'NONE',  ( 0.000000000000000000, 0.000000000000000000, -1.000000000000000000 ) ) ;
#3379 = EDGE_LOOP ( 'NONE', ( #4022, #1263, #1559, #5690, #4221, #662 ) ) ;
#3380 = DIRECTION ( 'NONE',  ( 0.000000000000000000, 0.000000000000000000, 1.000000000000000000 ) ) ;
#3381 = EDGE_CURVE ( 'NONE', #291, #6814, #1823, .T. ) ;
#3382 = CARTESIAN_POINT ( 'NONE',  ( -103.5244873858000005, 0.7513566151509000202, 41.77001269999999522 ) ) ;
#3383 = MECHANICAL_DESIGN_GEOMETRIC_PRESENTATION_REPRESENTATION (  '', ( #4916 ), #8788 ) ;
#3384 = VERTEX_POINT ( 'NONE', #1240 ) ;
#3385 = ORIENTED_EDGE ( 'NONE', *, *, #7137, .F. ) ;
#3386 = EDGE_CURVE ( 'NONE', #6670, #3450, #8163, .T. ) ;
#3387 = EDGE_LOOP ( 'NONE', ( #3768, #1133, #3891, #5348 ) ) ;
#3388 = LINE ( 'NONE', #1283, #3623 ) ;
#3389 = CARTESIAN_POINT ( 'NONE',  ( -129.5999683000000005, -10.08474613867000080, 35.17002670000000109 ) ) ;
#3390 = VECTOR ( 'NONE', #4887, 1000.000000000000000 ) ;
#3391 = CARTESIAN_POINT ( 'NONE',  ( -123.6925348012999990, -6.833322346797999103, 40.12001599999999968 ) ) ;
#3392 = ORIENTED_EDGE ( 'NONE', *, *, #4634, .F. ) ;
#3393 = DIRECTION ( 'NONE',  ( 0.000000000000000000, 1.000000000000000000, 0.000000000000000000 ) ) ;
#3395 = ORIENTED_EDGE ( 'NONE', *, *, #6317, .T. ) ;
#3394 = DIRECTION ( 'NONE',  ( -0.8660254037661956339, -0.5000000000315977244, 0.000000000000000000 ) ) ;
#3396 = DIRECTION ( 'NONE',  ( 0.000000000000000000, 0.000000000000000000, 1.000000000000000000 ) ) ;
#3397 = CARTESIAN_POINT ( 'NONE',  ( -125.2308094136000136, -0.5538488835073999139, 41.17001390000000072 ) ) ;
#3398 = VERTEX_POINT ( 'NONE', #660 ) ;
#3399 = CARTESIAN_POINT ( 'NONE',  ( -120.8668843451000043, 6.904938598134998884, 44.27001270000000233 ) ) ;
#3400 = CARTESIAN_POINT ( 'NONE',  ( -108.8500070000000051, 11.61997654408000002, 38.42001940000000104 ) ) ;
#3401 = CARTESIAN_POINT ( 'NONE',  ( -126.8499683000000005, -17.73473213866999743, 37.77002069999999634 ) ) ;
#3402 = ORIENTED_EDGE ( 'NONE', *, *, #1187, .F. ) ;
#3403 = EDGE_LOOP ( 'NONE', ( #8799, #8538, #7061, #3791 ) ) ;
#3404 = EDGE_CURVE ( 'NONE', #6292, #5889, #4952, .T. ) ;
#3405 = VECTOR ( 'NONE', #1821, 1000.000000000000000 ) ;
#3406 = FACE_OUTER_BOUND ( 'NONE', #3782, .T. ) ;
#3407 = VERTEX_POINT ( 'NONE', #3382 ) ;
#3408 = ORIENTED_EDGE ( 'NONE', *, *, #2824, .T. ) ;
#3409 = ADVANCED_FACE ( 'NONE', ( #8176 ), #8041, .T. ) ;
#3410 = AXIS2_PLACEMENT_3D ( 'NONE', #1082, #319, #2346 ) ;
#3411 = EDGE_CURVE ( 'NONE', #7972, #475, #8187, .T. ) ;
#3412 = PLANE ( 'NONE',  #3202 ) ;
#3413 = SURFACE_SIDE_STYLE ('',( #6930 ) ) ;
#3414 = VERTEX_POINT ( 'NONE', #9102 ) ;
#3415 = EDGE_CURVE ( 'NONE', #9033, #1038, #5077, .T. ) ;
#3416 = DIRECTION ( 'NONE',  ( 0.9537318886562741183, 0.3006584184088920142, 0.000000000000000000 ) ) ;
#3417 = VERTEX_POINT ( 'NONE', #7033 ) ;
#3418 = CARTESIAN_POINT ( 'NONE',  ( -114.2914317443867986, 7.899793322914846705, 46.92000240000000133 ) ) ;
#3419 = DIRECTION ( 'NONE',  ( -0.8660254037865130483, -0.4999999999964070407, -2.028348460243030094E-14 ) ) ;
#3420 = CARTESIAN_POINT ( 'NONE',  ( -114.3499999999999943, -15.14997210000000116, 38.42001940000000104 ) ) ;
#3421 = LINE ( 'NONE', #7710, #3565 ) ;
#3422 = CIRCLE ( 'NONE', #4127, 15.18297050000001036 ) ;
#3423 = CARTESIAN_POINT ( 'NONE',  ( -105.2500181999999995, -1.199999999979000087, 41.17001390000000072 ) ) ;
#3424 = EDGE_CURVE ( 'NONE', #6500, #7225, #8202, .T. ) ;
#3425 = ORIENTED_EDGE ( 'NONE', *, *, #5445, .F. ) ;
#3426 = DIRECTION ( 'NONE',  ( 0.000000000000000000, 0.000000000000000000, 1.000000000000000000 ) ) ;
#3427 = EDGE_LOOP ( 'NONE', ( #7173, #3972, #19, #2038, #2297, #7156, #2382, #699, #6444, #5695 ) ) ;
#3428 = ORIENTED_EDGE ( 'NONE', *, *, #4535, .T. ) ;
#3429 = CIRCLE ( 'NONE', #8322, 9.099981800002005627 ) ;
#3430 = DIRECTION ( 'NONE',  ( 0.000000000000000000, 0.000000000000000000, 1.000000000000000000 ) ) ;
#3431 = ADVANCED_FACE ( 'NONE', ( #8009 ), #8294, .F. ) ;
#3432 = ORIENTED_EDGE ( 'NONE', *, *, #5106, .T. ) ;
#3433 = APPLICATION_PROTOCOL_DEFINITION ( 'draft international standard', 'automotive_design', 1998, #4092 ) ;
#3434 = CARTESIAN_POINT ( 'NONE',  ( -125.3948557619999917, -11.61819424874000006, 39.86605802304000434 ) ) ;
#3435 = AXIS2_PLACEMENT_3D ( 'NONE', #8481, #9209, #583 ) ;
#3436 = ORIENTED_EDGE ( 'NONE', *, *, #7018, .T. ) ;
#3437 = VECTOR ( 'NONE', #3986, 1000.000000000000000 ) ;
#3438 = CARTESIAN_POINT ( 'NONE',  ( -101.5164029729999982, 2.305017138688999712, 42.27001269999999522 ) ) ;
#3439 = ORIENTED_EDGE ( 'NONE', *, *, #5708, .F. ) ;
#3440 = CARTESIAN_POINT ( 'NONE',  ( -110.8500070000000051, -14.60043960886000036, 38.42001940000000104 ) ) ;
#3441 = VERTEX_POINT ( 'NONE', #2581 ) ;
#3442 = PLANE ( 'NONE',  #5022 ) ;
#3443 = CARTESIAN_POINT ( 'NONE',  ( -114.3499999999999943, -1.199999999999999956, 33.27002970000000204 ) ) ;
#3444 = ADVANCED_FACE ( 'NONE', ( #5094 ), #8057, .T. ) ;
#3445 = ORIENTED_EDGE ( 'NONE', *, *, #2369, .T. ) ;
#3446 = AXIS2_PLACEMENT_3D ( 'NONE', #5797, #6474, #9341 ) ;
#3447 = ORIENTED_EDGE ( 'NONE', *, *, #7295, .F. ) ;
#3448 =( GEOMETRIC_REPRESENTATION_CONTEXT ( 3 ) GLOBAL_UNCERTAINTY_ASSIGNED_CONTEXT ( ( #2375 ) ) GLOBAL_UNIT_ASSIGNED_CONTEXT ( ( #5263, #6071, #3221 ) ) REPRESENTATION_CONTEXT ( 'NONE', 'WORKASPACE' ) );
#3449 = VERTEX_POINT ( 'NONE', #7147 ) ;
#3450 = VERTEX_POINT ( 'NONE', #4222 ) ;
#3451 = LINE ( 'NONE', #2467, #3505 ) ;
#3452 = EDGE_CURVE ( 'NONE', #936, #8960, #1828, .T. ) ;
#3453 = CARTESIAN_POINT ( 'NONE',  ( -130.1999682999999948, -10.08474613867000080, 34.77002669999999540 ) ) ;
#3454 = LINE ( 'NONE', #3617, #6613 ) ;
#3455 = ADVANCED_FACE ( 'NONE', ( #1984 ), #7765, .T. ) ;
#3456 = LINE ( 'NONE', #4739, #6946 ) ;
#3457 = CARTESIAN_POINT ( 'NONE',  ( -101.3058138713000034, 5.407305789582999900, 40.66722885082999994 ) ) ;
#3458 = ORIENTED_EDGE ( 'NONE', *, *, #8193, .F. ) ;
#3459 = CARTESIAN_POINT ( 'NONE',  ( -101.6192829370999959, 7.073841506390999179, 39.86605802304000434 ) ) ;
#3461 = ORIENTED_EDGE ( 'NONE', *, *, #6047, .T. ) ;
#3460 = CARTESIAN_POINT ( 'NONE',  ( -104.4948753767999960, 8.531302655478999242, 41.17001390000000072 ) ) ;
#3462 = DIRECTION ( 'NONE',  ( 0.000000000000000000, 1.000000000000000000, 0.000000000000000000 ) ) ;
#3463 = CARTESIAN_POINT ( 'NONE',  ( -101.1891841796441156, 2.965375221426083563, 41.88936270844755683 ) ) ;
#3464 = VERTEX_POINT ( 'NONE', #4853 ) ;
#3465 = CARTESIAN_POINT ( 'NONE',  ( -102.1398851139999948, 0.6533710858511000419, 41.17001390000000072 ) ) ;
#3466 = CIRCLE ( 'NONE', #6451, 13.79997240000000680 ) ;
#3467 = DIRECTION ( 'NONE',  ( 0.000000000000000000, -1.000000000000000000, 0.000000000000000000 ) ) ;
#3468 = CARTESIAN_POINT ( 'NONE',  ( -130.8499683000000005, -13.73473213867000098, 34.77002669999999540 ) ) ;
#3469 = CARTESIAN_POINT ( 'NONE',  ( -126.5941877286999926, -9.192943664362999812, 40.66722885082999994 ) ) ;
#3470 = AXIS2_PLACEMENT_3D ( 'NONE', #3060, #3808, #6741 ) ;
#3471 = EDGE_LOOP ( 'NONE', ( #6064, #7938, #9265, #3275 ) ) ;
#3472 = AXIS2_PLACEMENT_3D ( 'NONE', #4219, #538, #7700 ) ;
#3473 = CIRCLE ( 'NONE', #4340, 1.599996800000001329 ) ;
#3474 = LINE ( 'NONE', #5028, #6723 ) ;
#3475 = CIRCLE ( 'NONE', #4878, 15.18313571721999011 ) ;
#3476 = EDGE_LOOP ( 'NONE', ( #4971, #5103, #9285, #4840 ) ) ;
#3477 = ORIENTED_EDGE ( 'NONE', *, *, #7876, .T. ) ;
#3478 = DIRECTION ( 'NONE',  ( 0.000000000000000000, 1.000000000000000000, 0.000000000000000000 ) ) ;
#3479 = ORIENTED_EDGE ( 'NONE', *, *, #1941, .F. ) ;
#3480 = EDGE_CURVE ( 'NONE', #8398, #2534, #8107, .T. ) ;
#3481 = DIRECTION ( 'NONE',  ( -1.392906296447023990E-17, -1.488308683691555859E-14, 1.000000000000000000 ) ) ;
#3482 = ORIENTED_EDGE ( 'NONE', *, *, #3452, .F. ) ;
#3483 = CARTESIAN_POINT ( 'NONE',  ( -123.2730000078999950, -5.196995918165000283, 41.77001269999999522 ) ) ;
#3484 = ORIENTED_EDGE ( 'NONE', *, *, #3499, .T. ) ;
#3485 = AXIS2_PLACEMENT_3D ( 'NONE', #6878, #8340, #7067 ) ;
#3486 = CARTESIAN_POINT ( 'NONE',  ( -112.8667632691000051, 14.64996829999999939, 34.77002669999999540 ) ) ;
#3487 = DIRECTION ( 'NONE',  ( 0.000000000000000000, 0.000000000000000000, 1.000000000000000000 ) ) ;
#3488 = FACE_OUTER_BOUND ( 'NONE', #7565, .T. ) ;
#3489 = CIRCLE ( 'NONE', #5495, 10.89997819999999784 ) ;
#3490 = CARTESIAN_POINT ( 'NONE',  ( -105.2500181999999853, -1.200000000000001066, 40.56078320476999721 ) ) ;
#3491 = ORIENTED_EDGE ( 'NONE', *, *, #5957, .F. ) ;
#3492 = CARTESIAN_POINT ( 'NONE',  ( -114.3499999999999943, -1.199999999999999956, 32.77003069999999951 ) ) ;
#3493 = CARTESIAN_POINT ( 'NONE',  ( -114.3499999999999943, -1.199999999999999956, 46.92000240000000133 ) ) ;
#3494 = ORIENTED_EDGE ( 'NONE', *, *, #599, .F. ) ;
#3495 = ADVANCED_FACE ( 'NONE', ( #7945 ), #8026, .T. ) ;
#3496 = ORIENTED_EDGE ( 'NONE', *, *, #5749, .T. ) ;
#3497 = CARTESIAN_POINT ( 'NONE',  ( -125.1999782999999837, -17.04996829999999974, 32.77003069999999951 ) ) ;
#3498 = CARTESIAN_POINT ( 'NONE',  ( -126.5601148860999956, -2.553372084955999988, 41.17001390000000072 ) ) ;
#3499 = EDGE_CURVE ( 'NONE', #631, #5838, #1769, .T. ) ;
#3500 = ORIENTED_EDGE ( 'NONE', *, *, #8811, .T. ) ;
#3501 = DIRECTION ( 'NONE',  ( -1.000000000000000000, 0.000000000000000000, 0.000000000000000000 ) ) ;
#3502 = ORIENTED_EDGE ( 'NONE', *, *, #1225, .T. ) ;
#3503 = VERTEX_POINT ( 'NONE', #4915 ) ;
#3504 = DIRECTION ( 'NONE',  ( -0.8959318770159943046, -0.4441914809477972015, 0.000000000000000000 ) ) ;
#3505 = VECTOR ( 'NONE', #3126, 1000.000000000000000 ) ;
#3506 = EDGE_LOOP ( 'NONE', ( #4192, #8797, #5357, #2092 ) ) ;
#3507 = CARTESIAN_POINT ( 'NONE',  ( -122.4499823000000021, -17.73473213866999743, 37.77002069999999634 ) ) ;
#3508 = VERTEX_POINT ( 'NONE', #5688 ) ;
#3509 = EDGE_CURVE ( 'NONE', #2044, #8150, #4903, .T. ) ;
#3510 = EDGE_CURVE ( 'NONE', #8017, #4246, #1798, .T. ) ;
#3511 = DIRECTION ( 'NONE',  ( 0.000000000000000000, 0.000000000000000000, 1.000000000000000000 ) ) ;
#3512 = ORIENTED_EDGE ( 'NONE', *, *, #1007, .T. ) ;
#3513 = LINE ( 'NONE', #5943, #449 ) ;
#3514 = AXIS2_PLACEMENT_3D ( 'NONE', #7645, #7827, #8365 ) ;
#3515 = VERTEX_POINT ( 'NONE', #8761 ) ;
#3516 = ORIENTED_EDGE ( 'NONE', *, *, #2235, .F. ) ;
#3517 = EDGE_CURVE ( 'NONE', #3835, #2278, #3292, .T. ) ;
#3518 = ORIENTED_EDGE ( 'NONE', *, *, #6881, .T. ) ;
#3519 = VECTOR ( 'NONE', #115, 1000.000000000000000 ) ;
#3520 = CARTESIAN_POINT ( 'NONE',  ( -101.4565358388999954, 7.167803587387999720, 34.77002669999999540 ) ) ;
#3521 = VERTEX_POINT ( 'NONE', #3761 ) ;
#3522 = DIRECTION ( 'NONE',  ( 0.4999999999995852762, -0.8660254037846780717, 0.000000000000000000 ) ) ;
#3524 = ORIENTED_EDGE ( 'NONE', *, *, #29, .F. ) ;
#3523 = DIRECTION ( 'NONE',  ( -0.000000000000000000, 1.000000000000000000, 0.000000000000000000 ) ) ;
#3525 = DIRECTION ( 'NONE',  ( 0.000000000000000000, 0.000000000000000000, -1.000000000000000000 ) ) ;
#3526 = EDGE_CURVE ( 'NONE', #4448, #1216, #4985, .T. ) ;
#3527 = CARTESIAN_POINT ( 'NONE',  ( -127.7051176231999960, -4.869136953348999874, 41.17001390000000072 ) ) ;
#3528 = ADVANCED_FACE ( 'NONE', ( #2208 ), #2174, .T. ) ;
#3529 = VERTEX_POINT ( 'NONE', #4443 ) ;
#3530 = DIRECTION ( 'NONE',  ( 0.000000000000000000, 0.000000000000000000, 1.000000000000000000 ) ) ;
#3531 = CARTESIAN_POINT ( 'NONE',  ( -123.6956460741000114, -6.595711290945000194, 41.17001390000000072 ) ) ;
#3532 = DIRECTION ( 'NONE',  ( 1.000000000000000000, 0.000000000000000000, 0.000000000000000000 ) ) ;
#3533 = CARTESIAN_POINT ( 'NONE',  ( -121.1999822999999878, -16.04996829999999974, 34.77002669999999540 ) ) ;
#3534 = VERTEX_POINT ( 'NONE', #7946 ) ;
#3535 = VERTEX_POINT ( 'NONE', #1407 ) ;
#3536 = AXIS2_PLACEMENT_3D ( 'NONE', #4311, #4890, #1221 ) ;
#3537 = LINE ( 'NONE', #5566, #296 ) ;
#3538 = ADVANCED_FACE ( 'NONE', ( #8350 ), #785, .T. ) ;
#3539 = ORIENTED_EDGE ( 'NONE', *, *, #8511, .F. ) ;
#3540 = ORIENTED_EDGE ( 'NONE', *, *, #691, .T. ) ;
#3541 = CARTESIAN_POINT ( 'NONE',  ( -117.8499668325408578, 11.48739490241409733, 44.20945204944182194 ) ) ;
#3542 = CARTESIAN_POINT ( 'NONE',  ( 0.000000000000000000, 0.000000000000000000, 0.000000000000000000 ) ) ;
#3543 = PRODUCT_DEFINITION_FORMATION_WITH_SPECIFIED_SOURCE ( 'ANY', '', #6104, .NOT_KNOWN. ) ;
#3544 = ORIENTED_EDGE ( 'NONE', *, *, #7054, .T. ) ;
#3545 = UNCERTAINTY_MEASURE_WITH_UNIT (LENGTH_MEASURE( 1.000000000000000082E-05 ), #8597, 'distance_accuracy_value', 'NONE');
#3546 = EDGE_CURVE ( 'NONE', #2612, #4279, #2280, .T. ) ;
#3547 = CARTESIAN_POINT ( 'NONE',  ( -105.7500172000000020, -1.199999999999999956, 40.12001599999999968 ) ) ;
#3548 = ORIENTED_EDGE ( 'NONE', *, *, #4421, .T. ) ;
#3549 = PLANE ( 'NONE',  #6062 ) ;
#3550 = ORIENTED_EDGE ( 'NONE', *, *, #1624, .T. ) ;
#3551 = DIRECTION ( 'NONE',  ( 0.000000000000000000, 0.000000000000000000, 1.000000000000000000 ) ) ;
#3552 = CARTESIAN_POINT ( 'NONE',  ( -104.8307245585904752, 8.806798185510936960, 41.88939914961000710 ) ) ;
#3553 = LINE ( 'NONE', #484, #3337 ) ;
#3554 = DIRECTION ( 'NONE',  ( 0.000000000000000000, 0.000000000000000000, -1.000000000000000000 ) ) ;
#3555 = ORIENTED_EDGE ( 'NONE', *, *, #7046, .F. ) ;
#3556 = CARTESIAN_POINT ( 'NONE',  ( -108.8500070000000051, 10.46874091581999977, 41.77001269999999522 ) ) ;
#3557 = VERTEX_POINT ( 'NONE', #4330 ) ;
#3558 = EDGE_CURVE ( 'NONE', #8037, #217, #1638, .T. ) ;
#3559 = ORIENTED_EDGE ( 'NONE', *, *, #4908, .F. ) ;
#3560 = DIRECTION ( 'NONE',  ( 8.809743723155000615E-13, 1.544125410817000052E-12, -1.000000000000000000 ) ) ;
#3561 = CARTESIAN_POINT ( 'NONE',  ( -119.4776496039000051, -12.83331034679999938, 41.57001309999999705 ) ) ;
#3562 = ORIENTED_EDGE ( 'NONE', *, *, #7883, .F. ) ;
#3563 = DIRECTION ( 'NONE',  ( 0.000000000000000000, 0.000000000000000000, 1.000000000000000000 ) ) ;
#3564 = CARTESIAN_POINT ( 'NONE',  ( -128.0807838808999861, -5.086027968376001240, 41.17001390000000072 ) ) ;
#3565 = VECTOR ( 'NONE', #8445, 1000.000000000000000 ) ;
#3566 = CIRCLE ( 'NONE', #6251, 14.24997150000000623 ) ;
#3567 = ORIENTED_EDGE ( 'NONE', *, *, #4865, .F. ) ;
#3568 = AXIS2_PLACEMENT_3D ( 'NONE', #7520, #6091, #4031 ) ;
#3569 = DIRECTION ( 'NONE',  ( 0.000000000000000000, 1.000000000000000000, 0.000000000000000000 ) ) ;
#3570 = ORIENTED_EDGE ( 'NONE', *, *, #4794, .F. ) ;
#3571 = CARTESIAN_POINT ( 'NONE',  ( -130.1999682999999948, -10.08474613867000080, 36.27002670000000251 ) ) ;
#3572 = DIRECTION ( 'NONE',  ( 1.000000000000000000, -4.877672515302000000E-13, 0.000000000000000000 ) ) ;
#3573 = CARTESIAN_POINT ( 'NONE',  ( -117.8499929999999978, -14.60043960886000036, 41.77001269999999522 ) ) ;
#3574 = ORIENTED_EDGE ( 'NONE', *, *, #1225, .F. ) ;
#3575 = VERTEX_POINT ( 'NONE', #2944 ) ;
#3576 = CARTESIAN_POINT ( 'NONE',  ( -106.7292440744911062, 7.164961804793217759, 42.23690186852502393 ) ) ;
#3577 = LINE ( 'NONE', #8512, #230 ) ;
#3578 = DIRECTION ( 'NONE',  ( 0.000000000000000000, 0.000000000000000000, 1.000000000000000000 ) ) ;
#3579 = EDGE_LOOP ( 'NONE', ( #9290, #2973, #3107, #5300 ) ) ;
#3580 = CARTESIAN_POINT ( 'NONE',  ( -122.5414727750999901, -6.366656053202000010, 40.32001560000000495 ) ) ;
#3581 = ORIENTED_EDGE ( 'NONE', *, *, #5135, .F. ) ;
#3582 = AXIS2_PLACEMENT_3D ( 'NONE', #6458, #7126, #1220 ) ;
#3583 = DIRECTION ( 'NONE',  ( 0.000000000000000000, 2.795022333348000030E-11, -1.000000000000000000 ) ) ;
#3584 = AXIS2_PLACEMENT_3D ( 'NONE', #2675, #2736, #3350 ) ;
#3585 = CARTESIAN_POINT ( 'NONE',  ( -101.3985570481044078, 3.046342571552310030, 42.15107053743566468 ) ) ;
#3586 = ORIENTED_EDGE ( 'NONE', *, *, #1007, .F. ) ;
#3587 = CARTESIAN_POINT ( 'NONE',  ( -102.4014989229000037, 6.401211613063999550, 42.08274841640999853 ) ) ;
#3588 = DIRECTION ( 'NONE',  ( 0.2372881355932019432, -0.9714393139598078708, 0.000000000000000000 ) ) ;
#3589 = EDGE_CURVE ( 'NONE', #2250, #1128, #8281, .T. ) ;
#3590 = DIRECTION ( 'NONE',  ( -0.8650550016344195070, 0.5016770317119118028, 0.000000000000000000 ) ) ;
#3591 = ORIENTED_EDGE ( 'NONE', *, *, #3815, .F. ) ;
#3592 = LINE ( 'NONE', #4791, #365 ) ;
#3593 = ORIENTED_EDGE ( 'NONE', *, *, #9318, .F. ) ;
#3594 = EDGE_CURVE ( 'NONE', #7345, #7631, #8507, .T. ) ;
#3595 = ORIENTED_EDGE ( 'NONE', *, *, #9252, .T. ) ;
#3596 = DIRECTION ( 'NONE',  ( 0.000000000000000000, 0.000000000000000000, 1.000000000000000000 ) ) ;
#3597 =( GEOMETRIC_REPRESENTATION_CONTEXT ( 3 ) GLOBAL_UNCERTAINTY_ASSIGNED_CONTEXT ( ( #3063 ) ) GLOBAL_UNIT_ASSIGNED_CONTEXT ( ( #6190, #6927, #6446 ) ) REPRESENTATION_CONTEXT ( 'NONE', 'WORKASPACE' ) );
#3598 = FILL_AREA_STYLE ('',( #7617 ) ) ;
#3599 = CARTESIAN_POINT ( 'NONE',  ( -119.0074371987000035, -11.69997870000000084, 41.77001269999999522 ) ) ;
#3600 = ORIENTED_EDGE ( 'NONE', *, *, #2465, .F. ) ;
#3601 = DIRECTION ( 'NONE',  ( 0.000000000000000000, 0.000000000000000000, 1.000000000000000000 ) ) ;
#3602 = ORIENTED_EDGE ( 'NONE', *, *, #3006, .T. ) ;
#3603 = PRODUCT_DEFINITION_CONTEXT ( 'detailed design', #2388, 'design' ) ;
#3604 = CARTESIAN_POINT ( 'NONE',  ( 0.000000000000000000, 0.000000000000000000, 36.27002670000000251 ) ) ;
#3605 = PLANE ( 'NONE',  #8886 ) ;
#3607 = DIRECTION ( 'NONE',  ( 0.000000000000000000, -1.000000000000000000, 0.000000000000000000 ) ) ;
#3606 = FACE_OUTER_BOUND ( 'NONE', #5168, .T. ) ;
#3608 = CARTESIAN_POINT ( 'NONE',  ( -126.0968489767208212, 4.493108715915453466, 44.13073515494297538 ) ) ;
#3609 = ORIENTED_EDGE ( 'NONE', *, *, #7122, .T. ) ;
#3610 = DIRECTION ( 'NONE',  ( 1.000000000000000000, 0.000000000000000000, 0.000000000000000000 ) ) ;
#3611 = VERTEX_POINT ( 'NONE', #970 ) ;
#3612 = EDGE_CURVE ( 'NONE', #6849, #5709, #2125, .T. ) ;
#3613 = EDGE_CURVE ( 'NONE', #3925, #664, #8266, .T. ) ;
#3614 = LINE ( 'NONE', #6026, #6567 ) ;
#3615 = DIRECTION ( 'NONE',  ( 1.000000000000000000, 0.000000000000000000, 0.000000000000000000 ) ) ;
#3616 = DIRECTION ( 'NONE',  ( 0.8660254037951831130, 0.4999999999813900531, -3.169332516712939935E-14 ) ) ;
#3617 = CARTESIAN_POINT ( 'NONE',  ( -119.8499929999999978, 10.46874091581999977, 41.77001269999999522 ) ) ;
#3618 = ORIENTED_EDGE ( 'NONE', *, *, #1432, .F. ) ;
#3619 = CARTESIAN_POINT ( 'NONE',  ( -119.8499929999999978, 12.48618671327999863, 34.77002669999999540 ) ) ;
#3620 = EDGE_CURVE ( 'NONE', #4315, #8783, #8523, .T. ) ;
#3621 = EDGE_CURVE ( 'NONE', #3799, #1790, #2069, .T. ) ;
#3622 = SURFACE_STYLE_USAGE ( .BOTH. , #1400 ) ;
#3623 = VECTOR ( 'NONE', #2812, 1000.000000000000000 ) ;
#3624 = ORIENTED_EDGE ( 'NONE', *, *, #3763, .T. ) ;
#3625 = DIRECTION ( 'NONE',  ( 1.963685669835999853E-13, 4.573320573169999890E-13, -1.000000000000000000 ) ) ;
#3626 = ORIENTED_EDGE ( 'NONE', *, *, #6423, .T. ) ;
#3627 = VECTOR ( 'NONE', #9002, 1000.000000000000000 ) ;
#3628 = PLANE ( 'NONE',  #5119 ) ;
#3629 = AXIS2_PLACEMENT_3D ( 'NONE', #4000, #8250, #4629 ) ;
#3630 = DIRECTION ( 'NONE',  ( -0.7759145285251437540, 0.6308380492833355335, 0.000000000000000000 ) ) ;
#3631 = EDGE_CURVE ( 'NONE', #4006, #4725, #5424, .T. ) ;
#3632 = DIRECTION ( 'NONE',  ( 1.000000000000000000, 0.000000000000000000, 0.000000000000000000 ) ) ;
#3633 = EDGE_CURVE ( 'NONE', #7427, #871, #8876, .T. ) ;
#3634 = ORIENTED_EDGE ( 'NONE', *, *, #586, .F. ) ;
#3635 = EDGE_CURVE ( 'NONE', #9070, #3398, #5271, .T. ) ;
#3636 = CARTESIAN_POINT ( 'NONE',  ( -125.2499782000000010, -1.199999999999999956, 43.77000869999999821 ) ) ;
#3637 = ORIENTED_EDGE ( 'NONE', *, *, #4062, .F. ) ;
#3638 = DIRECTION ( 'NONE',  ( 0.000000000000000000, -1.000000000000000000, 0.000000000000000000 ) ) ;
#3640 = VERTEX_POINT ( 'NONE', #8188 ) ;
#3639 = DIRECTION ( 'NONE',  ( 0.000000000000000000, 0.000000000000000000, -1.000000000000000000 ) ) ;
#3641 = VECTOR ( 'NONE', #7485, 1000.000000000000000 ) ;
#3642 = PLANE ( 'NONE',  #7819 ) ;
#3643 = AXIS2_PLACEMENT_3D ( 'NONE', #7073, #3426, #2051 ) ;
#3644 = CARTESIAN_POINT ( 'NONE',  ( -104.2107936272807649, 8.047729926750820439, 42.05973044549624973 ) ) ;
#3645 = DIRECTION ( 'NONE',  ( -0.9637727726162242936, -0.2667246572097070612, 0.000000000000000000 ) ) ;
#3646 = CARTESIAN_POINT ( 'NONE',  ( -122.0601238866999978, -10.84758413089000051, 41.11078210476999573 ) ) ;
#3647 = VECTOR ( 'NONE', #9088, 1000.000000000000227 ) ;
#3648 = DIRECTION ( 'NONE',  ( 4.042335301586000112E-13, 1.000000000000000000, 4.042335301586000112E-13 ) ) ;
#3649 = DIRECTION ( 'NONE',  ( 0.000000000000000000, 0.000000000000000000, 1.000000000000000000 ) ) ;
#3650 = CARTESIAN_POINT ( 'NONE',  ( -122.6862768409999944, 5.822536093905999799, 44.27001270000000233 ) ) ;
#3651 = PRESENTATION_STYLE_ASSIGNMENT (( #7735 ) ) ;
#3652 = ORIENTED_EDGE ( 'NONE', *, *, #4941, .T. ) ;
#3653 = AXIS2_PLACEMENT_3D ( 'NONE', #4235, #1370, #7904 ) ;
#3654 = LINE ( 'NONE', #1185, #6539 ) ;
#3655 = ORIENTED_EDGE ( 'NONE', *, *, #1264, .F. ) ;
#3656 = VERTEX_POINT ( 'NONE', #1031 ) ;
#3657 = LINE ( 'NONE', #5661, #6525 ) ;
#3658 = DIRECTION ( 'NONE',  ( 0.000000000000000000, 0.000000000000000000, -1.000000000000000000 ) ) ;
#3659 = APPLICATION_PROTOCOL_DEFINITION ( 'draft international standard', 'automotive_design', 1998, #2315 ) ;
#3660 = AXIS2_PLACEMENT_3D ( 'NONE', #2039, #2789, #9317 ) ;
#3661 = ADVANCED_FACE ( 'NONE', ( #8536 ), #6989, .F. ) ;
#3662 = ORIENTED_EDGE ( 'NONE', *, *, #688, .F. ) ;
#3663 = DIRECTION ( 'NONE',  ( 0.000000000000000000, 0.000000000000000000, 1.000000000000000000 ) ) ;
#3664 = CARTESIAN_POINT ( 'NONE',  ( -129.5999683000000005, -11.18474613867000045, 36.27002670000000251 ) ) ;
#3666 = DIRECTION ( 'NONE',  ( -0.8660254037948916794, -0.4999999999818948160, -3.169332516710969045E-14 ) ) ;
#3665 = LINE ( 'NONE', #4213, #3936 ) ;
#3667 = EDGE_CURVE ( 'NONE', #3407, #8732, #5318, .T. ) ;
#3668 = CARTESIAN_POINT ( 'NONE',  ( -123.6925348012999990, -5.699990699999999855, 40.32001560000000495 ) ) ;
#3669 = VERTEX_POINT ( 'NONE', #9122 ) ;
#3670 = CARTESIAN_POINT ( 'NONE',  ( -103.3500525855999967, -1.174060034182000001, 41.17001390000000072 ) ) ;
#3671 = ORIENTED_EDGE ( 'NONE', *, *, #1676, .F. ) ;
#3672 = LINE ( 'NONE', #5375, #6614 ) ;
#3673 = ORIENTED_EDGE ( 'NONE', *, *, #146, .T. ) ;
#3674 = FACE_OUTER_BOUND ( 'NONE', #374, .T. ) ;
#3675 = CARTESIAN_POINT ( 'NONE',  ( 0.000000000000000000, 0.000000000000000000, 36.27002670000000251 ) ) ;
#3676 = DIRECTION ( 'NONE',  ( 0.000000000000000000, 0.000000000000000000, -1.000000000000000000 ) ) ;
#3677 = CARTESIAN_POINT ( 'NONE',  ( -104.4000177000000065, -16.04996829999999974, 35.17002670000000109 ) ) ;
#3678 = AXIS2_PLACEMENT_3D ( 'NONE', #7214, #7894, #7041 ) ;
#3679 = ORIENTED_EDGE ( 'NONE', *, *, #8442, .F. ) ;
#3680 = CARTESIAN_POINT ( 'NONE',  ( -114.3499999999999943, 14.04996949999999956, 34.77002669999999540 ) ) ;
#3681 = ORIENTED_EDGE ( 'NONE', *, *, #5294, .F. ) ;
#3682 = AXIS2_PLACEMENT_3D ( 'NONE', #2533, #7310, #4681 ) ;
#3683 = DIRECTION ( 'NONE',  ( 0.000000000000000000, 1.000000000000000000, 0.000000000000000000 ) ) ;
#3684 = CIRCLE ( 'NONE', #7400, 9.899986601998996605 ) ;
#3685 = ORIENTED_EDGE ( 'NONE', *, *, #3930, .T. ) ;
#3686 = ORIENTED_EDGE ( 'NONE', *, *, #3815, .T. ) ;
#3687 = CONICAL_SURFACE ( 'NONE', #5361, 9.966119262395000789, 0.4898900946788904420 ) ;
#3688 = ORIENTED_EDGE ( 'NONE', *, *, #2817, .F. ) ;
#3689 = CARTESIAN_POINT ( 'NONE',  ( -121.2562039745999982, 7.232904091838999960, 41.77001269999999522 ) ) ;
#3690 = CARTESIAN_POINT ( 'NONE',  ( -110.8500070000000051, -1.150462752447999781, 49.55907315657999845 ) ) ;
#3691 = CARTESIAN_POINT ( 'NONE',  ( -100.9948823768000068, 2.469136953347999874, 38.42001940000000104 ) ) ;
#3692 = VECTOR ( 'NONE', #4264, 1000.000000000000000 ) ;
#3693 = CARTESIAN_POINT ( 'NONE',  ( -103.4500217999999876, -1.199999999999999956, 41.17001390000000072 ) ) ;
#3694 = ORIENTED_EDGE ( 'NONE', *, *, #7591, .T. ) ;
#3695 = AXIS2_PLACEMENT_3D ( 'NONE', #2781, #3332, #4936 ) ;
#3696 = ADVANCED_FACE ( 'NONE', ( #5206 ), #447, .F. ) ;
#3697 = VECTOR ( 'NONE', #7755, 999.9999999999998863 ) ;
#3698 = AXIS2_PLACEMENT_3D ( 'NONE', #3998, #4869, #4688 ) ;
#3699 = CARTESIAN_POINT ( 'NONE',  ( -100.5932004446000008, -0.1012969762475999930, 41.17001390000000072 ) ) ;
#3700 = ORIENTED_EDGE ( 'NONE', *, *, #4678, .F. ) ;
#3701 = EDGE_CURVE ( 'NONE', #5647, #3849, #2158, .T. ) ;
#3702 = CARTESIAN_POINT ( 'NONE',  ( -101.6286263745000014, 5.220929903953000384, 33.27002970000000204 ) ) ;
#3704 = ORIENTED_EDGE ( 'NONE', *, *, #1547, .T. ) ;
#3703 = DIRECTION ( 'NONE',  ( 1.000000000000000000, 0.000000000000000000, 0.000000000000000000 ) ) ;
#3705 = VECTOR ( 'NONE', #4582, 1000.000000000000114 ) ;
#3706 = ORIENTED_EDGE ( 'NONE', *, *, #6736, .F. ) ;
#3707 = SHAPE_REPRESENTATION ( 'AS03208AS-HT', ( #1357, #5396 ), #485 ) ;
#3708 = DIRECTION ( 'NONE',  ( 0.000000000000000000, 1.000000000000000000, 0.000000000000000000 ) ) ;
#3709 = CARTESIAN_POINT ( 'NONE',  ( -114.3499999999999943, -1.199999999999999956, 40.06078420476999469 ) ) ;
#3710 = CARTESIAN_POINT ( 'NONE',  ( -102.2494306163000033, 6.363617260219999849, 41.78489026181000554 ) ) ;
#3711 = FACE_OUTER_BOUND ( 'NONE', #7253, .T. ) ;
#3712 = CARTESIAN_POINT ( 'NONE',  ( -114.3499999999999943, -1.199999999999999956, 33.27002970000000204 ) ) ;
#3713 = CARTESIAN_POINT ( 'NONE',  ( -130.8499683000000005, -10.08474613867000080, 34.77002669999999540 ) ) ;
#3714 = SHAPE_REPRESENTATION_RELATIONSHIP ( 'NONE' , 'NONE' ,  #6208, #5315 ) ;
#3715 = ORIENTED_EDGE ( 'NONE', *, *, #1878, .T. ) ;
#3716 = EDGE_LOOP ( 'NONE', ( #6348, #8966, #2195, #6297, #2296, #6459, #6169, #2598, #129, #5341, #3281, #8495, #9280, #2418, #3302, #8802, #3496, #6503, #2137, #3967 ) ) ;
#3718 = EDGE_CURVE ( 'NONE', #1479, #985, #2336, .T. ) ;
#3717 = CARTESIAN_POINT ( 'NONE',  ( -126.2713752254999946, -9.006567778726999762, 33.27002970000000204 ) ) ;
#3719 = FACE_OUTER_BOUND ( 'NONE', #5319, .T. ) ;
#3720 = MECHANICAL_DESIGN_GEOMETRIC_PRESENTATION_REPRESENTATION (  '', ( #1967 ), #7974 ) ;
#3721 = EDGE_LOOP ( 'NONE', ( #8321, #6017, #6484, #3285, #5544 ) ) ;
#3722 = ORIENTED_EDGE ( 'NONE', *, *, #9096, .F. ) ;
#3723 = LINE ( 'NONE', #7182, #3390 ) ;
#3724 = CARTESIAN_POINT ( 'NONE',  ( -99.80633690338999031, -5.559410159201000567, 39.86629521156000067 ) ) ;
#3725 = EDGE_CURVE ( 'NONE', #4392, #6974, #8249, .T. ) ;
#3726 = DIRECTION ( 'NONE',  ( 0.000000000000000000, 1.000000000000000000, 0.000000000000000000 ) ) ;
#3727 = APPLICATION_CONTEXT ( 'automotive_design' ) ;
#3728 = CARTESIAN_POINT ( 'NONE',  ( -108.8500070000000051, 12.48618671327999863, 34.77002669999999540 ) ) ;
#3729 = ORIENTED_EDGE ( 'NONE', *, *, #6105, .T. ) ;
#3730 = EDGE_CURVE ( 'NONE', #8956, #7165, #8333, .T. ) ;
#3731 = DIRECTION ( 'NONE',  ( 0.000000000000000000, -1.000000000000000000, 0.000000000000000000 ) ) ;
#3732 = LINE ( 'NONE', #9154, #551 ) ;
#3733 = CARTESIAN_POINT ( 'NONE',  ( -126.2502139059908899, 4.582284674862894036, 44.24498880249100807 ) ) ;
#3734 = AXIS2_PLACEMENT_3D ( 'NONE', #411, #8282, #5280 ) ;
#3735 = ORIENTED_EDGE ( 'NONE', *, *, #4599, .T. ) ;
#3736 = DIRECTION ( 'NONE',  ( -1.000000000000000000, 0.000000000000000000, 0.000000000000000000 ) ) ;
#3737 = ORIENTED_EDGE ( 'NONE', *, *, #1322, .T. ) ;
#3738 = ADVANCED_FACE ( 'NONE', ( #2190 ), #2141, .F. ) ;
#3739 = CIRCLE ( 'NONE', #6768, 13.84997230000000634 ) ;
#3740 = EDGE_CURVE ( 'NONE', #536, #3804, #2089, .T. ) ;
#3741 = EDGE_CURVE ( 'NONE', #5718, #6755, #2000, .T. ) ;
#3742 = CYLINDRICAL_SURFACE ( 'NONE', #7567, 0.4999989999999992496 ) ;
#3743 = DIRECTION ( 'NONE',  ( 0.000000000000000000, -1.000000000000000000, 0.000000000000000000 ) ) ;
#3744 = CARTESIAN_POINT ( 'NONE',  ( -105.0348416724000060, 4.930107717144999846, 42.12986781955999760 ) ) ;
#3745 = CARTESIAN_POINT ( 'NONE',  ( -129.5999683000000005, -11.18474613867000045, 36.27002670000000251 ) ) ;
#3746 = ADVANCED_FACE ( 'NONE', ( #5236 ), #5646, .F. ) ;
#3747 = ORIENTED_EDGE ( 'NONE', *, *, #3868, .F. ) ;
#3748 = CARTESIAN_POINT ( 'NONE',  ( -103.3051442380000111, 9.218194248742999974, 34.77002669999999540 ) ) ;
#3749 = MECHANICAL_DESIGN_GEOMETRIC_PRESENTATION_REPRESENTATION (  '', ( #2003 ), #7144 ) ;
#3750 = CARTESIAN_POINT ( 'NONE',  ( -114.3499999999999943, 13.04997149999999984, 33.27002970000000204 ) ) ;
#3751 = FACE_OUTER_BOUND ( 'NONE', #2459, .T. ) ;
#3752 = CARTESIAN_POINT ( 'NONE',  ( -104.5835859168999917, 3.861291530683999884, 41.78523670265999357 ) ) ;
#3753 = VERTEX_POINT ( 'NONE', #3401 ) ;
#3754 = DIRECTION ( 'NONE',  ( 5.779092475699999554E-12, 1.760095592281000159E-11, -1.000000000000000000 ) ) ;
#3755 = ORIENTED_EDGE ( 'NONE', *, *, #937, .F. ) ;
#3756 = ORIENTED_EDGE ( 'NONE', *, *, #8297, .F. ) ;
#3757 = LINE ( 'NONE', #3995, #6815 ) ;
#3758 = ORIENTED_EDGE ( 'NONE', *, *, #7168, .T. ) ;
#3759 = CARTESIAN_POINT ( 'NONE',  ( -114.3499999999999943, -1.199999999999999956, 34.65573359270999987 ) ) ;
#3760 = CARTESIAN_POINT ( 'NONE',  ( -122.5414727750999901, -6.833322346797999103, 40.12001599999999968 ) ) ;
#3761 = CARTESIAN_POINT ( 'NONE',  ( -99.80633686361001367, -5.559410026494999713, 34.77002669999999540 ) ) ;
#3762 = EDGE_CURVE ( 'NONE', #9108, #5205, #2105, .T. ) ;
#3763 = EDGE_CURVE ( 'NONE', #1879, #4718, #5150, .T. ) ;
#3764 = ORIENTED_EDGE ( 'NONE', *, *, #347, .T. ) ;
#3765 = VECTOR ( 'NONE', #6194, 1000.000000000000000 ) ;
#3766 = B_SPLINE_CURVE_WITH_KNOTS ( 'NONE', 3,
 ( #4928, #5697, #7835, #3299 ),
 .UNSPECIFIED., .F., .F.,
 ( 4, 4 ),
 ( 0.000000000000000000, 1.000000000000000000 ),
 .UNSPECIFIED. ) ;
#3767 = DIRECTION ( 'NONE',  ( 0.000000000000000000, 0.000000000000000000, 1.000000000000000000 ) ) ;
#3768 = ORIENTED_EDGE ( 'NONE', *, *, #883, .F. ) ;
#3769 = CARTESIAN_POINT ( 'NONE',  ( -103.7573489229086476, -11.41805917572695783, 40.53125698769331819 ) ) ;
#3771 = EDGE_LOOP ( 'NONE', ( #8252, #4517, #4276, #1613 ) ) ;
#3770 = DIRECTION ( 'NONE',  ( -0.2611939323901097398, 0.9652863459526354051, 1.449920488000513955E-14 ) ) ;
#3772 = CYLINDRICAL_SURFACE ( 'NONE', #467, 9.099981800000003673 ) ;
#3773 = ORIENTED_EDGE ( 'NONE', *, *, #8921, .T. ) ;
#3774 = CARTESIAN_POINT ( 'NONE',  ( -103.3082934794240799, 1.190426145649333245, 42.22718147184881587 ) ) ;
#3775 = AXIS2_PLACEMENT_3D ( 'NONE', #325, #1473, #2218 ) ;
#3776 = DIRECTION ( 'NONE',  ( 4.736961045656000270E-13, 2.871782633928999717E-13, -1.000000000000000000 ) ) ;
#3777 = DIRECTION ( 'NONE',  ( 0.000000000000000000, 0.000000000000000000, 1.000000000000000000 ) ) ;
#3778 = CARTESIAN_POINT ( 'NONE',  ( -108.8269493676999957, 8.832523671996000303, 41.17001390000000072 ) ) ;
#3779 = DIRECTION ( 'NONE',  ( -2.481864787476000378E-13, -1.493650367181999998E-12, 1.000000000000000000 ) ) ;
#3780 = CARTESIAN_POINT ( 'NONE',  ( -127.9664494852000018, 2.695041060536000455, 34.77002669999999540 ) ) ;
#3782 = EDGE_LOOP ( 'NONE', ( #6439, #4260, #5558, #6215 ) ) ;
#3781 = UNCERTAINTY_MEASURE_WITH_UNIT (LENGTH_MEASURE( 1.000000000000000082E-05 ), #2851, 'distance_accuracy_value', 'NONE');
#3783 = ADVANCED_FACE ( 'NONE', ( #5252 ), #5126, .F. ) ;
#3784 = VECTOR ( 'NONE', #1522, 1000.000000000000000 ) ;
#3785 = ORIENTED_EDGE ( 'NONE', *, *, #7363, .T. ) ;
#3786 = AXIS2_PLACEMENT_3D ( 'NONE', #5212, #3596, #4299 ) ;
#3787 = EDGE_LOOP ( 'NONE', ( #5292, #8271, #1938, #2701 ) ) ;
#3788 = LINE ( 'NONE', #5645, #723 ) ;
#3789 = VERTEX_POINT ( 'NONE', #5825 ) ;
#3790 = CIRCLE ( 'NONE', #422, 13.84997229999999924 ) ;
#3791 = ORIENTED_EDGE ( 'NONE', *, *, #3381, .F. ) ;
#3792 = CARTESIAN_POINT ( 'NONE',  ( -124.1679668116999977, 8.568790119280999207, 38.42001940000000104 ) ) ;
#3793 = APPLICATION_PROTOCOL_DEFINITION ( 'draft international standard', 'automotive_design', 1998, #1564 ) ;
#3794 = EDGE_CURVE ( 'NONE', #6555, #4019, #8388, .T. ) ;
#3795 = FACE_OUTER_BOUND ( 'NONE', #200, .T. ) ;
#3796 = DIRECTION ( 'NONE',  ( -0.5000000000021109781, 0.8660254037832199048, 0.000000000000000000 ) ) ;
#3797 = ORIENTED_EDGE ( 'NONE', *, *, #5681, .T. ) ;
#3798 = CARTESIAN_POINT ( 'NONE',  ( -123.2223223961000116, -5.699990699999999855, 40.12001599999999968 ) ) ;
#3799 = VERTEX_POINT ( 'NONE', #7909 ) ;
#3800 = CARTESIAN_POINT ( 'NONE',  ( -104.5000177000000008, -16.44996829999999832, 34.77002669999999540 ) ) ;
#3801 = CIRCLE ( 'NONE', #6038, 1.599996800000001329 ) ;
#3802 = ORIENTED_EDGE ( 'NONE', *, *, #673, .T. ) ;
#3803 = CARTESIAN_POINT ( 'NONE',  ( -119.4776496039000051, -12.36664405319999993, 41.57001309999999705 ) ) ;
#3804 = VERTEX_POINT ( 'NONE', #3533 ) ;
#3805 = VECTOR ( 'NONE', #4057, 1000.000000000000000 ) ;
#3806 = AXIS2_PLACEMENT_3D ( 'NONE', #8427, #7815, #4902 ) ;
#3807 = AXIS2_PLACEMENT_3D ( 'NONE', #5719, #6329, #6455 ) ;
#3808 = DIRECTION ( 'NONE',  ( 0.000000000000000000, -1.000000000000000000, 0.000000000000000000 ) ) ;
#3809 = ORIENTED_EDGE ( 'NONE', *, *, #7075, .F. ) ;
#3810 = ORIENTED_EDGE ( 'NONE', *, *, #1187, .T. ) ;
#3811 = CARTESIAN_POINT ( 'NONE',  ( -118.3265874585000006, -12.83331034679999938, 41.57001309999999705 ) ) ;
#3812 = FACE_OUTER_BOUND ( 'NONE', #2724, .T. ) ;
#3813 = DIRECTION ( 'NONE',  ( 0.5000000011269751798, -0.8660254031337791814, 0.000000000000000000 ) ) ;
#3814 = EDGE_LOOP ( 'NONE', ( #1910, #3129, #5002, #1748 ) ) ;
#3815 = EDGE_CURVE ( 'NONE', #8717, #4633, #5299, .T. ) ;
#3816 = CARTESIAN_POINT ( 'NONE',  ( -100.6166904691672102, -5.089457401311974216, 41.16582934495738044 ) ) ;
#3817 = EDGE_LOOP ( 'NONE', ( #7552, #4300 ) ) ;
#3818 = ORIENTED_EDGE ( 'NONE', *, *, #654, .T. ) ;
#3819 = CIRCLE ( 'NONE', #1495, 10.00140886023999975 ) ;
#3820 = ORIENTED_EDGE ( 'NONE', *, *, #3510, .F. ) ;
#3821 = DIRECTION ( 'NONE',  ( 1.000000000000000000, 0.000000000000000000, 0.000000000000000000 ) ) ;
#3822 = CARTESIAN_POINT ( 'NONE',  ( -101.6332997629502017, 5.834070777358285831, 40.80924727279600006 ) ) ;
#3823 = CARTESIAN_POINT ( 'NONE',  ( -119.8500035651973548, 10.51773513973763130, 44.01533769161250120 ) ) ;
#3824 = AXIS2_PLACEMENT_3D ( 'NONE', #4418, #1333, #35 ) ;
#3825 = SHAPE_REPRESENTATION ( 'MANIFOLD_SOLID_BREP_161_1_1^AS03208AS-HT_AS03208AS-HT_Ass', ( #2466 ), #9344 ) ;
#3826 = VERTEX_POINT ( 'NONE', #3650 ) ;
#3827 = CYLINDRICAL_SURFACE ( 'NONE', #8393, 14.26997145999999539 ) ;
#3828 = CARTESIAN_POINT ( 'NONE',  ( -117.8499929999999978, -14.85015703786999985, 35.98661367735000027 ) ) ;
#3829 = ORIENTED_EDGE ( 'NONE', *, *, #4959, .T. ) ;
#3830 = DIRECTION ( 'NONE',  ( -0.9999972194807169590, -0.002358183800021976424, 0.000000000000000000 ) ) ;
#3832 = ORIENTED_EDGE ( 'NONE', *, *, #1963, .F. ) ;
#3831 = CARTESIAN_POINT ( 'NONE',  ( -104.9482848531999934, 5.305194484994999904, 42.26698381759999279 ) ) ;
#3833 = ORIENTED_EDGE ( 'NONE', *, *, #1451, .F. ) ;
#3834 = CIRCLE ( 'NONE', #8630, 0.4000000000000114575 ) ;
#3835 = VERTEX_POINT ( 'NONE', #9309 ) ;
#3836 = DIRECTION ( 'NONE',  ( -0.7647975700824437562, 0.6442706549238367275, 0.000000000000000000 ) ) ;
#3837 = DIRECTION ( 'NONE',  ( 0.000000000000000000, 1.000000000000000000, 0.000000000000000000 ) ) ;
#3838 = AXIS2_PLACEMENT_3D ( 'NONE', #6112, #8745, #3743 ) ;
#3839 = DIRECTION ( 'NONE',  ( 0.000000000000000000, -1.000000000000000000, 0.000000000000000000 ) ) ;
#3840 = DIRECTION ( 'NONE',  ( 0.8660254037831759399, 0.5000000000021870283, 0.000000000000000000 ) ) ;
#3841 = DIRECTION ( 'NONE',  ( 0.000000000000000000, 0.000000000000000000, -1.000000000000000000 ) ) ;
#3842 = VERTEX_POINT ( 'NONE', #7286 ) ;
#3843 = DIRECTION ( 'NONE',  ( 0.000000000000000000, -1.000000000000000000, 0.000000000000000000 ) ) ;
#3844 = EDGE_CURVE ( 'NONE', #5760, #3983, #8458, .T. ) ;
#3845 = EDGE_CURVE ( 'NONE', #4242, #849, #2226, .T. ) ;
#3846 = VECTOR ( 'NONE', #7019, 1000.000000000000000 ) ;
#3847 = ORIENTED_EDGE ( 'NONE', *, *, #3377, .T. ) ;
#3848 = B_SPLINE_CURVE_WITH_KNOTS ( 'NONE', 3,
 ( #4898, #4836, #6466, #7250, #7191, #7871 ),
 .UNSPECIFIED., .F., .F.,
 ( 4, 1, 1, 4 ),
 ( 0.000000000000000000, 0.3333333333333000081, 0.6666666666667000474, 1.000000000000000000 ),
 .UNSPECIFIED. ) ;
#3849 = VERTEX_POINT ( 'NONE', #6649 ) ;
#3850 = FACE_OUTER_BOUND ( 'NONE', #4185, .T. ) ;
#3851 = ORIENTED_EDGE ( 'NONE', *, *, #4554, .T. ) ;
#3852 = CARTESIAN_POINT ( 'NONE',  ( -110.8500262424611122, 11.41016016738337413, 44.16013266168727824 ) ) ;
#3853 = DIRECTION ( 'NONE',  ( 0.000000000000000000, 0.000000000000000000, -1.000000000000000000 ) ) ;
#3854 = APPLICATION_CONTEXT ( 'automotive_design' ) ;
#3855 = EDGE_CURVE ( 'NONE', #4269, #7328, #5407, .T. ) ;
#3856 = DIRECTION ( 'NONE',  ( 0.000000000000000000, 0.000000000000000000, 1.000000000000000000 ) ) ;
#3857 = ORIENTED_EDGE ( 'NONE', *, *, #810, .T. ) ;
#3858 = PLANE ( 'NONE',  #8076 ) ;
#3859 = ADVANCED_FACE ( 'NONE', ( #2243, #5386 ), #807, .F. ) ;
#3861 = DIRECTION ( 'NONE',  ( 0.000000000000000000, -1.000000000000000000, 0.000000000000000000 ) ) ;
#3860 = CIRCLE ( 'NONE', #6402, 9.099981800000003673 ) ;
#3862 = B_SPLINE_CURVE_WITH_KNOTS ( 'NONE', 3,
 ( #7994, #5441, #6171, #8746, #1518, #5917, #2269, #307, #2997, #3744, #1021, #1703, #4618, #333, #3831, #199, #5879 ),
 .UNSPECIFIED., .F., .F.,
 ( 4, 1, 1, 1, 1, 1, 1, 1, 1, 1, 1, 1, 1, 1, 4 ),
 ( 0.000000000000000000, 0.07142857142856999519, 0.1428571428570999946, 0.2142857142857000075, 0.2857142857143000203, 0.3571428571429000054, 0.4285714285713999594, 0.5000000000000000000, 0.5714285714286000406, 0.6428571428570999391, 0.7142857142856999797, 0.7857142857142999093, 0.8571428571429000609, 0.9285714285714000704, 1.000000000000000000 ),
 .UNSPECIFIED. ) ;
#3863 = ORIENTED_EDGE ( 'NONE', *, *, #918, .F. ) ;
#3864 = CARTESIAN_POINT ( 'NONE',  ( -114.3499999999999943, 6.399984800000000362, 46.62000299999999697 ) ) ;
#3865 = VERTEX_POINT ( 'NONE', #3780 ) ;
#3866 = VECTOR ( 'NONE', #982, 1000.000000000000000 ) ;
#3867 = AXIS2_PLACEMENT_3D ( 'NONE', #3974, #287, #6781 ) ;
#3868 = EDGE_CURVE ( 'NONE', #3896, #6404, #4596, .T. ) ;
#3869 = LINE ( 'NONE', #470, #6912 ) ;
#3870 = CARTESIAN_POINT ( 'NONE',  ( -123.2223223961000116, -6.366656053202000010, 40.32001560000000495 ) ) ;
#3871 = ORIENTED_EDGE ( 'NONE', *, *, #4470, .T. ) ;
#3872 = EDGE_CURVE ( 'NONE', #278, #1535, #7630, .T. ) ;
#3873 = CIRCLE ( 'NONE', #5101, 9.099981800000000121 ) ;
#3874 = CARTESIAN_POINT ( 'NONE',  ( -102.4286247745000082, 6.606567778732000740, 33.27002970000000204 ) ) ;
#3875 = VERTEX_POINT ( 'NONE', #5063 ) ;
#3876 = PRODUCT_DEFINITION ( 'UNKNOWN', '', #28, #3271 ) ;
#3877 = CARTESIAN_POINT ( 'NONE',  ( -114.3499999999999943, -1.199999999999999956, 41.77001269999999522 ) ) ;
#3878 = ORIENTED_EDGE ( 'NONE', *, *, #5582, .F. ) ;
#3879 = EDGE_CURVE ( 'NONE', #9203, #7901, #6420, .T. ) ;
#3880 = CARTESIAN_POINT ( 'NONE',  ( -106.6398761140000033, 8.447584131454998868, 42.57001110000000210 ) ) ;
#3881 = VECTOR ( 'NONE', #6372, 1000.000000000000000 ) ;
#3882 = DIRECTION ( 'NONE',  ( -0.8660254038037165092, -0.4999999999666097095, 0.000000000000000000 ) ) ;
#3883 = CARTESIAN_POINT ( 'NONE',  ( -107.5000177000000008, 14.04996829999999974, 36.27002670000000251 ) ) ;
#3884 = DIRECTION ( 'NONE',  ( 0.000000000000000000, -1.000000000000000000, 0.000000000000000000 ) ) ;
#3885 = ORIENTED_EDGE ( 'NONE', *, *, #6736, .T. ) ;
#3886 = EDGE_CURVE ( 'NONE', #1038, #7230, #4612, .T. ) ;
#3887 = LINE ( 'NONE', #514, #3765 ) ;
#3888 = EDGE_CURVE ( 'NONE', #7364, #8037, #1507, .T. ) ;
#3889 = FILL_AREA_STYLE ('',( #8896 ) ) ;
#3890 = CARTESIAN_POINT ( 'NONE',  ( -117.8499929999999978, 13.12870122345000112, 40.48468206460000118 ) ) ;
#3891 = ORIENTED_EDGE ( 'NONE', *, *, #7480, .F. ) ;
#3892 = DIRECTION ( 'NONE',  ( 1.000000000000000000, 0.000000000000000000, 0.000000000000000000 ) ) ;
#3893 = CARTESIAN_POINT ( 'NONE',  ( -126.2713752254999946, -9.006567778731998430, 33.27002970000000204 ) ) ;
#3894 = ADVANCED_FACE ( 'NONE', ( #1316, #4674 ), #742, .T. ) ;
#3895 = FACE_OUTER_BOUND ( 'NONE', #7530, .T. ) ;
#3896 = VERTEX_POINT ( 'NONE', #4999 ) ;
#3897 = UNCERTAINTY_MEASURE_WITH_UNIT (LENGTH_MEASURE( 1.000000000000000082E-05 ), #596, 'distance_accuracy_value', 'NONE');
#3898 = EDGE_CURVE ( 'NONE', #2239, #1378, #7837, .T. ) ;
#3899 = CARTESIAN_POINT ( 'NONE',  ( -103.3201118657888031, 1.166131792452161697, 42.21941885974310082 ) ) ;
#3900 = DIRECTION ( 'NONE',  ( 0.000000000000000000, 1.000000000000000000, 0.000000000000000000 ) ) ;
#3901 = DIRECTION ( 'NONE',  ( -0.6480042485083771231, -0.7616367204350730225, 0.000000000000000000 ) ) ;
#3902 = DIRECTION ( 'NONE',  ( 0.4104479065495873491, 0.9118840474583713718, -3.055189599715368814E-14 ) ) ;
#3903 = CARTESIAN_POINT ( 'NONE',  ( -126.3971756688999903, 4.667279962984000719, 44.27001270000000233 ) ) ;
#3904 = STYLED_ITEM ( 'NONE', ( #1257 ), #7541 ) ;
#3905 = ADVANCED_FACE ( 'NONE', ( #1334 ), #2968, .T. ) ;
#3906 = ORIENTED_EDGE ( 'NONE', *, *, #8379, .F. ) ;
#3907 = DIRECTION ( 'NONE',  ( 0.6456995375516848545, 0.7635915840326820136, 0.000000000000000000 ) ) ;
#3908 = VECTOR ( 'NONE', #4150, 1000.000000000000000 ) ;
#3909 = EDGE_CURVE ( 'NONE', #3243, #5037, #4691, .T. ) ;
#3910 = ORIENTED_EDGE ( 'NONE', *, *, #1096, .F. ) ;
#3911 = PLANE ( 'NONE',  #8056 ) ;
#3912 = ORIENTED_EDGE ( 'NONE', *, *, #8325, .F. ) ;
#3913 = CARTESIAN_POINT ( 'NONE',  ( -103.8297442096515510, 8.122149172150336938, 42.18027075867045284 ) ) ;
#3914 = DIRECTION ( 'NONE',  ( -4.320342800525880513E-15, -5.128570811442340147E-15, -1.000000000000000000 ) ) ;
#3915 = CARTESIAN_POINT ( 'NONE',  ( 0.000000000000000000, 0.000000000000000000, 0.000000000000000000 ) ) ;
#3916 = CIRCLE ( 'NONE', #4949, 0.5499989000000014006 ) ;
#3917 = CARTESIAN_POINT ( 'NONE',  ( -100.8414986880358413, 3.228604939411437336, 42.00443503919585453 ) ) ;
#3918 = DIRECTION ( 'NONE',  ( 1.000000000000000000, 0.000000000000000000, 0.000000000000000000 ) ) ;
#3919 = PRESENTATION_STYLE_ASSIGNMENT (( #4947 ) ) ;
#3920 = ORIENTED_EDGE ( 'NONE', *, *, #2271, .T. ) ;
#3921 = AXIS2_PLACEMENT_3D ( 'NONE', #6229, #2527, #3194 ) ;
#3922 = CARTESIAN_POINT ( 'NONE',  ( -125.1999782999999837, 14.64996829999999939, 32.77003069999999951 ) ) ;
#3923 = LINE ( 'NONE', #4590, #567 ) ;
#3924 = AXIS2_PLACEMENT_3D ( 'NONE', #421, #3663, #6728 ) ;
#3925 = VERTEX_POINT ( 'NONE', #3095 ) ;
#3926 = DIRECTION ( 'NONE',  ( 0.000000000000000000, 0.000000000000000000, -1.000000000000000000 ) ) ;
#3927 = LINE ( 'NONE', #3893, #724 ) ;
#3928 = CARTESIAN_POINT ( 'NONE',  ( -106.8777979770108857, 7.175835441534642811, 42.18775017979208997 ) ) ;
#3929 = B_SPLINE_CURVE_WITH_KNOTS ( 'NONE', 3,
 ( #6568, #1416, #5052, #8640, #9240, #795, #6361, #1481, #5878, #2155, #7275, #612, #1304, #5696, #8577, #7956 ),
 .UNSPECIFIED., .F., .F.,
 ( 4, 2, 2, 1, 1, 2, 2, 2, 4 ),
 ( 0.000000000000000000, 0.2499999999994680921, 0.3749999999992106869, 0.4374999999990684119, 0.4687499999989869215, 0.4843749999989757637, 0.4999999999989646060, 0.7499999999994823030, 1.000000000000000000 ),
 .UNSPECIFIED. ) ;
#3930 = EDGE_CURVE ( 'NONE', #8556, #2641, #7825, .T. ) ;
#3931 = ORIENTED_EDGE ( 'NONE', *, *, #792, .F. ) ;
#3932 = CARTESIAN_POINT ( 'NONE',  ( -114.3499999999999943, 14.34996889999999858, 32.77003069999999951 ) ) ;
#3933 = ORIENTED_EDGE ( 'NONE', *, *, #3047, .T. ) ;
#3934 = CARTESIAN_POINT ( 'NONE',  ( -119.4776496039000051, -12.83331034679999938, 41.77001269999999522 ) ) ;
#3935 = ADVANCED_FACE ( 'NONE', ( #4461 ), #4475, .F. ) ;
#3936 = VECTOR ( 'NONE', #5674, 1000.000000000000000 ) ;
#3937 = CARTESIAN_POINT ( 'NONE',  ( -103.9284517085000061, 3.662183173092999677, 42.27001269999999522 ) ) ;
#3938 =( GEOMETRIC_REPRESENTATION_CONTEXT ( 3 ) GLOBAL_UNCERTAINTY_ASSIGNED_CONTEXT ( ( #7254 ) ) GLOBAL_UNIT_ASSIGNED_CONTEXT ( ( #5124, #5061, #6011 ) ) REPRESENTATION_CONTEXT ( 'NONE', 'WORKASPACE' ) );
#3939 = ORIENTED_EDGE ( 'NONE', *, *, #9336, .T. ) ;
#3940 = DIRECTION ( 'NONE',  ( 1.000000000000000000, 0.000000000000000000, 0.000000000000000000 ) ) ;
#3941 = CARTESIAN_POINT ( 'NONE',  ( -106.6398761140000033, 8.447584131456000733, 41.17001390000000072 ) ) ;
#3942 = FACE_OUTER_BOUND ( 'NONE', #1497, .T. ) ;
#3943 = VECTOR ( 'NONE', #7516, 1000.000000000000000 ) ;
#3944 = DIRECTION ( 'NONE',  ( 0.8660254038053288861, 0.4999999999638169434, 0.000000000000000000 ) ) ;
#3945 = EDGE_CURVE ( 'NONE', #5975, #3978, #7959, .T. ) ;
#3946 = DIRECTION ( 'NONE',  ( -0.000000000000000000, 1.000000000000000000, 0.000000000000000000 ) ) ;
#3947 = B_SPLINE_CURVE_WITH_KNOTS ( 'NONE', 3,
 ( #7128, #9271, #1339, #5067, #8722, #5829 ),
 .UNSPECIFIED., .F., .F.,
 ( 4, 1, 1, 4 ),
 ( 0.000000000000000000, 0.3333333333333000081, 0.6666666666667000474, 1.000000000000000000 ),
 .UNSPECIFIED. ) ;
#3948 = CARTESIAN_POINT ( 'NONE',  ( -122.0601238866999978, -10.84758413089000051, 41.11078210476999573 ) ) ;
#3949 = ORIENTED_EDGE ( 'NONE', *, *, #4158, .T. ) ;
#3950 = EDGE_CURVE ( 'NONE', #6773, #8258, #1902, .T. ) ;
#3951 = DIRECTION ( 'NONE',  ( 0.000000000000000000, -1.000000000000000000, 0.000000000000000000 ) ) ;
#3952 = DIRECTION ( 'NONE',  ( 1.000000000000000000, 0.000000000000000000, 0.000000000000000000 ) ) ;
#3953 = VERTEX_POINT ( 'NONE', #3903 ) ;
#3954 = CARTESIAN_POINT ( 'NONE',  ( -110.8500070000000051, -14.92330464742999929, 34.77002669999999540 ) ) ;
#3955 = FACE_OUTER_BOUND ( 'NONE', #5100, .T. ) ;
#3956 = CARTESIAN_POINT ( 'NONE',  ( -99.50003170000000807, -9.149982299999999569, 34.77002669999999540 ) ) ;
#3957 = EDGE_CURVE ( 'NONE', #4195, #6933, #1797, .T. ) ;
#3958 = CARTESIAN_POINT ( 'NONE',  ( -127.8807154628999996, -8.088203631625001222, 34.77002669999999540 ) ) ;
#3959 = PRODUCT_DEFINITION_CONTEXT ( 'detailed design', #5140, 'design' ) ;
#3960 = CARTESIAN_POINT ( 'NONE',  ( -101.8710458034000084, 5.082115998437000570, 42.22943020382000157 ) ) ;
#3961 = DIRECTION ( 'NONE',  ( 0.000000000000000000, 0.000000000000000000, 1.000000000000000000 ) ) ;
#3962 = EDGE_LOOP ( 'NONE', ( #239, #6683 ) ) ;
#3963 = CARTESIAN_POINT ( 'NONE',  ( -104.2961567981000002, 7.522402848498000338, 42.27001269999999522 ) ) ;
#3964 = AXIS2_PLACEMENT_3D ( 'NONE', #9186, #3946, #502 ) ;
#3965 = CIRCLE ( 'NONE', #1492, 10.99997799999999870 ) ;
#3966 = EDGE_CURVE ( 'NONE', #8150, #2952, #1669, .T. ) ;
#3967 = ORIENTED_EDGE ( 'NONE', *, *, #1862, .T. ) ;
#3968 = ORIENTED_EDGE ( 'NONE', *, *, #8915, .F. ) ;
#3969 = DIRECTION ( 'NONE',  ( 1.000000000000000000, 2.275828311870811047E-12, 0.000000000000000000 ) ) ;
#3970 = ADVANCED_FACE ( 'NONE', ( #4835 ), #2434, .T. ) ;
#3971 = VECTOR ( 'NONE', #8240, 1000.000000000000000 ) ;
#3972 = ORIENTED_EDGE ( 'NONE', *, *, #8317, .F. ) ;
#3973 = CARTESIAN_POINT ( 'NONE',  ( -114.3499999999999943, -1.199999999999999956, 37.77002069999999634 ) ) ;
#3974 = CARTESIAN_POINT ( 'NONE',  ( -107.5000177000000008, 14.64996829999999939, 34.77002669999999540 ) ) ;
#3975 = PRODUCT_CONTEXT ( 'NONE', #6956, 'mechanical' ) ;
#3976 = EDGE_CURVE ( 'NONE', #5685, #7447, #1717, .T. ) ;
#3977 = ADVANCED_FACE ( 'NONE', ( #1873 ), #5436, .F. ) ;
#3978 = VERTEX_POINT ( 'NONE', #6074 ) ;
#3979 = CARTESIAN_POINT ( 'NONE',  ( -125.1999782999999837, -17.73473213866999743, 34.77002669999999540 ) ) ;
#3980 = LINE ( 'NONE', #840, #3784 ) ;
#3981 = CARTESIAN_POINT ( 'NONE',  ( -122.9499828000000008, -1.199999999999999956, 40.62001500000000220 ) ) ;
#3982 = AXIS2_PLACEMENT_3D ( 'NONE', #77, #2955, #3703 ) ;
#3983 = VERTEX_POINT ( 'NONE', #7455 ) ;
#3984 = CARTESIAN_POINT ( 'NONE',  ( -114.3506579201000051, -1.183702654446000091, 41.77001269999999522 ) ) ;
#3985 = CARTESIAN_POINT ( 'NONE',  ( -101.1891841795999909, 2.965375221410000428, 41.17001390000000072 ) ) ;
#3986 = DIRECTION ( 'NONE',  ( 0.000000000000000000, 0.000000000000000000, 1.000000000000000000 ) ) ;
#3987 = PRODUCT_RELATED_PRODUCT_CATEGORY ( 'part', '', ( #8743 ) ) ;
#3988 = VERTEX_POINT ( 'NONE', #8152 ) ;
#3989 = DIRECTION ( 'NONE',  ( -1.943015294363999694E-12, 1.858395944775000087E-12, 1.000000000000000000 ) ) ;
#3990 = PLANE ( 'NONE',  #4580 ) ;
#3991 = DIRECTION ( 'NONE',  ( 0.000000000000000000, 0.000000000000000000, -1.000000000000000000 ) ) ;
#3992 = LINE ( 'NONE', #1098, #1030 ) ;
#3993 = VERTEX_POINT ( 'NONE', #6827 ) ;
#3994 = CARTESIAN_POINT ( 'NONE',  ( -115.3339177692999868, 0.5632838269789000041, 49.55907315657999845 ) ) ;
#3995 = CARTESIAN_POINT ( 'NONE',  ( -98.50003170000000807, 8.749982299996998947, 34.77002669999999540 ) ) ;
#3996 = FACE_OUTER_BOUND ( 'NONE', #9217, .T. ) ;
#3997 = ORIENTED_EDGE ( 'NONE', *, *, #3139, .F. ) ;
#3998 = CARTESIAN_POINT ( 'NONE',  ( -107.5000177000000008, 13.64996830000000116, 35.17002670000000109 ) ) ;
#3999 = DIRECTION ( 'NONE',  ( 0.000000000000000000, 0.000000000000000000, 1.000000000000000000 ) ) ;
#4000 = CARTESIAN_POINT ( 'NONE',  ( -114.3499999999999943, -1.199999999999999956, 41.77001269999999522 ) ) ;
#4001 = EDGE_CURVE ( 'NONE', #6046, #5489, #5467, .T. ) ;
#4002 = ORIENTED_EDGE ( 'NONE', *, *, #8139, .T. ) ;
#4003 = ORIENTED_EDGE ( 'NONE', *, *, #4368, .F. ) ;
#4004 = ADVANCED_FACE ( 'NONE', ( #8856 ), #2340, .F. ) ;
#4005 = CIRCLE ( 'NONE', #8262, 1.599996800000001329 ) ;
#4006 = VERTEX_POINT ( 'NONE', #8210 ) ;
#4007 = EDGE_LOOP ( 'NONE', ( #186, #7504, #9253, #353 ) ) ;
#4008 = CARTESIAN_POINT ( 'NONE',  ( -103.0500540198000010, -1.173352580520000021, 41.17001390000000072 ) ) ;
#4009 = PLANE ( 'NONE',  #2112 ) ;
#4010 = CYLINDRICAL_SURFACE ( 'NONE', #5628, 15.18297050000000326 ) ;
#4011 = LINE ( 'NONE', #8854, #7155 ) ;
#4012 = ORIENTED_EDGE ( 'NONE', *, *, #432, .T. ) ;
#4013 = AXIS2_PLACEMENT_3D ( 'NONE', #630, #3796, #752 ) ;
#4014 = DIRECTION ( 'NONE',  ( 0.000000000000000000, 0.000000000000000000, -1.000000000000000000 ) ) ;
#4015 = EDGE_LOOP ( 'NONE', ( #9113, #6024, #8878, #359, #8402 ) ) ;
#4016 = DIRECTION ( 'NONE',  ( 0.000000000000000000, 0.000000000000000000, 1.000000000000000000 ) ) ;
#4017 = DIRECTION ( 'NONE',  ( 0.5016770317134990886, 0.8650550016334989101, 0.000000000000000000 ) ) ;
#4018 = DIRECTION ( 'NONE',  ( 1.000000000000000000, 0.000000000000000000, 0.000000000000000000 ) ) ;
#4019 = VERTEX_POINT ( 'NONE', #2502 ) ;
#4020 = CARTESIAN_POINT ( 'NONE',  ( -108.8500449492376561, 10.72224362570590905, 44.19102839327572241 ) ) ;
#4021 = LINE ( 'NONE', #1270, #996 ) ;
#4022 = ORIENTED_EDGE ( 'NONE', *, *, #6574, .F. ) ;
#4023 = VECTOR ( 'NONE', #156, 1000.000000000000114 ) ;
#4024 = ORIENTED_EDGE ( 'NONE', *, *, #8462, .T. ) ;
#4025 = CARTESIAN_POINT ( 'NONE',  ( -110.8500003954780624, 11.37489970129406736, 44.12999756748202884 ) ) ;
#4026 = DIRECTION ( 'NONE',  ( 0.000000000000000000, 0.000000000000000000, -1.000000000000000000 ) ) ;
#4027 = AXIS2_PLACEMENT_3D ( 'NONE', #552, #2715, #3462 ) ;
#4028 = ADVANCED_FACE ( 'NONE', ( #8596 ), #5483, .T. ) ;
#4029 = VERTEX_POINT ( 'NONE', #5041 ) ;
#4030 = AXIS2_PLACEMENT_3D ( 'NONE', #5040, #7203, #2758 ) ;
#4031 = DIRECTION ( 'NONE',  ( 0.000000000000000000, 0.000000000000000000, 1.000000000000000000 ) ) ;
#4032 = CARTESIAN_POINT ( 'NONE',  ( -119.0074371987000035, -12.36664405319999993, 41.77001269999999522 ) ) ;
#4033 = PRESENTATION_STYLE_ASSIGNMENT (( #1267 ) ) ;
#4034 = VERTEX_POINT ( 'NONE', #3760 ) ;
#4035 = EDGE_CURVE ( 'NONE', #3216, #99, #2471, .T. ) ;
#4036 = CARTESIAN_POINT ( 'NONE',  ( -104.5835859168999917, 3.861291530676000061, 41.77001269999999522 ) ) ;
#4037 = CIRCLE ( 'NONE', #7289, 11.39997820000000495 ) ;
#4038 = CARTESIAN_POINT ( 'NONE',  ( -105.2805512285000020, -0.4551726771343999611, 41.17001390000000072 ) ) ;
#4039 = VERTEX_POINT ( 'NONE', #1531 ) ;
#4040 = PLANE ( 'NONE',  #2376 ) ;
#4041 = LINE ( 'NONE', #3468, #3881 ) ;
#4042 = ADVANCED_FACE ( 'NONE', ( #5611 ), #5519, .T. ) ;
#4043 = EDGE_LOOP ( 'NONE', ( #932, #8603, #9304, #72, #882, #5999, #548, #5724, #8665, #5734, #3735, #7392 ) ) ;
#4044 = EDGE_LOOP ( 'NONE', ( #7402, #2491 ) ) ;
#4045 = AXIS2_PLACEMENT_3D ( 'NONE', #3915, #6656, #7979 ) ;
#4046 = CARTESIAN_POINT ( 'NONE',  ( -122.2999822999999964, -17.04996829999999974, 36.27002670000000251 ) ) ;
#4047 = ADVANCED_FACE ( 'NONE', ( #5662, #2535 ), #5933, .T. ) ;
#4048 = SHAPE_REPRESENTATION_RELATIONSHIP ( 'NONE' , 'NONE' ,  #3825, #2683 ) ;
#4049 = CLOSED_SHELL ( 'NONE', ( #8299, #8400, #5145, #2361, #8449, #9086, #1603, #3738, #2754, #4901, #4047, #5274, #5316, #3859, #2401, #7080, #7095 ) ) ;
#4050 = DIRECTION ( 'NONE',  ( 0.000000000000000000, 0.000000000000000000, -1.000000000000000000 ) ) ;
#4051 = CARTESIAN_POINT ( 'NONE',  ( -119.4776496039000051, -11.69997870000000084, 41.57001309999999705 ) ) ;
#4052 = CARTESIAN_POINT ( 'NONE',  ( -105.5000177000000008, -17.04996829999999974, 36.27002670000000251 ) ) ;
#4053 = EDGE_CURVE ( 'NONE', #3158, #2771, #2276, .T. ) ;
#4054 = FACE_OUTER_BOUND ( 'NONE', #511, .T. ) ;
#4055 = VERTEX_POINT ( 'NONE', #4327 ) ;
#4056 = DIRECTION ( 'NONE',  ( -0.7647975700753082418, 0.6442706549323071741, -1.912277737252020212E-12 ) ) ;
#4057 = DIRECTION ( 'NONE',  ( 0.000000000000000000, 0.000000000000000000, -1.000000000000000000 ) ) ;
#4058 = FACE_OUTER_BOUND ( 'NONE', #961, .T. ) ;
#4059 = ORIENTED_EDGE ( 'NONE', *, *, #8565, .F. ) ;
#4060 = CARTESIAN_POINT ( 'NONE',  ( -114.3499999999999943, -1.199999999999999956, 34.77002669999999540 ) ) ;
#4061 = CARTESIAN_POINT ( 'NONE',  ( -101.7549476083000002, 5.147998305646999562, 35.77002470000000045 ) ) ;
#4062 = EDGE_CURVE ( 'NONE', #7321, #5200, #5648, .T. ) ;
#4063 = DIRECTION ( 'NONE',  ( 1.000000000000000000, 0.000000000000000000, 0.000000000000000000 ) ) ;
#4064 = ORIENTED_EDGE ( 'NONE', *, *, #4697, .F. ) ;
#4065 = ORIENTED_EDGE ( 'NONE', *, *, #2937, .F. ) ;
#4066 = ORIENTED_EDGE ( 'NONE', *, *, #8674, .T. ) ;
#4067 = CIRCLE ( 'NONE', #6516, 12.89997819999999962 ) ;
#4068 = EDGE_CURVE ( 'NONE', #299, #2657, #5629, .T. ) ;
#4069 = PLANE ( 'NONE',  #1456 ) ;
#4070 = EDGE_CURVE ( 'NONE', #536, #3192, #8794, .T. ) ;
#4071 = EDGE_CURVE ( 'NONE', #6035, #6675, #1610, .T. ) ;
#4072 = CARTESIAN_POINT ( 'NONE',  ( -98.50003170000000807, -12.04997829999999936, 32.77003069999999951 ) ) ;
#4073 = ORIENTED_EDGE ( 'NONE', *, *, #8929, .F. ) ;
#4074 = LINE ( 'NONE', #6720, #3943 ) ;
#4075 = DIRECTION ( 'NONE',  ( 0.000000000000000000, 0.000000000000000000, -1.000000000000000000 ) ) ;
#4076 = ORIENTED_EDGE ( 'NONE', *, *, #3740, .T. ) ;
#4077 = DIRECTION ( 'NONE',  ( 0.000000000000000000, 1.000000000000000000, 0.000000000000000000 ) ) ;
#4078 = EDGE_CURVE ( 'NONE', #1005, #8302, #7899, .T. ) ;
#4079 = DIRECTION ( 'NONE',  ( 0.000000000000000000, -1.000000000000000000, 0.000000000000000000 ) ) ;
#4080 = DIRECTION ( 'NONE',  ( 0.000000000000000000, 0.000000000000000000, -1.000000000000000000 ) ) ;
#4081 = DIRECTION ( 'NONE',  ( 1.000000000000000000, 0.000000000000000000, 0.000000000000000000 ) ) ;
#4082 = ORIENTED_EDGE ( 'NONE', *, *, #6696, .F. ) ;
#4083 = EDGE_CURVE ( 'NONE', #605, #6318, #1827, .T. ) ;
#4084 = DIRECTION ( 'NONE',  ( -0.5000000000002137179, 0.8660254037843153618, 0.000000000000000000 ) ) ;
#4085 = VECTOR ( 'NONE', #6959, 1000.000000000000000 ) ;
#4086 = ORIENTED_EDGE ( 'NONE', *, *, #5810, .T. ) ;
#4087 = ORIENTED_EDGE ( 'NONE', *, *, #8790, .F. ) ;
#4088 = CIRCLE ( 'NONE', #7502, 10.89997820000000672 ) ;
#4089 = CARTESIAN_POINT ( 'NONE',  ( -124.4473968214000053, 8.730841801028001115, 34.77002669999999540 ) ) ;
#4090 = CARTESIAN_POINT ( 'NONE',  ( -117.8499929999999978, 11.73481599251999974, 44.27001270000000233 ) ) ;
#4091 = ORIENTED_EDGE ( 'NONE', *, *, #356, .T. ) ;
#4092 = APPLICATION_CONTEXT ( 'automotive_design' ) ;
#4093 = AXIS2_PLACEMENT_3D ( 'NONE', #4181, #4870, #7105 ) ;
#4094 = DIRECTION ( 'NONE',  ( 0.000000000000000000, 0.000000000000000000, 1.000000000000000000 ) ) ;
#4095 = ORIENTED_EDGE ( 'NONE', *, *, #8671, .T. ) ;
#4096 = DIRECTION ( 'NONE',  ( -0.2372881355932019432, 0.9714393139598078708, 0.000000000000000000 ) ) ;
#4097 = VECTOR ( 'NONE', #5349, 1000.000000000000000 ) ;
#4098 = AXIS2_PLACEMENT_3D ( 'NONE', #2962, #8517, #7162 ) ;
#4099 = CARTESIAN_POINT ( 'NONE',  ( -114.3506579201000051, -1.183702654446000091, 41.17001390000000072 ) ) ;
#4100 = ORIENTED_EDGE ( 'NONE', *, *, #7923, .F. ) ;
#4101 = CARTESIAN_POINT ( 'NONE',  ( -126.8499683000000005, -13.73473213867000098, 34.77002669999999540 ) ) ;
#4102 = PRODUCT ( 'MANIFOLD_SOLID_BREP_155_1_1^AS03208AS-HT_AS03208AS-HT_Ass', 'MANIFOLD_SOLID_BREP_155_1_1^AS03208AS-HT_AS03208AS-HT_Ass', '', ( #3975 ) ) ;
#4103 = ORIENTED_EDGE ( 'NONE', *, *, #3898, .T. ) ;
#4104 = CARTESIAN_POINT ( 'NONE',  ( -100.7156874904000148, -5.032044341766999551, 34.77002669999999540 ) ) ;
#4105 = AXIS2_PLACEMENT_3D ( 'NONE', #5527, #2727, #4815 ) ;
#4106 = ORIENTED_EDGE ( 'NONE', *, *, #8450, .F. ) ;
#4107 = CARTESIAN_POINT ( 'NONE',  ( -129.4499682999999948, -11.33474613867000080, 37.77002069999999634 ) ) ;
#4108 = ORIENTED_EDGE ( 'NONE', *, *, #3277, .F. ) ;
#4109 = CARTESIAN_POINT ( 'NONE',  ( -121.1999822999999878, -16.44996829999999832, 35.17002670000000109 ) ) ;
#4110 = DIRECTION ( 'NONE',  ( -1.000000000000000000, 0.000000000000000000, 0.000000000000000000 ) ) ;
#4111 = CYLINDRICAL_SURFACE ( 'NONE', #623, 0.5499988999999992911 ) ;
#4112 = EDGE_CURVE ( 'NONE', #871, #8680, #4968, .T. ) ;
#4113 = ORIENTED_EDGE ( 'NONE', *, *, #6562, .T. ) ;
#4114 = CARTESIAN_POINT ( 'NONE',  ( -114.3499999999999943, -1.199999999999999956, 38.35301953399999775 ) ) ;
#4115 = ADVANCED_FACE ( 'NONE', ( #1704 ), #4914, .F. ) ;
#4116 = CARTESIAN_POINT ( 'NONE',  ( -125.1999782999999837, 14.64996829999999939, 34.77002669999999540 ) ) ;
#4117 = CARTESIAN_POINT ( 'NONE',  ( -130.1999682999999948, 5.649982300000000457, 36.27002670000000251 ) ) ;
#4118 = DIRECTION ( 'NONE',  ( 0.000000000000000000, 0.000000000000000000, -1.000000000000000000 ) ) ;
#4119 = B_SPLINE_CURVE_WITH_KNOTS ( 'NONE', 3,
 ( #3400, #4804, #680, #2097 ),
 .UNSPECIFIED., .F., .F.,
 ( 4, 4 ),
 ( 0.000000000000000000, 1.000000000000000000 ),
 .UNSPECIFIED. ) ;
#4120 = CARTESIAN_POINT ( 'NONE',  ( -114.3499999999999943, -1.199999999999999956, 38.42001940000000104 ) ) ;
#4121 = EDGE_LOOP ( 'NONE', ( #3502, #6360, #2314, #6744 ) ) ;
#4122 = ADVANCED_FACE ( 'NONE', ( #4855 ), #5691, .T. ) ;
#4123 = ORIENTED_EDGE ( 'NONE', *, *, #8784, .F. ) ;
#4124 = AXIS2_PLACEMENT_3D ( 'NONE', #6597, #6449, #8047 ) ;
#4125 = B_SPLINE_CURVE_WITH_KNOTS ( 'NONE', 3,
 ( #9087, #218, #8917, #7515, #3367, #4089 ),
 .UNSPECIFIED., .F., .F.,
 ( 4, 1, 1, 4 ),
 ( 0.000000000000000000, 0.3333333333333000081, 0.6666666666667000474, 1.000000000000000000 ),
 .UNSPECIFIED. ) ;
#4126 = VECTOR ( 'NONE', #4303, 1000.000000000000000 ) ;
#4127 = AXIS2_PLACEMENT_3D ( 'NONE', #1332, #8541, #1384 ) ;
#4128 = B_SPLINE_CURVE_WITH_KNOTS ( 'NONE', 3,
 ( #8554, #1396, #5672, #1988, #7017, #4773 ),
 .UNSPECIFIED., .F., .F.,
 ( 4, 1, 1, 4 ),
 ( 0.000000000000000000, 0.3333333333333000081, 0.6666666666667000474, 1.000000000000000000 ),
 .UNSPECIFIED. ) ;
#4129 = DIRECTION ( 'NONE',  ( 0.000000000000000000, 0.000000000000000000, -1.000000000000000000 ) ) ;
#4130 = EDGE_LOOP ( 'NONE', ( #1291, #5229, #5675, #1222 ) ) ;
#4131 = VECTOR ( 'NONE', #3676, 1000.000000000000000 ) ;
#4132 = PLANE ( 'NONE',  #8967 ) ;
#4133 = ORIENTED_EDGE ( 'NONE', *, *, #883, .T. ) ;
#4134 = CARTESIAN_POINT ( 'NONE',  ( -102.1398851139999948, 0.6533710858525000331, 41.11078210476999573 ) ) ;
#4135 = CARTESIAN_POINT ( 'NONE',  ( -121.3195879989656447, 7.286299223425525717, 44.27001269999613697 ) ) ;
#4136 = CARTESIAN_POINT ( 'NONE',  ( -108.8500070000000051, 11.51109002841999995, 41.77001269999999522 ) ) ;
#4137 = CARTESIAN_POINT ( 'NONE',  ( -114.3499999999999943, -1.199999999999999956, 41.11078210476999573 ) ) ;
#4138 = EDGE_CURVE ( 'NONE', #1708, #9027, #8808, .T. ) ;
#4139 = ORIENTED_EDGE ( 'NONE', *, *, #4407, .T. ) ;
#4140 = CARTESIAN_POINT ( 'NONE',  ( -120.8668843451000043, 6.904938598134998884, 44.27001270000000233 ) ) ;
#4141 = VECTOR ( 'NONE', #2855, 1000.000000000000000 ) ;
#4142 = AXIS2_PLACEMENT_3D ( 'NONE', #4847, #2207, #4096 ) ;
#4143 = ORIENTED_EDGE ( 'NONE', *, *, #6550, .F. ) ;
#4144 = AXIS2_PLACEMENT_3D ( 'NONE', #7739, #8539, #9262 ) ;
#4145 = TOROIDAL_SURFACE ( 'NONE', #745, 11.75069093011999932, 1.769996459999999994 ) ;
#4146 = DIRECTION ( 'NONE',  ( 0.000000000000000000, -1.000000000000000000, 0.000000000000000000 ) ) ;
#4147 = DIRECTION ( 'NONE',  ( 0.000000000000000000, 0.000000000000000000, 1.000000000000000000 ) ) ;
#4148 = ORIENTED_EDGE ( 'NONE', *, *, #1809, .F. ) ;
#4149 = APPLICATION_PROTOCOL_DEFINITION ( 'draft international standard', 'automotive_design', 1998, #9040 ) ;
#4150 = DIRECTION ( 'NONE',  ( 4.684868362875999504E-13, -5.242590787027999989E-13, -1.000000000000000000 ) ) ;
#4151 =( NAMED_UNIT ( * ) PLANE_ANGLE_UNIT ( ) SI_UNIT ( $, .RADIAN. ) );
#4152 = DIRECTION ( 'NONE',  ( -0.9999999999999910072, 1.333753487637976201E-07, 0.000000000000000000 ) ) ;
#4153 = ORIENTED_EDGE ( 'NONE', *, *, #5902, .T. ) ;
#4154 = EDGE_CURVE ( 'NONE', #736, #7862, #5710, .T. ) ;
#4155 = DIRECTION ( 'NONE',  ( 1.000000000000000000, 0.000000000000000000, 0.000000000000000000 ) ) ;
#4156 = CIRCLE ( 'NONE', #2172, 0.5499989000000014006 ) ;
#4157 = CARTESIAN_POINT ( 'NONE',  ( -114.3499999999999943, -8.799984800000000718, 40.62001500000000220 ) ) ;
#4158 = EDGE_CURVE ( 'NONE', #4467, #210, #8841, .T. ) ;
#4159 = ORIENTED_EDGE ( 'NONE', *, *, #224, .T. ) ;
#4160 = CARTESIAN_POINT ( 'NONE',  ( -102.1398851139999948, 0.1533720858525000064, 41.17001390000000072 ) ) ;
#4161 = STYLED_ITEM ( 'NONE', ( #3919 ), #5315 ) ;
#4162 = DIRECTION ( 'NONE',  ( -0.4511573155071940677, -0.8924444389788880327, 0.000000000000000000 ) ) ;
#4163 = VERTEX_POINT ( 'NONE', #3010 ) ;
#4164 = CIRCLE ( 'NONE', #3012, 13.41201238004999929 ) ;
#4165 = VECTOR ( 'NONE', #9308, 1000.000000000000000 ) ;
#4166 = EDGE_LOOP ( 'NONE', ( #5631, #89, #3247, #2464 ) ) ;
#4167 = EDGE_CURVE ( 'NONE', #5580, #5924, #2652, .T. ) ;
#4168 = CARTESIAN_POINT ( 'NONE',  ( -122.4499823000000021, -16.29996829999999974, 37.77002069999999634 ) ) ;
#4169 = VERTEX_POINT ( 'NONE', #4979 ) ;
#4170 = PRODUCT_DEFINITION_SHAPE ( 'NONE', 'NONE',  #9350 ) ;
#4171 = CARTESIAN_POINT ( 'NONE',  ( -100.9948823768000068, 2.469136953347999874, 41.17001390000000072 ) ) ;
#4172 = DIRECTION ( 'NONE',  ( 0.8660254037731168753, 0.5000000000196098693, 3.112234035638059927E-13 ) ) ;
#4173 = VECTOR ( 'NONE', #7856, 1000.000000000000000 ) ;
#4174 = EDGE_CURVE ( 'NONE', #2534, #8398, #9168, .T. ) ;
#4175 = ORIENTED_EDGE ( 'NONE', *, *, #8305, .F. ) ;
#4176 = EDGE_CURVE ( 'NONE', #5580, #587, #6079, .T. ) ;
#4177 = CARTESIAN_POINT ( 'NONE',  ( -126.3971756688999903, 4.667279962984000719, 44.27001270000000233 ) ) ;
#4178 = DIRECTION ( 'NONE',  ( 0.000000000000000000, 0.000000000000000000, 1.000000000000000000 ) ) ;
#4179 = LINE ( 'NONE', #4117, #1219 ) ;
#4180 = DIRECTION ( 'NONE',  ( 0.4999999999998903100, -0.8660254037845019903, 0.000000000000000000 ) ) ;
#4181 = CARTESIAN_POINT ( 'NONE',  ( -103.8725141808999837, 5.695372780464000861, 41.17001390000000072 ) ) ;
#4182 = CARTESIAN_POINT ( 'NONE',  ( -110.8500070000000051, -14.89892585571999994, 35.17554838227000147 ) ) ;
#4183 = ORIENTED_EDGE ( 'NONE', *, *, #24, .T. ) ;
#4184 = MANIFOLD_SOLID_BREP ( 'Imported1', #2981 ) ;
#4185 = EDGE_LOOP ( 'NONE', ( #8589, #3679, #8765, #7106, #1024, #1463, #7055 ) ) ;
#4186 = LINE ( 'NONE', #3728, #4173 ) ;
#4187 = AXIS2_PLACEMENT_3D ( 'NONE', #4101, #424, #5496 ) ;
#4188 = EDGE_CURVE ( 'NONE', #5406, #457, #9276, .T. ) ;
#4189 = CARTESIAN_POINT ( 'NONE',  ( -128.4608165192096578, 2.981742583242449118, 40.53176301859139130 ) ) ;
#4190 = VERTEX_POINT ( 'NONE', #2770 ) ;
#4191 = FILL_AREA_STYLE_COLOUR ( '', #7452 ) ;
#4192 = ORIENTED_EDGE ( 'NONE', *, *, #1022, .F. ) ;
#4193 = ADVANCED_FACE ( 'NONE', ( #6334 ), #730, .F. ) ;
#4194 = CARTESIAN_POINT ( 'NONE',  ( -114.3499999999999943, 7.299832624587000218, 34.17012590296999974 ) ) ;
#4195 = VERTEX_POINT ( 'NONE', #2156 ) ;
#4196 = DIRECTION ( 'NONE',  ( 0.8660254037845658281, 0.4999999999997798983, 0.000000000000000000 ) ) ;
#4197 = DIRECTION ( 'NONE',  ( 0.8830129351716723418, 0.4693486511320854038, 0.000000000000000000 ) ) ;
#4198 = CARTESIAN_POINT ( 'NONE',  ( -114.3499999999999943, -1.199999999999999956, 34.25335726875999853 ) ) ;
#4199 = ADVANCED_FACE ( 'NONE', ( #16 ), #9241, .F. ) ;
#4200 = DIRECTION ( 'NONE',  ( 0.000000000000000000, 0.000000000000000000, -1.000000000000000000 ) ) ;
#4201 = ORIENTED_EDGE ( 'NONE', *, *, #5170, .T. ) ;
#4202 = CARTESIAN_POINT ( 'NONE',  ( -114.3499999999999943, -1.199999999999999956, 34.17012739361999962 ) ) ;
#4203 = DIRECTION ( 'NONE',  ( 0.000000000000000000, 0.000000000000000000, -1.000000000000000000 ) ) ;
#4204 = FACE_OUTER_BOUND ( 'NONE', #5953, .T. ) ;
#4205 = ORIENTED_EDGE ( 'NONE', *, *, #2707, .T. ) ;
#4206 = ORIENTED_EDGE ( 'NONE', *, *, #5170, .F. ) ;
#4207 = LINE ( 'NONE', #942, #4302 ) ;
#4208 = CARTESIAN_POINT ( 'NONE',  ( -114.3499999999999943, -1.199999999996999911, 41.17001390000000072 ) ) ;
#4209 = CARTESIAN_POINT ( 'NONE',  ( -105.5000177000000008, -17.04996829999999974, 34.77002669999999540 ) ) ;
#4210 = DIRECTION ( 'NONE',  ( -0.8927297591781699904, -0.4505924733921847780, 0.000000000000000000 ) ) ;
#4211 = ORIENTED_EDGE ( 'NONE', *, *, #1738, .T. ) ;
#4212 = APPLICATION_PROTOCOL_DEFINITION ( 'draft international standard', 'automotive_design', 1998, #6956 ) ;
#4213 = CARTESIAN_POINT ( 'NONE',  ( -104.4000177000000065, -16.44996829999999832, 36.27002670000000251 ) ) ;
#4214 = AXIS2_PLACEMENT_3D ( 'NONE', #5051, #8020, #135 ) ;
#4215 = CARTESIAN_POINT ( 'NONE',  ( -98.50003170000000807, -8.049982299999999924, 36.27002670000000251 ) ) ;
#4216 = VERTEX_POINT ( 'NONE', #1887 ) ;
#4217 = CARTESIAN_POINT ( 'NONE',  ( -114.3499999999999943, -1.199999999996999911, 41.77001269999999522 ) ) ;
#4218 = LINE ( 'NONE', #6213, #4085 ) ;
#4219 = CARTESIAN_POINT ( 'NONE',  ( -114.3499999999999943, -1.199999999999999956, 38.42001940000000104 ) ) ;
#4220 = DIRECTION ( 'NONE',  ( -1.000000000000000000, 0.000000000000000000, 0.000000000000000000 ) ) ;
#4221 = ORIENTED_EDGE ( 'NONE', *, *, #6094, .F. ) ;
#4222 = CARTESIAN_POINT ( 'NONE',  ( -119.8499929999999978, 12.48618671327999863, 34.77002669999999540 ) ) ;
#4223 = FACE_OUTER_BOUND ( 'NONE', #7038, .T. ) ;
#4224 = AXIS2_PLACEMENT_3D ( 'NONE', #1061, #1701, #8237 ) ;
#4225 = ORIENTED_EDGE ( 'NONE', *, *, #2403, .F. ) ;
#4226 = EDGE_CURVE ( 'NONE', #9053, #6314, #6203, .T. ) ;
#4227 = DIRECTION ( 'NONE',  ( -0.8660254037432119079, -0.5000000000714068804, 0.000000000000000000 ) ) ;
#4228 = ORIENTED_EDGE ( 'NONE', *, *, #1589, .T. ) ;
#4229 = DIRECTION ( 'NONE',  ( 0.000000000000000000, 0.000000000000000000, 1.000000000000000000 ) ) ;
#4230 = DIRECTION ( 'NONE',  ( 0.000000000000000000, 1.000000000000000000, 0.000000000000000000 ) ) ;
#4231 = ADVANCED_FACE ( 'NONE', ( #3218 ), #8641, .F. ) ;
#4232 = LINE ( 'NONE', #4478, #7229 ) ;
#4233 = VERTEX_POINT ( 'NONE', #9059 ) ;
#4234 = DIRECTION ( 'NONE',  ( 1.000000000000000000, 0.000000000000000000, 0.000000000000000000 ) ) ;
#4235 = CARTESIAN_POINT ( 'NONE',  ( -114.3499999999999943, -1.199999999999999956, 32.77003069999999951 ) ) ;
#4236 = LINE ( 'NONE', #8248, #1115 ) ;
#4237 = DIRECTION ( 'NONE',  ( -1.655758523184000051E-12, 1.237319548575414156E-14, 1.000000000000000000 ) ) ;
#4238 = CARTESIAN_POINT ( 'NONE',  ( -120.7369306547999912, 6.795464728924000219, 44.10330228117999951 ) ) ;
#4239 = CARTESIAN_POINT ( 'NONE',  ( -114.3499999999999943, -1.199999999999999956, 34.77002669999999540 ) ) ;
#4240 = CARTESIAN_POINT ( 'NONE',  ( -114.3499999999999943, -1.199999999999999956, 32.77003069999999951 ) ) ;
#4241 = AXIS2_PLACEMENT_3D ( 'NONE', #1129, #1634, #8812 ) ;
#4242 = VERTEX_POINT ( 'NONE', #436 ) ;
#4243 = CLOSED_SHELL ( 'NONE', ( #3005, #1869, #8498, #4650, #6639, #1235, #2563, #505, #308, #6843, #4924 ) ) ;
#4244 = VECTOR ( 'NONE', #1969, 1000.000000000000000 ) ;
#4245 = CARTESIAN_POINT ( 'NONE',  ( -117.8499803189517934, 11.52068680946023349, 44.22534729651906105 ) ) ;
#4246 = VERTEX_POINT ( 'NONE', #5027 ) ;
#4247 = DIRECTION ( 'NONE',  ( 0.000000000000000000, 0.000000000000000000, 1.000000000000000000 ) ) ;
#4248 = CIRCLE ( 'NONE', #18, 0.3999999999999975797 ) ;
#4249 = CARTESIAN_POINT ( 'NONE',  ( -117.8499929999999978, 11.21609787979000039, 41.77001269999999522 ) ) ;
#4250 = VERTEX_POINT ( 'NONE', #5792 ) ;
#4251 = CARTESIAN_POINT ( 'NONE',  ( -114.3499999999999943, -1.199999999999999956, 34.77002669999999540 ) ) ;
#4252 = AXIS2_PLACEMENT_3D ( 'NONE', #6897, #1006, #6095 ) ;
#4253 = DIRECTION ( 'NONE',  ( 1.000000000000000000, 0.000000000000000000, 0.000000000000000000 ) ) ;
#4254 = CARTESIAN_POINT ( 'NONE',  ( -104.8478839341156288, 8.613819117459597052, 42.12945531696430379 ) ) ;
#4255 = DIRECTION ( 'NONE',  ( 0.8362712035340170713, 0.5483160349103121112, 0.000000000000000000 ) ) ;
#4256 = ORIENTED_EDGE ( 'NONE', *, *, #6942, .F. ) ;
#4257 = CARTESIAN_POINT ( 'NONE',  ( -114.3499999999999943, -1.199999999999999956, 44.27001270000000233 ) ) ;
#4258 = EDGE_CURVE ( 'NONE', #5444, #2408, #2068, .T. ) ;
#4259 = VECTOR ( 'NONE', #2916, 1000.000000000000000 ) ;
#4260 = ORIENTED_EDGE ( 'NONE', *, *, #1296, .F. ) ;
#4261 = ORIENTED_EDGE ( 'NONE', *, *, #7369, .T. ) ;
#4262 = FACE_BOUND ( 'NONE', #2872, .T. ) ;
#4263 = CARTESIAN_POINT ( 'NONE',  ( -114.3499999999999943, -1.199999999999999956, 40.56078320476999721 ) ) ;
#4264 = DIRECTION ( 'NONE',  ( 0.000000000000000000, 0.000000000000000000, 1.000000000000000000 ) ) ;
#4265 = EDGE_CURVE ( 'NONE', #3296, #9053, #5423, .T. ) ;
#4266 = ORIENTED_EDGE ( 'NONE', *, *, #2180, .F. ) ;
#4267 = CARTESIAN_POINT ( 'NONE',  ( -104.5835859168999917, 3.861291530676000061, 41.77001269999999522 ) ) ;
#4268 = AXIS2_PLACEMENT_3D ( 'NONE', #7542, #5916, #5161 ) ;
#4269 = VERTEX_POINT ( 'NONE', #492 ) ;
#4270 = CARTESIAN_POINT ( 'NONE',  ( -112.8667632691000051, 14.64996830001000028, 32.77003069999999951 ) ) ;
#4271 = VECTOR ( 'NONE', #158, 1000.000000000000000 ) ;
#4272 = CARTESIAN_POINT ( 'NONE',  ( -124.2946102887000137, -10.98296722859999974, 38.42001940000000104 ) ) ;
#4273 = ORIENTED_EDGE ( 'NONE', *, *, #5836, .F. ) ;
#4274 = EDGE_CURVE ( 'NONE', #8461, #8618, #2140, .T. ) ;
#4275 = EDGE_CURVE ( 'NONE', #8519, #395, #5167, .T. ) ;
#4276 = ORIENTED_EDGE ( 'NONE', *, *, #2830, .F. ) ;
#4277 = DIRECTION ( 'NONE',  ( 0.000000000000000000, 0.000000000000000000, -1.000000000000000000 ) ) ;
#4278 = CIRCLE ( 'NONE', #2835, 14.74997050000000165 ) ;
#4279 = VERTEX_POINT ( 'NONE', #3323 ) ;
#4280 = AXIS2_PLACEMENT_3D ( 'NONE', #8023, #7391, #8776 ) ;
#4281 = ORIENTED_EDGE ( 'NONE', *, *, #4554, .F. ) ;
#4282 = AXIS2_PLACEMENT_3D ( 'NONE', #9274, #5673, #7311 ) ;
#4283 = CARTESIAN_POINT ( 'NONE',  ( -102.9563426354000057, 6.532831684898000368, 42.27001269999999522 ) ) ;
#4284 = PLANE ( 'NONE',  #777 ) ;
#4285 = LINE ( 'NONE', #6383, #4141 ) ;
#4286 = EDGE_LOOP ( 'NONE', ( #295, #6138, #2085, #8972, #8165 ) ) ;
#4287 = CARTESIAN_POINT ( 'NONE',  ( -114.3499999999999943, -1.199999999999999956, 33.17002990000000295 ) ) ;
#4288 = EDGE_CURVE ( 'NONE', #4448, #2918, #2189, .T. ) ;
#4289 = CARTESIAN_POINT ( 'NONE',  ( -114.3499999999999943, -1.199999999999999956, 33.17002990000000295 ) ) ;
#4290 = FACE_OUTER_BOUND ( 'NONE', #1150, .T. ) ;
#4291 = CARTESIAN_POINT ( 'NONE',  ( -102.5163727351000063, 6.429186677304000064, 42.16407319138999554 ) ) ;
#4292 = CARTESIAN_POINT ( 'NONE',  ( -114.3499999999999943, -1.199999999999999956, 40.48468206460000118 ) ) ;
#4293 = CARTESIAN_POINT ( 'NONE',  ( -121.1999822999999878, -16.44996829999999832, 36.27002670000000251 ) ) ;
#4294 = CARTESIAN_POINT ( 'NONE',  ( -104.4000177000000065, -16.44996829999999832, 35.17002670000000109 ) ) ;
#4295 = ORIENTED_EDGE ( 'NONE', *, *, #7598, .T. ) ;
#4296 = ORIENTED_EDGE ( 'NONE', *, *, #7649, .T. ) ;
#4297 = EDGE_CURVE ( 'NONE', #7705, #2443, #5049, .T. ) ;
#4298 = VECTOR ( 'NONE', #7580, 1000.000000000000000 ) ;
#4299 = DIRECTION ( 'NONE',  ( -0.8384774594633189748, -0.5449362806530121395, 0.000000000000000000 ) ) ;
#4300 = ORIENTED_EDGE ( 'NONE', *, *, #4288, .F. ) ;
#4301 =( LENGTH_UNIT ( ) NAMED_UNIT ( * ) SI_UNIT ( .MILLI., .METRE. ) );
#4302 = VECTOR ( 'NONE', #1617, 1000.000000000000000 ) ;
#4303 = DIRECTION ( 'NONE',  ( 0.000000000000000000, -1.000000000000000000, 0.000000000000000000 ) ) ;
#4304 = ORIENTED_EDGE ( 'NONE', *, *, #7489, .F. ) ;
#4305 = CARTESIAN_POINT ( 'NONE',  ( -103.4500218000000018, -1.199999999999999956, 43.77000869999999821 ) ) ;
#4306 = CARTESIAN_POINT ( 'NONE',  ( -122.6862768409999944, 5.822536093917000777, 43.77000869999999821 ) ) ;
#4307 = CARTESIAN_POINT ( 'NONE',  ( -128.8948487620000094, -5.556028546607999274, 39.86605802304000434 ) ) ;
#4308 = CARTESIAN_POINT ( 'NONE',  ( -114.3499999999999943, 6.399984800000000362, 40.62001500000000220 ) ) ;
#4309 = CARTESIAN_POINT ( 'NONE',  ( -126.0937085265044715, 4.491284204326468910, 44.12722347584319493 ) ) ;
#4310 = ORIENTED_EDGE ( 'NONE', *, *, #9140, .T. ) ;
#4311 = CARTESIAN_POINT ( 'NONE',  ( 0.000000000000000000, 0.000000000000000000, 36.27002670000000251 ) ) ;
#4312 = CIRCLE ( 'NONE', #9072, 10.89997820000000495 ) ;
#4313 = EDGE_CURVE ( 'NONE', #1009, #3557, #3070, .T. ) ;
#4314 = EDGE_CURVE ( 'NONE', #1998, #8717, #3249, .T. ) ;
#4315 = VERTEX_POINT ( 'NONE', #1945 ) ;
#4316 = DIRECTION ( 'NONE',  ( 0.000000000000000000, 0.000000000000000000, 1.000000000000000000 ) ) ;
#4317 = CARTESIAN_POINT ( 'NONE',  ( -102.1398851139999948, 1.153370085852500004, 41.11078210476999573 ) ) ;
#4318 = DIRECTION ( 'NONE',  ( 1.636018628687000004E-13, 1.000000000000000000, 0.000000000000000000 ) ) ;
#4319 = ADVANCED_FACE ( 'NONE', ( #2942 ), #2958, .T. ) ;
#4320 = ORIENTED_EDGE ( 'NONE', *, *, #4822, .F. ) ;
#4321 = CARTESIAN_POINT ( 'NONE',  ( -125.7801043929000002, 6.621409481590999846, 41.77001269999999522 ) ) ;
#4322 = PLANE ( 'NONE',  #6650 ) ;
#4323 = ORIENTED_EDGE ( 'NONE', *, *, #8317, .T. ) ;
#4324 = AXIS2_PLACEMENT_3D ( 'NONE', #6039, #2468, #3257 ) ;
#4325 = DIRECTION ( 'NONE',  ( 0.000000000000000000, 0.000000000000000000, 1.000000000000000000 ) ) ;
#4326 = DIRECTION ( 'NONE',  ( 1.000000000000000000, 0.000000000000000000, 0.000000000000000000 ) ) ;
#4327 = CARTESIAN_POINT ( 'NONE',  ( -130.1999682999999948, 6.749982300000000102, 36.27002670000000251 ) ) ;
#4328 = AXIS2_PLACEMENT_3D ( 'NONE', #6821, #8206, #3900 ) ;
#4329 = ORIENTED_EDGE ( 'NONE', *, *, #4706, .T. ) ;
#4330 = CARTESIAN_POINT ( 'NONE',  ( -101.7920312124999924, 3.194671593942999710, 42.27001269999999522 ) ) ;
#4331 = EDGE_CURVE ( 'NONE', #8783, #119, #9218, .T. ) ;
#4332 = VECTOR ( 'NONE', #6243, 1000.000000000000227 ) ;
#4333 = ORIENTED_EDGE ( 'NONE', *, *, #4313, .F. ) ;
#4334 = ORIENTED_EDGE ( 'NONE', *, *, #5990, .T. ) ;
#4335 = DIRECTION ( 'NONE',  ( -0.9566511786633007386, 0.2912361968611004159, 0.000000000000000000 ) ) ;
#4336 = CARTESIAN_POINT ( 'NONE',  ( -106.6398761140000033, 8.947583131454997840, 41.17001390000000072 ) ) ;
#4337 = DIRECTION ( 'NONE',  ( -0.8660254037846770725, -0.4999999999995869970, 0.000000000000000000 ) ) ;
#4338 = CARTESIAN_POINT ( 'NONE',  ( -123.2223223961000116, -7.499987700000000146, 40.12001599999999968 ) ) ;
#4339 = TOROIDAL_SURFACE ( 'NONE', #1375, 13.76997146000000072, 0.5000000000000000000 ) ;
#4340 = AXIS2_PLACEMENT_3D ( 'NONE', #6419, #546, #1940 ) ;
#4341 = EDGE_LOOP ( 'NONE', ( #3182, #9316, #4862, #9330 ) ) ;
#4342 = CARTESIAN_POINT ( 'NONE',  ( -127.2434641610999932, -9.567803587388997499, 33.27002970000000204 ) ) ;
#4343 = DIRECTION ( 'NONE',  ( -1.000000000000000000, 0.000000000000000000, 0.000000000000000000 ) ) ;
#4344 = CIRCLE ( 'NONE', #1145, 8.599982800000002925 ) ;
#4345 = CARTESIAN_POINT ( 'NONE',  ( -122.2999822999999964, -17.04996829999999974, 34.77002669999999540 ) ) ;
#4346 = DIRECTION ( 'NONE',  ( 0.000000000000000000, -2.664540588181999911E-14, -1.000000000000000000 ) ) ;
#4347 = DIRECTION ( 'NONE',  ( 0.4999999999998903100, -0.8660254037845019903, 0.000000000000000000 ) ) ;
#4348 = DIRECTION ( 'NONE',  ( -0.8362712035340170713, -0.5483160349103122222, 0.000000000000000000 ) ) ;
#4349 = ORIENTED_EDGE ( 'NONE', *, *, #3945, .F. ) ;
#4350 = ORIENTED_EDGE ( 'NONE', *, *, #8784, .T. ) ;
#4351 = EDGE_CURVE ( 'NONE', #7705, #3508, #275, .T. ) ;
#4352 = DIRECTION ( 'NONE',  ( 0.000000000000000000, 0.000000000000000000, 1.000000000000000000 ) ) ;
#4353 = EDGE_LOOP ( 'NONE', ( #8527, #6515, #2480, #6233 ) ) ;
#4354 = AXIS2_PLACEMENT_3D ( 'NONE', #8097, #3093, #271 ) ;
#4355 = DIRECTION ( 'NONE',  ( 0.000000000000000000, 0.000000000000000000, 1.000000000000000000 ) ) ;
#4356 = CIRCLE ( 'NONE', #3303, 10.99997800000000225 ) ;
#4357 = CARTESIAN_POINT ( 'NONE',  ( -104.4000177000000065, -17.04996829999999974, 34.77002669999999540 ) ) ;
#4358 = VERTEX_POINT ( 'NONE', #4395 ) ;
#4359 = DIRECTION ( 'NONE',  ( 0.000000000000000000, 0.000000000000000000, -1.000000000000000000 ) ) ;
#4360 = CARTESIAN_POINT ( 'NONE',  ( -114.3625496591000115, -1.176176197326999961, 41.77001269999999522 ) ) ;
#4361 = PLANE ( 'NONE',  #1804 ) ;
#4362 = DIRECTION ( 'NONE',  ( 0.000000000000000000, 0.000000000000000000, -1.000000000000000000 ) ) ;
#4363 = ORIENTED_EDGE ( 'NONE', *, *, #1578, .F. ) ;
#4364 = DIRECTION ( 'NONE',  ( -7.579137673049999886E-13, 1.136056485778000018E-11, 1.000000000000000000 ) ) ;
#4365 = CYLINDRICAL_SURFACE ( 'NONE', #5711, 12.89997819999999606 ) ;
#4366 = EDGE_CURVE ( 'NONE', #7991, #7328, #3466, .T. ) ;
#4367 = VERTEX_POINT ( 'NONE', #7496 ) ;
#4368 = EDGE_CURVE ( 'NONE', #587, #3441, #3513, .T. ) ;
#4369 = FACE_BOUND ( 'NONE', #5604, .T. ) ;
#4370 = CARTESIAN_POINT ( 'NONE',  ( -114.3499999999999943, -1.199999999999999956, 33.10385118903999313 ) ) ;
#4371 = CARTESIAN_POINT ( 'NONE',  ( -102.1398851139999948, 0.6533710858525000331, 41.11078210476999573 ) ) ;
#4372 = DIRECTION ( 'NONE',  ( 1.000000000000000000, 0.000000000000000000, 0.000000000000000000 ) ) ;
#4373 = EDGE_LOOP ( 'NONE', ( #7474, #720, #4416, #7678, #4550, #4211 ) ) ;
#4374 = DIRECTION ( 'NONE',  ( -2.842176966819004899E-13, 0.5543248305725010372, -0.8323004158420010956 ) ) ;
#4375 = EDGE_CURVE ( 'NONE', #5265, #3835, #6699, .T. ) ;
#4376 = EDGE_CURVE ( 'NONE', #6318, #8486, #403, .T. ) ;
#4377 = CARTESIAN_POINT ( 'NONE',  ( -106.4000177000000065, 14.04996829999999974, 35.17002670000000109 ) ) ;
#4378 = SHAPE_DEFINITION_REPRESENTATION ( #2504, #6599 ) ;
#4379 = VERTEX_POINT ( 'NONE', #2894 ) ;
#4380 = DIRECTION ( 'NONE',  ( 0.000000000000000000, 0.000000000000000000, 1.000000000000000000 ) ) ;
#4381 = ADVANCED_FACE ( 'NONE', ( #6684 ), #6478, .T. ) ;
#4382 = DIRECTION ( 'NONE',  ( 0.000000000000000000, -1.000000000000000000, 0.000000000000000000 ) ) ;
#4383 = AXIS2_PLACEMENT_3D ( 'NONE', #2098, #1427, #2844 ) ;
#4384 = CIRCLE ( 'NONE', #504, 15.39996919999998859 ) ;
#4385 = CARTESIAN_POINT ( 'NONE',  ( -104.4948753767999960, 8.531302655483999686, 38.42001940000000104 ) ) ;
#4386 = VECTOR ( 'NONE', #7847, 1000.000000000000000 ) ;
#4387 = FACE_BOUND ( 'NONE', #6770, .T. ) ;
#4388 = VECTOR ( 'NONE', #8804, 1000.000000000000000 ) ;
#4389 = ADVANCED_FACE ( 'NONE', ( #6517, #255 ), #6638, .T. ) ;
#4390 = CARTESIAN_POINT ( 'NONE',  ( -126.5601148860999956, -2.553372084955999988, 42.57001110000000210 ) ) ;
#4391 = EDGE_LOOP ( 'NONE', ( #5898, #4976, #3562, #1876 ) ) ;
#4392 = VERTEX_POINT ( 'NONE', #1544 ) ;
#4393 = CARTESIAN_POINT ( 'NONE',  ( -106.5081984076000055, 10.17125516299000054, 41.77001269999999522 ) ) ;
#4394 = DIRECTION ( 'NONE',  ( 1.000000000000000000, 0.000000000000000000, 0.000000000000000000 ) ) ;
#4395 = CARTESIAN_POINT ( 'NONE',  ( -106.6398761140000033, 7.947585131454999896, 41.17001390000000072 ) ) ;
#4396 = CIRCLE ( 'NONE', #8039, 13.84997230000001345 ) ;
#4397 = VERTEX_POINT ( 'NONE', #1598 ) ;
#4398 = CARTESIAN_POINT ( 'NONE',  ( -99.10003169999998818, -8.049982299999999924, 36.27002670000000251 ) ) ;
#4399 = CARTESIAN_POINT ( 'NONE',  ( -101.3700439602292818, 3.035399210016763938, 42.12934920709155762 ) ) ;
#4400 = EDGE_CURVE ( 'NONE', #7689, #7029, #1983, .T. ) ;
#4401 = LINE ( 'NONE', #6120, #4332 ) ;
#4402 = VECTOR ( 'NONE', #300, 1000.000000000000000 ) ;
#4403 = CARTESIAN_POINT ( 'NONE',  ( -127.6873560263999963, 2.533184556931999953, 41.77001269999999522 ) ) ;
#4404 = DIRECTION ( 'NONE',  ( 0.000000000000000000, 0.000000000000000000, -1.000000000000000000 ) ) ;
#4405 = DIRECTION ( 'NONE',  ( 0.000000000000000000, 0.000000000000000000, 1.000000000000000000 ) ) ;
#4406 = ORIENTED_EDGE ( 'NONE', *, *, #9287, .T. ) ;
#4407 = EDGE_CURVE ( 'NONE', #4777, #7692, #2088, .T. ) ;
#4408 = CARTESIAN_POINT ( 'NONE',  ( -126.1450539917000100, -8.933636180424999296, 35.77002470000000045 ) ) ;
#4409 = ORIENTED_EDGE ( 'NONE', *, *, #726, .T. ) ;
#4410 = CARTESIAN_POINT ( 'NONE',  ( -103.5000217000000049, 14.64996829999999939, 34.77002669999999540 ) ) ;
#4411 = ORIENTED_EDGE ( 'NONE', *, *, #4138, .F. ) ;
#4412 = CARTESIAN_POINT ( 'NONE',  ( -114.3499999999999943, 8.801408860238000287, 33.17002990000000295 ) ) ;
#4413 = APPLICATION_PROTOCOL_DEFINITION ( 'draft international standard', 'automotive_design', 1998, #3727 ) ;
#4414 = LINE ( 'NONE', #874, #1203 ) ;
#4415 = CIRCLE ( 'NONE', #1368, 0.4999990000000000823 ) ;
#4416 = ORIENTED_EDGE ( 'NONE', *, *, #7858, .T. ) ;
#4417 = CARTESIAN_POINT ( 'NONE',  ( -114.3499999999999943, -1.199999999999999956, 35.84502454999999799 ) ) ;
#4418 = CARTESIAN_POINT ( 'NONE',  ( -114.3499999999999943, -1.199999999999999956, 41.11078210476999573 ) ) ;
#4419 = ADVANCED_FACE ( 'NONE', ( #5149 ), #4009, .F. ) ;
#4420 = PLANE ( 'NONE',  #5579 ) ;
#4421 = EDGE_CURVE ( 'NONE', #1, #5428, #8265, .T. ) ;
#4422 = CARTESIAN_POINT ( 'NONE',  ( -126.1530947968753935, 4.525882976647853440, 44.18417129220117090 ) ) ;
#4423 = ORIENTED_EDGE ( 'NONE', *, *, #1012, .T. ) ;
#4424 = PLANE ( 'NONE',  #1238 ) ;
#4425 = VECTOR ( 'NONE', #8859, 1000.000000000000000 ) ;
#4426 = EDGE_CURVE ( 'NONE', #1479, #3669, #8369, .T. ) ;
#4427 = ORIENTED_EDGE ( 'NONE', *, *, #2481, .T. ) ;
#4428 = LINE ( 'NONE', #4559, #7317 ) ;
#4429 = LINE ( 'NONE', #5019, #1477 ) ;
#4430 = CARTESIAN_POINT ( 'NONE',  ( -105.5000177000000008, -16.04996829999999974, 34.77002669999999540 ) ) ;
#4431 = DIRECTION ( 'NONE',  ( 0.000000000000000000, -1.000000000000000000, 0.000000000000000000 ) ) ;
#4432 = AXIS2_PLACEMENT_3D ( 'NONE', #2616, #4075, #4756 ) ;
#4433 = ORIENTED_EDGE ( 'NONE', *, *, #4053, .F. ) ;
#4434 = CARTESIAN_POINT ( 'NONE',  ( -127.8807154628999996, -8.088203631623001044, 39.86605802304000434 ) ) ;
#4435 = AXIS2_PLACEMENT_3D ( 'NONE', #5017, #2114, #695 ) ;
#4436 = DIRECTION ( 'NONE',  ( 0.000000000000000000, 0.000000000000000000, 1.000000000000000000 ) ) ;
#4437 = ORIENTED_EDGE ( 'NONE', *, *, #3358, .T. ) ;
#4438 = DIRECTION ( 'NONE',  ( -1.000000000000000000, 0.000000000000000000, 0.000000000000000000 ) ) ;
#4439 = LINE ( 'NONE', #5965, #4425 ) ;
#4440 = CARTESIAN_POINT ( 'NONE',  ( -114.3499999999999943, -1.199999999999999956, 40.62001500000000220 ) ) ;
#4441 = CARTESIAN_POINT ( 'NONE',  ( -119.0074371987000035, -13.49997570000000024, 41.57001309999999705 ) ) ;
#4442 = VECTOR ( 'NONE', #2246, 1000.000000000000000 ) ;
#4443 = CARTESIAN_POINT ( 'NONE',  ( -99.10003169999998818, -8.049982299999999924, 35.17002670000000109 ) ) ;
#4444 = LINE ( 'NONE', #6665, #1445 ) ;
#4445 = DIRECTION ( 'NONE',  ( -0.8650550016837157408, 0.5016770316269089092, -1.374629519897023744E-13 ) ) ;
#4446 = ORIENTED_EDGE ( 'NONE', *, *, #215, .T. ) ;
#4447 = AXIS2_PLACEMENT_3D ( 'NONE', #3161, #1490, #3902 ) ;
#4448 = VERTEX_POINT ( 'NONE', #4701 ) ;
#4449 = AXIS2_PLACEMENT_3D ( 'NONE', #3483, #4196, #4885 ) ;
#4450 = CARTESIAN_POINT ( 'NONE',  ( -114.3499999999999943, -1.199999999999999956, 41.77001269999999522 ) ) ;
#4451 = EDGE_CURVE ( 'NONE', #2343, #3953, #3312, .T. ) ;
#4452 =( NAMED_UNIT ( * ) PLANE_ANGLE_UNIT ( ) SI_UNIT ( $, .RADIAN. ) );
#4453 = CARTESIAN_POINT ( 'NONE',  ( -114.3506579201000051, -1.183702654446000091, 41.77001269999999522 ) ) ;
#4454 = FACE_OUTER_BOUND ( 'NONE', #2328, .T. ) ;
#4455 = ADVANCED_FACE ( 'NONE', ( #6761 ), #4533, .F. ) ;
#4456 = CYLINDRICAL_SURFACE ( 'NONE', #1686, 0.5000000000000004441 ) ;
#4457 = CARTESIAN_POINT ( 'NONE',  ( -101.9607898189999986, 5.952913833076000749, 35.77002470000000045 ) ) ;
#4458 = EDGE_LOOP ( 'NONE', ( #3447, #5187 ) ) ;
#4459 = CARTESIAN_POINT ( 'NONE',  ( -104.1939862636042164, 8.158741303273316703, 41.82938765902250111 ) ) ;
#4460 = CARTESIAN_POINT ( 'NONE',  ( -102.4148845639999905, 1.129684105304999964, 41.77001269999999522 ) ) ;
#4461 = FACE_OUTER_BOUND ( 'NONE', #5877, .T. ) ;
#4462 = VECTOR ( 'NONE', #2414, 1000.000000000000000 ) ;
#4463 = DIRECTION ( 'NONE',  ( -1.000000000000000000, 0.000000000000000000, 0.000000000000000000 ) ) ;
#4464 = SURFACE_SIDE_STYLE ('',( #1015 ) ) ;
#4465 = DIRECTION ( 'NONE',  ( 0.000000000000000000, 0.000000000000000000, -1.000000000000000000 ) ) ;
#4466 = EDGE_CURVE ( 'NONE', #4195, #8508, #3614, .T. ) ;
#4467 = VERTEX_POINT ( 'NONE', #4658 ) ;
#4468 = AXIS2_PLACEMENT_3D ( 'NONE', #2041, #8466, #2792 ) ;
#4469 = EDGE_LOOP ( 'NONE', ( #2836, #7249, #2825, #920, #4066, #7339, #1484, #7669 ) ) ;
#4470 = EDGE_CURVE ( 'NONE', #291, #3983, #3429, .T. ) ;
#4471 = CARTESIAN_POINT ( 'NONE',  ( -126.5333679703999934, -9.157829360528999985, 35.77002470000000045 ) ) ;
#4472 = LINE ( 'NONE', #3724, #4561 ) ;
#4473 = DIRECTION ( 'NONE',  ( 0.000000000000000000, 0.000000000000000000, 1.000000000000000000 ) ) ;
#4474 = APPLICATION_PROTOCOL_DEFINITION ( 'draft international standard', 'automotive_design', 1998, #1501 ) ;
#4475 = CYLINDRICAL_SURFACE ( 'NONE', #6351, 15.54996890000000320 ) ;
#4476 = FACE_OUTER_BOUND ( 'NONE', #9046, .T. ) ;
#4477 = SPHERICAL_SURFACE ( 'NONE', #5915, 21.25567334927000118 ) ;
#4478 = CARTESIAN_POINT ( 'NONE',  ( -98.50003170000000807, 7.649982299997000190, 36.27002670000000251 ) ) ;
#4479 = ORIENTED_EDGE ( 'NONE', *, *, #6009, .T. ) ;
#4480 = DIRECTION ( 'NONE',  ( 0.000000000000000000, 0.000000000000000000, -1.000000000000000000 ) ) ;
#4481 = EDGE_CURVE ( 'NONE', #1243, #3324, #174, .T. ) ;
#4482 = DIRECTION ( 'NONE',  ( 1.000000000000000000, 0.000000000000000000, 0.000000000000000000 ) ) ;
#4483 = CARTESIAN_POINT ( 'NONE',  ( -119.8499929999999978, 11.51109002842999907, 38.42001940000000104 ) ) ;
#4484 = ORIENTED_EDGE ( 'NONE', *, *, #7107, .T. ) ;
#4485 = DIRECTION ( 'NONE',  ( 3.730108066506999696E-14, 4.724803550908999778E-14, 1.000000000000000000 ) ) ;
#4486 = FACE_OUTER_BOUND ( 'NONE', #6366, .T. ) ;
#4487 = FACE_OUTER_BOUND ( 'NONE', #2426, .T. ) ;
#4488 = EDGE_CURVE ( 'NONE', #3414, #3158, #3330, .T. ) ;
#4489 = LINE ( 'NONE', #5023, #7660 ) ;
#4490 = VECTOR ( 'NONE', #3666, 1000.000000000000114 ) ;
#4491 = DIRECTION ( 'NONE',  ( -1.000000000000000000, 0.000000000000000000, 0.000000000000000000 ) ) ;
#4492 = ORIENTED_EDGE ( 'NONE', *, *, #1550, .T. ) ;
#4493 = CARTESIAN_POINT ( 'NONE',  ( -127.6982730211000074, -7.982870438785001355, 40.16649898658999973 ) ) ;
#4494 = AXIS2_PLACEMENT_3D ( 'NONE', #7322, #7382, #7267 ) ;
#4495 = ADVANCED_FACE ( 'NONE', ( #222 ), #3233, .T. ) ;
#4496 = CARTESIAN_POINT ( 'NONE',  ( -129.4499682999999948, -10.08474613867000080, 37.77002069999999634 ) ) ;
#4497 = VERTEX_POINT ( 'NONE', #3368 ) ;
#4498 = EDGE_CURVE ( 'NONE', #3177, #6241, #6496, .T. ) ;
#4499 = DIRECTION ( 'NONE',  ( 0.000000000000000000, 0.000000000000000000, -1.000000000000000000 ) ) ;
#4500 = CARTESIAN_POINT ( 'NONE',  ( -104.2786137394999884, 8.656161369970000408, 35.98661367737999939 ) ) ;
#4501 = CARTESIAN_POINT ( 'NONE',  ( -100.5395292503000064, -0.1547103830473999797, 41.17001390000000072 ) ) ;
#4502 = TOROIDAL_SURFACE ( 'NONE', #7476, 7.899984199999999568, 1.199997599999999887 ) ;
#4503 = ORIENTED_EDGE ( 'NONE', *, *, #7168, .F. ) ;
#4504 = DIRECTION ( 'NONE',  ( 0.000000000000000000, 0.000000000000000000, 1.000000000000000000 ) ) ;
#4505 = LINE ( 'NONE', #1255, #1401 ) ;
#4506 = PRODUCT_DEFINITION ( 'UNKNOWN', '', #151, #3603 ) ;
#4507 = DIRECTION ( 'NONE',  ( -2.842176627394000121E-13, 2.956159752555000216E-12, -1.000000000000000000 ) ) ;
#4508 = ORIENTED_EDGE ( 'NONE', *, *, #7762, .F. ) ;
#4509 = PLANE ( 'NONE',  #1575 ) ;
#4510 = ORIENTED_EDGE ( 'NONE', *, *, #1589, .F. ) ;
#4511 = AXIS2_PLACEMENT_3D ( 'NONE', #3531, #9184, #7283 ) ;
#4512 = CARTESIAN_POINT ( 'NONE',  ( -117.8499929999999978, -14.89892585571999994, 35.17554838224999969 ) ) ;
#4513 =( LENGTH_UNIT ( ) NAMED_UNIT ( * ) SI_UNIT ( .MILLI., .METRE. ) );
#4514 = LINE ( 'NONE', #713, #4528 ) ;
#4515 = CIRCLE ( 'NONE', #712, 21.10567364926999900 ) ;
#4516 = CARTESIAN_POINT ( 'NONE',  ( -114.3499999999999943, -11.13082966455999845, 33.03767247808000462 ) ) ;
#4517 = ORIENTED_EDGE ( 'NONE', *, *, #2160, .T. ) ;
#4518 = DIRECTION ( 'NONE',  ( 0.000000000000000000, -1.000000000000000000, 0.000000000000000000 ) ) ;
#4519 = FACE_OUTER_BOUND ( 'NONE', #3387, .T. ) ;
#4520 = VECTOR ( 'NONE', #8192, 1000.000000000000000 ) ;
#4521 = PLANE ( 'NONE',  #7824 ) ;
#4522 = DIRECTION ( 'NONE',  ( 0.000000000000000000, 0.000000000000000000, -1.000000000000000000 ) ) ;
#4523 = CARTESIAN_POINT ( 'NONE',  ( -128.0434625611000001, -8.182165712613999276, 33.27002970000000204 ) ) ;
#4524 = VERTEX_POINT ( 'NONE', #8425 ) ;
#4525 = CARTESIAN_POINT ( 'NONE',  ( -101.5164029729999982, 2.305017138688999712, 42.27001269999999522 ) ) ;
#4526 = ORIENTED_EDGE ( 'NONE', *, *, #4920, .F. ) ;
#4527 = AXIS2_PLACEMENT_3D ( 'NONE', #4450, #5192, #1657 ) ;
#4528 = VECTOR ( 'NONE', #6548, 1000.000000000000000 ) ;
#4529 = DIRECTION ( 'NONE',  ( 0.000000000000000000, 1.000000000000000000, 0.000000000000000000 ) ) ;
#4530 = ADVANCED_FACE ( 'NONE', ( #6870 ), #8489, .T. ) ;
#4531 = CARTESIAN_POINT ( 'NONE',  ( -110.8501206643636863, 11.58675685245193421, 44.24945370624038787 ) ) ;
#4532 = ORIENTED_EDGE ( 'NONE', *, *, #4226, .F. ) ;
#4533 = PLANE ( 'NONE',  #3734 ) ;
#4534 = PRODUCT_CONTEXT ( 'NONE', #3727, 'mechanical' ) ;
#4535 = EDGE_CURVE ( 'NONE', #964, #1546, #6982, .T. ) ;
#4536 = VECTOR ( 'NONE', #6884, 1000.000000000000114 ) ;
#4537 = VECTOR ( 'NONE', #4445, 1000.000000000000000 ) ;
#4538 = DIRECTION ( 'NONE',  ( 0.4999999999995852762, -0.8660254037846780717, 0.000000000000000000 ) ) ;
#4539 = ORIENTED_EDGE ( 'NONE', *, *, #7869, .F. ) ;
#4540 = DIRECTION ( 'NONE',  ( 0.000000000000000000, 0.000000000000000000, 1.000000000000000000 ) ) ;
#4541 = VERTEX_POINT ( 'NONE', #5480 ) ;
#4542 = CARTESIAN_POINT ( 'NONE',  ( -121.1999822999999878, -17.04996829999999974, 36.27002670000000251 ) ) ;
#4543 = VECTOR ( 'NONE', #8357, 1000.000000000000000 ) ;
#4544 = AXIS2_PLACEMENT_3D ( 'NONE', #1831, #1252, #5510 ) ;
#4545 = ORIENTED_EDGE ( 'NONE', *, *, #146, .F. ) ;
#4546 = AXIS2_PLACEMENT_3D ( 'NONE', #1027, #1710, #7550 ) ;
#4547 = LINE ( 'NONE', #9032, #1349 ) ;
#4548 = VECTOR ( 'NONE', #5840, 1000.000000000000000 ) ;
#4549 = DIRECTION ( 'NONE',  ( 0.000000000000000000, 0.000000000000000000, 1.000000000000000000 ) ) ;
#4550 = ORIENTED_EDGE ( 'NONE', *, *, #5739, .F. ) ;
#4551 = DIRECTION ( 'NONE',  ( 0.000000000000000000, 0.000000000000000000, -1.000000000000000000 ) ) ;
#4552 = DIRECTION ( 'NONE',  ( 0.000000000000000000, 0.000000000000000000, -1.000000000000000000 ) ) ;
#4553 = VERTEX_POINT ( 'NONE', #4209 ) ;
#4554 = EDGE_CURVE ( 'NONE', #3535, #201, #4128, .T. ) ;
#4555 = PLANE ( 'NONE',  #5488 ) ;
#4556 = DIRECTION ( 'NONE',  ( 0.000000000000000000, -1.000000000000000000, 0.000000000000000000 ) ) ;
#4557 = VECTOR ( 'NONE', #2752, 999.9999999999998863 ) ;
#4558 = DIRECTION ( 'NONE',  ( 0.000000000000000000, 0.000000000000000000, 1.000000000000000000 ) ) ;
#4559 = CARTESIAN_POINT ( 'NONE',  ( -124.3733845415000019, -6.366656053202000010, 40.32001560000000495 ) ) ;
#4560 = VECTOR ( 'NONE', #1952, 1000.000000000000000 ) ;
#4561 = VECTOR ( 'NONE', #5136, 1000.000000000000114 ) ;
#4562 = DIRECTION ( 'NONE',  ( 0.8660254037391127424, 0.5000000000785067567, -2.062949599028029086E-13 ) ) ;
#4563 = AXIS2_PLACEMENT_3D ( 'NONE', #9100, #7640, #227 ) ;
#4564 = CIRCLE ( 'NONE', #595, 9.930829664555998804 ) ;
#4565 = CARTESIAN_POINT ( 'NONE',  ( -101.3666336296000026, 5.372191485743999628, 40.76737402086000372 ) ) ;
#4566 = AXIS2_PLACEMENT_3D ( 'NONE', #1405, #6285, #2143 ) ;
#4567 = PLANE ( 'NONE',  #8957 ) ;
#4568 = VERTEX_POINT ( 'NONE', #7079 ) ;
#4569 = EDGE_CURVE ( 'NONE', #7952, #6641, #5235, .T. ) ;
#4570 = ADVANCED_FACE ( 'NONE', ( #5270 ), #2157, .T. ) ;
#4571 = ORIENTED_EDGE ( 'NONE', *, *, #4314, .T. ) ;
#4572 = DIRECTION ( 'NONE',  ( -1.000000000000000000, 0.000000000000000000, 0.000000000000000000 ) ) ;
#4573 = CARTESIAN_POINT ( 'NONE',  ( -99.10003169999998818, 7.649982299997000190, 36.27002670000000251 ) ) ;
#4574 = DIRECTION ( 'NONE',  ( 0.000000000000000000, 0.000000000000000000, -1.000000000000000000 ) ) ;
#4575 = VECTOR ( 'NONE', #3504, 1000.000000000000114 ) ;
#4576 = CARTESIAN_POINT ( 'NONE',  ( -124.1999823000000021, 14.04996829999999974, 34.77002669999999540 ) ) ;
#4577 = CIRCLE ( 'NONE', #615, 9.099981800000000121 ) ;
#4578 = DIRECTION ( 'NONE',  ( 0.000000000000000000, 1.000000000000000000, 0.000000000000000000 ) ) ;
#4579 = VECTOR ( 'NONE', #6333, 1000.000000000000000 ) ;
#4580 = AXIS2_PLACEMENT_3D ( 'NONE', #6673, #9115, #7309 ) ;
#4581 = VECTOR ( 'NONE', #887, 1000.000000000000000 ) ;
#4582 = DIRECTION ( 'NONE',  ( 0.4999999999978789744, -0.8660254037856631726, 0.000000000000000000 ) ) ;
#4583 = DIRECTION ( 'NONE',  ( 1.000000000000000000, 0.000000000000000000, 0.000000000000000000 ) ) ;
#4584 = DIRECTION ( 'NONE',  ( 0.8660254037812041839, 0.5000000000056021854, 0.000000000000000000 ) ) ;
#4585 = ORIENTED_EDGE ( 'NONE', *, *, #1560, .F. ) ;
#4586 = CARTESIAN_POINT ( 'NONE',  ( -108.8500447071349271, 10.70688122402921749, 44.18170102476040739 ) ) ;
#4587 = EDGE_CURVE ( 'NONE', #427, #317, #8422, .T. ) ;
#4588 = VERTEX_POINT ( 'NONE', #648 ) ;
#4589 = VECTOR ( 'NONE', #4094, 1000.000000000000000 ) ;
#4590 = CARTESIAN_POINT ( 'NONE',  ( -130.1999682999999948, 5.649982300000000457, 36.27002670000000251 ) ) ;
#4591 = CIRCLE ( 'NONE', #2631, 13.84997229999999568 ) ;
#4592 = DIRECTION ( 'NONE',  ( 0.000000000000000000, 1.000000000000000000, 0.000000000000000000 ) ) ;
#4593 = ORIENTED_EDGE ( 'NONE', *, *, #7440, .T. ) ;
#4594 = DIRECTION ( 'NONE',  ( 0.000000000000000000, 0.000000000000000000, 1.000000000000000000 ) ) ;
#4595 = DIRECTION ( 'NONE',  ( 0.000000000000000000, 0.000000000000000000, 1.000000000000000000 ) ) ;
#4596 = CIRCLE ( 'NONE', #7035, 14.10434072329999644 ) ;
#4597 = CIRCLE ( 'NONE', #3643, 14.16259303397998970 ) ;
#4598 = CYLINDRICAL_SURFACE ( 'NONE', #2032, 12.89997819999999606 ) ;
#4599 = EDGE_CURVE ( 'NONE', #8215, #5444, #3869, .T. ) ;
#4600 = DIRECTION ( 'NONE',  ( 1.000000000000000000, 0.000000000000000000, 0.000000000000000000 ) ) ;
#4601 = DIRECTION ( 'NONE',  ( 0.000000000000000000, 0.000000000000000000, -1.000000000000000000 ) ) ;
#4602 = ORIENTED_EDGE ( 'NONE', *, *, #7539, .F. ) ;
#4603 = CARTESIAN_POINT ( 'NONE',  ( -123.6925348012999990, -7.499987700000000146, 40.12001599999999968 ) ) ;
#4604 = ITEM_DEFINED_TRANSFORMATION ( 'NONE', 'NONE', #4045,  #2466 ) ;
#4605 = EDGE_LOOP ( 'NONE', ( #6407, #8392, #207, #8950, #3119, #387, #9143, #5172 ) ) ;
#4606 = DIRECTION ( 'NONE',  ( 0.000000000000000000, -1.000000000000000000, 0.000000000000000000 ) ) ;
#4607 = LINE ( 'NONE', #3564, #4557 ) ;
#4608 = ADVANCED_FACE ( 'NONE', ( #3795 ), #7013, .T. ) ;
#4609 = CARTESIAN_POINT ( 'NONE',  ( -107.0114332211660866, 7.185141169988714438, 42.12102098098551295 ) ) ;
#4610 = VERTEX_POINT ( 'NONE', #529 ) ;
#4611 = AXIS2_PLACEMENT_3D ( 'NONE', #910, #8692, #3072 ) ;
#4612 = LINE ( 'NONE', #4294, #7791 ) ;
#4613 = LINE ( 'NONE', #3670, #1444 ) ;
#4614 = CARTESIAN_POINT ( 'NONE',  ( -102.1398851139999948, 0.6533710858525000331, 42.57001110000000210 ) ) ;
#4615 = ADVANCED_FACE ( 'NONE', ( #3674 ), #3742, .T. ) ;
#4616 = VERTEX_POINT ( 'NONE', #7813 ) ;
#4617 = CARTESIAN_POINT ( 'NONE',  ( -123.6925348012999990, -5.699990699999999855, 40.12001599999999968 ) ) ;
#4618 = CARTESIAN_POINT ( 'NONE',  ( -104.9869281304000026, 5.135255253382000618, 42.23193202945000024 ) ) ;
#4619 = CARTESIAN_POINT ( 'NONE',  ( -119.8499929999999978, 12.48618671327999863, 44.27001270000000233 ) ) ;
#4620 = ITEM_DEFINED_TRANSFORMATION ( 'NONE', 'NONE', #1209,  #2466 ) ;
#4621 = ORIENTED_EDGE ( 'NONE', *, *, #8222, .T. ) ;
#4622 = PRODUCT_DEFINITION ( 'UNKNOWN', '', #2945, #355 ) ;
#4623 = DIRECTION ( 'NONE',  ( 0.000000000000000000, 0.000000000000000000, -1.000000000000000000 ) ) ;
#4624 = DIRECTION ( 'NONE',  ( -0.5000000000002137179, 0.8660254037843153618, 0.000000000000000000 ) ) ;
#4625 = VECTOR ( 'NONE', #1641, 1000.000000000000000 ) ;
#4626 = DIRECTION ( 'NONE',  ( -0.2372881355932019432, -0.9714393139598078708, 0.000000000000000000 ) ) ;
#4627 = DIRECTION ( 'NONE',  ( 0.000000000000000000, 1.000000000000000000, 0.000000000000000000 ) ) ;
#4628 = ORIENTED_EDGE ( 'NONE', *, *, #2909, .F. ) ;
#4629 = DIRECTION ( 'NONE',  ( -0.9002705452634349736, 0.4353308458300164663, 0.000000000000000000 ) ) ;
#4630 = CIRCLE ( 'NONE', #6610, 8.499833617401998609 ) ;
#4631 = COLOUR_RGB ( '',0.7921568627450980005, 0.8196078431372548767, 0.9333333333333333481 ) ;
#4632 = CARTESIAN_POINT ( 'NONE',  ( -126.5508594650000020, 7.068398535490999279, 40.50088493317999649 ) ) ;
#4633 = VERTEX_POINT ( 'NONE', #4716 ) ;
#4634 = EDGE_CURVE ( 'NONE', #5265, #6675, #563, .T. ) ;
#4635 = ORIENTED_EDGE ( 'NONE', *, *, #1547, .F. ) ;
#4636 = DIRECTION ( 'NONE',  ( 0.000000000000000000, 0.000000000000000000, 1.000000000000000000 ) ) ;
#4637 = CARTESIAN_POINT ( 'NONE',  ( -128.0649996532065131, 2.752193907069233170, 41.16633592603138680 ) ) ;
#4638 = CARTESIAN_POINT ( 'NONE',  ( -102.2494306163000033, 6.363617260219000649, 41.77001269999999522 ) ) ;
#4639 = CARTESIAN_POINT ( 'NONE',  ( -114.3499999999999943, -1.199999999999999956, 44.27001270000000233 ) ) ;
#4640 = LINE ( 'NONE', #3874, #1779 ) ;
#4641 = VECTOR ( 'NONE', #6618, 1000.000000000000000 ) ;
#4642 = CARTESIAN_POINT ( 'NONE',  ( -99.80515123802999256, 3.156028546609999985, 39.86605802304000434 ) ) ;
#4643 = CARTESIAN_POINT ( 'NONE',  ( -119.0074371987000035, -13.34997569999999989, 41.77001269999999522 ) ) ;
#4644 = CIRCLE ( 'NONE', #46, 13.84997229999999924 ) ;
#4645 = PLANE ( 'NONE',  #1069 ) ;
#4646 = CARTESIAN_POINT ( 'NONE',  ( -101.9461778133999985, 4.833858515549999346, 42.27001269999999522 ) ) ;
#4647 = CARTESIAN_POINT ( 'NONE',  ( -123.1999823000000021, 14.64996829999999939, 36.27002670000000251 ) ) ;
#4648 = MECHANICAL_DESIGN_GEOMETRIC_PRESENTATION_REPRESENTATION (  '', ( #3904 ), #2304 ) ;
#4649 = VERTEX_POINT ( 'NONE', #2687 ) ;
#4650 = ADVANCED_FACE ( 'NONE', ( #7060 ), #6342, .T. ) ;
#4651 = SHAPE_DEFINITION_REPRESENTATION ( #240, #2614 ) ;
#4652 = ORIENTED_EDGE ( 'NONE', *, *, #2909, .T. ) ;
#4653 = EDGE_CURVE ( 'NONE', #7234, #4019, #3916, .T. ) ;
#4654 = VECTOR ( 'NONE', #1023, 1000.000000000000000 ) ;
#4655 = DIRECTION ( 'NONE',  ( 1.000000000000000000, 0.000000000000000000, 0.000000000000000000 ) ) ;
#4656 = FACE_OUTER_BOUND ( 'NONE', #4286, .T. ) ;
#4657 = CARTESIAN_POINT ( 'NONE',  ( -103.8386094945407478, 8.068287152445819288, 42.20653436058115915 ) ) ;
#4658 = CARTESIAN_POINT ( 'NONE',  ( -119.8499929999999978, 11.51109002842999907, 41.77001269999999522 ) ) ;
#4659 = VECTOR ( 'NONE', #8650, 1000.000000000000000 ) ;
#4660 = VECTOR ( 'NONE', #3648, 1000.000000000000000 ) ;
#4661 = CIRCLE ( 'NONE', #163, 13.99997199999999964 ) ;
#4662 = CARTESIAN_POINT ( 'NONE',  ( -114.3499999999999943, -9.699833617401999675, 34.17012739361999962 ) ) ;
#4663 = ORIENTED_EDGE ( 'NONE', *, *, #2560, .F. ) ;
#4664 = AXIS2_PLACEMENT_3D ( 'NONE', #7312, #6546, #1579 ) ;
#4665 = DIRECTION ( 'NONE',  ( -1.000000000000000000, 0.000000000000000000, 0.000000000000000000 ) ) ;
#4666 = ITEM_DEFINED_TRANSFORMATION ( 'NONE', 'NONE', #5036,  #2466 ) ;
#4667 = DIRECTION ( 'NONE',  ( -0.8660254037833561291, -0.5000000000018749446, -3.112234035627844872E-13 ) ) ;
#4668 = EDGE_LOOP ( 'NONE', ( #893, #2118, #7648, #1062, #5181 ) ) ;
#4669 = AXIS2_PLACEMENT_3D ( 'NONE', #270, #5401, #3901 ) ;
#4670 = CARTESIAN_POINT ( 'NONE',  ( -121.6449104072000011, 7.560353024378999365, 43.77001270000000233 ) ) ;
#4671 = VECTOR ( 'NONE', #7898, 1000.000000000000000 ) ;
#4672 = CARTESIAN_POINT ( 'NONE',  ( -99.50003170000000807, -9.149982299999999569, 34.77002669999999540 ) ) ;
#4673 = VECTOR ( 'NONE', #2776, 1000.000000000000000 ) ;
#4674 = FACE_OUTER_BOUND ( 'NONE', #3121, .T. ) ;
#4675 = VECTOR ( 'NONE', #6392, 1000.000000000000000 ) ;
#4676 = VECTOR ( 'NONE', #2888, 1000.000000000000227 ) ;
#4677 = DIRECTION ( 'NONE',  ( 0.000000000000000000, 0.000000000000000000, -1.000000000000000000 ) ) ;
#4678 = EDGE_CURVE ( 'NONE', #7034, #1546, #760, .T. ) ;
#4679 = ORIENTED_EDGE ( 'NONE', *, *, #8763, .F. ) ;
#4680 = CARTESIAN_POINT ( 'NONE',  ( -114.3499999999999943, 6.699984200000000278, 46.92000240000000133 ) ) ;
#4681 = DIRECTION ( 'NONE',  ( 0.7274423391644804227, 0.6861688153733810358, 0.000000000000000000 ) ) ;
#4682 = AXIS2_PLACEMENT_3D ( 'NONE', #6647, #13, #2966 ) ;
#4683 = ORIENTED_EDGE ( 'NONE', *, *, #8493, .F. ) ;
#4684 = CARTESIAN_POINT ( 'NONE',  ( -114.3499999999999943, 8.730829664555999514, 33.03767247808000462 ) ) ;
#4685 = DIRECTION ( 'NONE',  ( 0.000000000000000000, 0.000000000000000000, -1.000000000000000000 ) ) ;
#4686 = LINE ( 'NONE', #8, #7953 ) ;
#4687 = ADVANCED_FACE ( 'NONE', ( #3711 ), #791, .T. ) ;
#4688 = DIRECTION ( 'NONE',  ( 0.000000000000000000, 1.000000000000000000, 0.000000000000000000 ) ) ;
#4689 = DIRECTION ( 'NONE',  ( 0.000000000000000000, -1.000000000000000000, 0.000000000000000000 ) ) ;
#4690 = CARTESIAN_POINT ( 'NONE',  ( -110.8500070000000051, -14.72817591515000046, 38.01443160571000135 ) ) ;
#4691 = CIRCLE ( 'NONE', #4820, 13.84997229999999924 ) ;
#4692 = VECTOR ( 'NONE', #1671, 1000.000000000000000 ) ;
#4693 = TOROIDAL_SURFACE ( 'NONE', #388, 10.89997819999999962, 0.5000000000000000000 ) ;
#4694 = EDGE_LOOP ( 'NONE', ( #6030, #6058, #4828, #8046, #4273, #1047 ) ) ;
#4695 = EDGE_CURVE ( 'NONE', #1438, #1968, #811, .T. ) ;
#4696 = VERTEX_POINT ( 'NONE', #1989 ) ;
#4697 = EDGE_CURVE ( 'NONE', #4649, #7416, #522, .T. ) ;
#4698 = DIRECTION ( 'NONE',  ( 0.000000000000000000, 0.000000000000000000, -1.000000000000000000 ) ) ;
#4699 = AXIS2_PLACEMENT_3D ( 'NONE', #1944, #6497, #7775 ) ;
#4700 = DIRECTION ( 'NONE',  ( 0.000000000000000000, 0.000000000000000000, 1.000000000000000000 ) ) ;
#4701 = CARTESIAN_POINT ( 'NONE',  ( -114.3499999999999943, -8.799984800000000718, 46.62000299999999697 ) ) ;
#4702 = VECTOR ( 'NONE', #5981, 1000.000000000000227 ) ;
#4703 = CYLINDRICAL_SURFACE ( 'NONE', #7058, 9.099981800000003673 ) ;
#4704 = DIRECTION ( 'NONE',  ( 0.5020408564708856991, 0.8648439040855752102, 0.000000000000000000 ) ) ;
#4705 = EDGE_CURVE ( 'NONE', #1315, #9230, #3355, .T. ) ;
#4706 = EDGE_CURVE ( 'NONE', #3407, #5535, #6559, .T. ) ;
#4707 = CARTESIAN_POINT ( 'NONE',  ( -127.0713736255000015, -7.620929903957000207, 33.27002970000000204 ) ) ;
#4708 = ORIENTED_EDGE ( 'NONE', *, *, #1624, .F. ) ;
#4709 = CARTESIAN_POINT ( 'NONE',  ( -114.3499999999999943, -1.199999999999999956, 46.92000240000000133 ) ) ;
#4710 = CARTESIAN_POINT ( 'NONE',  ( -123.6925348012999990, -7.349987700000000679, 40.12001599999999968 ) ) ;
#4711 = CARTESIAN_POINT ( 'NONE',  ( 0.000000000000000000, 0.000000000000000000, 42.27001269999999522 ) ) ;
#4712 = VERTEX_POINT ( 'NONE', #8490 ) ;
#4713 = DIRECTION ( 'NONE',  ( 0.000000000000000000, 0.000000000000000000, -1.000000000000000000 ) ) ;
#4714 = EDGE_LOOP ( 'NONE', ( #2151, #2579, #956, #2609 ) ) ;
#4715 = CYLINDRICAL_SURFACE ( 'NONE', #8505, 4.999990000000000379 ) ;
#4716 = CARTESIAN_POINT ( 'NONE',  ( -124.3733845415000019, -6.833322346797999103, 40.32001560000000495 ) ) ;
#4717 = CIRCLE ( 'NONE', #8356, 10.00140886023000064 ) ;
#4718 = VERTEX_POINT ( 'NONE', #1397 ) ;
#4719 = DIRECTION ( 'NONE',  ( 0.000000000000000000, 0.000000000000000000, -1.000000000000000000 ) ) ;
#4720 = CARTESIAN_POINT ( 'NONE',  ( 0.000000000000000000, 0.000000000000000000, 36.27002670000000251 ) ) ;
#4721 = VERTEX_POINT ( 'NONE', #9216 ) ;
#4722 = ADVANCED_FACE ( 'NONE', ( #6692 ), #2130, .T. ) ;
#4723 = CONTEXT_DEPENDENT_SHAPE_REPRESENTATION ( #7578, #8087 ) ;
#4724 = PLANE ( 'NONE',  #2196 ) ;
#4725 = VERTEX_POINT ( 'NONE', #5793 ) ;
#4726 = AXIS2_PLACEMENT_3D ( 'NONE', #1689, #1573, #8806 ) ;
#4727 = EDGE_CURVE ( 'NONE', #2257, #176, #407, .T. ) ;
#4728 = CIRCLE ( 'NONE', #5677, 4.999989999999995938 ) ;
#4729 = VERTEX_POINT ( 'NONE', #6469 ) ;
#4730 = PLANE ( 'NONE',  #2871 ) ;
#4731 = ORIENTED_EDGE ( 'NONE', *, *, #2594, .T. ) ;
#4732 = DIRECTION ( 'NONE',  ( -1.000000000000000000, 0.000000000000000000, 0.000000000000000000 ) ) ;
#4733 = EDGE_CURVE ( 'NONE', #5535, #8342, #377, .T. ) ;
#4734 = CARTESIAN_POINT ( 'NONE',  ( -114.3499999999999943, -1.199999999999999956, 43.77000869999999821 ) ) ;
#4735 = PLANE ( 'NONE',  #211 ) ;
#4736 = ITEM_DEFINED_TRANSFORMATION ( 'NONE', 'NONE', #8904,  #2466 ) ;
#4737 = VERTEX_POINT ( 'NONE', #7873 ) ;
#4738 = DIRECTION ( 'NONE',  ( -0.8650550016288691690, 0.5016770317214821473, -2.385552577662915604E-14 ) ) ;
#4739 = CARTESIAN_POINT ( 'NONE',  ( -123.6925348012999990, -5.699990699999999855, 40.32001560000000495 ) ) ;
#4740 = LINE ( 'NONE', #8067, #4702 ) ;
#4741 = DIRECTION ( 'NONE',  ( -0.9999792881909774778, 0.006436084917575862416, 0.000000000000000000 ) ) ;
#4742 = CARTESIAN_POINT ( 'NONE',  ( -122.4499823000000021, -17.73473213866999743, 34.77002669999999540 ) ) ;
#4743 = FACE_OUTER_BOUND ( 'NONE', #1232, .T. ) ;
#4744 = DIRECTION ( 'NONE',  ( 1.000000000000000000, 0.000000000000000000, 0.000000000000000000 ) ) ;
#4745 = DIRECTION ( 'NONE',  ( -0.006435969871417507315, -0.9999792889314328415, 0.000000000000000000 ) ) ;
#4746 = STYLED_ITEM ( 'NONE', ( #1541 ), #419 ) ;
#4747 = VECTOR ( 'NONE', #5599, 1000.000000000000227 ) ;
#4748 = ORIENTED_EDGE ( 'NONE', *, *, #8593, .F. ) ;
#4749 = ORIENTED_EDGE ( 'NONE', *, *, #848, .F. ) ;
#4750 = ORIENTED_EDGE ( 'NONE', *, *, #1548, .F. ) ;
#4751 = DIRECTION ( 'NONE',  ( -0.000000000000000000, 1.000000000000000000, 0.000000000000000000 ) ) ;
#4752 =( NAMED_UNIT ( * ) SI_UNIT ( $, .STERADIAN. ) SOLID_ANGLE_UNIT ( ) );
#4753 = VECTOR ( 'NONE', #2959, 1000.000000000000000 ) ;
#4754 = ADVANCED_FACE ( 'NONE', ( #6739 ), #3772, .F. ) ;
#4755 = AXIS2_PLACEMENT_3D ( 'NONE', #4576, #7278, #7393 ) ;
#4756 = DIRECTION ( 'NONE',  ( 0.2372881355932019432, 0.9714393139598078708, 0.000000000000000000 ) ) ;
#4757 = AXIS2_PLACEMENT_3D ( 'NONE', #204, #2499, #1551 ) ;
#4758 = CARTESIAN_POINT ( 'NONE',  ( -118.3265874585000006, -12.68331034679999902, 41.77001269999999522 ) ) ;
#4759 = CIRCLE ( 'NONE', #8707, 15.39996920000000280 ) ;
#4760 = ORIENTED_EDGE ( 'NONE', *, *, #6489, .T. ) ;
#4761 = DIRECTION ( 'NONE',  ( 0.006436084917575577054, 0.9999792881909773667, 0.000000000000000000 ) ) ;
#4762 = DIRECTION ( 'NONE',  ( -1.000000000000000000, 0.000000000000000000, 0.000000000000000000 ) ) ;
#4763 = EDGE_CURVE ( 'NONE', #5709, #3753, #280, .T. ) ;
#4764 = ADVANCED_FACE ( 'NONE', ( #312 ), #2931, .T. ) ;
#4765 = DIRECTION ( 'NONE',  ( 0.000000000000000000, 1.000000000000000000, 0.000000000000000000 ) ) ;
#4766 = VERTEX_POINT ( 'NONE', #6401 ) ;
#4767 = CARTESIAN_POINT ( 'NONE',  ( -108.8500170590090335, 10.78941570092050739, 44.22413258507544498 ) ) ;
#4768 = CARTESIAN_POINT ( 'NONE',  ( -119.8499543868248765, 10.68102898844394666, 44.16447912566520273 ) ) ;
#4769 = VERTEX_POINT ( 'NONE', #2870 ) ;
#4770 = LINE ( 'NONE', #8838, #4671 ) ;
#4771 = CIRCLE ( 'NONE', #4098, 13.84997230000000279 ) ;
#4772 = CARTESIAN_POINT ( 'NONE',  ( -110.8500177184450166, 11.53838617444049497, 44.23271428770896563 ) ) ;
#4773 = CARTESIAN_POINT ( 'NONE',  ( -127.9847269485000254, -5.030569472654000229, 34.77002669999999540 ) ) ;
#4774 = AXIS2_PLACEMENT_3D ( 'NONE', #1276, #9204, #4200 ) ;
#4775 = APPLICATION_CONTEXT ( 'automotive_design' ) ;
#4776 = LINE ( 'NONE', #7011, #7733 ) ;
#4777 = VERTEX_POINT ( 'NONE', #1519 ) ;
#4778 = AXIS2_PLACEMENT_3D ( 'NONE', #6807, #8007, #8688 ) ;
#4779 = CARTESIAN_POINT ( 'NONE',  ( -119.1574371987000092, -11.69997870000000084, 41.77001269999999522 ) ) ;
#4780 = ORIENTED_EDGE ( 'NONE', *, *, #4488, .T. ) ;
#4781 = DIRECTION ( 'NONE',  ( 9.627098127156000397E-13, -1.000000000000000000, -1.375299732450999862E-13 ) ) ;
#4782 = DIRECTION ( 'NONE',  ( 0.7359921717302929656, 0.6769900465676930157, 0.000000000000000000 ) ) ;
#4783 = VERTEX_POINT ( 'NONE', #7252 ) ;
#4784 = FACE_OUTER_BOUND ( 'NONE', #3506, .T. ) ;
#4785 = PRODUCT_DEFINITION_SHAPE ( 'NONE', 'NONE',  #9353 ) ;
#4786 = EDGE_CURVE ( 'NONE', #4568, #2427, #393, .T. ) ;
#4787 = CIRCLE ( 'NONE', #2398, 13.49997300000000067 ) ;
#4788 = VECTOR ( 'NONE', #4485, 1000.000000000000000 ) ;
#4789 =( GEOMETRIC_REPRESENTATION_CONTEXT ( 3 ) GLOBAL_UNCERTAINTY_ASSIGNED_CONTEXT ( ( #181 ) ) GLOBAL_UNIT_ASSIGNED_CONTEXT ( ( #4301, #5007, #9135 ) ) REPRESENTATION_CONTEXT ( 'NONE', 'WORKASPACE' ) );
#4790 = ORIENTED_EDGE ( 'NONE', *, *, #6106, .T. ) ;
#4791 = CARTESIAN_POINT ( 'NONE',  ( -123.2223223961000116, -6.366656053202000010, 40.32001560000000495 ) ) ;
#4792 = ORIENTED_EDGE ( 'NONE', *, *, #2160, .F. ) ;
#4793 = DIRECTION ( 'NONE',  ( -1.000000000000000000, 0.000000000000000000, 0.000000000000000000 ) ) ;
#4794 = EDGE_CURVE ( 'NONE', #9127, #4467, #3454, .T. ) ;
#4795 = DIRECTION ( 'NONE',  ( 0.000000000000000000, 1.000000000000000000, 0.000000000000000000 ) ) ;
#4796 = CARTESIAN_POINT ( 'NONE',  ( -118.2326025686000008, -6.297296704125999511, 41.77001269999999522 ) ) ;
#4797 = CONTEXT_DEPENDENT_SHAPE_REPRESENTATION ( #6276, #1745 ) ;
#4798 = VERTEX_POINT ( 'NONE', #2747 ) ;
#4799 = DIRECTION ( 'NONE',  ( 0.000000000000000000, 0.000000000000000000, 1.000000000000000000 ) ) ;
#4800 = DIRECTION ( 'NONE',  ( 1.000000000000000000, 0.000000000000000000, 0.000000000000000000 ) ) ;
#4801 = CIRCLE ( 'NONE', #8626, 10.89997820000000672 ) ;
#4802 = DIRECTION ( 'NONE',  ( 0.8660254037862213927, 0.4999999999969121922, 0.000000000000000000 ) ) ;
#4803 = DIRECTION ( 'NONE',  ( -1.671868604348999976E-14, 0.000000000000000000, 1.000000000000000000 ) ) ;
#4804 = CARTESIAN_POINT ( 'NONE',  ( -108.8500070000000051, 11.69699097071333327, 37.20335516666666820 ) ) ;
#4805 = DIRECTION ( 'NONE',  ( 0.000000000000000000, 0.000000000000000000, 1.000000000000000000 ) ) ;
#4806 = EDGE_CURVE ( 'NONE', #6933, #7345, #3566, .T. ) ;
#4807 = LINE ( 'NONE', #604, #8090 ) ;
#4808 = ORIENTED_EDGE ( 'NONE', *, *, #9214, .T. ) ;
#4809 = EDGE_CURVE ( 'NONE', #94, #1295, #3474, .T. ) ;
#4810 = EDGE_LOOP ( 'NONE', ( #4780, #628, #4508, #766 ) ) ;
#4811 = ORIENTED_EDGE ( 'NONE', *, *, #4587, .T. ) ;
#4812 = ORIENTED_EDGE ( 'NONE', *, *, #2690, .F. ) ;
#4813 = EDGE_CURVE ( 'NONE', #1038, #3294, #6754, .T. ) ;
#4814 = EDGE_CURVE ( 'NONE', #4930, #3449, #479, .T. ) ;
#4815 = DIRECTION ( 'NONE',  ( 0.000000000000000000, 0.9919384395883207306, -0.1267206852376026593 ) ) ;
#4816 =( LENGTH_UNIT ( ) NAMED_UNIT ( * ) SI_UNIT ( .MILLI., .METRE. ) );
#4817 = LINE ( 'NONE', #8255, #4919 ) ;
#4818 = DIRECTION ( 'NONE',  ( 0.000000000000000000, 0.000000000000000000, -1.000000000000000000 ) ) ;
#4819 = ADVANCED_FACE ( 'NONE', ( #7112 ), #4010, .T. ) ;
#4820 = AXIS2_PLACEMENT_3D ( 'NONE', #144, #866, #1555 ) ;
#4821 = CARTESIAN_POINT ( 'NONE',  ( -104.3792431754999939, -11.05739863540000023, 37.20327673344000630 ) ) ;
#4822 = EDGE_CURVE ( 'NONE', #8787, #1331, #3788, .T. ) ;
#4823 = TOROIDAL_SURFACE ( 'NONE', #1347, 13.29997239999999969, 0.5000000000000000000 ) ;
#4824 = ORIENTED_EDGE ( 'NONE', *, *, #7846, .F. ) ;
#4825 = DIRECTION ( 'NONE',  ( 1.000000000000000000, 0.000000000000000000, 0.000000000000000000 ) ) ;
#4826 = CARTESIAN_POINT ( 'NONE',  ( -123.2223223961000116, -6.833322346797999103, 40.12001599999999968 ) ) ;
#4827 = DIRECTION ( 'NONE',  ( 0.000000000000000000, 1.000000000000000000, 0.000000000000000000 ) ) ;
#4828 = ORIENTED_EDGE ( 'NONE', *, *, #7522, .T. ) ;
#4829 = EDGE_CURVE ( 'NONE', #4943, #8983, #6945, .T. ) ;
#4830 = CARTESIAN_POINT ( 'NONE',  ( -100.7789939334999900, -4.995330620265000299, 35.98661249061999712 ) ) ;
#4831 = VERTEX_POINT ( 'NONE', #8387 ) ;
#4832 = EDGE_LOOP ( 'NONE', ( #2508, #2055, #9105, #5737 ) ) ;
#4833 = VECTOR ( 'NONE', #2407, 1000.000000000000000 ) ;
#4834 = ADVANCED_FACE ( 'NONE', ( #7200 ), #9121, .F. ) ;
#4835 = FACE_OUTER_BOUND ( 'NONE', #2090, .T. ) ;
#4836 = CARTESIAN_POINT ( 'NONE',  ( -127.9453753849000037, 2.682819419058000143, 35.17554914844000535 ) ) ;
#4837 = CARTESIAN_POINT ( 'NONE',  ( -114.3499999999999943, -1.199999999999999956, 46.62000299999999697 ) ) ;
#4838 = CARTESIAN_POINT ( 'NONE',  ( -104.2152660514999951, 8.692735174775000573, 34.77002669999999540 ) ) ;
#4839 = VECTOR ( 'NONE', #1179, 1000.000000000000000 ) ;
#4840 = ORIENTED_EDGE ( 'NONE', *, *, #6490, .F. ) ;
#4841 = AXIS2_PLACEMENT_3D ( 'NONE', #6608, #9206, #8414 ) ;
#4842 = DIRECTION ( 'NONE',  ( -0.000000000000000000, 1.000000000000000000, 0.000000000000000000 ) ) ;
#4843 = EDGE_CURVE ( 'NONE', #1, #8864, #7153, .T. ) ;
#4844 = CARTESIAN_POINT ( 'NONE',  ( -122.5414727750999901, -6.833322346797999103, 40.12001599999999968 ) ) ;
#4845 = ADVANCED_FACE ( 'NONE', ( #6975 ), #1957, .F. ) ;
#4846 = ORIENTED_EDGE ( 'NONE', *, *, #6881, .F. ) ;
#4847 = CARTESIAN_POINT ( 'NONE',  ( -114.3499999999999943, -1.199999999999999956, 40.48468206460000118 ) ) ;
#4848 = AXIS2_PLACEMENT_3D ( 'NONE', #7281, #2838, #8454 ) ;
#4849 = ORIENTED_EDGE ( 'NONE', *, *, #335, .T. ) ;
#4850 = ITEM_DEFINED_TRANSFORMATION ( 'NONE', 'NONE', #661,  #2466 ) ;
#4851 = CARTESIAN_POINT ( 'NONE',  ( -106.6398761140000033, 8.447584131454998868, 41.17001390000000072 ) ) ;
#4852 = ORIENTED_EDGE ( 'NONE', *, *, #8139, .F. ) ;
#4853 = CARTESIAN_POINT ( 'NONE',  ( -103.1681268528000004, 1.486113720806000016, 42.27001269999999522 ) ) ;
#4854 = FACE_OUTER_BOUND ( 'NONE', #5455, .T. ) ;
#4855 = FACE_OUTER_BOUND ( 'NONE', #8599, .T. ) ;
#4856 = LINE ( 'NONE', #831, #1672 ) ;
#4857 = ORIENTED_EDGE ( 'NONE', *, *, #6204, .F. ) ;
#4858 = DIRECTION ( 'NONE',  ( 0.000000000000000000, 1.000000000000000000, 0.000000000000000000 ) ) ;
#4859 = AXIS2_PLACEMENT_3D ( 'NONE', #568, #4129, #7059 ) ;
#4860 = EDGE_LOOP ( 'NONE', ( #3164, #8304, #4886, #405 ) ) ;
#4861 = CARTESIAN_POINT ( 'NONE',  ( -102.1398851139999948, 0.6533710858511000419, 41.17001390000000072 ) ) ;
#4862 = ORIENTED_EDGE ( 'NONE', *, *, #5770, .F. ) ;
#4863 = ORIENTED_EDGE ( 'NONE', *, *, #1475, .T. ) ;
#4864 = EDGE_LOOP ( 'NONE', ( #6308, #4857 ) ) ;
#4865 = EDGE_CURVE ( 'NONE', #7708, #8931, #7071, .T. ) ;
#4866 = CARTESIAN_POINT ( 'NONE',  ( -122.1604827383000043, -12.63757369838000066, 41.17001390000000072 ) ) ;
#4867 = DIRECTION ( 'NONE',  ( 0.000000000000000000, 0.000000000000000000, 1.000000000000000000 ) ) ;
#4868 = VECTOR ( 'NONE', #8756, 1000.000000000000000 ) ;
#4869 = DIRECTION ( 'NONE',  ( -1.000000000000000000, 0.000000000000000000, 0.000000000000000000 ) ) ;
#4870 = DIRECTION ( 'NONE',  ( 0.000000000000000000, 0.000000000000000000, 1.000000000000000000 ) ) ;
#4871 = DIRECTION ( 'NONE',  ( 0.000000000000000000, 0.000000000000000000, -1.000000000000000000 ) ) ;
#4872 = LINE ( 'NONE', #889, #7990 ) ;
#4873 = ORIENTED_EDGE ( 'NONE', *, *, #117, .T. ) ;
#4874 = VERTEX_POINT ( 'NONE', #2842 ) ;
#4875 = AXIS2_PLACEMENT_3D ( 'NONE', #5754, #7154, #2831 ) ;
#4876 = ORIENTED_EDGE ( 'NONE', *, *, #4274, .F. ) ;
#4877 = EDGE_LOOP ( 'NONE', ( #6121, #1642, #7950, #3196 ) ) ;
#4878 = AXIS2_PLACEMENT_3D ( 'NONE', #986, #1217, #9141 ) ;
#4879 = CARTESIAN_POINT ( 'NONE',  ( -126.5601148860999956, -3.053371084956000292, 41.11078210476999573 ) ) ;
#4880 = FILL_AREA_STYLE ('',( #4191 ) ) ;
#4881 = LINE ( 'NONE', #4844, #1652 ) ;
#4882 = UNCERTAINTY_MEASURE_WITH_UNIT (LENGTH_MEASURE( 1.000000000000000082E-05 ), #7795, 'distance_accuracy_value', 'NONE');
#4883 = FACE_OUTER_BOUND ( 'NONE', #2550, .T. ) ;
#4884 = DIRECTION ( 'NONE',  ( 1.000000000000000000, 0.000000000000000000, 0.000000000000000000 ) ) ;
#4885 = DIRECTION ( 'NONE',  ( 0.000000000000000000, 0.000000000000000000, 1.000000000000000000 ) ) ;
#4886 = ORIENTED_EDGE ( 'NONE', *, *, #3509, .F. ) ;
#4887 = DIRECTION ( 'NONE',  ( 0.8660254037979366881, 0.4999999999766207570, 3.169332516688133731E-14 ) ) ;
#4888 = PLANE ( 'NONE',  #6059 ) ;
#4889 = EDGE_LOOP ( 'NONE', ( #9123, #1143, #4593, #946, #69, #8978, #9137, #1288 ) ) ;
#4890 = DIRECTION ( 'NONE',  ( 0.000000000000000000, 0.000000000000000000, 1.000000000000000000 ) ) ;
#4891 = DIRECTION ( 'NONE',  ( -1.000000000000000000, 0.000000000000000000, 0.000000000000000000 ) ) ;
#4892 = ORIENTED_EDGE ( 'NONE', *, *, #7858, .F. ) ;
#4893 = AXIS2_PLACEMENT_3D ( 'NONE', #6551, #1026, #8758 ) ;
#4894 = ORIENTED_EDGE ( 'NONE', *, *, #4351, .F. ) ;
#4895 = AXIS2_PLACEMENT_3D ( 'NONE', #7551, #9119, #5643 ) ;
#4896 = LINE ( 'NONE', #3201, #7975 ) ;
#4897 = EDGE_CURVE ( 'NONE', #2821, #8730, #4041, .T. ) ;
#4898 = CARTESIAN_POINT ( 'NONE',  ( -127.9664494852000018, 2.695041060536000455, 34.77002669999999540 ) ) ;
#4899 = DIRECTION ( 'NONE',  ( 1.000000000000000000, 0.000000000000000000, 0.000000000000000000 ) ) ;
#4900 = CARTESIAN_POINT ( 'NONE',  ( -122.4499823000000021, -17.73473213866999743, 37.77002069999999634 ) ) ;
#4901 = ADVANCED_FACE ( 'NONE', ( #6962 ), #947, .F. ) ;
#4902 = DIRECTION ( 'NONE',  ( 0.000000000000000000, 0.000000000000000000, 1.000000000000000000 ) ) ;
#4903 = LINE ( 'NONE', #847, #4921 ) ;
#4904 = ORIENTED_EDGE ( 'NONE', *, *, #1204, .T. ) ;
#4905 = CARTESIAN_POINT ( 'NONE',  ( -114.3499999999999943, -1.199999999999999956, 48.12000000000000455 ) ) ;
#4906 = CARTESIAN_POINT ( 'NONE',  ( -104.4766573650000083, 3.829824204242000096, 42.04413323458999940 ) ) ;
#4907 = VERTEX_POINT ( 'NONE', #4061 ) ;
#4908 = EDGE_CURVE ( 'NONE', #4798, #3345, #705, .T. ) ;
#4909 = CARTESIAN_POINT ( 'NONE',  ( -107.5000177000000008, 14.64996829999999939, 36.27002670000000251 ) ) ;
#4910 = ORIENTED_EDGE ( 'NONE', *, *, #3041, .T. ) ;
#4911 = ITEM_DEFINED_TRANSFORMATION ( 'NONE', 'NONE', #7853,  #2466 ) ;
#4912 = DIRECTION ( 'NONE',  ( 0.000000000000000000, 1.000000000000000000, 0.000000000000000000 ) ) ;
#4913 = ORIENTED_EDGE ( 'NONE', *, *, #7632, .T. ) ;
#4914 = PLANE ( 'NONE',  #1328 ) ;
#4915 = CARTESIAN_POINT ( 'NONE',  ( -118.3265874585000006, -12.83331034679999938, 41.77001269999999522 ) ) ;
#4916 = STYLED_ITEM ( 'NONE', ( #1180 ), #812 ) ;
#4917 = VECTOR ( 'NONE', #8705, 1000.000000000000000 ) ;
#4918 = ADVANCED_FACE ( 'NONE', ( #7186 ), #558, .T. ) ;
#4919 = VECTOR ( 'NONE', #6061, 1000.000000000000000 ) ;
#4920 = EDGE_CURVE ( 'NONE', #3849, #434, #7027, .T. ) ;
#4921 = VECTOR ( 'NONE', #3632, 1000.000000000000000 ) ;
#4922 = ORIENTED_EDGE ( 'NONE', *, *, #459, .F. ) ;
#4923 = CARTESIAN_POINT ( 'NONE',  ( -114.3499999999999943, -1.199999999999999956, 48.49499924999999934 ) ) ;
#4924 = ADVANCED_FACE ( 'NONE', ( #3942 ), #1114, .T. ) ;
#4925 = ORIENTED_EDGE ( 'NONE', *, *, #8346, .T. ) ;
#4926 = DIRECTION ( 'NONE',  ( -1.000000000000000000, 0.000000000000000000, 0.000000000000000000 ) ) ;
#4927 = CARTESIAN_POINT ( 'NONE',  ( -104.8307245585999965, 8.806798185501001797, 41.77001269999999522 ) ) ;
#4928 = CARTESIAN_POINT ( 'NONE',  ( -110.8500070000000051, -14.60043960886000036, 41.77001269999999522 ) ) ;
#4929 = ORIENTED_EDGE ( 'NONE', *, *, #1639, .F. ) ;
#4930 = VERTEX_POINT ( 'NONE', #1893 ) ;
#4931 = DIRECTION ( 'NONE',  ( -1.000000000000000000, 0.000000000000000000, 0.000000000000000000 ) ) ;
#4932 = PLANE ( 'NONE',  #7911 ) ;
#4933 = LINE ( 'NONE', #7220, #4753 ) ;
#4934 = CARTESIAN_POINT ( 'NONE',  ( -127.6434633610999896, -8.874984649998999942, 34.17002789999999379 ) ) ;
#4935 = CARTESIAN_POINT ( 'NONE',  ( -100.7152730514999917, 2.630569472659000319, 34.77002669999999540 ) ) ;
#4936 = DIRECTION ( 'NONE',  ( 0.000000000000000000, -1.000000000000000000, 0.000000000000000000 ) ) ;
#4937 = DIRECTION ( 'NONE',  ( 1.000000000000000000, 0.000000000000000000, 0.000000000000000000 ) ) ;
#4938 = VECTOR ( 'NONE', #1355, 1000.000000000000000 ) ;
#4939 = EDGE_LOOP ( 'NONE', ( #788, #8621, #3673, #854, #2567, #8233 ) ) ;
#4940 = EDGE_CURVE ( 'NONE', #457, #5406, #4164, .T. ) ;
#4941 = EDGE_CURVE ( 'NONE', #3515, #3243, #7525, .T. ) ;
#4942 = ORIENTED_EDGE ( 'NONE', *, *, #3036, .T. ) ;
#4943 = VERTEX_POINT ( 'NONE', #7051 ) ;
#4944 = EDGE_CURVE ( 'NONE', #4988, #7579, #4119, .T. ) ;
#4945 = CARTESIAN_POINT ( 'NONE',  ( -128.0434625611000001, -8.182165712610999009, 34.77002669999999540 ) ) ;
#4946 = MANIFOLD_SOLID_BREP ( 'Imported1', #4243 ) ;
#4947 = SURFACE_STYLE_USAGE ( .BOTH. , #3413 ) ;
#4948 = LINE ( 'NONE', #6848, #8213 ) ;
#4949 = AXIS2_PLACEMENT_3D ( 'NONE', #707, #5731, #2811 ) ;
#4950 = DIRECTION ( 'NONE',  ( 9.185969950470089373E-17, 3.405669105076944529E-14, 1.000000000000000000 ) ) ;
#4951 = DIRECTION ( 'NONE',  ( 0.2471293916023943604, -0.9689824889058782365, 0.000000000000000000 ) ) ;
#4952 = LINE ( 'NONE', #4160, #4938 ) ;
#4953 = ORIENTED_EDGE ( 'NONE', *, *, #8124, .F. ) ;
#4954 = CARTESIAN_POINT ( 'NONE',  ( -124.2999822999999964, 14.64996829999999939, 36.27002670000000251 ) ) ;
#4955 = CARTESIAN_POINT ( 'NONE',  ( -104.8307245585999965, 8.806798185501001797, 41.77001269999999522 ) ) ;
#4956 = PRODUCT_RELATED_PRODUCT_CATEGORY ( 'part', '', ( #3347 ) ) ;
#4957 = DIRECTION ( 'NONE',  ( 0.000000000000000000, -1.000000000000000000, 0.000000000000000000 ) ) ;
#4958 = ORIENTED_EDGE ( 'NONE', *, *, #8325, .T. ) ;
#4959 = EDGE_CURVE ( 'NONE', #234, #1216, #2178, .T. ) ;
#4960 = ORIENTED_EDGE ( 'NONE', *, *, #1878, .F. ) ;
#4961 = AXIS2_PLACEMENT_3D ( 'NONE', #5449, #6055, #8132 ) ;
#4962 = CIRCLE ( 'NONE', #4875, 4.999990000000009260 ) ;
#4963 = VECTOR ( 'NONE', #9244, 1000.000000000000000 ) ;
#4964 = DIRECTION ( 'NONE',  ( 0.9982413920713545386, -0.05928004011000725937, 0.000000000000000000 ) ) ;
#4965 = DIRECTION ( 'NONE',  ( 0.000000000000000000, 1.000000000000000000, 0.000000000000000000 ) ) ;
#4966 = CARTESIAN_POINT ( 'NONE',  ( -129.5999683000000005, -11.08474613867000080, 34.77002669999999540 ) ) ;
#4967 = CARTESIAN_POINT ( 'NONE',  ( -114.3499999999999943, -1.199999999999999956, 41.17001390000000072 ) ) ;
#4968 = LINE ( 'NONE', #1467, #8145 ) ;
#4969 = AXIS2_PLACEMENT_3D ( 'NONE', #2873, #8619, #9337 ) ;
#4970 = VECTOR ( 'NONE', #1511, 1000.000000000000000 ) ;
#4971 = ORIENTED_EDGE ( 'NONE', *, *, #2267, .T. ) ;
#4972 = CARTESIAN_POINT ( 'NONE',  ( -108.8500070000000051, 11.85101982397999976, 34.77002669999999540 ) ) ;
#4973 = CARTESIAN_POINT ( 'NONE',  ( -104.5733172434000124, 3.858287101410999842, 41.86167231601000083 ) ) ;
#4974 = VERTEX_POINT ( 'NONE', #739 ) ;
#4975 = DIRECTION ( 'NONE',  ( -0.4999999999995093924, 0.8660254037847219255, 0.000000000000000000 ) ) ;
#4976 = ORIENTED_EDGE ( 'NONE', *, *, #9158, .T. ) ;
#4977 = DIRECTION ( 'NONE',  ( -1.000000000000000000, 0.000000000000000000, 0.000000000000000000 ) ) ;
#4978 = ORIENTED_EDGE ( 'NONE', *, *, #1768, .T. ) ;
#4979 = CARTESIAN_POINT ( 'NONE',  ( -100.6565374388999885, 5.782165712614000697, 33.27002970000000204 ) ) ;
#4980 = CIRCLE ( 'NONE', #5342, 13.84997230000000101 ) ;
#4981 = AXIS2_PLACEMENT_3D ( 'NONE', #26, #6719, #1437 ) ;
#4982 = CIRCLE ( 'NONE', #7292, 0.3999999999999975797 ) ;
#4983 = LINE ( 'NONE', #8845, #8130 ) ;
#4984 = CARTESIAN_POINT ( 'NONE',  ( -102.6084417555999977, 0.8278808954750001003, 41.77001269999999522 ) ) ;
#4985 = LINE ( 'NONE', #5807, #2020 ) ;
#4986 = ORIENTED_EDGE ( 'NONE', *, *, #7976, .F. ) ;
#4987 = EDGE_CURVE ( 'NONE', #299, #8783, #8220, .T. ) ;
#4988 = VERTEX_POINT ( 'NONE', #2433 ) ;
#4989 = CARTESIAN_POINT ( 'NONE',  ( -117.8499929999999978, 12.50986014705666882, 41.34156915486666151 ) ) ;
#4990 = CARTESIAN_POINT ( 'NONE',  ( -126.7392101810000185, -8.352913833077000305, 35.77002470000000045 ) ) ;
#4991 = DIRECTION ( 'NONE',  ( -0.8660254037988792675, -0.4999999999749881185, 3.169332516689925392E-14 ) ) ;
#4992 = ORIENTED_EDGE ( 'NONE', *, *, #8069, .F. ) ;
#4993 = CARTESIAN_POINT ( 'NONE',  ( -121.1999822999999878, -16.44996829999999832, 35.17002670000000109 ) ) ;
#4994 = VECTOR ( 'NONE', #2815, 1000.000000000000000 ) ;
#4995 = PLANE ( 'NONE',  #6969 ) ;
#4996 = DIRECTION ( 'NONE',  ( -7.926688235858897602E-08, -8.342434817499885800E-08, 0.9999999999999934497 ) ) ;
#4997 = CARTESIAN_POINT ( 'NONE',  ( -120.1584992248999981, -12.83331034679999938, 41.57001309999999705 ) ) ;
#4998 = VECTOR ( 'NONE', #8151, 1000.000000000000000 ) ;
#4999 = CARTESIAN_POINT ( 'NONE',  ( -126.1450539917000100, -8.933636180424999296, 35.77002470000000045 ) ) ;
#5000 = AXIS2_PLACEMENT_3D ( 'NONE', #2440, #1054, #3170 ) ;
#5001 = CIRCLE ( 'NONE', #4726, 13.84997230000000634 ) ;
#5002 = ORIENTED_EDGE ( 'NONE', *, *, #7343, .F. ) ;
#5003 = AXIS2_PLACEMENT_3D ( 'NONE', #495, #2411, #316 ) ;
#5004 = ORIENTED_EDGE ( 'NONE', *, *, #7235, .F. ) ;
#5005 = EDGE_LOOP ( 'NONE', ( #5518, #1000, #1996, #1543 ) ) ;
#5006 = CARTESIAN_POINT ( 'NONE',  ( -117.8499596796323772, 11.46387704843382416, 44.19662307401887347 ) ) ;
#5007 =( NAMED_UNIT ( * ) PLANE_ANGLE_UNIT ( ) SI_UNIT ( $, .RADIAN. ) );
#5008 = CIRCLE ( 'NONE', #5469, 9.899986601999000158 ) ;
#5009 = EDGE_CURVE ( 'NONE', #7689, #6118, #8406, .T. ) ;
#5010 = VECTOR ( 'NONE', #1431, 1000.000000000000000 ) ;
#5011 = CARTESIAN_POINT ( 'NONE',  ( -124.2051246231999926, -10.93130265547999969, 41.17001390000000072 ) ) ;
#5012 = CYLINDRICAL_SURFACE ( 'NONE', #3824, 11.39997820000000850 ) ;
#5013 = DIRECTION ( 'NONE',  ( 0.000000000000000000, -1.000000000000000000, 0.000000000000000000 ) ) ;
#5014 = VECTOR ( 'NONE', #3736, 1000.000000000000000 ) ;
#5015 = AXIS2_PLACEMENT_3D ( 'NONE', #63, #4325, #2067 ) ;
#5016 = ORIENTED_EDGE ( 'NONE', *, *, #5277, .F. ) ;
#5017 = CARTESIAN_POINT ( 'NONE',  ( -114.3499999999999943, -1.199999999999999956, 41.77001269999999522 ) ) ;
#5018 = CARTESIAN_POINT ( 'NONE',  ( -104.8635065749748208, 8.448814828809716460, 42.21903559465292943 ) ) ;
#5019 = CARTESIAN_POINT ( 'NONE',  ( -101.6192829370999959, 7.073841506397999801, 34.77002669999999540 ) ) ;
#5020 = DIRECTION ( 'NONE',  ( -1.989519660128000065E-13, 1.341149413747000027E-13, 1.000000000000000000 ) ) ;
#5021 = VERTEX_POINT ( 'NONE', #6511 ) ;
#5022 = AXIS2_PLACEMENT_3D ( 'NONE', #2696, #1353, #1177 ) ;
#5023 = CARTESIAN_POINT ( 'NONE',  ( -125.3948557619999917, -11.61819424874000006, 34.77002669999999540 ) ) ;
#5024 = EDGE_CURVE ( 'NONE', #513, #317, #8353, .T. ) ;
#5025 = VECTOR ( 'NONE', #4551, 1000.000000000000000 ) ;
#5026 = CARTESIAN_POINT ( 'NONE',  ( -114.3499999999999943, -1.199999999999999956, 41.77001269999999522 ) ) ;
#5027 = CARTESIAN_POINT ( 'NONE',  ( -105.2805512285000020, -0.4551726771343999611, 41.77001269999999522 ) ) ;
#5028 = CARTESIAN_POINT ( 'NONE',  ( -117.8499929999999978, 12.20043960886000001, 41.77001269999999522 ) ) ;
#5029 = FACE_OUTER_BOUND ( 'NONE', #6491, .T. ) ;
#5030 = EDGE_CURVE ( 'NONE', #6453, #2349, #2006, .T. ) ;
#5031 = CARTESIAN_POINT ( 'NONE',  ( -114.3499999999999943, -1.199999999999999956, 41.77001269999999522 ) ) ;
#5032 = FACE_OUTER_BOUND ( 'NONE', #2994, .T. ) ;
#5033 = ORIENTED_EDGE ( 'NONE', *, *, #348, .T. ) ;
#5034 = DIRECTION ( 'NONE',  ( 0.8660254037856383036, 0.4999999999979221621, 0.000000000000000000 ) ) ;
#5035 = CARTESIAN_POINT ( 'NONE',  ( -104.3835727045999988, 3.802104170105000236, 42.12988208430000014 ) ) ;
#5036 = AXIS2_PLACEMENT_3D ( 'NONE', #749, #5901, #5072 ) ;
#5037 = VERTEX_POINT ( 'NONE', #2372 ) ;
#5038 = CARTESIAN_POINT ( 'NONE',  ( -114.3499999999999943, -1.199999999999999956, 32.77003069999999951 ) ) ;
#5039 = EDGE_LOOP ( 'NONE', ( #430, #3559, #8986, #343, #6765, #2573, #6482, #6652, #8682, #448, #955, #7092 ) ) ;
#5040 = CARTESIAN_POINT ( 'NONE',  ( -106.6398761140000033, 8.447584131456000733, 41.17001390000000072 ) ) ;
#5041 = CARTESIAN_POINT ( 'NONE',  ( -129.5999683000000005, 6.749982300000000102, 36.27002670000000251 ) ) ;
#5042 = VECTOR ( 'NONE', #4178, 1000.000000000000000 ) ;
#5043 = VECTOR ( 'NONE', #9142, 1000.000000000000000 ) ;
#5044 = VECTOR ( 'NONE', #5404, 1000.000000000000000 ) ;
#5045 = EDGE_CURVE ( 'NONE', #8444, #3294, #2072, .T. ) ;
#5046 = FACE_OUTER_BOUND ( 'NONE', #6588, .T. ) ;
#5047 = VERTEX_POINT ( 'NONE', #1607 ) ;
#5048 = ORIENTED_EDGE ( 'NONE', *, *, #2120, .T. ) ;
#5049 = B_SPLINE_CURVE_WITH_KNOTS ( 'NONE', 3,
 ( #9116, #2650, #670, #1366 ),
 .UNSPECIFIED., .F., .F.,
 ( 4, 4 ),
 ( 0.000000000000000000, 1.000000000000000000 ),
 .UNSPECIFIED. ) ;
#5050 = DIRECTION ( 'NONE',  ( -1.000000000000000000, 0.000000000000000000, 0.000000000000000000 ) ) ;
#5051 = CARTESIAN_POINT ( 'NONE',  ( -114.3499999999999943, -1.199999999999999956, 41.17001390000000072 ) ) ;
#5052 = CARTESIAN_POINT ( 'NONE',  ( -124.9656758857952212, 6.149031147788538654, 43.89418188427934808 ) ) ;
#5053 = DIRECTION ( 'NONE',  ( -1.000000000000000000, 0.000000000000000000, 0.000000000000000000 ) ) ;
#5054 = CARTESIAN_POINT ( 'NONE',  ( -125.2308094136000136, -0.5538488835093999807, 41.77001269999999522 ) ) ;
#5055 = PLANE ( 'NONE',  #9090 ) ;
#5056 = EDGE_CURVE ( 'NONE', #5535, #3176, #2213, .T. ) ;
#5057 = CARTESIAN_POINT ( 'NONE',  ( -101.2431241622542615, 2.985885557913007027, 42.01313822649265717 ) ) ;
#5058 = FACE_OUTER_BOUND ( 'NONE', #482, .T. ) ;
#5059 = DIRECTION ( 'NONE',  ( 0.000000000000000000, 1.000000000000000000, 0.000000000000000000 ) ) ;
#5060 = DIRECTION ( 'NONE',  ( 2.551413751860029694E-10, -3.940023124409039999E-05, -0.9999999992238108870 ) ) ;
#5061 =( NAMED_UNIT ( * ) PLANE_ANGLE_UNIT ( ) SI_UNIT ( $, .RADIAN. ) );
#5062 = VECTOR ( 'NONE', #1158, 1000.000000000000000 ) ;
#5063 = CARTESIAN_POINT ( 'NONE',  ( -122.6862768409999944, 5.822536093895999798, 41.77001269999999522 ) ) ;
#5064 = FACE_OUTER_BOUND ( 'NONE', #8997, .T. ) ;
#5065 = ORIENTED_EDGE ( 'NONE', *, *, #117, .F. ) ;
#5066 = AXIS2_PLACEMENT_3D ( 'NONE', #8054, #3117, #1757 ) ;
#5067 = CARTESIAN_POINT ( 'NONE',  ( -124.3580118301000113, -11.01957212555999988, 37.20327792007999790 ) ) ;
#5068 = EDGE_CURVE ( 'NONE', #703, #7165, #2228, .T. ) ;
#5069 = ORIENTED_EDGE ( 'NONE', *, *, #4070, .F. ) ;
#5070 = ORIENTED_EDGE ( 'NONE', *, *, #2646, .F. ) ;
#5071 = DIRECTION ( 'NONE',  ( 0.8650550016303748535, -0.5016770317188858908, 2.030011724123940177E-14 ) ) ;
#5072 = DIRECTION ( 'NONE',  ( 1.000000000000000000, 0.000000000000000000, 0.000000000000000000 ) ) ;
#5073 = LINE ( 'NONE', #3699, #2033 ) ;
#5074 = PRODUCT_RELATED_PRODUCT_CATEGORY ( 'part', '', ( #4102 ) ) ;
#5075 = CARTESIAN_POINT ( 'NONE',  ( -120.1584992248999981, -12.83331034679999938, 41.77001269999999522 ) ) ;
#5076 = CARTESIAN_POINT ( 'NONE',  ( -114.3499999999999943, -1.199999999996999911, 41.77001269999999522 ) ) ;
#5077 = LINE ( 'NONE', #5746, #4839 ) ;
#5078 = EDGE_LOOP ( 'NONE', ( #8694, #2412, #794, #5570, #389, #6842, #746, #608 ) ) ;
#5079 = DIRECTION ( 'NONE',  ( 0.000000000000000000, 1.000000000000000000, 0.000000000000000000 ) ) ;
#5080 = CARTESIAN_POINT ( 'NONE',  ( -98.50003170000000807, -12.04997829999999936, 34.77002669999999540 ) ) ;
#5081 = CARTESIAN_POINT ( 'NONE',  ( -122.9499828000000008, -1.199999999999999956, 40.12001599999999968 ) ) ;
#5082 = ORIENTED_EDGE ( 'NONE', *, *, #1691, .T. ) ;
#5083 = DIRECTION ( 'NONE',  ( 0.000000000000000000, 0.000000000000000000, 1.000000000000000000 ) ) ;
#5084 = EDGE_CURVE ( 'NONE', #6955, #6943, #5099, .T. ) ;
#5085 = LINE ( 'NONE', #1637, #5025 ) ;
#5086 = CARTESIAN_POINT ( 'NONE',  ( -108.8500070000000051, 11.01922635686999818, 44.27001270000000233 ) ) ;
#5087 = DIRECTION ( 'NONE',  ( 0.000000000000000000, 0.000000000000000000, 1.000000000000000000 ) ) ;
#5088 = DIRECTION ( 'NONE',  ( -1.000000000000000000, 8.506527873365000667E-13, 0.000000000000000000 ) ) ;
#5089 = FACE_BOUND ( 'NONE', #3962, .T. ) ;
#5090 = ORIENTED_EDGE ( 'NONE', *, *, #2518, .T. ) ;
#5091 = DIRECTION ( 'NONE',  ( 0.000000000000000000, 0.000000000000000000, -1.000000000000000000 ) ) ;
#5092 = EDGE_CURVE ( 'NONE', #5489, #7008, #5297, .T. ) ;
#5093 = VECTOR ( 'NONE', #3023, 1000.000000000000000 ) ;
#5094 = FACE_OUTER_BOUND ( 'NONE', #4877, .T. ) ;
#5095 = VERTEX_POINT ( 'NONE', #8712 ) ;
#5096 = DIRECTION ( 'NONE',  ( 0.000000000000000000, 1.000000000000000000, 0.000000000000000000 ) ) ;
#5097 = ADVANCED_FACE ( 'NONE', ( #5029 ), #5887, .T. ) ;
#5098 = CARTESIAN_POINT ( 'NONE',  ( -104.3244233847999993, 3.784332309270000305, 42.16869832102000260 ) ) ;
#5099 = LINE ( 'NONE', #6772, #5223 ) ;
#5100 = EDGE_LOOP ( 'NONE', ( #2634, #7767, #1403, #5660, #1743, #8693 ) ) ;
#5101 = AXIS2_PLACEMENT_3D ( 'NONE', #6874, #7679, #5591 ) ;
#5102 = DIRECTION ( 'NONE',  ( 0.000000000000000000, 1.000000000000000000, 0.000000000000000000 ) ) ;
#5103 = ORIENTED_EDGE ( 'NONE', *, *, #2725, .T. ) ;
#5104 = DIRECTION ( 'NONE',  ( 0.8660254037864010268, 0.4999999999966009967, 0.000000000000000000 ) ) ;
#5105 = DIRECTION ( 'NONE',  ( 0.4999999999995868305, -0.8660254037846771835, 0.000000000000000000 ) ) ;
#5106 = EDGE_CURVE ( 'NONE', #1675, #8452, #4983, .T. ) ;
#5107 = CIRCLE ( 'NONE', #545, 14.27009598267999735 ) ;
#5108 = ORIENTED_EDGE ( 'NONE', *, *, #9267, .F. ) ;
#5109 = DIRECTION ( 'NONE',  ( -1.000000000000000000, 0.000000000000000000, 0.000000000000000000 ) ) ;
#5110 = VECTOR ( 'NONE', #6966, 1000.000000000000000 ) ;
#5111 = VERTEX_POINT ( 'NONE', #805 ) ;
#5112 = EDGE_LOOP ( 'NONE', ( #6005, #8126, #3100, #6273 ) ) ;
#5113 = CARTESIAN_POINT ( 'NONE',  ( -119.8499929999999978, 10.46874091581999977, 41.77001269999999522 ) ) ;
#5114 = CARTESIAN_POINT ( 'NONE',  ( -114.3499999999999943, -1.199999999999999956, 32.94503034999999613 ) ) ;
#5115 = ORIENTED_EDGE ( 'NONE', *, *, #9214, .F. ) ;
#5116 = AXIS2_PLACEMENT_3D ( 'NONE', #8580, #3525, #7718 ) ;
#5117 = PLANE ( 'NONE',  #2755 ) ;
#5118 = CARTESIAN_POINT ( 'NONE',  ( -102.4148845639999905, 1.129684105304999964, 41.17001390000000072 ) ) ;
#5119 = AXIS2_PLACEMENT_3D ( 'NONE', #8628, #5744, #5686 ) ;
#5120 = CARTESIAN_POINT ( 'NONE',  ( -101.6817782479622565, 3.153691150795193021, 42.27001270000654642 ) ) ;
#5121 = FACE_OUTER_BOUND ( 'NONE', #3471, .T. ) ;
#5122 = EDGE_LOOP ( 'NONE', ( #1725, #2788, #7585, #1906, #4427, #7524 ) ) ;
#5123 = CARTESIAN_POINT ( 'NONE',  ( -102.3578252261000046, 6.390479749189999836, 42.03903596202000159 ) ) ;
#5124 =( LENGTH_UNIT ( ) NAMED_UNIT ( * ) SI_UNIT ( .MILLI., .METRE. ) );
#5125 = FACE_OUTER_BOUND ( 'NONE', #5174, .T. ) ;
#5126 = PLANE ( 'NONE',  #7768 ) ;
#5127 = ORIENTED_EDGE ( 'NONE', *, *, #3054, .F. ) ;
#5128 = VECTOR ( 'NONE', #1776, 1000.000000000000000 ) ;
#5129 = ORIENTED_EDGE ( 'NONE', *, *, #2980, .F. ) ;
#5130 = CARTESIAN_POINT ( 'NONE',  ( -126.2292688325999990, -8.982257641433999851, 34.10336141282000000 ) ) ;
#5131 = EDGE_LOOP ( 'NONE', ( #6186, #172, #6033, #9320 ) ) ;
#5132 = EDGE_CURVE ( 'NONE', #8037, #992, #5107, .T. ) ;
#5133 = ADVANCED_FACE ( 'NONE', ( #5182 ), #8175, .T. ) ;
#5134 = ORIENTED_EDGE ( 'NONE', *, *, #7513, .F. ) ;
#5135 = EDGE_CURVE ( 'NONE', #8891, #7918, #8419, .T. ) ;
#5136 = DIRECTION ( 'NONE',  ( 7.805349652682997570E-09, 2.603961033882998886E-08, -0.9999999999999996669 ) ) ;
#5137 = CARTESIAN_POINT ( 'NONE',  ( -121.9214856968000049, 5.178270852106999556, 43.77000869999999821 ) ) ;
#5138 = DIRECTION ( 'NONE',  ( 0.000000000000000000, 0.000000000000000000, 1.000000000000000000 ) ) ;
#5139 = AXIS2_PLACEMENT_3D ( 'NONE', #3712, #4404, #4583 ) ;
#5140 = APPLICATION_CONTEXT ( 'automotive_design' ) ;
#5141 = TOROIDAL_SURFACE ( 'NONE', #8851, 11.75069093011999932, 1.669996660000000022 ) ;
#5142 = ORIENTED_EDGE ( 'NONE', *, *, #3526, .F. ) ;
#5143 = CARTESIAN_POINT ( 'NONE',  ( -100.6565374388999885, 5.782165712611000430, 34.77002669999999540 ) ) ;
#5144 = VECTOR ( 'NONE', #5079, 1000.000000000000000 ) ;
#5145 = ADVANCED_FACE ( 'NONE', ( #8347 ), #1843, .T. ) ;
#5146 = ORIENTED_EDGE ( 'NONE', *, *, #5748, .T. ) ;
#5147 = EDGE_CURVE ( 'NONE', #8586, #7272, #8245, .T. ) ;
#5148 = DIRECTION ( 'NONE',  ( 0.000000000000000000, 1.000000000000000000, 0.000000000000000000 ) ) ;
#5149 = FACE_OUTER_BOUND ( 'NONE', #2858, .T. ) ;
#5150 = LINE ( 'NONE', #1958, #5337 ) ;
#5151 = ORIENTED_EDGE ( 'NONE', *, *, #1314, .T. ) ;
#5152 = CARTESIAN_POINT ( 'NONE',  ( -104.8361819098878129, 8.749301842838740129, 42.01332082295389370 ) ) ;
#5153 = DIRECTION ( 'NONE',  ( 0.3971122021666051438, 0.9177700686394111296, 0.000000000000000000 ) ) ;
#5154 = CARTESIAN_POINT ( 'NONE',  ( -124.9558481412000077, 6.143393137072999721, 43.77001270000000233 ) ) ;
#5155 = ORIENTED_EDGE ( 'NONE', *, *, #5503, .F. ) ;
#5156 = CARTESIAN_POINT ( 'NONE',  ( -100.5000276999999897, -1.199999999999999956, 41.77001269999999522 ) ) ;
#5157 = ORIENTED_EDGE ( 'NONE', *, *, #4176, .F. ) ;
#5158 = EDGE_CURVE ( 'NONE', #4250, #4497, #5217, .T. ) ;
#5159 = LINE ( 'NONE', #3619, #8128 ) ;
#5160 = ORIENTED_EDGE ( 'NONE', *, *, #8080, .F. ) ;
#5161 = DIRECTION ( 'NONE',  ( -1.000000000000000000, 0.000000000000000000, 0.000000000000000000 ) ) ;
#5162 = PLANE ( 'NONE',  #7362 ) ;
#5163 = CARTESIAN_POINT ( 'NONE',  ( -108.8500070000000051, 12.48618671327999863, 34.77002669999999540 ) ) ;
#5164 = FACE_OUTER_BOUND ( 'NONE', #8751, .T. ) ;
#5165 = EDGE_LOOP ( 'NONE', ( #9152, #8913, #385, #5298, #6640 ) ) ;
#5166 = CARTESIAN_POINT ( 'NONE',  ( -127.8199019826000153, -8.053092952403000382, 39.96620521024000539 ) ) ;
#5167 = LINE ( 'NONE', #5635, #5185 ) ;
#5168 = EDGE_LOOP ( 'NONE', ( #6948, #5504, #5456, #8559, #4059, #7050, #8251, #3906 ) ) ;
#5169 = EDGE_CURVE ( 'NONE', #2543, #5838, #8200, .T. ) ;
#5170 = EDGE_CURVE ( 'NONE', #7063, #3111, #5231, .T. ) ;
#5171 = CARTESIAN_POINT ( 'NONE',  ( -104.1939862636000100, 8.158741303265999889, 41.77001269999999522 ) ) ;
#5172 = ORIENTED_EDGE ( 'NONE', *, *, #2486, .F. ) ;
#5173 = CARTESIAN_POINT ( 'NONE',  ( -101.9563426354000057, 4.800780877338000074, 42.27001269999999522 ) ) ;
#5174 = EDGE_LOOP ( 'NONE', ( #3624, #6222, #6631, #3144 ) ) ;
#5175 = DIRECTION ( 'NONE',  ( 0.000000000000000000, 0.000000000000000000, 1.000000000000000000 ) ) ;
#5176 = AXIS2_PLACEMENT_3D ( 'NONE', #7944, #8690, #782 ) ;
#5177 = CARTESIAN_POINT ( 'NONE',  ( -127.8807154628999996, -8.088203631623001044, 39.86605802304000434 ) ) ;
#5178 = EDGE_CURVE ( 'NONE', #434, #8461, #8231, .T. ) ;
#5179 = DIRECTION ( 'NONE',  ( 0.000000000000000000, -1.000000000000000000, 0.000000000000000000 ) ) ;
#5180 = CIRCLE ( 'NONE', #1583, 14.24997149999999912 ) ;
#5181 = ORIENTED_EDGE ( 'NONE', *, *, #7129, .T. ) ;
#5182 = FACE_OUTER_BOUND ( 'NONE', #4668, .T. ) ;
#5183 = ORIENTED_EDGE ( 'NONE', *, *, #2047, .F. ) ;
#5184 = DIRECTION ( 'NONE',  ( -0.8289649822659732603, 0.5593005079353805531, 0.000000000000000000 ) ) ;
#5185 = VECTOR ( 'NONE', #7099, 1000.000000000000000 ) ;
#5186 = VECTOR ( 'NONE', #6627, 1000.000000000000000 ) ;
#5187 = ORIENTED_EDGE ( 'NONE', *, *, #3025, .F. ) ;
#5188 = ADVANCED_FACE ( 'NONE', ( #5125 ), #2738, .F. ) ;
#5189 = CIRCLE ( 'NONE', #516, 1.769996460000000216 ) ;
#5190 = ORIENTED_EDGE ( 'NONE', *, *, #4062, .T. ) ;
#5191 = EDGE_CURVE ( 'NONE', #871, #8191, #5545, .T. ) ;
#5192 = DIRECTION ( 'NONE',  ( 0.000000000000000000, 0.000000000000000000, -1.000000000000000000 ) ) ;
#5193 = SURFACE_STYLE_USAGE ( .BOTH. , #3084 ) ;
#5194 = CARTESIAN_POINT ( 'NONE',  ( -110.8500070000000051, 12.20043960886000001, 41.77001269999999522 ) ) ;
#5195 = VERTEX_POINT ( 'NONE', #5332 ) ;
#5196 = CARTESIAN_POINT ( 'NONE',  ( -103.4041473078453492, 0.9922118617157107412, 42.14388903126466346 ) ) ;
#5197 = AXIS2_PLACEMENT_3D ( 'NONE', #8930, #7473, #231 ) ;
#5198 = CARTESIAN_POINT ( 'NONE',  ( -104.2285247130111969, 7.937525181564039300, 42.15079135928353793 ) ) ;
#5199 = LINE ( 'NONE', #7443, #8307 ) ;
#5200 = VERTEX_POINT ( 'NONE', #1974 ) ;
#5201 = CARTESIAN_POINT ( 'NONE',  ( -101.3666336296000026, 5.372191485743999628, 40.76737402086000372 ) ) ;
#5202 = CARTESIAN_POINT ( 'NONE',  ( -104.5835859168999917, 3.861291530683999884, 41.77001269999999522 ) ) ;
#5203 = VECTOR ( 'NONE', #7505, 1000.000000000000000 ) ;
#5204 = DIRECTION ( 'NONE',  ( 2.131628207281000056E-13, -8.082423619271999157E-14, -1.000000000000000000 ) ) ;
#5205 = VERTEX_POINT ( 'NONE', #3420 ) ;
#5206 = FACE_OUTER_BOUND ( 'NONE', #845, .T. ) ;
#5207 = ORIENTED_EDGE ( 'NONE', *, *, #6335, .F. ) ;
#5208 = VERTEX_POINT ( 'NONE', #3352 ) ;
#5209 = PRODUCT_DEFINITION_FORMATION_WITH_SPECIFIED_SOURCE ( 'ANY', '', #8743, .NOT_KNOWN. ) ;
#5210 = EDGE_CURVE ( 'NONE', #4633, #7416, #2016, .T. ) ;
#5211 = VERTEX_POINT ( 'NONE', #4826 ) ;
#5212 = CARTESIAN_POINT ( 'NONE',  ( -114.3499999999999943, -1.199999999999999956, 34.77002669999999540 ) ) ;
#5213 = DIRECTION ( 'NONE',  ( 0.000000000000000000, 1.000000000000000000, 0.000000000000000000 ) ) ;
#5214 = DIRECTION ( 'NONE',  ( 1.000000000000000000, 0.000000000000000000, 0.000000000000000000 ) ) ;
#5215 = ORIENTED_EDGE ( 'NONE', *, *, #4727, .T. ) ;
#5216 = CARTESIAN_POINT ( 'NONE',  ( -122.5414727750999901, -6.366656053202000010, 40.12001599999999968 ) ) ;
#5217 = CIRCLE ( 'NONE', #1505, 0.5499988999999968486 ) ;
#5218 = ORIENTED_EDGE ( 'NONE', *, *, #2536, .T. ) ;
#5219 = DIRECTION ( 'NONE',  ( -0.8660254037871641941, -0.4999999999952791097, 0.000000000000000000 ) ) ;
#5220 = VECTOR ( 'NONE', #321, 1000.000000000000000 ) ;
#5221 = ORIENTED_EDGE ( 'NONE', *, *, #2005, .T. ) ;
#5222 = CARTESIAN_POINT ( 'NONE',  ( -99.10003169999998818, -8.049982299999999924, 34.77002669999999540 ) ) ;
#5223 = VECTOR ( 'NONE', #3031, 1000.000000000000227 ) ;
#5224 = ORIENTED_EDGE ( 'NONE', *, *, #8810, .T. ) ;
#5225 = CARTESIAN_POINT ( 'NONE',  ( -114.3499999999999943, 10.55069093012000003, 33.44002935999999693 ) ) ;
#5226 = ADVANCED_FACE ( 'NONE', ( #5164 ), #1273, .T. ) ;
#5227 = ORIENTED_EDGE ( 'NONE', *, *, #1656, .F. ) ;
#5228 = CIRCLE ( 'NONE', #2528, 4.999989999999999490 ) ;
#5229 = ORIENTED_EDGE ( 'NONE', *, *, #1629, .T. ) ;
#5230 = DIRECTION ( 'NONE',  ( 1.000000000000000000, 0.000000000000000000, 0.000000000000000000 ) ) ;
#5231 = LINE ( 'NONE', #4136, #5203 ) ;
#5232 = AXIS2_PLACEMENT_3D ( 'NONE', #1744, #5412, #532 ) ;
#5233 = ORIENTED_EDGE ( 'NONE', *, *, #963, .F. ) ;
#5234 = CARTESIAN_POINT ( 'NONE',  ( -100.7786207394999991, 2.593995667840999886, 35.98661367737000205 ) ) ;
#5235 = LINE ( 'NONE', #6400, #2124 ) ;
#5236 = FACE_OUTER_BOUND ( 'NONE', #5039, .T. ) ;
#5237 = ORIENTED_EDGE ( 'NONE', *, *, #432, .F. ) ;
#5238 = AXIS2_PLACEMENT_3D ( 'NONE', #555, #2601, #8314 ) ;
#5239 = CARTESIAN_POINT ( 'NONE',  ( -119.4776496039000051, -11.69997870000000084, 41.57001309999999705 ) ) ;
#5240 = FACE_OUTER_BOUND ( 'NONE', #1189, .T. ) ;
#5241 = ORIENTED_EDGE ( 'NONE', *, *, #4829, .F. ) ;
#5242 = CARTESIAN_POINT ( 'NONE',  ( -99.80633690338999031, -5.559410159201000567, 39.86629521156000067 ) ) ;
#5243 = B_SPLINE_CURVE_WITH_KNOTS ( 'NONE', 3,
 ( #3399, #7224, #4238, #2027, #2901, #498 ),
 .UNSPECIFIED., .F., .F.,
 ( 4, 1, 1, 4 ),
 ( 0.000000000000000000, 0.3333333333333000081, 0.6666666666667000474, 1.000000000000000000 ),
 .UNSPECIFIED. ) ;
#5244 = CARTESIAN_POINT ( 'NONE',  ( -104.4053897113000033, 8.582967228611998678, 38.42001940000000104 ) ) ;
#5245 = CARTESIAN_POINT ( 'NONE',  ( -119.4776496039000051, -11.84997869999999942, 41.77001269999999522 ) ) ;
#5246 = CARTESIAN_POINT ( 'NONE',  ( -119.8499605596923772, 10.72491009732364553, 44.19349575932178453 ) ) ;
#5247 = CYLINDRICAL_SURFACE ( 'NONE', #7498, 0.5000000000000004441 ) ;
#5248 = DIRECTION ( 'NONE',  ( 0.000000000000000000, 1.000000000000000000, 0.000000000000000000 ) ) ;
#5249 = ORIENTED_EDGE ( 'NONE', *, *, #216, .T. ) ;
#5250 = CYLINDRICAL_SURFACE ( 'NONE', #8180, 15.39996919999998859 ) ;
#5251 = ORIENTED_EDGE ( 'NONE', *, *, #9227, .F. ) ;
#5252 = FACE_OUTER_BOUND ( 'NONE', #7140, .T. ) ;
#5253 = AXIS2_PLACEMENT_3D ( 'NONE', #4287, #2093, #2837 ) ;
#5254 = ORIENTED_EDGE ( 'NONE', *, *, #4920, .T. ) ;
#5255 = B_SPLINE_CURVE_WITH_KNOTS ( 'NONE', 3,
 ( #8217, #1056, #1747, #6655, #8042, #219 ),
 .UNSPECIFIED., .F., .F.,
 ( 4, 1, 1, 4 ),
 ( 0.000000000000000000, 0.3333333333333000081, 0.6666666666667000474, 1.000000000000000000 ),
 .UNSPECIFIED. ) ;
#5256 = CIRCLE ( 'NONE', #2645, 13.84997229999999924 ) ;
#5257 = VERTEX_POINT ( 'NONE', #6073 ) ;
#5258 = CARTESIAN_POINT ( 'NONE',  ( -117.8499929999999978, -14.92330464742999929, 34.77002669999999540 ) ) ;
#5259 = EDGE_CURVE ( 'NONE', #5889, #6093, #8401, .T. ) ;
#5260 = DIRECTION ( 'NONE',  ( 0.000000000000000000, 0.000000000000000000, 1.000000000000000000 ) ) ;
#5261 = DIRECTION ( 'NONE',  ( 0.000000000000000000, 0.000000000000000000, -1.000000000000000000 ) ) ;
#5262 = DIRECTION ( 'NONE',  ( -0.8660254037809809180, -0.5000000000059889871, 0.000000000000000000 ) ) ;
#5263 =( LENGTH_UNIT ( ) NAMED_UNIT ( * ) SI_UNIT ( .MILLI., .METRE. ) );
#5264 = VECTOR ( 'NONE', #4793, 1000.000000000000000 ) ;
#5265 = VERTEX_POINT ( 'NONE', #341 ) ;
#5266 = CARTESIAN_POINT ( 'NONE',  ( -121.3759851699961132, 7.334192264754231694, 44.25013816853139303 ) ) ;
#5267 = DIRECTION ( 'NONE',  ( 0.5639349011557979185, 0.8258192461176963040, 0.000000000000000000 ) ) ;
#5268 = FACE_OUTER_BOUND ( 'NONE', #5005, .T. ) ;
#5269 = ORIENTED_EDGE ( 'NONE', *, *, #5293, .T. ) ;
#5270 = FACE_OUTER_BOUND ( 'NONE', #2526, .T. ) ;
#5271 = CIRCLE ( 'NONE', #6820, 13.84997229999999568 ) ;
#5272 = CARTESIAN_POINT ( 'NONE',  ( -128.8748066244000086, 3.221830585465999874, 39.86629397768000160 ) ) ;
#5273 = ORIENTED_EDGE ( 'NONE', *, *, #3855, .F. ) ;
#5274 = ADVANCED_FACE ( 'NONE', ( #8104 ), #5250, .T. ) ;
#5275 = AXIS2_PLACEMENT_3D ( 'NONE', #4008, #4700, #3830 ) ;
#5276 = ORIENTED_EDGE ( 'NONE', *, *, #1296, .T. ) ;
#5277 = EDGE_CURVE ( 'NONE', #3176, #5914, #9035, .T. ) ;
#5278 = EDGE_CURVE ( 'NONE', #3753, #8279, #8312, .T. ) ;
#5279 = CARTESIAN_POINT ( 'NONE',  ( -130.8499683000000005, -13.73473213867000098, 37.77002069999999634 ) ) ;
#5280 = DIRECTION ( 'NONE',  ( 0.000000000000000000, 0.000000000000000000, -1.000000000000000000 ) ) ;
#5281 = DIRECTION ( 'NONE',  ( -1.000000000000000000, 0.000000000000000000, 0.000000000000000000 ) ) ;
#5282 = FACE_OUTER_BOUND ( 'NONE', #25, .T. ) ;
#5283 = ORIENTED_EDGE ( 'NONE', *, *, #2327, .T. ) ;
#5284 = CARTESIAN_POINT ( 'NONE',  ( -100.9862737625012699, 3.283484890675097301, 42.15055706215035514 ) ) ;
#5285 = LINE ( 'NONE', #519, #5062 ) ;
#5286 = ORIENTED_EDGE ( 'NONE', *, *, #2367, .T. ) ;
#5287 = VECTOR ( 'NONE', #6245, 1000.000000000000000 ) ;
#5288 = ORIENTED_EDGE ( 'NONE', *, *, #716, .F. ) ;
#5289 = EDGE_CURVE ( 'NONE', #5772, #5550, #5285, .T. ) ;
#5290 = CARTESIAN_POINT ( 'NONE',  ( -114.3499999999999943, -1.199999999999999956, 38.35301953399999775 ) ) ;
#5291 = VECTOR ( 'NONE', #3028, 1000.000000000000000 ) ;
#5292 = ORIENTED_EDGE ( 'NONE', *, *, #7295, .T. ) ;
#5293 = EDGE_CURVE ( 'NONE', #5743, #6786, #8121, .T. ) ;
#5294 = EDGE_CURVE ( 'NONE', #4055, #7592, #8367, .T. ) ;
#5295 = LINE ( 'NONE', #2977, #8610 ) ;
#5296 = ORIENTED_EDGE ( 'NONE', *, *, #566, .F. ) ;
#5297 = LINE ( 'NONE', #7398, #4998 ) ;
#5298 = ORIENTED_EDGE ( 'NONE', *, *, #6902, .F. ) ;
#5299 = LINE ( 'NONE', #8713, #8470 ) ;
#5300 = ORIENTED_EDGE ( 'NONE', *, *, #7673, .T. ) ;
#5301 = AXIS2_PLACEMENT_3D ( 'NONE', #5451, #4871, #2479 ) ;
#5302 = CARTESIAN_POINT ( 'NONE',  ( -110.8500070000000051, 11.73481599251999974, 44.27001270000000233 ) ) ;
#5303 = VECTOR ( 'NONE', #5013, 1000.000000000000000 ) ;
#5304 = ORIENTED_EDGE ( 'NONE', *, *, #487, .F. ) ;
#5305 = DIRECTION ( 'NONE',  ( -1.000000000000000000, 0.000000000000000000, 0.000000000000000000 ) ) ;
#5306 = CARTESIAN_POINT ( 'NONE',  ( -99.10003169999998818, -9.149982299999999569, 35.17002670000000109 ) ) ;
#5307 = ADVANCED_FACE ( 'NONE', ( #2065, #8330 ), #2255, .T. ) ;
#5308 = DIRECTION ( 'NONE',  ( 0.000000000000000000, 0.000000000000000000, -1.000000000000000000 ) ) ;
#5309 = DIRECTION ( 'NONE',  ( 0.000000000000000000, 0.000000000000000000, -1.000000000000000000 ) ) ;
#5310 = CARTESIAN_POINT ( 'NONE',  ( -119.8500062931079952, 10.75789879523403947, 44.21132146372728045 ) ) ;
#5311 = LINE ( 'NONE', #1036, #5346 ) ;
#5312 = CARTESIAN_POINT ( 'NONE',  ( -122.5414727750999901, -6.366656053202000010, 40.32001560000000495 ) ) ;
#5313 = ORIENTED_EDGE ( 'NONE', *, *, #900, .F. ) ;
#5314 = LINE ( 'NONE', #950, #2462 ) ;
#5315 = ADVANCED_BREP_SHAPE_REPRESENTATION ( '', ( #4184, #2466 ), #3597 ) ;
#5316 = ADVANCED_FACE ( 'NONE', ( #1917 ), #1997, .T. ) ;
#5317 = EDGE_LOOP ( 'NONE', ( #3188, #1619 ) ) ;
#5318 = LINE ( 'NONE', #8389, #5128 ) ;
#5319 = EDGE_LOOP ( 'NONE', ( #5476, #6201, #159, #3512, #5459, #8560, #3122, #2075 ) ) ;
#5320 = CYLINDRICAL_SURFACE ( 'NONE', #1086, 0.3999999999999975797 ) ;
#5321 = ORIENTED_EDGE ( 'NONE', *, *, #549, .F. ) ;
#5322 = AXIS2_PLACEMENT_3D ( 'NONE', #6917, #5513, #7605 ) ;
#5323 = DIRECTION ( 'NONE',  ( 1.000000000000000000, 0.000000000000000000, 0.000000000000000000 ) ) ;
#5324 = EDGE_CURVE ( 'NONE', #6641, #306, #1901, .T. ) ;
#5325 = CARTESIAN_POINT ( 'NONE',  ( -117.8499929999999978, 12.81928068525333408, 40.91312560973333490 ) ) ;
#5326 = DIRECTION ( 'NONE',  ( 0.000000000000000000, 1.000000000000000000, 0.000000000000000000 ) ) ;
#5327 = DIRECTION ( 'NONE',  ( 0.000000000000000000, 0.000000000000000000, 1.000000000000000000 ) ) ;
#5328 = CARTESIAN_POINT ( 'NONE',  ( -99.10003169999998818, 7.649982299997000190, 35.17002670000000109 ) ) ;
#5329 = FACE_OUTER_BOUND ( 'NONE', #3321, .T. ) ;
#5330 = ORIENTED_EDGE ( 'NONE', *, *, #5147, .F. ) ;
#5331 = CARTESIAN_POINT ( 'NONE',  ( -121.4453440530000563, 7.392583865794660092, 44.20796816783327188 ) ) ;
#5332 = CARTESIAN_POINT ( 'NONE',  ( -105.5000177000000008, -16.44996829999999832, 36.27002670000000251 ) ) ;
#5333 = VECTOR ( 'NONE', #2877, 1000.000000000000000 ) ;
#5334 = DIRECTION ( 'NONE',  ( -1.000000000000000000, 0.000000000000000000, 0.000000000000000000 ) ) ;
#5335 = ORIENTED_EDGE ( 'NONE', *, *, #8413, .T. ) ;
#5336 = EDGE_CURVE ( 'NONE', #2821, #5208, #8184, .T. ) ;
#5337 = VECTOR ( 'NONE', #8947, 1000.000000000000000 ) ;
#5338 = CARTESIAN_POINT ( 'NONE',  ( -108.8500294556791204, 10.75934558468911639, 44.21066924092846762 ) ) ;
#5339 = ORIENTED_EDGE ( 'NONE', *, *, #4366, .F. ) ;
#5340 = VECTOR ( 'NONE', #927, 1000.000000000000114 ) ;
#5341 = ORIENTED_EDGE ( 'NONE', *, *, #3156, .F. ) ;
#5342 = AXIS2_PLACEMENT_3D ( 'NONE', #74, #3767, #8019 ) ;
#5343 = CARTESIAN_POINT ( 'NONE',  ( -114.3499999999999943, -1.199999999996999911, 41.17001390000000072 ) ) ;
#5344 = CARTESIAN_POINT ( 'NONE',  ( -103.8708913925955670, 7.872830661686299969, 42.27001270000302213 ) ) ;
#5345 = CARTESIAN_POINT ( 'NONE',  ( -119.0074371987000035, -12.83331034679999938, 41.57001309999999705 ) ) ;
#5346 = VECTOR ( 'NONE', #1724, 1000.000000000000000 ) ;
#5347 = EDGE_CURVE ( 'NONE', #4541, #469, #1929, .T. ) ;
#5348 = ORIENTED_EDGE ( 'NONE', *, *, #3945, .T. ) ;
#5349 = DIRECTION ( 'NONE',  ( 0.000000000000000000, 0.000000000000000000, 1.000000000000000000 ) ) ;
#5350 = CARTESIAN_POINT ( 'NONE',  ( -105.2500181999999995, -1.199988252562000035, 41.77001269999999522 ) ) ;
#5351 = CIRCLE ( 'NONE', #4563, 13.94997210000000010 ) ;
#5352 = ORIENTED_EDGE ( 'NONE', *, *, #1761, .T. ) ;
#5353 = ORIENTED_EDGE ( 'NONE', *, *, #4466, .T. ) ;
#5354 = DIRECTION ( 'NONE',  ( 0.000000000000000000, 0.000000000000000000, 1.000000000000000000 ) ) ;
#5355 = ADVANCED_FACE ( 'NONE', ( #5268 ), #5012, .T. ) ;
#5356 = LINE ( 'NONE', #1215, #2194 ) ;
#5357 = ORIENTED_EDGE ( 'NONE', *, *, #4829, .T. ) ;
#5358 = DIRECTION ( 'NONE',  ( 0.000000000000000000, 0.000000000000000000, -1.000000000000000000 ) ) ;
#5359 = AXIS2_PLACEMENT_3D ( 'NONE', #9112, #610, #6296 ) ;
#5360 = PRODUCT_DEFINITION_SHAPE ( 'NONE', 'NONE',  #3876 ) ;
#5361 = AXIS2_PLACEMENT_3D ( 'NONE', #2621, #3351, #4079 ) ;
#5362 = LINE ( 'NONE', #7576, #2834 ) ;
#5363 = ORIENTED_EDGE ( 'NONE', *, *, #503, .T. ) ;
#5364 = CARTESIAN_POINT ( 'NONE',  ( -128.8748066244000086, 3.221830585481999965, 34.77002669999999540 ) ) ;
#5365 = VECTOR ( 'NONE', #6349, 1000.000000000000000 ) ;
#5366 = VECTOR ( 'NONE', #5204, 1000.000000000000000 ) ;
#5367 = ORIENTED_EDGE ( 'NONE', *, *, #2892, .F. ) ;
#5368 = CARTESIAN_POINT ( 'NONE',  ( -100.8192845371000033, 5.688203631603999888, 39.86605802304000434 ) ) ;
#5369 = DIRECTION ( 'NONE',  ( 0.9442596067069802812, 0.3292017544630931880, 0.000000000000000000 ) ) ;
#5370 = CARTESIAN_POINT ( 'NONE',  ( -118.3265874585000006, -12.83331034679999938, 41.57001309999999705 ) ) ;
#5371 = VECTOR ( 'NONE', #3779, 1000.000000000000000 ) ;
#5372 = SURFACE_STYLE_FILL_AREA ( #861 ) ;
#5373 = EDGE_LOOP ( 'NONE', ( #4922, #2029, #8533, #2244 ) ) ;
#5374 = DIRECTION ( 'NONE',  ( 0.000000000000000000, 0.000000000000000000, 1.000000000000000000 ) ) ;
#5375 = CARTESIAN_POINT ( 'NONE',  ( -114.3499999999999943, 14.34996889999999858, 32.77003069999999951 ) ) ;
#5376 = CARTESIAN_POINT ( 'NONE',  ( -102.3713390292000156, 6.555241248057000369, 41.77001269999999522 ) ) ;
#5377 = DIRECTION ( 'NONE',  ( 0.000000000000000000, 0.000000000000000000, 1.000000000000000000 ) ) ;
#5378 = DIRECTION ( 'NONE',  ( 0.000000000000000000, 0.000000000000000000, -1.000000000000000000 ) ) ;
#5379 = AXIS2_PLACEMENT_3D ( 'NONE', #4710, #6140, #3487 ) ;
#5380 = ADVANCED_FACE ( 'NONE', ( #5089, #1979 ), #8050, .T. ) ;
#5381 = CIRCLE ( 'NONE', #4105, 1.669996659999999578 ) ;
#5382 = ORIENTED_EDGE ( 'NONE', *, *, #5980, .T. ) ;
#5383 = LINE ( 'NONE', #7264, #5683 ) ;
#5384 = VERTEX_POINT ( 'NONE', #4307 ) ;
#5385 = EDGE_CURVE ( 'NONE', #7991, #7875, #1894, .T. ) ;
#5386 = FACE_OUTER_BOUND ( 'NONE', #57, .T. ) ;
#5387 = ORIENTED_EDGE ( 'NONE', *, *, #3411, .F. ) ;
#5388 = DIRECTION ( 'NONE',  ( 0.000000000000000000, 0.000000000000000000, 1.000000000000000000 ) ) ;
#5389 = LINE ( 'NONE', #4460, #2091 ) ;
#5390 = EDGE_LOOP ( 'NONE', ( #1144, #4159, #2457, #1574, #2713, #7545 ) ) ;
#5391 = CARTESIAN_POINT ( 'NONE',  ( -129.6999682999999948, 6.749982300000000102, 34.77002669999999540 ) ) ;
#5392 = CARTESIAN_POINT ( 'NONE',  ( -129.1999682999999948, 6.749982300000000102, 35.17002670000000109 ) ) ;
#5393 = DIRECTION ( 'NONE',  ( -0.8238605622453081256, 0.5667925316876051278, 1.035657491428938156E-14 ) ) ;
#5394 = EDGE_CURVE ( 'NONE', #3826, #9160, #8143, .T. ) ;
#5395 = DIRECTION ( 'NONE',  ( 0.000000000000000000, 1.000000000000000000, 0.000000000000000000 ) ) ;
#5396 = AXIS2_PLACEMENT_3D ( 'NONE', #8659, #6721, #5281 ) ;
#5397 = SURFACE_SIDE_STYLE ('',( #5372 ) ) ;
#5398 = CONICAL_SURFACE ( 'NONE', #4859, 9.250621238820000869, 0.9832330836538561991 ) ;
#5399 = ORIENTED_EDGE ( 'NONE', *, *, #3047, .F. ) ;
#5400 = MECHANICAL_DESIGN_GEOMETRIC_PRESENTATION_REPRESENTATION (  '', ( #1632 ), #7118 ) ;
#5401 = DIRECTION ( 'NONE',  ( 0.000000000000000000, 0.000000000000000000, 1.000000000000000000 ) ) ;
#5402 = CARTESIAN_POINT ( 'NONE',  ( -130.1999682999999948, 5.649982300000000457, 34.77002669999999540 ) ) ;
#5403 = VECTOR ( 'NONE', #6623, 1000.000000000000000 ) ;
#5404 = DIRECTION ( 'NONE',  ( -8.526529882181000213E-13, -2.250056496687000087E-13, -1.000000000000000000 ) ) ;
#5405 = ADVANCED_FACE ( 'NONE', ( #1886 ), #7183, .F. ) ;
#5406 = VERTEX_POINT ( 'NONE', #8607 ) ;
#5407 = LINE ( 'NONE', #7968, #8488 ) ;
#5408 = CARTESIAN_POINT ( 'NONE',  ( -108.8500070000000051, 11.01922635686999818, 44.27001270000000233 ) ) ;
#5409 = ORIENTED_EDGE ( 'NONE', *, *, #141, .F. ) ;
#5410 = COLOUR_RGB ( '',0.7921568627450980005, 0.8196078431372548767, 0.9333333333333333481 ) ;
#5411 = VERTEX_POINT ( 'NONE', #8736 ) ;
#5412 = DIRECTION ( 'NONE',  ( -0.000000000000000000, 1.000000000000000000, 0.000000000000000000 ) ) ;
#5413 = EDGE_CURVE ( 'NONE', #703, #273, #8261, .T. ) ;
#5414 = CARTESIAN_POINT ( 'NONE',  ( -103.8555671724054719, 7.964731039035463311, 42.24611923014682446 ) ) ;
#5415 = DIRECTION ( 'NONE',  ( -0.7647975700580259550, 0.6442706549528224302, 0.000000000000000000 ) ) ;
#5416 = CIRCLE ( 'NONE', #8728, 0.4999999999999983347 ) ;
#5417 = ORIENTED_EDGE ( 'NONE', *, *, #3189, .T. ) ;
#5418 = PRODUCT_DEFINITION_CONTEXT ( 'detailed design', #4775, 'design' ) ;
#5419 = CARTESIAN_POINT ( 'NONE',  ( -129.5999683000000005, -10.08474613867000080, 36.27002670000000251 ) ) ;
#5420 = CARTESIAN_POINT ( 'NONE',  ( -101.1056320065471255, 2.117571355128442079, 42.12804225659279211 ) ) ;
#5421 = CIRCLE ( 'NONE', #4252, 0.4999989999999978063 ) ;
#5422 = ORIENTED_EDGE ( 'NONE', *, *, #6454, .T. ) ;
#5423 = LINE ( 'NONE', #1191, #1932 ) ;
#5424 = LINE ( 'NONE', #382, #5220 ) ;
#5425 = ORIENTED_EDGE ( 'NONE', *, *, #356, .F. ) ;
#5426 = CARTESIAN_POINT ( 'NONE',  ( -106.4000177000000065, 14.64996829999999939, 36.27002670000000251 ) ) ;
#5427 = FACE_OUTER_BOUND ( 'NONE', #2159, .T. ) ;
#5428 = VERTEX_POINT ( 'NONE', #9264 ) ;
#5429 = CARTESIAN_POINT ( 'NONE',  ( -114.3499999999999943, -1.199999999996999911, 41.77001269999999522 ) ) ;
#5430 = EDGE_CURVE ( 'NONE', #5864, #2641, #2084, .T. ) ;
#5431 = CARTESIAN_POINT ( 'NONE',  ( -114.3499999999999943, 7.899981800000000831, 40.62001500000000220 ) ) ;
#5432 = DIRECTION ( 'NONE',  ( -0.006436084917575577054, -0.9999792881909773667, 0.000000000000000000 ) ) ;
#5433 = AXIS2_PLACEMENT_3D ( 'NONE', #1837, #2604, #4745 ) ;
#5434 = EDGE_CURVE ( 'NONE', #8519, #4568, #2136, .T. ) ;
#5435 = ORIENTED_EDGE ( 'NONE', *, *, #9022, .T. ) ;
#5436 = CYLINDRICAL_SURFACE ( 'NONE', #575, 0.3999999999999975797 ) ;
#5437 = VECTOR ( 'NONE', #5740, 1000.000000000000000 ) ;
#5438 = AXIS2_PLACEMENT_3D ( 'NONE', #2913, #3045, #7409 ) ;
#5439 = VERTEX_POINT ( 'NONE', #6664 ) ;
#5440 = CARTESIAN_POINT ( 'NONE',  ( -127.3333663703999861, -7.772191485746000161, 40.76737402086000372 ) ) ;
#5441 = CARTESIAN_POINT ( 'NONE',  ( -105.0835859168999917, 4.727316934465000564, 41.78523523855000121 ) ) ;
#5442 = ADVANCED_FACE ( 'NONE', ( #8214 ), #3605, .T. ) ;
#5443 = ORIENTED_EDGE ( 'NONE', *, *, #2036, .T. ) ;
#5444 = VERTEX_POINT ( 'NONE', #4603 ) ;
#5445 = EDGE_CURVE ( 'NONE', #6943, #7579, #2153, .T. ) ;
#5446 = CARTESIAN_POINT ( 'NONE',  ( -119.8499929999999978, 12.48618671327999863, 44.27001270000000233 ) ) ;
#5447 = CARTESIAN_POINT ( 'NONE',  ( -114.3499999999999943, -1.199999999999999956, 38.42001940000000104 ) ) ;
#5448 = CARTESIAN_POINT ( 'NONE',  ( -130.8499683000000005, -11.33474613867000080, 34.77002669999999540 ) ) ;
#5449 = CARTESIAN_POINT ( 'NONE',  ( -125.1999782999999837, -12.04997829999999936, 34.77002669999999540 ) ) ;
#5450 = CARTESIAN_POINT ( 'NONE',  ( -129.4499682999999948, -11.33474613867000080, 37.77002069999999634 ) ) ;
#5451 = CARTESIAN_POINT ( 'NONE',  ( -114.3499999999999943, -1.199999999999999956, 38.42001940000000104 ) ) ;
#5452 = CIRCLE ( 'NONE', #7593, 14.24997150000000623 ) ;
#5453 = ORIENTED_EDGE ( 'NONE', *, *, #4587, .F. ) ;
#5454 = ORIENTED_EDGE ( 'NONE', *, *, #5084, .T. ) ;
#5455 = EDGE_LOOP ( 'NONE', ( #8060, #4532, #5809, #7316 ) ) ;
#5456 = ORIENTED_EDGE ( 'NONE', *, *, #5191, .F. ) ;
#5457 = EDGE_CURVE ( 'NONE', #5411, #834, #8697, .T. ) ;
#5458 = LINE ( 'NONE', #5593, #5475 ) ;
#5459 = ORIENTED_EDGE ( 'NONE', *, *, #2506, .T. ) ;
#5460 = CARTESIAN_POINT ( 'NONE',  ( -123.6925348012999990, -6.366656053202000010, 40.12001599999999968 ) ) ;
#5461 = CARTESIAN_POINT ( 'NONE',  ( 0.000000000000000000, 0.000000000000000000, 36.27002670000000251 ) ) ;
#5462 = DIRECTION ( 'NONE',  ( 0.000000000000000000, 1.000000000000000000, 0.000000000000000000 ) ) ;
#5463 = ADVANCED_FACE ( 'NONE', ( #8718 ), #2524, .T. ) ;
#5464 = DIRECTION ( 'NONE',  ( 0.000000000000000000, 0.000000000000000000, 1.000000000000000000 ) ) ;
#5465 = ORIENTED_EDGE ( 'NONE', *, *, #4068, .T. ) ;
#5466 = CARTESIAN_POINT ( 'NONE',  ( -121.2562039745999982, 7.232904091842999428, 44.27001270000000233 ) ) ;
#5467 = LINE ( 'NONE', #272, #2292 ) ;
#5468 = CARTESIAN_POINT ( 'NONE',  ( -114.3499999999999943, -1.199999999999999956, 32.72003080000000352 ) ) ;
#5469 = AXIS2_PLACEMENT_3D ( 'NONE', #4734, #7773, #1188 ) ;
#5470 = ORIENTED_EDGE ( 'NONE', *, *, #3415, .T. ) ;
#5471 = CARTESIAN_POINT ( 'NONE',  ( -130.1999682999999948, -11.18474613867000045, 36.27002670000000251 ) ) ;
#5472 = PLANE ( 'NONE',  #6127 ) ;
#5473 = ORIENTED_EDGE ( 'NONE', *, *, #1199, .T. ) ;
#5474 = ORIENTED_EDGE ( 'NONE', *, *, #2980, .T. ) ;
#5475 = VECTOR ( 'NONE', #6327, 1000.000000000000000 ) ;
#5476 = ORIENTED_EDGE ( 'NONE', *, *, #2334, .T. ) ;
#5477 = EDGE_CURVE ( 'NONE', #6667, #3243, #8532, .T. ) ;
#5478 = ADVANCED_FACE ( 'NONE', ( #5668 ), #1810, .T. ) ;
#5479 = CARTESIAN_POINT ( 'NONE',  ( -110.8499977277562323, 11.37052426286991746, 44.12591237762856622 ) ) ;
#5480 = CARTESIAN_POINT ( 'NONE',  ( -114.3499999999999943, -16.74996889999999894, 32.77003069999999951 ) ) ;
#5481 = FACE_OUTER_BOUND ( 'NONE', #2100, .T. ) ;
#5482 = VERTEX_POINT ( 'NONE', #8987 ) ;
#5483 = CYLINDRICAL_SURFACE ( 'NONE', #2706, 13.84997229999999924 ) ;
#5484 = CARTESIAN_POINT ( 'NONE',  ( -127.0807170629000069, -9.473841506394000689, 39.86605802304000434 ) ) ;
#5485 = CARTESIAN_POINT ( 'NONE',  ( -127.8807154628999996, -8.088203631610001665, 34.77002669999999540 ) ) ;
#5486 = ADVANCED_FACE ( 'NONE', ( #5637 ), #3858, .T. ) ;
#5487 = EDGE_LOOP ( 'NONE', ( #6923, #4652, #7453, #3058 ) ) ;
#5488 = AXIS2_PLACEMENT_3D ( 'NONE', #247, #7378, #4438 ) ;
#5489 = VERTEX_POINT ( 'NONE', #2517 ) ;
#5490 = PLANE ( 'NONE',  #7951 ) ;
#5491 = ORIENTED_EDGE ( 'NONE', *, *, #542, .T. ) ;
#5492 = VECTOR ( 'NONE', #4518, 1000.000000000000000 ) ;
#5493 = ORIENTED_EDGE ( 'NONE', *, *, #68, .F. ) ;
#5494 = DIRECTION ( 'NONE',  ( 0.000000000000000000, 1.000000000000000000, 0.000000000000000000 ) ) ;
#5495 = AXIS2_PLACEMENT_3D ( 'NONE', #9199, #7066, #7801 ) ;
#5496 = DIRECTION ( 'NONE',  ( 0.000000000000000000, 1.000000000000000000, 0.000000000000000000 ) ) ;
#5497 = DIRECTION ( 'NONE',  ( 0.000000000000000000, 0.000000000000000000, -1.000000000000000000 ) ) ;
#5498 = CIRCLE ( 'NONE', #2043, 15.18313571721999899 ) ;
#5499 = ORIENTED_EDGE ( 'NONE', *, *, #4763, .F. ) ;
#5500 = PLANE ( 'NONE',  #3470 ) ;
#5501 = ORIENTED_EDGE ( 'NONE', *, *, #6823, .F. ) ;
#5502 = EDGE_CURVE ( 'NONE', #7983, #3534, #5351, .T. ) ;
#5503 = EDGE_CURVE ( 'NONE', #1817, #1535, #8875, .T. ) ;
#5504 = ORIENTED_EDGE ( 'NONE', *, *, #6855, .F. ) ;
#5505 = CARTESIAN_POINT ( 'NONE',  ( -114.3499999999999943, -1.199999999999999956, 46.62000299999999697 ) ) ;
#5506 = ORIENTED_EDGE ( 'NONE', *, *, #5502, .F. ) ;
#5507 = AXIS2_PLACEMENT_3D ( 'NONE', #537, #7880, #3378 ) ;
#5508 = CIRCLE ( 'NONE', #1723, 10.89997820000000139 ) ;
#5509 = ORIENTED_EDGE ( 'NONE', *, *, #7318, .F. ) ;
#5510 = DIRECTION ( 'NONE',  ( 0.000000000000000000, 1.000000000000000000, 0.000000000000000000 ) ) ;
#5511 = DIRECTION ( 'NONE',  ( 0.000000000000000000, 1.000000000000000000, 0.000000000000000000 ) ) ;
#5512 = DIRECTION ( 'NONE',  ( 0.8384774594633941369, 0.5449362806528963432, 0.000000000000000000 ) ) ;
#5513 = DIRECTION ( 'NONE',  ( 0.000000000000000000, 0.000000000000000000, -1.000000000000000000 ) ) ;
#5514 = EDGE_CURVE ( 'NONE', #9010, #6292, #5421, .T. ) ;
#5515 = DIRECTION ( 'NONE',  ( 0.000000000000000000, 1.000000000000000000, 0.000000000000000000 ) ) ;
#5516 = CARTESIAN_POINT ( 'NONE',  ( -130.1999682999999948, -1.199999999999999956, 33.77002870000000456 ) ) ;
#5517 = VECTOR ( 'NONE', #5899, 1000.000000000000000 ) ;
#5518 = ORIENTED_EDGE ( 'NONE', *, *, #4481, .T. ) ;
#5519 = TOROIDAL_SURFACE ( 'NONE', #368, 11.49997799999999870, 0.5000000000000000000 ) ;
#5520 = EDGE_LOOP ( 'NONE', ( #4409, #8081, #1588, #3376 ) ) ;
#5521 = ORIENTED_EDGE ( 'NONE', *, *, #6737, .T. ) ;
#5522 = EDGE_CURVE ( 'NONE', #536, #1749, #5314, .T. ) ;
#5523 = ADVANCED_FACE ( 'NONE', ( #8438 ), #7523, .F. ) ;
#5524 = VERTEX_POINT ( 'NONE', #3922 ) ;
#5525 = FACE_OUTER_BOUND ( 'NONE', #7171, .T. ) ;
#5526 = ORIENTED_EDGE ( 'NONE', *, *, #2247, .F. ) ;
#5527 = CARTESIAN_POINT ( 'NONE',  ( -114.3499999999999943, -12.95069093011999861, 33.44002935999999693 ) ) ;
#5528 = AXIS2_PLACEMENT_3D ( 'NONE', #198, #981, #6871 ) ;
#5529 =( NAMED_UNIT ( * ) SI_UNIT ( $, .STERADIAN. ) SOLID_ANGLE_UNIT ( ) );
#5530 = CARTESIAN_POINT ( 'NONE',  ( -114.3499999999999943, -1.199999999999999956, 32.94503034999999613 ) ) ;
#5531 = PRODUCT ( 'MANIFOLD_SOLID_BREP_159_2_2^AS03208AS-HT_AS03208AS-HT_Ass', 'MANIFOLD_SOLID_BREP_159_2_2^AS03208AS-HT_AS03208AS-HT_Ass', '', ( #3370 ) ) ;
#5532 = EDGE_CURVE ( 'NONE', #3336, #1865, #8752, .T. ) ;
#5533 = DIRECTION ( 'NONE',  ( 0.000000000000000000, 0.000000000000000000, 1.000000000000000000 ) ) ;
#5534 = CIRCLE ( 'NONE', #3786, 15.18313571721999722 ) ;
#5535 = VERTEX_POINT ( 'NONE', #4036 ) ;
#5536 = CARTESIAN_POINT ( 'NONE',  ( -122.2999822999999964, -17.04996829999999974, 36.27002670000000251 ) ) ;
#5537 = CARTESIAN_POINT ( 'NONE',  ( -101.8080879434999986, 5.295072112919000595, 42.12474246869999206 ) ) ;
#5538 = CARTESIAN_POINT ( 'NONE',  ( -106.4000177000000065, 14.64996829999999939, 36.27002670000000251 ) ) ;
#5539 = CARTESIAN_POINT ( 'NONE',  ( -108.8499546597500540, 10.61181205798010652, 44.10592973783471393 ) ) ;
#5540 = ORIENTED_EDGE ( 'NONE', *, *, #5092, .F. ) ;
#5541 = AXIS2_PLACEMENT_3D ( 'NONE', #2019, #3523, #7218 ) ;
#5542 = ORIENTED_EDGE ( 'NONE', *, *, #4695, .F. ) ;
#5543 = CYLINDRICAL_SURFACE ( 'NONE', #978, 12.89997819999999606 ) ;
#5544 = ORIENTED_EDGE ( 'NONE', *, *, #9130, .T. ) ;
#5545 = B_SPLINE_CURVE_WITH_KNOTS ( 'NONE', 3,
 ( #2501, #8209, #2678, #7624 ),
 .UNSPECIFIED., .F., .F.,
 ( 4, 4 ),
 ( 0.000000000000000000, 1.000000000000000000 ),
 .UNSPECIFIED. ) ;
#5546 = CARTESIAN_POINT ( 'NONE',  ( -110.8500936991017909, 11.57239819356772337, 44.24497015016885371 ) ) ;
#5547 = CARTESIAN_POINT ( 'NONE',  ( -119.4776496039000051, -13.49997570000000024, 41.77001269999999522 ) ) ;
#5548 =( REPRESENTATION_RELATIONSHIP ('NONE','NONE', #6599, #1390 ) REPRESENTATION_RELATIONSHIP_WITH_TRANSFORMATION ( #4604 )SHAPE_REPRESENTATION_RELATIONSHIP( ) );
#5549 = LINE ( 'NONE', #6210, #2319 ) ;
#5550 = VERTEX_POINT ( 'NONE', #5426 ) ;
#5551 = EDGE_CURVE ( 'NONE', #4233, #4006, #8467, .T. ) ;
#5552 = DIRECTION ( 'NONE',  ( -0.8650550016405799125, 0.5016770317012890779, 1.374629519916967662E-13 ) ) ;
#5553 = CARTESIAN_POINT ( 'NONE',  ( -101.0325492651045352, 2.084117655108727263, 42.05885145279680160 ) ) ;
#5554 = ORIENTED_EDGE ( 'NONE', *, *, #2460, .F. ) ;
#5555 = DIRECTION ( 'NONE',  ( 1.000000000000000000, 0.000000000000000000, 0.000000000000000000 ) ) ;
#5556 = ORIENTED_EDGE ( 'NONE', *, *, #5457, .F. ) ;
#5557 = FACE_BOUND ( 'NONE', #6924, .T. ) ;
#5558 = ORIENTED_EDGE ( 'NONE', *, *, #6389, .F. ) ;
#5559 = DIRECTION ( 'NONE',  ( -0.9371151585108702387, 0.3490203141496875383, 0.000000000000000000 ) ) ;
#5560 = AXIS2_PLACEMENT_3D ( 'NONE', #444, #4627, #2476 ) ;
#5561 = CARTESIAN_POINT ( 'NONE',  ( -114.3499999999999943, -1.199999999999999956, 34.66810607353999529 ) ) ;
#5562 = ADVANCED_FACE ( 'NONE', ( #5741 ), #1118, .T. ) ;
#5563 = CARTESIAN_POINT ( 'NONE',  ( -114.3499999999999943, 14.34996889999999858, 33.27002970000000204 ) ) ;
#5564 = AXIS2_PLACEMENT_3D ( 'NONE', #590, #6954, #8351 ) ;
#5565 = ORIENTED_EDGE ( 'NONE', *, *, #7590, .F. ) ;
#5566 = CARTESIAN_POINT ( 'NONE',  ( -98.50003170000000807, -8.049982299999999924, 36.27002670000000251 ) ) ;
#5567 = PRODUCT_DEFINITION ( 'UNKNOWN', '', #3543, #9339 ) ;
#5568 = ADVANCED_FACE ( 'NONE', ( #5713 ), #5490, .T. ) ;
#5569 = ORIENTED_EDGE ( 'NONE', *, *, #5132, .F. ) ;
#5570 = ORIENTED_EDGE ( 'NONE', *, *, #4112, .T. ) ;
#5571 = VECTOR ( 'NONE', #8048, 999.9999999999998863 ) ;
#5572 = VERTEX_POINT ( 'NONE', #474 ) ;
#5573 = DIRECTION ( 'NONE',  ( -2.742700445435000098E-12, -3.692609165122000050E-12, -1.000000000000000000 ) ) ;
#5574 = DIRECTION ( 'NONE',  ( 0.000000000000000000, 0.000000000000000000, -1.000000000000000000 ) ) ;
#5575 = CARTESIAN_POINT ( 'NONE',  ( -114.2991550308412911, 6.699820577035964675, 46.92000240000000133 ) ) ;
#5576 = CARTESIAN_POINT ( 'NONE',  ( -100.5395292503000064, -0.1547103830435999916, 41.77001269999999522 ) ) ;
#5577 = CARTESIAN_POINT ( 'NONE',  ( -126.8982746211000148, -9.368508313561001444, 40.16649898659999707 ) ) ;
#5578 = FACE_OUTER_BOUND ( 'NONE', #4605, .T. ) ;
#5579 = AXIS2_PLACEMENT_3D ( 'NONE', #8117, #3115, #8866 ) ;
#5580 = VERTEX_POINT ( 'NONE', #4270 ) ;
#5581 = EDGE_LOOP ( 'NONE', ( #5926, #9144, #6441, #6743 ) ) ;
#5582 = EDGE_CURVE ( 'NONE', #5047, #4696, #5383, .T. ) ;
#5583 = EDGE_CURVE ( 'NONE', #4497, #4250, #2584, .T. ) ;
#5584 = ORIENTED_EDGE ( 'NONE', *, *, #4809, .T. ) ;
#5585 = LINE ( 'NONE', #2820, #5652 ) ;
#5586 = ORIENTED_EDGE ( 'NONE', *, *, #10, .F. ) ;
#5587 = CARTESIAN_POINT ( 'NONE',  ( -120.1584992248999981, -12.36664405319999993, 41.77001269999999522 ) ) ;
#5588 = CARTESIAN_POINT ( 'NONE',  ( -105.5000177000000008, -16.04996829999999974, 34.77002669999999540 ) ) ;
#5589 =( NAMED_UNIT ( * ) SI_UNIT ( $, .STERADIAN. ) SOLID_ANGLE_UNIT ( ) );
#5590 = AXIS2_PLACEMENT_3D ( 'NONE', #5795, #8679, #52 ) ;
#5591 = DIRECTION ( 'NONE',  ( 0.000000000000000000, -1.000000000000000000, 0.000000000000000000 ) ) ;
#5592 = AXIS2_PLACEMENT_3D ( 'NONE', #984, #3777, #6935 ) ;
#5593 = CARTESIAN_POINT ( 'NONE',  ( -122.2999822999999964, -16.44996829999999832, 36.27002670000000251 ) ) ;
#5594 = VECTOR ( 'NONE', #1149, 1000.000000000000000 ) ;
#5595 = ORIENTED_EDGE ( 'NONE', *, *, #2394, .T. ) ;
#5596 = PLANE ( 'NONE',  #2061 ) ;
#5597 = EDGE_CURVE ( 'NONE', #7329, #7705, #5602, .T. ) ;
#5598 = DIRECTION ( 'NONE',  ( 1.000000000000000000, 0.000000000000000000, 0.000000000000000000 ) ) ;
#5599 = DIRECTION ( 'NONE',  ( 0.000000000000000000, -0.4705289122395990287, -0.8823845775774979971 ) ) ;
#5600 = ORIENTED_EDGE ( 'NONE', *, *, #3868, .T. ) ;
#5601 = ORIENTED_EDGE ( 'NONE', *, *, #4154, .T. ) ;
#5602 = CIRCLE ( 'NONE', #4142, 14.74997050000000165 ) ;
#5603 = VECTOR ( 'NONE', #8292, 1000.000000000000000 ) ;
#5604 = EDGE_LOOP ( 'NONE', ( #5425, #8813 ) ) ;
#5605 = DIRECTION ( 'NONE',  ( -0.8660254037840939834, -0.5000000000005969669, 0.000000000000000000 ) ) ;
#5606 = DIRECTION ( 'NONE',  ( 0.000000000000000000, -1.000000000000000000, 0.000000000000000000 ) ) ;
#5607 = AXIS2_PLACEMENT_3D ( 'NONE', #171, #5230, #1697 ) ;
#5608 = CARTESIAN_POINT ( 'NONE',  ( -127.0713736255000015, -7.620929903957000207, 33.27002970000000204 ) ) ;
#5609 = CYLINDRICAL_SURFACE ( 'NONE', #2739, 7.599984799999999652 ) ;
#5610 = ORIENTED_EDGE ( 'NONE', *, *, #1274, .T. ) ;
#5611 = FACE_OUTER_BOUND ( 'NONE', #499, .T. ) ;
#5612 = AXIS2_PLACEMENT_3D ( 'NONE', #7982, #2985, #5148 ) ;
#5613 = PLANE ( 'NONE',  #6162 ) ;
#5614 = DIRECTION ( 'NONE',  ( 0.000000000000000000, 1.000000000000000000, 0.000000000000000000 ) ) ;
#5615 = EDGE_CURVE ( 'NONE', #5524, #8295, #2642, .T. ) ;
#5616 = ORIENTED_EDGE ( 'NONE', *, *, #8914, .T. ) ;
#5617 = DIRECTION ( 'NONE',  ( 0.000000000000000000, 0.4705289122527052670, 0.8823845775705092542 ) ) ;
#5618 = ORIENTED_EDGE ( 'NONE', *, *, #6753, .F. ) ;
#5619 = VECTOR ( 'NONE', #4480, 1000.000000000000000 ) ;
#5620 = ORIENTED_EDGE ( 'NONE', *, *, #2780, .T. ) ;
#5621 = CARTESIAN_POINT ( 'NONE',  ( -114.3499999999999943, -14.69997299999999996, 33.17002990000000295 ) ) ;
#5622 = DIRECTION ( 'NONE',  ( -1.000000000000000000, 0.000000000000000000, 0.000000000000000000 ) ) ;
#5623 = EDGE_CURVE ( 'NONE', #605, #985, #8828, .T. ) ;
#5624 = UNCERTAINTY_MEASURE_WITH_UNIT (LENGTH_MEASURE( 1.000000000000000082E-05 ), #4513, 'distance_accuracy_value', 'NONE');
#5625 = ADVANCED_FACE ( 'NONE', ( #8815 ), #2222, .F. ) ;
#5626 = FACE_OUTER_BOUND ( 'NONE', #2461, .T. ) ;
#5627 = ORIENTED_EDGE ( 'NONE', *, *, #237, .T. ) ;
#5628 = AXIS2_PLACEMENT_3D ( 'NONE', #8316, #1372, #7724 ) ;
#5629 = LINE ( 'NONE', #64, #5676 ) ;
#5630 = DIRECTION ( 'NONE',  ( 0.000000000000000000, -1.000000000000000000, 0.000000000000000000 ) ) ;
#5631 = ORIENTED_EDGE ( 'NONE', *, *, #7464, .F. ) ;
#5632 = CARTESIAN_POINT ( 'NONE',  ( -101.0017269789000096, 5.582870438779000466, 40.16649898658999973 ) ) ;
#5633 = ORIENTED_EDGE ( 'NONE', *, *, #5502, .T. ) ;
#5634 = CARTESIAN_POINT ( 'NONE',  ( -101.7128398382999990, 5.172309237988000241, 34.93669307995999418 ) ) ;
#5635 = CARTESIAN_POINT ( 'NONE',  ( -114.3499999999999943, 7.355264990159000149, 34.25335576815000138 ) ) ;
#5636 = ORIENTED_EDGE ( 'NONE', *, *, #9331, .F. ) ;
#5637 = FACE_OUTER_BOUND ( 'NONE', #6123, .T. ) ;
#5638 = LINE ( 'NONE', #9048, #8666 ) ;
#5639 = ORIENTED_EDGE ( 'NONE', *, *, #8811, .F. ) ;
#5640 = DIRECTION ( 'NONE',  ( -6.323842995951000134E-12, 4.662946029318000094E-12, 1.000000000000000000 ) ) ;
#5641 = CARTESIAN_POINT ( 'NONE',  ( -101.4967128885412819, 3.083634940894495191, 42.20662154425601642 ) ) ;
#5642 = ADVANCED_FACE ( 'NONE', ( #8733 ), #8562, .T. ) ;
#5643 = DIRECTION ( 'NONE',  ( -1.000000000000000000, 0.000000000000000000, 1.040834085586000006E-14 ) ) ;
#5644 = CARTESIAN_POINT ( 'NONE',  ( -108.8500070000000051, 10.46874091581999977, 43.77001270000000233 ) ) ;
#5645 = CARTESIAN_POINT ( 'NONE',  ( -124.4473968214000053, 8.730841801020998716, 34.77002669999999540 ) ) ;
#5646 = PLANE ( 'NONE',  #9138 ) ;
#5647 = VERTEX_POINT ( 'NONE', #9286 ) ;
#5648 = LINE ( 'NONE', #6409, #2485 ) ;
#5649 = EDGE_CURVE ( 'NONE', #7321, #4169, #8550, .T. ) ;
#5650 = ADVANCED_FACE ( 'NONE', ( #8518 ), #2553, .F. ) ;
#5651 = EDGE_LOOP ( 'NONE', ( #5288, #2397, #8441, #2309, #8572, #6833, #5569, #7188 ) ) ;
#5652 = VECTOR ( 'NONE', #3569, 1000.000000000000000 ) ;
#5653 = LINE ( 'NONE', #6965, #2525 ) ;
#5654 = EDGE_LOOP ( 'NONE', ( #7855, #9038 ) ) ;
#5655 = EDGE_CURVE ( 'NONE', #7965, #3804, #8848, .T. ) ;
#5656 = EDGE_CURVE ( 'NONE', #2771, #964, #2495, .T. ) ;
#5657 =( LENGTH_UNIT ( ) NAMED_UNIT ( * ) SI_UNIT ( .MILLI., .METRE. ) );
#5658 = DIRECTION ( 'NONE',  ( 0.000000000000000000, 1.000000000000000000, 0.000000000000000000 ) ) ;
#5659 = DIRECTION ( 'NONE',  ( -1.613506176402000087E-14, 1.218197163183999937E-13, 1.000000000000000000 ) ) ;
#5660 = ORIENTED_EDGE ( 'NONE', *, *, #5259, .T. ) ;
#5661 = CARTESIAN_POINT ( 'NONE',  ( -105.5000177000000008, -17.04996829999999974, 36.27002670000000251 ) ) ;
#5662 = FACE_BOUND ( 'NONE', #7921, .T. ) ;
#5663 = DIRECTION ( 'NONE',  ( 1.000000000000000000, 0.000000000000000000, 0.000000000000000000 ) ) ;
#5664 = DIRECTION ( 'NONE',  ( -0.000000000000000000, 1.000000000000000000, 0.000000000000000000 ) ) ;
#5665 = CARTESIAN_POINT ( 'NONE',  ( -100.7367863391000071, -5.019808347829999740, 35.17554787515999948 ) ) ;
#5666 = ORIENTED_EDGE ( 'NONE', *, *, #6230, .T. ) ;
#5667 = PLANE ( 'NONE',  #7279 ) ;
#5668 = FACE_OUTER_BOUND ( 'NONE', #6565, .T. ) ;
#5669 = CIRCLE ( 'NONE', #1195, 0.4999990000000040236 ) ;
#5670 = ORIENTED_EDGE ( 'NONE', *, *, #3879, .T. ) ;
#5671 = DIRECTION ( 'NONE',  ( -1.000000000000000000, 0.000000000000000000, 0.000000000000000000 ) ) ;
#5672 = CARTESIAN_POINT ( 'NONE',  ( -127.8580048301000147, -4.957406423434999709, 37.20327792004999878 ) ) ;
#5673 = DIRECTION ( 'NONE',  ( 0.000000000000000000, 0.000000000000000000, 1.000000000000000000 ) ) ;
#5674 = DIRECTION ( 'NONE',  ( 0.000000000000000000, -1.000000000000000000, 0.000000000000000000 ) ) ;
#5675 = ORIENTED_EDGE ( 'NONE', *, *, #153, .F. ) ;
#5677 = AXIS2_PLACEMENT_3D ( 'NONE', #8211, #8971, #7866 ) ;
#5676 = VECTOR ( 'NONE', #8073, 1000.000000000000000 ) ;
#5678 = DIRECTION ( 'NONE',  ( 0.000000000000000000, 0.000000000000000000, 1.000000000000000000 ) ) ;
#5679 = ORIENTED_EDGE ( 'NONE', *, *, #260, .T. ) ;
#5680 = ORIENTED_EDGE ( 'NONE', *, *, #6696, .T. ) ;
#5681 = EDGE_CURVE ( 'NONE', #738, #9009, #2626, .T. ) ;
#5682 = DIRECTION ( 'NONE',  ( 0.000000000000000000, 0.000000000000000000, 1.000000000000000000 ) ) ;
#5683 = VECTOR ( 'NONE', #6479, 1000.000000000000000 ) ;
#5684 = CIRCLE ( 'NONE', #9213, 8.599982800000002925 ) ;
#5685 = VERTEX_POINT ( 'NONE', #6284 ) ;
#5686 = DIRECTION ( 'NONE',  ( 0.000000000000000000, -1.000000000000000000, 0.000000000000000000 ) ) ;
#5687 = DIRECTION ( 'NONE',  ( 1.000000000000000000, 0.000000000000000000, 0.000000000000000000 ) ) ;
#5688 = CARTESIAN_POINT ( 'NONE',  ( -110.8500070000000051, 13.12870122345000112, 44.27001270000000233 ) ) ;
#5689 = PRODUCT_RELATED_PRODUCT_CATEGORY ( 'part', '', ( #799 ) ) ;
#5690 = ORIENTED_EDGE ( 'NONE', *, *, #2972, .F. ) ;
#5691 = CYLINDRICAL_SURFACE ( 'NONE', #686, 13.79997239999999614 ) ;
#5692 = CARTESIAN_POINT ( 'NONE',  ( -114.3499999999999943, -1.199999999999999956, 34.65573359270999987 ) ) ;
#5693 = VERTEX_POINT ( 'NONE', #600 ) ;
#5694 = CARTESIAN_POINT ( 'NONE',  ( -85.70888816787000053, 20.92447760247999966, 41.77001269999999522 ) ) ;
#5695 = ORIENTED_EDGE ( 'NONE', *, *, #6230, .F. ) ;
#5696 = CARTESIAN_POINT ( 'NONE',  ( -125.2423357425375485, 6.309286634440912422, 44.24478802648893350 ) ) ;
#5697 = CARTESIAN_POINT ( 'NONE',  ( -110.8500070000000051, -14.90986014705666918, 41.34156915486666151 ) ) ;
#5698 = CIRCLE ( 'NONE', #1947, 21.25567334926999052 ) ;
#5699 = FACE_OUTER_BOUND ( 'NONE', #6450, .T. ) ;
#5700 = ORIENTED_EDGE ( 'NONE', *, *, #1639, .T. ) ;
#5701 = AXIS2_PLACEMENT_3D ( 'NONE', #3020, #914, #5184 ) ;
#5702 = CARTESIAN_POINT ( 'NONE',  ( -121.1999822999999878, -14.78486798330999896, 37.77002069999999634 ) ) ;
#5703 = CARTESIAN_POINT ( 'NONE',  ( -123.6925348012999990, -7.499987700000000146, 40.32001560000000495 ) ) ;
#5704 = DIRECTION ( 'NONE',  ( 0.000000000000000000, 0.000000000000000000, 1.000000000000000000 ) ) ;
#5705 = CARTESIAN_POINT ( 'NONE',  ( -108.8500691148421708, 10.56094854830484664, 44.04702726977558314 ) ) ;
#5706 = CARTESIAN_POINT ( 'NONE',  ( -124.9558481412000077, 6.143393137070000343, 41.77001269999999522 ) ) ;
#5707 = DIRECTION ( 'NONE',  ( 0.000000000000000000, 0.000000000000000000, -1.000000000000000000 ) ) ;
#5708 = EDGE_CURVE ( 'NONE', #3464, #7001, #2512, .T. ) ;
#5709 = VERTEX_POINT ( 'NONE', #3507 ) ;
#5710 = LINE ( 'NONE', #5177, #5720 ) ;
#5711 = AXIS2_PLACEMENT_3D ( 'NONE', #7877, #7022, #55 ) ;
#5712 = ORIENTED_EDGE ( 'NONE', *, *, #1131, .F. ) ;
#5713 = FACE_OUTER_BOUND ( 'NONE', #4694, .T. ) ;
#5714 = ORIENTED_EDGE ( 'NONE', *, *, #2108, .F. ) ;
#5715 = CARTESIAN_POINT ( 'NONE',  ( -126.5601148860999956, -3.053371084956000292, 41.17001390000000072 ) ) ;
#5716 = FILL_AREA_STYLE ('',( #1379 ) ) ;
#5717 = DIRECTION ( 'NONE',  ( 1.000000000000000000, 0.000000000000000000, 0.000000000000000000 ) ) ;
#5718 = VERTEX_POINT ( 'NONE', #7142 ) ;
#5719 = CARTESIAN_POINT ( 'NONE',  ( -114.3499999999999943, -1.199999999999999956, 33.62926089524000162 ) ) ;
#5720 = VECTOR ( 'NONE', #1354, 1000.000000000000000 ) ;
#5721 = DIRECTION ( 'NONE',  ( 0.000000000000000000, 0.000000000000000000, 1.000000000000000000 ) ) ;
#5722 = DIRECTION ( 'NONE',  ( 0.000000000000000000, 0.000000000000000000, -1.000000000000000000 ) ) ;
#5723 = DIRECTION ( 'NONE',  ( 0.000000000000000000, 0.000000000000000000, 1.000000000000000000 ) ) ;
#5724 = ORIENTED_EDGE ( 'NONE', *, *, #8493, .T. ) ;
#5725 = VECTOR ( 'NONE', #7759, 1000.000000000000000 ) ;
#5726 = AXIS2_PLACEMENT_3D ( 'NONE', #7962, #6506, #5763 ) ;
#5727 = CONICAL_SURFACE ( 'NONE', #7841, 14.09997179999999872, 0.05818667081359988474 ) ;
#5728 = ORIENTED_EDGE ( 'NONE', *, *, #2596, .T. ) ;
#5729 = AXIS2_PLACEMENT_3D ( 'NONE', #4134, #9075, #7180 ) ;
#5730 = DIRECTION ( 'NONE',  ( -1.000000000000000000, 0.000000000000000000, 0.000000000000000000 ) ) ;
#5731 = DIRECTION ( 'NONE',  ( 0.000000000000000000, 0.000000000000000000, -1.000000000000000000 ) ) ;
#5732 = DIRECTION ( 'NONE',  ( 1.000000000000000000, 0.000000000000000000, 0.000000000000000000 ) ) ;
#5733 = PLANE ( 'NONE',  #2544 ) ;
#5734 = ORIENTED_EDGE ( 'NONE', *, *, #29, .T. ) ;
#5735 =( NAMED_UNIT ( * ) SI_UNIT ( $, .STERADIAN. ) SOLID_ANGLE_UNIT ( ) );
#5736 = CARTESIAN_POINT ( 'NONE',  ( -104.2569471790999955, 3.763909279412999798, 42.20319452614999989 ) ) ;
#5737 = ORIENTED_EDGE ( 'NONE', *, *, #901, .F. ) ;
#5738 = VERTEX_POINT ( 'NONE', #7030 ) ;
#5739 = EDGE_CURVE ( 'NONE', #5428, #2744, #2444, .T. ) ;
#5740 = DIRECTION ( 'NONE',  ( 1.421085471520000159E-14, 1.000000000000000000, 0.000000000000000000 ) ) ;
#5741 = FACE_OUTER_BOUND ( 'NONE', #254, .T. ) ;
#5742 = VECTOR ( 'NONE', #9164, 1000.000000000000000 ) ;
#5743 = VERTEX_POINT ( 'NONE', #1931 ) ;
#5744 = DIRECTION ( 'NONE',  ( 0.000000000000000000, 0.000000000000000000, -1.000000000000000000 ) ) ;
#5745 = DIRECTION ( 'NONE',  ( 0.000000000000000000, 0.000000000000000000, 1.000000000000000000 ) ) ;
#5746 = CARTESIAN_POINT ( 'NONE',  ( -104.4000177000000065, -16.44996829999999832, 36.27002670000000251 ) ) ;
#5747 = MECHANICAL_DESIGN_GEOMETRIC_PRESENTATION_REPRESENTATION (  '', ( #8658 ), #8301 ) ;
#5748 = EDGE_CURVE ( 'NONE', #6993, #6882, #5585, .T. ) ;
#5749 = EDGE_CURVE ( 'NONE', #4988, #7983, #2240, .T. ) ;
#5750 = CARTESIAN_POINT ( 'NONE',  ( -103.5000217000000049, 9.649978300000000786, 32.77003069999999951 ) ) ;
#5751 = ORIENTED_EDGE ( 'NONE', *, *, #3178, .F. ) ;
#5752 = PRODUCT_DEFINITION_CONTEXT ( 'detailed design', #1564, 'design' ) ;
#5753 = SURFACE_STYLE_FILL_AREA ( #2144 ) ;
#5754 = CARTESIAN_POINT ( 'NONE',  ( -125.1999782999999837, -12.04997829999999936, 32.77003069999999951 ) ) ;
#5755 = ORIENTED_EDGE ( 'NONE', *, *, #5810, .F. ) ;
#5756 = DIRECTION ( 'NONE',  ( 0.000000000000000000, 0.000000000000000000, -1.000000000000000000 ) ) ;
#5757 = CARTESIAN_POINT ( 'NONE',  ( -100.6192161191000025, 2.686027968371000441, 41.17001390000000072 ) ) ;
#5758 = EDGE_CURVE ( 'NONE', #5693, #2718, #5698, .T. ) ;
#5759 = CIRCLE ( 'NONE', #82, 4.999989999999999490 ) ;
#5760 = VERTEX_POINT ( 'NONE', #715 ) ;
#5761 = CARTESIAN_POINT ( 'NONE',  ( -103.3662481237353461, 1.070831077290591793, 42.18733092211860480 ) ) ;
#5762 = EDGE_CURVE ( 'NONE', #1438, #8177, #2617, .T. ) ;
#5763 = DIRECTION ( 'NONE',  ( -0.4999999999995852762, 0.8660254037846781827, 0.000000000000000000 ) ) ;
#5764 = CARTESIAN_POINT ( 'NONE',  ( -102.9225817060000026, 6.525088418818000058, 42.27001269999999522 ) ) ;
#5765 = CARTESIAN_POINT ( 'NONE',  ( -114.3499999999999943, 11.29997499999999988, 38.42001940000000104 ) ) ;
#5766 = DIRECTION ( 'NONE',  ( 0.000000000000000000, 0.000000000000000000, 1.000000000000000000 ) ) ;
#5767 = CARTESIAN_POINT ( 'NONE',  ( -100.5932004446000008, -0.1012969762472999968, 41.77001269999999522 ) ) ;
#5768 = ORIENTED_EDGE ( 'NONE', *, *, #3178, .T. ) ;
#5769 = EDGE_CURVE ( 'NONE', #1790, #3417, #2569, .T. ) ;
#5770 = EDGE_CURVE ( 'NONE', #9256, #3176, #8893, .T. ) ;
#5771 = CIRCLE ( 'NONE', #5925, 0.4999990000000000823 ) ;
#5772 = VERTEX_POINT ( 'NONE', #4909 ) ;
#5773 = TOROIDAL_SURFACE ( 'NONE', #4893, 13.39997820000000139, 0.5000000000000000000 ) ;
#5774 = VECTOR ( 'NONE', #4359, 1000.000000000000000 ) ;
#5775 = ORIENTED_EDGE ( 'NONE', *, *, #3241, .T. ) ;
#5776 = AXIS2_PLACEMENT_3D ( 'NONE', #7702, #540, #8502 ) ;
#5777 = CARTESIAN_POINT ( 'NONE',  ( -117.8499900977561907, 11.55934049752365311, 44.24152618886314059 ) ) ;
#5778 = ADVANCED_FACE ( 'NONE', ( #8485 ), #5773, .T. ) ;
#5779 = CARTESIAN_POINT ( 'NONE',  ( -106.6398761140000033, 8.447584131454998868, 41.17001390000000072 ) ) ;
#5780 = ORIENTED_EDGE ( 'NONE', *, *, #5770, .T. ) ;
#5781 = DIRECTION ( 'NONE',  ( 0.000000000000000000, 0.000000000000000000, -1.000000000000000000 ) ) ;
#5782 = DIRECTION ( 'NONE',  ( 0.000000000000000000, 0.000000000000000000, -1.000000000000000000 ) ) ;
#5783 = DIRECTION ( 'NONE',  ( -0.8221601600244758945, 0.5692562439433828114, 1.022009356374240044E-14 ) ) ;
#5784 = LINE ( 'NONE', #1341, #8906 ) ;
#5785 = CARTESIAN_POINT ( 'NONE',  ( -101.7494306163000033, 5.497591856446999437, 41.77001269999999522 ) ) ;
#5786 = ORIENTED_EDGE ( 'NONE', *, *, #4167, .F. ) ;
#5787 = CIRCLE ( 'NONE', #6992, 14.26997146000000960 ) ;
#5788 = ORIENTED_EDGE ( 'NONE', *, *, #3546, .F. ) ;
#5789 = AXIS2_PLACEMENT_3D ( 'NONE', #404, #6143, #2436 ) ;
#5790 = EDGE_CURVE ( 'NONE', #3021, #9256, #8504, .T. ) ;
#5791 = DIRECTION ( 'NONE',  ( 0.000000000000000000, 0.000000000000000000, -1.000000000000000000 ) ) ;
#5792 = CARTESIAN_POINT ( 'NONE',  ( -101.8648856639999991, 0.1770580663975999947, 41.77001269999999522 ) ) ;
#5793 = CARTESIAN_POINT ( 'NONE',  ( -129.4499682999999948, -10.08474613867000080, 37.77002069999999634 ) ) ;
#5794 = DIRECTION ( 'NONE',  ( 0.000000000000000000, 0.000000000000000000, -1.000000000000000000 ) ) ;
#5795 = CARTESIAN_POINT ( 'NONE',  ( -114.3499999999999943, 10.55069093012000003, 33.44002935999999693 ) ) ;
#5796 = ORIENTED_EDGE ( 'NONE', *, *, #6606, .F. ) ;
#5797 = CARTESIAN_POINT ( 'NONE',  ( -108.6769496677000006, 8.572716570508999823, 41.79120423726000411 ) ) ;
#5798 = CIRCLE ( 'NONE', #6263, 13.84997229999999746 ) ;
#5799 = EDGE_LOOP ( 'NONE', ( #2505, #3968, #7604, #7737 ) ) ;
#5800 = EDGE_CURVE ( 'NONE', #56, #7234, #2260, .T. ) ;
#5801 = DIRECTION ( 'NONE',  ( 0.000000000000000000, -1.000000000000000000, 0.000000000000000000 ) ) ;
#5802 = VECTOR ( 'NONE', #3754, 1000.000000000000000 ) ;
#5803 = LINE ( 'NONE', #1441, #5774 ) ;
#5804 = ORIENTED_EDGE ( 'NONE', *, *, #6586, .F. ) ;
#5805 = DIRECTION ( 'NONE',  ( 0.000000000000000000, 0.000000000000000000, 1.000000000000000000 ) ) ;
#5806 = DIRECTION ( 'NONE',  ( 0.000000000000000000, 0.000000000000000000, 1.000000000000000000 ) ) ;
#5807 = CARTESIAN_POINT ( 'NONE',  ( -114.3499999999999943, -8.799984800000000718, 46.62000299999999697 ) ) ;
#5808 = AXIS2_PLACEMENT_3D ( 'NONE', #8423, #9333, #4964 ) ;
#5809 = ORIENTED_EDGE ( 'NONE', *, *, #4265, .F. ) ;
#5810 = EDGE_CURVE ( 'NONE', #1019, #8114, #2843, .T. ) ;
#5811 = VECTOR ( 'NONE', #7132, 1000.000000000000000 ) ;
#5812 = DIRECTION ( 'NONE',  ( 0.000000000000000000, -1.000000000000000000, 0.000000000000000000 ) ) ;
#5813 = ORIENTED_EDGE ( 'NONE', *, *, #8034, .F. ) ;
#5814 =( LENGTH_UNIT ( ) NAMED_UNIT ( * ) SI_UNIT ( .MILLI., .METRE. ) );
#5815 = DIRECTION ( 'NONE',  ( 0.000000000000000000, 0.000000000000000000, 1.000000000000000000 ) ) ;
#5816 = DIRECTION ( 'NONE',  ( 0.6898516232912187407, 0.7239507841300196755, 0.000000000000000000 ) ) ;
#5817 = VECTOR ( 'NONE', #7920, 1000.000000000000000 ) ;
#5818 = EDGE_LOOP ( 'NONE', ( #2220, #1014, #7151, #8807 ) ) ;
#5819 = CARTESIAN_POINT ( 'NONE',  ( -103.4947122766558749, 0.8121955143244031783, 42.00406360376718595 ) ) ;
#5820 = CARTESIAN_POINT ( 'NONE',  ( -106.4000177000000065, 14.14996829999999939, 34.77002669999999540 ) ) ;
#5821 = CARTESIAN_POINT ( 'NONE',  ( -101.5145590027628799, 3.090406911996192996, 42.21456206179471593 ) ) ;
#5822 = DIRECTION ( 'NONE',  ( 0.000000000000000000, 1.000000000000000000, 0.000000000000000000 ) ) ;
#5823 = DIRECTION ( 'NONE',  ( 5.921201307070000337E-13, -6.261161528988999767E-12, -1.000000000000000000 ) ) ;
#5824 = DIRECTION ( 'NONE',  ( 0.000000000000000000, 1.000000000000000000, 0.000000000000000000 ) ) ;
#5825 = CARTESIAN_POINT ( 'NONE',  ( -122.2999822999999964, -16.44996829999999832, 36.27002670000000251 ) ) ;
#5826 = AXIS2_PLACEMENT_3D ( 'NONE', #5530, #3282, #337 ) ;
#5827 = ORIENTED_EDGE ( 'NONE', *, *, #4376, .T. ) ;
#5828 = COLOUR_RGB ( '',0.7921568627450980005, 0.8196078431372548767, 0.9333333333333333481 ) ;
#5829 = CARTESIAN_POINT ( 'NONE',  ( -124.2946102887000137, -10.98296722861000063, 38.42001940000000104 ) ) ;
#5830 = ORIENTED_EDGE ( 'NONE', *, *, #5289, .T. ) ;
#5831 = CYLINDRICAL_SURFACE ( 'NONE', #2425, 0.4999989999999992496 ) ;
#5832 = CIRCLE ( 'NONE', #5612, 7.599984799999999652 ) ;
#5833 = ORIENTED_EDGE ( 'NONE', *, *, #6020, .T. ) ;
#5834 = DIRECTION ( 'NONE',  ( 0.8927297591781699904, 0.4505924733921847780, 0.000000000000000000 ) ) ;
#5835 = DIRECTION ( 'NONE',  ( 0.000000000000000000, 0.000000000000000000, 1.000000000000000000 ) ) ;
#5836 = EDGE_CURVE ( 'NONE', #4769, #5037, #7340, .T. ) ;
#5837 = DIRECTION ( 'NONE',  ( 0.8650550016384894736, -0.5016770317048937500, 1.987337438428974014E-14 ) ) ;
#5838 = VERTEX_POINT ( 'NONE', #2279 ) ;
#5839 = AXIS2_PLACEMENT_3D ( 'NONE', #7698, #8432, #2694 ) ;
#5840 = DIRECTION ( 'NONE',  ( 0.000000000000000000, 1.000000000000000000, 0.000000000000000000 ) ) ;
#5841 = CARTESIAN_POINT ( 'NONE',  ( -126.1069380101416328, 4.498979504856905898, 44.14159201242767239 ) ) ;
#5842 = FACE_BOUND ( 'NONE', #9177, .T. ) ;
#5843 = ORIENTED_EDGE ( 'NONE', *, *, #3358, .F. ) ;
#5844 = STYLED_ITEM ( 'NONE', ( #5850 ), #1513 ) ;
#5845 = ORIENTED_EDGE ( 'NONE', *, *, #5800, .T. ) ;
#5846 = ORIENTED_EDGE ( 'NONE', *, *, #7475, .T. ) ;
#5847 = EDGE_CURVE ( 'NONE', #6173, #8012, #6100, .T. ) ;
#5848 = VECTOR ( 'NONE', #4056, 1000.000000000000000 ) ;
#5849 = ADVANCED_FACE ( 'NONE', ( #5944 ), #6002, .F. ) ;
#5850 = PRESENTATION_STYLE_ASSIGNMENT (( #7486 ) ) ;
#5851 = ORIENTED_EDGE ( 'NONE', *, *, #9227, .T. ) ;
#5852 = CARTESIAN_POINT ( 'NONE',  ( -98.50003170000000807, 8.749982299996998947, 36.27002670000000251 ) ) ;
#5853 = DIRECTION ( 'NONE',  ( -1.000000000000000000, 0.000000000000000000, 0.000000000000000000 ) ) ;
#5854 = EDGE_CURVE ( 'NONE', #396, #9010, #5973, .T. ) ;
#5855 = UNCERTAINTY_MEASURE_WITH_UNIT (LENGTH_MEASURE( 1.000000000000000082E-05 ), #2593, 'distance_accuracy_value', 'NONE');
#5856 = CARTESIAN_POINT ( 'NONE',  ( -122.0601238866999978, -11.34758313088999948, 42.57001110000000210 ) ) ;
#5857 = ORIENTED_EDGE ( 'NONE', *, *, #2389, .T. ) ;
#5858 = DIRECTION ( 'NONE',  ( 0.000000000000000000, 0.000000000000000000, 1.000000000000000000 ) ) ;
#5859 = EDGE_CURVE ( 'NONE', #4216, #1788, #2795, .T. ) ;
#5860 = CARTESIAN_POINT ( 'NONE',  ( -121.1999822999999878, -16.44996829999999832, 34.77002669999999540 ) ) ;
#5861 = AXIS2_PLACEMENT_3D ( 'NONE', #1659, #3151, #2424 ) ;
#5862 = VECTOR ( 'NONE', #5605, 1000.000000000000000 ) ;
#5863 = ORIENTED_EDGE ( 'NONE', *, *, #1670, .T. ) ;
#5864 = VERTEX_POINT ( 'NONE', #182 ) ;
#5865 = CARTESIAN_POINT ( 'NONE',  ( -114.3499999999999943, -1.199999999999999956, 43.77000869999999821 ) ) ;
#5866 = EDGE_LOOP ( 'NONE', ( #7886, #6428 ) ) ;
#5867 = CARTESIAN_POINT ( 'NONE',  ( -103.5000217000000049, -12.04997829999999936, 34.82925849523000039 ) ) ;
#5868 = DIRECTION ( 'NONE',  ( -2.545232800650999764E-14, 0.000000000000000000, -1.000000000000000000 ) ) ;
#5869 = CARTESIAN_POINT ( 'NONE',  ( -99.00003170000000807, -9.149982299999999569, 34.77002669999999540 ) ) ;
#5870 = EDGE_CURVE ( 'NONE', #9070, #6318, #2948, .T. ) ;
#5871 = ORIENTED_EDGE ( 'NONE', *, *, #1012, .F. ) ;
#5872 = LINE ( 'NONE', #2513, #5938 ) ;
#5873 = ORIENTED_EDGE ( 'NONE', *, *, #8774, .F. ) ;
#5874 = EDGE_CURVE ( 'NONE', #45, #6814, #8954, .T. ) ;
#5875 = ORIENTED_EDGE ( 'NONE', *, *, #487, .T. ) ;
#5876 = CARTESIAN_POINT ( 'NONE',  ( -114.3499999999999943, -1.199999999999999956, 33.27002970000000204 ) ) ;
#5877 = EDGE_LOOP ( 'NONE', ( #7074, #3885, #90, #8352 ) ) ;
#5878 = CARTESIAN_POINT ( 'NONE',  ( -125.0717184237271908, 6.210594657178663880, 44.11017957678228640 ) ) ;
#5879 = CARTESIAN_POINT ( 'NONE',  ( -104.9284517085000061, 5.394233980648999172, 42.27001269999999522 ) ) ;
#5880 = VECTOR ( 'NONE', #8129, 1000.000000000000000 ) ;
#5881 = ORIENTED_EDGE ( 'NONE', *, *, #6586, .T. ) ;
#5882 = DIRECTION ( 'NONE',  ( 1.000000000000000000, 0.000000000000000000, 0.000000000000000000 ) ) ;
#5883 = DIRECTION ( 'NONE',  ( 0.000000000000000000, 0.000000000000000000, 1.000000000000000000 ) ) ;
#5884 = EDGE_CURVE ( 'NONE', #4397, #7635, #9097, .T. ) ;
#5885 = CARTESIAN_POINT ( 'NONE',  ( -101.4457495380381147, 3.064306034073617013, 42.18037495906659728 ) ) ;
#5886 = CARTESIAN_POINT ( 'NONE',  ( -102.3225837775000002, 6.381781537976999985, 41.99452137408999164 ) ) ;
#5887 = PLANE ( 'NONE',  #4354 ) ;
#5888 = CARTESIAN_POINT ( 'NONE',  ( -110.8500070000000051, 11.21609787979000039, 43.77001270000000233 ) ) ;
#5889 = VERTEX_POINT ( 'NONE', #1078 ) ;
#5890 = AXIS2_PLACEMENT_3D ( 'NONE', #7205, #7882, #8629 ) ;
#5891 = ADVANCED_FACE ( 'NONE', ( #2868 ), #4555, .F. ) ;
#5892 = SPHERICAL_SURFACE ( 'NONE', #3838, 21.10567364926999900 ) ;
#5893 = ORIENTED_EDGE ( 'NONE', *, *, #4001, .F. ) ;
#5894 = ORIENTED_EDGE ( 'NONE', *, *, #5178, .F. ) ;
#5895 = AXIS2_PLACEMENT_3D ( 'NONE', #7192, #7133, #1168 ) ;
#5896 = FACE_OUTER_BOUND ( 'NONE', #113, .T. ) ;
#5897 = CYLINDRICAL_SURFACE ( 'NONE', #2451, 15.18297050000000326 ) ;
#5898 = ORIENTED_EDGE ( 'NONE', *, *, #8593, .T. ) ;
#5899 = DIRECTION ( 'NONE',  ( 0.000000000000000000, 0.000000000000000000, -1.000000000000000000 ) ) ;
#5900 = DIRECTION ( 'NONE',  ( 0.8660254037528679616, 0.5000000000546820367, 0.000000000000000000 ) ) ;
#5901 = DIRECTION ( 'NONE',  ( 0.000000000000000000, 0.000000000000000000, 1.000000000000000000 ) ) ;
#5902 = EDGE_CURVE ( 'NONE', #284, #6118, #2660, .T. ) ;
#5903 = EDGE_CURVE ( 'NONE', #4233, #8919, #8925, .T. ) ;
#5904 = CARTESIAN_POINT ( 'NONE',  ( -117.8499929999999978, 13.12870122345000112, 40.48468206460000118 ) ) ;
#5905 = CARTESIAN_POINT ( 'NONE',  ( -114.3499999999999943, -1.199999999999999956, 43.77000869999999821 ) ) ;
#5906 = ORIENTED_EDGE ( 'NONE', *, *, #2481, .F. ) ;
#5907 = CARTESIAN_POINT ( 'NONE',  ( -124.2233845415000104, -6.366656053202000010, 40.12001599999999968 ) ) ;
#5908 = CARTESIAN_POINT ( 'NONE',  ( -123.1999823000000021, 13.64996830000000116, 34.77002669999999540 ) ) ;
#5909 = FACE_OUTER_BOUND ( 'NONE', #624, .T. ) ;
#5910 = DIRECTION ( 'NONE',  ( 0.000000000000000000, 0.000000000000000000, 1.000000000000000000 ) ) ;
#5911 = ORIENTED_EDGE ( 'NONE', *, *, #7450, .F. ) ;
#5912 = SURFACE_STYLE_FILL_AREA ( #5988 ) ;
#5913 = PRODUCT_DEFINITION_SHAPE ( 'NONE', 'NONE',  #5567 ) ;
#5914 = VERTEX_POINT ( 'NONE', #5173 ) ;
#5915 = AXIS2_PLACEMENT_3D ( 'NONE', #8887, #253, #8824 ) ;
#5916 = DIRECTION ( 'NONE',  ( 0.000000000000000000, 0.000000000000000000, -1.000000000000000000 ) ) ;
#5917 = CARTESIAN_POINT ( 'NONE',  ( -105.0724831076999948, 4.773004522564999519, 41.95348861398999674 ) ) ;
#5918 = CARTESIAN_POINT ( 'NONE',  ( -117.8499929999999978, 13.12870122345000112, 44.27001270000000233 ) ) ;
#5919 = DIRECTION ( 'NONE',  ( 0.000000000000000000, 1.000000000000000000, 0.000000000000000000 ) ) ;
#5920 = ORIENTED_EDGE ( 'NONE', *, *, #2818, .F. ) ;
#5921 = CARTESIAN_POINT ( 'NONE',  ( -110.8500070000000051, 13.12870122345000112, 40.48468206460000118 ) ) ;
#5922 = DIRECTION ( 'NONE',  ( 0.000000000000000000, -1.000000000000000000, 0.000000000000000000 ) ) ;
#5923 = LINE ( 'NONE', #1075, #2791 ) ;
#5924 = VERTEX_POINT ( 'NONE', #2410 ) ;
#5925 = AXIS2_PLACEMENT_3D ( 'NONE', #5715, #4352, #1377 ) ;
#5926 = ORIENTED_EDGE ( 'NONE', *, *, #4297, .F. ) ;
#5927 = CARTESIAN_POINT ( 'NONE',  ( -104.5320332772000000, -10.96879020867000065, 41.77001167873999776 ) ) ;
#5928 = FACE_OUTER_BOUND ( 'NONE', #6888, .T. ) ;
#5929 = ADVANCED_FACE ( 'NONE', ( #9056 ), #5831, .T. ) ;
#5930 = LINE ( 'NONE', #6054, #6163 ) ;
#5931 = ORIENTED_EDGE ( 'NONE', *, *, #3019, .T. ) ;
#5932 = DIRECTION ( 'NONE',  ( 1.000000000000000000, 0.000000000000000000, 0.000000000000000000 ) ) ;
#5933 = PLANE ( 'NONE',  #1556 ) ;
#5934 = CARTESIAN_POINT ( 'NONE',  ( -119.8499930000000262, 10.95973618821767381, 44.27001270000018707 ) ) ;
#5935 = EDGE_CURVE ( 'NONE', #2287, #5738, #5958, .T. ) ;
#5936 = CARTESIAN_POINT ( 'NONE',  ( -126.5601148860999956, -3.053371084956000292, 41.17001390000000072 ) ) ;
#5937 = EDGE_LOOP ( 'NONE', ( #5190, #8623, #3544, #876 ) ) ;
#5938 = VECTOR ( 'NONE', #8976, 1000.000000000000000 ) ;
#5939 = ORIENTED_EDGE ( 'NONE', *, *, #1862, .F. ) ;
#5940 = DIRECTION ( 'NONE',  ( 0.000000000000000000, -1.000000000000000000, 0.000000000000000000 ) ) ;
#5941 = ORIENTED_EDGE ( 'NONE', *, *, #8025, .T. ) ;
#5942 = DIRECTION ( 'NONE',  ( 0.000000000000000000, 1.000000000000000000, 0.000000000000000000 ) ) ;
#5943 = CARTESIAN_POINT ( 'NONE',  ( -114.3499999999999943, 15.64996630000000266, 34.77002669999999540 ) ) ;
#5944 = FACE_OUTER_BOUND ( 'NONE', #7756, .T. ) ;
#5945 = AXIS2_PLACEMENT_3D ( 'NONE', #7864, #3554, #4255 ) ;
#5946 = CIRCLE ( 'NONE', #7519, 7.599984800000000540 ) ;
#5947 = ORIENTED_EDGE ( 'NONE', *, *, #3763, .F. ) ;
#5948 = PLANE ( 'NONE',  #6282 ) ;
#5949 = PLANE ( 'NONE',  #8156 ) ;
#5950 = DIRECTION ( 'NONE',  ( 7.820115816940999837E-13, 1.715449042389000095E-12, -1.000000000000000000 ) ) ;
#5951 = DIRECTION ( 'NONE',  ( 1.000000000000000000, 0.000000000000000000, -2.255140518769862854E-13 ) ) ;
#5952 = DIRECTION ( 'NONE',  ( 0.000000000000000000, -1.000000000000000000, 0.000000000000000000 ) ) ;
#5953 = EDGE_LOOP ( 'NONE', ( #4635, #2946, #39, #9298 ) ) ;
#5954 = PRESENTATION_STYLE_ASSIGNMENT (( #1135 ) ) ;
#5955 = CIRCLE ( 'NONE', #2906, 7.899984196276001569 ) ;
#5956 = ORIENTED_EDGE ( 'NONE', *, *, #8088, .F. ) ;
#5957 = EDGE_CURVE ( 'NONE', #5685, #15, #5985, .T. ) ;
#5958 = LINE ( 'NONE', #1585, #9031 ) ;
#5959 = FACE_OUTER_BOUND ( 'NONE', #1474, .T. ) ;
#5960 = ORIENTED_EDGE ( 'NONE', *, *, #4167, .T. ) ;
#5961 = CARTESIAN_POINT ( 'NONE',  ( -126.6871540120000077, -10.08474650716000021, 37.77002069999999634 ) ) ;
#5962 = CARTESIAN_POINT ( 'NONE',  ( -99.80515123802999256, 3.156028546609999985, 39.86605802304000434 ) ) ;
#5963 = AXIS2_PLACEMENT_3D ( 'NONE', #3800, #2577, #4482 ) ;
#5964 = DIRECTION ( 'NONE',  ( 1.000000000000000000, 0.000000000000000000, 0.000000000000000000 ) ) ;
#5965 = CARTESIAN_POINT ( 'NONE',  ( -120.1584992248999981, -12.83331034679999938, 41.77001269999999522 ) ) ;
#5966 = EDGE_CURVE ( 'NONE', #1077, #5718, #2745, .T. ) ;
#5967 = CARTESIAN_POINT ( 'NONE',  ( -119.0074371987000035, -11.69997870000000084, 41.77001269999999522 ) ) ;
#5968 = VERTEX_POINT ( 'NONE', #2939 ) ;
#5969 = DIRECTION ( 'NONE',  ( -1.000000000000000000, 0.000000000000000000, 0.000000000000000000 ) ) ;
#5970 = ADVANCED_FACE ( 'NONE', ( #6067 ), #315, .T. ) ;
#5971 = VECTOR ( 'NONE', #5671, 1000.000000000000000 ) ;
#5972 = ORIENTED_EDGE ( 'NONE', *, *, #465, .F. ) ;
#5973 = LINE ( 'NONE', #7431, #5802 ) ;
#5974 = VECTOR ( 'NONE', #2413, 1000.000000000000000 ) ;
#5975 = VERTEX_POINT ( 'NONE', #1307 ) ;
#5976 = EDGE_CURVE ( 'NONE', #2641, #2484, #2856, .T. ) ;
#5977 = AXIS2_PLACEMENT_3D ( 'NONE', #7896, #5815, #729 ) ;
#5978 = CARTESIAN_POINT ( 'NONE',  ( -114.3499999999999943, -9.755264990158998728, 34.25335576815000138 ) ) ;
#5979 = VERTEX_POINT ( 'NONE', #6914 ) ;
#5980 = EDGE_CURVE ( 'NONE', #4568, #8519, #6116, .T. ) ;
#5981 = DIRECTION ( 'NONE',  ( 0.5407937228794009732, -0.4555682963397009733, -0.7071065525537010288 ) ) ;
#5982 = VECTOR ( 'NONE', #3560, 1000.000000000000000 ) ;
#5983 = ORIENTED_EDGE ( 'NONE', *, *, #1246, .F. ) ;
#5984 = DIRECTION ( 'NONE',  ( 6.844908710972999614E-11, -4.368958384422000148E-11, 1.000000000000000000 ) ) ;
#5985 = CIRCLE ( 'NONE', #1392, 10.00140886023999975 ) ;
#5986 = CIRCLE ( 'NONE', #6304, 13.84997230000000634 ) ;
#5987 = ORIENTED_EDGE ( 'NONE', *, *, #7754, .F. ) ;
#5988 = FILL_AREA_STYLE ('',( #7320 ) ) ;
#5989 = AXIS2_PLACEMENT_3D ( 'NONE', #8702, #796, #3770 ) ;
#5990 = EDGE_CURVE ( 'NONE', #2001, #3875, #2673, .T. ) ;
#5991 = CARTESIAN_POINT ( 'NONE',  ( -119.8499929999999978, 11.01922635686999818, 44.27001270000000233 ) ) ;
#5992 = AXIS2_PLACEMENT_3D ( 'NONE', #7995, #1453, #649 ) ;
#5993 = DIRECTION ( 'NONE',  ( 0.000000000000000000, 1.000000000000000000, 0.000000000000000000 ) ) ;
#5994 = CARTESIAN_POINT ( 'NONE',  ( -114.3499999999999943, -1.199999999999999956, 41.11078210476999573 ) ) ;
#5995 = EDGE_LOOP ( 'NONE', ( #7665, #1278, #7261, #7560 ) ) ;
#5996 = LINE ( 'NONE', #5852, #2850 ) ;
#5997 = EDGE_LOOP ( 'NONE', ( #6278, #1812, #5352, #7854 ) ) ;
#5998 = PLANE ( 'NONE',  #3317 ) ;
#5999 = ORIENTED_EDGE ( 'NONE', *, *, #3295, .T. ) ;
#6000 = CARTESIAN_POINT ( 'NONE',  ( -101.8648856639999991, 0.1770580663975999947, 41.17001390000000072 ) ) ;
#6001 = DIRECTION ( 'NONE',  ( 0.6442706549548880002, 0.7647975700562860135, 0.000000000000000000 ) ) ;
#6002 = CONICAL_SURFACE ( 'NONE', #6182, 9.749986362670007622, 0.7853984867310629392 ) ;
#6003 = ADVANCED_FACE ( 'NONE', ( #6021 ), #2774, .T. ) ;
#6004 = FACE_OUTER_BOUND ( 'NONE', #3771, .T. ) ;
#6005 = ORIENTED_EDGE ( 'NONE', *, *, #6326, .T. ) ;
#6006 = PLANE ( 'NONE',  #4755 ) ;
#6007 = CARTESIAN_POINT ( 'NONE',  ( -104.2237810502839181, 7.967562950537276478, 42.12909736717053022 ) ) ;
#6008 = CARTESIAN_POINT ( 'NONE',  ( -129.5999683000000005, -11.18474613867000045, 35.17002670000000109 ) ) ;
#6009 = EDGE_CURVE ( 'NONE', #1714, #9010, #9161, .T. ) ;
#6010 = CARTESIAN_POINT ( 'NONE',  ( -121.5177735827655425, 7.453270353386622915, 44.13998731540498710 ) ) ;
#6011 =( NAMED_UNIT ( * ) SI_UNIT ( $, .STERADIAN. ) SOLID_ANGLE_UNIT ( ) );
#6012 = CARTESIAN_POINT ( 'NONE',  ( -114.3499999999999943, -11.20140886024000082, 33.17002990000000295 ) ) ;
#6013 = ADVANCED_FACE ( 'NONE', ( #6083, #9128, #5928 ), #7045, .T. ) ;
#6014 = ORIENTED_EDGE ( 'NONE', *, *, #6524, .T. ) ;
#6015 = CARTESIAN_POINT ( 'NONE',  ( -129.5999683000000005, 5.649982300000000457, 34.77002669999999540 ) ) ;
#6016 = LINE ( 'NONE', #7933, #5862 ) ;
#6017 = ORIENTED_EDGE ( 'NONE', *, *, #6193, .T. ) ;
#6018 = PRODUCT_DEFINITION_FORMATION_WITH_SPECIFIED_SOURCE ( 'ANY', '', #9104, .NOT_KNOWN. ) ;
#6019 = VERTEX_POINT ( 'NONE', #4684 ) ;
#6020 = EDGE_CURVE ( 'NONE', #3515, #3925, #9069, .T. ) ;
#6021 = FACE_OUTER_BOUND ( 'NONE', #1803, .T. ) ;
#6022 = CARTESIAN_POINT ( 'NONE',  ( -102.2494306163000033, 6.363617260219999849, 41.77001269999999522 ) ) ;
#6023 = CIRCLE ( 'NONE', #642, 13.79997239999999792 ) ;
#6024 = ORIENTED_EDGE ( 'NONE', *, *, #8738, .T. ) ;
#6025 = CARTESIAN_POINT ( 'NONE',  ( -110.8500125286916784, 11.39198747730202754, 44.14517621741921261 ) ) ;
#6026 = CARTESIAN_POINT ( 'NONE',  ( -128.0434625611000001, -8.182165712613999276, 33.27002970000000204 ) ) ;
#6027 = PRODUCT_CONTEXT ( 'NONE', #1501, 'mechanical' ) ;
#6028 = DIRECTION ( 'NONE',  ( -1.000000000000000000, 0.000000000000000000, 0.000000000000000000 ) ) ;
#6029 = PRODUCT_DEFINITION_SHAPE ( 'NONE', 'NONE',  #9352 ) ;
#6030 = ORIENTED_EDGE ( 'NONE', *, *, #6076, .T. ) ;
#6031 = AXIS2_PLACEMENT_3D ( 'NONE', #3319, #4050, #4732 ) ;
#6032 = FACE_OUTER_BOUND ( 'NONE', #8077, .T. ) ;
#6033 = ORIENTED_EDGE ( 'NONE', *, *, #6220, .T. ) ;
#6034 = DIRECTION ( 'NONE',  ( 0.000000000000000000, 0.000000000000000000, 1.000000000000000000 ) ) ;
#6035 = VERTEX_POINT ( 'NONE', #5446 ) ;
#6036 = CARTESIAN_POINT ( 'NONE',  ( -104.1939862636000100, 8.158741303262997846, 41.17001390000000072 ) ) ;
#6037 = ORIENTED_EDGE ( 'NONE', *, *, #4987, .F. ) ;
#6038 = AXIS2_PLACEMENT_3D ( 'NONE', #3680, #7996, #5919 ) ;
#6039 = CARTESIAN_POINT ( 'NONE',  ( -122.0601250221000100, -10.84758413089000051, 42.57001110000000210 ) ) ;
#6040 = EDGE_LOOP ( 'NONE', ( #2263, #8601, #8847, #6337, #3143, #7352, #126 ) ) ;
#6041 = AXIS2_PLACEMENT_3D ( 'NONE', #7503, #269, #2301 ) ;
#6042 = ADVANCED_FACE ( 'NONE', ( #5896 ), #9147, .T. ) ;
#6043 = DIRECTION ( 'NONE',  ( 0.8660254037815640071, 0.5000000000049790172, 0.000000000000000000 ) ) ;
#6044 = FACE_OUTER_BOUND ( 'NONE', #4391, .T. ) ;
#6045 = ORIENTED_EDGE ( 'NONE', *, *, #3872, .F. ) ;
#6046 = VERTEX_POINT ( 'NONE', #9061 ) ;
#6047 = EDGE_CURVE ( 'NONE', #3508, #7918, #2827, .T. ) ;
#6048 = ORIENTED_EDGE ( 'NONE', *, *, #5289, .F. ) ;
#6049 = DIRECTION ( 'NONE',  ( 0.000000000000000000, -1.000000000000000000, 0.000000000000000000 ) ) ;
#6050 = CARTESIAN_POINT ( 'NONE',  ( -114.3499999999999943, -1.199999999999999956, 32.77003069999999951 ) ) ;
#6051 = CYLINDRICAL_SURFACE ( 'NONE', #743, 13.84997229999999924 ) ;
#6052 = VECTOR ( 'NONE', #3821, 1000.000000000000000 ) ;
#6053 = ORIENTED_EDGE ( 'NONE', *, *, #8738, .F. ) ;
#6054 = CARTESIAN_POINT ( 'NONE',  ( -122.1604827383000043, -12.63757369838000066, 41.77001269999999522 ) ) ;
#6055 = DIRECTION ( 'NONE',  ( 0.000000000000000000, 0.000000000000000000, -1.000000000000000000 ) ) ;
#6056 = CARTESIAN_POINT ( 'NONE',  ( -119.8499956084649227, 10.79877667508481842, 44.22795954663588702 ) ) ;
#6057 = CARTESIAN_POINT ( 'NONE',  ( -117.8499929999999978, 12.20043960886000001, 41.77001269999999522 ) ) ;
#6058 = ORIENTED_EDGE ( 'NONE', *, *, #3156, .T. ) ;
#6059 = AXIS2_PLACEMENT_3D ( 'NONE', #1858, #5664, #8544 ) ;
#6060 = LINE ( 'NONE', #4430, #8949 ) ;
#6061 = DIRECTION ( 'NONE',  ( 1.000000000000000000, 0.000000000000000000, 0.000000000000000000 ) ) ;
#6062 = AXIS2_PLACEMENT_3D ( 'NONE', #2113, #3601, #7298 ) ;
#6063 = CARTESIAN_POINT ( 'NONE',  ( -105.0835859168999917, 4.727316934461000209, 41.77001269999999522 ) ) ;
#6064 = ORIENTED_EDGE ( 'NONE', *, *, #8453, .T. ) ;
#6065 = CARTESIAN_POINT ( 'NONE',  ( -100.7764953215000077, 3.203641244752000183, 41.17001390000000072 ) ) ;
#6066 = DIRECTION ( 'NONE',  ( 0.8660254037458787746, 0.5000000000667877975, 0.000000000000000000 ) ) ;
#6067 = FACE_OUTER_BOUND ( 'NONE', #4341, .T. ) ;
#6068 = LINE ( 'NONE', #3137, #9269 ) ;
#6069 = ORIENTED_EDGE ( 'NONE', *, *, #5024, .F. ) ;
#6070 = DIRECTION ( 'NONE',  ( 1.000000000000000000, 0.000000000000000000, 0.000000000000000000 ) ) ;
#6071 =( NAMED_UNIT ( * ) PLANE_ANGLE_UNIT ( ) SI_UNIT ( $, .RADIAN. ) );
#6072 = CARTESIAN_POINT ( 'NONE',  ( -121.5251764168394146, 7.459484778209170663, 44.13111345584012923 ) ) ;
#6073 = CARTESIAN_POINT ( 'NONE',  ( -108.8500070000000051, 11.51109002841999995, 38.42001940000000104 ) ) ;
#6074 = CARTESIAN_POINT ( 'NONE',  ( -101.5312960675999818, 7.040240278053000011, 41.77001269999999522 ) ) ;
#6075 = ADVANCED_BREP_SHAPE_REPRESENTATION ( '', ( #1513, #2466 ), #1525 ) ;
#6076 = EDGE_CURVE ( 'NONE', #3521, #6582, #9174, .T. ) ;
#6077 = EDGE_LOOP ( 'NONE', ( #8274, #8011, #5016, #244 ) ) ;
#6078 = CARTESIAN_POINT ( 'NONE',  ( -114.3499999999999943, 6.399984800000000362, 46.62000299999999697 ) ) ;
#6079 = CIRCLE ( 'NONE', #5890, 1.599996800000001329 ) ;
#6080 = AXIS2_PLACEMENT_3D ( 'NONE', #2860, #5782, #3731 ) ;
#6081 = CIRCLE ( 'NONE', #8094, 0.4999990000039994942 ) ;
#6082 = ORIENTED_EDGE ( 'NONE', *, *, #783, .T. ) ;
#6083 = FACE_BOUND ( 'NONE', #4043, .T. ) ;
#6084 = DIRECTION ( 'NONE',  ( 0.4999999999995868860, -0.8660254037846771835, 0.000000000000000000 ) ) ;
#6085 = ADVANCED_FACE ( 'NONE', ( #8937 ), #6051, .T. ) ;
#6086 = VECTOR ( 'NONE', #4977, 1000.000000000000000 ) ;
#6087 = ORIENTED_EDGE ( 'NONE', *, *, #465, .T. ) ;
#6088 = CARTESIAN_POINT ( 'NONE',  ( -110.8500320986706527, 11.54632261708600538, 44.23580985114233499 ) ) ;
#6089 = DIRECTION ( 'NONE',  ( 0.000000000000000000, -1.000000000000000000, 0.000000000000000000 ) ) ;
#6090 = ORIENTED_EDGE ( 'NONE', *, *, #5178, .T. ) ;
#6091 = DIRECTION ( 'NONE',  ( -0.5000000000035830228, 0.8660254037823700290, 0.000000000000000000 ) ) ;
#6092 = ADVANCED_FACE ( 'NONE', ( #2917 ), #2685, .T. ) ;
#6093 = VERTEX_POINT ( 'NONE', #6174 ) ;
#6094 = EDGE_CURVE ( 'NONE', #7875, #4163, #2782, .T. ) ;
#6095 = DIRECTION ( 'NONE',  ( -0.9371151573196101481, 0.3490203173482055443, 0.000000000000000000 ) ) ;
#6096 = LINE ( 'NONE', #7365, #9200 ) ;
#6097 = AXIS2_PLACEMENT_3D ( 'NONE', #4639, #1095, #5393 ) ;
#6098 = CARTESIAN_POINT ( 'NONE',  ( -101.3666336296000026, 5.372191485751999451, 35.77002470000000045 ) ) ;
#6099 = ORIENTED_EDGE ( 'NONE', *, *, #599, .T. ) ;
#6100 = LINE ( 'NONE', #3007, #9082 ) ;
#6101 = CARTESIAN_POINT ( 'NONE',  ( -106.8366482585196877, 7.172813901461798203, 42.20296535916828873 ) ) ;
#6102 = LINE ( 'NONE', #5448, #2969 ) ;
#6103 = ORIENTED_EDGE ( 'NONE', *, *, #5394, .T. ) ;
#6104 = PRODUCT ( 'MANIFOLD_SOLID_BREP_154_7_14^AS03208AS-HT_AS03208AS-HT_Ass', 'MANIFOLD_SOLID_BREP_154_7_14^AS03208AS-HT_AS03208AS-HT_Ass', '', ( #1169 ) ) ;
#6105 = EDGE_CURVE ( 'NONE', #3142, #9160, #2703, .T. ) ;
#6106 = EDGE_CURVE ( 'NONE', #3953, #8284, #8970, .T. ) ;
#6107 = ORIENTED_EDGE ( 'NONE', *, *, #9133, .F. ) ;
#6108 = DIRECTION ( 'NONE',  ( -0.5000000000000918154, 0.8660254037843856390, 0.000000000000000000 ) ) ;
#6109 = DIRECTION ( 'NONE',  ( 6.525534695248999952E-12, -1.000000000000000000, 1.305106939049999980E-13 ) ) ;
#6110 = VERTEX_POINT ( 'NONE', #6983 ) ;
#6111 = AXIS2_PLACEMENT_3D ( 'NONE', #2212, #4220, #125 ) ;
#6112 = CARTESIAN_POINT ( 'NONE',  ( -114.3499999999999943, -1.199999999999999956, 14.41435155072999841 ) ) ;
#6113 = DIRECTION ( 'NONE',  ( -1.000000000000000000, 0.000000000000000000, 0.000000000000000000 ) ) ;
#6114 = ORIENTED_EDGE ( 'NONE', *, *, #6957, .T. ) ;
#6115 = CARTESIAN_POINT ( 'NONE',  ( -119.4776496039000051, -13.49997570000000024, 41.57001309999999705 ) ) ;
#6116 = CIRCLE ( 'NONE', #3340, 8.555265989603000776 ) ;
#6117 = CIRCLE ( 'NONE', #3698, 0.3999999999999993006 ) ;
#6118 = VERTEX_POINT ( 'NONE', #7662 ) ;
#6119 = CARTESIAN_POINT ( 'NONE',  ( -102.1398851139999948, 1.153370085852500004, 41.17001390000000072 ) ) ;
#6120 = CARTESIAN_POINT ( 'NONE',  ( -126.7874323034000099, 4.893604057556999898, 41.77001269999999522 ) ) ;
#6121 = ORIENTED_EDGE ( 'NONE', *, *, #4154, .F. ) ;
#6122 = CARTESIAN_POINT ( 'NONE',  ( -123.3723223961000031, -7.499987700000000146, 40.12001599999999968 ) ) ;
#6123 = EDGE_LOOP ( 'NONE', ( #190, #3334, #4123, #2777 ) ) ;
#6124 = ADVANCED_FACE ( 'NONE', ( #8995 ), #2654, .F. ) ;
#6125 = CARTESIAN_POINT ( 'NONE',  ( -114.3499999999999943, 15.64996630000000266, 32.77003069999999951 ) ) ;
#6126 = LINE ( 'NONE', #6131, #6336 ) ;
#6127 = AXIS2_PLACEMENT_3D ( 'NONE', #6015, #6202, #2623 ) ;
#6128 = EDGE_CURVE ( 'NONE', #451, #7992, #9011, .T. ) ;
#6129 = CARTESIAN_POINT ( 'NONE',  ( -128.6234938016315539, -5.399361687200458171, 40.30070998202666033 ) ) ;
#6130 = ORIENTED_EDGE ( 'NONE', *, *, #93, .T. ) ;
#6131 = CARTESIAN_POINT ( 'NONE',  ( -129.5999683000000005, 5.649982300000000457, 35.17002670000000109 ) ) ;
#6132 = DIRECTION ( 'NONE',  ( 0.000000000000000000, 0.000000000000000000, 1.000000000000000000 ) ) ;
#6133 = LINE ( 'NONE', #8072, #6052 ) ;
#6134 = ORIENTED_EDGE ( 'NONE', *, *, #4451, .T. ) ;
#6135 = AXIS2_PLACEMENT_3D ( 'NONE', #3173, #3914, #5415 ) ;
#6136 = DIRECTION ( 'NONE',  ( -0.7647975700572017255, 0.6442706549538009808, 0.000000000000000000 ) ) ;
#6137 = CARTESIAN_POINT ( 'NONE',  ( -110.8500070000000051, 11.21609787979000039, 41.77001269999999522 ) ) ;
#6138 = ORIENTED_EDGE ( 'NONE', *, *, #2576, .T. ) ;
#6139 = CARTESIAN_POINT ( 'NONE',  ( -129.1999682999999948, -11.18474613867000045, 35.17002670000000109 ) ) ;
#6140 = DIRECTION ( 'NONE',  ( -1.000000000000000000, 0.000000000000000000, 0.000000000000000000 ) ) ;
#6141 = DIRECTION ( 'NONE',  ( 0.000000000000000000, 0.000000000000000000, 1.000000000000000000 ) ) ;
#6142 = ORIENTED_EDGE ( 'NONE', *, *, #5655, .T. ) ;
#6143 = DIRECTION ( 'NONE',  ( 0.000000000000000000, 0.000000000000000000, -1.000000000000000000 ) ) ;
#6144 = ORIENTED_EDGE ( 'NONE', *, *, #2725, .F. ) ;
#6145 = CYLINDRICAL_SURFACE ( 'NONE', #7306, 15.18313571722000610 ) ;
#6146 = LINE ( 'NONE', #6686, #5974 ) ;
#6147 = ORIENTED_EDGE ( 'NONE', *, *, #3148, .T. ) ;
#6148 = CARTESIAN_POINT ( 'NONE',  ( -103.8435534505519655, 8.038188238300778110, 42.21888825770192000 ) ) ;
#6149 = DIRECTION ( 'NONE',  ( 1.000000000000000000, 0.000000000000000000, 0.000000000000000000 ) ) ;
#6150 = ORIENTED_EDGE ( 'NONE', *, *, #6689, .T. ) ;
#6151 = AXIS2_PLACEMENT_3D ( 'NONE', #3948, #6694, #7437 ) ;
#6152 = DIRECTION ( 'NONE',  ( 0.000000000000000000, 0.000000000000000000, 1.000000000000000000 ) ) ;
#6153 = CARTESIAN_POINT ( 'NONE',  ( -126.5601148860999956, -3.553370084955999708, 41.17001390000000072 ) ) ;
#6154 = ORIENTED_EDGE ( 'NONE', *, *, #5324, .T. ) ;
#6155 = DIRECTION ( 'NONE',  ( 0.000000000000000000, 0.000000000000000000, 1.000000000000000000 ) ) ;
#6156 = CARTESIAN_POINT ( 'NONE',  ( -114.3499999999999943, -1.199999999999999956, 40.62001500000000220 ) ) ;
#6157 = CARTESIAN_POINT ( 'NONE',  ( -114.3499999999999943, -1.199999999999999956, 40.32001560000000495 ) ) ;
#6158 = ORIENTED_EDGE ( 'NONE', *, *, #3019, .F. ) ;
#6159 = VECTOR ( 'NONE', #5262, 1000.000000000000000 ) ;
#6160 = ADVANCED_FACE ( 'NONE', ( #2995 ), #5948, .F. ) ;
#6161 = CARTESIAN_POINT ( 'NONE',  ( -106.9736544540472352, 7.182653807642592980, 42.14314234422400318 ) ) ;
#6162 = AXIS2_PLACEMENT_3D ( 'NONE', #8430, #5034, #8561 ) ;
#6163 = VECTOR ( 'NONE', #3944, 1000.000000000000114 ) ;
#6164 = ORIENTED_EDGE ( 'NONE', *, *, #314, .T. ) ;
#6165 = ORIENTED_EDGE ( 'NONE', *, *, #459, .T. ) ;
#6166 = DIRECTION ( 'NONE',  ( -0.000000000000000000, 1.000000000000000000, 0.000000000000000000 ) ) ;
#6167 = ADVANCED_FACE ( 'NONE', ( #3272 ), #5055, .T. ) ;
#6168 = DIRECTION ( 'NONE',  ( 0.000000000000000000, 0.000000000000000000, 1.000000000000000000 ) ) ;
#6169 = ORIENTED_EDGE ( 'NONE', *, *, #937, .T. ) ;
#6170 = DIRECTION ( 'NONE',  ( 0.000000000000000000, 0.000000000000000000, 1.000000000000000000 ) ) ;
#6171 = CARTESIAN_POINT ( 'NONE',  ( -105.0831283727999903, 4.729193864231000077, 41.81585034153000180 ) ) ;
#6172 = CIRCLE ( 'NONE', #455, 4.999989999999999490 ) ;
#6173 = VERTEX_POINT ( 'NONE', #1104 ) ;
#6174 = CARTESIAN_POINT ( 'NONE',  ( -102.1398851139999948, 1.153370085853000049, 42.57001110000000210 ) ) ;
#6175 = CARTESIAN_POINT ( 'NONE',  ( -118.3265874585000006, -12.36664405319999993, 41.57001309999999705 ) ) ;
#6176 = VECTOR ( 'NONE', #9266, 1000.000000000000000 ) ;
#6177 = FACE_OUTER_BOUND ( 'NONE', #4130, .T. ) ;
#6178 = ORIENTED_EDGE ( 'NONE', *, *, #2892, .T. ) ;
#6179 = DIRECTION ( 'NONE',  ( 0.000000000000000000, 0.000000000000000000, -1.000000000000000000 ) ) ;
#6180 = DIRECTION ( 'NONE',  ( 0.000000000000000000, 0.000000000000000000, 1.000000000000000000 ) ) ;
#6181 = CARTESIAN_POINT ( 'NONE',  ( -114.3499999999999943, -1.199999999999999956, 34.21173933992000116 ) ) ;
#6182 = AXIS2_PLACEMENT_3D ( 'NONE', #8818, #6746, #3940 ) ;
#6183 = ORIENTED_EDGE ( 'NONE', *, *, #6212, .F. ) ;
#6184 = PRESENTATION_LAYER_ASSIGNMENT (  '', '', ( #5844 ) ) ;
#6185 = EDGE_CURVE ( 'NONE', #6468, #3849, #3094, .T. ) ;
#6186 = ORIENTED_EDGE ( 'NONE', *, *, #5158, .T. ) ;
#6187 = LINE ( 'NONE', #6065, #2992 ) ;
#6188 = DIRECTION ( 'NONE',  ( -1.000000000000000000, 0.000000000000000000, 0.000000000000000000 ) ) ;
#6189 = VERTEX_POINT ( 'NONE', #5118 ) ;
#6190 =( LENGTH_UNIT ( ) NAMED_UNIT ( * ) SI_UNIT ( .MILLI., .METRE. ) );
#6191 = LINE ( 'NONE', #8778, #9254 ) ;
#6192 = ORIENTED_EDGE ( 'NONE', *, *, #6690, .T. ) ;
#6193 = EDGE_CURVE ( 'NONE', #6411, #1324, #3239, .T. ) ;
#6194 = DIRECTION ( 'NONE',  ( 0.000000000000000000, 0.000000000000000000, -1.000000000000000000 ) ) ;
#6195 = DIRECTION ( 'NONE',  ( -1.000000000000000000, 0.000000000000000000, 0.000000000000000000 ) ) ;
#6196 = VERTEX_POINT ( 'NONE', #4398 ) ;
#6197 = AXIS2_PLACEMENT_3D ( 'NONE', #5461, #8085, #3892 ) ;
#6198 = DIRECTION ( 'NONE',  ( 0.000000000000000000, 0.000000000000000000, -1.000000000000000000 ) ) ;
#6199 = CARTESIAN_POINT ( 'NONE',  ( -101.9563426354000057, 4.800780877338000074, 42.27001269999999522 ) ) ;
#6200 = UNCERTAINTY_MEASURE_WITH_UNIT (LENGTH_MEASURE( 1.000000000000000082E-05 ), #4816, 'distance_accuracy_value', 'NONE');
#6201 = ORIENTED_EDGE ( 'NONE', *, *, #1756, .F. ) ;
#6202 = DIRECTION ( 'NONE',  ( 1.000000000000000000, 0.000000000000000000, 0.000000000000000000 ) ) ;
#6203 = LINE ( 'NONE', #6362, #88 ) ;
#6204 = EDGE_CURVE ( 'NONE', #5693, #2718, #9238, .T. ) ;
#6205 = ADVANCED_FACE ( 'NONE', ( #9299 ), #6145, .T. ) ;
#6206 = ORIENTED_EDGE ( 'NONE', *, *, #2607, .F. ) ;
#6207 = FACE_OUTER_BOUND ( 'NONE', #7477, .T. ) ;
#6208 = SHAPE_REPRESENTATION ( 'MANIFOLD_SOLID_BREP_159_2_2^AS03208AS-HT_AS03208AS-HT_Ass', ( #2466 ), #3597 ) ;
#6209 = ORIENTED_EDGE ( 'NONE', *, *, #1762, .T. ) ;
#6210 = CARTESIAN_POINT ( 'NONE',  ( -105.5000177000000008, -17.04996829999999974, 36.27002670000000251 ) ) ;
#6211 = ORIENTED_EDGE ( 'NONE', *, *, #3844, .F. ) ;
#6212 = EDGE_CURVE ( 'NONE', #8355, #132, #6191, .T. ) ;
#6213 = CARTESIAN_POINT ( 'NONE',  ( -123.2223223961000116, -7.499987700000000146, 40.32001560000000495 ) ) ;
#6214 = DIRECTION ( 'NONE',  ( 0.000000000000000000, 0.000000000000000000, 1.000000000000000000 ) ) ;
#6215 = ORIENTED_EDGE ( 'NONE', *, *, #5324, .F. ) ;
#6216 = CARTESIAN_POINT ( 'NONE',  ( -100.5934343473000041, -5.102943410446999728, 38.27001969999999886 ) ) ;
#6217 = PLANE ( 'NONE',  #8418 ) ;
#6218 = CYLINDRICAL_SURFACE ( 'NONE', #4699, 0.5499988999999997352 ) ;
#6219 = EDGE_CURVE ( 'NONE', #8983, #3192, #6396, .T. ) ;
#6220 = EDGE_CURVE ( 'NONE', #6189, #9282, #9268, .T. ) ;
#6221 = DIRECTION ( 'NONE',  ( 1.000000000000000000, 0.000000000000000000, 0.000000000000000000 ) ) ;
#6222 = ORIENTED_EDGE ( 'NONE', *, *, #1850, .T. ) ;
#6223 = VECTOR ( 'NONE', #7009, 1000.000000000000000 ) ;
#6224 = FACE_OUTER_BOUND ( 'NONE', #5937, .T. ) ;
#6225 = ORIENTED_EDGE ( 'NONE', *, *, #586, .T. ) ;
#6226 = AXIS2_PLACEMENT_3D ( 'NONE', #2007, #8566, #2073 ) ;
#6227 = EDGE_LOOP ( 'NONE', ( #5521, #8964, #4228, #5983 ) ) ;
#6228 = EDGE_CURVE ( 'NONE', #7328, #4163, #1696, .T. ) ;
#6229 = CARTESIAN_POINT ( 'NONE',  ( -114.3506579201000051, -1.183702654446000091, 41.77001269999999522 ) ) ;
#6230 = EDGE_CURVE ( 'NONE', #2415, #4195, #41, .T. ) ;
#6231 = CARTESIAN_POINT ( 'NONE',  ( -121.1999822999999878, -16.29996829999999974, 34.77002669999999540 ) ) ;
#6232 = CARTESIAN_POINT ( 'NONE',  ( -101.3666336296000026, 5.372191485743999628, 40.76737402086000372 ) ) ;
#6233 = ORIENTED_EDGE ( 'NONE', *, *, #5434, .F. ) ;
#6234 = VECTOR ( 'NONE', #3394, 1000.000000000000114 ) ;
#6235 = CARTESIAN_POINT ( 'NONE',  ( -124.1679667227999886, 8.568790208670000297, 41.77001167873999776 ) ) ;
#6236 = SPHERICAL_SURFACE ( 'NONE', #3133, 21.10567364926999900 ) ;
#6237 = ORIENTED_EDGE ( 'NONE', *, *, #7344, .T. ) ;
#6238 = DIRECTION ( 'NONE',  ( 0.000000000000000000, 0.000000000000000000, -1.000000000000000000 ) ) ;
#6239 = CARTESIAN_POINT ( 'NONE',  ( -130.1999682999999948, -11.18474613867000045, 36.27002670000000251 ) ) ;
#6240 = FACE_OUTER_BOUND ( 'NONE', #6556, .T. ) ;
#6241 = VERTEX_POINT ( 'NONE', #3089 ) ;
#6242 = CARTESIAN_POINT ( 'NONE',  ( -117.8499929999999978, -15.52870122344999970, 40.48468206460000118 ) ) ;
#6243 = DIRECTION ( 'NONE',  ( 0.8650550016381280960, -0.5016770317055170292, -2.461731808190080218E-13 ) ) ;
#6244 = DIRECTION ( 'NONE',  ( 0.000000000000000000, 1.000000000000000000, 0.000000000000000000 ) ) ;
#6245 = DIRECTION ( 'NONE',  ( 0.000000000000000000, 0.000000000000000000, -1.000000000000000000 ) ) ;
#6246 = ORIENTED_EDGE ( 'NONE', *, *, #6489, .F. ) ;
#6247 = ADVANCED_FACE ( 'NONE', ( #3254 ), #3015, .T. ) ;
#6248 = VERTEX_POINT ( 'NONE', #1486 ) ;
#6249 = FACE_OUTER_BOUND ( 'NONE', #3787, .T. ) ;
#6250 = ORIENTED_EDGE ( 'NONE', *, *, #3740, .F. ) ;
#6251 = AXIS2_PLACEMENT_3D ( 'NONE', #8555, #2998, #4210 ) ;
#6252 = VERTEX_POINT ( 'NONE', #6705 ) ;
#6253 = CARTESIAN_POINT ( 'NONE',  ( -104.4426042128999939, -11.02065325261999895, 38.42001940000000104 ) ) ;
#6254 = ORIENTED_EDGE ( 'NONE', *, *, #7270, .F. ) ;
#6255 = LINE ( 'NONE', #2258, #3110 ) ;
#6256 = CIRCLE ( 'NONE', #2993, 0.4000000000000114575 ) ;
#6257 = EDGE_LOOP ( 'NONE', ( #4539, #1117, #1050, #8483 ) ) ;
#6258 = DIRECTION ( 'NONE',  ( 0.000000000000000000, 0.000000000000000000, -1.000000000000000000 ) ) ;
#6259 = DIRECTION ( 'NONE',  ( 0.000000000000000000, 1.000000000000000000, 0.000000000000000000 ) ) ;
#6260 = ORIENTED_EDGE ( 'NONE', *, *, #6442, .T. ) ;
#6261 = CARTESIAN_POINT ( 'NONE',  ( -127.9847269485000254, -5.030569472633000139, 34.77002669999999540 ) ) ;
#6262 = CARTESIAN_POINT ( 'NONE',  ( -101.7564637914999963, 5.473095557032999992, 41.90459250546999925 ) ) ;
#6263 = AXIS2_PLACEMENT_3D ( 'NONE', #2810, #7078, #7752 ) ;
#6264 = CARTESIAN_POINT ( 'NONE',  ( -99.10003169999998818, -9.149982299999999569, 36.27002670000000251 ) ) ;
#6265 = EDGE_LOOP ( 'NONE', ( #1771, #9050, #4731, #1830 ) ) ;
#6266 = CARTESIAN_POINT ( 'NONE',  ( -108.8502106124974347, 10.83357652346848354, 44.24188671032324294 ) ) ;
#6267 = CIRCLE ( 'NONE', #5861, 9.099981800000003673 ) ;
#6268 = EDGE_CURVE ( 'NONE', #2952, #1815, #133, .T. ) ;
#6269 = ORIENTED_EDGE ( 'NONE', *, *, #8205, .T. ) ;
#6270 = ORIENTED_EDGE ( 'NONE', *, *, #7208, .F. ) ;
#6271 = VECTOR ( 'NONE', #139, 1000.000000000000000 ) ;
#6272 = LINE ( 'NONE', #6431, #3163 ) ;
#6273 = ORIENTED_EDGE ( 'NONE', *, *, #6464, .F. ) ;
#6274 = CARTESIAN_POINT ( 'NONE',  ( -110.8500070000000051, 11.73481599251999974, 44.27001270000000233 ) ) ;
#6275 = DIRECTION ( 'NONE',  ( 1.000000000000000000, 0.000000000000000000, 0.000000000000000000 ) ) ;
#6276 =( REPRESENTATION_RELATIONSHIP ('NONE','NONE', #6599, #6208 ) REPRESENTATION_RELATIONSHIP_WITH_TRANSFORMATION ( #4620 )SHAPE_REPRESENTATION_RELATIONSHIP( ) );
#6277 = CARTESIAN_POINT ( 'NONE',  ( -122.0601238866999978, -10.34758513088999976, 42.57001110000000210 ) ) ;
#6278 = ORIENTED_EDGE ( 'NONE', *, *, #6212, .T. ) ;
#6279 = FILL_AREA_STYLE ('',( #7139 ) ) ;
#6280 = CARTESIAN_POINT ( 'NONE',  ( -101.1787319422097369, 2.151327785945405413, 42.17928554527492935 ) ) ;
#6281 = EDGE_LOOP ( 'NONE', ( #3818, #7651, #1053, #2808 ) ) ;
#6282 = AXIS2_PLACEMENT_3D ( 'NONE', #6642, #7903, #9030 ) ;
#6283 = VECTOR ( 'NONE', #4110, 1000.000000000000000 ) ;
#6284 = CARTESIAN_POINT ( 'NONE',  ( -114.3499999999999943, -11.20140886024000082, 33.17002990000000295 ) ) ;
#6285 = DIRECTION ( 'NONE',  ( 0.000000000000000000, 0.000000000000000000, -1.000000000000000000 ) ) ;
#6286 = AXIS2_PLACEMENT_3D ( 'NONE', #4371, #1767, #836 ) ;
#6287 = ORIENTED_EDGE ( 'NONE', *, *, #1691, .F. ) ;
#6288 = CARTESIAN_POINT ( 'NONE',  ( -114.3499999999999943, -1.199999999999999956, 34.77002669999999540 ) ) ;
#6289 = ORIENTED_EDGE ( 'NONE', *, *, #8789, .F. ) ;
#6290 = CIRCLE ( 'NONE', #1599, 0.4999990000039994942 ) ;
#6291 = LINE ( 'NONE', #5201, #3181 ) ;
#6292 = VERTEX_POINT ( 'NONE', #2231 ) ;
#6293 = ORIENTED_EDGE ( 'NONE', *, *, #2099, .F. ) ;
#6294 = DIRECTION ( 'NONE',  ( 1.000000000000000000, 0.000000000000000000, 0.000000000000000000 ) ) ;
#6295 = EDGE_CURVE ( 'NONE', #4169, #778, #6447, .T. ) ;
#6296 = DIRECTION ( 'NONE',  ( 0.000000000000000000, -1.000000000000000000, 0.000000000000000000 ) ) ;
#6297 = ORIENTED_EDGE ( 'NONE', *, *, #7146, .F. ) ;
#6298 = DIRECTION ( 'NONE',  ( 1.894784418262000023E-14, 0.000000000000000000, -1.000000000000000000 ) ) ;
#6299 = DIRECTION ( 'NONE',  ( 0.000000000000000000, -1.000000000000000000, 0.000000000000000000 ) ) ;
#6300 = PRESENTATION_LAYER_ASSIGNMENT (  '', '', ( #7212 ) ) ;
#6301 = EDGE_LOOP ( 'NONE', ( #2021, #6818 ) ) ;
#6302 = ORIENTED_EDGE ( 'NONE', *, *, #5385, .T. ) ;
#6303 = VERTEX_POINT ( 'NONE', #8842 ) ;
#6304 = AXIS2_PLACEMENT_3D ( 'NONE', #7433, #5308, #8882 ) ;
#6305 = CARTESIAN_POINT ( 'NONE',  ( -117.8499929999999978, -15.21928068525333444, 40.91312560973333490 ) ) ;
#6306 = FACE_OUTER_BOUND ( 'NONE', #327, .T. ) ;
#6307 = CYLINDRICAL_SURFACE ( 'NONE', #1819, 0.4999990000039994942 ) ;
#6308 = ORIENTED_EDGE ( 'NONE', *, *, #5758, .T. ) ;
#6309 = CARTESIAN_POINT ( 'NONE',  ( -100.7152730514999917, 2.630569472637000139, 34.77002669999999540 ) ) ;
#6310 = DIRECTION ( 'NONE',  ( 1.000000000000000000, 0.000000000000000000, 0.000000000000000000 ) ) ;
#6311 = CARTESIAN_POINT ( 'NONE',  ( -126.5333679703999934, -9.157829360523999540, 40.76737402085000639 ) ) ;
#6312 = ADVANCED_FACE ( 'NONE', ( #150 ), #6767, .F. ) ;
#6313 = EDGE_LOOP ( 'NONE', ( #2766, #3333, #8506, #23, #7931, #7868, #2705, #7997, #6794, #9348, #7947, #3035 ) ) ;
#6314 = VERTEX_POINT ( 'NONE', #8412 ) ;
#6315 = EDGE_CURVE ( 'NONE', #6961, #6864, #6290, .T. ) ;
#6316 = LINE ( 'NONE', #2832, #6426 ) ;
#6317 = EDGE_CURVE ( 'NONE', #3231, #8136, #3032, .T. ) ;
#6318 = VERTEX_POINT ( 'NONE', #636 ) ;
#6319 =( GEOMETRIC_REPRESENTATION_CONTEXT ( 3 ) GLOBAL_UNCERTAINTY_ASSIGNED_CONTEXT ( ( #1635 ) ) GLOBAL_UNIT_ASSIGNED_CONTEXT ( ( #1597, #8775, #332 ) ) REPRESENTATION_CONTEXT ( 'NONE', 'WORKASPACE' ) );
#6320 = VECTOR ( 'NONE', #1549, 1000.000000000000000 ) ;
#6321 = ADVANCED_FACE ( 'NONE', ( #91 ), #9081, .F. ) ;
#6322 = VECTOR ( 'NONE', #6370, 1000.000000000000000 ) ;
#6323 = ORIENTED_EDGE ( 'NONE', *, *, #6128, .F. ) ;
#6324 = CARTESIAN_POINT ( 'NONE',  ( -130.1999682999999948, 9.649978300000000786, 34.77002669999999540 ) ) ;
#6325 = EDGE_CURVE ( 'NONE', #4616, #6196, #6414, .T. ) ;
#6326 = EDGE_CURVE ( 'NONE', #6993, #2914, #166, .T. ) ;
#6327 = DIRECTION ( 'NONE',  ( -2.583791766400000404E-14, 0.000000000000000000, -1.000000000000000000 ) ) ;
#6328 = ORIENTED_EDGE ( 'NONE', *, *, #3966, .T. ) ;
#6329 = DIRECTION ( 'NONE',  ( 0.000000000000000000, 0.000000000000000000, -1.000000000000000000 ) ) ;
#6330 = ADVANCED_FACE ( 'NONE', ( #179 ), #9283, .F. ) ;
#6331 = DIRECTION ( 'NONE',  ( 0.000000000000000000, 0.000000000000000000, 1.000000000000000000 ) ) ;
#6332 = ORIENTED_EDGE ( 'NONE', *, *, #7075, .T. ) ;
#6333 = DIRECTION ( 'NONE',  ( 1.000000000000000000, 0.000000000000000000, 0.000000000000000000 ) ) ;
#6334 = FACE_OUTER_BOUND ( 'NONE', #1364, .T. ) ;
#6335 = EDGE_CURVE ( 'NONE', #5037, #9070, #3211, .T. ) ;
#6336 = VECTOR ( 'NONE', #5942, 1000.000000000000000 ) ;
#6337 = ORIENTED_EDGE ( 'NONE', *, *, #3558, .T. ) ;
#6338 = VECTOR ( 'NONE', #1510, 1000.000000000000114 ) ;
#6339 = VECTOR ( 'NONE', #6579, 1000.000000000000000 ) ;
#6340 = VERTEX_POINT ( 'NONE', #3290 ) ;
#6341 = DIRECTION ( 'NONE',  ( 0.000000000000000000, 0.000000000000000000, 1.000000000000000000 ) ) ;
#6342 = PLANE ( 'NONE',  #3291 ) ;
#6343 = CARTESIAN_POINT ( 'NONE',  ( -98.50003170000000807, 8.749982299996998947, 36.27002670000000251 ) ) ;
#6344 = ORIENTED_EDGE ( 'NONE', *, *, #810, .F. ) ;
#6345 = EDGE_CURVE ( 'NONE', #8461, #994, #3354, .T. ) ;
#6346 = CARTESIAN_POINT ( 'NONE',  ( -114.3499999999999943, -1.199999999999999956, 41.17001390000000072 ) ) ;
#6347 = PLANE ( 'NONE',  #8153 ) ;
#6348 = ORIENTED_EDGE ( 'NONE', *, *, #6375, .T. ) ;
#6349 = DIRECTION ( 'NONE',  ( 0.000000000000000000, -1.000000000000000000, 0.000000000000000000 ) ) ;
#6350 = DIRECTION ( 'NONE',  ( 1.840583069670000004E-13, 1.000000000000000000, 1.065600724546000061E-13 ) ) ;
#6351 = AXIS2_PLACEMENT_3D ( 'NONE', #6712, #8098, #931 ) ;
#6352 = ORIENTED_EDGE ( 'NONE', *, *, #6416, .F. ) ;
#6353 = ORIENTED_EDGE ( 'NONE', *, *, #6228, .F. ) ;
#6354 = DIRECTION ( 'NONE',  ( 0.3728816271192001430, 0.9278789210651019470, 0.000000000000000000 ) ) ;
#6355 = VECTOR ( 'NONE', #8708, 1000.000000000000000 ) ;
#6356 = FACE_OUTER_BOUND ( 'NONE', #5997, .T. ) ;
#6357 = ORIENTED_EDGE ( 'NONE', *, *, #2972, .T. ) ;
#6358 = EDGE_CURVE ( 'NONE', #6411, #291, #3059, .T. ) ;
#6359 = CARTESIAN_POINT ( 'NONE',  ( -127.3333663703999861, -7.772191485746000161, 40.76737402086000372 ) ) ;
#6360 = ORIENTED_EDGE ( 'NONE', *, *, #2924, .T. ) ;
#6361 = CARTESIAN_POINT ( 'NONE',  ( -125.0471951891313722, 6.196358528750708139, 44.07773179204514946 ) ) ;
#6362 = CARTESIAN_POINT ( 'NONE',  ( -102.1666320295999952, 6.757829360528000429, 35.77002470000000045 ) ) ;
#6363 = ADVANCED_FACE ( 'NONE', ( #3049 ), #194, .T. ) ;
#6364 = CONICAL_SURFACE ( 'NONE', #339, 9.250621238822001047, 0.9832330836538561991 ) ;
#6365 = ORIENTED_EDGE ( 'NONE', *, *, #7763, .F. ) ;
#6366 = EDGE_LOOP ( 'NONE', ( #7434, #7811, #4602, #1184 ) ) ;
#6367 = CARTESIAN_POINT ( 'NONE',  ( -114.3499999999999943, -1.199999999999999956, 14.41435155072999841 ) ) ;
#6368 = VECTOR ( 'NONE', #5020, 1000.000000000000000 ) ;
#6369 = VECTOR ( 'NONE', #6937, 1000.000000000000000 ) ;
#6370 = DIRECTION ( 'NONE',  ( 0.8660254037852601616, 0.4999999999985770827, -2.028348460258905447E-14 ) ) ;
#6371 = CARTESIAN_POINT ( 'NONE',  ( -114.3499999999999943, -1.199999999999999956, 33.74088175383000276 ) ) ;
#6372 = DIRECTION ( 'NONE',  ( 0.000000000000000000, 1.687542372514999902E-13, 1.000000000000000000 ) ) ;
#6373 = CARTESIAN_POINT ( 'NONE',  ( -102.1058122712999960, 6.792943664358999989, 40.66722885082999994 ) ) ;
#6374 = ORIENTED_EDGE ( 'NONE', *, *, #6185, .F. ) ;
#6375 = EDGE_CURVE ( 'NONE', #6314, #4907, #3305, .T. ) ;
#6376 = ORIENTED_EDGE ( 'NONE', *, *, #1761, .F. ) ;
#6377 = VECTOR ( 'NONE', #4394, 1000.000000000000000 ) ;
#6378 = ORIENTED_EDGE ( 'NONE', *, *, #5859, .F. ) ;
#6379 = CARTESIAN_POINT ( 'NONE',  ( -122.0601238866999978, -11.34758313088999948, 41.17001390000000072 ) ) ;
#6380 =( NAMED_UNIT ( * ) PLANE_ANGLE_UNIT ( ) SI_UNIT ( $, .RADIAN. ) );
#6381 = AXIS2_PLACEMENT_3D ( 'NONE', #983, #798, #8089 ) ;
#6382 = VECTOR ( 'NONE', #3030, 1000.000000000000000 ) ;
#6383 = CARTESIAN_POINT ( 'NONE',  ( -122.0601238866999978, -11.34758313088999948, 42.57001110000000210 ) ) ;
#6384 = ADVANCED_FACE ( 'NONE', ( #6207 ), #8608, .T. ) ;
#6385 = CARTESIAN_POINT ( 'NONE',  ( -110.8500070000000051, -14.70376875508000047, 38.42001940000000104 ) ) ;
#6386 = EDGE_LOOP ( 'NONE', ( #4679, #7481, #1319, #6357 ) ) ;
#6387 = DIRECTION ( 'NONE',  ( 0.000000000000000000, 1.000000000000000000, 0.000000000000000000 ) ) ;
#6388 = DIRECTION ( 'NONE',  ( -0.7647975700555103007, 0.6442706549558089302, 0.000000000000000000 ) ) ;
#6389 = EDGE_CURVE ( 'NONE', #306, #1889, #9345, .T. ) ;
#6390 = CARTESIAN_POINT ( 'NONE',  ( -114.3499999999999943, -1.199999999999999956, 40.62001500000000220 ) ) ;
#6391 = ORIENTED_EDGE ( 'NONE', *, *, #4653, .T. ) ;
#6392 = DIRECTION ( 'NONE',  ( 0.000000000000000000, 0.000000000000000000, -1.000000000000000000 ) ) ;
#6393 = CARTESIAN_POINT ( 'NONE',  ( -100.5932004446000008, -0.1012969762475999930, 41.17001390000000072 ) ) ;
#6394 = LINE ( 'NONE', #4573, #3141 ) ;
#6395 = ORIENTED_EDGE ( 'NONE', *, *, #2588, .T. ) ;
#6396 = LINE ( 'NONE', #4993, #6271 ) ;
#6397 = ADVANCED_FACE ( 'NONE', ( #6306 ), #4888, .F. ) ;
#6398 = LINE ( 'NONE', #8648, #152 ) ;
#6399 = CARTESIAN_POINT ( 'NONE',  ( -119.8499929999999978, 11.69699097071333327, 37.20335516666666820 ) ) ;
#6400 = CARTESIAN_POINT ( 'NONE',  ( -129.5999683000000005, -10.08474613867000080, 36.27002670000000251 ) ) ;
#6401 = CARTESIAN_POINT ( 'NONE',  ( -105.2805512285000020, -0.4551726771343999611, 41.17001390000000072 ) ) ;
#6402 = AXIS2_PLACEMENT_3D ( 'NONE', #4967, #2381, #3969 ) ;
#6403 = CARTESIAN_POINT ( 'NONE',  ( -114.3499999999999943, -1.199999999999999956, 40.17924779522999756 ) ) ;
#6404 = VERTEX_POINT ( 'NONE', #8341 ) ;
#6405 = CARTESIAN_POINT ( 'NONE',  ( -119.4776496039000051, -11.69997870000000084, 41.77001269999999522 ) ) ;
#6406 = ADVANCED_FACE ( 'NONE', ( #9224 ), #3357, .T. ) ;
#6407 = ORIENTED_EDGE ( 'NONE', *, *, #3730, .F. ) ;
#6408 = CARTESIAN_POINT ( 'NONE',  ( -114.3499999999999943, -1.199999999999999956, 40.12001599999999968 ) ) ;
#6409 = CARTESIAN_POINT ( 'NONE',  ( -100.6565374388999885, 5.782165712611000430, 34.77002669999999540 ) ) ;
#6410 = ORIENTED_EDGE ( 'NONE', *, *, #7184, .F. ) ;
#6411 = VERTEX_POINT ( 'NONE', #3423 ) ;
#6412 = CARTESIAN_POINT ( 'NONE',  ( -105.2500181999999995, -1.199988252562000035, 42.97000441534000004 ) ) ;
#6413 = B_SPLINE_CURVE_WITH_KNOTS ( 'NONE', 3,
 ( #8766, #6632, #8892, #4632, #8826, #7491 ),
 .UNSPECIFIED., .F., .F.,
 ( 4, 1, 1, 4 ),
 ( 0.000000000000000000, 0.3333333333333000081, 0.6666666666667000474, 1.000000000000000000 ),
 .UNSPECIFIED. ) ;
#6414 = LINE ( 'NONE', #6264, #6176 ) ;
#6415 = FACE_OUTER_BOUND ( 'NONE', #8491, .T. ) ;
#6416 = EDGE_CURVE ( 'NONE', #5550, #4777, #3076, .T. ) ;
#6417 = EDGE_LOOP ( 'NONE', ( #2010, #8135, #1775, #5033 ) ) ;
#6418 = AXIS2_PLACEMENT_3D ( 'NONE', #1875, #7584, #8226 ) ;
#6419 = CARTESIAN_POINT ( 'NONE',  ( -114.3499999999999943, 14.04996949999999956, 32.77003069999999951 ) ) ;
#6420 = B_SPLINE_CURVE_WITH_KNOTS ( 'NONE', 3,
 ( #7167, #622, #14, #1313, #6373, #682 ),
 .UNSPECIFIED., .F., .F.,
 ( 4, 1, 1, 4 ),
 ( 0.000000000000000000, 0.3333333333333000081, 0.6666666666667000474, 1.000000000000000000 ),
 .UNSPECIFIED. ) ;
#6421 = CARTESIAN_POINT ( 'NONE',  ( -100.8800980174000017, 5.653092952399999760, 39.96620521024000539 ) ) ;
#6422 = ORIENTED_EDGE ( 'NONE', *, *, #2847, .T. ) ;
#6423 = EDGE_CURVE ( 'NONE', #4233, #5208, #6255, .T. ) ;
#6424 = DIRECTION ( 'NONE',  ( -0.8326470451368848114, -0.5538040251070900366, 0.000000000000000000 ) ) ;
#6425 = CARTESIAN_POINT ( 'NONE',  ( -102.1398862493999928, 0.6533710858525000331, 42.57001110000000210 ) ) ;
#6426 = VECTOR ( 'NONE', #2769, 1000.000000000000000 ) ;
#6427 = ORIENTED_EDGE ( 'NONE', *, *, #8936, .T. ) ;
#6428 = ORIENTED_EDGE ( 'NONE', *, *, #4653, .F. ) ;
#6429 = CARTESIAN_POINT ( 'NONE',  ( -110.8500070000000051, 13.12870122345000112, 44.27001270000000233 ) ) ;
#6430 = DIRECTION ( 'NONE',  ( 0.000000000000000000, 0.000000000000000000, -1.000000000000000000 ) ) ;
#6431 = CARTESIAN_POINT ( 'NONE',  ( -120.1584992248999981, -12.36664405319999993, 41.57001309999999705 ) ) ;
#6432 = CARTESIAN_POINT ( 'NONE',  ( -108.8500139585264606, 10.57617729332435452, 44.06711305879032636 ) ) ;
#6433 = CARTESIAN_POINT ( 'NONE',  ( -119.4776496039000051, -12.36664405319999993, 41.77001269999999522 ) ) ;
#6434 = DIRECTION ( 'NONE',  ( 1.161172920661050137E-10, 2.122525839719095051E-05, 0.9999999997747441860 ) ) ;
#6435 = EDGE_CURVE ( 'NONE', #3111, #3335, #3145, .T. ) ;
#6436 = EDGE_LOOP ( 'NONE', ( #6410, #2854, #4139, #6900, #7436 ) ) ;
#6437 = PRODUCT_DEFINITION_CONTEXT ( 'detailed design', #3854, 'design' ) ;
#6438 = AXIS2_PLACEMENT_3D ( 'NONE', #5026, #5791, #8675 ) ;
#6439 = ORIENTED_EDGE ( 'NONE', *, *, #4569, .F. ) ;
#6440 = SURFACE_STYLE_FILL_AREA ( #8259 ) ;
#6441 = ORIENTED_EDGE ( 'NONE', *, *, #8236, .F. ) ;
#6442 = EDGE_CURVE ( 'NONE', #6468, #5111, #58, .T. ) ;
#6443 = EDGE_CURVE ( 'NONE', #2493, #8295, #3179, .T. ) ;
#6444 = ORIENTED_EDGE ( 'NONE', *, *, #3957, .F. ) ;
#6445 = CARTESIAN_POINT ( 'NONE',  ( -128.8748066244000086, 3.221830585466999963, 34.77002669999999540 ) ) ;
#6446 =( NAMED_UNIT ( * ) SI_UNIT ( $, .STERADIAN. ) SOLID_ANGLE_UNIT ( ) );
#6447 = LINE ( 'NONE', #7394, #6159 ) ;
#6448 = VECTOR ( 'NONE', #3329, 1000.000000000000000 ) ;
#6449 = DIRECTION ( 'NONE',  ( 1.000000000000000000, 0.000000000000000000, 0.000000000000000000 ) ) ;
#6450 = EDGE_LOOP ( 'NONE', ( #3068, #5845, #6391, #328 ) ) ;
#6451 = AXIS2_PLACEMENT_3D ( 'NONE', #4453, #4574, #5816 ) ;
#6452 = DIRECTION ( 'NONE',  ( 0.000000000000000000, 0.000000000000000000, -1.000000000000000000 ) ) ;
#6453 = VERTEX_POINT ( 'NONE', #105 ) ;
#6454 = EDGE_CURVE ( 'NONE', #1628, #4315, #3193, .T. ) ;
#6455 = DIRECTION ( 'NONE',  ( 0.000000000000000000, -1.000000000000000000, 0.000000000000000000 ) ) ;
#6456 = CARTESIAN_POINT ( 'NONE',  ( -104.8795710273295896, 8.282579892283131073, 42.27001269999820465 ) ) ;
#6457 = CARTESIAN_POINT ( 'NONE',  ( -125.1999782999999837, -17.04996829999999974, 34.77002669999999540 ) ) ;
#6458 = CARTESIAN_POINT ( 'NONE',  ( -127.6196662012999923, 7.688238649640999789, 44.27001270000000233 ) ) ;
#6459 = ORIENTED_EDGE ( 'NONE', *, *, #3718, .F. ) ;
#6460 = DIRECTION ( 'NONE',  ( -0.6266240414928962998, 0.7793216990582959580, 0.000000000000000000 ) ) ;
#6461 = EDGE_LOOP ( 'NONE', ( #214, #1356, #663, #249 ) ) ;
#6462 = ORIENTED_EDGE ( 'NONE', *, *, #4070, .T. ) ;
#6463 = ORIENTED_EDGE ( 'NONE', *, *, #236, .T. ) ;
#6464 = EDGE_CURVE ( 'NONE', #6993, #4696, #106, .T. ) ;
#6465 = LINE ( 'NONE', #7451, #6488 ) ;
#6466 = CARTESIAN_POINT ( 'NONE',  ( -127.9032177341999983, 2.658370655668000015, 35.98661547036999764 ) ) ;
#6467 = CARTESIAN_POINT ( 'NONE',  ( -114.3499999999999943, -1.199999999999999956, 41.71078090476999733 ) ) ;
#6468 = VERTEX_POINT ( 'NONE', #5154 ) ;
#6469 = CARTESIAN_POINT ( 'NONE',  ( -129.5999683000000005, 5.649982300000000457, 35.17002670000000109 ) ) ;
#6470 = ADVANCED_FACE ( 'NONE', ( #121 ), #7924, .F. ) ;
#6471 = CARTESIAN_POINT ( 'NONE',  ( -114.3499999999999943, -1.199999999999999956, 48.49499924999999934 ) ) ;
#6472 = ORIENTED_EDGE ( 'NONE', *, *, #2846, .F. ) ;
#6473 = AXIS2_PLACEMENT_3D ( 'NONE', #6157, #3926, #4606 ) ;
#6474 = DIRECTION ( 'NONE',  ( 0.000000000000000000, 0.000000000000000000, -1.000000000000000000 ) ) ;
#6475 = EDGE_CURVE ( 'NONE', #8919, #4725, #453, .T. ) ;
#6476 = CARTESIAN_POINT ( 'NONE',  ( -104.1819327954999892, 3.741018439124000228, 42.23194507929999730 ) ) ;
#6477 = ORIENTED_EDGE ( 'NONE', *, *, #4705, .F. ) ;
#6478 = CONICAL_SURFACE ( 'NONE', #8105, 14.29997140000001465, 0.6108652381970272049 ) ;
#6479 = DIRECTION ( 'NONE',  ( -2.842170943040000002E-14, -1.000000000000000000, 0.000000000000000000 ) ) ;
#6480 = CARTESIAN_POINT ( 'NONE',  ( -114.3499999999999943, -1.199999999999999956, 40.62001500000000220 ) ) ;
#6481 = DIRECTION ( 'NONE',  ( 0.000000000000000000, 1.000000000000000000, 0.000000000000000000 ) ) ;
#6482 = ORIENTED_EDGE ( 'NONE', *, *, #7736, .T. ) ;
#6483 = EDGE_LOOP ( 'NONE', ( #5893, #5911, #672, #5540 ) ) ;
#6484 = ORIENTED_EDGE ( 'NONE', *, *, #6753, .T. ) ;
#6485 = ORIENTED_EDGE ( 'NONE', *, *, #347, .F. ) ;
#6486 = DIRECTION ( 'NONE',  ( 5.090465601301999528E-14, 7.476621351911999082E-14, -1.000000000000000000 ) ) ;
#6487 = VECTOR ( 'NONE', #4362, 1000.000000000000000 ) ;
#6488 = VECTOR ( 'NONE', #2500, 1000.000000000000000 ) ;
#6489 = EDGE_CURVE ( 'NONE', #3953, #5111, #1976, .T. ) ;
#6490 = EDGE_CURVE ( 'NONE', #7635, #8990, #6611, .T. ) ;
#6491 = EDGE_LOOP ( 'NONE', ( #3602, #5620, #5269, #8468, #2887 ) ) ;
#6492 = DIRECTION ( 'NONE',  ( 0.000000000000000000, 0.000000000000000000, 1.000000000000000000 ) ) ;
#6493 = EDGE_LOOP ( 'NONE', ( #9312, #6617, #7770, #3626 ) ) ;
#6494 = CARTESIAN_POINT ( 'NONE',  ( -103.3051442380000111, 9.218194248737001217, 39.86605802304000434 ) ) ;
#6495 = ORIENTED_EDGE ( 'NONE', *, *, #2150, .T. ) ;
#6496 = LINE ( 'NONE', #1282, #241 ) ;
#6497 = DIRECTION ( 'NONE',  ( 0.000000000000000000, 0.000000000000000000, 1.000000000000000000 ) ) ;
#6498 = CARTESIAN_POINT ( 'NONE',  ( -114.3499999999999943, -1.199999999999999956, 33.27002970000000204 ) ) ;
#6499 = COLOUR_RGB ( '',0.7921568627450980005, 0.8196078431372548767, 0.9333333333333333481 ) ;
#6500 = VERTEX_POINT ( 'NONE', #5081 ) ;
#6501 = ORIENTED_EDGE ( 'NONE', *, *, #6622, .T. ) ;
#6503 = ORIENTED_EDGE ( 'NONE', *, *, #7658, .F. ) ;
#6502 = DIRECTION ( 'NONE',  ( -0.8660254038048826875, -0.4999999999645898252, 0.000000000000000000 ) ) ;
#6504 = MECHANICAL_DESIGN_GEOMETRIC_PRESENTATION_REPRESENTATION (  '', ( #4746 ), #3308 ) ;
#6505 = ORIENTED_EDGE ( 'NONE', *, *, #1768, .F. ) ;
#6506 = DIRECTION ( 'NONE',  ( 0.000000000000000000, 0.000000000000000000, -1.000000000000000000 ) ) ;
#6507 = DIRECTION ( 'NONE',  ( 0.000000000000000000, -1.000000000000000000, 0.000000000000000000 ) ) ;
#6508 = LINE ( 'NONE', #3520, #245 ) ;
#6509 = CARTESIAN_POINT ( 'NONE',  ( -114.3499999999999943, -1.199999999996999911, 41.17001390000000072 ) ) ;
#6510 = CARTESIAN_POINT ( 'NONE',  ( -110.8500070000000051, 11.21609787979000039, 41.77001269999999522 ) ) ;
#6511 = CARTESIAN_POINT ( 'NONE',  ( -99.50003170000000807, -8.049982299999999924, 34.77002669999999540 ) ) ;
#6512 = ORIENTED_EDGE ( 'NONE', *, *, #6435, .T. ) ;
#6513 = DIRECTION ( 'NONE',  ( -0.8660254037847886499, -0.4999999999993937627, 0.000000000000000000 ) ) ;
#6514 = ORIENTED_EDGE ( 'NONE', *, *, #5430, .F. ) ;
#6515 = ORIENTED_EDGE ( 'NONE', *, *, #901, .T. ) ;
#6516 = AXIS2_PLACEMENT_3D ( 'NONE', #8223, #4719, #9042 ) ;
#6517 = FACE_BOUND ( 'NONE', #7308, .T. ) ;
#6518 = VERTEX_POINT ( 'NONE', #2647 ) ;
#6519 = PRESENTATION_LAYER_ASSIGNMENT (  '', '', ( #1702 ) ) ;
#6520 = ORIENTED_EDGE ( 'NONE', *, *, #2576, .F. ) ;
#6521 = DIRECTION ( 'NONE',  ( 0.000000000000000000, -1.000000000000000000, 0.000000000000000000 ) ) ;
#6522 = APPLICATION_PROTOCOL_DEFINITION ( 'draft international standard', 'automotive_design', 1998, #3854 ) ;
#6523 = FACE_OUTER_BOUND ( 'NONE', #1818, .T. ) ;
#6524 = EDGE_CURVE ( 'NONE', #3398, #7972, #6672, .T. ) ;
#6525 = VECTOR ( 'NONE', #5781, 1000.000000000000000 ) ;
#6526 = PLANE ( 'NONE',  #7704 ) ;
#6527 = ORIENTED_EDGE ( 'NONE', *, *, #2690, .T. ) ;
#6528 = DIRECTION ( 'NONE',  ( 0.000000000000000000, 0.000000000000000000, 1.000000000000000000 ) ) ;
#6529 = VERTEX_POINT ( 'NONE', #8575 ) ;
#6530 = CARTESIAN_POINT ( 'NONE',  ( -130.8499683000000005, -13.73473213867000098, 34.77002669999999540 ) ) ;
#6531 = CARTESIAN_POINT ( 'NONE',  ( -115.8332367308999977, 14.64996830001000028, 34.77002669999999540 ) ) ;
#6532 = ORIENTED_EDGE ( 'NONE', *, *, #4176, .T. ) ;
#6533 = CARTESIAN_POINT ( 'NONE',  ( -99.50003170000000807, 7.649982299997000190, 34.77002669999999540 ) ) ;
#6534 = AXIS2_PLACEMENT_3D ( 'NONE', #2050, #2802, #2680 ) ;
#6535 = PRESENTATION_STYLE_ASSIGNMENT (( #6700 ) ) ;
#6536 = ORIENTED_EDGE ( 'NONE', *, *, #5884, .T. ) ;
#6537 = ORIENTED_EDGE ( 'NONE', *, *, #6325, .F. ) ;
#6538 = AXIS2_PLACEMENT_3D ( 'NONE', #3309, #6899, #5494 ) ;
#6539 = VECTOR ( 'NONE', #9109, 1000.000000000000000 ) ;
#6540 = CIRCLE ( 'NONE', #3342, 15.18297050000001214 ) ;
#6541 = DIRECTION ( 'NONE',  ( 0.000000000000000000, -1.000000000000000000, 0.000000000000000000 ) ) ;
#6542 = CARTESIAN_POINT ( 'NONE',  ( -114.3499999999999943, -1.199999999999999956, 41.77001269999999522 ) ) ;
#6543 = VERTEX_POINT ( 'NONE', #3389 ) ;
#6544 = DIRECTION ( 'NONE',  ( 5.486026480723000312E-13, -1.000000000000000000, -4.042335301586000112E-13 ) ) ;
#6545 = DIRECTION ( 'NONE',  ( -0.7088798879204030179, 0.7053292171050031811, 0.000000000000000000 ) ) ;
#6546 = DIRECTION ( 'NONE',  ( -0.4999999999995870525, 0.8660254037846770725, 0.000000000000000000 ) ) ;
#6547 = ORIENTED_EDGE ( 'NONE', *, *, #9022, .F. ) ;
#6548 = DIRECTION ( 'NONE',  ( -1.000000000000000000, -6.197088028155000620E-13, 0.000000000000000000 ) ) ;
#6549 = ORIENTED_EDGE ( 'NONE', *, *, #1348, .T. ) ;
#6550 = EDGE_CURVE ( 'NONE', #4783, #1241, #3654, .T. ) ;
#6551 = CARTESIAN_POINT ( 'NONE',  ( -114.3499999999999943, -1.199999999999999956, 43.77001270000000233 ) ) ;
#6552 = EDGE_CURVE ( 'NONE', #1799, #7692, #3577, .T. ) ;
#6553 = DIRECTION ( 'NONE',  ( 1.000000000000000000, 0.000000000000000000, -2.255140518769862854E-13 ) ) ;
#6554 = DIRECTION ( 'NONE',  ( 1.000000000000000000, 0.000000000000000000, 0.000000000000000000 ) ) ;
#6555 = VERTEX_POINT ( 'NONE', #609 ) ;
#6556 = EDGE_LOOP ( 'NONE', ( #7120, #8715, #3997, #3729 ) ) ;
#6557 = CARTESIAN_POINT ( 'NONE',  ( -119.8499764984491378, 10.80586275770982851, 44.23073198356438951 ) ) ;
#6558 =( GEOMETRIC_REPRESENTATION_CONTEXT ( 3 ) GLOBAL_UNCERTAINTY_ASSIGNED_CONTEXT ( ( #5624 ) ) GLOBAL_UNIT_ASSIGNED_CONTEXT ( ( #4513, #4452, #2489 ) ) REPRESENTATION_CONTEXT ( 'NONE', 'WORKASPACE' ) );
#6559 = CIRCLE ( 'NONE', #4282, 10.99997800000000048 ) ;
#6560 = LINE ( 'NONE', #1973, #298 ) ;
#6561 = ORIENTED_EDGE ( 'NONE', *, *, #1264, .T. ) ;
#6562 = EDGE_CURVE ( 'NONE', #6849, #2484, #212, .T. ) ;
#6563 = ORIENTED_EDGE ( 'NONE', *, *, #1850, .F. ) ;
#6564 = DIRECTION ( 'NONE',  ( 0.000000000000000000, 0.000000000000000000, 1.000000000000000000 ) ) ;
#6565 = EDGE_LOOP ( 'NONE', ( #5554, #3167, #7131, #3857 ) ) ;
#6566 =( NAMED_UNIT ( * ) SI_UNIT ( $, .STERADIAN. ) SOLID_ANGLE_UNIT ( ) );
#6567 = VECTOR ( 'NONE', #8918, 1000.000000000000000 ) ;
#6568 = CARTESIAN_POINT ( 'NONE',  ( -124.9558481412000077, 6.143393137072999721, 43.77001270000000233 ) ) ;
#6569 = DIRECTION ( 'NONE',  ( 0.000000000000000000, 0.000000000000000000, -1.000000000000000000 ) ) ;
#6570 = EDGE_CURVE ( 'NONE', #7965, #4553, #3553, .T. ) ;
#6571 = ORIENTED_EDGE ( 'NONE', *, *, #5615, .F. ) ;
#6572 = CARTESIAN_POINT ( 'NONE',  ( -103.5244873858000005, 0.7513566151509000202, 41.77001269999999522 ) ) ;
#6573 = ORIENTED_EDGE ( 'NONE', *, *, #7684, .F. ) ;
#6574 = EDGE_CURVE ( 'NONE', #8436, #38, #466, .T. ) ;
#6575 = CARTESIAN_POINT ( 'NONE',  ( -104.2363785579424729, 7.887697264884304893, 42.18013999196524821 ) ) ;
#6576 = CARTESIAN_POINT ( 'NONE',  ( -110.8500070000000051, -14.60043960886000036, 38.42001940000000104 ) ) ;
#6577 = CONICAL_SURFACE ( 'NONE', #8869, 14.72661584995001149, 0.6108652381968526779 ) ;
#6578 = VECTOR ( 'NONE', #634, 1000.000000000000000 ) ;
#6579 = DIRECTION ( 'NONE',  ( 0.000000000000000000, 0.000000000000000000, -1.000000000000000000 ) ) ;
#6580 = DIRECTION ( 'NONE',  ( 0.8650550016270024400, -0.5016770317247012390, 2.064471157947006110E-13 ) ) ;
#6581 = CARTESIAN_POINT ( 'NONE',  ( -114.3499999999999943, -1.199999999999999956, 41.17001390000000072 ) ) ;
#6582 = VERTEX_POINT ( 'NONE', #4104 ) ;
#6583 = CARTESIAN_POINT ( 'NONE',  ( -106.9148755639999990, 8.923897150909001041, 41.77001269999999522 ) ) ;
#6584 = UNCERTAINTY_MEASURE_WITH_UNIT (LENGTH_MEASURE( 1.000000000000000082E-05 ), #5814, 'distance_accuracy_value', 'NONE');
#6585 = EDGE_LOOP ( 'NONE', ( #8405, #6851, #5666, #5353 ) ) ;
#6586 = EDGE_CURVE ( 'NONE', #6788, #4397, #3592, .T. ) ;
#6587 = EDGE_CURVE ( 'NONE', #336, #8027, #3537, .T. ) ;
#6588 = EDGE_LOOP ( 'NONE', ( #3685, #6514, #6099, #6679 ) ) ;
#6589 = AXIS2_PLACEMENT_3D ( 'NONE', #1048, #3841, #8846 ) ;
#6590 = ORIENTED_EDGE ( 'NONE', *, *, #8901, .T. ) ;
#6591 = ORIENTED_EDGE ( 'NONE', *, *, #7955, .T. ) ;
#6592 = ORIENTED_EDGE ( 'NONE', *, *, #8358, .F. ) ;
#6593 = CARTESIAN_POINT ( 'NONE',  ( -117.8500168460973470, 11.35800163410245744, 44.11355750519308572 ) ) ;
#6594 = APPLICATION_CONTEXT ( 'automotive_design' ) ;
#6595 = FACE_OUTER_BOUND ( 'NONE', #8286, .T. ) ;
#6596 = CIRCLE ( 'NONE', #303, 0.3999999999999993006 ) ;
#6597 = CARTESIAN_POINT ( 'NONE',  ( -104.4000177000000065, -17.04996829999999974, 34.77002669999999540 ) ) ;
#6598 = EDGE_LOOP ( 'NONE', ( #6427, #9095, #6713, #4296 ) ) ;
#6599 = SHAPE_REPRESENTATION ( 'AS03208AS-HT^AS03208AS-HT_Ass', ( #4468, #661, #8904, #2339, #5036, #7853, #4045, #1209 ), #6796 ) ;
#6600 = DIRECTION ( 'NONE',  ( 0.000000000000000000, 0.000000000000000000, 1.000000000000000000 ) ) ;
#6601 = EDGE_LOOP ( 'NONE', ( #3311, #8476, #9233, #6750 ) ) ;
#6602 = CARTESIAN_POINT ( 'NONE',  ( -114.3625496591000115, -1.176176197326999961, 41.77001269999999522 ) ) ;
#6603 = ADVANCED_FACE ( 'NONE', ( #3316 ), #6752, .T. ) ;
#6604 = CARTESIAN_POINT ( 'NONE',  ( -123.6925348012999990, -6.366656053202000010, 40.12001599999999968 ) ) ;
#6605 = DIRECTION ( 'NONE',  ( -1.000000000000000000, 0.000000000000000000, 0.000000000000000000 ) ) ;
#6606 = EDGE_CURVE ( 'NONE', #9108, #475, #3421, .T. ) ;
#6607 = ORIENTED_EDGE ( 'NONE', *, *, #3415, .F. ) ;
#6608 = CARTESIAN_POINT ( 'NONE',  ( -114.3499999999999943, -1.199999999996999911, 42.27001269999999522 ) ) ;
#6609 = EDGE_LOOP ( 'NONE', ( #4073, #4349, #1205 ) ) ;
#6610 = AXIS2_PLACEMENT_3D ( 'NONE', #4202, #8545, #1277 ) ;
#6611 = LINE ( 'NONE', #3668, #6487 ) ;
#6612 = EDGE_CURVE ( 'NONE', #587, #8295, #3473, .T. ) ;
#6613 = VECTOR ( 'NONE', #4318, 1000.000000000000000 ) ;
#6614 = VECTOR ( 'NONE', #8244, 1000.000000000000000 ) ;
#6615 = CARTESIAN_POINT ( 'NONE',  ( -119.0074371987000035, -12.83331034679999938, 41.57001309999999705 ) ) ;
#6616 = DIRECTION ( 'NONE',  ( 0.000000000000000000, -1.000000000000000000, 0.000000000000000000 ) ) ;
#6617 = ORIENTED_EDGE ( 'NONE', *, *, #8222, .F. ) ;
#6618 = DIRECTION ( 'NONE',  ( 2.375550613941000387E-13, 1.311060020752000114E-13, 1.000000000000000000 ) ) ;
#6619 = VERTEX_POINT ( 'NONE', #3453 ) ;
#6620 = DIRECTION ( 'NONE',  ( 1.151079231931000006E-12, 2.245759134212000102E-12, 1.000000000000000000 ) ) ;
#6621 = ORIENTED_EDGE ( 'NONE', *, *, #4078, .T. ) ;
#6622 = EDGE_CURVE ( 'NONE', #8114, #8909, #3353, .T. ) ;
#6623 = DIRECTION ( 'NONE',  ( 0.000000000000000000, 0.000000000000000000, -1.000000000000000000 ) ) ;
#6624 = DIRECTION ( 'NONE',  ( 1.000000000000000000, 0.000000000000000000, 0.000000000000000000 ) ) ;
#6625 = ORIENTED_EDGE ( 'NONE', *, *, #4314, .F. ) ;
#6626 = EDGE_LOOP ( 'NONE', ( #9089, #7844, #2895, #3039 ) ) ;
#6627 = DIRECTION ( 'NONE',  ( 1.793155072192000095E-12, -1.709827621070999969E-12, 1.000000000000000000 ) ) ;
#6628 = FACE_OUTER_BOUND ( 'NONE', #131, .T. ) ;
#6629 = AXIS2_PLACEMENT_3D ( 'NONE', #2423, #2357, #7389 ) ;
#6630 = FACE_OUTER_BOUND ( 'NONE', #1100, .T. ) ;
#6631 = ORIENTED_EDGE ( 'NONE', *, *, #4599, .F. ) ;
#6632 = CARTESIAN_POINT ( 'NONE',  ( -125.9085800489999940, 6.695917213109000343, 41.55849730433999412 ) ) ;
#6633 = VERTEX_POINT ( 'NONE', #2767 ) ;
#6634 = EDGE_CURVE ( 'NONE', #5200, #7787, #6508, .T. ) ;
#6635 = PLANE ( 'NONE',  #1471 ) ;
#6636 = ORIENTED_EDGE ( 'NONE', *, *, #1612, .F. ) ;
#6637 = CARTESIAN_POINT ( 'NONE',  ( -104.5320331883000051, -10.96879011928999859, 41.77001269999999522 ) ) ;
#6638 = PLANE ( 'NONE',  #4280 ) ;
#6639 = ADVANCED_FACE ( 'NONE', ( #3488 ), #3373, .F. ) ;
#6640 = ORIENTED_EDGE ( 'NONE', *, *, #3667, .F. ) ;
#6641 = VERTEX_POINT ( 'NONE', #3745 ) ;
#6642 = CARTESIAN_POINT ( 'NONE',  ( -132.4499682999999948, -11.33474613867000080, 37.77002069999999634 ) ) ;
#6643 = CARTESIAN_POINT ( 'NONE',  ( -122.4499823000000021, -16.29996829999999974, 34.77002669999999540 ) ) ;
#6644 = CIRCLE ( 'NONE', #78, 15.54996890000000320 ) ;
#6645 = LINE ( 'NONE', #6239, #574 ) ;
#6646 = CARTESIAN_POINT ( 'NONE',  ( -122.4499823000000021, -16.29996829999999974, 37.77002069999999634 ) ) ;
#6647 = CARTESIAN_POINT ( 'NONE',  ( -114.3499999999999943, -1.199999999999999956, 33.44002935999999693 ) ) ;
#6648 = ORIENTED_EDGE ( 'NONE', *, *, #5957, .T. ) ;
#6649 = CARTESIAN_POINT ( 'NONE',  ( -124.9558481412000077, 6.143393137079999455, 41.77001269999999522 ) ) ;
#6650 = AXIS2_PLACEMENT_3D ( 'NONE', #4779, #4842, #2201 ) ;
#6651 = ORIENTED_EDGE ( 'NONE', *, *, #2271, .F. ) ;
#6652 = ORIENTED_EDGE ( 'NONE', *, *, #1418, .F. ) ;
#6653 = VECTOR ( 'NONE', #6763, 1000.000000000000000 ) ;
#6654 = EDGE_LOOP ( 'NONE', ( #1627, #2936, #8035, #6087 ) ) ;
#6655 = CARTESIAN_POINT ( 'NONE',  ( -127.1727164595999824, 5.117044430187999815, 41.13545698673999595 ) ) ;
#6656 = DIRECTION ( 'NONE',  ( 0.000000000000000000, 0.000000000000000000, 1.000000000000000000 ) ) ;
#6657 = LINE ( 'NONE', #2060, #3519 ) ;
#6658 = VECTOR ( 'NONE', #7814, 1000.000000000000000 ) ;
#6659 = CARTESIAN_POINT ( 'NONE',  ( -124.3733845415000019, -6.833322346797999103, 40.32001560000000495 ) ) ;
#6660 = ORIENTED_EDGE ( 'NONE', *, *, #5434, .T. ) ;
#6661 = DIRECTION ( 'NONE',  ( 0.000000000000000000, 0.000000000000000000, -1.000000000000000000 ) ) ;
#6662 = ORIENTED_EDGE ( 'NONE', *, *, #726, .F. ) ;
#6663 = AXIS2_PLACEMENT_3D ( 'NONE', #7467, #6155, #8928 ) ;
#6664 = CARTESIAN_POINT ( 'NONE',  ( -121.9214856968000049, 5.178270852106999556, 43.77000869999999821 ) ) ;
#6665 = CARTESIAN_POINT ( 'NONE',  ( -118.3265874585000006, -12.36664405319999993, 41.57001309999999705 ) ) ;
#6666 = AXIS2_PLACEMENT_3D ( 'NONE', #3465, #6179, #4180 ) ;
#6667 = VERTEX_POINT ( 'NONE', #1343 ) ;
#6668 = CARTESIAN_POINT ( 'NONE',  ( -98.50003170000000807, 8.749982299996998947, 34.77002669999999540 ) ) ;
#6669 = ORIENTED_EDGE ( 'NONE', *, *, #565, .T. ) ;
#6670 = VERTEX_POINT ( 'NONE', #5163 ) ;
#6671 = ORIENTED_EDGE ( 'NONE', *, *, #4366, .T. ) ;
#6672 = CIRCLE ( 'NONE', #1719, 13.84997230000000101 ) ;
#6673 = CARTESIAN_POINT ( 'NONE',  ( -114.3499999999999943, -1.199999999999999956, 32.77003069999999951 ) ) ;
#6674 = DIRECTION ( 'NONE',  ( 0.000000000000000000, 0.000000000000000000, 1.000000000000000000 ) ) ;
#6675 = VERTEX_POINT ( 'NONE', #5918 ) ;
#6676 = DIRECTION ( 'NONE',  ( 0.000000000000000000, -1.000000000000000000, 0.000000000000000000 ) ) ;
#6677 = EDGE_CURVE ( 'NONE', #9053, #7901, #3388, .T. ) ;
#6678 = CARTESIAN_POINT ( 'NONE',  ( -108.8269493676999957, 8.832523671995000214, 41.77001269999999522 ) ) ;
#6679 = ORIENTED_EDGE ( 'NONE', *, *, #8979, .F. ) ;
#6680 = CARTESIAN_POINT ( 'NONE',  ( -99.10003169999998818, 8.749982299996998947, 35.17002670000000109 ) ) ;
#6681 = ADVANCED_FACE ( 'NONE', ( #6523 ), #896, .T. ) ;
#6682 = AXIS2_PLACEMENT_3D ( 'NONE', #5392, #5326, #7495 ) ;
#6683 = ORIENTED_EDGE ( 'NONE', *, *, #5583, .F. ) ;
#6684 = FACE_OUTER_BOUND ( 'NONE', #5581, .T. ) ;
#6685 = DIRECTION ( 'NONE',  ( -1.000000000000000000, 0.000000000000000000, 0.000000000000000000 ) ) ;
#6686 = CARTESIAN_POINT ( 'NONE',  ( -121.1999822999999878, -14.78486798330999896, 34.77002669999999540 ) ) ;
#6687 = CARTESIAN_POINT ( 'NONE',  ( -114.3499999999999943, -1.199999999996999911, 41.77001269999999522 ) ) ;
#6688 = ORIENTED_EDGE ( 'NONE', *, *, #7040, .F. ) ;
#6689 = EDGE_CURVE ( 'NONE', #38, #7875, #349, .T. ) ;
#6690 = EDGE_CURVE ( 'NONE', #6093, #5889, #279, .T. ) ;
#6691 = CARTESIAN_POINT ( 'NONE',  ( -119.8497928016195999, 10.85531234868640205, 44.24749824282466903 ) ) ;
#6692 = FACE_OUTER_BOUND ( 'NONE', #4166, .T. ) ;
#6693 = VERTEX_POINT ( 'NONE', #5364 ) ;
#6694 = DIRECTION ( 'NONE',  ( 0.000000000000000000, 0.000000000000000000, 1.000000000000000000 ) ) ;
#6695 = ORIENTED_EDGE ( 'NONE', *, *, #7115, .T. ) ;
#6696 = EDGE_CURVE ( 'NONE', #5772, #1438, #423, .T. ) ;
#6697 = CARTESIAN_POINT ( 'NONE',  ( -117.8499929999999978, -15.52870122344999970, 34.77002669999999540 ) ) ;
#6698 = EDGE_LOOP ( 'NONE', ( #2058, #3149, #5134, #6293 ) ) ;
#6699 = CIRCLE ( 'NONE', #5989, 13.39997819999999429 ) ;
#6700 = SURFACE_STYLE_USAGE ( .BOTH. , #1726 ) ;
#6701 = ORIENTED_EDGE ( 'NONE', *, *, #3241, .F. ) ;
#6703 = ORIENTED_EDGE ( 'NONE', *, *, #5068, .T. ) ;
#6702 = CARTESIAN_POINT ( 'NONE',  ( -103.3182640976244215, 1.169938589397416351, 42.22067270462049748 ) ) ;
#6704 = EDGE_CURVE ( 'NONE', #8355, #7991, #311, .T. ) ;
#6705 = CARTESIAN_POINT ( 'NONE',  ( -129.1999682999999948, -11.18474613867000045, 34.77002669999999540 ) ) ;
#6706 = EDGE_CURVE ( 'NONE', #4588, #4541, #391, .T. ) ;
#6707 = CARTESIAN_POINT ( 'NONE',  ( -126.9871601617000039, -7.572309237987999708, 34.93669307995999418 ) ) ;
#6708 = VECTOR ( 'NONE', #2333, 1000.000000000000000 ) ;
#6709 = CARTESIAN_POINT ( 'NONE',  ( -102.2741579368999965, 6.369773585144999473, 41.90458252218000013 ) ) ;
#6710 = DIRECTION ( 'NONE',  ( 0.000000000000000000, 0.000000000000000000, -1.000000000000000000 ) ) ;
#6711 = EDGE_LOOP ( 'NONE', ( #3349, #5218, #5090, #8939 ) ) ;
#6712 = CARTESIAN_POINT ( 'NONE',  ( -114.3499999999999943, -1.199999999999999956, 33.62926089524000162 ) ) ;
#6713 = ORIENTED_EDGE ( 'NONE', *, *, #3741, .T. ) ;
#6714 = AXIS2_PLACEMENT_3D ( 'NONE', #560, #5378, #1201 ) ;
#6715 = ORIENTED_EDGE ( 'NONE', *, *, #2562, .F. ) ;
#6716 = AXIS2_PLACEMENT_3D ( 'NONE', #7367, #2057, #4431 ) ;
#6717 = ADVANCED_FACE ( 'NONE', ( #3606 ), #6577, .T. ) ;
#6718 = ORIENTED_EDGE ( 'NONE', *, *, #9041, .F. ) ;
#6719 = DIRECTION ( 'NONE',  ( 0.000000000000000000, -1.000000000000000000, 0.000000000000000000 ) ) ;
#6720 = CARTESIAN_POINT ( 'NONE',  ( -130.1999682999999948, -12.04997829999999936, 32.77003069999999951 ) ) ;
#6721 = DIRECTION ( 'NONE',  ( 0.000000000000000000, 0.000000000000000000, -1.000000000000000000 ) ) ;
#6722 = FACE_OUTER_BOUND ( 'NONE', #3579, .T. ) ;
#6723 = VECTOR ( 'NONE', #6544, 1000.000000000000000 ) ;
#6724 = EDGE_CURVE ( 'NONE', #5760, #3983, #6769, .T. ) ;
#6725 = DIRECTION ( 'NONE',  ( -1.000000000000000000, 0.000000000000000000, 0.000000000000000000 ) ) ;
#6726 = ORIENTED_EDGE ( 'NONE', *, *, #673, .F. ) ;
#6727 = ADVANCED_FACE ( 'NONE', ( #6595 ), #4730, .T. ) ;
#6728 = DIRECTION ( 'NONE',  ( 0.000000000000000000, -1.000000000000000000, 0.000000000000000000 ) ) ;
#6729 = VERTEX_POINT ( 'NONE', #9052 ) ;
#6730 = AXIS2_PLACEMENT_3D ( 'NONE', #3104, #3853, #5369 ) ;
#6731 = EDGE_LOOP ( 'NONE', ( #6237, #4913, #3524, #1500 ) ) ;
#6732 = CARTESIAN_POINT ( 'NONE',  ( -128.2999831925999956, -5.212582749989000064, 37.97002029999999451 ) ) ;
#6733 = VECTOR ( 'NONE', #394, 1000.000000000000000 ) ;
#6734 = COLOUR_RGB ( '',0.7921568627450980005, 0.8196078431372548767, 0.9333333333333333481 ) ;
#6735 = ORIENTED_EDGE ( 'NONE', *, *, #197, .T. ) ;
#6736 = EDGE_CURVE ( 'NONE', #4588, #334, #6644, .T. ) ;
#6737 = EDGE_CURVE ( 'NONE', #1817, #7692, #329, .T. ) ;
#6738 = VECTOR ( 'NONE', #7832, 1000.000000000000000 ) ;
#6739 = FACE_OUTER_BOUND ( 'NONE', #6976, .T. ) ;
#6740 = ORIENTED_EDGE ( 'NONE', *, *, #1057, .F. ) ;
#6741 = DIRECTION ( 'NONE',  ( 0.000000000000000000, 0.000000000000000000, -1.000000000000000000 ) ) ;
#6742 = CARTESIAN_POINT ( 'NONE',  ( -103.3500525855999967, -1.174060034245000050, 41.17001390000000072 ) ) ;
#6743 = ORIENTED_EDGE ( 'NONE', *, *, #8942, .T. ) ;
#6744 = ORIENTED_EDGE ( 'NONE', *, *, #2536, .F. ) ;
#6745 = AXIS2_PLACEMENT_3D ( 'NONE', #9215, #2686, #3615 ) ;
#6746 = DIRECTION ( 'NONE',  ( 0.000000000000000000, 0.000000000000000000, 1.000000000000000000 ) ) ;
#6747 = CARTESIAN_POINT ( 'NONE',  ( -106.5395172400000092, 10.23757368352999997, 41.77001269999999522 ) ) ;
#6748 = CARTESIAN_POINT ( 'NONE',  ( -99.50003170000000807, -9.149982299999999569, 35.17002670000000109 ) ) ;
#6749 = ORIENTED_EDGE ( 'NONE', *, *, #2920, .T. ) ;
#6750 = ORIENTED_EDGE ( 'NONE', *, *, #8805, .T. ) ;
#6751 = DIRECTION ( 'NONE',  ( 0.000000000000000000, 0.000000000000000000, 1.000000000000000000 ) ) ;
#6752 = CYLINDRICAL_SURFACE ( 'NONE', #2991, 14.74997050000000165 ) ;
#6753 = EDGE_CURVE ( 'NONE', #1324, #5760, #6784, .T. ) ;
#6754 = CIRCLE ( 'NONE', #9000, 0.4000000000000010214 ) ;
#6755 = VERTEX_POINT ( 'NONE', #2589 ) ;
#6756 = CARTESIAN_POINT ( 'NONE',  ( -130.8499683000000005, -11.33474613867000080, 37.77002069999999634 ) ) ;
#6757 = DIRECTION ( 'NONE',  ( 0.000000000000000000, 0.000000000000000000, 1.000000000000000000 ) ) ;
#6758 = ORIENTED_EDGE ( 'NONE', *, *, #2799, .T. ) ;
#6759 = ADVANCED_FACE ( 'NONE', ( #6795 ), #5500, .F. ) ;
#6760 = CARTESIAN_POINT ( 'NONE',  ( -122.2999822999999964, -16.54996829999999974, 34.77002669999999540 ) ) ;
#6761 = FACE_OUTER_BOUND ( 'NONE', #8515, .T. ) ;
#6762 = FILL_AREA_STYLE_COLOUR ( '', #6499 ) ;
#6763 = DIRECTION ( 'NONE',  ( 6.757544043351000479E-14, 8.916203946088000676E-14, 1.000000000000000000 ) ) ;
#6764 = AXIS2_PLACEMENT_3D ( 'NONE', #4923, #7152, #2270 ) ;
#6765 = ORIENTED_EDGE ( 'NONE', *, *, #2120, .F. ) ;
#6766 = DIRECTION ( 'NONE',  ( 0.000000000000000000, 0.000000000000000000, 1.000000000000000000 ) ) ;
#6767 = PLANE ( 'NONE',  #6868 ) ;
#6768 = AXIS2_PLACEMENT_3D ( 'NONE', #5447, #441, #9118 ) ;
#6769 = LINE ( 'NONE', #8992, #3437 ) ;
#6770 = EDGE_LOOP ( 'NONE', ( #8569, #8588 ) ) ;
#6771 = CARTESIAN_POINT ( 'NONE',  ( -102.4707311674000039, 6.582257641433999495, 34.10336141282000000 ) ) ;
#6772 = CARTESIAN_POINT ( 'NONE',  ( -103.3051442380000111, 9.218194248742999974, 34.77002669999999540 ) ) ;
#6773 = VERTEX_POINT ( 'NONE', #238 ) ;
#6774 = DIRECTION ( 'NONE',  ( 0.000000000000000000, 1.000000000000000000, 0.000000000000000000 ) ) ;
#6775 = ORIENTED_EDGE ( 'NONE', *, *, #7335, .T. ) ;
#6776 = DIRECTION ( 'NONE',  ( 0.000000000000000000, 0.000000000000000000, 1.000000000000000000 ) ) ;
#6777 = EDGE_CURVE ( 'NONE', #1865, #1749, #493, .T. ) ;
#6778 = CARTESIAN_POINT ( 'NONE',  ( -99.50003170000000807, -9.149982299999999569, 34.77002669999999540 ) ) ;
#6779 = ORIENTED_EDGE ( 'NONE', *, *, #2356, .T. ) ;
#6780 = CARTESIAN_POINT ( 'NONE',  ( -110.8500070000010709, 11.21609787978629846, 43.89077302835243444 ) ) ;
#6781 = DIRECTION ( 'NONE',  ( 0.000000000000000000, 0.000000000000000000, 1.000000000000000000 ) ) ;
#6782 = AXIS2_PLACEMENT_3D ( 'NONE', #1835, #2721, #446 ) ;
#6783 = CARTESIAN_POINT ( 'NONE',  ( -228.7000000000999762, -2.399999991333999994, 0.000000000000000000 ) ) ;
#6784 = CIRCLE ( 'NONE', #4241, 9.099981800000003673 ) ;
#6785 = CARTESIAN_POINT ( 'NONE',  ( -101.0336045004989103, 3.301427343304416784, 42.17993375096899911 ) ) ;
#6786 = VERTEX_POINT ( 'NONE', #2402 ) ;
#6787 = EDGE_CURVE ( 'NONE', #5095, #317, #3451, .T. ) ;
#6788 = VERTEX_POINT ( 'NONE', #3870 ) ;
#6789 = FACE_OUTER_BOUND ( 'NONE', #2883, .T. ) ;
#6790 = PLANE ( 'NONE',  #5197 ) ;
#6791 = VECTOR ( 'NONE', #5088, 1000.000000000000000 ) ;
#6792 = ADVANCED_FACE ( 'NONE', ( #6628 ), #6798, .T. ) ;
#6793 = EDGE_CURVE ( 'NONE', #8990, #242, #508, .T. ) ;
#6794 = ORIENTED_EDGE ( 'NONE', *, *, #8684, .F. ) ;
#6795 = FACE_OUTER_BOUND ( 'NONE', #6731, .T. ) ;
#6796 =( GEOMETRIC_REPRESENTATION_CONTEXT ( 3 ) GLOBAL_UNCERTAINTY_ASSIGNED_CONTEXT ( ( #2826 ) ) GLOBAL_UNIT_ASSIGNED_CONTEXT ( ( #7238, #1681, #877 ) ) REPRESENTATION_CONTEXT ( 'NONE', 'WORKASPACE' ) );
#6797 = EDGE_LOOP ( 'NONE', ( #6873, #6537, #2210, #6987 ) ) ;
#6798 = PLANE ( 'NONE',  #8985 ) ;
#6799 = ADVANCED_FACE ( 'NONE', ( #6722 ), #175, .T. ) ;
#6800 = CARTESIAN_POINT ( 'NONE',  ( -108.8500070000000051, 11.61997654408000002, 38.42001940000000104 ) ) ;
#6801 = ORIENTED_EDGE ( 'NONE', *, *, #1676, .T. ) ;
#6802 = VECTOR ( 'NONE', #248, 1000.000000000000000 ) ;
#6803 = EDGE_CURVE ( 'NONE', #3206, #6619, #6657, .T. ) ;
#6804 = CARTESIAN_POINT ( 'NONE',  ( -121.1999822999999878, -17.04996829999999974, 34.77002669999999540 ) ) ;
#6805 = DIRECTION ( 'NONE',  ( 0.000000000000000000, 0.000000000000000000, 1.000000000000000000 ) ) ;
#6806 = CARTESIAN_POINT ( 'NONE',  ( -117.8499929999999978, -14.60043960886000036, 41.77001269999999522 ) ) ;
#6807 = CARTESIAN_POINT ( 'NONE',  ( -114.3499999999999943, -1.199999999999999956, 41.12734738230000175 ) ) ;
#6808 = CARTESIAN_POINT ( 'NONE',  ( -114.3499999999999943, -1.199999999996999911, 41.77001269999999522 ) ) ;
#6809 = EDGE_LOOP ( 'NONE', ( #3591, #6625, #9270, #1582, #5804, #8246, #4748, #9226, #1943, #3662, #5947, #2689 ) ) ;
#6810 = EDGE_CURVE ( 'NONE', #7269, #3294, #3980, .T. ) ;
#6811 = DIRECTION ( 'NONE',  ( 0.000000000000000000, 1.000000000000000000, 0.000000000000000000 ) ) ;
#6812 = EDGE_LOOP ( 'NONE', ( #6532, #3328, #1970, #2154 ) ) ;
#6813 = DIRECTION ( 'NONE',  ( 0.000000000000000000, 0.000000000000000000, -1.000000000000000000 ) ) ;
#6814 = VERTEX_POINT ( 'NONE', #8874 ) ;
#6815 = VECTOR ( 'NONE', #5511, 1000.000000000000000 ) ;
#6816 = CARTESIAN_POINT ( 'NONE',  ( -103.3432525517999920, -11.65820748574999932, 39.86629397768000160 ) ) ;
#6817 = CARTESIAN_POINT ( 'NONE',  ( -124.2999822999999964, 14.64996829999999939, 34.77002669999999540 ) ) ;
#6818 = ORIENTED_EDGE ( 'NONE', *, *, #3844, .T. ) ;
#6819 = CARTESIAN_POINT ( 'NONE',  ( -123.1999823000000021, 14.64996829999999939, 36.27002670000000251 ) ) ;
#6820 = AXIS2_PLACEMENT_3D ( 'NONE', #6862, #3268, #8459 ) ;
#6821 = CARTESIAN_POINT ( 'NONE',  ( -114.3499999999999943, -1.199999999999999956, 35.84502454999999799 ) ) ;
#6822 = FACE_OUTER_BOUND ( 'NONE', #8542, .T. ) ;
#6823 = EDGE_CURVE ( 'NONE', #6411, #4766, #3860, .T. ) ;
#6824 = CARTESIAN_POINT ( 'NONE',  ( -121.6449104072000011, 7.560353024378999365, 43.77001270000000233 ) ) ;
#6825 = CARTESIAN_POINT ( 'NONE',  ( -102.1398851139999948, 0.6533710858525000331, 42.57001110000000210 ) ) ;
#6826 = ORIENTED_EDGE ( 'NONE', *, *, #8362, .T. ) ;
#6827 = CARTESIAN_POINT ( 'NONE',  ( -130.1999682999999948, 5.649982300000000457, 36.27002670000000251 ) ) ;
#6828 = EDGE_LOOP ( 'NONE', ( #5796, #4925, #1457, #8661, #7887, #2805 ) ) ;
#6829 = CIRCLE ( 'NONE', #8871, 0.4999989999999992496 ) ;
#6830 = DIRECTION ( 'NONE',  ( 0.000000000000000000, 0.000000000000000000, -1.000000000000000000 ) ) ;
#6831 = ADVANCED_FACE ( 'NONE', ( #3719 ), #5733, .T. ) ;
#6832 = COLOUR_RGB ( '',0.7921568627450980005, 0.8196078431372548767, 0.9333333333333333481 ) ;
#6833 = ORIENTED_EDGE ( 'NONE', *, *, #7638, .F. ) ;
#6834 = CARTESIAN_POINT ( 'NONE',  ( -110.8500070000000051, 11.21609787979000039, 43.77001270000000233 ) ) ;
#6835 = DIRECTION ( 'NONE',  ( 4.505029362233999688E-14, -9.667042173128000374E-14, -1.000000000000000000 ) ) ;
#6836 = EDGE_LOOP ( 'NONE', ( #225, #369, #8613, #2497, #6607 ) ) ;
#6837 = ORIENTED_EDGE ( 'NONE', *, *, #3976, .T. ) ;
#6838 = CIRCLE ( 'NONE', #1605, 14.26997145999998828 ) ;
#6839 = DIRECTION ( 'NONE',  ( -1.000000000000000000, 0.000000000000000000, 0.000000000000000000 ) ) ;
#6840 = CARTESIAN_POINT ( 'NONE',  ( -123.2223223961000116, -5.699990699999999855, 40.12001599999999968 ) ) ;
#6841 = CARTESIAN_POINT ( 'NONE',  ( -106.8154140824950531, 7.171255446589425375, 42.21015022598515998 ) ) ;
#6842 = ORIENTED_EDGE ( 'NONE', *, *, #542, .F. ) ;
#6843 = ADVANCED_FACE ( 'NONE', ( #6863 ), #747, .T. ) ;
#6844 = CYLINDRICAL_SURFACE ( 'NONE', #3217, 8.599982800000002925 ) ;
#6845 = ORIENTED_EDGE ( 'NONE', *, *, #4035, .F. ) ;
#6846 = CARTESIAN_POINT ( 'NONE',  ( -114.3499999999999943, -16.74996889999999894, 33.27002970000000204 ) ) ;
#6847 = AXIS2_PLACEMENT_3D ( 'NONE', #7297, #2181, #693 ) ;
#6848 = CARTESIAN_POINT ( 'NONE',  ( -124.2051246231999926, -10.93130265547999969, 38.42001940000000104 ) ) ;
#6849 = VERTEX_POINT ( 'NONE', #3002 ) ;
#6850 = LINE ( 'NONE', #7124, #6907 ) ;
#6851 = ORIENTED_EDGE ( 'NONE', *, *, #6913, .T. ) ;
#6852 = DIRECTION ( 'NONE',  ( 0.000000000000000000, -1.000000000000000000, 0.000000000000000000 ) ) ;
#6853 = CARTESIAN_POINT ( 'NONE',  ( -101.7549476083000002, 5.147998305646999562, 35.77002470000000045 ) ) ;
#6854 = DIRECTION ( 'NONE',  ( 0.9999999999999910072, -1.333753487637976201E-07, 0.000000000000000000 ) ) ;
#6855 = EDGE_CURVE ( 'NONE', #8191, #736, #2578, .T. ) ;
#6856 = DIRECTION ( 'NONE',  ( 0.000000000000000000, 0.000000000000000000, -1.000000000000000000 ) ) ;
#6857 = DIRECTION ( 'NONE',  ( 0.000000000000000000, 0.000000000000000000, 1.000000000000000000 ) ) ;
#6858 = ADVANCED_FACE ( 'NONE', ( #6921 ), #3911, .F. ) ;
#6859 = DIRECTION ( 'NONE',  ( 0.8660254037862213927, 0.4999999999969121922, 0.000000000000000000 ) ) ;
#6860 = CARTESIAN_POINT ( 'NONE',  ( -102.1666320295999952, 6.757829360520999806, 40.76737402085000639 ) ) ;
#6861 = ORIENTED_EDGE ( 'NONE', *, *, #1908, .F. ) ;
#6862 = CARTESIAN_POINT ( 'NONE',  ( -114.3499999999999943, -1.199999999999999956, 41.77001269999999522 ) ) ;
#6863 = FACE_OUTER_BOUND ( 'NONE', #3171, .T. ) ;
#6864 = VERTEX_POINT ( 'NONE', #6277 ) ;
#6865 = ADVANCED_FACE ( 'NONE', ( #603 ), #283, .F. ) ;
#6866 = ORIENTED_EDGE ( 'NONE', *, *, #1548, .T. ) ;
#6867 = CONICAL_SURFACE ( 'NONE', #8268, 9.499961482118997935, 0.7853961918862925051 ) ;
#6868 = AXIS2_PLACEMENT_3D ( 'NONE', #7566, #8273, #5722 ) ;
#6869 = PLANE ( 'NONE',  #1052 ) ;
#6870 = FACE_OUTER_BOUND ( 'NONE', #2714, .T. ) ;
#6871 = DIRECTION ( 'NONE',  ( -1.000000000000000000, 0.000000000000000000, 0.000000000000000000 ) ) ;
#6872 = CARTESIAN_POINT ( 'NONE',  ( -108.0043479070000103, 9.391853303660999686, 41.47001329999999797 ) ) ;
#6873 = ORIENTED_EDGE ( 'NONE', *, *, #8158, .F. ) ;
#6874 = CARTESIAN_POINT ( 'NONE',  ( -114.3499999999999943, -1.199999999999999956, 40.62001500000000220 ) ) ;
#6875 = SURFACE_STYLE_USAGE ( .BOTH. , #5397 ) ;
#6876 = CIRCLE ( 'NONE', #5590, 1.769996460000000216 ) ;
#6877 = CARTESIAN_POINT ( 'NONE',  ( -123.6925348012999990, -6.833322346797999103, 40.32001560000000495 ) ) ;
#6878 = CARTESIAN_POINT ( 'NONE',  ( -130.1999682999999948, -11.18474613867000045, 34.77002669999999540 ) ) ;
#6879 = ORIENTED_EDGE ( 'NONE', *, *, #9021, .T. ) ;
#6880 = DIRECTION ( 'NONE',  ( 0.000000000000000000, 0.000000000000000000, 1.000000000000000000 ) ) ;
#6881 = EDGE_CURVE ( 'NONE', #7026, #6918, #7004, .T. ) ;
#6882 = VERTEX_POINT ( 'NONE', #8558 ) ;
#6883 = FACE_OUTER_BOUND ( 'NONE', #3403, .T. ) ;
#6884 = DIRECTION ( 'NONE',  ( 0.8660254037700471086, 0.5000000000249269494, 0.000000000000000000 ) ) ;
#6885 = AXIS2_PLACEMENT_3D ( 'NONE', #5290, #6964, #3113 ) ;
#6886 = ORIENTED_EDGE ( 'NONE', *, *, #8942, .F. ) ;
#6887 = EDGE_CURVE ( 'NONE', #6582, #2845, #7065, .T. ) ;
#6888 = EDGE_LOOP ( 'NONE', ( #617, #4266 ) ) ;
#6889 = CARTESIAN_POINT ( 'NONE',  ( -103.8908157122000091, 7.756426633577000018, 42.27001269999999522 ) ) ;
#6890 = CARTESIAN_POINT ( 'NONE',  ( -100.3478611587424467, 2.842694827782428213, 40.73536194101333052 ) ) ;
#6891 = CARTESIAN_POINT ( 'NONE',  ( -102.1398851139999948, 0.6533710858511000419, 41.17001390000000072 ) ) ;
#6892 = ORIENTED_EDGE ( 'NONE', *, *, #8193, .T. ) ;
#6893 = CARTESIAN_POINT ( 'NONE',  ( -104.8915357146999980, 8.165857385702000926, 42.27001269999999522 ) ) ;
#6894 = EDGE_LOOP ( 'NONE', ( #6134, #4760, #5, #3252 ) ) ;
#6895 = FACE_OUTER_BOUND ( 'NONE', #7388, .T. ) ;
#6896 = ORIENTED_EDGE ( 'NONE', *, *, #7420, .F. ) ;
#6897 = CARTESIAN_POINT ( 'NONE',  ( -102.1398851139999948, 0.6533710858525000331, 41.17001390000000072 ) ) ;
#6898 = ADVANCED_FACE ( 'NONE', ( #797 ), #995, .F. ) ;
#6899 = DIRECTION ( 'NONE',  ( 0.000000000000000000, 0.000000000000000000, -1.000000000000000000 ) ) ;
#6900 = ORIENTED_EDGE ( 'NONE', *, *, #6737, .F. ) ;
#6901 = EDGE_CURVE ( 'NONE', #9256, #8342, #7020, .T. ) ;
#6902 = EDGE_CURVE ( 'NONE', #8732, #2239, #6903, .T. ) ;
#6903 = CIRCLE ( 'NONE', #5000, 13.79997239999999614 ) ;
#6904 = EDGE_LOOP ( 'NONE', ( #5956, #2852, #1059, #2230, #8339 ) ) ;
#6905 = UNCERTAINTY_MEASURE_WITH_UNIT (LENGTH_MEASURE( 1.000000000000000082E-05 ), #9071, 'distance_accuracy_value', 'NONE');
#6906 = EDGE_LOOP ( 'NONE', ( #4003, #147, #980, #7397 ) ) ;
#6907 = VECTOR ( 'NONE', #9323, 1000.000000000000000 ) ;
#6908 = AXIS2_PLACEMENT_3D ( 'NONE', #8760, #5745, #6481 ) ;
#6909 = DIRECTION ( 'NONE',  ( 0.000000000000000000, -1.000000000000000000, 0.000000000000000000 ) ) ;
#6910 = DIRECTION ( 'NONE',  ( 0.000000000000000000, 0.000000000000000000, -1.000000000000000000 ) ) ;
#6911 = EDGE_CURVE ( 'NONE', #3993, #4055, #3923, .T. ) ;
#6912 = VECTOR ( 'NONE', #9151, 1000.000000000000000 ) ;
#6913 = EDGE_CURVE ( 'NONE', #9068, #2415, #3732, .T. ) ;
#6914 = CARTESIAN_POINT ( 'NONE',  ( -100.9951175000999939, -4.869992660008000129, 38.42001940000000104 ) ) ;
#6915 = CARTESIAN_POINT ( 'NONE',  ( -100.5932004446000008, -0.1012969762472999968, 41.77001269999999522 ) ) ;
#6916 = CARTESIAN_POINT ( 'NONE',  ( -121.1999822999999878, -17.04996829999999974, 36.27002670000000251 ) ) ;
#6917 = CARTESIAN_POINT ( 'NONE',  ( -105.0043539122000027, 4.195711269321000358, 41.17001390000000072 ) ) ;
#6918 = VERTEX_POINT ( 'NONE', #2691 ) ;
#6919 = DIRECTION ( 'NONE',  ( 0.000000000000000000, 1.000000000000000000, 0.000000000000000000 ) ) ;
#6920 = DIRECTION ( 'NONE',  ( 5.183244072575000041E-12, 1.462286739225362235E-14, 1.000000000000000000 ) ) ;
#6921 = FACE_OUTER_BOUND ( 'NONE', #2964, .T. ) ;
#6922 = ORIENTED_EDGE ( 'NONE', *, *, #4288, .T. ) ;
#6923 = ORIENTED_EDGE ( 'NONE', *, *, #7335, .F. ) ;
#6924 = EDGE_LOOP ( 'NONE', ( #5556, #8662 ) ) ;
#6925 = LINE ( 'NONE', #7861, #6578 ) ;
#6926 = CARTESIAN_POINT ( 'NONE',  ( -124.2999822999999964, 14.04996829999999974, 36.27002670000000251 ) ) ;
#6927 =( NAMED_UNIT ( * ) PLANE_ANGLE_UNIT ( ) SI_UNIT ( $, .RADIAN. ) );
#6928 = DIRECTION ( 'NONE',  ( 0.000000000000000000, 0.000000000000000000, -1.000000000000000000 ) ) ;
#6929 = ADVANCED_FACE ( 'NONE', ( #3751 ), #3827, .T. ) ;
#6930 = SURFACE_STYLE_FILL_AREA ( #3598 ) ;
#6931 = ORIENTED_EDGE ( 'NONE', *, *, #1908, .T. ) ;
#6933 = VERTEX_POINT ( 'NONE', #5608 ) ;
#6932 = CARTESIAN_POINT ( 'NONE',  ( -114.3499999999999943, 14.04996949999999956, 34.77002669999999540 ) ) ;
#6934 = ORIENTED_EDGE ( 'NONE', *, *, #520, .F. ) ;
#6935 = DIRECTION ( 'NONE',  ( 0.000000000000000000, 1.000000000000000000, 0.000000000000000000 ) ) ;
#6936 = LINE ( 'NONE', #2751, #539 ) ;
#6937 = DIRECTION ( 'NONE',  ( -1.000000000000000000, 0.000000000000000000, 0.000000000000000000 ) ) ;
#6938 = CARTESIAN_POINT ( 'NONE',  ( -101.7523658318999935, 5.487361410471999434, 41.85962012310999825 ) ) ;
#6939 = ORIENTED_EDGE ( 'NONE', *, *, #5147, .T. ) ;
#6940 = ADVANCED_FACE ( 'NONE', ( #6991 ), #351, .T. ) ;
#6941 = DIRECTION ( 'NONE',  ( 0.000000000000000000, 0.000000000000000000, 1.000000000000000000 ) ) ;
#6942 = EDGE_CURVE ( 'NONE', #217, #4524, #6970, .T. ) ;
#6943 = VERTEX_POINT ( 'NONE', #4838 ) ;
#6944 = EDGE_CURVE ( 'NONE', #664, #2845, #8478, .T. ) ;
#6945 = LINE ( 'NONE', #4293, #740 ) ;
#6946 = VECTOR ( 'NONE', #4556, 1000.000000000000000 ) ;
#6947 = CARTESIAN_POINT ( 'NONE',  ( -108.8500133649706925, 10.80695744556224902, 44.23143953248050053 ) ) ;
#6948 = ORIENTED_EDGE ( 'NONE', *, *, #1899, .F. ) ;
#6949 = PRODUCT_DEFINITION_SHAPE ( 'NONE', 'NONE',  #935 ) ;
#6950 = COLOUR_RGB ( '',0.7921568627450980005, 0.8196078431372548767, 0.9333333333333333481 ) ;
#6951 = ORIENTED_EDGE ( 'NONE', *, *, #6823, .T. ) ;
#6952 = ORIENTED_EDGE ( 'NONE', *, *, #6911, .F. ) ;
#6953 = CARTESIAN_POINT ( 'NONE',  ( -171.5240056517999960, 13.64996830000000116, 35.17002670000000109 ) ) ;
#6954 = DIRECTION ( 'NONE',  ( 1.000000000000000000, 0.000000000000000000, 0.000000000000000000 ) ) ;
#6955 = VERTEX_POINT ( 'NONE', #3748 ) ;
#6956 = APPLICATION_CONTEXT ( 'automotive_design' ) ;
#6957 = EDGE_CURVE ( 'NONE', #9230, #15, #6876, .T. ) ;
#6958 = LINE ( 'NONE', #1787, #816 ) ;
#6959 = DIRECTION ( 'NONE',  ( 0.000000000000000000, 0.000000000000000000, -1.000000000000000000 ) ) ;
#6960 = ORIENTED_EDGE ( 'NONE', *, *, #1447, .F. ) ;
#6961 = VERTEX_POINT ( 'NONE', #5856 ) ;
#6962 = FACE_OUTER_BOUND ( 'NONE', #4832, .T. ) ;
#6963 = CYLINDRICAL_SURFACE ( 'NONE', #3807, 15.54996890000000320 ) ;
#6964 = DIRECTION ( 'NONE',  ( 0.000000000000000000, 0.000000000000000000, 1.000000000000000000 ) ) ;
#6965 = CARTESIAN_POINT ( 'NONE',  ( -106.4000177000000065, 13.64996830000000116, 34.77002669999999540 ) ) ;
#6966 = DIRECTION ( 'NONE',  ( -1.000000000000000000, 0.000000000000000000, 0.000000000000000000 ) ) ;
#6967 = AXIS2_PLACEMENT_3D ( 'NONE', #2876, #5678, #775 ) ;
#6968 = ORIENTED_EDGE ( 'NONE', *, *, #7343, .T. ) ;
#6969 = AXIS2_PLACEMENT_3D ( 'NONE', #2900, #677, #5822 ) ;
#6970 = LINE ( 'NONE', #3434, #3908 ) ;
#6971 = ORIENTED_EDGE ( 'NONE', *, *, #1738, .F. ) ;
#6972 = DIRECTION ( 'NONE',  ( 0.8326470451439198506, 0.5538040250965130529, 0.000000000000000000 ) ) ;
#6973 = DIRECTION ( 'NONE',  ( 1.291895883200000202E-14, 0.000000000000000000, -1.000000000000000000 ) ) ;
#6974 = VERTEX_POINT ( 'NONE', #1455 ) ;
#6975 = FACE_OUTER_BOUND ( 'NONE', #2555, .T. ) ;
#6976 = EDGE_LOOP ( 'NONE', ( #5501, #2379, #2814, #1986, #401 ) ) ;
#6977 = PLANE ( 'NONE',  #1067 ) ;
#6978 = LINE ( 'NONE', #1665, #3705 ) ;
#6979 = ORIENTED_EDGE ( 'NONE', *, *, #224, .F. ) ;
#6980 = CARTESIAN_POINT ( 'NONE',  ( -114.3499999999999943, -1.199999999999999956, 38.42001940000000104 ) ) ;
#6981 = CARTESIAN_POINT ( 'NONE',  ( -123.6925348012999990, -7.499987700000000146, 40.12001599999999968 ) ) ;
#6982 = LINE ( 'NONE', #5547, #506 ) ;
#6983 = CARTESIAN_POINT ( 'NONE',  ( -108.8500070000000051, 12.48618671327999863, 44.27001270000000233 ) ) ;
#6984 = CARTESIAN_POINT ( 'NONE',  ( -119.8499929999999978, 10.46874091581999977, 43.77001270000000233 ) ) ;
#6985 = CARTESIAN_POINT ( 'NONE',  ( -98.50003170000000807, 9.649978300000000786, 32.77003069999999951 ) ) ;
#6986 = CARTESIAN_POINT ( 'NONE',  ( -123.7166285867042177, -1.199866124090516406, 43.23669402019268659 ) ) ;
#6987 = ORIENTED_EDGE ( 'NONE', *, *, #6587, .F. ) ;
#6988 = DIRECTION ( 'NONE',  ( 0.000000000000000000, 1.000000000000000000, 0.000000000000000000 ) ) ;
#6989 = PLANE ( 'NONE',  #2498 ) ;
#6990 = AXIS2_PLACEMENT_3D ( 'NONE', #1772, #6805, #8182 ) ;
#6991 = FACE_OUTER_BOUND ( 'NONE', #8924, .T. ) ;
#6992 = AXIS2_PLACEMENT_3D ( 'NONE', #5076, #1065, #2520 ) ;
#6993 = VERTEX_POINT ( 'NONE', #2199 ) ;
#6994 = EDGE_CURVE ( 'NONE', #2493, #3441, #3801, .T. ) ;
#6995 = ORIENTED_EDGE ( 'NONE', *, *, #1795, .F. ) ;
#6996 = VECTOR ( 'NONE', #5515, 1000.000000000000000 ) ;
#6997 = TOROIDAL_SURFACE ( 'NONE', #1936, 13.29997239999999969, 0.5000000000000000000 ) ;
#6998 = CARTESIAN_POINT ( 'NONE',  ( -114.3499999999999943, -1.199999999999999956, 48.49499924999999934 ) ) ;
#6999 = FILL_AREA_STYLE_COLOUR ( '', #7130 ) ;
#7000 = EDGE_CURVE ( 'NONE', #258, #8355, #659, .T. ) ;
#7001 = VERTEX_POINT ( 'NONE', #8063 ) ;
#7002 = DIRECTION ( 'NONE',  ( -0.2713177453275932849, 0.9624898342685762609, 1.452329085373921017E-14 ) ) ;
#7003 = DIRECTION ( 'NONE',  ( -1.000000000000000000, 0.000000000000000000, 0.000000000000000000 ) ) ;
#7004 = LINE ( 'NONE', #6778, #3846 ) ;
#7005 = MECHANICAL_DESIGN_GEOMETRIC_PRESENTATION_REPRESENTATION (  '', ( #993 ), #2101 ) ;
#7006 = CARTESIAN_POINT ( 'NONE',  ( -121.5139324297845889, 7.450049821729379573, 44.14441529616210858 ) ) ;
#7007 = CARTESIAN_POINT ( 'NONE',  ( -101.8261299726000004, 5.233584050740000215, 42.16409854586999728 ) ) ;
#7008 = VERTEX_POINT ( 'NONE', #6343 ) ;
#7009 = DIRECTION ( 'NONE',  ( 0.000000000000000000, -1.000000000000000000, 0.000000000000000000 ) ) ;
#7010 = CLOSED_SHELL ( 'NONE', ( #8757, #3905, #3409, #5486, #1737, #4199, #7368, #3325, #3455, #4834, #6160, #7497 ) ) ;
#7011 = CARTESIAN_POINT ( 'NONE',  ( -103.4500217999999876, -1.199999999999999956, 41.11078210476999573 ) ) ;
#7012 = EDGE_CURVE ( 'NONE', #1331, #994, #614, .T. ) ;
#7013 = CYLINDRICAL_SURFACE ( 'NONE', #5895, 0.4999989999999992496 ) ;
#7014 = ADVANCED_FACE ( 'NONE', ( #784 ), #6844, .F. ) ;
#7015 = ORIENTED_EDGE ( 'NONE', *, *, #1475, .F. ) ;
#7016 = CARTESIAN_POINT ( 'NONE',  ( -110.8500524786815333, 11.55442166735433851, 44.23877766949475188 ) ) ;
#7017 = CARTESIAN_POINT ( 'NONE',  ( -127.9636142955999958, -5.018380076777999577, 35.17554838223999525 ) ) ;
#7018 = EDGE_CURVE ( 'NONE', #3503, #293, #6936, .T. ) ;
#7019 = DIRECTION ( 'NONE',  ( 1.000000000000000000, 0.000000000000000000, 0.000000000000000000 ) ) ;
#7020 = LINE ( 'NONE', #6022, #687 ) ;
#7021 = EDGE_CURVE ( 'NONE', #9033, #936, #3665, .T. ) ;
#7022 = DIRECTION ( 'NONE',  ( 0.000000000000000000, 0.000000000000000000, 1.000000000000000000 ) ) ;
#7023 = ORIENTED_EDGE ( 'NONE', *, *, #3424, .F. ) ;
#7024 = CARTESIAN_POINT ( 'NONE',  ( -101.2026970894296198, 2.162399918053751424, 42.19326236674643837 ) ) ;
#7025 = ADVANCED_FACE ( 'NONE', ( #6822 ), #7082, .F. ) ;
#7026 = VERTEX_POINT ( 'NONE', #3956 ) ;
#7027 = LINE ( 'NONE', #5706, #767 ) ;
#7028 = LINE ( 'NONE', #2225, #3866 ) ;
#7029 = VERTEX_POINT ( 'NONE', #5328 ) ;
#7030 = CARTESIAN_POINT ( 'NONE',  ( -130.1999682999999948, -12.04997829999999936, 34.77002669999999540 ) ) ;
#7031 = CARTESIAN_POINT ( 'NONE',  ( -114.3499999999999943, -1.199999999999999956, 41.11078210476999573 ) ) ;
#7032 = EDGE_CURVE ( 'NONE', #2175, #3826, #6958, .T. ) ;
#7033 = CARTESIAN_POINT ( 'NONE',  ( -114.3499999999999943, 12.79997200000000035, 32.77003069999999951 ) ) ;
#7034 = VERTEX_POINT ( 'NONE', #3219 ) ;
#7035 = AXIS2_PLACEMENT_3D ( 'NONE', #2903, #5707, #4348 ) ;
#7036 = LINE ( 'NONE', #7738, #765 ) ;
#7037 = EDGE_CURVE ( 'NONE', #6814, #2990, #3684, .T. ) ;
#7038 = EDGE_LOOP ( 'NONE', ( #5851, #5108, #2644, #2430 ) ) ;
#7039 = CARTESIAN_POINT ( 'NONE',  ( -114.3499999999999943, -1.199999999996999911, 42.27001269999999522 ) ) ;
#7040 = EDGE_CURVE ( 'NONE', #6173, #8111, #3965, .T. ) ;
#7041 = DIRECTION ( 'NONE',  ( -1.000000000000000000, -3.803381221079146020E-13, 0.000000000000000000 ) ) ;
#7042 = ORIENTED_EDGE ( 'NONE', *, *, #7638, .T. ) ;
#7043 = DIRECTION ( 'NONE',  ( 0.000000000000000000, 2.664540588181999911E-14, 1.000000000000000000 ) ) ;
#7044 =( NAMED_UNIT ( * ) PLANE_ANGLE_UNIT ( ) SI_UNIT ( $, .RADIAN. ) );
#7045 = PLANE ( 'NONE',  #5116 ) ;
#7046 = EDGE_CURVE ( 'NONE', #8510, #2278, #626, .T. ) ;
#7047 = DIRECTION ( 'NONE',  ( 0.000000000000000000, 0.000000000000000000, -1.000000000000000000 ) ) ;
#7048 = DIRECTION ( 'NONE',  ( -2.603850600899668675E-14, -1.000000000000000000, 1.220554969171719613E-14 ) ) ;
#7049 = CARTESIAN_POINT ( 'NONE',  ( -103.3432525517999920, -11.65820748572999932, 34.77002669999999540 ) ) ;
#7050 = ORIENTED_EDGE ( 'NONE', *, *, #3558, .F. ) ;
#7051 = CARTESIAN_POINT ( 'NONE',  ( -121.1999822999999878, -16.44996829999999832, 36.27002670000000251 ) ) ;
#7052 = VECTOR ( 'NONE', #7370, 1000.000000000000000 ) ;
#7053 = AXIS2_PLACEMENT_3D ( 'NONE', #1448, #1389, #5083 ) ;
#7054 = EDGE_CURVE ( 'NONE', #972, #4169, #7110, .T. ) ;
#7055 = ORIENTED_EDGE ( 'NONE', *, *, #7032, .T. ) ;
#7056 = VECTOR ( 'NONE', #8940, 1000.000000000000000 ) ;
#7057 = EDGE_LOOP ( 'NONE', ( #915, #7985, #6837, #3655 ) ) ;
#7058 = AXIS2_PLACEMENT_3D ( 'NONE', #390, #4636, #2359 ) ;
#7059 = DIRECTION ( 'NONE',  ( 0.000000000000000000, 1.000000000000000000, 0.000000000000000000 ) ) ;
#7060 = FACE_OUTER_BOUND ( 'NONE', #3817, .T. ) ;
#7061 = ORIENTED_EDGE ( 'NONE', *, *, #5874, .T. ) ;
#7062 = DIRECTION ( 'NONE',  ( 0.000000000000000000, -0.05815384271280208545, -0.9983076332362358363 ) ) ;
#7063 = VERTEX_POINT ( 'NONE', #8264 ) ;
#7064 = DIRECTION ( 'NONE',  ( 0.000000000000000000, 0.000000000000000000, 1.000000000000000000 ) ) ;
#7065 = CIRCLE ( 'NONE', #7610, 14.16259303397999147 ) ;
#7066 = DIRECTION ( 'NONE',  ( 0.000000000000000000, 0.000000000000000000, 1.000000000000000000 ) ) ;
#7067 = DIRECTION ( 'NONE',  ( 0.000000000000000000, 0.000000000000000000, -1.000000000000000000 ) ) ;
#7068 = ORIENTED_EDGE ( 'NONE', *, *, #2236, .F. ) ;
#7069 = AXIS2_PLACEMENT_3D ( 'NONE', #134, #3, #4335 ) ;
#7070 = DIRECTION ( 'NONE',  ( 0.000000000000000000, 0.000000000000000000, -1.000000000000000000 ) ) ;
#7071 = CIRCLE ( 'NONE', #9322, 14.16259303398000391 ) ;
#7072 = VECTOR ( 'NONE', #7461, 1000.000000000000114 ) ;
#7073 = CARTESIAN_POINT ( 'NONE',  ( -114.3499999999999943, -1.199999999999999956, 34.77002669999999540 ) ) ;
#7074 = ORIENTED_EDGE ( 'NONE', *, *, #6706, .F. ) ;
#7075 = EDGE_CURVE ( 'NONE', #8027, #6918, #3887, .T. ) ;
#7076 = VECTOR ( 'NONE', #1923, 1000.000000000000000 ) ;
#7077 = ORIENTED_EDGE ( 'NONE', *, *, #5762, .T. ) ;
#7078 = DIRECTION ( 'NONE',  ( 0.000000000000000000, 0.000000000000000000, -1.000000000000000000 ) ) ;
#7079 = CARTESIAN_POINT ( 'NONE',  ( -114.3499999999999943, -9.755265989601001664, 34.25335726875999853 ) ) ;
#7080 = ADVANCED_FACE ( 'NONE', ( #3812 ), #641, .F. ) ;
#7081 = CARTESIAN_POINT ( 'NONE',  ( -125.3567474481999966, 9.258207485727000474, 34.77002669999999540 ) ) ;
#7082 = CYLINDRICAL_SURFACE ( 'NONE', #1698, 12.49997499999999917 ) ;
#7083 = CARTESIAN_POINT ( 'NONE',  ( -103.3500525855999967, -1.174060034175000045, 41.77001269999999522 ) ) ;
#7084 = ORIENTED_EDGE ( 'NONE', *, *, #5935, .T. ) ;
#7085 = FACE_OUTER_BOUND ( 'NONE', #7597, .T. ) ;
#7086 = AXIS2_PLACEMENT_3D ( 'NONE', #310, #1581, #3065 ) ;
#7087 = CARTESIAN_POINT ( 'NONE',  ( -100.6565374388999885, 5.782165712611000430, 34.77002669999999540 ) ) ;
#7088 = DIRECTION ( 'NONE',  ( -1.000000000000000000, 0.000000000000000000, 0.000000000000000000 ) ) ;
#7089 = CARTESIAN_POINT ( 'NONE',  ( -104.4000177000000065, -17.04996829999999974, 36.27002670000000251 ) ) ;
#7090 = ORIENTED_EDGE ( 'NONE', *, *, #7763, .T. ) ;
#7091 = ORIENTED_EDGE ( 'NONE', *, *, #764, .T. ) ;
#7092 = ORIENTED_EDGE ( 'NONE', *, *, #7122, .F. ) ;
#7093 = ORIENTED_EDGE ( 'NONE', *, *, #565, .F. ) ;
#7094 = DIRECTION ( 'NONE',  ( 0.000000000000000000, 0.000000000000000000, 1.000000000000000000 ) ) ;
#7095 = ADVANCED_FACE ( 'NONE', ( #585, #732 ), #4132, .F. ) ;
#7096 = CARTESIAN_POINT ( 'NONE',  ( -103.5764991983694614, 9.061527389332523441, 40.30070998202666033 ) ) ;
#7097 = CYLINDRICAL_SURFACE ( 'NONE', #4546, 1.599996800000001329 ) ;
#7098 = CARTESIAN_POINT ( 'NONE',  ( -121.2562039745999982, 7.232904091842999428, 44.27001270000000233 ) ) ;
#7099 = DIRECTION ( 'NONE',  ( -3.842899732484829885E-14, 0.8322944678662629325, -0.5543337611576749646 ) ) ;
#7100 = AXIS2_PLACEMENT_3D ( 'NONE', #4198, #1385, #2115 ) ;
#7101 = CARTESIAN_POINT ( 'NONE',  ( -99.80633686361001367, -5.559410026495999801, 34.77002669999999540 ) ) ;
#7102 = AXIS2_PLACEMENT_3D ( 'NONE', #8473, #6528, #8336 ) ;
#7103 = CARTESIAN_POINT ( 'NONE',  ( -99.80515123802999256, 3.156028546633000254, 34.77002669999999540 ) ) ;
#7104 = DIRECTION ( 'NONE',  ( 0.000000000000000000, 0.000000000000000000, 1.000000000000000000 ) ) ;
#7105 = DIRECTION ( 'NONE',  ( 0.8671195539732948765, 0.4981000693807965396, 0.000000000000000000 ) ) ;
#7106 = ORIENTED_EDGE ( 'NONE', *, *, #5990, .F. ) ;
#7107 = EDGE_CURVE ( 'NONE', #8136, #3231, #3873, .T. ) ;
#7108 = DIRECTION ( 'NONE',  ( 0.000000000000000000, -1.000000000000000000, 0.000000000000000000 ) ) ;
#7109 = CARTESIAN_POINT ( 'NONE',  ( -124.2051246231999926, -10.93130265547999969, 41.17001390000000072 ) ) ;
#7110 = LINE ( 'NONE', #9136, #701 ) ;
#7111 = ORIENTED_EDGE ( 'NONE', *, *, #8479, .T. ) ;
#7112 = FACE_OUTER_BOUND ( 'NONE', #2867, .T. ) ;
#7113 = LINE ( 'NONE', #6853, #7246 ) ;
#7114 = ORIENTED_EDGE ( 'NONE', *, *, #2846, .T. ) ;
#7115 = EDGE_CURVE ( 'NONE', #472, #2484, #7036, .T. ) ;
#7116 = EDGE_CURVE ( 'NONE', #6248, #6241, #7136, .T. ) ;
#7117 = DIRECTION ( 'NONE',  ( 0.6442706549567877028, 0.7647975700546857381, 0.000000000000000000 ) ) ;
#7118 =( GEOMETRIC_REPRESENTATION_CONTEXT ( 3 ) GLOBAL_UNCERTAINTY_ASSIGNED_CONTEXT ( ( #3545 ) ) GLOBAL_UNIT_ASSIGNED_CONTEXT ( ( #8597, #8399, #2729 ) ) REPRESENTATION_CONTEXT ( 'NONE', 'WORKASPACE' ) );
#7119 =( NAMED_UNIT ( * ) PLANE_ANGLE_UNIT ( ) SI_UNIT ( $, .RADIAN. ) );
#7120 = ORIENTED_EDGE ( 'NONE', *, *, #5394, .F. ) ;
#7121 = PRODUCT_DEFINITION_SHAPE ( 'NONE', 'NONE',  #4622 ) ;
#7122 = EDGE_CURVE ( 'NONE', #4831, #7592, #7313, .T. ) ;
#7123 = DIRECTION ( 'NONE',  ( 0.000000000000000000, -1.286010908879000018E-14, -1.000000000000000000 ) ) ;
#7124 = CARTESIAN_POINT ( 'NONE',  ( -105.7500172000000020, -1.199999999999999956, 40.12001599999999968 ) ) ;
#7125 = VERTEX_POINT ( 'NONE', #4194 ) ;
#7126 = DIRECTION ( 'NONE',  ( -1.290200585258000030E-14, 0.000000000000000000, -1.000000000000000000 ) ) ;
#7127 = CARTESIAN_POINT ( 'NONE',  ( -100.7156874904000148, -5.032044341766999551, 34.77002669999999540 ) ) ;
#7128 = CARTESIAN_POINT ( 'NONE',  ( -124.4847339485000077, -11.09273517477000048, 34.77002669999999540 ) ) ;
#7129 = EDGE_CURVE ( 'NONE', #5095, #8732, #7271, .T. ) ;
#7130 = COLOUR_RGB ( '',0.7921568627450980005, 0.8196078431372548767, 0.9333333333333333481 ) ;
#7131 = ORIENTED_EDGE ( 'NONE', *, *, #2209, .T. ) ;
#7132 = DIRECTION ( 'NONE',  ( -4.437363592924000221E-12, 1.000000000000000000, -1.305106939095000140E-13 ) ) ;
#7133 = DIRECTION ( 'NONE',  ( 0.000000000000000000, 0.000000000000000000, 1.000000000000000000 ) ) ;
#7134 = DIRECTION ( 'NONE',  ( 2.305739839490894712E-14, -0.8322944678662629325, -0.5543337611576749646 ) ) ;
#7135 = DIRECTION ( 'NONE',  ( 0.000000000000000000, 0.000000000000000000, -1.000000000000000000 ) ) ;
#7136 = LINE ( 'NONE', #8332, #7355 ) ;
#7137 = EDGE_CURVE ( 'NONE', #4831, #3345, #7371, .T. ) ;
#7138 = EDGE_CURVE ( 'NONE', #3441, #1968, #4005, .T. ) ;
#7139 = FILL_AREA_STYLE_COLOUR ( '', #7653 ) ;
#7140 = EDGE_LOOP ( 'NONE', ( #9335, #1921, #5700, #6703, #2656, #3810, #9250 ) ) ;
#7141 = ORIENTED_EDGE ( 'NONE', *, *, #9234, .T. ) ;
#7142 = CARTESIAN_POINT ( 'NONE',  ( -114.3499999999999943, 6.699984196275999615, 48.12000000000000455 ) ) ;
#7143 = DIRECTION ( 'NONE',  ( 0.000000000000000000, 1.000000000000000000, 0.000000000000000000 ) ) ;
#7144 =( GEOMETRIC_REPRESENTATION_CONTEXT ( 3 ) GLOBAL_UNCERTAINTY_ASSIGNED_CONTEXT ( ( #5855 ) ) GLOBAL_UNIT_ASSIGNED_CONTEXT ( ( #2593, #7044, #613 ) ) REPRESENTATION_CONTEXT ( 'NONE', 'WORKASPACE' ) );
#7145 = DIRECTION ( 'NONE',  ( -5.232368401156000188E-13, -1.168751854823000054E-12, -1.000000000000000000 ) ) ;
#7146 = EDGE_CURVE ( 'NONE', #5205, #2383, #1166, .T. ) ;
#7147 = CARTESIAN_POINT ( 'NONE',  ( -119.4776496039000051, -11.69997870000000084, 41.77001269999999522 ) ) ;
#7148 = ORIENTED_EDGE ( 'NONE', *, *, #3701, .F. ) ;
#7149 = EDGE_CURVE ( 'NONE', #8150, #6882, #1041, .T. ) ;
#7150 = CIRCLE ( 'NONE', #512, 12.89997820000000317 ) ;
#7151 = ORIENTED_EDGE ( 'NONE', *, *, #7018, .F. ) ;
#7152 = DIRECTION ( 'NONE',  ( 0.000000000000000000, 0.000000000000000000, -1.000000000000000000 ) ) ;
#7153 = CIRCLE ( 'NONE', #1618, 0.4999989999999992496 ) ;
#7154 = DIRECTION ( 'NONE',  ( 0.000000000000000000, 0.000000000000000000, 1.000000000000000000 ) ) ;
#7155 = VECTOR ( 'NONE', #5900, 1000.000000000000000 ) ;
#7156 = ORIENTED_EDGE ( 'NONE', *, *, #7955, .F. ) ;
#7157 = CARTESIAN_POINT ( 'NONE',  ( -117.8499929999999978, -14.70376875508000047, 38.42001940000000104 ) ) ;
#7158 = DIRECTION ( 'NONE',  ( -2.655179182970998661E-08, -2.668671307082998413E-08, -0.9999999999999993339 ) ) ;
#7159 = ORIENTED_EDGE ( 'NONE', *, *, #4705, .T. ) ;
#7160 = AXIS2_PLACEMENT_3D ( 'NONE', #5245, #968, #3999 ) ;
#7161 = DIRECTION ( 'NONE',  ( 1.325368166609000190E-13, -1.000000000000000000, -1.223416769177000037E-13 ) ) ;
#7162 = DIRECTION ( 'NONE',  ( -0.5639348995864028602, -0.8258192471894039155, 0.000000000000000000 ) ) ;
#7163 = CARTESIAN_POINT ( 'NONE',  ( -102.5884182126000042, 6.446543557624999643, 42.19945905085000248 ) ) ;
#7164 = DIRECTION ( 'NONE',  ( 0.000000000000000000, 0.000000000000000000, -1.000000000000000000 ) ) ;
#7165 = VERTEX_POINT ( 'NONE', #4642 ) ;
#7166 = DIRECTION ( 'NONE',  ( 0.000000000000000000, 0.000000000000000000, 1.000000000000000000 ) ) ;
#7167 = CARTESIAN_POINT ( 'NONE',  ( -101.6192829370999959, 7.073841506390999179, 39.86605802304000434 ) ) ;
#7168 = EDGE_CURVE ( 'NONE', #9009, #3535, #4021, .T. ) ;
#7169 = LINE ( 'NONE', #7981, #1068 ) ;
#7170 = AXIS2_PLACEMENT_3D ( 'NONE', #3246, #5497, #5432 ) ;
#7171 = EDGE_LOOP ( 'NONE', ( #651, #5618 ) ) ;
#7172 = FACE_OUTER_BOUND ( 'NONE', #5390, .T. ) ;
#7173 = ORIENTED_EDGE ( 'NONE', *, *, #2439, .F. ) ;
#7174 = EDGE_CURVE ( 'NONE', #2990, #754, #7342, .T. ) ;
#7175 = VERTEX_POINT ( 'NONE', #7561 ) ;
#7176 = CARTESIAN_POINT ( 'NONE',  ( -117.8499760958654150, 11.40766969888040094, 44.15926037778331192 ) ) ;
#7177 = AXIS2_PLACEMENT_3D ( 'NONE', #6953, #1110, #8280 ) ;
#7178 = ORIENTED_EDGE ( 'NONE', *, *, #503, .F. ) ;
#7179 = CARTESIAN_POINT ( 'NONE',  ( -114.3499999999999943, -1.199999999999999956, 43.77001270000000233 ) ) ;
#7180 = DIRECTION ( 'NONE',  ( 0.000000000000000000, 1.000000000000000000, 0.000000000000000000 ) ) ;
#7181 = LINE ( 'NONE', #6659, #1153 ) ;
#7182 = CARTESIAN_POINT ( 'NONE',  ( -126.5333679703999934, -9.157829360528999985, 35.77002470000000045 ) ) ;
#7183 = PLANE ( 'NONE',  #7740 ) ;
#7184 = EDGE_CURVE ( 'NONE', #5550, #1535, #3992, .T. ) ;
#7185 = EDGE_LOOP ( 'NONE', ( #6695, #9173, #6662, #4310 ) ) ;
#7186 = FACE_OUTER_BOUND ( 'NONE', #953, .T. ) ;
#7187 = PLANE ( 'NONE',  #7053 ) ;
#7188 = ORIENTED_EDGE ( 'NONE', *, *, #3888, .F. ) ;
#7189 = VERTEX_POINT ( 'NONE', #1154 ) ;
#7190 = EDGE_LOOP ( 'NONE', ( #3912, #2474, #8652, #6979, #4201, #6896, #7114, #6886, #5584, #3756, #3251, #1066, #5894, #4526, #7148, #6206, #3833, #6378, #6365, #1107, #320, #1420 ) ) ;
#7191 = CARTESIAN_POINT ( 'NONE',  ( -127.7977735960999723, 2.597219743711999929, 38.01443237155000077 ) ) ;
#7192 = CARTESIAN_POINT ( 'NONE',  ( -106.6398761140000033, 8.447584131454998868, 41.11078210476999573 ) ) ;
#7193 = DIRECTION ( 'NONE',  ( 0.8878576014490088264, 0.4601183321160037809, 0.000000000000000000 ) ) ;
#7194 = AXIS2_PLACEMENT_3D ( 'NONE', #7039, #1883, #8373 ) ;
#7195 = DIRECTION ( 'NONE',  ( -1.000000000000000000, 0.000000000000000000, 0.000000000000000000 ) ) ;
#7196 = LINE ( 'NONE', #3372, #954 ) ;
#7197 = AXIS2_PLACEMENT_3D ( 'NONE', #6050, #9062, #8881 ) ;
#7198 = DIRECTION ( 'NONE',  ( -0.9642703489853208243, -0.2649201654607057366, 0.000000000000000000 ) ) ;
#7199 = ORIENTED_EDGE ( 'NONE', *, *, #2817, .T. ) ;
#7200 = FACE_OUTER_BOUND ( 'NONE', #6461, .T. ) ;
#7201 = ORIENTED_EDGE ( 'NONE', *, *, #3957, .T. ) ;
#7202 = CARTESIAN_POINT ( 'NONE',  ( -106.6398761140000033, 8.947583131454999616, 41.77001269999999522 ) ) ;
#7203 = DIRECTION ( 'NONE',  ( 0.000000000000000000, 0.000000000000000000, 1.000000000000000000 ) ) ;
#7204 = VERTEX_POINT ( 'NONE', #1851 ) ;
#7205 = CARTESIAN_POINT ( 'NONE',  ( -114.3499999999999943, 14.04996949999999956, 32.77003069999999951 ) ) ;
#7206 = CARTESIAN_POINT ( 'NONE',  ( -124.8521458412677561, -11.30486052991810375, 40.73536194101333052 ) ) ;
#7207 = SHAPE_REPRESENTATION_RELATIONSHIP ( 'NONE' , 'NONE' ,  #2614, #6075 ) ;
#7208 = EDGE_CURVE ( 'NONE', #3508, #6110, #1108, .T. ) ;
#7209 = ORIENTED_EDGE ( 'NONE', *, *, #2014, .F. ) ;
#7210 = DIRECTION ( 'NONE',  ( 1.000000000000000000, -2.643723864836386055E-13, 0.000000000000000000 ) ) ;
#7211 = LINE ( 'NONE', #2253, #4259 ) ;
#7212 = STYLED_ITEM ( 'NONE', ( #7471 ), #4946 ) ;
#7213 = ORIENTED_EDGE ( 'NONE', *, *, #9336, .F. ) ;
#7214 = CARTESIAN_POINT ( 'NONE',  ( -126.8499683000000005, -13.73473213867000098, 34.77002669999999540 ) ) ;
#7215 = CYLINDRICAL_SURFACE ( 'NONE', #8395, 13.84997229999999924 ) ;
#7216 = EDGE_CURVE ( 'NONE', #2287, #6252, #7211, .T. ) ;
#7217 = CARTESIAN_POINT ( 'NONE',  ( -98.50003170000000807, 9.649978300000000786, 32.77003069999999951 ) ) ;
#7218 = DIRECTION ( 'NONE',  ( 1.000000000000000000, 0.000000000000000000, 0.000000000000000000 ) ) ;
#7219 = ORIENTED_EDGE ( 'NONE', *, *, #5293, .F. ) ;
#7220 = CARTESIAN_POINT ( 'NONE',  ( -119.0074371987000035, -12.83331034679999938, 41.77001269999999522 ) ) ;
#7221 = CARTESIAN_POINT ( 'NONE',  ( -104.2404921494272116, 7.861594095672332472, 42.19401522911335434 ) ) ;
#7222 = CARTESIAN_POINT ( 'NONE',  ( -100.9053967112999999, 2.520801526457999930, 38.42001940000000104 ) ) ;
#7223 = CARTESIAN_POINT ( 'NONE',  ( -124.2999822999999964, 14.04996829999999974, 36.27002670000000251 ) ) ;
#7224 = CARTESIAN_POINT ( 'NONE',  ( -120.8235727346000061, 6.868452604008999707, 44.21443831260999957 ) ) ;
#7225 = VERTEX_POINT ( 'NONE', #3547 ) ;
#7226 = DIRECTION ( 'NONE',  ( 1.000000000000000000, 0.000000000000000000, 0.000000000000000000 ) ) ;
#7227 = CARTESIAN_POINT ( 'NONE',  ( -100.4000168074000072, 2.812582749990000242, 37.97002029999999451 ) ) ;
#7228 = ADVANCED_FACE ( 'NONE', ( #7401 ), #7240, .T. ) ;
#7229 = VECTOR ( 'NONE', #6028, 1000.000000000000000 ) ;
#7230 = VERTEX_POINT ( 'NONE', #2111 ) ;
#7231 = PRESENTATION_LAYER_ASSIGNMENT (  '', '', ( #4916 ) ) ;
#7232 = FACE_OUTER_BOUND ( 'NONE', #6257, .T. ) ;
#7233 = PRODUCT_DEFINITION_SHAPE ( 'NONE', 'NONE',  #4506 ) ;
#7234 = VERTEX_POINT ( 'NONE', #1566 ) ;
#7235 = EDGE_CURVE ( 'NONE', #6670, #7579, #4186, .T. ) ;
#7236 = EDGE_CURVE ( 'NONE', #1295, #8510, #1011, .T. ) ;
#7237 = CARTESIAN_POINT ( 'NONE',  ( -104.4000177000000065, -17.04996829999999974, 36.27002670000000251 ) ) ;
#7238 =( LENGTH_UNIT ( ) NAMED_UNIT ( * ) SI_UNIT ( .MILLI., .METRE. ) );
#7239 = ORIENTED_EDGE ( 'NONE', *, *, #1520, .T. ) ;
#7240 = PLANE ( 'NONE',  #4013 ) ;
#7241 = AXIS2_PLACEMENT_3D ( 'NONE', #9303, #7897, #7715 ) ;
#7242 = CARTESIAN_POINT ( 'NONE',  ( -104.8915357146999980, 8.165857385702000926, 42.27001269999999522 ) ) ;
#7243 = DIRECTION ( 'NONE',  ( 0.000000000000000000, 0.000000000000000000, -1.000000000000000000 ) ) ;
#7244 = ORIENTED_EDGE ( 'NONE', *, *, #2785, .F. ) ;
#7245 = CARTESIAN_POINT ( 'NONE',  ( -114.3499999999999943, -1.199999999999999956, 43.77001270000000233 ) ) ;
#7246 = VECTOR ( 'NONE', #3616, 1000.000000000000114 ) ;
#7247 = DIRECTION ( 'NONE',  ( 0.000000000000000000, 0.000000000000000000, 1.000000000000000000 ) ) ;
#7248 = EDGE_LOOP ( 'NONE', ( #1611, #7839 ) ) ;
#7249 = ORIENTED_EDGE ( 'NONE', *, *, #7037, .F. ) ;
#7250 = CARTESIAN_POINT ( 'NONE',  ( -127.8399598739000140, 2.621685109028000227, 37.20327971289000146 ) ) ;
#7251 = CARTESIAN_POINT ( 'NONE',  ( -114.3506579201000051, -1.183702654446000091, 41.77001269999999522 ) ) ;
#7252 = CARTESIAN_POINT ( 'NONE',  ( -119.0074371987000035, -12.36664405319999993, 41.57001309999999705 ) ) ;
#7253 = EDGE_LOOP ( 'NONE', ( #6621, #5931, #9099, #418, #6590, #2664 ) ) ;
#7254 = UNCERTAINTY_MEASURE_WITH_UNIT (LENGTH_MEASURE( 1.000000000000000082E-05 ), #5124, 'distance_accuracy_value', 'NONE');
#7255 = CARTESIAN_POINT ( 'NONE',  ( -122.1604827383000043, -12.63757369838000066, 41.17001390000000072 ) ) ;
#7256 = CARTESIAN_POINT ( 'NONE',  ( -100.8842594906000016, 2.533005106491000191, 38.01443160568999957 ) ) ;
#7257 = VECTOR ( 'NONE', #9196, 1000.000000000000000 ) ;
#7258 = CARTESIAN_POINT ( 'NONE',  ( -114.3499999999999943, -1.199999999999999956, 34.66810607353999529 ) ) ;
#7259 = CARTESIAN_POINT ( 'NONE',  ( -107.1084327561000009, 8.622093939508999938, 41.77001269999999522 ) ) ;
#7260 = EDGE_CURVE ( 'NONE', #7291, #2343, #1141, .T. ) ;
#7261 = ORIENTED_EDGE ( 'NONE', *, *, #5457, .T. ) ;
#7262 = COLOUR_RGB ( '',0.7921568627450980005, 0.8196078431372548767, 0.9333333333333333481 ) ;
#7263 = LINE ( 'NONE', #7934, #973 ) ;
#7264 = CARTESIAN_POINT ( 'NONE',  ( -124.2999822999999964, 14.64996829999999939, 34.77002669999999540 ) ) ;
#7265 = DIRECTION ( 'NONE',  ( -1.000000000000000000, 0.000000000000000000, 0.000000000000000000 ) ) ;
#7266 = ORIENTED_EDGE ( 'NONE', *, *, #7235, .T. ) ;
#7267 = DIRECTION ( 'NONE',  ( 1.000000000000000000, 0.000000000000000000, 0.000000000000000000 ) ) ;
#7268 = CARTESIAN_POINT ( 'NONE',  ( -119.8499995727852649, 10.79685818592524882, 44.22719637139261550 ) ) ;
#7269 = VERTEX_POINT ( 'NONE', #4357 ) ;
#7270 = EDGE_CURVE ( 'NONE', #6961, #8398, #4285, .T. ) ;
#7271 = CIRCLE ( 'NONE', #301, 13.79997239999999614 ) ;
#7272 = VERTEX_POINT ( 'NONE', #5075 ) ;
#7273 = CARTESIAN_POINT ( 'NONE',  ( -126.5601148860999956, -3.053371084956000292, 42.57001110000000210 ) ) ;
#7274 = CIRCLE ( 'NONE', #3682, 15.18313571720999988 ) ;
#7275 = CARTESIAN_POINT ( 'NONE',  ( -125.0806700061745431, 6.215787607624953637, 44.12094818265094176 ) ) ;
#7276 = CARTESIAN_POINT ( 'NONE',  ( -114.3499999999999943, -11.29415704908000073, 33.22840623889999989 ) ) ;
#7277 = EDGE_LOOP ( 'NONE', ( #8612, #4479, #7589, #971 ) ) ;
#7278 = DIRECTION ( 'NONE',  ( 0.000000000000000000, -1.000000000000000000, 0.000000000000000000 ) ) ;
#7279 = AXIS2_PLACEMENT_3D ( 'NONE', #639, #4891, #2804 ) ;
#7280 = DIRECTION ( 'NONE',  ( 0.000000000000000000, 1.493249968120999945E-14, -1.000000000000000000 ) ) ;
#7281 = CARTESIAN_POINT ( 'NONE',  ( -99.50003170000000807, 7.649982299997000190, 35.17002670000000109 ) ) ;
#7282 = DIRECTION ( 'NONE',  ( 0.000000000000000000, 0.000000000000000000, 1.000000000000000000 ) ) ;
#7283 = DIRECTION ( 'NONE',  ( 0.000000000000000000, -1.000000000000000000, 0.000000000000000000 ) ) ;
#7284 = ORIENTED_EDGE ( 'NONE', *, *, #1164, .T. ) ;
#7285 = CARTESIAN_POINT ( 'NONE',  ( -99.80515123802999256, 3.156028546616999719, 34.77002669999999540 ) ) ;
#7286 = CARTESIAN_POINT ( 'NONE',  ( -125.1999782999999837, -17.04996829999999974, 34.77002669999999540 ) ) ;
#7287 = VECTOR ( 'NONE', #1909, 1000.000000000000000 ) ;
#7288 = EDGE_LOOP ( 'NONE', ( #7912, #645, #3159, #6563 ) ) ;
#7289 = AXIS2_PLACEMENT_3D ( 'NONE', #1751, #6152, #1623 ) ;
#7290 = ADVANCED_FACE ( 'NONE', ( #872 ), #879, .F. ) ;
#7291 = VERTEX_POINT ( 'NONE', #7799 ) ;
#7292 = AXIS2_PLACEMENT_3D ( 'NONE', #801, #4343, #1487 ) ;
#7293 = CARTESIAN_POINT ( 'NONE',  ( -117.8499930000000404, 11.62666646268520587, 44.27001269999961153 ) ) ;
#7294 = CARTESIAN_POINT ( 'NONE',  ( 0.000000000000000000, 0.000000000000000000, 0.000000000000000000 ) ) ;
#7295 = EDGE_CURVE ( 'NONE', #56, #6555, #4156, .T. ) ;
#7296 = EDGE_LOOP ( 'NONE', ( #6037, #6718, #5586, #3574, #5788, #5639, #3402, #3618, #277 ) ) ;
#7297 = CARTESIAN_POINT ( 'NONE',  ( -114.3499999999999943, -1.199999999999999956, 44.27001270000000233 ) ) ;
#7298 = DIRECTION ( 'NONE',  ( 1.000000000000000000, 0.000000000000000000, 0.000000000000000000 ) ) ;
#7299 = FACE_OUTER_BOUND ( 'NONE', #2545, .T. ) ;
#7300 = CARTESIAN_POINT ( 'NONE',  ( -104.8606142709262059, 8.479084349419952815, 42.20669766380105870 ) ) ;
#7301 = CARTESIAN_POINT ( 'NONE',  ( -108.8269493676999957, 8.832523671995000214, 41.77001269999999522 ) ) ;
#7302 = ORIENTED_EDGE ( 'NONE', *, *, #7929, .F. ) ;
#7303 = CARTESIAN_POINT ( 'NONE',  ( -108.8500070000000051, 10.46874091581999977, 41.77001269999999522 ) ) ;
#7304 = ORIENTED_EDGE ( 'NONE', *, *, #6994, .F. ) ;
#7305 = LINE ( 'NONE', #2841, #1317 ) ;
#7306 = AXIS2_PLACEMENT_3D ( 'NONE', #8645, #5883, #2897 ) ;
#7307 = ORIENTED_EDGE ( 'NONE', *, *, #1418, .T. ) ;
#7308 = EDGE_LOOP ( 'NONE', ( #4929, #408, #911, #3722, #572, #3755, #1576, #1248, #4183, #3567, #1106, #8531, #4225, #6740, #5313, #5160, #4960, #5399, #541, #588, #4320, #8380, #5363, #7889, #7266, #3425, #1731, #1620, #934, #3637, #8242, #456 ) ) ;
#7309 = DIRECTION ( 'NONE',  ( 0.000000000000000000, -1.000000000000000000, 0.000000000000000000 ) ) ;
#7310 = DIRECTION ( 'NONE',  ( 0.000000000000000000, 0.000000000000000000, -1.000000000000000000 ) ) ;
#7311 = DIRECTION ( 'NONE',  ( 0.9841394786641054493, 0.1773964107155009962, 0.000000000000000000 ) ) ;
#7312 = CARTESIAN_POINT ( 'NONE',  ( -103.7865109298000021, 8.393997296921000384, 41.17001390000000072 ) ) ;
#7313 = LINE ( 'NONE', #458, #7287 ) ;
#7314 = ORIENTED_EDGE ( 'NONE', *, *, #6105, .F. ) ;
#7315 = CARTESIAN_POINT ( 'NONE',  ( -104.5384616974999830, 3.848061228091999908, 41.95350075220999742 ) ) ;
#7316 = ORIENTED_EDGE ( 'NONE', *, *, #2334, .F. ) ;
#7317 = VECTOR ( 'NONE', #8315, 1000.000000000000000 ) ;
#7318 = EDGE_CURVE ( 'NONE', #1865, #3789, #1055, .T. ) ;
#7319 = CARTESIAN_POINT ( 'NONE',  ( -106.3648766640000076, 7.971271112002000336, 41.77001269999999522 ) ) ;
#7320 = FILL_AREA_STYLE_COLOUR ( '', #9012 ) ;
#7321 = VERTEX_POINT ( 'NONE', #5143 ) ;
#7322 = CARTESIAN_POINT ( 'NONE',  ( -114.3499999999999943, -1.199999999999999956, 43.77000869999999821 ) ) ;
#7323 = CARTESIAN_POINT ( 'NONE',  ( -114.3499999999999943, -15.19997200000000070, 33.17002990000000295 ) ) ;
#7324 = AXIS2_PLACEMENT_3D ( 'NONE', #1218, #9202, #8272 ) ;
#7325 = ORIENTED_EDGE ( 'NONE', *, *, #2698, .F. ) ;
#7326 = VECTOR ( 'NONE', #7062, 1000.000000000000000 ) ;
#7327 = ADVANCED_FACE ( 'NONE', ( #1083 ), #2982, .T. ) ;
#7328 = VERTEX_POINT ( 'NONE', #9319 ) ;
#7329 = VERTEX_POINT ( 'NONE', #5904 ) ;
#7330 = CARTESIAN_POINT ( 'NONE',  ( -121.6449104072000011, 7.560353024378999365, 43.77001270000000233 ) ) ;
#7331 = FACE_OUTER_BOUND ( 'NONE', #5651, .T. ) ;
#7332 =( NAMED_UNIT ( * ) SI_UNIT ( $, .STERADIAN. ) SOLID_ANGLE_UNIT ( ) );
#7333 = EDGE_LOOP ( 'NONE', ( #420, #2387, #2927, #5321 ) ) ;
#7334 = CARTESIAN_POINT ( 'NONE',  ( -101.6192829370999959, 7.073841506397999801, 34.77002669999999540 ) ) ;
#7335 = EDGE_CURVE ( 'NONE', #3335, #4242, #7150, .T. ) ;
#7336 = CARTESIAN_POINT ( 'NONE',  ( -104.1961625745749274, 8.145130466156397020, 41.88982383990176572 ) ) ;
#7337 = CARTESIAN_POINT ( 'NONE',  ( -101.5947763018938161, 3.120912658659261485, 42.24622470935138097 ) ) ;
#7338 = DIRECTION ( 'NONE',  ( -1.000000000000000000, 0.000000000000000000, 0.000000000000000000 ) ) ;
#7339 = ORIENTED_EDGE ( 'NONE', *, *, #7709, .F. ) ;
#7340 = B_SPLINE_CURVE_WITH_KNOTS ( 'NONE', 3,
 ( #5242, #3203, #3816, #9001 ),
 .UNSPECIFIED., .F., .F.,
 ( 4, 4 ),
 ( 0.000000000000000000, 1.000000000000000000 ),
 .UNSPECIFIED. ) ;
#7341 = DIRECTION ( 'NONE',  ( 0.000000000000000000, 0.000000000000000000, 1.000000000000000000 ) ) ;
#7342 = LINE ( 'NONE', #2494, #858 ) ;
#7343 = EDGE_CURVE ( 'NONE', #8284, #7291, #7426, .T. ) ;
#7344 = EDGE_CURVE ( 'NONE', #4633, #1879, #7181, .T. ) ;
#7345 = VERTEX_POINT ( 'NONE', #1440 ) ;
#7346 = LINE ( 'NONE', #3208, #7430 ) ;
#7347 = EDGE_LOOP ( 'NONE', ( #2326, #5833, #2173, #3500, #2630, #2829 ) ) ;
#7348 = AXIS2_PLACEMENT_3D ( 'NONE', #2325, #5910, #7527 ) ;
#7349 = PLANE ( 'NONE',  #4981 ) ;
#7350 = CARTESIAN_POINT ( 'NONE',  ( -114.3499999999999943, -1.199999999999999956, 34.66810607353999529 ) ) ;
#7351 =( NAMED_UNIT ( * ) PLANE_ANGLE_UNIT ( ) SI_UNIT ( $, .RADIAN. ) );
#7352 = ORIENTED_EDGE ( 'NONE', *, *, #3169, .T. ) ;
#7353 = EDGE_CURVE ( 'NONE', #1174, #1241, #892, .T. ) ;
#7354 = DIRECTION ( 'NONE',  ( -0.6335979621119710581, 0.7736624731803638522, 0.000000000000000000 ) ) ;
#7355 = VECTOR ( 'NONE', #573, 1000.000000000000000 ) ;
#7356 = DIRECTION ( 'NONE',  ( 1.000000000000000000, 0.000000000000000000, 0.000000000000000000 ) ) ;
#7357 = ORIENTED_EDGE ( 'NONE', *, *, #4733, .T. ) ;
#7358 = CARTESIAN_POINT ( 'NONE',  ( -126.3172866940401065, 4.620949424824122964, 44.27001270000631195 ) ) ;
#7359 = LINE ( 'NONE', #737, #7511 ) ;
#7360 = DIRECTION ( 'NONE',  ( 1.000000000000000000, 0.000000000000000000, 0.000000000000000000 ) ) ;
#7361 = ORIENTED_EDGE ( 'NONE', *, *, #1809, .T. ) ;
#7362 = AXIS2_PLACEMENT_3D ( 'NONE', #7366, #6910, #7596 ) ;
#7363 = EDGE_CURVE ( 'NONE', #513, #2239, #7169, .T. ) ;
#7364 = VERTEX_POINT ( 'NONE', #5011 ) ;
#7365 = CARTESIAN_POINT ( 'NONE',  ( -109.4691785740999990, 8.546132923806000647, 41.17001390000000072 ) ) ;
#7366 = CARTESIAN_POINT ( 'NONE',  ( -114.3499999999999943, -1.199999999999999956, 48.12000000000000455 ) ) ;
#7367 = CARTESIAN_POINT ( 'NONE',  ( -114.3499999999999943, -1.199999999999999956, 33.17002990000000295 ) ) ;
#7368 = ADVANCED_FACE ( 'NONE', ( #4204 ), #6526, .T. ) ;
#7369 = EDGE_CURVE ( 'NONE', #2192, #8043, #7386, .T. ) ;
#7370 = DIRECTION ( 'NONE',  ( 0.8660254037864010268, 0.4999999999966009967, 0.000000000000000000 ) ) ;
#7371 = LINE ( 'NONE', #6324, #4244 ) ;
#7372 = ORIENTED_EDGE ( 'NONE', *, *, #235, .F. ) ;
#7373 = DIRECTION ( 'NONE',  ( 0.8660254037842058938, 0.5000000000004030110, 0.000000000000000000 ) ) ;
#7374 = ORIENTED_EDGE ( 'NONE', *, *, #9014, .F. ) ;
#7375 = CARTESIAN_POINT ( 'NONE',  ( -103.0500540198000010, -1.173352580520000021, 41.77001269999999522 ) ) ;
#7376 = FACE_OUTER_BOUND ( 'NONE', #714, .T. ) ;
#7377 = PRODUCT_DEFINITION_FORMATION_WITH_SPECIFIED_SOURCE ( 'ANY', '', #5531, .NOT_KNOWN. ) ;
#7378 = DIRECTION ( 'NONE',  ( 0.000000000000000000, 1.493249968120999945E-14, -1.000000000000000000 ) ) ;
#7379 = EDGE_CURVE ( 'NONE', #7189, #226, #4037, .T. ) ;
#7380 = CARTESIAN_POINT ( 'NONE',  ( -108.8269493676999957, 8.832523671996000303, 41.17001390000000072 ) ) ;
#7381 = EDGE_LOOP ( 'NONE', ( #8993, #3270, #302, #3075, #1393, #3392 ) ) ;
#7382 = DIRECTION ( 'NONE',  ( 0.000000000000000000, 0.000000000000000000, -1.000000000000000000 ) ) ;
#7383 = DIRECTION ( 'NONE',  ( -0.8660254038026869994, -0.4999999999683929497, 0.000000000000000000 ) ) ;
#7384 = DIRECTION ( 'NONE',  ( -1.000000000000000000, 0.000000000000000000, 0.000000000000000000 ) ) ;
#7385 = ORIENTED_EDGE ( 'NONE', *, *, #406, .T. ) ;
#7386 = LINE ( 'NONE', #98, #940 ) ;
#7387 = AXIS2_PLACEMENT_3D ( 'NONE', #5750, #6492, #7210 ) ;
#7388 = EDGE_LOOP ( 'NONE', ( #3236, #763, #683, #3315 ) ) ;
#7389 = DIRECTION ( 'NONE',  ( 0.000000000000000000, 1.000000000000000000, -3.386180225107000079E-14 ) ) ;
#7390 = SURFACE_STYLE_USAGE ( .BOTH. , #3279 ) ;
#7391 = DIRECTION ( 'NONE',  ( 0.000000000000000000, 0.000000000000000000, 1.000000000000000000 ) ) ;
#7392 = ORIENTED_EDGE ( 'NONE', *, *, #4258, .T. ) ;
#7393 = DIRECTION ( 'NONE',  ( 0.000000000000000000, 0.000000000000000000, -1.000000000000000000 ) ) ;
#7394 = CARTESIAN_POINT ( 'NONE',  ( -100.6565374388999885, 5.782165712614000697, 33.27002970000000204 ) ) ;
#7395 = DIRECTION ( 'NONE',  ( 0.000000000000000000, 0.000000000000000000, -1.000000000000000000 ) ) ;
#7396 = CARTESIAN_POINT ( 'NONE',  ( -102.4541132739000062, 6.414070291974999449, 42.12471848791999207 ) ) ;
#7397 = ORIENTED_EDGE ( 'NONE', *, *, #6994, .T. ) ;
#7398 = CARTESIAN_POINT ( 'NONE',  ( -99.10003169999998818, 8.749982299996998947, 36.27002670000000251 ) ) ;
#7399 = CARTESIAN_POINT ( 'NONE',  ( -129.1999682999999948, -61.74161879566000266, 35.17002670000000109 ) ) ;
#7400 = AXIS2_PLACEMENT_3D ( 'NONE', #7619, #1212, #2552 ) ;
#7401 = FACE_OUTER_BOUND ( 'NONE', #5078, .T. ) ;
#7402 = ORIENTED_EDGE ( 'NONE', *, *, #1321, .F. ) ;
#7403 = ADVANCED_FACE ( 'NONE', ( #1125 ), #2575, .F. ) ;
#7404 = ORIENTED_EDGE ( 'NONE', *, *, #3277, .T. ) ;
#7405 = LINE ( 'NONE', #5576, #1146 ) ;
#7406 = ORIENTED_EDGE ( 'NONE', *, *, #6787, .T. ) ;
#7407 = CARTESIAN_POINT ( 'NONE',  ( -117.8498289859879264, 11.26413544403920675, 43.98237295717320450 ) ) ;
#7408 = CARTESIAN_POINT ( 'NONE',  ( -122.0601238866999978, -10.34758513088999976, 41.17001390000000072 ) ) ;
#7409 = DIRECTION ( 'NONE',  ( 1.000000000000000000, 0.000000000000000000, 0.000000000000000000 ) ) ;
#7410 = ORIENTED_EDGE ( 'NONE', *, *, #8914, .F. ) ;
#7411 = DIRECTION ( 'NONE',  ( 0.000000000000000000, 0.000000000000000000, 1.000000000000000000 ) ) ;
#7412 = DIRECTION ( 'NONE',  ( 0.000000000000000000, 0.000000000000000000, 1.000000000000000000 ) ) ;
#7413 = VECTOR ( 'NONE', #2794, 1000.000000000000000 ) ;
#7414 = AXIS2_PLACEMENT_3D ( 'NONE', #6390, #1794, #4827 ) ;
#7415 = CARTESIAN_POINT ( 'NONE',  ( -114.3499999999999943, -1.199999999999999956, 41.77001269999999522 ) ) ;
#7416 = VERTEX_POINT ( 'NONE', #8981 ) ;
#7417 =( GEOMETRIC_REPRESENTATION_CONTEXT ( 3 ) GLOBAL_UNCERTAINTY_ASSIGNED_CONTEXT ( ( #1206 ) ) GLOBAL_UNIT_ASSIGNED_CONTEXT ( ( #8759, #781, #1711 ) ) REPRESENTATION_CONTEXT ( 'NONE', 'WORKASPACE' ) );
#7418 = LINE ( 'NONE', #5765, #1159 ) ;
#7419 = DIRECTION ( 'NONE',  ( -1.000000000000000000, 0.000000000000000000, 0.000000000000000000 ) ) ;
#7420 = EDGE_CURVE ( 'NONE', #849, #3111, #4067, .T. ) ;
#7421 = EDGE_LOOP ( 'NONE', ( #6463, #598, #685, #5601, #1985, #2310, #7201, #3931 ) ) ;
#7422 = ORIENTED_EDGE ( 'NONE', *, *, #5092, .T. ) ;
#7423 = CARTESIAN_POINT ( 'NONE',  ( -107.5000177000000008, 14.64996829999999939, 36.27002670000000251 ) ) ;
#7424 = EDGE_CURVE ( 'NONE', #2534, #6864, #923, .T. ) ;
#7425 = CARTESIAN_POINT ( 'NONE',  ( -114.3499999999999943, -10.29998179999999941, 46.92000240000000133 ) ) ;
#7426 = CIRCLE ( 'NONE', #6847, 15.18297050000001569 ) ;
#7427 = VERTEX_POINT ( 'NONE', #5484 ) ;
#7428 = DIRECTION ( 'NONE',  ( 2.131201449093000018E-13, -1.000000000000000000, 5.328003622732000223E-14 ) ) ;
#7429 = PRESENTATION_LAYER_ASSIGNMENT (  '', '', ( #4161 ) ) ;
#7430 = VECTOR ( 'NONE', #8386, 1000.000000000000000 ) ;
#7431 = CARTESIAN_POINT ( 'NONE',  ( -102.6084417555999977, 0.8278808954750001003, 41.77001269999999522 ) ) ;
#7432 = ADVANCED_FACE ( 'NONE', ( #4054 ), #2515, .T. ) ;
#7433 = CARTESIAN_POINT ( 'NONE',  ( -114.3499999999999943, -1.199999999999999956, 41.77001269999999522 ) ) ;
#7434 = ORIENTED_EDGE ( 'NONE', *, *, #8212, .T. ) ;
#7435 = CARTESIAN_POINT ( 'NONE',  ( -124.2499865733000064, -1.199246133351000054, 43.77000869999999821 ) ) ;
#7436 = ORIENTED_EDGE ( 'NONE', *, *, #5503, .T. ) ;
#7437 = DIRECTION ( 'NONE',  ( 0.000000000000000000, 1.000000000000000000, 0.000000000000000000 ) ) ;
#7438 = CARTESIAN_POINT ( 'NONE',  ( -108.8500070000000051, 14.21287292375999911, 44.27001270000000233 ) ) ;
#7439 = FACE_OUTER_BOUND ( 'NONE', #2203, .T. ) ;
#7440 = EDGE_CURVE ( 'NONE', #6675, #7329, #7196, .T. ) ;
#7441 = ORIENTED_EDGE ( 'NONE', *, *, #2920, .F. ) ;
#7442 = DIRECTION ( 'NONE',  ( 0.000000000000000000, 0.000000000000000000, -1.000000000000000000 ) ) ;
#7443 = CARTESIAN_POINT ( 'NONE',  ( -128.8948487620000094, -5.556028546614999897, 34.77002669999999540 ) ) ;
#7444 = CONICAL_SURFACE ( 'NONE', #8832, 9.324711519341001065, 0.9832330836538561991 ) ;
#7445 =( LENGTH_UNIT ( ) NAMED_UNIT ( * ) SI_UNIT ( .MILLI., .METRE. ) );
#7446 = CARTESIAN_POINT ( 'NONE',  ( -114.3499999999999943, -1.199999999999999956, 41.12734738230000175 ) ) ;
#7447 = VERTEX_POINT ( 'NONE', #4662 ) ;
#7448 = CARTESIAN_POINT ( 'NONE',  ( -103.1681268528000004, 1.486113720806000016, 42.27001269999999522 ) ) ;
#7449 = EDGE_CURVE ( 'NONE', #8345, #2408, #4218, .T. ) ;
#7450 = EDGE_CURVE ( 'NONE', #8744, #6046, #4232, .T. ) ;
#7451 = CARTESIAN_POINT ( 'NONE',  ( -128.1604707477000034, -2.245289643232999843, 41.17001390000000072 ) ) ;
#7452 = COLOUR_RGB ( '',0.7921568627450980005, 0.8196078431372548767, 0.9333333333333333481 ) ;
#7453 = ORIENTED_EDGE ( 'NONE', *, *, #5135, .T. ) ;
#7454 = CARTESIAN_POINT ( 'NONE',  ( -114.3506579201000051, -1.183702654446000091, 41.17001390000000072 ) ) ;
#7455 = CARTESIAN_POINT ( 'NONE',  ( -123.4499818000000033, -1.199999999999999956, 42.97000441534000004 ) ) ;
#7456 = DIRECTION ( 'NONE',  ( -0.006436084917575577054, -0.9999792881909773667, 0.000000000000000000 ) ) ;
#7457 = AXIS2_PLACEMENT_3D ( 'NONE', #1668, #3162, #7506 ) ;
#7458 = ORIENTED_EDGE ( 'NONE', *, *, #6574, .T. ) ;
#7459 = ORIENTED_EDGE ( 'NONE', *, *, #7424, .T. ) ;
#7460 = DIRECTION ( 'NONE',  ( 0.000000000000000000, 0.000000000000000000, 1.000000000000000000 ) ) ;
#7461 = DIRECTION ( 'NONE',  ( 0.000000000000000000, -0.8322944776267191536, 0.5543337465030129252 ) ) ;
#7462 = APPLICATION_CONTEXT ( 'automotive_design' ) ;
#7463 = EDGE_LOOP ( 'NONE', ( #8725, #4087, #7571, #3102 ) ) ;
#7464 = EDGE_CURVE ( 'NONE', #7952, #6543, #1097, .T. ) ;
#7465 = CARTESIAN_POINT ( 'NONE',  ( -100.7764953215106516, 3.203641244783457687, 41.82933612388759315 ) ) ;
#7466 = FACE_OUTER_BOUND ( 'NONE', #6698, .T. ) ;
#7467 = CARTESIAN_POINT ( 'NONE',  ( -114.3499999999999943, -1.199999999999999956, 34.77002669999999540 ) ) ;
#7468 = ADVANCED_FACE ( 'NONE', ( #7299 ), #4111, .F. ) ;
#7469 = ORIENTED_EDGE ( 'NONE', *, *, #3930, .F. ) ;
#7470 = AXIS2_PLACEMENT_3D ( 'NONE', #3360, #8155, #4084 ) ;
#7471 = PRESENTATION_STYLE_ASSIGNMENT (( #143 ) ) ;
#7472 = FACE_BOUND ( 'NONE', #9261, .T. ) ;
#7473 = DIRECTION ( 'NONE',  ( 0.4999999999995870525, -0.8660254037846770725, 0.000000000000000000 ) ) ;
#7474 = ORIENTED_EDGE ( 'NONE', *, *, #7590, .T. ) ;
#7475 = EDGE_CURVE ( 'NONE', #7008, #284, #1439, .T. ) ;
#7476 = AXIS2_PLACEMENT_3D ( 'NONE', #3493, #4203, #1982 ) ;
#7477 = EDGE_LOOP ( 'NONE', ( #4663, #4333, #3863, #7302, #3439, #8657 ) ) ;
#7478 = CARTESIAN_POINT ( 'NONE',  ( -114.3499999999999943, 14.64996829999999939, 33.77002870000000456 ) ) ;
#7479 = DIRECTION ( 'NONE',  ( 0.000000000000000000, 0.000000000000000000, 1.000000000000000000 ) ) ;
#7480 = EDGE_CURVE ( 'NONE', #5975, #4974, #7609, .T. ) ;
#7481 = ORIENTED_EDGE ( 'NONE', *, *, #7673, .F. ) ;
#7482 = CARTESIAN_POINT ( 'NONE',  ( -117.8499929999999978, -14.60043960886000036, 41.77001269999999522 ) ) ;
#7483 = FACE_OUTER_BOUND ( 'NONE', #7296, .T. ) ;
#7484 = AXIS2_PLACEMENT_3D ( 'NONE', #2015, #4926, #3578 ) ;
#7485 = DIRECTION ( 'NONE',  ( -2.605328575110999875E-13, -3.260176432164999999E-12, 1.000000000000000000 ) ) ;
#7486 = SURFACE_STYLE_USAGE ( .BOTH. , #906 ) ;
#7487 = ORIENTED_EDGE ( 'NONE', *, *, #2671, .F. ) ;
#7488 = CARTESIAN_POINT ( 'NONE',  ( -101.3666336296000026, 5.372191485743999628, 40.76737402086000372 ) ) ;
#7489 = EDGE_CURVE ( 'NONE', #7272, #2179, #4439, .T. ) ;
#7490 = EDGE_LOOP ( 'NONE', ( #5082, #5863, #6142, #5304, #5241 ) ) ;
#7491 = CARTESIAN_POINT ( 'NONE',  ( -126.9361508713000006, 7.291843112617000244, 39.86629397768000160 ) ) ;
#7492 = CYLINDRICAL_SURFACE ( 'NONE', #173, 4.999989999999995938 ) ;
#7493 = ORIENTED_EDGE ( 'NONE', *, *, #783, .F. ) ;
#7494 = FACE_OUTER_BOUND ( 'NONE', #4353, .T. ) ;
#7495 = DIRECTION ( 'NONE',  ( 0.000000000000000000, 0.000000000000000000, -1.000000000000000000 ) ) ;
#7496 = CARTESIAN_POINT ( 'NONE',  ( -126.2713752254999946, -9.006567778726999762, 33.27002970000000204 ) ) ;
#7497 = ADVANCED_FACE ( 'NONE', ( #7439 ), #945, .F. ) ;
#7498 = AXIS2_PLACEMENT_3D ( 'NONE', #5694, #2648, #8375 ) ;
#7499 = VERTEX_POINT ( 'NONE', #5216 ) ;
#7500 = CARTESIAN_POINT ( 'NONE',  ( -114.3499999999999943, -1.199999999996999911, 41.17001390000000072 ) ) ;
#7501 = PRODUCT ( 'MANIFOLD_SOLID_BREP_164_3_4^AS03208AS-HT_AS03208AS-HT_Ass', 'MANIFOLD_SOLID_BREP_164_3_4^AS03208AS-HT_AS03208AS-HT_Ass', '', ( #6027 ) ) ;
#7502 = AXIS2_PLACEMENT_3D ( 'NONE', #6542, #5087, #5853 ) ;
#7503 = CARTESIAN_POINT ( 'NONE',  ( -120.6956520693999977, -11.79185331745999932, 41.47001329999999797 ) ) ;
#7504 = ORIENTED_EDGE ( 'NONE', *, *, #5980, .F. ) ;
#7505 = DIRECTION ( 'NONE',  ( -1.199746994375000075E-12, -1.000000000000000000, 0.000000000000000000 ) ) ;
#7506 = DIRECTION ( 'NONE',  ( 0.000000000000000000, 0.000000000000000000, -1.000000000000000000 ) ) ;
#7507 = ADVANCED_FACE ( 'NONE', ( #1312 ), #7492, .T. ) ;
#7508 = LINE ( 'NONE', #7259, #1269 ) ;
#7509 = CARTESIAN_POINT ( 'NONE',  ( -114.3499999999999943, -1.199999999996999911, 41.77001269999999522 ) ) ;
#7510 = VECTOR ( 'NONE', #192, 1000.000000000000000 ) ;
#7511 = VECTOR ( 'NONE', #6310, 1000.000000000000000 ) ;
#7512 = CIRCLE ( 'NONE', #7808, 13.94997209999999299 ) ;
#7513 = EDGE_CURVE ( 'NONE', #878, #1009, #1480, .T. ) ;
#7514 = VERTEX_POINT ( 'NONE', #7083 ) ;
#7515 = CARTESIAN_POINT ( 'NONE',  ( -124.3840903783999892, 8.694128079490999639, 35.98661249068999979 ) ) ;
#7516 = DIRECTION ( 'NONE',  ( 0.000000000000000000, 0.000000000000000000, 1.000000000000000000 ) ) ;
#7517 = AXIS2_PLACEMENT_3D ( 'NONE', #7454, #8907, #1666 ) ;
#7518 = ORIENTED_EDGE ( 'NONE', *, *, #7876, .F. ) ;
#7519 = AXIS2_PLACEMENT_3D ( 'NONE', #4440, #3009, #4382 ) ;
#7520 = CARTESIAN_POINT ( 'NONE',  ( -127.4942574764000085, -7.865082009127000617, 37.01870186042999933 ) ) ;
#7521 = CARTESIAN_POINT ( 'NONE',  ( -103.5000217000000049, 9.649978300000000786, 34.77002669999999540 ) ) ;
#7522 = EDGE_CURVE ( 'NONE', #1924, #5979, #1358, .T. ) ;
#7523 = PLANE ( 'NONE',  #437 ) ;
#7524 = ORIENTED_EDGE ( 'NONE', *, *, #8790, .T. ) ;
#7525 = LINE ( 'NONE', #8522, #4386 ) ;
#7526 = VECTOR ( 'NONE', #2167, 1000.000000000000000 ) ;
#7527 = DIRECTION ( 'NONE',  ( 0.000000000000000000, 1.000000000000000000, 0.000000000000000000 ) ) ;
#7528 = LINE ( 'NONE', #6036, #1462 ) ;
#7529 = EDGE_CURVE ( 'NONE', #6729, #8787, #7568, .T. ) ;
#7530 = EDGE_LOOP ( 'NONE', ( #2731, #5680, #7077, #4510, #7325 ) ) ;
#7531 = EDGE_CURVE ( 'NONE', #336, #6248, #1183, .T. ) ;
#7532 = PRESENTATION_LAYER_ASSIGNMENT (  '', '', ( #1632 ) ) ;
#7533 = SHAPE_DEFINITION_REPRESENTATION ( #7121, #1390 ) ;
#7534 = ORIENTED_EDGE ( 'NONE', *, *, #3845, .T. ) ;
#7535 = CARTESIAN_POINT ( 'NONE',  ( -103.9000098073999965, 8.874748452123000675, 37.97002029999999451 ) ) ;
#7536 = CARTESIAN_POINT ( 'NONE',  ( -114.3499999999999943, -1.199999999999999956, 34.77002669999999540 ) ) ;
#7537 = LINE ( 'NONE', #2063, #4589 ) ;
#7538 = CIRCLE ( 'NONE', #8719, 15.18313471720999708 ) ;
#7539 = EDGE_CURVE ( 'NONE', #3449, #1174, #7583, .T. ) ;
#7540 = EDGE_CURVE ( 'NONE', #2595, #6633, #4312, .T. ) ;
#7541 = MANIFOLD_SOLID_BREP ( 'Imported1', #7010 ) ;
#7542 = CARTESIAN_POINT ( 'NONE',  ( -114.3499999999999943, -1.199999999999999956, 40.81815333883999841 ) ) ;
#7543 = DIRECTION ( 'NONE',  ( 0.000000000000000000, 1.000000000000000000, 0.000000000000000000 ) ) ;
#7544 = ADVANCED_FACE ( 'NONE', ( #4486 ), #4322, .F. ) ;
#7545 = ORIENTED_EDGE ( 'NONE', *, *, #8289, .T. ) ;
#7546 = CARTESIAN_POINT ( 'NONE',  ( -104.8307245585999965, 8.806798185501001797, 41.77001269999999522 ) ) ;
#7547 = CYLINDRICAL_SURFACE ( 'NONE', #8932, 12.49997499999999917 ) ;
#7548 = FACE_OUTER_BOUND ( 'NONE', #8749, .T. ) ;
#7549 = DIRECTION ( 'NONE',  ( -1.000000000000000000, 0.000000000000000000, 0.000000000000000000 ) ) ;
#7550 = DIRECTION ( 'NONE',  ( 0.000000000000000000, 1.000000000000000000, 0.000000000000000000 ) ) ;
#7551 = CARTESIAN_POINT ( 'NONE',  ( -122.1689341995000007, 8.001794217559000444, 44.27001270000000233 ) ) ;
#7552 = ORIENTED_EDGE ( 'NONE', *, *, #1207, .F. ) ;
#7553 = DIRECTION ( 'NONE',  ( 0.000000000000000000, 1.000000000000000000, 0.000000000000000000 ) ) ;
#7554 = CARTESIAN_POINT ( 'NONE',  ( -117.8499929999999978, -15.06457041615000136, 38.27001969999999886 ) ) ;
#7555 = ORIENTED_EDGE ( 'NONE', *, *, #8118, .F. ) ;
#7556 = EDGE_LOOP ( 'NONE', ( #1602, #885, #899, #8595 ) ) ;
#7557 = CARTESIAN_POINT ( 'NONE',  ( -103.3613687822999907, -1.699499711135999735, 41.17001390000000072 ) ) ;
#7558 = CIRCLE ( 'NONE', #3410, 0.2999993999999985284 ) ;
#7559 = PLANE ( 'NONE',  #6197 ) ;
#7560 = ORIENTED_EDGE ( 'NONE', *, *, #1971, .F. ) ;
#7561 = CARTESIAN_POINT ( 'NONE',  ( -98.50003170000000807, 9.649978299998998921, 34.77002669999999540 ) ) ;
#7562 = ADVANCED_FACE ( 'NONE', ( #7466 ), #4339, .T. ) ;
#7563 = PRESENTATION_LAYER_ASSIGNMENT (  '', '', ( #2003 ) ) ;
#7564 = CARTESIAN_POINT ( 'NONE',  ( -121.5019791108612139, 7.440034121302589121, 44.15762922648544730 ) ) ;
#7565 = EDGE_LOOP ( 'NONE', ( #7618, #9044, #4108, #1485 ) ) ;
#7566 = CARTESIAN_POINT ( 'NONE',  ( -119.3276496039000136, -13.49997570000000024, 41.77001269999999522 ) ) ;
#7567 = AXIS2_PLACEMENT_3D ( 'NONE', #2628, #1342, #1230 ) ;
#7568 = CIRCLE ( 'NONE', #6967, 14.16259303398000036 ) ;
#7569 = CARTESIAN_POINT ( 'NONE',  ( -114.3499999999999943, -1.199999999999999956, 46.92000240000000133 ) ) ;
#7570 = LINE ( 'NONE', #2934, #7730 ) ;
#7571 = ORIENTED_EDGE ( 'NONE', *, *, #2818, .T. ) ;
#7572 = LINE ( 'NONE', #3883, #1130 ) ;
#7573 = FACE_OUTER_BOUND ( 'NONE', #949, .T. ) ;
#7574 = ADVANCED_FACE ( 'NONE', ( #1242 ), #4365, .F. ) ;
#7575 = EDGE_LOOP ( 'NONE', ( #6660, #1631, #2306, #3024 ) ) ;
#7576 = CARTESIAN_POINT ( 'NONE',  ( -122.4499823000000021, -17.73473213866999743, 34.77002669999999540 ) ) ;
#7577 = CARTESIAN_POINT ( 'NONE',  ( 0.000000000000000000, 0.000000000000000000, 42.27001269999999522 ) ) ;
#7578 =( REPRESENTATION_RELATIONSHIP ('NONE','NONE', #6599, #8383 ) REPRESENTATION_RELATIONSHIP_WITH_TRANSFORMATION ( #4736 )SHAPE_REPRESENTATION_RELATIONSHIP( ) );
#7579 = VERTEX_POINT ( 'NONE', #4972 ) ;
#7580 = DIRECTION ( 'NONE',  ( 0.000000000000000000, 0.000000000000000000, -1.000000000000000000 ) ) ;
#7581 = CARTESIAN_POINT ( 'NONE',  ( -126.6871540120000077, -10.08474650716000021, 34.77002669999999540 ) ) ;
#7582 = ADVANCED_FACE ( 'NONE', ( #7637 ), #5613, .T. ) ;
#7583 = LINE ( 'NONE', #6405, #1410 ) ;
#7584 = DIRECTION ( 'NONE',  ( 0.000000000000000000, 0.000000000000000000, -1.000000000000000000 ) ) ;
#7585 = ORIENTED_EDGE ( 'NONE', *, *, #5623, .F. ) ;
#7586 = DIRECTION ( 'NONE',  ( -2.583796933994000028E-13, -1.818347092298000010E-13, -1.000000000000000000 ) ) ;
#7587 = CYLINDRICAL_SURFACE ( 'NONE', #5560, 0.3999999999999975797 ) ;
#7588 = CARTESIAN_POINT ( 'NONE',  ( -104.4500588502999960, -1.199462963667000004, 43.77000869999999821 ) ) ;
#7589 = ORIENTED_EDGE ( 'NONE', *, *, #5854, .F. ) ;
#7590 = EDGE_CURVE ( 'NONE', #2053, #8864, #7508, .T. ) ;
#7591 = EDGE_CURVE ( 'NONE', #738, #1948, #4396, .T. ) ;
#7592 = VERTEX_POINT ( 'NONE', #1289 ) ;
#7593 = AXIS2_PLACEMENT_3D ( 'NONE', #817, #2109, #5834 ) ;
#7594 = LINE ( 'NONE', #2590, #7713 ) ;
#7595 = DIRECTION ( 'NONE',  ( 0.8660254038037165092, 0.4999999999666097095, 0.000000000000000000 ) ) ;
#7596 = DIRECTION ( 'NONE',  ( 0.000000000000000000, -1.000000000000000000, 0.000000000000000000 ) ) ;
#7597 = EDGE_LOOP ( 'NONE', ( #3215, #2227, #3131, #4256 ) ) ;
#7598 = EDGE_CURVE ( 'NONE', #3216, #4930, #7537, .T. ) ;
#7599 = LINE ( 'NONE', #1162, #4692 ) ;
#7600 = FACE_OUTER_BOUND ( 'NONE', #3229, .T. ) ;
#7601 = CARTESIAN_POINT ( 'NONE',  ( -114.3506579201000051, -1.183702654446000091, 42.27001269999999522 ) ) ;
#7602 = CARTESIAN_POINT ( 'NONE',  ( -117.8499929999999978, -15.52870122344999970, 40.48468206460000118 ) ) ;
#7603 = CARTESIAN_POINT ( 'NONE',  ( -84.01815149790999726, 15.15740035931999863, 41.77001269999999522 ) ) ;
#7604 = ORIENTED_EDGE ( 'NONE', *, *, #7513, .T. ) ;
#7605 = DIRECTION ( 'NONE',  ( 0.000000000000000000, -1.000000000000000000, 0.000000000000000000 ) ) ;
#7606 = CARTESIAN_POINT ( 'NONE',  ( -123.1999823000000021, 14.14996829999999939, 34.77002669999999540 ) ) ;
#7607 = DIRECTION ( 'NONE',  ( 1.000000000000000000, 0.000000000000000000, 0.000000000000000000 ) ) ;
#7608 = ORIENTED_EDGE ( 'NONE', *, *, #7046, .T. ) ;
#7609 = LINE ( 'NONE', #8288, #4543 ) ;
#7610 = AXIS2_PLACEMENT_3D ( 'NONE', #1615, #1677, #9277 ) ;
#7611 = CIRCLE ( 'NONE', #3435, 0.4000000000000010214 ) ;
#7612 = ADVANCED_FACE ( 'NONE', ( #4454 ), #1380, .T. ) ;
#7613 = FACE_OUTER_BOUND ( 'NONE', #584, .T. ) ;
#7614 = AXIS2_PLACEMENT_3D ( 'NONE', #4060, #1309, #5512 ) ;
#7615 = DIRECTION ( 'NONE',  ( 0.000000000000000000, 0.000000000000000000, 1.000000000000000000 ) ) ;
#7616 = VECTOR ( 'NONE', #4996, 999.9999999999998863 ) ;
#7617 = FILL_AREA_STYLE_COLOUR ( '', #6832 ) ;
#7618 = ORIENTED_EDGE ( 'NONE', *, *, #3526, .T. ) ;
#7619 = CARTESIAN_POINT ( 'NONE',  ( -114.3499999999999943, -1.199999999999999956, 43.77000869999999821 ) ) ;
#7620 = CARTESIAN_POINT ( 'NONE',  ( -101.4565358388999954, 7.167803587388999809, 33.27002970000000204 ) ) ;
#7621 = CARTESIAN_POINT ( 'NONE',  ( -130.1999682999999948, -10.08474613867000080, 36.27002670000000251 ) ) ;
#7622 = SURFACE_STYLE_FILL_AREA ( #4880 ) ;
#7623 = ORIENTED_EDGE ( 'NONE', *, *, #7420, .T. ) ;
#7624 = CARTESIAN_POINT ( 'NONE',  ( -127.3333663703999861, -7.772191485746000161, 40.76737402086000372 ) ) ;
#7625 = EDGE_CURVE ( 'NONE', #2493, #6882, #4514, .T. ) ;
#7626 = SURFACE_STYLE_FILL_AREA ( #6279 ) ;
#7627 = DIRECTION ( 'NONE',  ( 0.000000000000000000, 0.000000000000000000, -1.000000000000000000 ) ) ;
#7628 = ORIENTED_EDGE ( 'NONE', *, *, #7138, .F. ) ;
#7629 = AXIS2_PLACEMENT_3D ( 'NONE', #864, #1553, #2303 ) ;
#7630 = LINE ( 'NONE', #9249, #4659 ) ;
#7631 = VERTEX_POINT ( 'NONE', #9157 ) ;
#7632 = EDGE_CURVE ( 'NONE', #1879, #8215, #7686, .T. ) ;
#7633 = CARTESIAN_POINT ( 'NONE',  ( -103.8215899308231371, 8.172054311116617953, 42.15095153511251880 ) ) ;
#7634 =( REPRESENTATION_RELATIONSHIP ('NONE','NONE', #6599, #2614 ) REPRESENTATION_RELATIONSHIP_WITH_TRANSFORMATION ( #4911 )SHAPE_REPRESENTATION_RELATIONSHIP( ) );
#7635 = VERTEX_POINT ( 'NONE', #1995 ) ;
#7636 = CARTESIAN_POINT ( 'NONE',  ( -98.50003170000000807, 8.749982299996998947, 36.27002670000000251 ) ) ;
#7637 = FACE_OUTER_BOUND ( 'NONE', #6265, .T. ) ;
#7638 = EDGE_CURVE ( 'NONE', #992, #738, #4607, .T. ) ;
#7639 = CIRCLE ( 'NONE', #4848, 0.3999999999999975797 ) ;
#7640 = DIRECTION ( 'NONE',  ( 0.000000000000000000, 0.000000000000000000, 1.000000000000000000 ) ) ;
#7641 = LINE ( 'NONE', #8833, #7510 ) ;
#7642 = CARTESIAN_POINT ( 'NONE',  ( -114.3499999999999943, -1.199999999999999956, 41.17001390000000072 ) ) ;
#7643 = EDGE_CURVE ( 'NONE', #3029, #3464, #7696, .T. ) ;
#7644 = CIRCLE ( 'NONE', #4093, 2.699994600000001910 ) ;
#7645 = CARTESIAN_POINT ( 'NONE',  ( -127.2975297970999833, -10.08474613867000080, 34.77002669999999540 ) ) ;
#7646 = AXIS2_PLACEMENT_3D ( 'NONE', #4861, #2018, #3522 ) ;
#7647 = LINE ( 'NONE', #5080, #4548 ) ;
#7648 = ORIENTED_EDGE ( 'NONE', *, *, #5024, .T. ) ;
#7649 = EDGE_CURVE ( 'NONE', #6755, #8203, #7711, .T. ) ;
#7650 = EDGE_CURVE ( 'NONE', #2408, #5211, #1452, .T. ) ;
#7651 = ORIENTED_EDGE ( 'NONE', *, *, #4400, .F. ) ;
#7652 = DIRECTION ( 'NONE',  ( 0.000000000000000000, 0.000000000000000000, -1.000000000000000000 ) ) ;
#7653 = COLOUR_RGB ( '',0.7921568627450980005, 0.8196078431372548767, 0.9333333333333333481 ) ;
#7654 = DIRECTION ( 'NONE',  ( 1.000000000000000000, 0.000000000000000000, 0.000000000000000000 ) ) ;
#7655 = LINE ( 'NONE', #8581, #4560 ) ;
#7656 = CARTESIAN_POINT ( 'NONE',  ( -127.7051176231999960, -4.869136953338999874, 38.42001940000000104 ) ) ;
#7657 = DIRECTION ( 'NONE',  ( 1.000000000000000000, 0.000000000000000000, 0.000000000000000000 ) ) ;
#7658 = EDGE_CURVE ( 'NONE', #7345, #7983, #1472, .T. ) ;
#7659 = LINE ( 'NONE', #917, #4442 ) ;
#7660 = VECTOR ( 'NONE', #581, 999.9999999999998863 ) ;
#7661 = FACE_OUTER_BOUND ( 'NONE', #9149, .T. ) ;
#7662 = CARTESIAN_POINT ( 'NONE',  ( -99.50003170000000807, 8.749982299996998947, 34.77002669999999540 ) ) ;
#7663 = DIRECTION ( 'NONE',  ( 0.000000000000000000, 0.000000000000000000, -1.000000000000000000 ) ) ;
#7664 = CARTESIAN_POINT ( 'NONE',  ( -105.5000177000000008, -16.44996829999999832, 36.27002670000000251 ) ) ;
#7665 = ORIENTED_EDGE ( 'NONE', *, *, #2785, .T. ) ;
#7666 = CARTESIAN_POINT ( 'NONE',  ( -125.2308094136000136, -0.5538488834981999398, 41.17001390000000072 ) ) ;
#7667 = DIRECTION ( 'NONE',  ( -0.7155987554137824835, -0.6985115756021839095, 0.000000000000000000 ) ) ;
#7668 = DIRECTION ( 'NONE',  ( 0.000000000000000000, 1.000000000000000000, 0.000000000000000000 ) ) ;
#7669 = ORIENTED_EDGE ( 'NONE', *, *, #1214, .F. ) ;
#7670 = VECTOR ( 'NONE', #5552, 1000.000000000000114 ) ;
#7671 = ORIENTED_EDGE ( 'NONE', *, *, #5870, .T. ) ;
#7672 = CARTESIAN_POINT ( 'NONE',  ( -111.3286927047000034, -7.602339655841999111, 41.77001269999999522 ) ) ;
#7673 = EDGE_CURVE ( 'NONE', #7328, #5975, #1763, .T. ) ;
#7674 = DIRECTION ( 'NONE',  ( 0.000000000000000000, 0.000000000000000000, -1.000000000000000000 ) ) ;
#7675 = VECTOR ( 'NONE', #8275, 1000.000000000000000 ) ;
#7676 = CIRCLE ( 'NONE', #3775, 9.099981800000000121 ) ;
#7677 = SURFACE_SIDE_STYLE ('',( #868 ) ) ;
#7678 = ORIENTED_EDGE ( 'NONE', *, *, #2206, .T. ) ;
#7679 = DIRECTION ( 'NONE',  ( 0.000000000000000000, 0.000000000000000000, 1.000000000000000000 ) ) ;
#7680 = CARTESIAN_POINT ( 'NONE',  ( -129.5999683000000005, 6.749982300000000102, 36.27002670000000251 ) ) ;
#7681 = DIRECTION ( 'NONE',  ( 0.000000000000000000, 0.000000000000000000, -1.000000000000000000 ) ) ;
#7682 = EDGE_LOOP ( 'NONE', ( #6225, #8138, #6147, #6192, #1742 ) ) ;
#7683 = CARTESIAN_POINT ( 'NONE',  ( -101.8471237206999973, 5.162504241394999305, 42.19948205309999878 ) ) ;
#7684 = EDGE_CURVE ( 'NONE', #5647, #5111, #1591, .T. ) ;
#7685 = EDGE_CURVE ( 'NONE', #6518, #396, #7772, .T. ) ;
#7686 = LINE ( 'NONE', #8685, #1426 ) ;
#7687 = CARTESIAN_POINT ( 'NONE',  ( -129.5999683000000005, -11.18474613867000045, 36.27002670000000251 ) ) ;
#7688 = FACE_OUTER_BOUND ( 'NONE', #6386, .T. ) ;
#7689 = VERTEX_POINT ( 'NONE', #6680 ) ;
#7690 = CIRCLE ( 'NONE', #7470, 0.5499989000000019557 ) ;
#7691 = FACE_OUTER_BOUND ( 'NONE', #3147, .T. ) ;
#7692 = VERTEX_POINT ( 'NONE', #4377 ) ;
#7693 = ORIENTED_EDGE ( 'NONE', *, *, #7923, .T. ) ;
#7694 = CARTESIAN_POINT ( 'NONE',  ( -114.3499999999999943, -1.199999999999999956, 41.17001390000000072 ) ) ;
#7695 = CARTESIAN_POINT ( 'NONE',  ( -101.2458171706027059, 2.182217051311022615, 42.21388255549609170 ) ) ;
#7696 = LINE ( 'NONE', #2819, #4575 ) ;
#7697 = FACE_OUTER_BOUND ( 'NONE', #5995, .T. ) ;
#7698 = CARTESIAN_POINT ( 'NONE',  ( -114.3499999999999943, -1.199999999999999956, 38.42001940000000104 ) ) ;
#7699 = B_SPLINE_CURVE_WITH_KNOTS ( 'NONE', 3,
 ( #5962, #8164, #6890, #8977 ),
 .UNSPECIFIED., .F., .F.,
 ( 4, 4 ),
 ( 0.000000000000000000, 1.000000000000000000 ),
 .UNSPECIFIED. ) ;
#7700 = DIRECTION ( 'NONE',  ( 0.000000000000000000, -1.000000000000000000, 0.000000000000000000 ) ) ;
#7701 = FACE_OUTER_BOUND ( 'NONE', #1563, .T. ) ;
#7702 = CARTESIAN_POINT ( 'NONE',  ( -122.0601238866999978, -10.84758413089000051, 41.17001390000000072 ) ) ;
#7703 = VECTOR ( 'NONE', #7384, 1000.000000000000000 ) ;
#7704 = AXIS2_PLACEMENT_3D ( 'NONE', #8660, #31, #8729 ) ;
#7705 = VERTEX_POINT ( 'NONE', #5921 ) ;
#7706 = ADVANCED_FACE ( 'NONE', ( #4784 ), #8066, .T. ) ;
#7707 = AXIS2_PLACEMENT_3D ( 'NONE', #4758, #5717, #4077 ) ;
#7708 = VERTEX_POINT ( 'NONE', #1661 ) ;
#7709 = EDGE_CURVE ( 'NONE', #8302, #2001, #4801, .T. ) ;
#7710 = CARTESIAN_POINT ( 'NONE',  ( -117.8499929999999978, -14.70376875508000047, 38.42001940000000104 ) ) ;
#7711 = CIRCLE ( 'NONE', #1930, 7.899984196276001569 ) ;
#7712 = DIRECTION ( 'NONE',  ( 1.000000000000000000, 0.000000000000000000, -0.000000000000000000 ) ) ;
#7713 = VECTOR ( 'NONE', #1700, 1000.000000000000000 ) ;
#7714 = CARTESIAN_POINT ( 'NONE',  ( -123.2223223961000116, -6.833322346797999103, 40.32001560000000495 ) ) ;
#7715 = DIRECTION ( 'NONE',  ( 0.000000000000000000, -1.000000000000000000, 0.000000000000000000 ) ) ;
#7716 = FACE_OUTER_BOUND ( 'NONE', #1690, .T. ) ;
#7717 = FACE_OUTER_BOUND ( 'NONE', #6483, .T. ) ;
#7718 = DIRECTION ( 'NONE',  ( 0.000000000000000000, -1.000000000000000000, 0.000000000000000000 ) ) ;
#7719 = DIRECTION ( 'NONE',  ( -1.000000000000000000, 0.000000000000000000, 0.000000000000000000 ) ) ;
#7720 = ADVANCED_FACE ( 'NONE', ( #1537 ), #3088, .F. ) ;
#7721 = DIRECTION ( 'NONE',  ( -0.006436084917575063576, -0.9999792881909774778, 0.000000000000000000 ) ) ;
#7722 = ORIENTED_EDGE ( 'NONE', *, *, #1447, .T. ) ;
#7723 = DIRECTION ( 'NONE',  ( 0.000000000000000000, 1.000000000000000000, 0.000000000000000000 ) ) ;
#7724 = DIRECTION ( 'NONE',  ( 1.000000000000000000, 0.000000000000000000, 0.000000000000000000 ) ) ;
#7725 = DIRECTION ( 'NONE',  ( -0.2508960573476885503, -0.9680140331665576525, 0.000000000000000000 ) ) ;
#7726 = AXIS2_PLACEMENT_3D ( 'NONE', #4614, #4677, #8062 ) ;
#7727 = VERTEX_POINT ( 'NONE', #2428 ) ;
#7728 = VECTOR ( 'NONE', #3683, 1000.000000000000000 ) ;
#7729 = SHAPE_REPRESENTATION ( 'MANIFOLD_SOLID_BREP_154_7_14^AS03208AS-HT_AS03208AS-HT_Ass', ( #2466 ), #6319 ) ;
#7730 = VECTOR ( 'NONE', #6973, 1000.000000000000000 ) ;
#7731 = ORIENTED_EDGE ( 'NONE', *, *, #8025, .F. ) ;
#7732 = CARTESIAN_POINT ( 'NONE',  ( -103.4500218000000018, -1.199999999999999956, 41.77001269999999522 ) ) ;
#7733 = VECTOR ( 'NONE', #804, 1000.000000000000000 ) ;
#7734 = LINE ( 'NONE', #1716, #4537 ) ;
#7735 = SURFACE_STYLE_USAGE ( .BOTH. , #8329 ) ;
#7736 = EDGE_CURVE ( 'NONE', #1889, #6619, #4770, .T. ) ;
#7737 = ORIENTED_EDGE ( 'NONE', *, *, #4313, .T. ) ;
#7738 = CARTESIAN_POINT ( 'NONE',  ( -121.1999822999999878, -16.29996829999999974, 34.77002669999999540 ) ) ;
#7739 = CARTESIAN_POINT ( 'NONE',  ( -114.3499999999999943, -1.199999999999999956, 33.27002970000000204 ) ) ;
#7740 = AXIS2_PLACEMENT_3D ( 'NONE', #5907, #7863, #5663 ) ;
#7741 = DIRECTION ( 'NONE',  ( 0.000000000000000000, 0.000000000000000000, 1.000000000000000000 ) ) ;
#7742 = ORIENTED_EDGE ( 'NONE', *, *, #1560, .T. ) ;
#7743 = CARTESIAN_POINT ( 'NONE',  ( -101.7494306163000033, 5.497591856440998903, 41.78489126862000091 ) ) ;
#7744 = CARTESIAN_POINT ( 'NONE',  ( -122.0601238866999978, -10.84758413089000051, 42.57001110000000210 ) ) ;
#7745 = LINE ( 'NONE', #5370, #1565 ) ;
#7746 = CARTESIAN_POINT ( 'NONE',  ( -100.8423274872999968, -4.958601176169000091, 37.20327673346000097 ) ) ;
#7747 = EDGE_CURVE ( 'NONE', #3875, #226, #7850, .T. ) ;
#7748 = ORIENTED_EDGE ( 'NONE', *, *, #2259, .F. ) ;
#7749 = LINE ( 'NONE', #5272, #7675 ) ;
#7750 = LINE ( 'NONE', #2350, #4520 ) ;
#7751 = VERTEX_POINT ( 'NONE', #4516 ) ;
#7752 = DIRECTION ( 'NONE',  ( 0.9642703489853790000, 0.2649201654604940170, 0.000000000000000000 ) ) ;
#7753 = DIRECTION ( 'NONE',  ( 0.000000000000000000, -1.000000000000000000, 0.000000000000000000 ) ) ;
#7754 = EDGE_CURVE ( 'NONE', #4397, #1128, #7788, .T. ) ;
#7755 = DIRECTION ( 'NONE',  ( 7.926669274154896849E-08, 8.342414635833884343E-08, 0.9999999999999934497 ) ) ;
#7756 = EDGE_LOOP ( 'NONE', ( #833, #2106, #3688, #8651, #2442, #6269, #839, #2539 ) ) ;
#7757 = VECTOR ( 'NONE', #8941, 1000.000000000000114 ) ;
#7758 = LINE ( 'NONE', #711, #4641 ) ;
#7759 = DIRECTION ( 'NONE',  ( -1.828466963622999914E-12, 2.238214094073000047E-12, -1.000000000000000000 ) ) ;
#7760 = ADVANCED_FACE ( 'NONE', ( #1502 ), #6006, .T. ) ;
#7761 = CARTESIAN_POINT ( 'NONE',  ( -114.3499999999999943, -1.199999999999999956, 33.17002990000000295 ) ) ;
#7762 = EDGE_CURVE ( 'NONE', #293, #2771, #4933, .T. ) ;
#7763 = EDGE_CURVE ( 'NONE', #3384, #4216, #7913, .T. ) ;
#7764 = FACE_OUTER_BOUND ( 'NONE', #8699, .T. ) ;
#7765 = PLANE ( 'NONE',  #3514 ) ;
#7766 = FACE_OUTER_BOUND ( 'NONE', #8860, .T. ) ;
#7767 = ORIENTED_EDGE ( 'NONE', *, *, #5514, .T. ) ;
#7768 = AXIS2_PLACEMENT_3D ( 'NONE', #7227, #3033, #7848 ) ;
#7769 = SHAPE_DEFINITION_REPRESENTATION ( #7233, #3825 ) ;
#7770 = ORIENTED_EDGE ( 'NONE', *, *, #5903, .F. ) ;
#7771 = DIRECTION ( 'NONE',  ( 0.2527075812274994226, -0.9675427010680959228, 0.000000000000000000 ) ) ;
#7772 = CIRCLE ( 'NONE', #2640, 0.4999989999999998602 ) ;
#7773 = DIRECTION ( 'NONE',  ( 0.000000000000000000, 0.000000000000000000, 1.000000000000000000 ) ) ;
#7774 = VECTOR ( 'NONE', #1279, 1000.000000000000000 ) ;
#7775 = DIRECTION ( 'NONE',  ( 0.4999999999995848876, -0.8660254037846782937, 0.000000000000000000 ) ) ;
#7776 = CARTESIAN_POINT ( 'NONE',  ( -114.3499999999999943, -13.69997500000000024, 40.12001599999999968 ) ) ;
#7777 = VECTOR ( 'NONE', #3843, 1000.000000000000000 ) ;
#7778 = LINE ( 'NONE', #4672, #4402 ) ;
#7779 = DIRECTION ( 'NONE',  ( 0.000000000000000000, -1.000000000000000000, 0.000000000000000000 ) ) ;
#7780 = EDGE_CURVE ( 'NONE', #6633, #451, #8003, .T. ) ;
#7781 = DIRECTION ( 'NONE',  ( 0.000000000000000000, -1.000000000000000000, 0.000000000000000000 ) ) ;
#7782 = DIRECTION ( 'NONE',  ( -1.000000000000000000, 0.000000000000000000, 0.000000000000000000 ) ) ;
#7783 = ORIENTED_EDGE ( 'NONE', *, *, #5847, .F. ) ;
#7784 = CARTESIAN_POINT ( 'NONE',  ( -108.8500070000017814, 10.46874091581631028, 43.82879960742701542 ) ) ;
#7785 = DIRECTION ( 'NONE',  ( 0.000000000000000000, 0.000000000000000000, -1.000000000000000000 ) ) ;
#7786 = SHAPE_DEFINITION_REPRESENTATION ( #5913, #7729 ) ;
#7787 = VERTEX_POINT ( 'NONE', #7334 ) ;
#7788 = LINE ( 'NONE', #8643, #4917 ) ;
#7789 = CIRCLE ( 'NONE', #3190, 0.4999989999999998602 ) ;
#7790 = B_SPLINE_CURVE_WITH_KNOTS ( 'NONE', 3,
 ( #1783, #4637, #4189, #3278 ),
 .UNSPECIFIED., .F., .F.,
 ( 4, 4 ),
 ( 0.000000000000000000, 1.000000000000000000 ),
 .UNSPECIFIED. ) ;
#7791 = VECTOR ( 'NONE', #8033, 1000.000000000000000 ) ;
#7792 = CARTESIAN_POINT ( 'NONE',  ( -114.3499999999999943, -1.199999999999999956, 40.51803596151999898 ) ) ;
#7793 = TOROIDAL_SURFACE ( 'NONE', #2266, 7.899984199999999568, 1.199997599999999887 ) ;
#7794 = FACE_OUTER_BOUND ( 'NONE', #8372, .T. ) ;
#7795 =( LENGTH_UNIT ( ) NAMED_UNIT ( * ) SI_UNIT ( .MILLI., .METRE. ) );
#7796 = ADVANCED_FACE ( 'NONE', ( #7805 ), #7988, .F. ) ;
#7797 = ORIENTED_EDGE ( 'NONE', *, *, #7369, .F. ) ;
#7798 = EDGE_CURVE ( 'NONE', #1815, #4874, #4686, .T. ) ;
#7799 = CARTESIAN_POINT ( 'NONE',  ( -126.9361508713000006, 7.291843112628000334, 44.27001270000000233 ) ) ;
#7800 = CARTESIAN_POINT ( 'NONE',  ( -119.4776496039000051, -13.49997570000000024, 41.77001269999999522 ) ) ;
#7801 = DIRECTION ( 'NONE',  ( -0.7647975700572015034, 0.6442706549538013139, 0.000000000000000000 ) ) ;
#7802 = EDGE_LOOP ( 'NONE', ( #8167, #6477 ) ) ;
#7803 = CARTESIAN_POINT ( 'NONE',  ( -104.8624295929505195, 8.460109144640091117, 42.21463566003486534 ) ) ;
#7804 = ADVANCED_FACE ( 'NONE', ( #7941 ), #3642, .T. ) ;
#7805 = FACE_OUTER_BOUND ( 'NONE', #3721, .T. ) ;
#7806 = CARTESIAN_POINT ( 'NONE',  ( -119.0074371987000035, -13.49997570000000024, 41.57001309999999705 ) ) ;
#7807 = VECTOR ( 'NONE', #6513, 1000.000000000000000 ) ;
#7808 = AXIS2_PLACEMENT_3D ( 'NONE', #2117, #4540, #8737 ) ;
#7809 = LINE ( 'NONE', #7049, #7616 ) ;
#7810 = LINE ( 'NONE', #2392, #4388 ) ;
#7811 = ORIENTED_EDGE ( 'NONE', *, *, #8421, .T. ) ;
#7812 = PLANE ( 'NONE',  #6745 ) ;
#7813 = CARTESIAN_POINT ( 'NONE',  ( -99.10003169999998818, -9.149982299999999569, 36.27002670000000251 ) ) ;
#7814 = DIRECTION ( 'NONE',  ( -1.000000000000000000, 0.000000000000000000, 0.000000000000000000 ) ) ;
#7815 = DIRECTION ( 'NONE',  ( -0.5000000000000918154, 0.8660254037843856390, 0.000000000000000000 ) ) ;
#7816 = CARTESIAN_POINT ( 'NONE',  ( -102.9000543196000024, -1.433159681947000053, 41.77001269999999522 ) ) ;
#7817 = EDGE_LOOP ( 'NONE', ( #3385, #8015, #5183, #1782 ) ) ;
#7818 = VECTOR ( 'NONE', #6854, 1000.000000000000114 ) ;
#7819 = AXIS2_PLACEMENT_3D ( 'NONE', #733, #6766, #138 ) ;
#7820 = CIRCLE ( 'NONE', #4757, 4.000000000000001776 ) ;
#7821 = CARTESIAN_POINT ( 'NONE',  ( -102.1398851139999948, 0.6533710858511000419, 41.77001269999999522 ) ) ;
#7822 = CARTESIAN_POINT ( 'NONE',  ( -108.8500070000000051, 11.01922635686999818, 44.27001270000000233 ) ) ;
#7823 = DIRECTION ( 'NONE',  ( 0.000000000000000000, 1.000000000000000000, 0.000000000000000000 ) ) ;
#7824 = AXIS2_PLACEMENT_3D ( 'NONE', #1424, #8583, #5704 ) ;
#7825 = CIRCLE ( 'NONE', #1020, 15.18313471721000241 ) ;
#7826 = LINE ( 'NONE', #3963, #4536 ) ;
#7827 = DIRECTION ( 'NONE',  ( -0.000000000000000000, 1.000000000000000000, 0.000000000000000000 ) ) ;
#7828 = CYLINDRICAL_SURFACE ( 'NONE', #6151, 0.4999990000039994942 ) ;
#7829 = ORIENTED_EDGE ( 'NONE', *, *, #4944, .T. ) ;
#7830 = CONTEXT_DEPENDENT_SHAPE_REPRESENTATION ( #1991, #6029 ) ;
#7831 = ORIENTED_EDGE ( 'NONE', *, *, #3517, .T. ) ;
#7832 = DIRECTION ( 'NONE',  ( 1.000000000000000000, 0.000000000000000000, 0.000000000000000000 ) ) ;
#7833 = FACE_OUTER_BOUND ( 'NONE', #692, .T. ) ;
#7834 = DIRECTION ( 'NONE',  ( 1.000000000000000000, 0.000000000000000000, 0.000000000000000000 ) ) ;
#7835 = CARTESIAN_POINT ( 'NONE',  ( -110.8500070000000051, -15.21928068525333444, 40.91312560973333490 ) ) ;
#7836 = AXIS2_PLACEMENT_3D ( 'NONE', #2537, #3396, #9182 ) ;
#7837 = LINE ( 'NONE', #5767, #7807 ) ;
#7838 = CYLINDRICAL_SURFACE ( 'NONE', #9156, 2.699994599999996581 ) ;
#7839 = ORIENTED_EDGE ( 'NONE', *, *, #3041, .F. ) ;
#7840 = DIRECTION ( 'NONE',  ( -0.8650550016232249062, 0.5016770317312150285, 2.027793887146060448E-14 ) ) ;
#7841 = AXIS2_PLACEMENT_3D ( 'NONE', #4417, #8731, #1755 ) ;
#7842 = CARTESIAN_POINT ( 'NONE',  ( -101.4704477847372459, 3.073675804799961941, 42.19420720383998713 ) ) ;
#7843 = DIRECTION ( 'NONE',  ( 1.000000000000000000, 0.000000000000000000, 0.000000000000000000 ) ) ;
#7844 = ORIENTED_EDGE ( 'NONE', *, *, #5870, .F. ) ;
#7845 = CARTESIAN_POINT ( 'NONE',  ( -106.6398761140000033, 8.947583131454999616, 42.57001110000000210 ) ) ;
#7846 = EDGE_CURVE ( 'NONE', #3464, #3407, #257, .T. ) ;
#7847 = DIRECTION ( 'NONE',  ( 0.000000000000000000, 0.000000000000000000, 1.000000000000000000 ) ) ;
#7848 = DIRECTION ( 'NONE',  ( 0.000000000000000000, 0.000000000000000000, 1.000000000000000000 ) ) ;
#7849 = ORIENTED_EDGE ( 'NONE', *, *, #823, .F. ) ;
#7850 = LINE ( 'NONE', #8024, #1682 ) ;
#7851 = CARTESIAN_POINT ( 'NONE',  ( -117.8499780577818683, 11.51424098286073239, 44.22251008047856402 ) ) ;
#7852 = LINE ( 'NONE', #1049, #1593 ) ;
#7853 = AXIS2_PLACEMENT_3D ( 'NONE', #8795, #5835, #2251 ) ;
#7854 = ORIENTED_EDGE ( 'NONE', *, *, #7000, .T. ) ;
#7855 = ORIENTED_EDGE ( 'NONE', *, *, #1314, .F. ) ;
#7856 = DIRECTION ( 'NONE',  ( 9.173101638975999493E-13, -1.000000000000000000, 4.474683726329999774E-14 ) ) ;
#7857 = ADVANCED_FACE ( 'NONE', ( #4854 ), #5117, .T. ) ;
#7858 = EDGE_CURVE ( 'NONE', #4358, #772, #1491, .T. ) ;
#7859 = EDGE_CURVE ( 'NONE', #1241, #8043, #1667, .T. ) ;
#7860 = CARTESIAN_POINT ( 'NONE',  ( -100.8192845371000033, 5.688203631621000511, 39.86605802304000434 ) ) ;
#7861 = CARTESIAN_POINT ( 'NONE',  ( -107.5000177000000008, 14.04996829999999974, 36.27002670000000251 ) ) ;
#7862 = VERTEX_POINT ( 'NONE', #5485 ) ;
#7863 = DIRECTION ( 'NONE',  ( -0.000000000000000000, 1.000000000000000000, 0.000000000000000000 ) ) ;
#7864 = CARTESIAN_POINT ( 'NONE',  ( -114.3499999999999943, -1.199999999999999956, 35.77002470000000045 ) ) ;
#7865 = CIRCLE ( 'NONE', #7086, 9.930829664555998804 ) ;
#7866 = DIRECTION ( 'NONE',  ( 1.000000000000000000, 6.453184237002201099E-14, 0.000000000000000000 ) ) ;
#7867 = LINE ( 'NONE', #8711, #7777 ) ;
#7868 = ORIENTED_EDGE ( 'NONE', *, *, #3276, .F. ) ;
#7869 = EDGE_CURVE ( 'NONE', #8732, #3029, #916, .T. ) ;
#7870 = VERTEX_POINT ( 'NONE', #6153 ) ;
#7871 = CARTESIAN_POINT ( 'NONE',  ( -127.7766755421999818, 2.584984210691999795, 38.42001940000000104 ) ) ;
#7872 = DIRECTION ( 'NONE',  ( 0.000000000000000000, 0.000000000000000000, 1.000000000000000000 ) ) ;
#7873 = CARTESIAN_POINT ( 'NONE',  ( -103.3432525517999920, -11.65820748574999932, 39.86629397768000160 ) ) ;
#7874 = DIRECTION ( 'NONE',  ( 0.000000000000000000, 1.000000000000000000, 0.000000000000000000 ) ) ;
#7875 = VERTEX_POINT ( 'NONE', #6893 ) ;
#7876 = EDGE_CURVE ( 'NONE', #813, #4006, #1633, .T. ) ;
#7877 = CARTESIAN_POINT ( 'NONE',  ( -114.3499999999999943, -1.199999999999999956, 41.11078210476999573 ) ) ;
#7878 = VECTOR ( 'NONE', #4152, 1000.000000000000114 ) ;
#7879 = VECTOR ( 'NONE', #675, 1000.000000000000000 ) ;
#7880 = DIRECTION ( 'NONE',  ( 1.000000000000000000, 0.000000000000000000, 0.000000000000000000 ) ) ;
#7881 = DIRECTION ( 'NONE',  ( 0.000000000000000000, 0.000000000000000000, 1.000000000000000000 ) ) ;
#7882 = DIRECTION ( 'NONE',  ( 0.000000000000000000, 0.000000000000000000, 1.000000000000000000 ) ) ;
#7883 = EDGE_CURVE ( 'NONE', #4034, #7499, #4881, .T. ) ;
#7884 = LINE ( 'NONE', #8670, #1626 ) ;
#7885 = CARTESIAN_POINT ( 'NONE',  ( -114.3499999999999943, -1.199999999999999956, 41.11078210476999573 ) ) ;
#7886 = ORIENTED_EDGE ( 'NONE', *, *, #2252, .F. ) ;
#7887 = ORIENTED_EDGE ( 'NONE', *, *, #2259, .T. ) ;
#7888 = EDGE_CURVE ( 'NONE', #8027, #4616, #8018, .T. ) ;
#7889 = ORIENTED_EDGE ( 'NONE', *, *, #3386, .F. ) ;
#7890 = PRODUCT_DEFINITION_FORMATION_WITH_SPECIFIED_SOURCE ( 'ANY', '', #3347, .NOT_KNOWN. ) ;
#7891 = EDGE_CURVE ( 'NONE', #5580, #1968, #1695, .T. ) ;
#7892 = EDGE_CURVE ( 'NONE', #3842, #8825, #4896, .T. ) ;
#7893 = VECTOR ( 'NONE', #6620, 1000.000000000000000 ) ;
#7894 = DIRECTION ( 'NONE',  ( 0.000000000000000000, 0.000000000000000000, 1.000000000000000000 ) ) ;
#7895 = VECTOR ( 'NONE', #7781, 1000.000000000000000 ) ;
#7896 = CARTESIAN_POINT ( 'NONE',  ( -114.3499999999999943, -1.199999999999999956, 42.97004618150000255 ) ) ;
#7897 = DIRECTION ( 'NONE',  ( 0.000000000000000000, 0.000000000000000000, -1.000000000000000000 ) ) ;
#7898 = DIRECTION ( 'NONE',  ( 0.000000000000000000, 0.000000000000000000, -1.000000000000000000 ) ) ;
#7899 = CIRCLE ( 'NONE', #4494, 10.89997820000000672 ) ;
#7900 = VECTOR ( 'NONE', #4346, 1000.000000000000000 ) ;
#7901 = VERTEX_POINT ( 'NONE', #178 ) ;
#7902 = AXIS2_PLACEMENT_3D ( 'NONE', #6748, #4689, #185 ) ;
#7903 = DIRECTION ( 'NONE',  ( 0.000000000000000000, -1.000000000000000000, 0.000000000000000000 ) ) ;
#7904 = DIRECTION ( 'NONE',  ( 0.000000000000000000, 1.000000000000000000, 0.000000000000000000 ) ) ;
#7905 = CARTESIAN_POINT ( 'NONE',  ( -106.4000177000000065, 13.64996830000000116, 34.77002669999999540 ) ) ;
#7906 = ORIENTED_EDGE ( 'NONE', *, *, #2750, .F. ) ;
#7907 = DIRECTION ( 'NONE',  ( 0.8424029650852791207, 0.5388480717377859275, 0.000000000000000000 ) ) ;
#7908 = CARTESIAN_POINT ( 'NONE',  ( -114.3499999999999943, -1.199999999999999956, 40.62001500000000220 ) ) ;
#7909 = CARTESIAN_POINT ( 'NONE',  ( -114.3499999999999943, -15.19997200000000070, 33.17002990000000295 ) ) ;
#7910 = EDGE_CURVE ( 'NONE', #1378, #7514, #8053, .T. ) ;
#7911 = AXIS2_PLACEMENT_3D ( 'NONE', #8709, #6507, #1253 ) ;
#7912 = ORIENTED_EDGE ( 'NONE', *, *, #688, .T. ) ;
#7913 = LINE ( 'NONE', #5054, #1554 ) ;
#7914 = LINE ( 'NONE', #7687, #1540 ) ;
#7915 = ORIENTED_EDGE ( 'NONE', *, *, #348, .F. ) ;
#7916 = DIRECTION ( 'NONE',  ( 0.000000000000000000, 0.000000000000000000, 1.000000000000000000 ) ) ;
#7917 = AXIS2_PLACEMENT_3D ( 'NONE', #4263, #4316, #5730 ) ;
#7918 = VERTEX_POINT ( 'NONE', #5302 ) ;
#7919 = DIRECTION ( 'NONE',  ( 0.4263567670213890271, 0.9045550879935776445, -3.066028069122720605E-14 ) ) ;
#7920 = DIRECTION ( 'NONE',  ( 0.000000000000000000, 0.000000000000000000, 1.000000000000000000 ) ) ;
#7921 = EDGE_LOOP ( 'NONE', ( #2024, #8654 ) ) ;
#7922 = DIRECTION ( 'NONE',  ( -0.4999999999681989937, 0.8660254038027990209, 0.000000000000000000 ) ) ;
#7923 = EDGE_CURVE ( 'NONE', #4725, #8556, #1715, .T. ) ;
#7924 = PLANE ( 'NONE',  #8170 ) ;
#7925 = VECTOR ( 'NONE', #8359, 1000.000000000000000 ) ;
#7926 = ADVANCED_BREP_SHAPE_REPRESENTATION ( '', ( #815, #2466 ), #6319 ) ;
#7927 = DIRECTION ( 'NONE',  ( 0.000000000000000000, -1.000000000000000000, 0.000000000000000000 ) ) ;
#7928 = VECTOR ( 'NONE', #4584, 1000.000000000000114 ) ;
#7929 = EDGE_CURVE ( 'NONE', #7001, #5914, #8068, .T. ) ;
#7930 = LINE ( 'NONE', #297, #4970 ) ;
#7931 = ORIENTED_EDGE ( 'NONE', *, *, #7892, .T. ) ;
#7932 = ORIENTED_EDGE ( 'NONE', *, *, #6335, .T. ) ;
#7933 = CARTESIAN_POINT ( 'NONE',  ( -100.7764953215000077, 3.203641244765000007, 41.77001269999999522 ) ) ;
#7934 = CARTESIAN_POINT ( 'NONE',  ( -119.0074371987000035, -13.49997570000000024, 41.57001309999999705 ) ) ;
#7935 = AXIS2_PLACEMENT_3D ( 'NONE', #8469, #3481, #7002 ) ;
#7936 = CARTESIAN_POINT ( 'NONE',  ( -103.4500218000000018, -1.199999999999999956, 41.77001269999999522 ) ) ;
#7937 = CARTESIAN_POINT ( 'NONE',  ( -127.5158234294000152, -7.877533117910000549, 40.46693773853999687 ) ) ;
#7938 = ORIENTED_EDGE ( 'NONE', *, *, #4940, .T. ) ;
#7939 = AXIS2_PLACEMENT_3D ( 'NONE', #9003, #7104, #9063 ) ;
#7940 = DIRECTION ( 'NONE',  ( 0.000000000000000000, 0.000000000000000000, -1.000000000000000000 ) ) ;
#7941 = FACE_OUTER_BOUND ( 'NONE', #1147, .T. ) ;
#7942 = DIRECTION ( 'NONE',  ( 1.000000000000000000, 4.875776064081999683E-13, 0.000000000000000000 ) ) ;
#7943 = DIRECTION ( 'NONE',  ( 0.7169391777970893775, 0.6971357223235897793, 0.000000000000000000 ) ) ;
#7944 = CARTESIAN_POINT ( 'NONE',  ( -114.3499999999999943, -1.199999999999999956, 38.42001940000000104 ) ) ;
#7945 = FACE_OUTER_BOUND ( 'NONE', #66, .T. ) ;
#7946 = CARTESIAN_POINT ( 'NONE',  ( -119.8499929999999978, 11.61997654408000002, 38.42001940000000104 ) ) ;
#7947 = ORIENTED_EDGE ( 'NONE', *, *, #1993, .T. ) ;
#7948 = EDGE_CURVE ( 'NONE', #6035, #3835, #1735, .T. ) ;
#7949 = ORIENTED_EDGE ( 'NONE', *, *, #7625, .T. ) ;
#7950 = ORIENTED_EDGE ( 'NONE', *, *, #8337, .F. ) ;
#7951 = AXIS2_PLACEMENT_3D ( 'NONE', #6216, #1176, #8360 ) ;
#7952 = VERTEX_POINT ( 'NONE', #3132 ) ;
#7953 = VECTOR ( 'NONE', #7958, 1000.000000000000000 ) ;
#7954 = CARTESIAN_POINT ( 'NONE',  ( -123.6925348012999990, -6.516656053202000365, 40.12001599999999968 ) ) ;
#7955 = EDGE_CURVE ( 'NONE', #7631, #972, #4640, .T. ) ;
#7956 = CARTESIAN_POINT ( 'NONE',  ( -125.3897135738999964, 6.395007568541000609, 44.27001270000000233 ) ) ;
#7957 = DIRECTION ( 'NONE',  ( -0.8660254037817868289, -0.5000000000045929927, 0.000000000000000000 ) ) ;
#7958 = DIRECTION ( 'NONE',  ( -2.583791766400000404E-14, 0.000000000000000000, -1.000000000000000000 ) ) ;
#7959 = CIRCLE ( 'NONE', #6589, 2.699994599999999245 ) ;
#7960 = LINE ( 'NONE', #8229, #8122 ) ;
#7961 = ORIENTED_EDGE ( 'NONE', *, *, #9126, .T. ) ;
#7962 = CARTESIAN_POINT ( 'NONE',  ( -102.1398851139999948, 0.6533710858511000419, 41.17001390000000072 ) ) ;
#7963 = DIRECTION ( 'NONE',  ( -1.000000000000000000, 0.000000000000000000, 0.000000000000000000 ) ) ;
#7964 = PLANE ( 'NONE',  #8528 ) ;
#7965 = VERTEX_POINT ( 'NONE', #6804 ) ;
#7966 = PLANE ( 'NONE',  #4511 ) ;
#7967 = CARTESIAN_POINT ( 'NONE',  ( -99.50003170000000807, 8.749982299996998947, 35.17002670000000109 ) ) ;
#7968 = CARTESIAN_POINT ( 'NONE',  ( -104.1939862636000100, 8.158741303262997846, 41.17001390000000072 ) ) ;
#7969 = EDGE_CURVE ( 'NONE', #99, #3449, #1516, .T. ) ;
#7970 = ORIENTED_EDGE ( 'NONE', *, *, #2847, .F. ) ;
#7971 = ITEM_DEFINED_TRANSFORMATION ( 'NONE', 'NONE', #2339,  #2466 ) ;
#7972 = VERTEX_POINT ( 'NONE', #7482 ) ;
#7973 = CARTESIAN_POINT ( 'NONE',  ( -126.1871617616999970, -8.957947112764999886, 34.93669307995999418 ) ) ;
#7974 =( GEOMETRIC_REPRESENTATION_CONTEXT ( 3 ) GLOBAL_UNCERTAINTY_ASSIGNED_CONTEXT ( ( #2242 ) ) GLOBAL_UNIT_ASSIGNED_CONTEXT ( ( #7445, #8899, #4752 ) ) REPRESENTATION_CONTEXT ( 'NONE', 'WORKASPACE' ) );
#7975 = VECTOR ( 'NONE', #8817, 1000.000000000000000 ) ;
#7976 = EDGE_CURVE ( 'NONE', #7751, #6019, #7865, .T. ) ;
#7977 = CARTESIAN_POINT ( 'NONE',  ( -117.8500131594871760, 11.35095579197646920, 44.10626482751786170 ) ) ;
#7978 = ORIENTED_EDGE ( 'NONE', *, *, #751, .F. ) ;
#7979 = DIRECTION ( 'NONE',  ( 1.000000000000000000, 0.000000000000000000, 0.000000000000000000 ) ) ;
#7980 = ORIENTED_EDGE ( 'NONE', *, *, #1013, .T. ) ;
#7981 = CARTESIAN_POINT ( 'NONE',  ( -100.5932004446000008, -0.1012969762475999930, 41.17001390000000072 ) ) ;
#7982 = CARTESIAN_POINT ( 'NONE',  ( -114.3499999999999943, -1.199999999999999956, 46.62000299999999697 ) ) ;
#7983 = VERTEX_POINT ( 'NONE', #1705 ) ;
#7984 = CONTEXT_DEPENDENT_SHAPE_REPRESENTATION ( #413, #2970 ) ;
#7985 = ORIENTED_EDGE ( 'NONE', *, *, #1963, .T. ) ;
#7986 = CARTESIAN_POINT ( 'NONE',  ( -126.9333671703999897, -8.465010423123999317, 38.28493012335000856 ) ) ;
#7987 = EDGE_CURVE ( 'NONE', #2205, #3414, #7745, .T. ) ;
#7988 = CYLINDRICAL_SURFACE ( 'NONE', #1268, 9.099981800000003673 ) ;
#7989 = CARTESIAN_POINT ( 'NONE',  ( -117.8499929999999978, -15.52870122344999970, 34.77002669999999540 ) ) ;
#7990 = VECTOR ( 'NONE', #3055, 1000.000000000000000 ) ;
#7991 = VERTEX_POINT ( 'NONE', #7546 ) ;
#7992 = VERTEX_POINT ( 'NONE', #8241 ) ;
#7993 = DIRECTION ( 'NONE',  ( 0.000000000000000000, 0.000000000000000000, -1.000000000000000000 ) ) ;
#7994 = CARTESIAN_POINT ( 'NONE',  ( -105.0835859168999917, 4.727316934461000209, 41.77001269999999522 ) ) ;
#7995 = CARTESIAN_POINT ( 'NONE',  ( -114.2427025538000009, 1.324682974541000036, 49.55907315657999845 ) ) ;
#7996 = DIRECTION ( 'NONE',  ( 0.000000000000000000, 0.000000000000000000, -1.000000000000000000 ) ) ;
#7997 = ORIENTED_EDGE ( 'NONE', *, *, #1842, .F. ) ;
#7998 = CONTEXT_DEPENDENT_SHAPE_REPRESENTATION ( #7634, #2435 ) ;
#7999 = ORIENTED_EDGE ( 'NONE', *, *, #8362, .F. ) ;
#8000 = AXIS2_PLACEMENT_3D ( 'NONE', #3713, #8782, #4405 ) ;
#8001 = DIRECTION ( 'NONE',  ( 0.000000000000000000, 0.000000000000000000, 1.000000000000000000 ) ) ;
#8002 = EDGE_CURVE ( 'NONE', #2175, #5439, #4740, .T. ) ;
#8003 = LINE ( 'NONE', #859, #1622 ) ;
#8004 = AXIS2_PLACEMENT_3D ( 'NONE', #2129, #4147, #6275 ) ;
#8005 = CARTESIAN_POINT ( 'NONE',  ( -129.4499682999999948, -11.33474613867000080, 34.77002669999999540 ) ) ;
#8006 = ADVANCED_FACE ( 'NONE', ( #7833 ), #4715, .T. ) ;
#8007 = DIRECTION ( 'NONE',  ( 0.000000000000000000, 0.000000000000000000, -1.000000000000000000 ) ) ;
#8008 = CARTESIAN_POINT ( 'NONE',  ( -114.3506579201000051, -1.183702654446000091, 41.17001390000000072 ) ) ;
#8009 = FACE_OUTER_BOUND ( 'NONE', #3098, .T. ) ;
#8010 = CARTESIAN_POINT ( 'NONE',  ( -119.8499761249129136, 10.64173564665182603, 44.13384540268726397 ) ) ;
#8011 = ORIENTED_EDGE ( 'NONE', *, *, #7929, .T. ) ;
#8012 = VERTEX_POINT ( 'NONE', #8686 ) ;
#8013 = EDGE_CURVE ( 'NONE', #2366, #7427, #1882, .T. ) ;
#8014 = ADVANCED_FACE ( 'NONE', ( #2081 ), #6347, .T. ) ;
#8015 = ORIENTED_EDGE ( 'NONE', *, *, #9318, .T. ) ;
#8016 = SHAPE_DEFINITION_REPRESENTATION ( #61, #6208 ) ;
#8017 = VERTEX_POINT ( 'NONE', #5350 ) ;
#8018 = LINE ( 'NONE', #8999, #4625 ) ;
#8019 = DIRECTION ( 'NONE',  ( 0.7115627677581037869, 0.7026225356053041882, 0.000000000000000000 ) ) ;
#8020 = DIRECTION ( 'NONE',  ( 0.000000000000000000, 0.000000000000000000, 1.000000000000000000 ) ) ;
#8021 = LINE ( 'NONE', #5703, #7879 ) ;
#8022 = DIRECTION ( 'NONE',  ( 0.000000000000000000, 0.000000000000000000, -1.000000000000000000 ) ) ;
#8023 = CARTESIAN_POINT ( 'NONE',  ( 0.000000000000000000, 0.000000000000000000, 34.77002669999999540 ) ) ;
#8024 = CARTESIAN_POINT ( 'NONE',  ( -122.6862768409999944, 5.822536093894999709, 41.77001269999999522 ) ) ;
#8025 = EDGE_CURVE ( 'NONE', #278, #7175, #5228, .T. ) ;
#8026 = CYLINDRICAL_SURFACE ( 'NONE', #6226, 10.89997820000000672 ) ;
#8027 = VERTEX_POINT ( 'NONE', #8982 ) ;
#8028 = CARTESIAN_POINT ( 'NONE',  ( -104.2760000226543013, 7.642142388933481634, 42.27001269999998811 ) ) ;
#8029 = DIRECTION ( 'NONE',  ( 1.000000000000000000, 0.000000000000000000, 0.000000000000000000 ) ) ;
#8030 = DIRECTION ( 'NONE',  ( 0.000000000000000000, 0.000000000000000000, 1.000000000000000000 ) ) ;
#8031 = ORIENTED_EDGE ( 'NONE', *, *, #6454, .F. ) ;
#8032 = DIRECTION ( 'NONE',  ( 0.000000000000000000, 1.000000000000000000, 0.000000000000000000 ) ) ;
#8033 = DIRECTION ( 'NONE',  ( -1.000000000000000000, 0.000000000000000000, 0.000000000000000000 ) ) ;
#8034 = EDGE_CURVE ( 'NONE', #6755, #8909, #1994, .T. ) ;
#8035 = ORIENTED_EDGE ( 'NONE', *, *, #1465, .T. ) ;
#8036 = CARTESIAN_POINT ( 'NONE',  ( -108.8500070000000051, -1.150462752447999781, 49.55907315657999845 ) ) ;
#8037 = VERTEX_POINT ( 'NONE', #9054 ) ;
#8038 = VECTOR ( 'NONE', #7428, 1000.000000000000000 ) ;
#8039 = AXIS2_PLACEMENT_3D ( 'NONE', #6346, #7940, #7198 ) ;
#8040 = CARTESIAN_POINT ( 'NONE',  ( -117.8499347290344588, 11.30736019319093799, 44.05357017927582319 ) ) ;
#8041 = CYLINDRICAL_SURFACE ( 'NONE', #4187, 4.000000000000000000 ) ;
#8042 = CARTESIAN_POINT ( 'NONE',  ( -126.9158658943999853, 4.968087393994998990, 41.55849623029000384 ) ) ;
#8043 = VERTEX_POINT ( 'NONE', #1765 ) ;
#8044 = DIRECTION ( 'NONE',  ( 1.000000000000000000, 0.000000000000000000, 0.000000000000000000 ) ) ;
#8045 = EDGE_CURVE ( 'NONE', #2625, #3417, #5085, .T. ) ;
#8046 = ORIENTED_EDGE ( 'NONE', *, *, #9146, .T. ) ;
#8047 = DIRECTION ( 'NONE',  ( 0.000000000000000000, 1.000000000000000000, 0.000000000000000000 ) ) ;
#8048 = DIRECTION ( 'NONE',  ( 0.4999999999983090193, -0.8660254037854150377, 0.000000000000000000 ) ) ;
#8049 = ORIENTED_EDGE ( 'NONE', *, *, #8101, .F. ) ;
#8050 = PLANE ( 'NONE',  #2215 ) ;
#8051 = ADVANCED_FACE ( 'NONE', ( #5282 ), #1018, .F. ) ;
#8052 = CARTESIAN_POINT ( 'NONE',  ( -129.4499682999999948, -11.33474613867000080, 37.77002069999999634 ) ) ;
#8053 = CIRCLE ( 'NONE', #2974, 0.2999993999999981398 ) ;
#8054 = CARTESIAN_POINT ( 'NONE',  ( -123.2730000078999950, -8.481623346632000349, 41.77001269999999522 ) ) ;
#8055 = FACE_OUTER_BOUND ( 'NONE', #9332, .T. ) ;
#8056 = AXIS2_PLACEMENT_3D ( 'NONE', #8975, #2509, #9219 ) ;
#8057 = CYLINDRICAL_SURFACE ( 'NONE', #8689, 15.18313571722000610 ) ;
#8058 = ORIENTED_EDGE ( 'NONE', *, *, #8858, .T. ) ;
#8059 = AXIS2_PLACEMENT_3D ( 'NONE', #8207, #340, #399 ) ;
#8060 = ORIENTED_EDGE ( 'NONE', *, *, #6375, .F. ) ;
#8061 = DIRECTION ( 'NONE',  ( -0.6708541807075228958, -0.7415892854048244942, 0.000000000000000000 ) ) ;
#8062 = DIRECTION ( 'NONE',  ( 0.000000000000000000, 1.000000000000000000, 0.000000000000000000 ) ) ;
#8063 = CARTESIAN_POINT ( 'NONE',  ( -103.9284517085000061, 3.662183173087000032, 42.27001269999999522 ) ) ;
#8064 = ORIENTED_EDGE ( 'NONE', *, *, #666, .T. ) ;
#8065 = ORIENTED_EDGE ( 'NONE', *, *, #5336, .T. ) ;
#8066 = PLANE ( 'NONE',  #3096 ) ;
#8067 = CARTESIAN_POINT ( 'NONE',  ( -122.3038877883000026, 5.500408964984999649, 44.27001270000000233 ) ) ;
#8068 = LINE ( 'NONE', #3937, #7757 ) ;
#8069 = EDGE_CURVE ( 'NONE', #9027, #7364, #4948, .T. ) ;
#8070 = CARTESIAN_POINT ( 'NONE',  ( -114.3499999999999943, -1.199999999996999911, 41.77001269999999522 ) ) ;
#8071 = EDGE_CURVE ( 'NONE', #4988, #5257, #2011, .T. ) ;
#8072 = CARTESIAN_POINT ( 'NONE',  ( -130.1999682999999948, 6.749982300000000102, 36.27002670000000251 ) ) ;
#8073 = DIRECTION ( 'NONE',  ( 2.842176627394000121E-13, -1.243452274484999914E-13, 1.000000000000000000 ) ) ;
#8074 = FACE_BOUND ( 'NONE', #3427, .T. ) ;
#8075 = CARTESIAN_POINT ( 'NONE',  ( -119.8497550942767589, 10.91114964539886145, 44.26145351228531410 ) ) ;
#8076 = AXIS2_PLACEMENT_3D ( 'NONE', #3979, #294, #8865 ) ;
#8077 = EDGE_LOOP ( 'NONE', ( #4942, #7783, #1170, #5768, #1512, #4329, #7357, #4205 ) ) ;
#8078 = ORIENTED_EDGE ( 'NONE', *, *, #4376, .F. ) ;
#8079 = DIRECTION ( 'NONE',  ( 0.000000000000000000, -1.000000000000000000, 0.000000000000000000 ) ) ;
#8080 = EDGE_CURVE ( 'NONE', #9187, #7862, #8157, .T. ) ;
#8081 = ORIENTED_EDGE ( 'NONE', *, *, #3612, .T. ) ;
#8082 = CONICAL_SURFACE ( 'NONE', #402, 14.51647139999999503, 0.6108652381970272049 ) ;
#8083 = DIRECTION ( 'NONE',  ( -4.350234908385999999E-13, 1.453041203173000128E-12, 1.000000000000000000 ) ) ;
#8084 = LINE ( 'NONE', #2716, #7895 ) ;
#8085 = DIRECTION ( 'NONE',  ( 0.000000000000000000, 0.000000000000000000, 1.000000000000000000 ) ) ;
#8086 = CARTESIAN_POINT ( 'NONE',  ( -127.2434641610999932, -9.567803587388997499, 34.77002669999999540 ) ) ;
#8087 = PRODUCT_DEFINITION_SHAPE ( 'NONE', 'NONE',  #9351 ) ;
#8088 = EDGE_CURVE ( 'NONE', #8744, #6241, #8378, .T. ) ;
#8089 = DIRECTION ( 'NONE',  ( 1.000000000000000000, 0.000000000000000000, 0.000000000000000000 ) ) ;
#8090 = VECTOR ( 'NONE', #5622, 1000.000000000000000 ) ;
#8091 = ORIENTED_EDGE ( 'NONE', *, *, #2518, .F. ) ;
#8092 = CARTESIAN_POINT ( 'NONE',  ( -104.2961567981000002, 7.522402848498000338, 42.27001269999999522 ) ) ;
#8093 = DIRECTION ( 'NONE',  ( 0.000000000000000000, 0.9882969313296747771, -0.1525423728815969160 ) ) ;
#8094 = AXIS2_PLACEMENT_3D ( 'NONE', #1577, #7993, #1190 ) ;
#8095 = DIRECTION ( 'NONE',  ( 0.9511935406831890649, 0.3085949580964965633, 0.000000000000000000 ) ) ;
#8096 = ORIENTED_EDGE ( 'NONE', *, *, #5623, .T. ) ;
#8097 = CARTESIAN_POINT ( 'NONE',  ( -130.1999682999999948, 5.649982300000000457, 34.77002669999999540 ) ) ;
#8098 = DIRECTION ( 'NONE',  ( 0.000000000000000000, 0.000000000000000000, -1.000000000000000000 ) ) ;
#8099 = ADVANCED_FACE ( 'NONE', ( #1898 ), #8082, .T. ) ;
#8100 = ORIENTED_EDGE ( 'NONE', *, *, #8212, .F. ) ;
#8101 = EDGE_CURVE ( 'NONE', #4568, #7447, #1820, .T. ) ;
#8102 = VECTOR ( 'NONE', #7834, 1000.000000000000000 ) ;
#8103 = CIRCLE ( 'NONE', #3653, 15.54996890000000143 ) ;
#8104 = FACE_OUTER_BOUND ( 'NONE', #6601, .T. ) ;
#8105 = AXIS2_PLACEMENT_3D ( 'NONE', #7446, #8142, #1040 ) ;
#8106 = CARTESIAN_POINT ( 'NONE',  ( -110.8500145309401432, 11.53530450964237808, 44.23147844871976275 ) ) ;
#8107 = CIRCLE ( 'NONE', #5776, 0.4999990000039994942 ) ;
#8108 = CARTESIAN_POINT ( 'NONE',  ( -121.1999822999999878, -16.29996829999999974, 37.77002069999999634 ) ) ;
#8109 = ORIENTED_EDGE ( 'NONE', *, *, #716, .T. ) ;
#8110 = CARTESIAN_POINT ( 'NONE',  ( 0.000000000000000000, 0.000000000000000000, 0.000000000000000000 ) ) ;
#8111 = VERTEX_POINT ( 'NONE', #6742 ) ;
#8112 = DIRECTION ( 'NONE',  ( 0.000000000000000000, 0.000000000000000000, 1.000000000000000000 ) ) ;
#8113 = CARTESIAN_POINT ( 'NONE',  ( -124.2999822999999964, 14.04996829999999974, 35.17002670000000109 ) ) ;
#8114 = VERTEX_POINT ( 'NONE', #7425 ) ;
#8115 = ORIENTED_EDGE ( 'NONE', *, *, #4488, .F. ) ;
#8116 = DIRECTION ( 'NONE',  ( 0.000000000000000000, 0.000000000000000000, 1.000000000000000000 ) ) ;
#8117 = CARTESIAN_POINT ( 'NONE',  ( -126.6956400806000005, -1.399569263362000049, 41.47001329999999797 ) ) ;
#8118 = EDGE_CURVE ( 'NONE', #3450, #6035, #5159, .T. ) ;
#8119 = CIRCLE ( 'NONE', #3678, 4.000000000000003553 ) ;
#8120 = DIRECTION ( 'NONE',  ( 0.000000000000000000, 0.9948052530440534280, -0.1017964071858966091 ) ) ;
#8121 = LINE ( 'NONE', #5402, #1860 ) ;
#8122 = VECTOR ( 'NONE', #3245, 1000.000000000000000 ) ;
#8123 = ORIENTED_EDGE ( 'NONE', *, *, #7449, .F. ) ;
#8124 = EDGE_CURVE ( 'NONE', #5535, #7001, #1327, .T. ) ;
#8125 = ORIENTED_EDGE ( 'NONE', *, *, #8289, .F. ) ;
#8126 = ORIENTED_EDGE ( 'NONE', *, *, #1148, .F. ) ;
#8127 = ADVANCED_FACE ( 'NONE', ( #8228 ), #5247, .T. ) ;
#8128 = VECTOR ( 'NONE', #1345, 1000.000000000000000 ) ;
#8129 = DIRECTION ( 'NONE',  ( 2.655203362689998226E-08, 2.668689441871998278E-08, -0.9999999999999993339 ) ) ;
#8130 = VECTOR ( 'NONE', #86, 1000.000000000000000 ) ;
#8131 = DIRECTION ( 'NONE',  ( 0.000000000000000000, 1.000000000000000000, 0.000000000000000000 ) ) ;
#8132 = DIRECTION ( 'NONE',  ( 0.000000000000000000, -1.000000000000000000, 0.000000000000000000 ) ) ;
#8133 = CIRCLE ( 'NONE', #925, 1.669996659999998689 ) ;
#8134 = DIRECTION ( 'NONE',  ( 0.000000000000000000, 0.000000000000000000, -1.000000000000000000 ) ) ;
#8135 = ORIENTED_EDGE ( 'NONE', *, *, #3130, .F. ) ;
#8136 = VERTEX_POINT ( 'NONE', #667 ) ;
#8137 = CARTESIAN_POINT ( 'NONE',  ( -114.3499999999999943, -1.199999999999999956, 46.92000240000000133 ) ) ;
#8138 = ORIENTED_EDGE ( 'NONE', *, *, #2352, .T. ) ;
#8139 = EDGE_CURVE ( 'NONE', #2821, #8279, #8119, .T. ) ;
#8140 = LINE ( 'NONE', #4051, #8181 ) ;
#8141 =( NAMED_UNIT ( * ) PLANE_ANGLE_UNIT ( ) SI_UNIT ( $, .RADIAN. ) );
#8142 = DIRECTION ( 'NONE',  ( 0.000000000000000000, 0.000000000000000000, -1.000000000000000000 ) ) ;
#8143 = CIRCLE ( 'NONE', #8415, 10.89997820000000317 ) ;
#8144 = CARTESIAN_POINT ( 'NONE',  ( -103.2363789930808053, 1.339938666806262058, 42.26127178617100810 ) ) ;
#8145 = VECTOR ( 'NONE', #7145, 1000.000000000000000 ) ;
#8146 = FACE_OUTER_BOUND ( 'NONE', #8706, .T. ) ;
#8147 = ORIENTED_EDGE ( 'NONE', *, *, #1204, .F. ) ;
#8148 = PLANE ( 'NONE',  #7707 ) ;
#8149 = CARTESIAN_POINT ( 'NONE',  ( -102.5549460082999929, 6.533636180423999740, 35.77002470000000045 ) ) ;
#8150 = VERTEX_POINT ( 'NONE', #1942 ) ;
#8151 = DIRECTION ( 'NONE',  ( 1.000000000000000000, 0.000000000000000000, 0.000000000000000000 ) ) ;
#8152 = CARTESIAN_POINT ( 'NONE',  ( -103.3051442380000111, 9.218194248737001217, 39.86605802304000434 ) ) ;
#8153 = AXIS2_PLACEMENT_3D ( 'NONE', #4720, #6214, #3918 ) ;
#8154 = ORIENTED_EDGE ( 'NONE', *, *, #6443, .T. ) ;
#8155 = DIRECTION ( 'NONE',  ( 0.000000000000000000, 0.000000000000000000, 1.000000000000000000 ) ) ;
#8156 = AXIS2_PLACEMENT_3D ( 'NONE', #4643, #8029, #1043 ) ;
#8157 = CIRCLE ( 'NONE', #59, 15.18313571721999899 ) ;
#8158 = EDGE_CURVE ( 'NONE', #6196, #336, #1913, .T. ) ;
#8159 = LINE ( 'NONE', #9183, #5042 ) ;
#8160 = ADVANCED_FACE ( 'NONE', ( #1975 ), #2768, .F. ) ;
#8161 = VECTOR ( 'NONE', #4080, 1000.000000000000000 ) ;
#8162 = CARTESIAN_POINT ( 'NONE',  ( -124.3733845415000019, -6.366656053202000010, 40.32001560000000495 ) ) ;
#8163 = CIRCLE ( 'NONE', #9257, 14.74997050000000165 ) ;
#8164 = CARTESIAN_POINT ( 'NONE',  ( -100.0765061983840525, 2.999361687192454440, 40.30070998202666033 ) ) ;
#8165 = ORIENTED_EDGE ( 'NONE', *, *, #7798, .F. ) ;
#8166 = APPLICATION_CONTEXT ( 'automotive_design' ) ;
#8167 = ORIENTED_EDGE ( 'NONE', *, *, #691, .F. ) ;
#8168 = CARTESIAN_POINT ( 'NONE',  ( -100.7894240753132920, 3.208509415476860305, 41.88971354487179610 ) ) ;
#8169 = ADVANCED_FACE ( 'NONE', ( #8364 ), #2116, .T. ) ;
#8170 = AXIS2_PLACEMENT_3D ( 'NONE', #7986, #8669, #8740 ) ;
#8171 = CARTESIAN_POINT ( 'NONE',  ( -106.4000177000000065, 13.64996830000000116, 34.77002669999999540 ) ) ;
#8172 = AXIS2_PLACEMENT_3D ( 'NONE', #3759, #5175, #5932 ) ;
#8173 = PLANE ( 'NONE',  #8592 ) ;
#8174 = EDGE_CURVE ( 'NONE', #4798, #8825, #4962, .T. ) ;
#8175 = CYLINDRICAL_SURFACE ( 'NONE', #7517, 13.79997239999999614 ) ;
#8176 = FACE_OUTER_BOUND ( 'NONE', #8636, .T. ) ;
#8177 = VERTEX_POINT ( 'NONE', #8639 ) ;
#8178 = ORIENTED_EDGE ( 'NONE', *, *, #478, .T. ) ;
#8179 = EDGE_CURVE ( 'NONE', #305, #8956, #2182, .T. ) ;
#8180 = AXIS2_PLACEMENT_3D ( 'NONE', #5468, #1856, #4762 ) ;
#8181 = VECTOR ( 'NONE', #7654, 1000.000000000000000 ) ;
#8182 = DIRECTION ( 'NONE',  ( 0.006435969871417507315, 0.9999792889314328415, 0.000000000000000000 ) ) ;
#8183 = CARTESIAN_POINT ( 'NONE',  ( -130.1999682999999948, -11.18474613867000045, 34.77002669999999540 ) ) ;
#8184 = LINE ( 'NONE', #6530, #5144 ) ;
#8185 = DIRECTION ( 'NONE',  ( 0.000000000000000000, -1.000000000000000000, 0.000000000000000000 ) ) ;
#8186 = DIRECTION ( 'NONE',  ( -0.5020408570768294387, -0.8648439037338254698, 0.000000000000000000 ) ) ;
#8187 = LINE ( 'NONE', #3573, #1933 ) ;
#8188 = CARTESIAN_POINT ( 'NONE',  ( -98.50003170000000807, -12.04997829999999936, 34.77002669999999540 ) ) ;
#8189 = ORIENTED_EDGE ( 'NONE', *, *, #9103, .F. ) ;
#8190 = CARTESIAN_POINT ( 'NONE',  ( -130.1999682999999948, -11.18474613867000045, 36.27002670000000251 ) ) ;
#8191 = VERTEX_POINT ( 'NONE', #6359 ) ;
#8192 = DIRECTION ( 'NONE',  ( -4.461779393215999708E-14, 1.032135061195999908E-12, -1.000000000000000000 ) ) ;
#8193 = EDGE_CURVE ( 'NONE', #8586, #728, #8326, .T. ) ;
#8194 = ADVANCED_FACE ( 'NONE', ( #1959 ), #6977, .T. ) ;
#8195 = FACE_OUTER_BOUND ( 'NONE', #5487, .T. ) ;
#8196 = DIRECTION ( 'NONE',  ( 0.000000000000000000, 0.000000000000000000, 1.000000000000000000 ) ) ;
#8197 = PLANE ( 'NONE',  #8839 ) ;
#8198 = DIRECTION ( 'NONE',  ( -2.605328575110999875E-12, 2.114460986755000128E-11, 1.000000000000000000 ) ) ;
#8199 = CARTESIAN_POINT ( 'NONE',  ( -104.5320331883000051, -10.96879011926999858, 38.42001940000000104 ) ) ;
#8200 = CIRCLE ( 'NONE', #5139, 15.39996920000000280 ) ;
#8201 = DIRECTION ( 'NONE',  ( 0.000000000000000000, 0.000000000000000000, 1.000000000000000000 ) ) ;
#8202 = CIRCLE ( 'NONE', #2245, 8.599982800000002925 ) ;
#8203 = VERTEX_POINT ( 'NONE', #3320 ) ;
#8204 = EDGE_CURVE ( 'NONE', #119, #3988, #362, .T. ) ;
#8205 = EDGE_CURVE ( 'NONE', #5439, #45, #5008, .T. ) ;
#8206 = DIRECTION ( 'NONE',  ( 0.000000000000000000, 0.000000000000000000, -1.000000000000000000 ) ) ;
#8207 = CARTESIAN_POINT ( 'NONE',  ( -128.0885758086000124, 2.765866581794999668, 38.27001969999999886 ) ) ;
#8208 = ORIENTED_EDGE ( 'NONE', *, *, #6587, .T. ) ;
#8209 = CARTESIAN_POINT ( 'NONE',  ( -126.8000341036194527, -8.695950069118115522, 40.80924727280771691 ) ) ;
#8210 = CARTESIAN_POINT ( 'NONE',  ( -129.4499682999999948, -10.08474613867000080, 34.77002669999999540 ) ) ;
#8211 = CARTESIAN_POINT ( 'NONE',  ( -103.5000217000000049, -12.04997829999999936, 34.77002669999999540 ) ) ;
#8212 = EDGE_CURVE ( 'NONE', #99, #1688, #8140, .T. ) ;
#8213 = VECTOR ( 'NONE', #3989, 1000.000000000000000 ) ;
#8214 = FACE_OUTER_BOUND ( 'NONE', #6711, .T. ) ;
#8215 = VERTEX_POINT ( 'NONE', #3391 ) ;
#8216 = CARTESIAN_POINT ( 'NONE',  ( -103.7865109298000021, 8.393997296921998696, 41.77001269999999522 ) ) ;
#8217 = CARTESIAN_POINT ( 'NONE',  ( -127.9431283001999873, 5.563834431564999683, 39.86629397768000160 ) ) ;
#8218 = ORIENTED_EDGE ( 'NONE', *, *, #6345, .T. ) ;
#8219 =( REPRESENTATION_RELATIONSHIP ('NONE','NONE', #6599, #7729 ) REPRESENTATION_RELATIONSHIP_WITH_TRANSFORMATION ( #4850 )SHAPE_REPRESENTATION_RELATIONSHIP( ) );
#8220 = CIRCLE ( 'NONE', #9211, 13.84997230000001345 ) ;
#8221 = ORIENTED_EDGE ( 'NONE', *, *, #4226, .T. ) ;
#8222 = EDGE_CURVE ( 'NONE', #8919, #149, #1926, .T. ) ;
#8223 = CARTESIAN_POINT ( 'NONE',  ( -114.3499999999999943, -1.199999999999999956, 41.77001269999999522 ) ) ;
#8224 = DIRECTION ( 'NONE',  ( 0.000000000000000000, 0.000000000000000000, -1.000000000000000000 ) ) ;
#8225 = ORIENTED_EDGE ( 'NONE', *, *, #6901, .F. ) ;
#8226 = DIRECTION ( 'NONE',  ( 1.000000000000000000, 0.000000000000000000, 0.000000000000000000 ) ) ;
#8227 = AXIS2_PLACEMENT_3D ( 'NONE', #7509, #6776, #3907 ) ;
#8228 = FACE_OUTER_BOUND ( 'NONE', #9019, .T. ) ;
#8229 = CARTESIAN_POINT ( 'NONE',  ( -119.8499929999999978, 10.46874091581999977, 43.77001270000000233 ) ) ;
#8230 = ADVANCED_FACE ( 'NONE', ( #5058 ), #2083, .F. ) ;
#8231 = CIRCLE ( 'NONE', #7324, 13.84997230000000101 ) ;
#8232 = ORIENTED_EDGE ( 'NONE', *, *, #1436, .F. ) ;
#8233 = ORIENTED_EDGE ( 'NONE', *, *, #7012, .T. ) ;
#8234 = VERTEX_POINT ( 'NONE', #4283 ) ;
#8235 = DIRECTION ( 'NONE',  ( 0.000000000000000000, 0.000000000000000000, -1.000000000000000000 ) ) ;
#8236 = EDGE_CURVE ( 'NONE', #94, #7329, #1720, .T. ) ;
#8237 = DIRECTION ( 'NONE',  ( 0.006436084917575063576, 0.9999792881909774778, 0.000000000000000000 ) ) ;
#8238 = ORIENTED_EDGE ( 'NONE', *, *, #7149, .F. ) ;
#8239 = DIRECTION ( 'NONE',  ( 0.000000000000000000, 1.000000000000000000, 0.000000000000000000 ) ) ;
#8240 = DIRECTION ( 'NONE',  ( 0.000000000000000000, 0.000000000000000000, 1.000000000000000000 ) ) ;
#8241 = CARTESIAN_POINT ( 'NONE',  ( -122.1604827383000043, -12.63757369836999978, 41.77001269999999522 ) ) ;
#8242 = ORIENTED_EDGE ( 'NONE', *, *, #2506, .F. ) ;
#8243 = CARTESIAN_POINT ( 'NONE',  ( -114.3625496591000115, -1.176176197326999961, 41.77001269999999522 ) ) ;
#8244 = DIRECTION ( 'NONE',  ( 0.000000000000000000, 0.000000000000000000, 1.000000000000000000 ) ) ;
#8245 = LINE ( 'NONE', #4997, #2102 ) ;
#8246 = ORIENTED_EDGE ( 'NONE', *, *, #289, .F. ) ;
#8247 = DIRECTION ( 'NONE',  ( -0.8660254037845658281, -0.4999999999997798983, 0.000000000000000000 ) ) ;
#8248 = CARTESIAN_POINT ( 'NONE',  ( -124.2999822999999964, 14.64996829999999939, 36.27002670000000251 ) ) ;
#8249 = CIRCLE ( 'NONE', #5301, 12.49997499999999917 ) ;
#8250 = DIRECTION ( 'NONE',  ( 0.000000000000000000, 0.000000000000000000, -1.000000000000000000 ) ) ;
#8251 = ORIENTED_EDGE ( 'NONE', *, *, #5132, .T. ) ;
#8252 = ORIENTED_EDGE ( 'NONE', *, *, #30, .F. ) ;
#8253 = ORIENTED_EDGE ( 'NONE', *, *, #671, .T. ) ;
#8254 = EDGE_CURVE ( 'NONE', #3324, #7189, #8256, .T. ) ;
#8255 = CARTESIAN_POINT ( 'NONE',  ( -119.0074371987000035, -12.36664405319999993, 41.57001309999999705 ) ) ;
#8256 = LINE ( 'NONE', #7330, #2133 ) ;
#8257 = CARTESIAN_POINT ( 'NONE',  ( -114.3499999999999943, -1.199999999999999956, 33.74088175383000276 ) ) ;
#8258 = VERTEX_POINT ( 'NONE', #2953 ) ;
#8259 = FILL_AREA_STYLE ('',( #2294 ) ) ;
#8260 = DIRECTION ( 'NONE',  ( -0.4999999999675010520, 0.8660254038032020318, 0.000000000000000000 ) ) ;
#8261 = CIRCLE ( 'NONE', #96, 15.18313571722000255 ) ;
#8262 = AXIS2_PLACEMENT_3D ( 'NONE', #6932, #1042, #5395 ) ;
#8263 = EDGE_LOOP ( 'NONE', ( #6779, #5286, #2619, #8123 ) ) ;
#8264 = CARTESIAN_POINT ( 'NONE',  ( -108.8500070000000051, 11.51109002841999995, 41.77001269999999522 ) ) ;
#8265 = LINE ( 'NONE', #2490, #2104 ) ;
#8266 = LINE ( 'NONE', #3691, #2037 ) ;
#8267 = VERTEX_POINT ( 'NONE', #3022 ) ;
#8268 = AXIS2_PLACEMENT_3D ( 'NONE', #2045, #7741, #4825 ) ;
#8269 = CARTESIAN_POINT ( 'NONE',  ( -114.3499999999999943, -1.199999999999999956, 33.22840623889999989 ) ) ;
#8270 = CARTESIAN_POINT ( 'NONE',  ( -121.6063371487533686, 7.527842607364736871, 44.02606526888915539 ) ) ;
#8271 = ORIENTED_EDGE ( 'NONE', *, *, #3794, .T. ) ;
#8272 = DIRECTION ( 'NONE',  ( -0.8252799460741716553, 0.5647238357000811115, 0.000000000000000000 ) ) ;
#8273 = DIRECTION ( 'NONE',  ( 0.000000000000000000, -1.000000000000000000, 0.000000000000000000 ) ) ;
#8274 = ORIENTED_EDGE ( 'NONE', *, *, #8124, .T. ) ;
#8275 = DIRECTION ( 'NONE',  ( 6.692359222574999499E-14, 3.594528879312000030E-13, -1.000000000000000000 ) ) ;
#8276 = ADVANCED_FACE ( 'NONE', ( #1840 ), #6635, .F. ) ;
#8277 = TOROIDAL_SURFACE ( 'NONE', #6629, 13.39997820000000139, 0.5000000000000000000 ) ;
#8278 = ORIENTED_EDGE ( 'NONE', *, *, #10, .T. ) ;
#8279 = VERTEX_POINT ( 'NONE', #793 ) ;
#8280 = DIRECTION ( 'NONE',  ( 0.000000000000000000, 0.000000000000000000, -1.000000000000000000 ) ) ;
#8281 = LINE ( 'NONE', #8821, #8298 ) ;
#8282 = DIRECTION ( 'NONE',  ( 0.000000000000000000, -1.000000000000000000, 0.000000000000000000 ) ) ;
#8283 = AXIS2_PLACEMENT_3D ( 'NONE', #656, #9163, #779 ) ;
#8284 = VERTEX_POINT ( 'NONE', #1414 ) ;
#8285 = LINE ( 'NONE', #3958, #5340 ) ;
#8286 = EDGE_LOOP ( 'NONE', ( #8890, #5276, #384, #6715, #229 ) ) ;
#8287 = AXIS2_PLACEMENT_3D ( 'NONE', #7603, #8247, #8457 ) ;
#8288 = CARTESIAN_POINT ( 'NONE',  ( -103.7865109298000021, 8.393997296921998696, 41.77001269999999522 ) ) ;
#8289 = EDGE_CURVE ( 'NONE', #4315, #5257, #4980, .T. ) ;
#8290 = ORIENTED_EDGE ( 'NONE', *, *, #7859, .T. ) ;
#8291 = DIRECTION ( 'NONE',  ( 0.000000000000000000, 1.000000000000000000, 0.000000000000000000 ) ) ;
#8292 = DIRECTION ( 'NONE',  ( 1.000000000000000000, 0.000000000000000000, 0.000000000000000000 ) ) ;
#8293 = LINE ( 'NONE', #852, #2046 ) ;
#8294 = PLANE ( 'NONE',  #3166 ) ;
#8295 = VERTEX_POINT ( 'NONE', #1542 ) ;
#8296 = EDGE_LOOP ( 'NONE', ( #2307, #9085, #2933, #1962 ) ) ;
#8297 = EDGE_CURVE ( 'NONE', #9127, #1295, #8396, .T. ) ;
#8298 = VECTOR ( 'NONE', #187, 1000.000000000000000 ) ;
#8299 = ADVANCED_FACE ( 'NONE', ( #5121 ), #5141, .F. ) ;
#8300 = ORIENTED_EDGE ( 'NONE', *, *, #236, .F. ) ;
#8301 =( GEOMETRIC_REPRESENTATION_CONTEXT ( 3 ) GLOBAL_UNCERTAINTY_ASSIGNED_CONTEXT ( ( #870 ) ) GLOBAL_UNIT_ASSIGNED_CONTEXT ( ( #5657, #6380, #1151 ) ) REPRESENTATION_CONTEXT ( 'NONE', 'WORKASPACE' ) );
#8302 = VERTEX_POINT ( 'NONE', #3636 ) ;
#8303 = CARTESIAN_POINT ( 'NONE',  ( -129.6999682999999948, -10.08474613867000080, 34.77002669999999540 ) ) ;
#8304 = ORIENTED_EDGE ( 'NONE', *, *, #3966, .F. ) ;
#8305 = EDGE_CURVE ( 'NONE', #513, #526, #5073, .T. ) ;
#8306 = SURFACE_SIDE_STYLE ('',( #5753 ) ) ;
#8307 = VECTOR ( 'NONE', #8083, 1000.000000000000000 ) ;
#8308 = VERTEX_POINT ( 'NONE', #6697 ) ;
#8309 = CARTESIAN_POINT ( 'NONE',  ( -120.8668843451000043, 6.904938598134998884, 44.27001270000000233 ) ) ;
#8310 = CARTESIAN_POINT ( 'NONE',  ( -106.4000177000000065, 14.04996829999999974, 36.27002670000000251 ) ) ;
#8311 = ADVANCED_FACE ( 'NONE', ( #8195 ), #8277, .T. ) ;
#8312 = LINE ( 'NONE', #1912, #5043 ) ;
#8313 = EDGE_LOOP ( 'NONE', ( #8793, #2354, #5610, #7284 ) ) ;
#8314 = DIRECTION ( 'NONE',  ( -0.2527075812274994226, -0.9675427010680959228, 0.000000000000000000 ) ) ;
#8315 = DIRECTION ( 'NONE',  ( 0.000000000000000000, 0.000000000000000000, -1.000000000000000000 ) ) ;
#8316 = CARTESIAN_POINT ( 'NONE',  ( -114.3499999999999943, -1.199999999999999956, 34.65573359270999987 ) ) ;
#8317 = EDGE_CURVE ( 'NONE', #2383, #4367, #5180, .T. ) ;
#8318 = CARTESIAN_POINT ( 'NONE',  ( -127.0199035826000085, -9.438730827173998250, 39.96620521024000539 ) ) ;
#8319 = ORIENTED_EDGE ( 'NONE', *, *, #792, .T. ) ;
#8320 = LINE ( 'NONE', #8779, #5291 ) ;
#8321 = ORIENTED_EDGE ( 'NONE', *, *, #6358, .F. ) ;
#8322 = AXIS2_PLACEMENT_3D ( 'NONE', #998, #4594, #2446 ) ;
#8323 = ADVANCED_FACE ( 'NONE', ( #2062 ), #3150, .F. ) ;
#8324 = EDGE_LOOP ( 'NONE', ( #285, #3339, #3408, #3737 ) ) ;
#8325 = EDGE_CURVE ( 'NONE', #161, #7189, #8293, .T. ) ;
#8326 = LINE ( 'NONE', #433, #1871 ) ;
#8327 = CARTESIAN_POINT ( 'NONE',  ( -123.0686756260999886, 6.144671421369999997, 41.77001269999999522 ) ) ;
#8328 = ORIENTED_EDGE ( 'NONE', *, *, #1762, .F. ) ;
#8329 = SURFACE_SIDE_STYLE ('',( #832 ) ) ;
#8330 = FACE_OUTER_BOUND ( 'NONE', #1280, .T. ) ;
#8331 = ORIENTED_EDGE ( 'NONE', *, *, #7892, .F. ) ;
#8332 = CARTESIAN_POINT ( 'NONE',  ( -98.50003170000000807, -8.049982299999999924, 34.77002669999999540 ) ) ;
#8333 = CIRCLE ( 'NONE', #6714, 15.18313571721000343 ) ;
#8334 = ORIENTED_EDGE ( 'NONE', *, *, #1121, .F. ) ;
#8335 = AXIS2_PLACEMENT_3D ( 'NONE', #1736, #5334, #3961 ) ;
#8336 = DIRECTION ( 'NONE',  ( -0.7102090037229094044, 0.7039908884573098380, 0.000000000000000000 ) ) ;
#8337 = EDGE_CURVE ( 'NONE', #9187, #5384, #5199, .T. ) ;
#8338 = LINE ( 'NONE', #6008, #2216 ) ;
#8339 = ORIENTED_EDGE ( 'NONE', *, *, #4498, .T. ) ;
#8340 = DIRECTION ( 'NONE',  ( 0.000000000000000000, -1.000000000000000000, 0.000000000000000000 ) ) ;
#8341 = CARTESIAN_POINT ( 'NONE',  ( -126.9450523917000027, -7.547998305646999917, 35.77002470000000045 ) ) ;
#8342 = VERTEX_POINT ( 'NONE', #6063 ) ;
#8343 = CARTESIAN_POINT ( 'NONE',  ( -114.3499999999999943, -9.099984199999999746, 46.92000240000000133 ) ) ;
#8344 = VECTOR ( 'NONE', #4374, 1000.000000000000227 ) ;
#8345 = VERTEX_POINT ( 'NONE', #2891 ) ;
#8346 = EDGE_CURVE ( 'NONE', #9108, #8931, #2975, .T. ) ;
#8347 = FACE_OUTER_BOUND ( 'NONE', #2338, .T. ) ;
#8348 = EDGE_LOOP ( 'NONE', ( #3307, #2899, #4065, #5755 ) ) ;
#8349 = CARTESIAN_POINT ( 'NONE',  ( -103.8417104554211789, 8.049422997039300753, 42.21448093927011058 ) ) ;
#8350 = FACE_OUTER_BOUND ( 'NONE', #2449, .T. ) ;
#8351 = DIRECTION ( 'NONE',  ( 0.000000000000000000, 1.000000000000000000, 0.000000000000000000 ) ) ;
#8352 = ORIENTED_EDGE ( 'NONE', *, *, #751, .T. ) ;
#8353 = CIRCLE ( 'NONE', #7629, 13.79997240000000325 ) ;
#8354 = PRESENTATION_STYLE_ASSIGNMENT (( #6875 ) ) ;
#8355 = VERTEX_POINT ( 'NONE', #4393 ) ;
#8356 = AXIS2_PLACEMENT_3D ( 'NONE', #1955, #2720, #3467 ) ;
#8357 = DIRECTION ( 'NONE',  ( 8.739693129235000026E-12, -6.750169490059999607E-13, -1.000000000000000000 ) ) ;
#8358 = EDGE_CURVE ( 'NONE', #4712, #5968, #2237, .T. ) ;
#8359 = DIRECTION ( 'NONE',  ( 1.000000000000000000, 0.000000000000000000, 0.000000000000000000 ) ) ;
#8360 = DIRECTION ( 'NONE',  ( 0.000000000000000000, 0.000000000000000000, -1.000000000000000000 ) ) ;
#8361 = ADVANCED_FACE ( 'NONE', ( #2469 ), #5998, .T. ) ;
#8362 = EDGE_CURVE ( 'NONE', #176, #5482, #2219, .T. ) ;
#8363 = DIRECTION ( 'NONE',  ( 0.000000000000000000, 0.000000000000000000, 1.000000000000000000 ) ) ;
#8364 = FACE_OUTER_BOUND ( 'NONE', #4864, .T. ) ;
#8365 = DIRECTION ( 'NONE',  ( 1.000000000000000000, 0.000000000000000000, 0.000000000000000000 ) ) ;
#8366 = ORIENTED_EDGE ( 'NONE', *, *, #5655, .F. ) ;
#8367 = LINE ( 'NONE', #3288, #1874 ) ;
#8368 = EDGE_LOOP ( 'NONE', ( #6775, #7534, #7623, #6512 ) ) ;
#8369 = LINE ( 'NONE', #3954, #6733 ) ;
#8370 = VECTOR ( 'NONE', #7383, 1000.000000000000000 ) ;
#8371 = EDGE_LOOP ( 'NONE', ( #3758, #3851, #3715, #843, #2522, #7042, #3797 ) ) ;
#8372 = EDGE_LOOP ( 'NONE', ( #7608, #4437, #3091, #20 ) ) ;
#8373 = DIRECTION ( 'NONE',  ( 0.8192666361180022117, 0.5734127474550011483, 0.000000000000000000 ) ) ;
#8374 = AXIS2_PLACEMENT_3D ( 'NONE', #4879, #1847, #330 ) ;
#8375 = DIRECTION ( 'NONE',  ( 0.000000000000000000, 0.000000000000000000, 1.000000000000000000 ) ) ;
#8376 = CARTESIAN_POINT ( 'NONE',  ( -114.3499999999999943, 7.355264990159000149, 34.25335576815000138 ) ) ;
#8377 = DIRECTION ( 'NONE',  ( 0.000000000000000000, 0.000000000000000000, 1.000000000000000000 ) ) ;
#8378 = LINE ( 'NONE', #2531, #4994 ) ;
#8379 = EDGE_CURVE ( 'NONE', #5384, #992, #9047, .T. ) ;
#8380 = ORIENTED_EDGE ( 'NONE', *, *, #7529, .F. ) ;
#8381 = DIRECTION ( 'NONE',  ( 0.000000000000000000, 0.000000000000000000, 1.000000000000000000 ) ) ;
#8382 = CARTESIAN_POINT ( 'NONE',  ( -99.10003169999998818, -8.049982299999999924, 36.27002670000000251 ) ) ;
#8384 = ORIENTED_EDGE ( 'NONE', *, *, #3620, .T. ) ;
#8383 = SHAPE_REPRESENTATION ( 'MANIFOLD_SOLID_BREP_155_1_1^AS03208AS-HT_AS03208AS-HT_Ass', ( #2466 ), #6558 ) ;
#8385 = DIRECTION ( 'NONE',  ( 0.000000000000000000, 0.000000000000000000, 1.000000000000000000 ) ) ;
#8386 = DIRECTION ( 'NONE',  ( 0.000000000000000000, -1.795057977795000130E-14, -1.000000000000000000 ) ) ;
#8387 = CARTESIAN_POINT ( 'NONE',  ( -130.1999682999999948, 9.649978300000000786, 34.77002669999999540 ) ) ;
#8388 = LINE ( 'NONE', #6583, #8404 ) ;
#8389 = CARTESIAN_POINT ( 'NONE',  ( -103.5244873858000005, 0.7513566151509000202, 41.77001269999999522 ) ) ;
#8390 = ADVANCED_FACE ( 'NONE', ( #5578 ), #2437, .T. ) ;
#8391 = ORIENTED_EDGE ( 'NONE', *, *, #8462, .F. ) ;
#8392 = ORIENTED_EDGE ( 'NONE', *, *, #8179, .F. ) ;
#8393 = AXIS2_PLACEMENT_3D ( 'NONE', #5343, #938, #6084 ) ;
#8394 = DIRECTION ( 'NONE',  ( 0.000000000000000000, 0.000000000000000000, -1.000000000000000000 ) ) ;
#8395 = AXIS2_PLACEMENT_3D ( 'NONE', #4114, #6857, #4800 ) ;
#8396 = CIRCLE ( 'NONE', #4527, 12.89997820000000317 ) ;
#8397 = DIRECTION ( 'NONE',  ( 0.000000000000000000, 1.000000000000000000, 0.000000000000000000 ) ) ;
#8398 = VERTEX_POINT ( 'NONE', #6379 ) ;
#8399 =( NAMED_UNIT ( * ) PLANE_ANGLE_UNIT ( ) SI_UNIT ( $, .RADIAN. ) );
#8400 = ADVANCED_FACE ( 'NONE', ( #8529 ), #8578, .T. ) ;
#8401 = CIRCLE ( 'NONE', #875, 0.4999989999999999712 ) ;
#8402 = ORIENTED_EDGE ( 'NONE', *, *, #9014, .T. ) ;
#8403 = DIRECTION ( 'NONE',  ( 0.4999999999985017540, -0.8660254037853036824, 0.000000000000000000 ) ) ;
#8404 = VECTOR ( 'NONE', #4465, 1000.000000000000000 ) ;
#8405 = ORIENTED_EDGE ( 'NONE', *, *, #1057, .T. ) ;
#8406 = CIRCLE ( 'NONE', #1192, 0.3999999999999975797 ) ;
#8407 = CIRCLE ( 'NONE', #2324, 13.76997145999999894 ) ;
#8408 = CARTESIAN_POINT ( 'NONE',  ( -102.4286247745000082, 6.606567778732000740, 33.27002970000000204 ) ) ;
#8409 = ORIENTED_EDGE ( 'NONE', *, *, #8805, .F. ) ;
#8410 = CARTESIAN_POINT ( 'NONE',  ( -101.8976361092999952, 4.993510392267999976, 42.25233697853000336 ) ) ;
#8411 = ADVANCED_FACE ( 'NONE', ( #2421 ), #3412, .T. ) ;
#8412 = CARTESIAN_POINT ( 'NONE',  ( -102.5549460082999929, 6.533636180423999740, 35.77002470000000045 ) ) ;
#8413 = EDGE_CURVE ( 'NONE', #1243, #3826, #5416, .T. ) ;
#8414 = DIRECTION ( 'NONE',  ( 0.7595647033983830010, 0.6504317499563858629, 0.000000000000000000 ) ) ;
#8415 = AXIS2_PLACEMENT_3D ( 'NONE', #8668, #2184, #6388 ) ;
#8416 = LINE ( 'NONE', #4410, #2256 ) ;
#8417 = ORIENTED_EDGE ( 'NONE', *, *, #4535, .F. ) ;
#8418 = AXIS2_PLACEMENT_3D ( 'NONE', #2580, #34, #755 ) ;
#8419 = CIRCLE ( 'NONE', #4447, 13.39997819999999429 ) ;
#8420 = ORIENTED_EDGE ( 'NONE', *, *, #2671, .T. ) ;
#8421 = EDGE_CURVE ( 'NONE', #1688, #1174, #2170, .T. ) ;
#8422 = LINE ( 'NONE', #1867, #3647 ) ;
#8423 = CARTESIAN_POINT ( 'NONE',  ( -114.3499999999999943, -1.199999999999999956, 41.77001269999999522 ) ) ;
#8424 = VECTOR ( 'NONE', #6434, 1000.000000000000114 ) ;
#8425 = CARTESIAN_POINT ( 'NONE',  ( -125.3948557619999917, -11.61819424874000006, 34.77002669999999540 ) ) ;
#8426 = ORIENTED_EDGE ( 'NONE', *, *, #7684, .T. ) ;
#8427 = CARTESIAN_POINT ( 'NONE',  ( -124.7999901925999922, -11.27474845212000076, 37.97002029999999451 ) ) ;
#8428 = FACE_OUTER_BOUND ( 'NONE', #7277, .T. ) ;
#8429 = EDGE_LOOP ( 'NONE', ( #1369, #209, #3014, #4363 ) ) ;
#8430 = CARTESIAN_POINT ( 'NONE',  ( -101.7666328296000131, 6.065010423126000028, 38.28493376447000429 ) ) ;
#8431 = EDGE_CURVE ( 'NONE', #1815, #2044, #2377, .T. ) ;
#8432 = DIRECTION ( 'NONE',  ( 0.000000000000000000, 0.000000000000000000, 1.000000000000000000 ) ) ;
#8433 = DIRECTION ( 'NONE',  ( 1.000000000000000000, 0.000000000000000000, 0.000000000000000000 ) ) ;
#8434 = LINE ( 'NONE', #5137, #2391 ) ;
#8435 = CARTESIAN_POINT ( 'NONE',  ( -114.3499999999999943, -1.199999999999999956, 40.12001599999999968 ) ) ;
#8436 = VERTEX_POINT ( 'NONE', #2547 ) ;
#8437 = AXIS2_PLACEMENT_3D ( 'NONE', #4680, #835, #1517 ) ;
#8438 = FACE_OUTER_BOUND ( 'NONE', #3046, .T. ) ;
#8439 = ORIENTED_EDGE ( 'NONE', *, *, #9146, .F. ) ;
#8440 = VECTOR ( 'NONE', #2722, 1000.000000000000000 ) ;
#8441 = ORIENTED_EDGE ( 'NONE', *, *, #7540, .F. ) ;
#8442 = EDGE_CURVE ( 'NONE', #226, #1243, #2456, .T. ) ;
#8443 = CIRCLE ( 'NONE', #3237, 0.4999989999999992496 ) ;
#8444 = VERTEX_POINT ( 'NONE', #5588 ) ;
#8445 = DIRECTION ( 'NONE',  ( 1.375299732450000015E-12, 1.000000000000000000, 1.375299732449999965E-13 ) ) ;
#8446 = DIRECTION ( 'NONE',  ( 0.000000000000000000, -1.000000000000000000, 0.000000000000000000 ) ) ;
#8447 = DIRECTION ( 'NONE',  ( -5.256916535433187256E-12, 1.000000000000000000, 0.000000000000000000 ) ) ;
#8448 = CARTESIAN_POINT ( 'NONE',  ( -123.6925348012999990, -6.366656053202000010, 40.32001560000000495 ) ) ;
#8449 = ADVANCED_FACE ( 'NONE', ( #2305 ), #5398, .F. ) ;
#8450 = EDGE_CURVE ( 'NONE', #452, #1005, #8548, .T. ) ;
#8451 = FACE_OUTER_BOUND ( 'NONE', #5112, .T. ) ;
#8452 = VERTEX_POINT ( 'NONE', #4072 ) ;
#8453 = EDGE_CURVE ( 'NONE', #2427, #457, #5381, .T. ) ;
#8454 = DIRECTION ( 'NONE',  ( 0.000000000000000000, 0.000000000000000000, -1.000000000000000000 ) ) ;
#8455 = VECTOR ( 'NONE', #4665, 1000.000000000000000 ) ;
#8456 = ORIENTED_EDGE ( 'NONE', *, *, #6490, .T. ) ;
#8457 = DIRECTION ( 'NONE',  ( 0.000000000000000000, 0.000000000000000000, 1.000000000000000000 ) ) ;
#8458 = LINE ( 'NONE', #2783, #8424 ) ;
#8459 = DIRECTION ( 'NONE',  ( 0.7088798879204030179, -0.7053292171050031811, 0.000000000000000000 ) ) ;
#8460 = ORIENTED_EDGE ( 'NONE', *, *, #1367, .T. ) ;
#8461 = VERTEX_POINT ( 'NONE', #2487 ) ;
#8462 = EDGE_CURVE ( 'NONE', #1788, #4712, #7790, .T. ) ;
#8463 = AXIS2_PLACEMENT_3D ( 'NONE', #5869, #5179, #8134 ) ;
#8464 = DIRECTION ( 'NONE',  ( 0.000000000000000000, 1.000000000000000000, 0.000000000000000000 ) ) ;
#8465 = ORIENTED_EDGE ( 'NONE', *, *, #7174, .T. ) ;
#8466 = DIRECTION ( 'NONE',  ( 0.000000000000000000, 0.000000000000000000, 1.000000000000000000 ) ) ;
#8467 = LINE ( 'NONE', #2633, #8768 ) ;
#8468 = ORIENTED_EDGE ( 'NONE', *, *, #1746, .F. ) ;
#8469 = CARTESIAN_POINT ( 'NONE',  ( -114.3499999999999943, -1.199999999999999956, 43.77001270000000233 ) ) ;
#8470 = VECTOR ( 'NONE', #8524, 1000.000000000000000 ) ;
#8471 = ADVANCED_FACE ( 'NONE', ( #5329 ), #8704, .T. ) ;
#8472 = ORIENTED_EDGE ( 'NONE', *, *, #5749, .F. ) ;
#8473 = CARTESIAN_POINT ( 'NONE',  ( -114.3499999999999943, -1.199999999999999956, 38.42001940000000104 ) ) ;
#8474 = VECTOR ( 'NONE', #3840, 1000.000000000000000 ) ;
#8475 = CARTESIAN_POINT ( 'NONE',  ( -107.1084327561000009, 8.622093939508999938, 41.77001269999999522 ) ) ;
#8476 = ORIENTED_EDGE ( 'NONE', *, *, #3499, .F. ) ;
#8477 = CARTESIAN_POINT ( 'NONE',  ( -101.7702797534999917, 5.425145853839000942, 41.99453802705999550 ) ) ;
#8478 = B_SPLINE_CURVE_WITH_KNOTS ( 'NONE', 3,
 ( #8620, #7256, #2335, #5234, #9338, #2272 ),
 .UNSPECIFIED., .F., .F.,
 ( 4, 1, 1, 4 ),
 ( 0.000000000000000000, 0.3333333333333000081, 0.6666666666667000474, 1.000000000000000000 ),
 .UNSPECIFIED. ) ;
#8479 = EDGE_CURVE ( 'NONE', #1378, #526, #5311, .T. ) ;
#8480 = CARTESIAN_POINT ( 'NONE',  ( -100.8845647471999882, -4.934106244496999416, 38.01443109883000204 ) ) ;
#8481 = CARTESIAN_POINT ( 'NONE',  ( -121.1999822999999878, -16.04996829999999974, 35.17002670000000109 ) ) ;
#8482 = VECTOR ( 'NONE', #7615, 1000.000000000000000 ) ;
#8483 = ORIENTED_EDGE ( 'NONE', *, *, #2560, .T. ) ;
#8484 = ADVANCED_FACE ( 'NONE', ( #5481 ), #6869, .T. ) ;
#8485 = FACE_OUTER_BOUND ( 'NONE', #6894, .T. ) ;
#8486 = VERTEX_POINT ( 'NONE', #6253 ) ;
#8487 = CARTESIAN_POINT ( 'NONE',  ( -114.4085682556131900, -10.29979332291484617, 46.92000240000000133 ) ) ;
#8488 = VECTOR ( 'NONE', #8587, 1000.000000000000000 ) ;
#8489 = PLANE ( 'NONE',  #5564 ) ;
#8490 = CARTESIAN_POINT ( 'NONE',  ( -128.8748066244000086, 3.221830585465999874, 39.86629397768000160 ) ) ;
#8491 = EDGE_LOOP ( 'NONE', ( #7459, #5435, #1035, #2135 ) ) ;
#8492 = CARTESIAN_POINT ( 'NONE',  ( -114.3499999999999943, -1.199999999999999956, 40.06078420476999469 ) ) ;
#8493 = EDGE_CURVE ( 'NONE', #242, #4649, #8672, .T. ) ;
#8494 = VECTOR ( 'NONE', #5659, 1000.000000000000000 ) ;
#8495 = ORIENTED_EDGE ( 'NONE', *, *, #6944, .F. ) ;
#8496 = DIRECTION ( 'NONE',  ( 0.000000000000000000, 0.000000000000000000, -1.000000000000000000 ) ) ;
#8497 = CARTESIAN_POINT ( 'NONE',  ( -104.5590006983999842, 3.854092098583999704, 41.90764947754999525 ) ) ;
#8498 = ADVANCED_FACE ( 'NONE', ( #5626 ), #5609, .F. ) ;
#8499 = DIRECTION ( 'NONE',  ( 0.000000000000000000, 0.000000000000000000, -1.000000000000000000 ) ) ;
#8500 = EDGE_CURVE ( 'NONE', #8510, #5265, #2786, .T. ) ;
#8501 = DIRECTION ( 'NONE',  ( 0.000000000000000000, 0.000000000000000000, 1.000000000000000000 ) ) ;
#8502 = DIRECTION ( 'NONE',  ( 0.000000000000000000, -1.000000000000000000, 0.000000000000000000 ) ) ;
#8503 = ORIENTED_EDGE ( 'NONE', *, *, #2099, .T. ) ;
#8504 = CIRCLE ( 'NONE', #1084, 14.26997145999999539 ) ;
#8505 = AXIS2_PLACEMENT_3D ( 'NONE', #8625, #9281, #5922 ) ;
#8506 = ORIENTED_EDGE ( 'NONE', *, *, #6777, .T. ) ;
#8507 = CIRCLE ( 'NONE', #4611, 14.24997149999999912 ) ;
#8508 = VERTEX_POINT ( 'NONE', #4945 ) ;
#8509 = VECTOR ( 'NONE', #1972, 1000.000000000000000 ) ;
#8510 = VERTEX_POINT ( 'NONE', #8530 ) ;
#8511 = EDGE_CURVE ( 'NONE', #5482, #176, #8742, .T. ) ;
#8512 = CARTESIAN_POINT ( 'NONE',  ( -107.5000177000000008, 14.04996829999999974, 35.17002670000000109 ) ) ;
#8513 = DIRECTION ( 'NONE',  ( 0.000000000000000000, 0.000000000000000000, 1.000000000000000000 ) ) ;
#8514 = CIRCLE ( 'NONE', #3660, 10.89997820000000317 ) ;
#8515 = EDGE_LOOP ( 'NONE', ( #8253, #6735, #5127, #346 ) ) ;
#8516 = CARTESIAN_POINT ( 'NONE',  ( -122.6862768409999944, 5.822536093902000331, 43.77000869999999821 ) ) ;
#8517 = DIRECTION ( 'NONE',  ( 0.000000000000000000, 0.000000000000000000, -1.000000000000000000 ) ) ;
#8518 = FACE_OUTER_BOUND ( 'NONE', #6281, .T. ) ;
#8519 = VERTEX_POINT ( 'NONE', #8791 ) ;
#8520 = CARTESIAN_POINT ( 'NONE',  ( -124.2946102887000137, -10.98296722861000063, 38.42001940000000104 ) ) ;
#8521 = CARTESIAN_POINT ( 'NONE',  ( -108.8502231685951500, 10.51737275649188952, 43.97729091216565678 ) ) ;
#8522 = CARTESIAN_POINT ( 'NONE',  ( -100.5000276999999897, -1.199999999999999956, 38.35301953399999775 ) ) ;
#8523 = LINE ( 'NONE', #4385, #5186 ) ;
#8524 = DIRECTION ( 'NONE',  ( 0.000000000000000000, -1.000000000000000000, 0.000000000000000000 ) ) ;
#8525 = AXIS2_PLACEMENT_3D ( 'NONE', #4137, #6941, #4018 ) ;
#8526 = ORIENTED_EDGE ( 'NONE', *, *, #2076, .F. ) ;
#8527 = ORIENTED_EDGE ( 'NONE', *, *, #4275, .T. ) ;
#8528 = AXIS2_PLACEMENT_3D ( 'NONE', #6646, #4463, #8030 ) ;
#8529 = FACE_OUTER_BOUND ( 'NONE', #4007, .T. ) ;
#8530 = CARTESIAN_POINT ( 'NONE',  ( -117.8499929999999978, 11.21609787979000039, 43.77001270000000233 ) ) ;
#8531 = ORIENTED_EDGE ( 'NONE', *, *, #8683, .F. ) ;
#8532 = CIRCLE ( 'NONE', #6418, 13.84997229999999924 ) ;
#8533 = ORIENTED_EDGE ( 'NONE', *, *, #7798, .T. ) ;
#8534 = CARTESIAN_POINT ( 'NONE',  ( -106.6398761140000033, 8.447584131456000733, 41.77001269999999522 ) ) ;
#8535 = ORIENTED_EDGE ( 'NONE', *, *, #3613, .F. ) ;
#8536 = FACE_OUTER_BOUND ( 'NONE', #6828, .T. ) ;
#8537 = EDGE_CURVE ( 'NONE', #8927, #4190, #8514, .T. ) ;
#8538 = ORIENTED_EDGE ( 'NONE', *, *, #2615, .T. ) ;
#8539 = DIRECTION ( 'NONE',  ( 0.000000000000000000, 0.000000000000000000, 1.000000000000000000 ) ) ;
#8540 = AXIS2_PLACEMENT_3D ( 'NONE', #1256, #7785, #1200 ) ;
#8541 = DIRECTION ( 'NONE',  ( 0.000000000000000000, 0.000000000000000000, 1.000000000000000000 ) ) ;
#8542 = EDGE_LOOP ( 'NONE', ( #8334, #375, #1094, #5151 ) ) ;
#8543 = CARTESIAN_POINT ( 'NONE',  ( -104.8705227109370952, 8.374872799478556118, 42.24625447219938223 ) ) ;
#8544 = DIRECTION ( 'NONE',  ( 1.000000000000000000, 0.000000000000000000, 0.000000000000000000 ) ) ;
#8545 = DIRECTION ( 'NONE',  ( 0.000000000000000000, 0.000000000000000000, -1.000000000000000000 ) ) ;
#8546 = CARTESIAN_POINT ( 'NONE',  ( -119.8499929999999978, 11.85101982397999976, 34.77002669999999540 ) ) ;
#8547 = EDGE_CURVE ( 'NONE', #7870, #2257, #5771, .T. ) ;
#8548 = LINE ( 'NONE', #7732, #2337 ) ;
#8549 = ORIENTED_EDGE ( 'NONE', *, *, #7869, .T. ) ;
#8550 = LINE ( 'NONE', #7087, #5725 ) ;
#8551 = B_SPLINE_CURVE_WITH_KNOTS ( 'NONE', 3,
 ( #7127, #5665, #4830, #7746, #8480, #42 ),
 .UNSPECIFIED., .F., .F.,
 ( 4, 1, 1, 4 ),
 ( 0.000000000000000000, 0.3333333333333000081, 0.6666666666667000474, 1.000000000000000000 ),
 .UNSPECIFIED. ) ;
#8552 = ORIENTED_EDGE ( 'NONE', *, *, #1956, .T. ) ;
#8553 = DIRECTION ( 'NONE',  ( 0.4999999999995871636, -0.8660254037846769615, 0.000000000000000000 ) ) ;
#8554 = CARTESIAN_POINT ( 'NONE',  ( -127.7946032886999888, -4.920801526457000641, 38.42001940000000104 ) ) ;
#8555 = CARTESIAN_POINT ( 'NONE',  ( -114.3499999999999943, -1.199999999999999956, 33.27002970000000204 ) ) ;
#8556 = VERTEX_POINT ( 'NONE', #5961 ) ;
#8557 = EDGE_CURVE ( 'NONE', #6693, #3865, #8723, .T. ) ;
#8558 = CARTESIAN_POINT ( 'NONE',  ( -123.1999823000000021, 14.64996829999999939, 34.77002669999999540 ) ) ;
#8559 = ORIENTED_EDGE ( 'NONE', *, *, #3633, .F. ) ;
#8560 = ORIENTED_EDGE ( 'NONE', *, *, #5649, .T. ) ;
#8561 = DIRECTION ( 'NONE',  ( 0.000000000000000000, 0.000000000000000000, -1.000000000000000000 ) ) ;
#8562 = PLANE ( 'NONE',  #3362 ) ;
#8563 = CARTESIAN_POINT ( 'NONE',  ( -119.0074371987000035, -12.36664405319999993, 41.77001269999999522 ) ) ;
#8564 = DIRECTION ( 'NONE',  ( 0.000000000000000000, 0.000000000000000000, 1.000000000000000000 ) ) ;
#8565 = EDGE_CURVE ( 'NONE', #217, #7427, #5498, .T. ) ;
#8566 = DIRECTION ( 'NONE',  ( 0.000000000000000000, 0.000000000000000000, 1.000000000000000000 ) ) ;
#8567 = ORIENTED_EDGE ( 'NONE', *, *, #1259, .F. ) ;
#8568 = ORIENTED_EDGE ( 'NONE', *, *, #3886, .T. ) ;
#8569 = ORIENTED_EDGE ( 'NONE', *, *, #4174, .F. ) ;
#8570 = AXIS2_PLACEMENT_3D ( 'NONE', #5505, #8377, #2087 ) ;
#8571 = DIRECTION ( 'NONE',  ( 0.000000000000000000, -3.386180225107000079E-14, -1.000000000000000000 ) ) ;
#8572 = ORIENTED_EDGE ( 'NONE', *, *, #7591, .F. ) ;
#8573 = FACE_OUTER_BOUND ( 'NONE', #6654, .T. ) ;
#8574 = ORIENTED_EDGE ( 'NONE', *, *, #5769, .T. ) ;
#8575 = CARTESIAN_POINT ( 'NONE',  ( -122.5414727750999901, -6.366656053202000010, 40.32001560000000495 ) ) ;
#8576 = CARTESIAN_POINT ( 'NONE',  ( -103.8478541587342647, 8.904860529919927714, 40.73536194101333052 ) ) ;
#8577 = CARTESIAN_POINT ( 'NONE',  ( -125.3094776393133003, 6.348475815754792251, 44.27001269999651356 ) ) ;
#8578 = CONICAL_SURFACE ( 'NONE', #2409, 9.324711519341999377, 0.9832330836538561991 ) ;
#8579 = ORIENTED_EDGE ( 'NONE', *, *, #1122, .T. ) ;
#8580 = CARTESIAN_POINT ( 'NONE',  ( -114.3499999999999943, -1.199999999999999956, 40.12001599999999968 ) ) ;
#8581 = CARTESIAN_POINT ( 'NONE',  ( -126.5601148860999956, -3.553370084955999708, 42.57001110000000210 ) ) ;
#8582 = ORIENTED_EDGE ( 'NONE', *, *, #7021, .F. ) ;
#8583 = DIRECTION ( 'NONE',  ( -0.4999999999995870525, 0.8660254037846770725, 0.000000000000000000 ) ) ;
#8584 = CARTESIAN_POINT ( 'NONE',  ( -108.8502376990895897, 10.48045278188800467, 43.88958533109350668 ) ) ;
#8585 = DIRECTION ( 'NONE',  ( 0.000000000000000000, 1.000000000000000000, 0.000000000000000000 ) ) ;
#8586 = VERTEX_POINT ( 'NONE', #873 ) ;
#8587 = DIRECTION ( 'NONE',  ( -4.026416888807999683E-13, 4.349122360042999841E-12, 1.000000000000000000 ) ) ;
#8588 = ORIENTED_EDGE ( 'NONE', *, *, #3480, .F. ) ;
#8589 = ORIENTED_EDGE ( 'NONE', *, *, #8413, .F. ) ;
#8590 = CIRCLE ( 'NONE', #4144, 15.54996890000000143 ) ;
#8591 = ORIENTED_EDGE ( 'NONE', *, *, #5532, .F. ) ;
#8592 = AXIS2_PLACEMENT_3D ( 'NONE', #6732, #1008, #6034 ) ;
#8593 = EDGE_CURVE ( 'NONE', #3265, #6529, #5295, .T. ) ;
#8594 = CARTESIAN_POINT ( 'NONE',  ( -117.8499826217394002, 11.52844568272581860, 44.22866343513337739 ) ) ;
#8595 = ORIENTED_EDGE ( 'NONE', *, *, #7598, .F. ) ;
#8596 = FACE_OUTER_BOUND ( 'NONE', #9293, .T. ) ;
#8597 =( LENGTH_UNIT ( ) NAMED_UNIT ( * ) SI_UNIT ( .MILLI., .METRE. ) );
#8598 = PRODUCT_DEFINITION ( 'UNKNOWN', '', #6018, #3959 ) ;
#8599 = EDGE_LOOP ( 'NONE', ( #5273, #8460, #6183, #364, #6671 ) ) ;
#8600 = CARTESIAN_POINT ( 'NONE',  ( -126.9361508713000006, 7.291843112628000334, 44.27001270000000233 ) ) ;
#8601 = ORIENTED_EDGE ( 'NONE', *, *, #8069, .T. ) ;
#8602 = CARTESIAN_POINT ( 'NONE',  ( -104.3159096215999995, -11.09412807950000079, 35.98661249060000245 ) ) ;
#8603 = ORIENTED_EDGE ( 'NONE', *, *, #3054, .T. ) ;
#8604 = CYLINDRICAL_SURFACE ( 'NONE', #5592, 1.599996800000001329 ) ;
#8605 = DIRECTION ( 'NONE',  ( 4.376952006186000123E-12, 3.836938446980999902E-13, 1.000000000000000000 ) ) ;
#8606 = ORIENTED_EDGE ( 'NONE', *, *, #5068, .F. ) ;
#8607 = CARTESIAN_POINT ( 'NONE',  ( -114.3499999999999943, 12.21201238005000000, 33.27002970000000204 ) ) ;
#8608 = PLANE ( 'NONE',  #1173 ) ;
#8609 = PLANE ( 'NONE',  #3185 ) ;
#8610 = VECTOR ( 'NONE', #3726, 1000.000000000000000 ) ;
#8611 = AXIS2_PLACEMENT_3D ( 'NONE', #7258, #1523, #1458 ) ;
#8612 = ORIENTED_EDGE ( 'NONE', *, *, #2352, .F. ) ;
#8613 = ORIENTED_EDGE ( 'NONE', *, *, #6810, .T. ) ;
#8614 = ORIENTED_EDGE ( 'NONE', *, *, #2798, .F. ) ;
#8615 = CARTESIAN_POINT ( 'NONE',  ( -122.5414727750999901, -6.366656053202000010, 40.12001599999999968 ) ) ;
#8616 = DIRECTION ( 'NONE',  ( 1.000000000000000000, 0.000000000000000000, 0.000000000000000000 ) ) ;
#8617 = CARTESIAN_POINT ( 'NONE',  ( -114.3499999999999943, -1.199999999999999956, 40.56078320476999721 ) ) ;
#8618 = VERTEX_POINT ( 'NONE', #3792 ) ;
#8619 = DIRECTION ( 'NONE',  ( 0.4999999999995870525, -0.8660254037846770725, 0.000000000000000000 ) ) ;
#8620 = CARTESIAN_POINT ( 'NONE',  ( -100.9053967112999999, 2.520801526457999930, 38.42001940000000104 ) ) ;
#8621 = ORIENTED_EDGE ( 'NONE', *, *, #4274, .T. ) ;
#8622 = LINE ( 'NONE', #223, #2554 ) ;
#8623 = ORIENTED_EDGE ( 'NONE', *, *, #9132, .F. ) ;
#8624 = DIRECTION ( 'NONE',  ( -0.9982413922260401362, 0.05928003750519237475, 0.000000000000000000 ) ) ;
#8625 = CARTESIAN_POINT ( 'NONE',  ( -103.5000217000000049, 9.649978300000000786, 34.82925849523000039 ) ) ;
#8626 = AXIS2_PLACEMENT_3D ( 'NONE', #80, #5261, #202 ) ;
#8627 = CARTESIAN_POINT ( 'NONE',  ( -114.3499999999999943, -1.199999999999999956, 14.41435155072999841 ) ) ;
#8628 = CARTESIAN_POINT ( 'NONE',  ( -114.3499999999999943, -1.199999999999999956, 40.62001500000000220 ) ) ;
#8629 = DIRECTION ( 'NONE',  ( 0.000000000000000000, 1.000000000000000000, 0.000000000000000000 ) ) ;
#8630 = AXIS2_PLACEMENT_3D ( 'NONE', #6139, #1045, #1733 ) ;
#8631 = CARTESIAN_POINT ( 'NONE',  ( -119.8499215011743502, 10.81971603362785750, 44.23587052012084797 ) ) ;
#8632 = ORIENTED_EDGE ( 'NONE', *, *, #7643, .T. ) ;
#8633 = ORIENTED_EDGE ( 'NONE', *, *, #773, .T. ) ;
#8634 = ORIENTED_EDGE ( 'NONE', *, *, #5191, .T. ) ;
#8635 = DIRECTION ( 'NONE',  ( 0.000000000000000000, 1.000000000000000000, 0.000000000000000000 ) ) ;
#8636 = EDGE_LOOP ( 'NONE', ( #6082, #9029, #4002, #2684 ) ) ;
#8637 = CYLINDRICAL_SURFACE ( 'NONE', #6538, 4.999990000000000379 ) ;
#8638 = ORIENTED_EDGE ( 'NONE', *, *, #2910, .T. ) ;
#8639 = CARTESIAN_POINT ( 'NONE',  ( -107.5000177000000008, 13.64996830000000116, 34.77002669999999540 ) ) ;
#8640 = CARTESIAN_POINT ( 'NONE',  ( -124.9970615920305193, 6.167232913537406880, 43.98511159192420195 ) ) ;
#8641 = PLANE ( 'NONE',  #7241 ) ;
#8642 = AXIS2_PLACEMENT_3D ( 'NONE', #3994, #3326, #674 ) ;
#8643 = CARTESIAN_POINT ( 'NONE',  ( -123.2223223961000116, -5.699990699999999855, 40.32001560000000495 ) ) ;
#8644 = VERTEX_POINT ( 'NONE', #2911 ) ;
#8645 = CARTESIAN_POINT ( 'NONE',  ( -114.3499999999999943, -1.199999999999999956, 34.66810607353999529 ) ) ;
#8646 = AXIS2_PLACEMENT_3D ( 'NONE', #7761, #3380, #9229 ) ;
#8647 = CARTESIAN_POINT ( 'NONE',  ( -121.2562039745999982, 7.232904091823999515, 43.77000869999999821 ) ) ;
#8648 = CARTESIAN_POINT ( 'NONE',  ( -104.4000177000000065, -17.04996829999999974, 34.77002669999999540 ) ) ;
#8649 = CARTESIAN_POINT ( 'NONE',  ( -119.0074371987000035, -13.49997570000000024, 41.77001269999999522 ) ) ;
#8650 = DIRECTION ( 'NONE',  ( -1.000000000000000000, 0.000000000000000000, 0.000000000000000000 ) ) ;
#8651 = ORIENTED_EDGE ( 'NONE', *, *, #3139, .T. ) ;
#8652 = ORIENTED_EDGE ( 'NONE', *, *, #1550, .F. ) ;
#8653 = FACE_BOUND ( 'NONE', #5866, .T. ) ;
#8654 = ORIENTED_EDGE ( 'NONE', *, *, #4188, .F. ) ;
#8655 = FACE_OUTER_BOUND ( 'NONE', #2666, .T. ) ;
#8656 = CARTESIAN_POINT ( 'NONE',  ( -117.8499719256291058, 11.49950388658683487, 44.21566826114145954 ) ) ;
#8657 = ORIENTED_EDGE ( 'NONE', *, *, #7643, .F. ) ;
#8658 = STYLED_ITEM ( 'NONE', ( #3651 ), #2683 ) ;
#8659 = CARTESIAN_POINT ( 'NONE',  ( -114.3499999999999943, 1.199999999999999956, 48.12000000000000455 ) ) ;
#8660 = CARTESIAN_POINT ( 'NONE',  ( -121.1999822999999878, -17.08473213866999885, 34.77002669999999540 ) ) ;
#8661 = ORIENTED_EDGE ( 'NONE', *, *, #3258, .T. ) ;
#8662 = ORIENTED_EDGE ( 'NONE', *, *, #1274, .F. ) ;
#8663 = EDGE_CURVE ( 'NONE', #778, #2383, #5452, .T. ) ;
#8664 = CARTESIAN_POINT ( 'NONE',  ( -114.3625496591000115, -1.176176197326999961, 41.17001390000000072 ) ) ;
#8665 = ORIENTED_EDGE ( 'NONE', *, *, #4697, .T. ) ;
#8666 = VECTOR ( 'NONE', #5219, 1000.000000000000227 ) ;
#8667 = VERTEX_POINT ( 'NONE', #95 ) ;
#8668 = CARTESIAN_POINT ( 'NONE',  ( -114.3499999999999943, -1.199999999999999956, 44.27001270000000233 ) ) ;
#8669 = DIRECTION ( 'NONE',  ( 0.8660254037856383036, 0.4999999999979221621, 0.000000000000000000 ) ) ;
#8670 = CARTESIAN_POINT ( 'NONE',  ( -102.1398851139999948, 1.153370085853000049, 41.77001269999999522 ) ) ;
#8671 = EDGE_CURVE ( 'NONE', #278, #5924, #8416, .T. ) ;
#8672 = LINE ( 'NONE', #5460, #2482 ) ;
#8673 = ORIENTED_EDGE ( 'NONE', *, *, #3950, .T. ) ;
#8674 = EDGE_CURVE ( 'NONE', #5439, #2001, #8434, .T. ) ;
#8675 = DIRECTION ( 'NONE',  ( -0.2527075812274051092, 0.9675427010681204587, 0.000000000000000000 ) ) ;
#8676 = DIRECTION ( 'NONE',  ( 0.000000000000000000, 1.000000000000000000, 0.000000000000000000 ) ) ;
#8677 = CARTESIAN_POINT ( 'NONE',  ( -124.3733845415000019, -6.366656053202000010, 40.12001599999999968 ) ) ;
#8678 = ORIENTED_EDGE ( 'NONE', *, *, #3950, .F. ) ;
#8679 = DIRECTION ( 'NONE',  ( -1.000000000000000000, 0.000000000000000000, 0.000000000000000000 ) ) ;
#8680 = VERTEX_POINT ( 'NONE', #4471 ) ;
#8681 = FACE_OUTER_BOUND ( 'NONE', #554, .T. ) ;
#8682 = ORIENTED_EDGE ( 'NONE', *, *, #2780, .F. ) ;
#8683 = EDGE_CURVE ( 'NONE', #2366, #4524, #5534, .T. ) ;
#8684 = EDGE_CURVE ( 'NONE', #936, #7269, #2185, .T. ) ;
#8685 = CARTESIAN_POINT ( 'NONE',  ( -123.6925348012999990, -6.833322346797999103, 40.32001560000000495 ) ) ;
#8686 = CARTESIAN_POINT ( 'NONE',  ( -108.8275616235999905, 8.313263918305000999, 41.77001269999999522 ) ) ;
#8687 = DIRECTION ( 'NONE',  ( 0.000000000000000000, 0.000000000000000000, 1.000000000000000000 ) ) ;
#8688 = DIRECTION ( 'NONE',  ( -1.000000000000000000, 0.000000000000000000, 0.000000000000000000 ) ) ;
#8689 = AXIS2_PLACEMENT_3D ( 'NONE', #5561, #3310, #6221 ) ;
#8690 = DIRECTION ( 'NONE',  ( 0.000000000000000000, 0.000000000000000000, 1.000000000000000000 ) ) ;
#8691 = VECTOR ( 'NONE', #8464, 1000.000000000000000 ) ;
#8692 = DIRECTION ( 'NONE',  ( 0.000000000000000000, 0.000000000000000000, -1.000000000000000000 ) ) ;
#8693 = ORIENTED_EDGE ( 'NONE', *, *, #7685, .T. ) ;
#8694 = ORIENTED_EDGE ( 'NONE', *, *, #2403, .T. ) ;
#8695 = DIRECTION ( 'NONE',  ( 0.000000000000000000, -1.000000000000000000, 0.000000000000000000 ) ) ;
#8696 = ORIENTED_EDGE ( 'NONE', *, *, #7184, .T. ) ;
#8697 = CIRCLE ( 'NONE', #1298, 8.599982800000002925 ) ;
#8698 = LINE ( 'NONE', #827, #2663 ) ;
#8699 = EDGE_LOOP ( 'NONE', ( #7722, #3910, #4133, #2186 ) ) ;
#8700 = DIRECTION ( 'NONE',  ( 1.000000000000000000, 0.000000000000000000, 0.000000000000000000 ) ) ;
#8701 = CARTESIAN_POINT ( 'NONE',  ( -122.4499823000000021, -16.29996829999999974, 34.77002669999999540 ) ) ;
#8702 = CARTESIAN_POINT ( 'NONE',  ( -114.3499999999999943, -1.199999999999999956, 44.27001270000000233 ) ) ;
#8703 = ADVANCED_FACE ( 'NONE', ( #2273 ), #7349, .T. ) ;
#8704 = CYLINDRICAL_SURFACE ( 'NONE', #8374, 0.4999990000000000823 ) ;
#8705 = DIRECTION ( 'NONE',  ( 0.000000000000000000, 0.000000000000000000, -1.000000000000000000 ) ) ;
#8706 = EDGE_LOOP ( 'NONE', ( #1839, #821, #8549, #8632 ) ) ;
#8707 = AXIS2_PLACEMENT_3D ( 'NONE', #3492, #762, #3610 ) ;
#8708 = DIRECTION ( 'NONE',  ( -1.000000000000000000, 0.000000000000000000, 0.000000000000000000 ) ) ;
#8709 = CARTESIAN_POINT ( 'NONE',  ( -120.0084992248999924, -12.83331034679999938, 41.77001269999999522 ) ) ;
#8710 = DIRECTION ( 'NONE',  ( -3.718514420840000258E-12, -2.134593071198999924E-12, 1.000000000000000000 ) ) ;
#8711 = CARTESIAN_POINT ( 'NONE',  ( -119.0074371987000035, -11.69997870000000084, 41.57001309999999705 ) ) ;
#8712 = CARTESIAN_POINT ( 'NONE',  ( -101.1891841795999909, 2.965375221439999986, 41.77001269999999522 ) ) ;
#8713 = CARTESIAN_POINT ( 'NONE',  ( -124.3733845415000019, -6.366656053202000010, 40.32001560000000495 ) ) ;
#8714 = ADVANCED_FACE ( 'NONE', ( #8451 ), #2405, .F. ) ;
#8715 = ORIENTED_EDGE ( 'NONE', *, *, #7032, .F. ) ;
#8716 = AXIS2_PLACEMENT_3D ( 'NONE', #6467, #7872, #8616 ) ;
#8717 = VERTEX_POINT ( 'NONE', #8162 ) ;
#8718 = FACE_OUTER_BOUND ( 'NONE', #8735, .T. ) ;
#8719 = AXIS2_PLACEMENT_3D ( 'NONE', #1805, #2574, #4162 ) ;
#8720 = FACE_OUTER_BOUND ( 'NONE', #367, .T. ) ;
#8721 = ORIENTED_EDGE ( 'NONE', *, *, #7489, .T. ) ;
#8722 = CARTESIAN_POINT ( 'NONE',  ( -124.3157475093999977, -10.99517080864000107, 38.01443160568999957 ) ) ;
#8723 = LINE ( 'NONE', #6445, #2353 ) ;
#8724 = CARTESIAN_POINT ( 'NONE',  ( -117.8499594246459452, 11.44913351515475775, 44.18754284962250267 ) ) ;
#8725 = ORIENTED_EDGE ( 'NONE', *, *, #1394, .T. ) ;
#8726 = VECTOR ( 'NONE', #1294, 1000.000000000000000 ) ;
#8727 = DIRECTION ( 'NONE',  ( -1.000000000000000000, 7.601900000000000394E-11, 0.000000000000000000 ) ) ;
#8728 = AXIS2_PLACEMENT_3D ( 'NONE', #1265, #7117, #454 ) ;
#8729 = DIRECTION ( 'NONE',  ( 0.000000000000000000, 1.000000000000000000, 0.000000000000000000 ) ) ;
#8730 = VERTEX_POINT ( 'NONE', #5279 ) ;
#8731 = DIRECTION ( 'NONE',  ( 0.000000000000000000, 0.000000000000000000, -1.000000000000000000 ) ) ;
#8732 = VERTEX_POINT ( 'NONE', #9036 ) ;
#8733 = FACE_OUTER_BOUND ( 'NONE', #2878, .T. ) ;
#8734 = LINE ( 'NONE', #4038, #5817 ) ;
#8735 = EDGE_LOOP ( 'NONE', ( #9180, #4876, #2362, #3949 ) ) ;
#8736 = CARTESIAN_POINT ( 'NONE',  ( -122.9499828000000008, -1.199999999999999956, 40.62001500000000220 ) ) ;
#8737 = DIRECTION ( 'NONE',  ( 0.9637727726162242936, 0.2667246572097070612, 0.000000000000000000 ) ) ;
#8738 = EDGE_CURVE ( 'NONE', #8960, #5195, #5549, .T. ) ;
#8739 = CARTESIAN_POINT ( 'NONE',  ( -107.2473192922999914, 7.199490625344999728, 41.77001269999999522 ) ) ;
#8740 = DIRECTION ( 'NONE',  ( 0.000000000000000000, 0.000000000000000000, -1.000000000000000000 ) ) ;
#8741 = CARTESIAN_POINT ( 'NONE',  ( -104.4000177000000065, -16.04996829999999974, 34.77002669999999540 ) ) ;
#8742 = CIRCLE ( 'NONE', #281, 0.4999990000000000823 ) ;
#8743 = PRODUCT ( 'AS03208AS-HT', 'AS03208AS-HT', '', ( #943 ) ) ;
#8744 = VERTEX_POINT ( 'NONE', #1866 ) ;
#8745 = DIRECTION ( 'NONE',  ( 1.000000000000000000, 0.000000000000000000, -0.000000000000000000 ) ) ;
#8746 = CARTESIAN_POINT ( 'NONE',  ( -105.0810540376999853, 4.737709840392999361, 41.86166309322999979 ) ) ;
#8747 = DIRECTION ( 'NONE',  ( 0.000000000000000000, 0.000000000000000000, 1.000000000000000000 ) ) ;
#8748 = AXIS2_PLACEMENT_3D ( 'NONE', #1824, #7712, #8446 ) ;
#8749 = EDGE_LOOP ( 'NONE', ( #3581, #1651, #6270, #3461 ) ) ;
#8750 = CARTESIAN_POINT ( 'NONE',  ( -123.6925348012999990, -5.699990699999999855, 40.12001599999999968 ) ) ;
#8751 = EDGE_LOOP ( 'NONE', ( #6154, #5048, #9093, #3479, #221 ) ) ;
#8752 = LINE ( 'NONE', #1063, #8455 ) ;
#8753 = CARTESIAN_POINT ( 'NONE',  ( -106.3648766640000076, 7.971271112002000336, 41.77001269999999522 ) ) ;
#8754 = ORIENTED_EDGE ( 'NONE', *, *, #9267, .T. ) ;
#8755 = AXIS2_PLACEMENT_3D ( 'NONE', #6509, #2840, #8095 ) ;
#8756 = DIRECTION ( 'NONE',  ( 1.652834925514059848E-14, -0.05815384271280208545, 0.9983076332362358363 ) ) ;
#8757 = ADVANCED_FACE ( 'NONE', ( #8655 ), #8853, .T. ) ;
#8758 = DIRECTION ( 'NONE',  ( 0.000000000000000000, 1.000000000000000000, 0.000000000000000000 ) ) ;
#8759 =( LENGTH_UNIT ( ) NAMED_UNIT ( * ) SI_UNIT ( .MILLI., .METRE. ) );
#8760 = CARTESIAN_POINT ( 'NONE',  ( -122.0601238866999978, -10.84758413089000051, 41.17001390000000072 ) ) ;
#8761 = CARTESIAN_POINT ( 'NONE',  ( -100.5000276999999897, -1.199999999999999956, 38.42001940000000104 ) ) ;
#8762 = ORIENTED_EDGE ( 'NONE', *, *, #5748, .F. ) ;
#8763 = EDGE_CURVE ( 'NONE', #5975, #4039, #1175, .T. ) ;
#8764 = CARTESIAN_POINT ( 'NONE',  ( -103.5000217000000049, 14.64996829999999939, 34.77002669999999540 ) ) ;
#8765 = ORIENTED_EDGE ( 'NONE', *, *, #7747, .F. ) ;
#8766 = CARTESIAN_POINT ( 'NONE',  ( -125.7801043929000002, 6.621409481590999846, 41.77001269999999522 ) ) ;
#8767 = CARTESIAN_POINT ( 'NONE',  ( -106.8061733229216941, 7.170578647897189128, 42.21313530149464555 ) ) ;
#8768 = VECTOR ( 'NONE', #8291, 1000.000000000000000 ) ;
#8769 = AXIS2_PLACEMENT_3D ( 'NONE', #4217, #1292, #2756 ) ;
#8770 = CIRCLE ( 'NONE', #3924, 10.09415704907999967 ) ;
#8771 = ORIENTED_EDGE ( 'NONE', *, *, #4331, .T. ) ;
#8772 = AXIS2_PLACEMENT_3D ( 'NONE', #9246, #4237, #7048 ) ;
#8773 = CARTESIAN_POINT ( 'NONE',  ( -117.8499929999999978, -14.77697854904999986, 37.20327792006000323 ) ) ;
#8774 = EDGE_CURVE ( 'NONE', #2241, #8787, #4125, .T. ) ;
#8775 =( NAMED_UNIT ( * ) PLANE_ANGLE_UNIT ( ) SI_UNIT ( $, .RADIAN. ) );
#8776 = DIRECTION ( 'NONE',  ( 1.000000000000000000, 0.000000000000000000, 0.000000000000000000 ) ) ;
#8777 = ORIENTED_EDGE ( 'NONE', *, *, #2830, .T. ) ;
#8778 = CARTESIAN_POINT ( 'NONE',  ( -106.5081984076000055, 10.17125516299000054, 41.77001269999999522 ) ) ;
#8779 = CARTESIAN_POINT ( 'NONE',  ( -101.5312960675999818, 7.040240278051000722, 41.17001390000000072 ) ) ;
#8780 = CARTESIAN_POINT ( 'NONE',  ( -102.2597566731000001, 6.366190168940000227, 41.85961410910999803 ) ) ;
#8781 = DIRECTION ( 'NONE',  ( 0.8650550016336792103, -0.5016770317131881152, -2.027793887154950911E-14 ) ) ;
#8782 = DIRECTION ( 'NONE',  ( -1.000000000000000000, 0.000000000000000000, 0.000000000000000000 ) ) ;
#8783 = VERTEX_POINT ( 'NONE', #286 ) ;
#8784 = EDGE_CURVE ( 'NONE', #4610, #8279, #5362, .T. ) ;
#8785 = VECTOR ( 'NONE', #3625, 1000.000000000000000 ) ;
#8786 = VECTOR ( 'NONE', #7143, 1000.000000000000000 ) ;
#8787 = VERTEX_POINT ( 'NONE', #1678 ) ;
#8788 =( GEOMETRIC_REPRESENTATION_CONTEXT ( 3 ) GLOBAL_UNCERTAINTY_ASSIGNED_CONTEXT ( ( #6200 ) ) GLOBAL_UNIT_ASSIGNED_CONTEXT ( ( #4816, #1325, #5589 ) ) REPRESENTATION_CONTEXT ( 'NONE', 'WORKASPACE' ) );
#8789 = EDGE_CURVE ( 'NONE', #7918, #4242, #814, .T. ) ;
#8790 = EDGE_CURVE ( 'NONE', #6340, #3669, #5872, .T. ) ;
#8791 = CARTESIAN_POINT ( 'NONE',  ( -114.3499999999999943, 7.355265989600999532, 34.25335726875999853 ) ) ;
#8792 = CARTESIAN_POINT ( 'NONE',  ( -103.4691905881000054, -1.846151144894999874, 41.77001269999999522 ) ) ;
#8793 = ORIENTED_EDGE ( 'NONE', *, *, #3424, .T. ) ;
#8794 = CIRCLE ( 'NONE', #6111, 0.3999999999999975797 ) ;
#8795 = CARTESIAN_POINT ( 'NONE',  ( 0.000000000000000000, 0.000000000000000000, 0.000000000000000000 ) ) ;
#8796 = DIRECTION ( 'NONE',  ( -2.368480522828000009E-14, 5.334169708735999557E-13, 1.000000000000000000 ) ) ;
#8797 = ORIENTED_EDGE ( 'NONE', *, *, #2798, .T. ) ;
#8798 = ADVANCED_FACE ( 'NONE', ( #9051 ), #7812, .T. ) ;
#8799 = ORIENTED_EDGE ( 'NONE', *, *, #9130, .F. ) ;
#8800 = CARTESIAN_POINT ( 'NONE',  ( -100.9948823768000068, 2.469136953347999874, 41.17001390000000072 ) ) ;
#8801 = FACE_OUTER_BOUND ( 'NONE', #4860, .T. ) ;
#8802 = ORIENTED_EDGE ( 'NONE', *, *, #4944, .F. ) ;
#8803 = CARTESIAN_POINT ( 'NONE',  ( -104.8579359783986149, 8.507007100304274871, 42.19428718963602165 ) ) ;
#8804 = DIRECTION ( 'NONE',  ( 0.000000000000000000, 0.000000000000000000, -1.000000000000000000 ) ) ;
#8805 = EDGE_CURVE ( 'NONE', #381, #2543, #5784, .T. ) ;
#8806 = DIRECTION ( 'NONE',  ( -0.7115627677580043109, -0.7026225356054047744, 0.000000000000000000 ) ) ;
#8807 = ORIENTED_EDGE ( 'NONE', *, *, #53, .F. ) ;
#8808 = LINE ( 'NONE', #4272, #2566 ) ;
#8809 = EDGE_CURVE ( 'NONE', #7499, #2250, #2653, .T. ) ;
#8810 = EDGE_CURVE ( 'NONE', #7008, #8744, #5996, .T. ) ;
#8811 = EDGE_CURVE ( 'NONE', #9190, #2612, #5798, .T. ) ;
#8812 = DIRECTION ( 'NONE',  ( 1.000000000000000000, 7.343685345212228859E-12, 0.000000000000000000 ) ) ;
#8813 = ORIENTED_EDGE ( 'NONE', *, *, #8547, .F. ) ;
#8814 = CARTESIAN_POINT ( 'NONE',  ( -127.3333663703999861, -7.772191485746000161, 40.76737402086000372 ) ) ;
#8815 = FACE_OUTER_BOUND ( 'NONE', #6227, .T. ) ;
#8816 = EDGE_LOOP ( 'NONE', ( #5382, #6879, #6561, #8049 ) ) ;
#8817 = DIRECTION ( 'NONE',  ( 0.000000000000000000, 0.000000000000000000, -1.000000000000000000 ) ) ;
#8818 = CARTESIAN_POINT ( 'NONE',  ( -114.3499999999999943, -1.199999999999999956, 43.62000855767000473 ) ) ;
#8819 = DIRECTION ( 'NONE',  ( -2.581643769883000199E-12, 7.845591731868000737E-13, -1.000000000000000000 ) ) ;
#8820 = DIRECTION ( 'NONE',  ( -0.3728816271192001430, 0.9278789210651019470, 0.000000000000000000 ) ) ;
#8821 = CARTESIAN_POINT ( 'NONE',  ( -123.2223223961000116, -6.366656053202000010, 40.12001599999999968 ) ) ;
#8822 = ORIENTED_EDGE ( 'NONE', *, *, #2236, .T. ) ;
#8824 = DIRECTION ( 'NONE',  ( 0.000000000000000000, -1.000000000000000000, 0.000000000000000000 ) ) ;
#8823 = PRODUCT_DEFINITION ( 'UNKNOWN', '', #7890, #5752 ) ;
#8825 = VERTEX_POINT ( 'NONE', #3497 ) ;
#8826 = CARTESIAN_POINT ( 'NONE',  ( -126.8077254541999963, 7.217364516541000086, 40.07782567674000518 ) ) ;
#8827 = CARTESIAN_POINT ( 'NONE',  ( -106.6093850164567272, 7.155989328800700378, 42.27001269999997390 ) ) ;
#8828 = LINE ( 'NONE', #3440, #2478 ) ;
#8829 = CIRCLE ( 'NONE', #3472, 13.94997210000000010 ) ;
#8830 = ORIENTED_EDGE ( 'NONE', *, *, #6777, .F. ) ;
#8831 = ADVANCED_FACE ( 'NONE', ( #6032 ), #9077, .F. ) ;
#8832 = AXIS2_PLACEMENT_3D ( 'NONE', #6371, #1198, #7723 ) ;
#8833 = CARTESIAN_POINT ( 'NONE',  ( -117.8499929999999978, -15.52870122344999970, 34.77002669999999540 ) ) ;
#8834 = DIRECTION ( 'NONE',  ( 0.000000000000000000, 0.000000000000000000, 1.000000000000000000 ) ) ;
#8835 = CARTESIAN_POINT ( 'NONE',  ( -108.8269493676999957, 8.832523671996000303, 41.17001390000000072 ) ) ;
#8836 = CARTESIAN_POINT ( 'NONE',  ( -110.8500070000000051, 13.12870122345000112, 40.48468206460000118 ) ) ;
#8837 = EDGE_CURVE ( 'NONE', #3414, #293, #2864, .T. ) ;
#8838 = CARTESIAN_POINT ( 'NONE',  ( -130.1999682999999948, -10.08474613867000080, 36.27002670000000251 ) ) ;
#8839 = AXIS2_PLACEMENT_3D ( 'NONE', #8898, #331, #1037 ) ;
#8840 = ORIENTED_EDGE ( 'NONE', *, *, #8254, .F. ) ;
#8841 = LINE ( 'NONE', #2284, #2682 ) ;
#8842 = CARTESIAN_POINT ( 'NONE',  ( -103.5000217000000049, -17.04996829999999974, 32.77003069999999951 ) ) ;
#8843 = CARTESIAN_POINT ( 'NONE',  ( -105.7500172000000020, -1.199999999999999956, 40.62001500000000220 ) ) ;
#8844 = CARTESIAN_POINT ( 'NONE',  ( -129.1999682999999948, 5.649982300000000457, 35.17002670000000109 ) ) ;
#8845 = CARTESIAN_POINT ( 'NONE',  ( -98.50003170000000807, 9.649978300000000786, 32.77003069999999951 ) ) ;
#8846 = DIRECTION ( 'NONE',  ( 0.03185311966369858139, 0.9994925606364912785, 0.000000000000000000 ) ) ;
#8847 = ORIENTED_EDGE ( 'NONE', *, *, #3888, .T. ) ;
#8848 = LINE ( 'NONE', #1352, #5437 ) ;
#8849 = LINE ( 'NONE', #3571, #5742 ) ;
#8850 = ORIENTED_EDGE ( 'NONE', *, *, #4813, .T. ) ;
#8851 = AXIS2_PLACEMENT_3D ( 'NONE', #919, #8834, #5940 ) ;
#8852 = UNCERTAINTY_MEASURE_WITH_UNIT (LENGTH_MEASURE( 1.000000000000000082E-05 ), #2979, 'distance_accuracy_value', 'NONE');
#8853 = PLANE ( 'NONE',  #1160 ) ;
#8854 = CARTESIAN_POINT ( 'NONE',  ( -100.8192845371000033, 5.688203631624999979, 34.77002669999999540 ) ) ;
#8855 = EDGE_LOOP ( 'NONE', ( #4571, #6527, #4683, #6144 ) ) ;
#8856 = FACE_OUTER_BOUND ( 'NONE', #2017, .T. ) ;
#8857 = DIRECTION ( 'NONE',  ( 1.000000000000000000, 0.000000000000000000, 0.000000000000000000 ) ) ;
#8858 = EDGE_CURVE ( 'NONE', #8284, #5968, #8933, .T. ) ;
#8859 = DIRECTION ( 'NONE',  ( 0.000000000000000000, 1.000000000000000000, 0.000000000000000000 ) ) ;
#8860 = EDGE_LOOP ( 'NONE', ( #463, #5335, #6103, #507 ) ) ;
#8861 = ORIENTED_EDGE ( 'NONE', *, *, #9252, .F. ) ;
#8862 = CARTESIAN_POINT ( 'NONE',  ( -114.2991550308532709, 6.699820575174004311, 48.12000000000000455 ) ) ;
#8863 = FACE_OUTER_BOUND ( 'NONE', #1450, .T. ) ;
#8864 = VERTEX_POINT ( 'NONE', #2746 ) ;
#8865 = DIRECTION ( 'NONE',  ( 0.000000000000000000, 0.000000000000000000, -1.000000000000000000 ) ) ;
#8866 = DIRECTION ( 'NONE',  ( 0.000000000000000000, 0.000000000000000000, 1.000000000000000000 ) ) ;
#8867 = CARTESIAN_POINT ( 'NONE',  ( -129.1999682999999948, -10.08474613867000080, 34.77002669999999540 ) ) ;
#8868 = ADVANCED_FACE ( 'NONE', ( #2667 ), #8888, .F. ) ;
#8869 = AXIS2_PLACEMENT_3D ( 'NONE', #3255, #8235, #4491 ) ;
#8870 = ORIENTED_EDGE ( 'NONE', *, *, #8915, .T. ) ;
#8871 = AXIS2_PLACEMENT_3D ( 'NONE', #3880, #5574, #8943 ) ;
#8872 = CARTESIAN_POINT ( 'NONE',  ( -114.3499999999999943, -1.199999999999999956, 33.27002970000000204 ) ) ;
#8873 = VERTEX_POINT ( 'NONE', #9150 ) ;
#8874 = CARTESIAN_POINT ( 'NONE',  ( -104.4500588502999960, -1.199462963667000004, 43.77000869999999821 ) ) ;
#8875 = LINE ( 'NONE', #8171, #2277 ) ;
#8876 = B_SPLINE_CURVE_WITH_KNOTS ( 'NONE', 3,
 ( #2541, #8318, #5577, #9065, #3469, #6311 ),
 .UNSPECIFIED., .F., .F.,
 ( 4, 1, 1, 4 ),
 ( 0.000000000000000000, 0.3333333333333000081, 0.6666666666667000474, 1.000000000000000000 ),
 .UNSPECIFIED. ) ;
#8877 = LINE ( 'NONE', #7822, #8926 ) ;
#8878 = ORIENTED_EDGE ( 'NONE', *, *, #2247, .T. ) ;
#8879 = EDGE_CURVE ( 'NONE', #6729, #3534, #1528, .T. ) ;
#8880 = DIRECTION ( 'NONE',  ( 0.000000000000000000, -1.000000000000000000, 0.000000000000000000 ) ) ;
#8881 = DIRECTION ( 'NONE',  ( 0.000000000000000000, 1.000000000000000000, 0.000000000000000000 ) ) ;
#8882 = DIRECTION ( 'NONE',  ( -0.9629879206609700537, 0.2695445504198913933, 0.000000000000000000 ) ) ;
#8883 = DIRECTION ( 'NONE',  ( 1.000000000000000000, 0.000000000000000000, 0.000000000000000000 ) ) ;
#8884 = CARTESIAN_POINT ( 'NONE',  ( -119.8499887021069554, 10.80214115000455699, 44.22929526071342110 ) ) ;
#8885 = ORIENTED_EDGE ( 'NONE', *, *, #2937, .T. ) ;
#8886 = AXIS2_PLACEMENT_3D ( 'NONE', #2921, #7922, #3242 ) ;
#8887 = CARTESIAN_POINT ( 'NONE',  ( -114.3499999999999943, -1.199999999999999956, 14.41435155072999841 ) ) ;
#8888 = CYLINDRICAL_SURFACE ( 'NONE', #7917, 9.099981800000003673 ) ;
#8889 = AXIS2_PLACEMENT_3D ( 'NONE', #717, #476, #4912 ) ;
#8890 = ORIENTED_EDGE ( 'NONE', *, *, #7736, .F. ) ;
#8891 = VERTEX_POINT ( 'NONE', #5086 ) ;
#8892 = CARTESIAN_POINT ( 'NONE',  ( -126.1655124568000161, 6.844921712768000432, 41.13545932545000738 ) ) ;
#8893 = CIRCLE ( 'NONE', #8769, 14.26997145999999361 ) ;
#8894 = LINE ( 'NONE', #3981, #5619 ) ;
#8895 = ORIENTED_EDGE ( 'NONE', *, *, #3006, .F. ) ;
#8896 = FILL_AREA_STYLE_COLOUR ( '', #4631 ) ;
#8897 = DIRECTION ( 'NONE',  ( 1.350031197944000017E-13, 2.349231920106999866E-13, -1.000000000000000000 ) ) ;
#8898 = CARTESIAN_POINT ( 'NONE',  ( -119.4776496039000051, -12.68331034679999902, 41.77001269999999522 ) ) ;
#8899 =( NAMED_UNIT ( * ) PLANE_ANGLE_UNIT ( ) SI_UNIT ( $, .RADIAN. ) );
#8900 = PLANE ( 'NONE',  #3057 ) ;
#8901 = EDGE_CURVE ( 'NONE', #4190, #452, #9107, .T. ) ;
#8902 = CARTESIAN_POINT ( 'NONE',  ( -103.2749145808272715, 1.259218462177472464, 42.24548879466946261 ) ) ;
#8903 = ORIENTED_EDGE ( 'NONE', *, *, #5836, .T. ) ;
#8904 = AXIS2_PLACEMENT_3D ( 'NONE', #7294, #7916, #5214 ) ;
#8905 = CARTESIAN_POINT ( 'NONE',  ( -121.5275281777743572, 7.461459522326805427, 44.12823616863853715 ) ) ;
#8906 = VECTOR ( 'NONE', #2056, 1000.000000000000000 ) ;
#8907 = DIRECTION ( 'NONE',  ( 0.000000000000000000, 0.000000000000000000, 1.000000000000000000 ) ) ;
#8908 = DIRECTION ( 'NONE',  ( -7.089120125174161363E-14, 0.8322944776267191536, 0.5543337465030129252 ) ) ;
#8909 = VERTEX_POINT ( 'NONE', #8487 ) ;
#8910 = VECTOR ( 'NONE', #7161, 1000.000000000000000 ) ;
#8911 = CARTESIAN_POINT ( 'NONE',  ( -108.8499593677424286, 10.63866586948352655, 44.13201617606762284 ) ) ;
#8912 = FACE_OUTER_BOUND ( 'NONE', #2275, .T. ) ;
#8913 = ORIENTED_EDGE ( 'NONE', *, *, #7910, .F. ) ;
#8914 = EDGE_CURVE ( 'NONE', #3865, #2422, #3848, .T. ) ;
#8915 = EDGE_CURVE ( 'NONE', #878, #5095, #6016, .T. ) ;
#8916 = ADVANCED_FACE ( 'NONE', ( #9125 ), #2912, .T. ) ;
#8917 = CARTESIAN_POINT ( 'NONE',  ( -124.3207568244999948, 8.657398635395999520, 37.20327673353000364 ) ) ;
#8918 = DIRECTION ( 'NONE',  ( -1.818993041532000053E-12, 2.306900029235000158E-12, 1.000000000000000000 ) ) ;
#8919 = VERTEX_POINT ( 'NONE', #1229 ) ;
#8920 = CARTESIAN_POINT ( 'NONE',  ( 0.000000000000000000, 0.000000000000000000, 0.000000000000000000 ) ) ;
#8921 = EDGE_CURVE ( 'NONE', #210, #3534, #2700, .T. ) ;
#8922 = CARTESIAN_POINT ( 'NONE',  ( -101.0848347607982305, 3.320795143123197679, 42.20630777410311651 ) ) ;
#8923 = DIRECTION ( 'NONE',  ( 0.000000000000000000, -1.000000000000000000, 0.000000000000000000 ) ) ;
#8924 = EDGE_LOOP ( 'NONE', ( #4095, #5786, #2884, #5542, #4082, #5830, #8696, #6045 ) ) ;
#8925 = LINE ( 'NONE', #8005, #2809 ) ;
#8926 = VECTOR ( 'NONE', #6350, 1000.000000000000000 ) ;
#8927 = VERTEX_POINT ( 'NONE', #706 ) ;
#8928 = DIRECTION ( 'NONE',  ( 0.7155987554136836737, 0.6985115756022851619, 0.000000000000000000 ) ) ;
#8929 = EDGE_CURVE ( 'NONE', #3978, #3021, #2807, .T. ) ;
#8930 = CARTESIAN_POINT ( 'NONE',  ( -102.3713390292000156, 6.555241248050999836, 41.17001390000000072 ) ) ;
#8931 = VERTEX_POINT ( 'NONE', #2128 ) ;
#8932 = AXIS2_PLACEMENT_3D ( 'NONE', #2602, #1029, #7553 ) ;
#8933 = LINE ( 'NONE', #528, #5982 ) ;
#8934 = DIRECTION ( 'NONE',  ( -0.000000000000000000, 1.000000000000000000, 0.000000000000000000 ) ) ;
#8935 = ORIENTED_EDGE ( 'NONE', *, *, #7948, .T. ) ;
#8936 = EDGE_CURVE ( 'NONE', #8203, #1077, #5955, .T. ) ;
#8937 = FACE_OUTER_BOUND ( 'NONE', #6626, .T. ) ;
#8938 = VECTOR ( 'NONE', #7586, 1000.000000000000000 ) ;
#8939 = ORIENTED_EDGE ( 'NONE', *, *, #2816, .T. ) ;
#8940 = DIRECTION ( 'NONE',  ( -1.000000000000000000, 0.000000000000000000, 0.000000000000000000 ) ) ;
#8941 = DIRECTION ( 'NONE',  ( 0.8660254037828168938, 0.5000000000028088643, 0.000000000000000000 ) ) ;
#8942 = EDGE_CURVE ( 'NONE', #94, #2443, #2896, .T. ) ;
#8943 = DIRECTION ( 'NONE',  ( 0.000000000000000000, -1.000000000000000000, 0.000000000000000000 ) ) ;
#8944 = ADVANCED_FACE ( 'NONE', ( #8980 ), #2929, .T. ) ;
#8945 = DIRECTION ( 'NONE',  ( 0.000000000000000000, 0.000000000000000000, -1.000000000000000000 ) ) ;
#8946 = CARTESIAN_POINT ( 'NONE',  ( -123.9832962639127913, -1.199774867918953714, 43.50336275049905055 ) ) ;
#8947 = DIRECTION ( 'NONE',  ( 0.000000000000000000, -1.000000000000000000, 0.000000000000000000 ) ) ;
#8948 = ORIENTED_EDGE ( 'NONE', *, *, #4083, .F. ) ;
#8949 = VECTOR ( 'NONE', #6909, 1000.000000000000000 ) ;
#8950 = ORIENTED_EDGE ( 'NONE', *, *, #3879, .F. ) ;
#8951 = ADVANCED_FACE ( 'NONE', ( #6044 ), #4735, .F. ) ;
#8952 = ORIENTED_EDGE ( 'NONE', *, *, #1532, .F. ) ;
#8953 = DIRECTION ( 'NONE',  ( -1.040834085586000006E-14, 0.000000000000000000, -1.000000000000000000 ) ) ;
#8954 = CIRCLE ( 'NONE', #975, 9.899941164236999214 ) ;
#8955 = FACE_OUTER_BOUND ( 'NONE', #8816, .T. ) ;
#8956 = VERTEX_POINT ( 'NONE', #5368 ) ;
#8957 = AXIS2_PLACEMENT_3D ( 'NONE', #3017, #8695, #6813 ) ;
#8958 = DIRECTION ( 'NONE',  ( 0.000000000000000000, 1.000000000000000000, 0.000000000000000000 ) ) ;
#8959 = CARTESIAN_POINT ( 'NONE',  ( -115.5312438638000003, -0.2049121655714000179, 49.55907315657999845 ) ) ;
#8960 = VERTEX_POINT ( 'NONE', #4052 ) ;
#8961 = PLANE ( 'NONE',  #6041 ) ;
#8962 = DIRECTION ( 'NONE',  ( 0.000000000000000000, 0.000000000000000000, -1.000000000000000000 ) ) ;
#8963 = VECTOR ( 'NONE', #6341, 1000.000000000000000 ) ;
#8964 = ORIENTED_EDGE ( 'NONE', *, *, #6552, .F. ) ;
#8965 = DIRECTION ( 'NONE',  ( 0.000000000000000000, 0.000000000000000000, -1.000000000000000000 ) ) ;
#8966 = ORIENTED_EDGE ( 'NONE', *, *, #9124, .T. ) ;
#8967 = AXIS2_PLACEMENT_3D ( 'NONE', #397, #8201, #6070 ) ;
#8968 = ORIENTED_EDGE ( 'NONE', *, *, #4375, .F. ) ;
#8969 = UNCERTAINTY_MEASURE_WITH_UNIT (LENGTH_MEASURE( 1.000000000000000082E-05 ), #9016, 'distance_accuracy_value', 'NONE');
#8970 = LINE ( 'NONE', #4177, #8984 ) ;
#8971 = DIRECTION ( 'NONE',  ( 0.000000000000000000, 0.000000000000000000, -1.000000000000000000 ) ) ;
#8972 = ORIENTED_EDGE ( 'NONE', *, *, #2107, .F. ) ;
#8973 = AXIS2_PLACEMENT_3D ( 'NONE', #2166, #2898, #3645 ) ;
#8974 = EDGE_CURVE ( 'NONE', #3575, #5718, #2773, .T. ) ;
#8975 = CARTESIAN_POINT ( 'NONE',  ( -102.0057409236000012, 6.850719883901000173, 37.01870186042999933 ) ) ;
#8976 = DIRECTION ( 'NONE',  ( 3.730108066506999696E-14, -4.849140486460000547E-14, -1.000000000000000000 ) ) ;
#8977 = CARTESIAN_POINT ( 'NONE',  ( -100.6192161191000025, 2.686027968371000441, 41.17001390000000072 ) ) ;
#8978 = ORIENTED_EDGE ( 'NONE', *, *, #7208, .T. ) ;
#8979 = EDGE_CURVE ( 'NONE', #8556, #813, #5923, .T. ) ;
#8980 = FACE_OUTER_BOUND ( 'NONE', #50, .T. ) ;
#8981 = CARTESIAN_POINT ( 'NONE',  ( -124.3733845415000019, -6.833322346797999103, 40.12001599999999968 ) ) ;
#8982 = CARTESIAN_POINT ( 'NONE',  ( -98.50003170000000807, -9.149982299999999569, 36.27002670000000251 ) ) ;
#8983 = VERTEX_POINT ( 'NONE', #4109 ) ;
#8984 = VECTOR ( 'NONE', #4738, 1000.000000000000114 ) ;
#8985 = AXIS2_PLACEMENT_3D ( 'NONE', #7478, #8934, #304 ) ;
#8986 = ORIENTED_EDGE ( 'NONE', *, *, #2465, .T. ) ;
#8987 = CARTESIAN_POINT ( 'NONE',  ( -126.5601148860999956, -3.553370084955999708, 42.57001110000000210 ) ) ;
#8988 = ADVANCED_FACE ( 'NONE', ( #2637 ), #9155, .T. ) ;
#8989 = AXIS2_PLACEMENT_3D ( 'NONE', #8664, #884, #1813 ) ;
#8990 = VERTEX_POINT ( 'NONE', #4617 ) ;
#8991 = LINE ( 'NONE', #5440, #9008 ) ;
#8992 = CARTESIAN_POINT ( 'NONE',  ( -123.4499818000000033, -1.199999999999999956, 40.56078320476999721 ) ) ;
#8993 = ORIENTED_EDGE ( 'NONE', *, *, #8500, .F. ) ;
#8994 = DIRECTION ( 'NONE',  ( -0.9579607949806626666, -0.2868991378167890516, 0.000000000000000000 ) ) ;
#8995 = FACE_OUTER_BOUND ( 'NONE', #957, .T. ) ;
#8996 = LINE ( 'NONE', #5376, #2765 ) ;
#8997 = EDGE_LOOP ( 'NONE', ( #3706, #2583 ) ) ;
#8998 = CARTESIAN_POINT ( 'NONE',  ( -124.2051246231999926, -10.93130265547999969, 38.42001940000000104 ) ) ;
#8999 = CARTESIAN_POINT ( 'NONE',  ( -98.50003170000000807, -9.149982299999999569, 36.27002670000000251 ) ) ;
#9000 = AXIS2_PLACEMENT_3D ( 'NONE', #3677, #4372, #7108 ) ;
#9001 = CARTESIAN_POINT ( 'NONE',  ( -100.9951176267000079, -4.869993120594999780, 41.77001656842999466 ) ) ;
#9002 = DIRECTION ( 'NONE',  ( 0.000000000000000000, 0.000000000000000000, 1.000000000000000000 ) ) ;
#9003 = CARTESIAN_POINT ( 'NONE',  ( -114.3499999999999943, -1.199999999996999911, 41.77001269999999522 ) ) ;
#9004 = DIRECTION ( 'NONE',  ( 0.000000000000000000, 0.000000000000000000, -1.000000000000000000 ) ) ;
#9005 = CARTESIAN_POINT ( 'NONE',  ( -110.8500070000000051, -14.85015703786000074, 35.98661367740000827 ) ) ;
#9006 = ORIENTED_EDGE ( 'NONE', *, *, #6435, .F. ) ;
#9007 = ADVANCED_FACE ( 'NONE', ( #5909 ), #5892, .F. ) ;
#9008 = VECTOR ( 'NONE', #435, 1000.000000000000000 ) ;
#9009 = VERTEX_POINT ( 'NONE', #7656 ) ;
#9010 = VERTEX_POINT ( 'NONE', #3198 ) ;
#9011 = LINE ( 'NONE', #4866, #2764 ) ;
#9012 = COLOUR_RGB ( '',0.7921568627450980005, 0.8196078431372548767, 0.9333333333333333481 ) ;
#9013 = ORIENTED_EDGE ( 'NONE', *, *, #5514, .F. ) ;
#9014 = EDGE_CURVE ( 'NONE', #8444, #4553, #6060, .T. ) ;
#9015 = DIRECTION ( 'NONE',  ( 0.000000000000000000, 0.000000000000000000, -1.000000000000000000 ) ) ;
#9016 =( LENGTH_UNIT ( ) NAMED_UNIT ( * ) SI_UNIT ( .MILLI., .METRE. ) );
#9017 = DIRECTION ( 'NONE',  ( 0.000000000000000000, 0.000000000000000000, 1.000000000000000000 ) ) ;
#9018 = ADVANCED_FACE ( 'NONE', ( #5842, #9169 ), #3990, .T. ) ;
#9019 = EDGE_LOOP ( 'NONE', ( #4849, #6150, #3038, #4808 ) ) ;
#9020 = EDGE_CURVE ( 'NONE', #8486, #1924, #2926, .T. ) ;
#9021 = EDGE_CURVE ( 'NONE', #8519, #7125, #2743, .T. ) ;
#9022 = EDGE_CURVE ( 'NONE', #6864, #6961, #6081, .T. ) ;
#9023 = DIRECTION ( 'NONE',  ( 0.000000000000000000, 0.000000000000000000, 1.000000000000000000 ) ) ;
#9024 = CARTESIAN_POINT ( 'NONE',  ( -100.9056885246999968, -4.921855793355000230, 38.42001940000000104 ) ) ;
#9025 = VECTOR ( 'NONE', #491, 1000.000000000000227 ) ;
#9026 = CARTESIAN_POINT ( 'NONE',  ( -124.3733845415000019, -6.833322346797999103, 40.32001560000000495 ) ) ;
#9027 = VERTEX_POINT ( 'NONE', #8998 ) ;
#9028 = ADVANCED_FACE ( 'NONE', ( #9188 ), #2728, .T. ) ;
#9029 = ORIENTED_EDGE ( 'NONE', *, *, #4897, .F. ) ;
#9030 = DIRECTION ( 'NONE',  ( 0.000000000000000000, 0.000000000000000000, -1.000000000000000000 ) ) ;
#9031 = VECTOR ( 'NONE', #6049, 1000.000000000000000 ) ;
#9032 = CARTESIAN_POINT ( 'NONE',  ( -125.2499782000000010, -1.199999999999999956, 43.77000869999999821 ) ) ;
#9033 = VERTEX_POINT ( 'NONE', #2649 ) ;
#9034 = AXIS2_PLACEMENT_3D ( 'NONE', #4240, #7341, #4937 ) ;
#9035 = B_SPLINE_CURVE_WITH_KNOTS ( 'NONE', 3,
 ( #1046, #7743, #461, #6938, #6262, #1734, #8477, #400, #3224, #5537, #7007, #7683, #3960, #8410, #1791, #4646, #6199 ),
 .UNSPECIFIED., .F., .F.,
 ( 4, 1, 1, 1, 1, 1, 1, 1, 1, 1, 1, 1, 1, 1, 4 ),
 ( 0.000000000000000000, 0.07142857142856999519, 0.1428571428570999946, 0.2142857142857000075, 0.2857142857143000203, 0.3571428571429000054, 0.4285714285713999594, 0.5000000000000000000, 0.5714285714286000406, 0.6428571428570999391, 0.7142857142856999797, 0.7857142857142999093, 0.8571428571429000609, 0.9285714285714000704, 1.000000000000000000 ),
 .UNSPECIFIED. ) ;
#9036 = CARTESIAN_POINT ( 'NONE',  ( -100.9317334958999908, 2.036810587188999655, 41.77001269999999522 ) ) ;
#9037 = DIRECTION ( 'NONE',  ( 0.000000000000000000, 0.000000000000000000, 1.000000000000000000 ) ) ;
#9038 = ORIENTED_EDGE ( 'NONE', *, *, #3725, .F. ) ;
#9039 = B_SPLINE_CURVE_WITH_KNOTS ( 'NONE', 3,
 ( #3717, #5130, #7973, #4408 ),
 .UNSPECIFIED., .F., .F.,
 ( 4, 4 ),
 ( 0.000000000000000000, 1.000000000000000000 ),
 .UNSPECIFIED. ) ;
#9040 = APPLICATION_CONTEXT ( 'automotive_design' ) ;
#9041 = EDGE_CURVE ( 'NONE', #8258, #299, #6096, .T. ) ;
#9042 = DIRECTION ( 'NONE',  ( 0.2713177453276857665, 0.9624898342685500596, 0.000000000000000000 ) ) ;
#9043 = DIRECTION ( 'NONE',  ( 0.000000000000000000, 1.000000000000000000, 0.000000000000000000 ) ) ;
#9044 = ORIENTED_EDGE ( 'NONE', *, *, #1532, .T. ) ;
#9045 = CIRCLE ( 'NONE', #323, 0.3999999999999975797 ) ;
#9046 = EDGE_LOOP ( 'NONE', ( #6701, #2341, #8638, #8754 ) ) ;
#9047 = B_SPLINE_CURVE_WITH_KNOTS ( 'NONE', 3,
 ( #1208, #6129, #9195, #2610 ),
 .UNSPECIFIED., .F., .F.,
 ( 4, 4 ),
 ( 0.000000000000000000, 1.000000000000000000 ),
 .UNSPECIFIED. ) ;
#9048 = CARTESIAN_POINT ( 'NONE',  ( -101.5312960675999818, 7.040240278051000722, 41.17001390000000072 ) ) ;
#9049 = AXIS2_PLACEMENT_3D ( 'NONE', #4257, #5723, #6460 ) ;
#9050 = ORIENTED_EDGE ( 'NONE', *, *, #6677, .T. ) ;
#9051 = FACE_OUTER_BOUND ( 'NONE', #6609, .T. ) ;
#9052 = CARTESIAN_POINT ( 'NONE',  ( -119.8499929999999978, 11.85101982397999976, 34.77002669999999540 ) ) ;
#9053 = VERTEX_POINT ( 'NONE', #1766 ) ;
#9054 = CARTESIAN_POINT ( 'NONE',  ( -124.5807908808999827, -11.14819367051000043, 41.17001390000000072 ) ) ;
#9055 = EDGE_CURVE ( 'NONE', #8191, #3003, #8991, .T. ) ;
#9056 = FACE_OUTER_BOUND ( 'NONE', #4373, .T. ) ;
#9057 = ORIENTED_EDGE ( 'NONE', *, *, #963, .T. ) ;
#9058 = DIRECTION ( 'NONE',  ( 0.7102090037230587294, -0.7039908884571591807, 0.000000000000000000 ) ) ;
#9059 = CARTESIAN_POINT ( 'NONE',  ( -129.4499682999999948, -11.33474613867000080, 34.77002669999999540 ) ) ;
#9060 = ADVANCED_FACE ( 'NONE', ( #2762 ), #6236, .F. ) ;
#9061 = CARTESIAN_POINT ( 'NONE',  ( -99.10003169999998818, 7.649982299997000190, 36.27002670000000251 ) ) ;
#9062 = DIRECTION ( 'NONE',  ( 0.000000000000000000, 0.000000000000000000, -1.000000000000000000 ) ) ;
#9063 = DIRECTION ( 'NONE',  ( -0.7759145285251437540, 0.6308380492833355335, 0.000000000000000000 ) ) ;
#9064 = DIRECTION ( 'NONE',  ( 0.000000000000000000, 0.000000000000000000, -1.000000000000000000 ) ) ;
#9065 = CARTESIAN_POINT ( 'NONE',  ( -126.7158250294000084, -9.263170992682999483, 40.46693773853999687 ) ) ;
#9066 = ORIENTED_EDGE ( 'NONE', *, *, #6020, .F. ) ;
#9067 = ORIENTED_EDGE ( 'NONE', *, *, #3621, .F. ) ;
#9068 = VERTEX_POINT ( 'NONE', #1134 ) ;
#9069 = CIRCLE ( 'NONE', #640, 13.84997229999999924 ) ;
#9070 = VERTEX_POINT ( 'NONE', #1825 ) ;
#9071 =( LENGTH_UNIT ( ) NAMED_UNIT ( * ) SI_UNIT ( .MILLI., .METRE. ) );
#9072 = AXIS2_PLACEMENT_3D ( 'NONE', #7694, #2692, #8624 ) ;
#9073 = CARTESIAN_POINT ( 'NONE',  ( -114.3499999999999943, -15.14997210000000116, 38.42001940000000104 ) ) ;
#9074 = EDGE_LOOP ( 'NONE', ( #1712, #4708 ) ) ;
#9075 = DIRECTION ( 'NONE',  ( 0.000000000000000000, 0.000000000000000000, 1.000000000000000000 ) ) ;
#9076 = CARTESIAN_POINT ( 'NONE',  ( -114.3499999999999943, -1.199999999999999956, 38.42001940000000104 ) ) ;
#9077 = CYLINDRICAL_SURFACE ( 'NONE', #2853, 10.99997800000000048 ) ;
#9078 = DIRECTION ( 'NONE',  ( 0.000000000000000000, -1.000000000000000000, 0.000000000000000000 ) ) ;
#9079 = ORIENTED_EDGE ( 'NONE', *, *, #3621, .T. ) ;
#9080 = CLOSED_SHELL ( 'NONE', ( #9007, #9060, #274, #8916, #1960, #8169 ) ) ;
#9081 = PLANE ( 'NONE',  #3582 ) ;
#9082 = VECTOR ( 'NONE', #5984, 1000.000000000000000 ) ;
#9083 = CARTESIAN_POINT ( 'NONE',  ( -123.1999823000000021, 14.04996829999999974, 36.27002670000000251 ) ) ;
#9084 = FACE_OUTER_BOUND ( 'NONE', #1412, .T. ) ;
#9085 = ORIENTED_EDGE ( 'NONE', *, *, #3067, .T. ) ;
#9086 = ADVANCED_FACE ( 'NONE', ( #9324 ), #6364, .F. ) ;
#9087 = CARTESIAN_POINT ( 'NONE',  ( -124.2573957870999948, 8.620653252624000729, 38.42001940000000104 ) ) ;
#9088 = DIRECTION ( 'NONE',  ( -0.8660254037843175823, -0.5000000000002097211, 0.000000000000000000 ) ) ;
#9089 = ORIENTED_EDGE ( 'NONE', *, *, #4083, .T. ) ;
#9090 = AXIS2_PLACEMENT_3D ( 'NONE', #5820, #800, #3708 ) ;
#9091 = AXIS2_PLACEMENT_3D ( 'NONE', #3207, #1028, #7943 ) ;
#9092 = CARTESIAN_POINT ( 'NONE',  ( -100.7764953215000077, 3.203641244765000007, 41.77001269999999522 ) ) ;
#9093 = ORIENTED_EDGE ( 'NONE', *, *, #7216, .T. ) ;
#9094 = CARTESIAN_POINT ( 'NONE',  ( -101.1330612041644912, 2.130230238085901284, 42.14977931477455542 ) ) ;
#9095 = ORIENTED_EDGE ( 'NONE', *, *, #5966, .T. ) ;
#9096 = EDGE_CURVE ( 'NONE', #2349, #3521, #3105, .T. ) ;
#9097 = LINE ( 'NONE', #3134, #2967 ) ;
#9098 = VECTOR ( 'NONE', #5104, 1000.000000000000000 ) ;
#9099 = ORIENTED_EDGE ( 'NONE', *, *, #2380, .T. ) ;
#9100 = CARTESIAN_POINT ( 'NONE',  ( -114.3499999999999943, -1.199999999999999956, 38.42001940000000104 ) ) ;
#9101 = CARTESIAN_POINT ( 'NONE',  ( -123.0686756260999886, 6.144671421384999555, 43.77001269979000142 ) ) ;
#9102 = CARTESIAN_POINT ( 'NONE',  ( -119.0074371987000035, -12.83331034679999938, 41.57001309999999705 ) ) ;
#9103 = EDGE_CURVE ( 'NONE', #5524, #3345, #6172, .T. ) ;
#9104 = PRODUCT ( 'MANIFOLD_SOLID_BREP_162_1_1^AS03208AS-HT_AS03208AS-HT_Ass', 'MANIFOLD_SOLID_BREP_162_1_1^AS03208AS-HT_AS03208AS-HT_Ass', '', ( #4534 ) ) ;
#9105 = ORIENTED_EDGE ( 'NONE', *, *, #8453, .F. ) ;
#9106 =( GEOMETRIC_REPRESENTATION_CONTEXT ( 3 ) GLOBAL_UNCERTAINTY_ASSIGNED_CONTEXT ( ( #3781 ) ) GLOBAL_UNIT_ASSIGNED_CONTEXT ( ( #2851, #7119, #2611 ) ) REPRESENTATION_CONTEXT ( 'NONE', 'WORKASPACE' ) );
#9107 = CIRCLE ( 'NONE', #5808, 10.89997820000000672 ) ;
#9108 = VERTEX_POINT ( 'NONE', #7157 ) ;
#9109 = DIRECTION ( 'NONE',  ( 0.000000000000000000, 0.000000000000000000, 1.000000000000000000 ) ) ;
#9110 = ORIENTED_EDGE ( 'NONE', *, *, #4112, .F. ) ;
#9111 = VECTOR ( 'NONE', #2025, 1000.000000000000000 ) ;
#9112 = CARTESIAN_POINT ( 'NONE',  ( -114.3499999999999943, -1.199999999999999956, 43.77000869999999821 ) ) ;
#9113 = ORIENTED_EDGE ( 'NONE', *, *, #1993, .F. ) ;
#9114 = EDGE_CURVE ( 'NONE', #1675, #7175, #2978, .T. ) ;
#9115 = DIRECTION ( 'NONE',  ( 0.000000000000000000, 0.000000000000000000, -1.000000000000000000 ) ) ;
#9116 = CARTESIAN_POINT ( 'NONE',  ( -110.8500070000000051, 13.12870122345000112, 40.48468206460000118 ) ) ;
#9117 = DIRECTION ( 'NONE',  ( 1.000000000000000000, 0.000000000000000000, 0.000000000000000000 ) ) ;
#9118 = DIRECTION ( 'NONE',  ( -0.3971122021666890767, 0.9177700686393748253, 0.000000000000000000 ) ) ;
#9119 = DIRECTION ( 'NONE',  ( -1.040834085586000006E-14, 0.000000000000000000, -1.000000000000000000 ) ) ;
#9120 = CARTESIAN_POINT ( 'NONE',  ( -129.1999682999999948, 6.749982300000000102, 34.77002669999999540 ) ) ;
#9121 = PLANE ( 'NONE',  #2080 ) ;
#9122 = CARTESIAN_POINT ( 'NONE',  ( -110.8500070000000051, -15.52870122344999970, 34.77002669999999540 ) ) ;
#9123 = ORIENTED_EDGE ( 'NONE', *, *, #8118, .T. ) ;
#9124 = EDGE_CURVE ( 'NONE', #4907, #778, #1614, .T. ) ;
#9125 = FACE_OUTER_BOUND ( 'NONE', #2514, .T. ) ;
#9126 = EDGE_CURVE ( 'NONE', #8043, #3503, #54, .T. ) ;
#9127 = VERTEX_POINT ( 'NONE', #5113 ) ;
#9128 = FACE_BOUND ( 'NONE', #1848, .T. ) ;
#9129 = EDGE_LOOP ( 'NONE', ( #6931, #9110, #8634, #913 ) ) ;
#9130 = EDGE_CURVE ( 'NONE', #3983, #291, #1514, .T. ) ;
#9131 = DIRECTION ( 'NONE',  ( 0.000000000000000000, -1.000000000000000000, 0.000000000000000000 ) ) ;
#9132 = EDGE_CURVE ( 'NONE', #972, #5200, #6316, .T. ) ;
#9133 = EDGE_CURVE ( 'NONE', #6468, #2343, #3929, .T. ) ;
#9134 = CARTESIAN_POINT ( 'NONE',  ( -117.8499929999999978, 11.21609787979000039, 43.77001270000000233 ) ) ;
#9135 =( NAMED_UNIT ( * ) SI_UNIT ( $, .STERADIAN. ) SOLID_ANGLE_UNIT ( ) );
#9136 = CARTESIAN_POINT ( 'NONE',  ( -101.4565358388999954, 7.167803587388999809, 33.27002970000000204 ) ) ;
#9137 = ORIENTED_EDGE ( 'NONE', *, *, #2568, .T. ) ;
#9138 = AXIS2_PLACEMENT_3D ( 'NONE', #5516, #7607, #6811 ) ;
#9139 = CARTESIAN_POINT ( 'NONE',  ( -125.3567470442999934, 9.258207910878001101, 39.86628875419000195 ) ) ;
#9140 = EDGE_CURVE ( 'NONE', #629, #472, #116, .T. ) ;
#9141 = DIRECTION ( 'NONE',  ( -0.8911673922217770993, -0.4536746400677883484, 0.000000000000000000 ) ) ;
#9142 = DIRECTION ( 'NONE',  ( 0.000000000000000000, 0.000000000000000000, -1.000000000000000000 ) ) ;
#9143 = ORIENTED_EDGE ( 'NONE', *, *, #1432, .T. ) ;
#9144 = ORIENTED_EDGE ( 'NONE', *, *, #5597, .F. ) ;
#9145 = DIRECTION ( 'NONE',  ( 1.000000000000000000, 0.000000000000000000, 0.000000000000000000 ) ) ;
#9146 = EDGE_CURVE ( 'NONE', #5979, #5037, #9295, .T. ) ;
#9147 = CONICAL_SURFACE ( 'NONE', #189, 14.51647139999999503, 0.6108652381970272049 ) ;
#9148 = CARTESIAN_POINT ( 'NONE',  ( -122.2999822999999964, -16.44996829999999832, 35.17002670000000109 ) ) ;
#9149 = EDGE_LOOP ( 'NONE', ( #5813, #102, #1165, #409 ) ) ;
#9150 = CARTESIAN_POINT ( 'NONE',  ( -114.3499999999999943, 11.29997499999999988, 40.12001599999999968 ) ) ;
#9151 = DIRECTION ( 'NONE',  ( 0.000000000000000000, -1.000000000000000000, 0.000000000000000000 ) ) ;
#9152 = ORIENTED_EDGE ( 'NONE', *, *, #1090, .F. ) ;
#9153 =( REPRESENTATION_RELATIONSHIP ('NONE','NONE', #6599, #3825 ) REPRESENTATION_RELATIONSHIP_WITH_TRANSFORMATION ( #4666 )SHAPE_REPRESENTATION_RELATIONSHIP( ) );
#9154 = CARTESIAN_POINT ( 'NONE',  ( -127.2434641610999932, -9.567803587388997499, 34.77002669999999540 ) ) ;
#9155 = CYLINDRICAL_SURFACE ( 'NONE', #2790, 0.4999989999999998602 ) ;
#9156 = AXIS2_PLACEMENT_3D ( 'NONE', #2122, #2188, #1918 ) ;
#9157 = CARTESIAN_POINT ( 'NONE',  ( -102.4286247745000082, 6.606567778732000740, 33.27002970000000204 ) ) ;
#9158 = EDGE_CURVE ( 'NONE', #6529, #7499, #3300, .T. ) ;
#9159 = CARTESIAN_POINT ( 'NONE',  ( -101.2325944727340357, 2.176154484465419259, 42.20795731270609963 ) ) ;
#9160 = VERTEX_POINT ( 'NONE', #7098 ) ;
#9161 = CIRCLE ( 'NONE', #4544, 0.4999989999999998602 ) ;
#9162 = VERTEX_POINT ( 'NONE', #7714 ) ;
#9163 = DIRECTION ( 'NONE',  ( 0.000000000000000000, -1.000000000000000000, 0.000000000000000000 ) ) ;
#9164 = DIRECTION ( 'NONE',  ( 1.000000000000000000, 0.000000000000000000, 0.000000000000000000 ) ) ;
#9165 = DIRECTION ( 'NONE',  ( 0.000000000000000000, 0.000000000000000000, -1.000000000000000000 ) ) ;
#9166 = ADVANCED_FACE ( 'NONE', ( #3120 ), #4284, .T. ) ;
#9167 = ORIENTED_EDGE ( 'NONE', *, *, #5030, .T. ) ;
#9168 = CIRCLE ( 'NONE', #6908, 0.4999990000039994942 ) ;
#9169 = FACE_OUTER_BOUND ( 'NONE', #371, .T. ) ;
#9170 = CARTESIAN_POINT ( 'NONE',  ( -114.3499999999999943, -1.199999999999999956, 41.77001269999999522 ) ) ;
#9171 = AXIS2_PLACEMENT_3D ( 'NONE', #7273, #2221, #8958 ) ;
#9172 = ADVANCED_FACE ( 'NONE', ( #6249 ), #6218, .F. ) ;
#9173 = ORIENTED_EDGE ( 'NONE', *, *, #6562, .F. ) ;
#9174 = LINE ( 'NONE', #7101, #9205 ) ;
#9175 = DIRECTION ( 'NONE',  ( 1.000000000000000000, 0.000000000000000000, 0.000000000000000000 ) ) ;
#9176 = VECTOR ( 'NONE', #2345, 1000.000000000000000 ) ;
#9177 = EDGE_LOOP ( 'NONE', ( #7978, #1864 ) ) ;
#9178 = CARTESIAN_POINT ( 'NONE',  ( -101.7549476083000002, 5.147998305646999562, 35.77002470000000045 ) ) ;
#9179 = DIRECTION ( 'NONE',  ( 0.8660254037846771835, 0.4999999999995871081, 0.000000000000000000 ) ) ;
#9180 = ORIENTED_EDGE ( 'NONE', *, *, #2235, .T. ) ;
#9181 = EDGE_CURVE ( 'NONE', #8234, #8436, #9340, .T. ) ;
#9182 = DIRECTION ( 'NONE',  ( 1.000000000000000000, 0.000000000000000000, 0.000000000000000000 ) ) ;
#9183 = CARTESIAN_POINT ( 'NONE',  ( -103.5000217000000049, -17.04996829999999974, 32.77003069999999951 ) ) ;
#9184 = DIRECTION ( 'NONE',  ( 0.000000000000000000, 0.000000000000000000, -1.000000000000000000 ) ) ;
#9185 = DIRECTION ( 'NONE',  ( 0.000000000000000000, -1.000000000000000000, 0.000000000000000000 ) ) ;
#9186 = CARTESIAN_POINT ( 'NONE',  ( -118.4765874584999921, -12.36664405319999993, 41.77001269999999522 ) ) ;
#9187 = VERTEX_POINT ( 'NONE', #2711 ) ;
#9188 = FACE_OUTER_BOUND ( 'NONE', #1251, .T. ) ;
#9189 = ORIENTED_EDGE ( 'NONE', *, *, #3157, .T. ) ;
#9190 = VERTEX_POINT ( 'NONE', #4171 ) ;
#9191 = PRESENTATION_LAYER_ASSIGNMENT (  '', '', ( #3904 ) ) ;
#9192 = ORIENTED_EDGE ( 'NONE', *, *, #3909, .F. ) ;
#9193 = AXIS2_PLACEMENT_3D ( 'NONE', #5114, #6569, #3086 ) ;
#9194 = ORIENTED_EDGE ( 'NONE', *, *, #7888, .T. ) ;
#9195 = CARTESIAN_POINT ( 'NONE',  ( -128.3521388412666511, -5.242694827786680278, 40.73536194101333052 ) ) ;
#9196 = DIRECTION ( 'NONE',  ( 0.000000000000000000, 5.104065318542999267E-13, -1.000000000000000000 ) ) ;
#9197 = ORIENTED_EDGE ( 'NONE', *, *, #4695, .T. ) ;
#9198 = CARTESIAN_POINT ( 'NONE',  ( -114.3499999999999943, -1.199999999996999911, 42.27001269999999522 ) ) ;
#9199 = CARTESIAN_POINT ( 'NONE',  ( -114.3499999999999943, -1.199999999999999956, 41.77001269999999522 ) ) ;
#9200 = VECTOR ( 'NONE', #7595, 1000.000000000000114 ) ;
#9201 = ORIENTED_EDGE ( 'NONE', *, *, #9114, .F. ) ;
#9202 = DIRECTION ( 'NONE',  ( 0.000000000000000000, 0.000000000000000000, -1.000000000000000000 ) ) ;
#9203 = VERTEX_POINT ( 'NONE', #3459 ) ;
#9204 = DIRECTION ( 'NONE',  ( -1.000000000000000000, 0.000000000000000000, 0.000000000000000000 ) ) ;
#9205 = VECTOR ( 'NONE', #7840, 999.9999999999998863 ) ;
#9206 = DIRECTION ( 'NONE',  ( 0.000000000000000000, 0.000000000000000000, -1.000000000000000000 ) ) ;
#9207 = LINE ( 'NONE', #2719, #2949 ) ;
#9208 = ORIENTED_EDGE ( 'NONE', *, *, #3037, .T. ) ;
#9209 = DIRECTION ( 'NONE',  ( 1.000000000000000000, 0.000000000000000000, 0.000000000000000000 ) ) ;
#9210 = ADVANCED_FACE ( 'NONE', ( #3154 ), #2960, .F. ) ;
#9211 = AXIS2_PLACEMENT_3D ( 'NONE', #6581, #6710, #5267 ) ;
#9212 = ORIENTED_EDGE ( 'NONE', *, *, #2607, .T. ) ;
#9213 = AXIS2_PLACEMENT_3D ( 'NONE', #6480, #2822, #4326 ) ;
#9214 = EDGE_CURVE ( 'NONE', #7991, #3611, #101, .T. ) ;
#9215 = CARTESIAN_POINT ( 'NONE',  ( -114.3625496591000115, -1.176176197326999961, 41.77001269999999522 ) ) ;
#9216 = CARTESIAN_POINT ( 'NONE',  ( -126.7874323034000099, 4.893604057541000252, 41.77001269999999522 ) ) ;
#9217 = EDGE_LOOP ( 'NONE', ( #6495, #9067, #9275, #87 ) ) ;
#9218 = LINE ( 'NONE', #3460, #292 ) ;
#9219 = DIRECTION ( 'NONE',  ( 0.000000000000000000, 0.000000000000000000, 1.000000000000000000 ) ) ;
#9220 = LINE ( 'NONE', #263, #3044 ) ;
#9221 = CARTESIAN_POINT ( 'NONE',  ( -101.3822175523999931, 3.431277620907999815, 42.27001269999999522 ) ) ;
#9222 = CARTESIAN_POINT ( 'NONE',  ( -127.0807170629000069, -9.473841506398999357, 34.77002669999999540 ) ) ;
#9223 = ORIENTED_EDGE ( 'NONE', *, *, #6315, .T. ) ;
#9224 = FACE_OUTER_BOUND ( 'NONE', #7490, .T. ) ;
#9225 = VECTOR ( 'NONE', #3882, 1000.000000000000114 ) ;
#9226 = ORIENTED_EDGE ( 'NONE', *, *, #671, .F. ) ;
#9227 = EDGE_CURVE ( 'NONE', #2793, #7204, #3250, .T. ) ;
#9228 = CARTESIAN_POINT ( 'NONE',  ( -125.1999782999999837, 14.64996829999999939, 32.77003069999999951 ) ) ;
#9229 = DIRECTION ( 'NONE',  ( 0.000000000000000000, -1.000000000000000000, 0.000000000000000000 ) ) ;
#9230 = VERTEX_POINT ( 'NONE', #2548 ) ;
#9231 = DIRECTION ( 'NONE',  ( 0.000000000000000000, 0.000000000000000000, 1.000000000000000000 ) ) ;
#9232 = PRESENTATION_LAYER_ASSIGNMENT (  '', '', ( #1967 ) ) ;
#9233 = ORIENTED_EDGE ( 'NONE', *, *, #68, .T. ) ;
#9234 = EDGE_CURVE ( 'NONE', #5760, #1324, #6267, .T. ) ;
#9235 = VECTOR ( 'NONE', #76, 999.9999999999998863 ) ;
#9236 = DIRECTION ( 'NONE',  ( 1.000000000000000000, 0.000000000000000000, 0.000000000000000000 ) ) ;
#9237 = ORIENTED_EDGE ( 'NONE', *, *, #9140, .F. ) ;
#9238 = CIRCLE ( 'NONE', #5253, 10.00140886023000064 ) ;
#9239 = ORIENTED_EDGE ( 'NONE', *, *, #8537, .F. ) ;
#9240 = CARTESIAN_POINT ( 'NONE',  ( -125.0102752017158991, 6.174908197472478655, 44.01474543804605588 ) ) ;
#9241 = PLANE ( 'NONE',  #5541 ) ;
#9242 = ORIENTED_EDGE ( 'NONE', *, *, #8358, .T. ) ;
#9243 = DIRECTION ( 'NONE',  ( 0.000000000000000000, 0.000000000000000000, 1.000000000000000000 ) ) ;
#9244 = DIRECTION ( 'NONE',  ( 0.000000000000000000, 0.000000000000000000, 1.000000000000000000 ) ) ;
#9245 = ADVANCED_FACE ( 'NONE', ( #3174 ), #7559, .T. ) ;
#9246 = CARTESIAN_POINT ( 'NONE',  ( -114.3499999999999943, -1.199999999999999956, 34.21173933994000294 ) ) ;
#9247 = CARTESIAN_POINT ( 'NONE',  ( -108.8501709109375497, 10.53288412745118663, 44.00592673255328435 ) ) ;
#9248 = FILL_AREA_STYLE_COLOUR ( '', #7262 ) ;
#9249 = CARTESIAN_POINT ( 'NONE',  ( -103.5000217000000049, 14.64996829999999939, 34.77002669999999540 ) ) ;
#9250 = ORIENTED_EDGE ( 'NONE', *, *, #1109, .T. ) ;
#9251 = CIRCLE ( 'NONE', #5275, 0.2999993999999964189 ) ;
#9252 = EDGE_CURVE ( 'NONE', #3231, #3575, #9220, .T. ) ;
#9253 = ORIENTED_EDGE ( 'NONE', *, *, #4786, .T. ) ;
#9254 = VECTOR ( 'NONE', #3776, 1000.000000000000000 ) ;
#9255 = LINE ( 'NONE', #2879, #6086 ) ;
#9256 = VERTEX_POINT ( 'NONE', #4638 ) ;
#9257 = AXIS2_PLACEMENT_3D ( 'NONE', #6288, #9231, #6354 ) ;
#9258 = ORIENTED_EDGE ( 'NONE', *, *, #6612, .F. ) ;
#9259 = CARTESIAN_POINT ( 'NONE',  ( -117.8498251592622381, 11.22758297104469527, 43.89257199343710170 ) ) ;
#9260 = DIRECTION ( 'NONE',  ( 0.000000000000000000, 0.000000000000000000, 1.000000000000000000 ) ) ;
#9261 = EDGE_LOOP ( 'NONE', ( #3634, #9013, #2400 ) ) ;
#9262 = DIRECTION ( 'NONE',  ( 0.000000000000000000, 1.000000000000000000, 0.000000000000000000 ) ) ;
#9263 = CARTESIAN_POINT ( 'NONE',  ( -123.6925348012999990, -6.366656053202000010, 40.32001560000000495 ) ) ;
#9264 = CARTESIAN_POINT ( 'NONE',  ( -106.6398761140000033, 8.947583131454999616, 41.77001269999999522 ) ) ;
#9265 = ORIENTED_EDGE ( 'NONE', *, *, #3259, .T. ) ;
#9266 = DIRECTION ( 'NONE',  ( 0.000000000000000000, 1.000000000000000000, 0.000000000000000000 ) ) ;
#9267 = EDGE_CURVE ( 'NONE', #4729, #7204, #6126, .T. ) ;
#9268 = CIRCLE ( 'NONE', #5726, 0.5499988999999992911 ) ;
#9269 = VECTOR ( 'NONE', #3069, 1000.000000000000000 ) ;
#9270 = ORIENTED_EDGE ( 'NONE', *, *, #2267, .F. ) ;
#9271 = CARTESIAN_POINT ( 'NONE',  ( -124.4636212955999923, -11.08054577891999948, 35.17554838224999969 ) ) ;
#9272 = ORIENTED_EDGE ( 'NONE', *, *, #326, .F. ) ;
#9273 = CARTESIAN_POINT ( 'NONE',  ( -119.8499929999999978, 11.61997654408000002, 38.42001940000000104 ) ) ;
#9274 = CARTESIAN_POINT ( 'NONE',  ( -114.3499999999999943, -1.199999999996999911, 41.77001269999999522 ) ) ;
#9275 = ORIENTED_EDGE ( 'NONE', *, *, #1321, .T. ) ;
#9276 = CIRCLE ( 'NONE', #3040, 13.41201238004999929 ) ;
#9277 = DIRECTION ( 'NONE',  ( 0.9626988840863361929, -0.2705750516565102459, 0.000000000000000000 ) ) ;
#9278 = VECTOR ( 'NONE', #6424, 1000.000000000000114 ) ;
#9279 = DIRECTION ( 'NONE',  ( -0.6480042485083771231, -0.7616367204350730225, 0.000000000000000000 ) ) ;
#9280 = ORIENTED_EDGE ( 'NONE', *, *, #208, .T. ) ;
#9281 = DIRECTION ( 'NONE',  ( 0.000000000000000000, 0.000000000000000000, -1.000000000000000000 ) ) ;
#9282 = VERTEX_POINT ( 'NONE', #6000 ) ;
#9283 = CYLINDRICAL_SURFACE ( 'NONE', #4774, 0.3999999999999975797 ) ;
#9284 = VECTOR ( 'NONE', #3266, 1000.000000000000000 ) ;
#9285 = ORIENTED_EDGE ( 'NONE', *, *, #6793, .F. ) ;
#9286 = CARTESIAN_POINT ( 'NONE',  ( -125.9634704079999921, 4.415758421006000134, 41.77001269999999522 ) ) ;
#9287 = EDGE_CURVE ( 'NONE', #8111, #526, #9251, .T. ) ;
#9288 = CARTESIAN_POINT ( 'NONE',  ( -105.2500181999999995, -1.199999999963999864, 40.62001500000000220 ) ) ;
#9289 = DIRECTION ( 'NONE',  ( 0.8660254036635991470, 0.5000000002093002438, 1.375299732807000293E-13 ) ) ;
#9290 = ORIENTED_EDGE ( 'NONE', *, *, #7480, .T. ) ;
#9291 = DIRECTION ( 'NONE',  ( 0.000000000000000000, -1.000000000000000000, 0.000000000000000000 ) ) ;
#9292 = AXIS2_PLACEMENT_3D ( 'NONE', #7954, #4572, #8196 ) ;
#9293 = EDGE_LOOP ( 'NONE', ( #1934, #5387, #1846, #6323, #8109, #4992 ) ) ;
#9294 = CARTESIAN_POINT ( 'NONE',  ( -114.3499999999999943, 8.894157049082000555, 33.22840623889999989 ) ) ;
#9295 = LINE ( 'NONE', #9302, #9235 ) ;
#9296 = VERTEX_POINT ( 'NONE', #8835 ) ;
#9297 = EDGE_CURVE ( 'NONE', #9070, #4737, #428, .T. ) ;
#9298 = ORIENTED_EDGE ( 'NONE', *, *, #7115, .F. ) ;
#9299 = FACE_OUTER_BOUND ( 'NONE', #9327, .T. ) ;
#9300 = LINE ( 'NONE', #1833, #6448 ) ;
#9301 = ORIENTED_EDGE ( 'NONE', *, *, #2596, .F. ) ;
#9302 = CARTESIAN_POINT ( 'NONE',  ( -100.9951175000999939, -4.869992660008000129, 38.42001940000000104 ) ) ;
#9303 = CARTESIAN_POINT ( 'NONE',  ( -117.3697447700000112, 5.202339642707000777, 41.77001269999999522 ) ) ;
#9304 = ORIENTED_EDGE ( 'NONE', *, *, #7883, .T. ) ;
#9305 = CARTESIAN_POINT ( 'NONE',  ( -114.3499999999999943, -1.199999999999999956, 38.35301953399999775 ) ) ;
#9306 = CARTESIAN_POINT ( 'NONE',  ( -101.7920312124999924, 3.194671593942999710, 42.27001269999999522 ) ) ;
#9307 = CARTESIAN_POINT ( 'NONE',  ( -102.7599926960999994, 6.487287577371999348, 42.25231901944000157 ) ) ;
#9308 = DIRECTION ( 'NONE',  ( 0.000000000000000000, 0.000000000000000000, -1.000000000000000000 ) ) ;
#9309 = CARTESIAN_POINT ( 'NONE',  ( -119.8499929999999978, 11.01922635686999818, 44.27001270000000233 ) ) ;
#9310 = ORIENTED_EDGE ( 'NONE', *, *, #990, .T. ) ;
#9311 = AXIS2_PLACEMENT_3D ( 'NONE', #8243, #4380, #9117 ) ;
#9312 = ORIENTED_EDGE ( 'NONE', *, *, #1578, .T. ) ;
#9313 = VECTOR ( 'NONE', #1916, 1000.000000000000000 ) ;
#9314 = LINE ( 'NONE', #6916, #3338 ) ;
#9315 = ORIENTED_EDGE ( 'NONE', *, *, #3295, .F. ) ;
#9316 = ORIENTED_EDGE ( 'NONE', *, *, #5056, .T. ) ;
#9317 = DIRECTION ( 'NONE',  ( -0.4477826754296841960, -0.8941424246645688356, 0.000000000000000000 ) ) ;
#9318 = EDGE_CURVE ( 'NONE', #4831, #1706, #3283, .T. ) ;
#9319 = CARTESIAN_POINT ( 'NONE',  ( -104.1939862636000100, 8.158741303261999533, 41.77001269999999522 ) ) ;
#9320 = ORIENTED_EDGE ( 'NONE', *, *, #990, .F. ) ;
#9321 = CARTESIAN_POINT ( 'NONE',  ( -57.17599434824000326, -16.04996829999999974, 35.17002670000000109 ) ) ;
#9322 = AXIS2_PLACEMENT_3D ( 'NONE', #4239, #6180, #7667 ) ;
#9323 = DIRECTION ( 'NONE',  ( 0.000000000000000000, 0.000000000000000000, 1.000000000000000000 ) ) ;
#9324 = FACE_OUTER_BOUND ( 'NONE', #7057, .T. ) ;
#9325 = DIRECTION ( 'NONE',  ( 0.9579607949805087896, 0.2868991378173024742, 0.000000000000000000 ) ) ;
#9326 = DIRECTION ( 'NONE',  ( 0.000000000000000000, 0.000000000000000000, -1.000000000000000000 ) ) ;
#9327 = EDGE_LOOP ( 'NONE', ( #5857, #7372, #2164, #1494 ) ) ;
#9328 = CARTESIAN_POINT ( 'NONE',  ( -123.2223223961000116, -6.366656053202000010, 40.32001560000000495 ) ) ;
#9329 = CONICAL_SURFACE ( 'NONE', #8772, 8.527547811241998232, 0.5875515379826031781 ) ;
#9330 = ORIENTED_EDGE ( 'NONE', *, *, #6901, .T. ) ;
#9331 = EDGE_CURVE ( 'NONE', #6046, #7029, #6394, .T. ) ;
#9332 = EDGE_LOOP ( 'NONE', ( #6801, #6939, #1760, #3700 ) ) ;
#9333 = DIRECTION ( 'NONE',  ( 0.000000000000000000, 0.000000000000000000, 1.000000000000000000 ) ) ;
#9334 = CARTESIAN_POINT ( 'NONE',  ( -107.5000177000000008, 14.64996829999999939, 34.77002669999999540 ) ) ;
#9335 = ORIENTED_EDGE ( 'NONE', *, *, #3613, .T. ) ;
#9336 = EDGE_CURVE ( 'NONE', #427, #878, #6187, .T. ) ;
#9337 = DIRECTION ( 'NONE',  ( 0.000000000000000000, 0.000000000000000000, -1.000000000000000000 ) ) ;
#9338 = CARTESIAN_POINT ( 'NONE',  ( -100.7363857043999928, 2.618380076782000021, 35.17554838224999969 ) ) ;
#9339 = PRODUCT_DEFINITION_CONTEXT ( 'detailed design', #9040, 'design' ) ;
#9340 = LINE ( 'NONE', #2893, #3191 ) ;
#9341 = DIRECTION ( 'NONE',  ( 0.5020408564997059786, 0.8648439040688450374, 0.000000000000000000 ) ) ;
#9342 = CARTESIAN_POINT ( 'NONE',  ( -104.4342111747999979, 3.817221670124999910, 42.08804747613000075 ) ) ;
#9343 = VERTEX_POINT ( 'NONE', #3085 ) ;
#9344 =( GEOMETRIC_REPRESENTATION_CONTEXT ( 3 ) GLOBAL_UNCERTAINTY_ASSIGNED_CONTEXT ( ( #4882 ) ) GLOBAL_UNIT_ASSIGNED_CONTEXT ( ( #7795, #3344, #5529 ) ) REPRESENTATION_CONTEXT ( 'NONE', 'WORKASPACE' ) );
#9345 = LINE ( 'NONE', #5471, #9313 ) ;
#9346 = LINE ( 'NONE', #6309, #6322 ) ;
#9347 = ORIENTED_EDGE ( 'NONE', *, *, #3701, .T. ) ;
#9348 = ORIENTED_EDGE ( 'NONE', *, *, #3452, .T. ) ;
#9349 = NEXT_ASSEMBLY_USAGE_OCCURRENCE ( 'NAUO1', ' ', ' ', #935, #8823, $ ) ;
#9350 = NEXT_ASSEMBLY_USAGE_OCCURRENCE ( 'NAUO2', ' ', ' ', #8823, #5567, $ ) ;
#9351 = NEXT_ASSEMBLY_USAGE_OCCURRENCE ( 'NAUO3', ' ', ' ', #8823, #3876, $ ) ;
#9352 = NEXT_ASSEMBLY_USAGE_OCCURRENCE ( 'NAUO4', ' ', ' ', #8823, #1136, $ ) ;
#9353 = NEXT_ASSEMBLY_USAGE_OCCURRENCE ( 'NAUO5', ' ', ' ', #8823, #4506, $ ) ;
#9354 = NEXT_ASSEMBLY_USAGE_OCCURRENCE ( 'NAUO6', ' ', ' ', #8823, #8598, $ ) ;
#9355 = NEXT_ASSEMBLY_USAGE_OCCURRENCE ( 'NAUO7', ' ', ' ', #8823, #4622, $ ) ;
#9356 = NEXT_ASSEMBLY_USAGE_OCCURRENCE ( 'NAUO8', ' ', ' ', #8823, #1136, $ ) ;
ENDSEC;
END-ISO-10303-21;
