ISO-10303-21;
HEADER;
FILE_DESCRIPTION(('KiCad electronic assembly'),'2;1');
FILE_NAME('mc_hw.step','2026-09-16T16:47:59',('Pcbnew'),('Kicad'),
  'Open CASCADE STEP processor 7.9','KiCad to STEP converter','Unknown'
  );
FILE_SCHEMA(('AUTOMOTIVE_DESIGN { 1 0 10303 214 1 1 1 1 }'));
ENDSEC;
DATA;
#1 = APPLICATION_PROTOCOL_DEFINITION('international standard',
  'automotive_design',2000,#2);
#2 = APPLICATION_CONTEXT(
  'core data for automotive mechanical design processes');
#3 = SHAPE_DEFINITION_REPRESENTATION(#4,#10);
#4 = PRODUCT_DEFINITION_SHAPE('','',#5);
#5 = PRODUCT_DEFINITION('design','',#6,#9);
#6 = PRODUCT_DEFINITION_FORMATION('','',#7);
#7 = PRODUCT('mc_hw 1','mc_hw 1','',(#8));
#8 = PRODUCT_CONTEXT('',#2,'mechanical');
#9 = PRODUCT_DEFINITION_CONTEXT('part definition',#2,'design');
#10 = SHAPE_REPRESENTATION('',(#11,#15),#19);
#11 = AXIS2_PLACEMENT_3D('',#12,#13,#14);
#12 = CARTESIAN_POINT('',(0.,0.,0.));
#13 = DIRECTION('',(0.,0.,1.));
#14 = DIRECTION('',(1.,0.,-0.));
#15 = AXIS2_PLACEMENT_3D('',#16,#17,#18);
#16 = CARTESIAN_POINT('',(0.,0.,0.));
#17 = DIRECTION('',(0.,0.,1.));
#18 = DIRECTION('',(1.,0.,-0.));
#19 = ( GEOMETRIC_REPRESENTATION_CONTEXT(3) 
GLOBAL_UNCERTAINTY_ASSIGNED_CONTEXT((#23)) GLOBAL_UNIT_ASSIGNED_CONTEXT(
(#20,#21,#22)) REPRESENTATION_CONTEXT('Context #1',
  '3D Context with UNIT and UNCERTAINTY') );
#20 = ( LENGTH_UNIT() NAMED_UNIT(*) SI_UNIT(.MILLI.,.METRE.) );
#21 = ( NAMED_UNIT(*) PLANE_ANGLE_UNIT() SI_UNIT($,.RADIAN.) );
#22 = ( NAMED_UNIT(*) SI_UNIT($,.STERADIAN.) SOLID_ANGLE_UNIT() );
#23 = UNCERTAINTY_MEASURE_WITH_UNIT(LENGTH_MEASURE(1.E-07),#20,
  'distance_accuracy_value','confusion accuracy');
#24 = PRODUCT_RELATED_PRODUCT_CATEGORY('part',$,(#7));
#25 = SHAPE_DEFINITION_REPRESENTATION(#26,#32);
#26 = PRODUCT_DEFINITION_SHAPE('','',#27);
#27 = PRODUCT_DEFINITION('design','',#28,#31);
#28 = PRODUCT_DEFINITION_FORMATION('','',#29);
#29 = PRODUCT('mc_CCB1_PCB','mc_CCB1_PCB','',(#30));
#30 = PRODUCT_CONTEXT('',#2,'mechanical');
#31 = PRODUCT_DEFINITION_CONTEXT('part definition',#2,'design');
#32 = ADVANCED_BREP_SHAPE_REPRESENTATION('',(#11,#33),#4661);
#33 = MANIFOLD_SOLID_BREP('',#34);
#34 = CLOSED_SHELL('',(#35,#75,#106,#137,#1407,#2677,#2694,#2711,#2728,
    #2745,#2762,#2779,#2796,#2813,#2830,#2842,#2859,#2876,#2893,#2910,
    #2927,#2944,#2961,#2978,#2995,#3012,#3029,#3046,#3063,#3080,#3097,
    #3114,#3131,#3148,#3165,#3182,#3199,#3216,#3233,#3250,#3267,#3284,
    #3301,#3318,#3335,#3352,#3369,#3386,#3403,#3420,#3437,#3454,#3471,
    #3488,#3505,#3522,#3539,#3556,#3573,#3590,#3607,#3624,#3641,#3658,
    #3675,#3692,#3709,#3726,#3743,#3760,#3777,#3794,#3811,#3828,#3845,
    #3862,#3879,#3896,#3913,#3930,#3947,#3964,#3981,#3998,#4015,#4032,
    #4049,#4066,#4083,#4100,#4117,#4134,#4151,#4168,#4185,#4202,#4219,
    #4236,#4253,#4270,#4287,#4304,#4321,#4338,#4355,#4372,#4389,#4406,
    #4423,#4440,#4457,#4474,#4491,#4508,#4525,#4542,#4559,#4576,#4593,
    #4610,#4627,#4644));
#35 = ADVANCED_FACE('',(#36),#70,.T.);
#36 = FACE_BOUND('',#37,.T.);
#37 = EDGE_LOOP('',(#38,#48,#56,#64));
#38 = ORIENTED_EDGE('',*,*,#39,.T.);
#39 = EDGE_CURVE('',#40,#42,#44,.T.);
#40 = VERTEX_POINT('',#41);
#41 = CARTESIAN_POINT('',(105.,-69.,0.));
#42 = VERTEX_POINT('',#43);
#43 = CARTESIAN_POINT('',(105.,-69.,1.51));
#44 = LINE('',#45,#46);
#45 = CARTESIAN_POINT('',(105.,-69.,0.));
#46 = VECTOR('',#47,1.);
#47 = DIRECTION('',(0.,0.,1.));
#48 = ORIENTED_EDGE('',*,*,#49,.T.);
#49 = EDGE_CURVE('',#42,#50,#52,.T.);
#50 = VERTEX_POINT('',#51);
#51 = CARTESIAN_POINT('',(125.,-69.,1.51));
#52 = LINE('',#53,#54);
#53 = CARTESIAN_POINT('',(105.,-69.,1.51));
#54 = VECTOR('',#55,1.);
#55 = DIRECTION('',(1.,0.,0.));
#56 = ORIENTED_EDGE('',*,*,#57,.F.);
#57 = EDGE_CURVE('',#58,#50,#60,.T.);
#58 = VERTEX_POINT('',#59);
#59 = CARTESIAN_POINT('',(125.,-69.,0.));
#60 = LINE('',#61,#62);
#61 = CARTESIAN_POINT('',(125.,-69.,0.));
#62 = VECTOR('',#63,1.);
#63 = DIRECTION('',(0.,0.,1.));
#64 = ORIENTED_EDGE('',*,*,#65,.F.);
#65 = EDGE_CURVE('',#40,#58,#66,.T.);
#66 = LINE('',#67,#68);
#67 = CARTESIAN_POINT('',(105.,-69.,0.));
#68 = VECTOR('',#69,1.);
#69 = DIRECTION('',(1.,0.,0.));
#70 = PLANE('',#71);
#71 = AXIS2_PLACEMENT_3D('',#72,#73,#74);
#72 = CARTESIAN_POINT('',(105.,-69.,0.));
#73 = DIRECTION('',(0.,1.,0.));
#74 = DIRECTION('',(1.,0.,0.));
#75 = ADVANCED_FACE('',(#76),#101,.T.);
#76 = FACE_BOUND('',#77,.T.);
#77 = EDGE_LOOP('',(#78,#88,#94,#95));
#78 = ORIENTED_EDGE('',*,*,#79,.T.);
#79 = EDGE_CURVE('',#80,#82,#84,.T.);
#80 = VERTEX_POINT('',#81);
#81 = CARTESIAN_POINT('',(105.,-57.5,0.));
#82 = VERTEX_POINT('',#83);
#83 = CARTESIAN_POINT('',(105.,-57.5,1.51));
#84 = LINE('',#85,#86);
#85 = CARTESIAN_POINT('',(105.,-57.5,0.));
#86 = VECTOR('',#87,1.);
#87 = DIRECTION('',(0.,0.,1.));
#88 = ORIENTED_EDGE('',*,*,#89,.T.);
#89 = EDGE_CURVE('',#82,#42,#90,.T.);
#90 = LINE('',#91,#92);
#91 = CARTESIAN_POINT('',(105.,-57.5,1.51));
#92 = VECTOR('',#93,1.);
#93 = DIRECTION('',(0.,-1.,0.));
#94 = ORIENTED_EDGE('',*,*,#39,.F.);
#95 = ORIENTED_EDGE('',*,*,#96,.F.);
#96 = EDGE_CURVE('',#80,#40,#97,.T.);
#97 = LINE('',#98,#99);
#98 = CARTESIAN_POINT('',(105.,-57.5,0.));
#99 = VECTOR('',#100,1.);
#100 = DIRECTION('',(0.,-1.,0.));
#101 = PLANE('',#102);
#102 = AXIS2_PLACEMENT_3D('',#103,#104,#105);
#103 = CARTESIAN_POINT('',(105.,-57.5,0.));
#104 = DIRECTION('',(1.,0.,-0.));
#105 = DIRECTION('',(0.,-1.,0.));
#106 = ADVANCED_FACE('',(#107),#132,.T.);
#107 = FACE_BOUND('',#108,.T.);
#108 = EDGE_LOOP('',(#109,#110,#118,#126));
#109 = ORIENTED_EDGE('',*,*,#57,.T.);
#110 = ORIENTED_EDGE('',*,*,#111,.T.);
#111 = EDGE_CURVE('',#50,#112,#114,.T.);
#112 = VERTEX_POINT('',#113);
#113 = CARTESIAN_POINT('',(125.,-58.,1.51));
#114 = LINE('',#115,#116);
#115 = CARTESIAN_POINT('',(125.,-69.,1.51));
#116 = VECTOR('',#117,1.);
#117 = DIRECTION('',(0.,1.,0.));
#118 = ORIENTED_EDGE('',*,*,#119,.F.);
#119 = EDGE_CURVE('',#120,#112,#122,.T.);
#120 = VERTEX_POINT('',#121);
#121 = CARTESIAN_POINT('',(125.,-58.,0.));
#122 = LINE('',#123,#124);
#123 = CARTESIAN_POINT('',(125.,-58.,0.));
#124 = VECTOR('',#125,1.);
#125 = DIRECTION('',(0.,0.,1.));
#126 = ORIENTED_EDGE('',*,*,#127,.F.);
#127 = EDGE_CURVE('',#58,#120,#128,.T.);
#128 = LINE('',#129,#130);
#129 = CARTESIAN_POINT('',(125.,-69.,0.));
#130 = VECTOR('',#131,1.);
#131 = DIRECTION('',(0.,1.,0.));
#132 = PLANE('',#133);
#133 = AXIS2_PLACEMENT_3D('',#134,#135,#136);
#134 = CARTESIAN_POINT('',(125.,-69.,0.));
#135 = DIRECTION('',(-1.,0.,0.));
#136 = DIRECTION('',(0.,1.,0.));
#137 = ADVANCED_FACE('',(#138,#225,#236,#247,#258,#269,#280,#291,#302,
    #313,#324,#335,#346,#357,#368,#379,#390,#401,#412,#423,#434,#445,
    #456,#467,#478,#489,#500,#511,#522,#533,#544,#555,#566,#577,#588,
    #599,#610,#621,#632,#643,#654,#665,#676,#687,#698,#709,#720,#731,
    #742,#753,#764,#775,#786,#797,#808,#819,#830,#841,#852,#863,#874,
    #885,#896,#907,#918,#929,#940,#951,#962,#973,#984,#995,#1006,#1017,
    #1028,#1039,#1050,#1061,#1072,#1083,#1094,#1105,#1116,#1127,#1138,
    #1149,#1160,#1171,#1182,#1193,#1204,#1215,#1226,#1237,#1248,#1259,
    #1270,#1281,#1292,#1303,#1314,#1325,#1336,#1347,#1358,#1369,#1380,
    #1391),#1402,.F.);
#138 = FACE_BOUND('',#139,.F.);
#139 = EDGE_LOOP('',(#140,#141,#142,#150,#158,#167,#175,#184,#193,#201,
    #210,#218,#224));
#140 = ORIENTED_EDGE('',*,*,#65,.F.);
#141 = ORIENTED_EDGE('',*,*,#96,.F.);
#142 = ORIENTED_EDGE('',*,*,#143,.F.);
#143 = EDGE_CURVE('',#144,#80,#146,.T.);
#144 = VERTEX_POINT('',#145);
#145 = CARTESIAN_POINT('',(69.,-57.5,0.));
#146 = LINE('',#147,#148);
#147 = CARTESIAN_POINT('',(69.,-57.5,0.));
#148 = VECTOR('',#149,1.);
#149 = DIRECTION('',(1.,0.,0.));
#150 = ORIENTED_EDGE('',*,*,#151,.F.);
#151 = EDGE_CURVE('',#152,#144,#154,.T.);
#152 = VERTEX_POINT('',#153);
#153 = CARTESIAN_POINT('',(69.071068,-144.,0.));
#154 = LINE('',#155,#156);
#155 = CARTESIAN_POINT('',(69.071068,-144.,0.));
#156 = VECTOR('',#157,1.);
#157 = DIRECTION('',(-8.215950984264E-04,0.999999662491,0.));
#158 = ORIENTED_EDGE('',*,*,#159,.F.);
#159 = EDGE_CURVE('',#160,#152,#162,.T.);
#160 = VERTEX_POINT('',#161);
#161 = CARTESIAN_POINT('',(79.071068,-154.,0.));
#162 = CIRCLE('',#163,9.999999357669);
#163 = AXIS2_PLACEMENT_3D('',#164,#165,#166);
#164 = CARTESIAN_POINT('',(79.071067357669,-144.0000006423,0.));
#165 = DIRECTION('',(0.,0.,-1.));
#166 = DIRECTION('',(6.423314275614E-08,-1.,0.));
#167 = ORIENTED_EDGE('',*,*,#168,.F.);
#168 = EDGE_CURVE('',#169,#160,#171,.T.);
#169 = VERTEX_POINT('',#170);
#170 = CARTESIAN_POINT('',(132.,-154.,0.));
#171 = LINE('',#172,#173);
#172 = CARTESIAN_POINT('',(132.,-154.,0.));
#173 = VECTOR('',#174,1.);
#174 = DIRECTION('',(-1.,0.,0.));
#175 = ORIENTED_EDGE('',*,*,#176,.F.);
#176 = EDGE_CURVE('',#177,#169,#179,.T.);
#177 = VERTEX_POINT('',#178);
#178 = CARTESIAN_POINT('',(150.,-136.,0.));
#179 = CIRCLE('',#180,18.000000209489);
#180 = AXIS2_PLACEMENT_3D('',#181,#182,#183);
#181 = CARTESIAN_POINT('',(150.00000020948,-154.0000002094,0.));
#182 = DIRECTION('',(0.,0.,1.));
#183 = DIRECTION('',(-1.163826670863E-08,1.,0.));
#184 = ORIENTED_EDGE('',*,*,#185,.F.);
#185 = EDGE_CURVE('',#186,#177,#188,.T.);
#186 = VERTEX_POINT('',#187);
#187 = CARTESIAN_POINT('',(168.,-154.,0.));
#188 = CIRCLE('',#189,18.000000209489);
#189 = AXIS2_PLACEMENT_3D('',#190,#191,#192);
#190 = CARTESIAN_POINT('',(149.99999979051,-154.0000002094,0.));
#191 = DIRECTION('',(0.,0.,1.));
#192 = DIRECTION('',(1.,1.163826670863E-08,-0.));
#193 = ORIENTED_EDGE('',*,*,#194,.F.);
#194 = EDGE_CURVE('',#195,#186,#197,.T.);
#195 = VERTEX_POINT('',#196);
#196 = CARTESIAN_POINT('',(219.,-154.,0.));
#197 = LINE('',#198,#199);
#198 = CARTESIAN_POINT('',(219.,-154.,0.));
#199 = VECTOR('',#200,1.);
#200 = DIRECTION('',(-1.,0.,0.));
#201 = ORIENTED_EDGE('',*,*,#202,.F.);
#202 = EDGE_CURVE('',#203,#195,#205,.T.);
#203 = VERTEX_POINT('',#204);
#204 = CARTESIAN_POINT('',(230.,-143.,0.));
#205 = CIRCLE('',#206,10.999998610593);
#206 = AXIS2_PLACEMENT_3D('',#207,#208,#209);
#207 = CARTESIAN_POINT('',(219.0000013894,-143.0000013894,0.));
#208 = DIRECTION('',(0.,0.,-1.));
#209 = DIRECTION('',(1.,1.263097538958E-07,0.));
#210 = ORIENTED_EDGE('',*,*,#211,.F.);
#211 = EDGE_CURVE('',#212,#203,#214,.T.);
#212 = VERTEX_POINT('',#213);
#213 = CARTESIAN_POINT('',(230.,-58.,0.));
#214 = LINE('',#215,#216);
#215 = CARTESIAN_POINT('',(230.,-58.,0.));
#216 = VECTOR('',#217,1.);
#217 = DIRECTION('',(0.,-1.,0.));
#218 = ORIENTED_EDGE('',*,*,#219,.F.);
#219 = EDGE_CURVE('',#120,#212,#220,.T.);
#220 = LINE('',#221,#222);
#221 = CARTESIAN_POINT('',(125.,-58.,0.));
#222 = VECTOR('',#223,1.);
#223 = DIRECTION('',(1.,0.,0.));
#224 = ORIENTED_EDGE('',*,*,#127,.F.);
#225 = FACE_BOUND('',#226,.F.);
#226 = EDGE_LOOP('',(#227));
#227 = ORIENTED_EDGE('',*,*,#228,.T.);
#228 = EDGE_CURVE('',#229,#229,#231,.T.);
#229 = VERTEX_POINT('',#230);
#230 = CARTESIAN_POINT('',(116.5,-148.5,0.));
#231 = CIRCLE('',#232,0.5);
#232 = AXIS2_PLACEMENT_3D('',#233,#234,#235);
#233 = CARTESIAN_POINT('',(116.5,-148.,0.));
#234 = DIRECTION('',(-0.,0.,-1.));
#235 = DIRECTION('',(-0.,-1.,0.));
#236 = FACE_BOUND('',#237,.F.);
#237 = EDGE_LOOP('',(#238));
#238 = ORIENTED_EDGE('',*,*,#239,.T.);
#239 = EDGE_CURVE('',#240,#240,#242,.T.);
#240 = VERTEX_POINT('',#241);
#241 = CARTESIAN_POINT('',(119.,-148.5,0.));
#242 = CIRCLE('',#243,0.5);
#243 = AXIS2_PLACEMENT_3D('',#244,#245,#246);
#244 = CARTESIAN_POINT('',(119.,-148.,0.));
#245 = DIRECTION('',(-0.,0.,-1.));
#246 = DIRECTION('',(-0.,-1.,0.));
#247 = FACE_BOUND('',#248,.F.);
#248 = EDGE_LOOP('',(#249));
#249 = ORIENTED_EDGE('',*,*,#250,.T.);
#250 = EDGE_CURVE('',#251,#251,#253,.T.);
#251 = VERTEX_POINT('',#252);
#252 = CARTESIAN_POINT('',(114.000001,-146.12,0.));
#253 = CIRCLE('',#254,1.42);
#254 = AXIS2_PLACEMENT_3D('',#255,#256,#257);
#255 = CARTESIAN_POINT('',(114.000001,-144.7,0.));
#256 = DIRECTION('',(-0.,0.,-1.));
#257 = DIRECTION('',(-0.,-1.,0.));
#258 = FACE_BOUND('',#259,.F.);
#259 = EDGE_LOOP('',(#260));
#260 = ORIENTED_EDGE('',*,*,#261,.T.);
#261 = EDGE_CURVE('',#262,#262,#264,.T.);
#262 = VERTEX_POINT('',#263);
#263 = CARTESIAN_POINT('',(121.5,-148.5,0.));
#264 = CIRCLE('',#265,0.5);
#265 = AXIS2_PLACEMENT_3D('',#266,#267,#268);
#266 = CARTESIAN_POINT('',(121.5,-148.,0.));
#267 = DIRECTION('',(-0.,0.,-1.));
#268 = DIRECTION('',(-0.,-1.,0.));
#269 = FACE_BOUND('',#270,.F.);
#270 = EDGE_LOOP('',(#271));
#271 = ORIENTED_EDGE('',*,*,#272,.T.);
#272 = EDGE_CURVE('',#273,#273,#275,.T.);
#273 = VERTEX_POINT('',#274);
#274 = CARTESIAN_POINT('',(124.,-146.120001,0.));
#275 = CIRCLE('',#276,1.42);
#276 = AXIS2_PLACEMENT_3D('',#277,#278,#279);
#277 = CARTESIAN_POINT('',(124.,-144.700001,0.));
#278 = DIRECTION('',(-0.,0.,-1.));
#279 = DIRECTION('',(-0.,-1.,0.));
#280 = FACE_BOUND('',#281,.F.);
#281 = EDGE_LOOP('',(#282));
#282 = ORIENTED_EDGE('',*,*,#283,.T.);
#283 = EDGE_CURVE('',#284,#284,#286,.T.);
#284 = VERTEX_POINT('',#285);
#285 = CARTESIAN_POINT('',(94.1175,-129.37,0.));
#286 = CIRCLE('',#287,1.6);
#287 = AXIS2_PLACEMENT_3D('',#288,#289,#290);
#288 = CARTESIAN_POINT('',(94.1175,-127.77,0.));
#289 = DIRECTION('',(-0.,0.,-1.));
#290 = DIRECTION('',(-0.,-1.,0.));
#291 = FACE_BOUND('',#292,.F.);
#292 = EDGE_LOOP('',(#293));
#293 = ORIENTED_EDGE('',*,*,#294,.T.);
#294 = EDGE_CURVE('',#295,#295,#297,.T.);
#295 = VERTEX_POINT('',#296);
#296 = CARTESIAN_POINT('',(106.11,-119.63,0.));
#297 = CIRCLE('',#298,0.5);
#298 = AXIS2_PLACEMENT_3D('',#299,#300,#301);
#299 = CARTESIAN_POINT('',(106.11,-119.13,0.));
#300 = DIRECTION('',(-0.,0.,-1.));
#301 = DIRECTION('',(-0.,-1.,0.));
#302 = FACE_BOUND('',#303,.F.);
#303 = EDGE_LOOP('',(#304));
#304 = ORIENTED_EDGE('',*,*,#305,.T.);
#305 = EDGE_CURVE('',#306,#306,#308,.T.);
#306 = VERTEX_POINT('',#307);
#307 = CARTESIAN_POINT('',(78.668,-114.3595,0.));
#308 = CIRCLE('',#309,0.4445);
#309 = AXIS2_PLACEMENT_3D('',#310,#311,#312);
#310 = CARTESIAN_POINT('',(78.668,-113.915,0.));
#311 = DIRECTION('',(-0.,0.,-1.));
#312 = DIRECTION('',(-0.,-1.,0.));
#313 = FACE_BOUND('',#314,.F.);
#314 = EDGE_LOOP('',(#315));
#315 = ORIENTED_EDGE('',*,*,#316,.T.);
#316 = EDGE_CURVE('',#317,#317,#319,.T.);
#317 = VERTEX_POINT('',#318);
#318 = CARTESIAN_POINT('',(81.208,-114.3595,0.));
#319 = CIRCLE('',#320,0.4445);
#320 = AXIS2_PLACEMENT_3D('',#321,#322,#323);
#321 = CARTESIAN_POINT('',(81.208,-113.915,0.));
#322 = DIRECTION('',(-0.,0.,-1.));
#323 = DIRECTION('',(-0.,-1.,0.));
#324 = FACE_BOUND('',#325,.F.);
#325 = EDGE_LOOP('',(#326));
#326 = ORIENTED_EDGE('',*,*,#327,.T.);
#327 = EDGE_CURVE('',#328,#328,#330,.T.);
#328 = VERTEX_POINT('',#329);
#329 = CARTESIAN_POINT('',(74.748,-110.8635,0.));
#330 = CIRCLE('',#331,0.6985);
#331 = AXIS2_PLACEMENT_3D('',#332,#333,#334);
#332 = CARTESIAN_POINT('',(74.748,-110.165,0.));
#333 = DIRECTION('',(-0.,0.,-1.));
#334 = DIRECTION('',(2.034481705827E-14,-1.,-0.));
#335 = FACE_BOUND('',#336,.F.);
#336 = EDGE_LOOP('',(#337));
#337 = ORIENTED_EDGE('',*,*,#338,.T.);
#338 = EDGE_CURVE('',#339,#339,#341,.T.);
#339 = VERTEX_POINT('',#340);
#340 = CARTESIAN_POINT('',(83.748,-114.3595,0.));
#341 = CIRCLE('',#342,0.4445);
#342 = AXIS2_PLACEMENT_3D('',#343,#344,#345);
#343 = CARTESIAN_POINT('',(83.748,-113.915,0.));
#344 = DIRECTION('',(-0.,0.,-1.));
#345 = DIRECTION('',(3.197042680585E-14,-1.,-0.));
#346 = FACE_BOUND('',#347,.F.);
#347 = EDGE_LOOP('',(#348));
#348 = ORIENTED_EDGE('',*,*,#349,.T.);
#349 = EDGE_CURVE('',#350,#350,#352,.T.);
#350 = VERTEX_POINT('',#351);
#351 = CARTESIAN_POINT('',(87.498,-110.8635,0.));
#352 = CIRCLE('',#353,0.6985);
#353 = AXIS2_PLACEMENT_3D('',#354,#355,#356);
#354 = CARTESIAN_POINT('',(87.498,-110.165,0.));
#355 = DIRECTION('',(-0.,0.,-1.));
#356 = DIRECTION('',(2.034481705827E-14,-1.,-0.));
#357 = FACE_BOUND('',#358,.F.);
#358 = EDGE_LOOP('',(#359));
#359 = ORIENTED_EDGE('',*,*,#360,.T.);
#360 = EDGE_CURVE('',#361,#361,#363,.T.);
#361 = VERTEX_POINT('',#362);
#362 = CARTESIAN_POINT('',(92.6175,-116.79,0.));
#363 = CIRCLE('',#364,0.5);
#364 = AXIS2_PLACEMENT_3D('',#365,#366,#367);
#365 = CARTESIAN_POINT('',(92.6175,-116.29,0.));
#366 = DIRECTION('',(-0.,0.,-1.));
#367 = DIRECTION('',(-0.,-1.,0.));
#368 = FACE_BOUND('',#369,.F.);
#369 = EDGE_LOOP('',(#370));
#370 = ORIENTED_EDGE('',*,*,#371,.T.);
#371 = EDGE_CURVE('',#372,#372,#374,.T.);
#372 = VERTEX_POINT('',#373);
#373 = CARTESIAN_POINT('',(106.11,-117.09,0.));
#374 = CIRCLE('',#375,0.5);
#375 = AXIS2_PLACEMENT_3D('',#376,#377,#378);
#376 = CARTESIAN_POINT('',(106.11,-116.59,0.));
#377 = DIRECTION('',(-0.,0.,-1.));
#378 = DIRECTION('',(-0.,-1.,0.));
#379 = FACE_BOUND('',#380,.F.);
#380 = EDGE_LOOP('',(#381));
#381 = ORIENTED_EDGE('',*,*,#382,.T.);
#382 = EDGE_CURVE('',#383,#383,#385,.T.);
#383 = VERTEX_POINT('',#384);
#384 = CARTESIAN_POINT('',(92.6175,-114.25,0.));
#385 = CIRCLE('',#386,0.5);
#386 = AXIS2_PLACEMENT_3D('',#387,#388,#389);
#387 = CARTESIAN_POINT('',(92.6175,-113.75,0.));
#388 = DIRECTION('',(-0.,0.,-1.));
#389 = DIRECTION('',(-0.,-1.,0.));
#390 = FACE_BOUND('',#391,.F.);
#391 = EDGE_LOOP('',(#392));
#392 = ORIENTED_EDGE('',*,*,#393,.T.);
#393 = EDGE_CURVE('',#394,#394,#396,.T.);
#394 = VERTEX_POINT('',#395);
#395 = CARTESIAN_POINT('',(92.6175,-111.71,0.));
#396 = CIRCLE('',#397,0.5);
#397 = AXIS2_PLACEMENT_3D('',#398,#399,#400);
#398 = CARTESIAN_POINT('',(92.6175,-111.21,0.));
#399 = DIRECTION('',(-0.,0.,-1.));
#400 = DIRECTION('',(-0.,-1.,0.));
#401 = FACE_BOUND('',#402,.F.);
#402 = EDGE_LOOP('',(#403));
#403 = ORIENTED_EDGE('',*,*,#404,.T.);
#404 = EDGE_CURVE('',#405,#405,#407,.T.);
#405 = VERTEX_POINT('',#406);
#406 = CARTESIAN_POINT('',(106.11,-114.55,0.));
#407 = CIRCLE('',#408,0.5);
#408 = AXIS2_PLACEMENT_3D('',#409,#410,#411);
#409 = CARTESIAN_POINT('',(106.11,-114.05,0.));
#410 = DIRECTION('',(-0.,0.,-1.));
#411 = DIRECTION('',(-0.,-1.,0.));
#412 = FACE_BOUND('',#413,.F.);
#413 = EDGE_LOOP('',(#414));
#414 = ORIENTED_EDGE('',*,*,#415,.T.);
#415 = EDGE_CURVE('',#416,#416,#418,.T.);
#416 = VERTEX_POINT('',#417);
#417 = CARTESIAN_POINT('',(106.11,-112.01,0.));
#418 = CIRCLE('',#419,0.5);
#419 = AXIS2_PLACEMENT_3D('',#420,#421,#422);
#420 = CARTESIAN_POINT('',(106.11,-111.51,0.));
#421 = DIRECTION('',(-0.,0.,-1.));
#422 = DIRECTION('',(-0.,-1.,0.));
#423 = FACE_BOUND('',#424,.F.);
#424 = EDGE_LOOP('',(#425));
#425 = ORIENTED_EDGE('',*,*,#426,.T.);
#426 = EDGE_CURVE('',#427,#427,#429,.T.);
#427 = VERTEX_POINT('',#428);
#428 = CARTESIAN_POINT('',(123.89,-119.63,0.));
#429 = CIRCLE('',#430,0.5);
#430 = AXIS2_PLACEMENT_3D('',#431,#432,#433);
#431 = CARTESIAN_POINT('',(123.89,-119.13,0.));
#432 = DIRECTION('',(-0.,0.,-1.));
#433 = DIRECTION('',(-0.,-1.,0.));
#434 = FACE_BOUND('',#435,.F.);
#435 = EDGE_LOOP('',(#436));
#436 = ORIENTED_EDGE('',*,*,#437,.T.);
#437 = EDGE_CURVE('',#438,#438,#440,.T.);
#438 = VERTEX_POINT('',#439);
#439 = CARTESIAN_POINT('',(123.89,-117.09,0.));
#440 = CIRCLE('',#441,0.5);
#441 = AXIS2_PLACEMENT_3D('',#442,#443,#444);
#442 = CARTESIAN_POINT('',(123.89,-116.59,0.));
#443 = DIRECTION('',(-0.,0.,-1.));
#444 = DIRECTION('',(-0.,-1.,0.));
#445 = FACE_BOUND('',#446,.F.);
#446 = EDGE_LOOP('',(#447));
#447 = ORIENTED_EDGE('',*,*,#448,.T.);
#448 = EDGE_CURVE('',#449,#449,#451,.T.);
#449 = VERTEX_POINT('',#450);
#450 = CARTESIAN_POINT('',(123.89,-114.55,0.));
#451 = CIRCLE('',#452,0.5);
#452 = AXIS2_PLACEMENT_3D('',#453,#454,#455);
#453 = CARTESIAN_POINT('',(123.89,-114.05,0.));
#454 = DIRECTION('',(-0.,0.,-1.));
#455 = DIRECTION('',(-0.,-1.,0.));
#456 = FACE_BOUND('',#457,.F.);
#457 = EDGE_LOOP('',(#458));
#458 = ORIENTED_EDGE('',*,*,#459,.T.);
#459 = EDGE_CURVE('',#460,#460,#462,.T.);
#460 = VERTEX_POINT('',#461);
#461 = CARTESIAN_POINT('',(123.89,-112.01,0.));
#462 = CIRCLE('',#463,0.5);
#463 = AXIS2_PLACEMENT_3D('',#464,#465,#466);
#464 = CARTESIAN_POINT('',(123.89,-111.51,0.));
#465 = DIRECTION('',(-0.,0.,-1.));
#466 = DIRECTION('',(-0.,-1.,0.));
#467 = FACE_BOUND('',#468,.F.);
#468 = EDGE_LOOP('',(#469));
#469 = ORIENTED_EDGE('',*,*,#470,.T.);
#470 = EDGE_CURVE('',#471,#471,#473,.T.);
#471 = VERTEX_POINT('',#472);
#472 = CARTESIAN_POINT('',(148.25,-133.5,0.));
#473 = CIRCLE('',#474,0.5);
#474 = AXIS2_PLACEMENT_3D('',#475,#476,#477);
#475 = CARTESIAN_POINT('',(148.25,-133.,0.));
#476 = DIRECTION('',(-0.,0.,-1.));
#477 = DIRECTION('',(-0.,-1.,0.));
#478 = FACE_BOUND('',#479,.F.);
#479 = EDGE_LOOP('',(#480));
#480 = ORIENTED_EDGE('',*,*,#481,.T.);
#481 = EDGE_CURVE('',#482,#482,#484,.T.);
#482 = VERTEX_POINT('',#483);
#483 = CARTESIAN_POINT('',(151.75,-133.5,0.));
#484 = CIRCLE('',#485,0.5);
#485 = AXIS2_PLACEMENT_3D('',#486,#487,#488);
#486 = CARTESIAN_POINT('',(151.75,-133.,0.));
#487 = DIRECTION('',(-0.,0.,-1.));
#488 = DIRECTION('',(-0.,-1.,0.));
#489 = FACE_BOUND('',#490,.F.);
#490 = EDGE_LOOP('',(#491));
#491 = ORIENTED_EDGE('',*,*,#492,.T.);
#492 = EDGE_CURVE('',#493,#493,#495,.T.);
#493 = VERTEX_POINT('',#494);
#494 = CARTESIAN_POINT('',(213.668,-145.3595,0.));
#495 = CIRCLE('',#496,0.4445);
#496 = AXIS2_PLACEMENT_3D('',#497,#498,#499);
#497 = CARTESIAN_POINT('',(213.668,-144.915,0.));
#498 = DIRECTION('',(-0.,0.,-1.));
#499 = DIRECTION('',(-0.,-1.,0.));
#500 = FACE_BOUND('',#501,.F.);
#501 = EDGE_LOOP('',(#502));
#502 = ORIENTED_EDGE('',*,*,#503,.T.);
#503 = EDGE_CURVE('',#504,#504,#506,.T.);
#504 = VERTEX_POINT('',#505);
#505 = CARTESIAN_POINT('',(216.208,-145.3595,0.));
#506 = CIRCLE('',#507,0.4445);
#507 = AXIS2_PLACEMENT_3D('',#508,#509,#510);
#508 = CARTESIAN_POINT('',(216.208,-144.915,0.));
#509 = DIRECTION('',(-0.,0.,-1.));
#510 = DIRECTION('',(-0.,-1.,0.));
#511 = FACE_BOUND('',#512,.F.);
#512 = EDGE_LOOP('',(#513));
#513 = ORIENTED_EDGE('',*,*,#514,.T.);
#514 = EDGE_CURVE('',#515,#515,#517,.T.);
#515 = VERTEX_POINT('',#516);
#516 = CARTESIAN_POINT('',(218.748,-145.3595,0.));
#517 = CIRCLE('',#518,0.4445);
#518 = AXIS2_PLACEMENT_3D('',#519,#520,#521);
#519 = CARTESIAN_POINT('',(218.748,-144.915,0.));
#520 = DIRECTION('',(-0.,0.,-1.));
#521 = DIRECTION('',(-0.,-1.,0.));
#522 = FACE_BOUND('',#523,.F.);
#523 = EDGE_LOOP('',(#524));
#524 = ORIENTED_EDGE('',*,*,#525,.T.);
#525 = EDGE_CURVE('',#526,#526,#528,.T.);
#526 = VERTEX_POINT('',#527);
#527 = CARTESIAN_POINT('',(209.748,-141.8635,0.));
#528 = CIRCLE('',#529,0.6985);
#529 = AXIS2_PLACEMENT_3D('',#530,#531,#532);
#530 = CARTESIAN_POINT('',(209.748,-141.165,0.));
#531 = DIRECTION('',(-0.,0.,-1.));
#532 = DIRECTION('',(-0.,-1.,0.));
#533 = FACE_BOUND('',#534,.F.);
#534 = EDGE_LOOP('',(#535));
#535 = ORIENTED_EDGE('',*,*,#536,.T.);
#536 = EDGE_CURVE('',#537,#537,#539,.T.);
#537 = VERTEX_POINT('',#538);
#538 = CARTESIAN_POINT('',(222.498,-141.8635,0.));
#539 = CIRCLE('',#540,0.6985);
#540 = AXIS2_PLACEMENT_3D('',#541,#542,#543);
#541 = CARTESIAN_POINT('',(222.498,-141.165,0.));
#542 = DIRECTION('',(-0.,0.,-1.));
#543 = DIRECTION('',(-0.,-1.,0.));
#544 = FACE_BOUND('',#545,.F.);
#545 = EDGE_LOOP('',(#546));
#546 = ORIENTED_EDGE('',*,*,#547,.T.);
#547 = EDGE_CURVE('',#548,#548,#550,.T.);
#548 = VERTEX_POINT('',#549);
#549 = CARTESIAN_POINT('',(207.248,-139.1095,0.));
#550 = CIRCLE('',#551,0.4445);
#551 = AXIS2_PLACEMENT_3D('',#552,#553,#554);
#552 = CARTESIAN_POINT('',(207.248,-138.665,0.));
#553 = DIRECTION('',(-0.,0.,-1.));
#554 = DIRECTION('',(-0.,-1.,0.));
#555 = FACE_BOUND('',#556,.F.);
#556 = EDGE_LOOP('',(#557));
#557 = ORIENTED_EDGE('',*,*,#558,.T.);
#558 = EDGE_CURVE('',#559,#559,#561,.T.);
#559 = VERTEX_POINT('',#560);
#560 = CARTESIAN_POINT('',(207.248,-136.5695,0.));
#561 = CIRCLE('',#562,0.4445);
#562 = AXIS2_PLACEMENT_3D('',#563,#564,#565);
#563 = CARTESIAN_POINT('',(207.248,-136.125,0.));
#564 = DIRECTION('',(-0.,0.,-1.));
#565 = DIRECTION('',(-0.,-1.,0.));
#566 = FACE_BOUND('',#567,.F.);
#567 = EDGE_LOOP('',(#568));
#568 = ORIENTED_EDGE('',*,*,#569,.T.);
#569 = EDGE_CURVE('',#570,#570,#572,.T.);
#570 = VERTEX_POINT('',#571);
#571 = CARTESIAN_POINT('',(207.248,-134.0295,0.));
#572 = CIRCLE('',#573,0.4445);
#573 = AXIS2_PLACEMENT_3D('',#574,#575,#576);
#574 = CARTESIAN_POINT('',(207.248,-133.585,0.));
#575 = DIRECTION('',(-0.,0.,-1.));
#576 = DIRECTION('',(-0.,-1.,0.));
#577 = FACE_BOUND('',#578,.F.);
#578 = EDGE_LOOP('',(#579));
#579 = ORIENTED_EDGE('',*,*,#580,.T.);
#580 = EDGE_CURVE('',#581,#581,#583,.T.);
#581 = VERTEX_POINT('',#582);
#582 = CARTESIAN_POINT('',(209.748,-131.8635,0.));
#583 = CIRCLE('',#584,0.6985);
#584 = AXIS2_PLACEMENT_3D('',#585,#586,#587);
#585 = CARTESIAN_POINT('',(209.748,-131.165,0.));
#586 = DIRECTION('',(-0.,0.,-1.));
#587 = DIRECTION('',(-0.,-1.,0.));
#588 = FACE_BOUND('',#589,.F.);
#589 = EDGE_LOOP('',(#590));
#590 = ORIENTED_EDGE('',*,*,#591,.T.);
#591 = EDGE_CURVE('',#592,#592,#594,.T.);
#592 = VERTEX_POINT('',#593);
#593 = CARTESIAN_POINT('',(212.898,-130.615,0.));
#594 = CIRCLE('',#595,0.45);
#595 = AXIS2_PLACEMENT_3D('',#596,#597,#598);
#596 = CARTESIAN_POINT('',(212.898,-130.165,0.));
#597 = DIRECTION('',(-0.,0.,-1.));
#598 = DIRECTION('',(-6.315935428979E-14,-1.,0.));
#599 = FACE_BOUND('',#600,.F.);
#600 = EDGE_LOOP('',(#601));
#601 = ORIENTED_EDGE('',*,*,#602,.T.);
#602 = EDGE_CURVE('',#603,#603,#605,.T.);
#603 = VERTEX_POINT('',#604);
#604 = CARTESIAN_POINT('',(219.248,-130.615,0.));
#605 = CIRCLE('',#606,0.45);
#606 = AXIS2_PLACEMENT_3D('',#607,#608,#609);
#607 = CARTESIAN_POINT('',(219.248,-130.165,0.));
#608 = DIRECTION('',(-0.,0.,-1.));
#609 = DIRECTION('',(-0.,-1.,0.));
#610 = FACE_BOUND('',#611,.F.);
#611 = EDGE_LOOP('',(#612));
#612 = ORIENTED_EDGE('',*,*,#613,.T.);
#613 = EDGE_CURVE('',#614,#614,#616,.T.);
#614 = VERTEX_POINT('',#615);
#615 = CARTESIAN_POINT('',(222.498,-131.8635,0.));
#616 = CIRCLE('',#617,0.6985);
#617 = AXIS2_PLACEMENT_3D('',#618,#619,#620);
#618 = CARTESIAN_POINT('',(222.498,-131.165,0.));
#619 = DIRECTION('',(-0.,0.,-1.));
#620 = DIRECTION('',(-0.,-1.,0.));
#621 = FACE_BOUND('',#622,.F.);
#622 = EDGE_LOOP('',(#623));
#623 = ORIENTED_EDGE('',*,*,#624,.T.);
#624 = EDGE_CURVE('',#625,#625,#627,.T.);
#625 = VERTEX_POINT('',#626);
#626 = CARTESIAN_POINT('',(196.1175,-129.37,0.));
#627 = CIRCLE('',#628,1.6);
#628 = AXIS2_PLACEMENT_3D('',#629,#630,#631);
#629 = CARTESIAN_POINT('',(196.1175,-127.77,0.));
#630 = DIRECTION('',(-0.,0.,-1.));
#631 = DIRECTION('',(-0.,-1.,0.));
#632 = FACE_BOUND('',#633,.F.);
#633 = EDGE_LOOP('',(#634));
#634 = ORIENTED_EDGE('',*,*,#635,.T.);
#635 = EDGE_CURVE('',#636,#636,#638,.T.);
#636 = VERTEX_POINT('',#637);
#637 = CARTESIAN_POINT('',(212.898,-125.535,0.));
#638 = CIRCLE('',#639,0.45);
#639 = AXIS2_PLACEMENT_3D('',#640,#641,#642);
#640 = CARTESIAN_POINT('',(212.898,-125.085,0.));
#641 = DIRECTION('',(-0.,0.,-1.));
#642 = DIRECTION('',(-6.315935428979E-14,-1.,0.));
#643 = FACE_BOUND('',#644,.F.);
#644 = EDGE_LOOP('',(#645));
#645 = ORIENTED_EDGE('',*,*,#646,.T.);
#646 = EDGE_CURVE('',#647,#647,#649,.T.);
#647 = VERTEX_POINT('',#648);
#648 = CARTESIAN_POINT('',(219.248,-125.535,0.));
#649 = CIRCLE('',#650,0.45);
#650 = AXIS2_PLACEMENT_3D('',#651,#652,#653);
#651 = CARTESIAN_POINT('',(219.248,-125.085,0.));
#652 = DIRECTION('',(-0.,0.,-1.));
#653 = DIRECTION('',(-0.,-1.,0.));
#654 = FACE_BOUND('',#655,.F.);
#655 = EDGE_LOOP('',(#656));
#656 = ORIENTED_EDGE('',*,*,#657,.T.);
#657 = EDGE_CURVE('',#658,#658,#660,.T.);
#658 = VERTEX_POINT('',#659);
#659 = CARTESIAN_POINT('',(72.248,-108.1095,0.));
#660 = CIRCLE('',#661,0.4445);
#661 = AXIS2_PLACEMENT_3D('',#662,#663,#664);
#662 = CARTESIAN_POINT('',(72.248,-107.665,0.));
#663 = DIRECTION('',(-0.,0.,-1.));
#664 = DIRECTION('',(3.197042680585E-14,-1.,-0.));
#665 = FACE_BOUND('',#666,.F.);
#666 = EDGE_LOOP('',(#667));
#667 = ORIENTED_EDGE('',*,*,#668,.T.);
#668 = EDGE_CURVE('',#669,#669,#671,.T.);
#669 = VERTEX_POINT('',#670);
#670 = CARTESIAN_POINT('',(72.248,-105.5695,0.));
#671 = CIRCLE('',#672,0.4445);
#672 = AXIS2_PLACEMENT_3D('',#673,#674,#675);
#673 = CARTESIAN_POINT('',(72.248,-105.125,0.));
#674 = DIRECTION('',(-0.,0.,-1.));
#675 = DIRECTION('',(3.197042680585E-14,-1.,-0.));
#676 = FACE_BOUND('',#677,.F.);
#677 = EDGE_LOOP('',(#678));
#678 = ORIENTED_EDGE('',*,*,#679,.T.);
#679 = EDGE_CURVE('',#680,#680,#682,.T.);
#680 = VERTEX_POINT('',#681);
#681 = CARTESIAN_POINT('',(72.248,-103.0295,0.));
#682 = CIRCLE('',#683,0.4445);
#683 = AXIS2_PLACEMENT_3D('',#684,#685,#686);
#684 = CARTESIAN_POINT('',(72.248,-102.585,0.));
#685 = DIRECTION('',(-0.,0.,-1.));
#686 = DIRECTION('',(3.197042680585E-14,-1.,-0.));
#687 = FACE_BOUND('',#688,.F.);
#688 = EDGE_LOOP('',(#689));
#689 = ORIENTED_EDGE('',*,*,#690,.T.);
#690 = EDGE_CURVE('',#691,#691,#693,.T.);
#691 = VERTEX_POINT('',#692);
#692 = CARTESIAN_POINT('',(74.748,-100.8635,0.));
#693 = CIRCLE('',#694,0.6985);
#694 = AXIS2_PLACEMENT_3D('',#695,#696,#697);
#695 = CARTESIAN_POINT('',(74.748,-100.165,0.));
#696 = DIRECTION('',(-0.,0.,-1.));
#697 = DIRECTION('',(2.034481705827E-14,-1.,-0.));
#698 = FACE_BOUND('',#699,.F.);
#699 = EDGE_LOOP('',(#700));
#700 = ORIENTED_EDGE('',*,*,#701,.T.);
#701 = EDGE_CURVE('',#702,#702,#704,.T.);
#702 = VERTEX_POINT('',#703);
#703 = CARTESIAN_POINT('',(87.498,-100.8635,0.));
#704 = CIRCLE('',#705,0.6985);
#705 = AXIS2_PLACEMENT_3D('',#706,#707,#708);
#706 = CARTESIAN_POINT('',(87.498,-100.165,0.));
#707 = DIRECTION('',(-0.,0.,-1.));
#708 = DIRECTION('',(2.034481705827E-14,-1.,-0.));
#709 = FACE_BOUND('',#710,.F.);
#710 = EDGE_LOOP('',(#711));
#711 = ORIENTED_EDGE('',*,*,#712,.T.);
#712 = EDGE_CURVE('',#713,#713,#715,.T.);
#713 = VERTEX_POINT('',#714);
#714 = CARTESIAN_POINT('',(92.6175,-109.17,0.));
#715 = CIRCLE('',#716,0.5);
#716 = AXIS2_PLACEMENT_3D('',#717,#718,#719);
#717 = CARTESIAN_POINT('',(92.6175,-108.67,0.));
#718 = DIRECTION('',(-0.,0.,-1.));
#719 = DIRECTION('',(-0.,-1.,0.));
#720 = FACE_BOUND('',#721,.F.);
#721 = EDGE_LOOP('',(#722));
#722 = ORIENTED_EDGE('',*,*,#723,.T.);
#723 = EDGE_CURVE('',#724,#724,#726,.T.);
#724 = VERTEX_POINT('',#725);
#725 = CARTESIAN_POINT('',(92.6175,-106.63,0.));
#726 = CIRCLE('',#727,0.5);
#727 = AXIS2_PLACEMENT_3D('',#728,#729,#730);
#728 = CARTESIAN_POINT('',(92.6175,-106.13,0.));
#729 = DIRECTION('',(-0.,0.,-1.));
#730 = DIRECTION('',(-0.,-1.,0.));
#731 = FACE_BOUND('',#732,.F.);
#732 = EDGE_LOOP('',(#733));
#733 = ORIENTED_EDGE('',*,*,#734,.T.);
#734 = EDGE_CURVE('',#735,#735,#737,.T.);
#735 = VERTEX_POINT('',#736);
#736 = CARTESIAN_POINT('',(106.11,-109.47,0.));
#737 = CIRCLE('',#738,0.5);
#738 = AXIS2_PLACEMENT_3D('',#739,#740,#741);
#739 = CARTESIAN_POINT('',(106.11,-108.97,0.));
#740 = DIRECTION('',(-0.,0.,-1.));
#741 = DIRECTION('',(-0.,-1.,0.));
#742 = FACE_BOUND('',#743,.F.);
#743 = EDGE_LOOP('',(#744));
#744 = ORIENTED_EDGE('',*,*,#745,.T.);
#745 = EDGE_CURVE('',#746,#746,#748,.T.);
#746 = VERTEX_POINT('',#747);
#747 = CARTESIAN_POINT('',(106.11,-106.93,0.));
#748 = CIRCLE('',#749,0.5);
#749 = AXIS2_PLACEMENT_3D('',#750,#751,#752);
#750 = CARTESIAN_POINT('',(106.11,-106.43,0.));
#751 = DIRECTION('',(-0.,0.,-1.));
#752 = DIRECTION('',(-0.,-1.,0.));
#753 = FACE_BOUND('',#754,.F.);
#754 = EDGE_LOOP('',(#755));
#755 = ORIENTED_EDGE('',*,*,#756,.T.);
#756 = EDGE_CURVE('',#757,#757,#759,.T.);
#757 = VERTEX_POINT('',#758);
#758 = CARTESIAN_POINT('',(92.6175,-104.09,0.));
#759 = CIRCLE('',#760,0.5);
#760 = AXIS2_PLACEMENT_3D('',#761,#762,#763);
#761 = CARTESIAN_POINT('',(92.6175,-103.59,0.));
#762 = DIRECTION('',(-0.,0.,-1.));
#763 = DIRECTION('',(-0.,-1.,0.));
#764 = FACE_BOUND('',#765,.F.);
#765 = EDGE_LOOP('',(#766));
#766 = ORIENTED_EDGE('',*,*,#767,.T.);
#767 = EDGE_CURVE('',#768,#768,#770,.T.);
#768 = VERTEX_POINT('',#769);
#769 = CARTESIAN_POINT('',(92.6175,-101.55,0.));
#770 = CIRCLE('',#771,0.5);
#771 = AXIS2_PLACEMENT_3D('',#772,#773,#774);
#772 = CARTESIAN_POINT('',(92.6175,-101.05,0.));
#773 = DIRECTION('',(-0.,0.,-1.));
#774 = DIRECTION('',(-0.,-1.,0.));
#775 = FACE_BOUND('',#776,.F.);
#776 = EDGE_LOOP('',(#777));
#777 = ORIENTED_EDGE('',*,*,#778,.T.);
#778 = EDGE_CURVE('',#779,#779,#781,.T.);
#779 = VERTEX_POINT('',#780);
#780 = CARTESIAN_POINT('',(106.11,-104.39,0.));
#781 = CIRCLE('',#782,0.5);
#782 = AXIS2_PLACEMENT_3D('',#783,#784,#785);
#783 = CARTESIAN_POINT('',(106.11,-103.89,0.));
#784 = DIRECTION('',(-0.,0.,-1.));
#785 = DIRECTION('',(-0.,-1.,0.));
#786 = FACE_BOUND('',#787,.F.);
#787 = EDGE_LOOP('',(#788));
#788 = ORIENTED_EDGE('',*,*,#789,.T.);
#789 = EDGE_CURVE('',#790,#790,#792,.T.);
#790 = VERTEX_POINT('',#791);
#791 = CARTESIAN_POINT('',(106.11,-101.85,0.));
#792 = CIRCLE('',#793,0.5);
#793 = AXIS2_PLACEMENT_3D('',#794,#795,#796);
#794 = CARTESIAN_POINT('',(106.11,-101.35,0.));
#795 = DIRECTION('',(-0.,0.,-1.));
#796 = DIRECTION('',(-0.,-1.,0.));
#797 = FACE_BOUND('',#798,.F.);
#798 = EDGE_LOOP('',(#799));
#799 = ORIENTED_EDGE('',*,*,#800,.T.);
#800 = EDGE_CURVE('',#801,#801,#803,.T.);
#801 = VERTEX_POINT('',#802);
#802 = CARTESIAN_POINT('',(77.898,-99.615,0.));
#803 = CIRCLE('',#804,0.45);
#804 = AXIS2_PLACEMENT_3D('',#805,#806,#807);
#805 = CARTESIAN_POINT('',(77.898,-99.165,0.));
#806 = DIRECTION('',(-0.,0.,-1.));
#807 = DIRECTION('',(-0.,-1.,0.));
#808 = FACE_BOUND('',#809,.F.);
#809 = EDGE_LOOP('',(#810));
#810 = ORIENTED_EDGE('',*,*,#811,.T.);
#811 = EDGE_CURVE('',#812,#812,#814,.T.);
#812 = VERTEX_POINT('',#813);
#813 = CARTESIAN_POINT('',(84.248,-99.615,0.));
#814 = CIRCLE('',#815,0.45);
#815 = AXIS2_PLACEMENT_3D('',#816,#817,#818);
#816 = CARTESIAN_POINT('',(84.248,-99.165,0.));
#817 = DIRECTION('',(-0.,0.,-1.));
#818 = DIRECTION('',(3.157967714489E-14,-1.,-0.));
#819 = FACE_BOUND('',#820,.F.);
#820 = EDGE_LOOP('',(#821));
#821 = ORIENTED_EDGE('',*,*,#822,.T.);
#822 = EDGE_CURVE('',#823,#823,#825,.T.);
#823 = VERTEX_POINT('',#824);
#824 = CARTESIAN_POINT('',(77.898,-94.535,0.));
#825 = CIRCLE('',#826,0.45);
#826 = AXIS2_PLACEMENT_3D('',#827,#828,#829);
#827 = CARTESIAN_POINT('',(77.898,-94.085,0.));
#828 = DIRECTION('',(-0.,0.,-1.));
#829 = DIRECTION('',(-0.,-1.,0.));
#830 = FACE_BOUND('',#831,.F.);
#831 = EDGE_LOOP('',(#832));
#832 = ORIENTED_EDGE('',*,*,#833,.T.);
#833 = EDGE_CURVE('',#834,#834,#836,.T.);
#834 = VERTEX_POINT('',#835);
#835 = CARTESIAN_POINT('',(84.248,-94.535,0.));
#836 = CIRCLE('',#837,0.45);
#837 = AXIS2_PLACEMENT_3D('',#838,#839,#840);
#838 = CARTESIAN_POINT('',(84.248,-94.085,0.));
#839 = DIRECTION('',(-0.,0.,-1.));
#840 = DIRECTION('',(3.157967714489E-14,-1.,-0.));
#841 = FACE_BOUND('',#842,.F.);
#842 = EDGE_LOOP('',(#843));
#843 = ORIENTED_EDGE('',*,*,#844,.T.);
#844 = EDGE_CURVE('',#845,#845,#847,.T.);
#845 = VERTEX_POINT('',#846);
#846 = CARTESIAN_POINT('',(92.6175,-99.01,0.));
#847 = CIRCLE('',#848,0.5);
#848 = AXIS2_PLACEMENT_3D('',#849,#850,#851);
#849 = CARTESIAN_POINT('',(92.6175,-98.51,0.));
#850 = DIRECTION('',(-0.,0.,-1.));
#851 = DIRECTION('',(-0.,-1.,0.));
#852 = FACE_BOUND('',#853,.F.);
#853 = EDGE_LOOP('',(#854));
#854 = ORIENTED_EDGE('',*,*,#855,.T.);
#855 = EDGE_CURVE('',#856,#856,#858,.T.);
#856 = VERTEX_POINT('',#857);
#857 = CARTESIAN_POINT('',(92.6175,-96.47,0.));
#858 = CIRCLE('',#859,0.5);
#859 = AXIS2_PLACEMENT_3D('',#860,#861,#862);
#860 = CARTESIAN_POINT('',(92.6175,-95.97,0.));
#861 = DIRECTION('',(-0.,0.,-1.));
#862 = DIRECTION('',(-0.,-1.,0.));
#863 = FACE_BOUND('',#864,.F.);
#864 = EDGE_LOOP('',(#865));
#865 = ORIENTED_EDGE('',*,*,#866,.T.);
#866 = EDGE_CURVE('',#867,#867,#869,.T.);
#867 = VERTEX_POINT('',#868);
#868 = CARTESIAN_POINT('',(106.11,-99.31,0.));
#869 = CIRCLE('',#870,0.5);
#870 = AXIS2_PLACEMENT_3D('',#871,#872,#873);
#871 = CARTESIAN_POINT('',(106.11,-98.81,0.));
#872 = DIRECTION('',(-0.,0.,-1.));
#873 = DIRECTION('',(-0.,-1.,0.));
#874 = FACE_BOUND('',#875,.F.);
#875 = EDGE_LOOP('',(#876));
#876 = ORIENTED_EDGE('',*,*,#877,.T.);
#877 = EDGE_CURVE('',#878,#878,#880,.T.);
#878 = VERTEX_POINT('',#879);
#879 = CARTESIAN_POINT('',(106.11,-96.77,0.));
#880 = CIRCLE('',#881,0.5);
#881 = AXIS2_PLACEMENT_3D('',#882,#883,#884);
#882 = CARTESIAN_POINT('',(106.11,-96.27,0.));
#883 = DIRECTION('',(-0.,0.,-1.));
#884 = DIRECTION('',(-0.,-1.,0.));
#885 = FACE_BOUND('',#886,.F.);
#886 = EDGE_LOOP('',(#887));
#887 = ORIENTED_EDGE('',*,*,#888,.T.);
#888 = EDGE_CURVE('',#889,#889,#891,.T.);
#889 = VERTEX_POINT('',#890);
#890 = CARTESIAN_POINT('',(92.6175,-93.93,0.));
#891 = CIRCLE('',#892,0.5);
#892 = AXIS2_PLACEMENT_3D('',#893,#894,#895);
#893 = CARTESIAN_POINT('',(92.6175,-93.43,0.));
#894 = DIRECTION('',(-0.,0.,-1.));
#895 = DIRECTION('',(-0.,-1.,0.));
#896 = FACE_BOUND('',#897,.F.);
#897 = EDGE_LOOP('',(#898));
#898 = ORIENTED_EDGE('',*,*,#899,.T.);
#899 = EDGE_CURVE('',#900,#900,#902,.T.);
#900 = VERTEX_POINT('',#901);
#901 = CARTESIAN_POINT('',(92.6175,-91.39,0.));
#902 = CIRCLE('',#903,0.5);
#903 = AXIS2_PLACEMENT_3D('',#904,#905,#906);
#904 = CARTESIAN_POINT('',(92.6175,-90.89,0.));
#905 = DIRECTION('',(-0.,0.,-1.));
#906 = DIRECTION('',(-0.,-1.,0.));
#907 = FACE_BOUND('',#908,.F.);
#908 = EDGE_LOOP('',(#909));
#909 = ORIENTED_EDGE('',*,*,#910,.T.);
#910 = EDGE_CURVE('',#911,#911,#913,.T.);
#911 = VERTEX_POINT('',#912);
#912 = CARTESIAN_POINT('',(106.11,-94.23,0.));
#913 = CIRCLE('',#914,0.5);
#914 = AXIS2_PLACEMENT_3D('',#915,#916,#917);
#915 = CARTESIAN_POINT('',(106.11,-93.73,0.));
#916 = DIRECTION('',(-0.,0.,-1.));
#917 = DIRECTION('',(-0.,-1.,0.));
#918 = FACE_BOUND('',#919,.F.);
#919 = EDGE_LOOP('',(#920));
#920 = ORIENTED_EDGE('',*,*,#921,.T.);
#921 = EDGE_CURVE('',#922,#922,#924,.T.);
#922 = VERTEX_POINT('',#923);
#923 = CARTESIAN_POINT('',(106.11,-91.69,0.));
#924 = CIRCLE('',#925,0.5);
#925 = AXIS2_PLACEMENT_3D('',#926,#927,#928);
#926 = CARTESIAN_POINT('',(106.11,-91.19,0.));
#927 = DIRECTION('',(-0.,0.,-1.));
#928 = DIRECTION('',(-0.,-1.,0.));
#929 = FACE_BOUND('',#930,.F.);
#930 = EDGE_LOOP('',(#931));
#931 = ORIENTED_EDGE('',*,*,#932,.T.);
#932 = EDGE_CURVE('',#933,#933,#935,.T.);
#933 = VERTEX_POINT('',#934);
#934 = CARTESIAN_POINT('',(123.89,-109.47,0.));
#935 = CIRCLE('',#936,0.5);
#936 = AXIS2_PLACEMENT_3D('',#937,#938,#939);
#937 = CARTESIAN_POINT('',(123.89,-108.97,0.));
#938 = DIRECTION('',(-0.,0.,-1.));
#939 = DIRECTION('',(-0.,-1.,0.));
#940 = FACE_BOUND('',#941,.F.);
#941 = EDGE_LOOP('',(#942));
#942 = ORIENTED_EDGE('',*,*,#943,.T.);
#943 = EDGE_CURVE('',#944,#944,#946,.T.);
#944 = VERTEX_POINT('',#945);
#945 = CARTESIAN_POINT('',(123.89,-106.93,0.));
#946 = CIRCLE('',#947,0.5);
#947 = AXIS2_PLACEMENT_3D('',#948,#949,#950);
#948 = CARTESIAN_POINT('',(123.89,-106.43,0.));
#949 = DIRECTION('',(-0.,0.,-1.));
#950 = DIRECTION('',(-0.,-1.,0.));
#951 = FACE_BOUND('',#952,.F.);
#952 = EDGE_LOOP('',(#953));
#953 = ORIENTED_EDGE('',*,*,#954,.T.);
#954 = EDGE_CURVE('',#955,#955,#957,.T.);
#955 = VERTEX_POINT('',#956);
#956 = CARTESIAN_POINT('',(123.89,-104.39,0.));
#957 = CIRCLE('',#958,0.5);
#958 = AXIS2_PLACEMENT_3D('',#959,#960,#961);
#959 = CARTESIAN_POINT('',(123.89,-103.89,0.));
#960 = DIRECTION('',(-0.,0.,-1.));
#961 = DIRECTION('',(-0.,-1.,0.));
#962 = FACE_BOUND('',#963,.F.);
#963 = EDGE_LOOP('',(#964));
#964 = ORIENTED_EDGE('',*,*,#965,.T.);
#965 = EDGE_CURVE('',#966,#966,#968,.T.);
#966 = VERTEX_POINT('',#967);
#967 = CARTESIAN_POINT('',(123.89,-101.85,0.));
#968 = CIRCLE('',#969,0.5);
#969 = AXIS2_PLACEMENT_3D('',#970,#971,#972);
#970 = CARTESIAN_POINT('',(123.89,-101.35,0.));
#971 = DIRECTION('',(-0.,0.,-1.));
#972 = DIRECTION('',(-0.,-1.,0.));
#973 = FACE_BOUND('',#974,.F.);
#974 = EDGE_LOOP('',(#975));
#975 = ORIENTED_EDGE('',*,*,#976,.T.);
#976 = EDGE_CURVE('',#977,#977,#979,.T.);
#977 = VERTEX_POINT('',#978);
#978 = CARTESIAN_POINT('',(141.,-104.074993,0.));
#979 = CIRCLE('',#980,0.424993);
#980 = AXIS2_PLACEMENT_3D('',#981,#982,#983);
#981 = CARTESIAN_POINT('',(141.,-103.65,0.));
#982 = DIRECTION('',(-0.,0.,-1.));
#983 = DIRECTION('',(-0.,-1.,0.));
#984 = FACE_BOUND('',#985,.F.);
#985 = EDGE_LOOP('',(#986));
#986 = ORIENTED_EDGE('',*,*,#987,.T.);
#987 = EDGE_CURVE('',#988,#988,#990,.T.);
#988 = VERTEX_POINT('',#989);
#989 = CARTESIAN_POINT('',(143.,-104.074993,0.));
#990 = CIRCLE('',#991,0.424993);
#991 = AXIS2_PLACEMENT_3D('',#992,#993,#994);
#992 = CARTESIAN_POINT('',(143.,-103.65,0.));
#993 = DIRECTION('',(-0.,0.,-1.));
#994 = DIRECTION('',(-0.,-1.,0.));
#995 = FACE_BOUND('',#996,.F.);
#996 = EDGE_LOOP('',(#997));
#997 = ORIENTED_EDGE('',*,*,#998,.T.);
#998 = EDGE_CURVE('',#999,#999,#1001,.T.);
#999 = VERTEX_POINT('',#1000);
#1000 = CARTESIAN_POINT('',(123.89,-99.31,0.));
#1001 = CIRCLE('',#1002,0.5);
#1002 = AXIS2_PLACEMENT_3D('',#1003,#1004,#1005);
#1003 = CARTESIAN_POINT('',(123.89,-98.81,0.));
#1004 = DIRECTION('',(-0.,0.,-1.));
#1005 = DIRECTION('',(-0.,-1.,0.));
#1006 = FACE_BOUND('',#1007,.F.);
#1007 = EDGE_LOOP('',(#1008));
#1008 = ORIENTED_EDGE('',*,*,#1009,.T.);
#1009 = EDGE_CURVE('',#1010,#1010,#1012,.T.);
#1010 = VERTEX_POINT('',#1011);
#1011 = CARTESIAN_POINT('',(123.89,-96.77,0.));
#1012 = CIRCLE('',#1013,0.5);
#1013 = AXIS2_PLACEMENT_3D('',#1014,#1015,#1016);
#1014 = CARTESIAN_POINT('',(123.89,-96.27,0.));
#1015 = DIRECTION('',(-0.,0.,-1.));
#1016 = DIRECTION('',(-0.,-1.,0.));
#1017 = FACE_BOUND('',#1018,.F.);
#1018 = EDGE_LOOP('',(#1019));
#1019 = ORIENTED_EDGE('',*,*,#1020,.T.);
#1020 = EDGE_CURVE('',#1021,#1021,#1023,.T.);
#1021 = VERTEX_POINT('',#1022);
#1022 = CARTESIAN_POINT('',(123.89,-94.23,0.));
#1023 = CIRCLE('',#1024,0.5);
#1024 = AXIS2_PLACEMENT_3D('',#1025,#1026,#1027);
#1025 = CARTESIAN_POINT('',(123.89,-93.73,0.));
#1026 = DIRECTION('',(-0.,0.,-1.));
#1027 = DIRECTION('',(-0.,-1.,0.));
#1028 = FACE_BOUND('',#1029,.F.);
#1029 = EDGE_LOOP('',(#1030));
#1030 = ORIENTED_EDGE('',*,*,#1031,.T.);
#1031 = EDGE_CURVE('',#1032,#1032,#1034,.T.);
#1032 = VERTEX_POINT('',#1033);
#1033 = CARTESIAN_POINT('',(123.89,-91.69,0.));
#1034 = CIRCLE('',#1035,0.5);
#1035 = AXIS2_PLACEMENT_3D('',#1036,#1037,#1038);
#1036 = CARTESIAN_POINT('',(123.89,-91.19,0.));
#1037 = DIRECTION('',(-0.,0.,-1.));
#1038 = DIRECTION('',(-0.,-1.,0.));
#1039 = FACE_BOUND('',#1040,.F.);
#1040 = EDGE_LOOP('',(#1041));
#1041 = ORIENTED_EDGE('',*,*,#1042,.T.);
#1042 = EDGE_CURVE('',#1043,#1043,#1045,.T.);
#1043 = VERTEX_POINT('',#1044);
#1044 = CARTESIAN_POINT('',(92.6175,-88.85,0.));
#1045 = CIRCLE('',#1046,0.5);
#1046 = AXIS2_PLACEMENT_3D('',#1047,#1048,#1049);
#1047 = CARTESIAN_POINT('',(92.6175,-88.35,0.));
#1048 = DIRECTION('',(-0.,0.,-1.));
#1049 = DIRECTION('',(-0.,-1.,0.));
#1050 = FACE_BOUND('',#1051,.F.);
#1051 = EDGE_LOOP('',(#1052));
#1052 = ORIENTED_EDGE('',*,*,#1053,.T.);
#1053 = EDGE_CURVE('',#1054,#1054,#1056,.T.);
#1054 = VERTEX_POINT('',#1055);
#1055 = CARTESIAN_POINT('',(92.6175,-86.31,0.));
#1056 = CIRCLE('',#1057,0.5);
#1057 = AXIS2_PLACEMENT_3D('',#1058,#1059,#1060);
#1058 = CARTESIAN_POINT('',(92.6175,-85.81,0.));
#1059 = DIRECTION('',(-0.,0.,-1.));
#1060 = DIRECTION('',(-0.,-1.,0.));
#1061 = FACE_BOUND('',#1062,.F.);
#1062 = EDGE_LOOP('',(#1063));
#1063 = ORIENTED_EDGE('',*,*,#1064,.T.);
#1064 = EDGE_CURVE('',#1065,#1065,#1067,.T.);
#1065 = VERTEX_POINT('',#1066);
#1066 = CARTESIAN_POINT('',(106.11,-89.15,0.));
#1067 = CIRCLE('',#1068,0.5);
#1068 = AXIS2_PLACEMENT_3D('',#1069,#1070,#1071);
#1069 = CARTESIAN_POINT('',(106.11,-88.65,0.));
#1070 = DIRECTION('',(-0.,0.,-1.));
#1071 = DIRECTION('',(-0.,-1.,0.));
#1072 = FACE_BOUND('',#1073,.F.);
#1073 = EDGE_LOOP('',(#1074));
#1074 = ORIENTED_EDGE('',*,*,#1075,.T.);
#1075 = EDGE_CURVE('',#1076,#1076,#1078,.T.);
#1076 = VERTEX_POINT('',#1077);
#1077 = CARTESIAN_POINT('',(106.11,-86.61,0.));
#1078 = CIRCLE('',#1079,0.5);
#1079 = AXIS2_PLACEMENT_3D('',#1080,#1081,#1082);
#1080 = CARTESIAN_POINT('',(106.11,-86.11,0.));
#1081 = DIRECTION('',(-0.,0.,-1.));
#1082 = DIRECTION('',(-0.,-1.,0.));
#1083 = FACE_BOUND('',#1084,.F.);
#1084 = EDGE_LOOP('',(#1085));
#1085 = ORIENTED_EDGE('',*,*,#1086,.T.);
#1086 = EDGE_CURVE('',#1087,#1087,#1089,.T.);
#1087 = VERTEX_POINT('',#1088);
#1088 = CARTESIAN_POINT('',(92.6175,-83.77,0.));
#1089 = CIRCLE('',#1090,0.5);
#1090 = AXIS2_PLACEMENT_3D('',#1091,#1092,#1093);
#1091 = CARTESIAN_POINT('',(92.6175,-83.27,0.));
#1092 = DIRECTION('',(-0.,0.,-1.));
#1093 = DIRECTION('',(-0.,-1.,0.));
#1094 = FACE_BOUND('',#1095,.F.);
#1095 = EDGE_LOOP('',(#1096));
#1096 = ORIENTED_EDGE('',*,*,#1097,.T.);
#1097 = EDGE_CURVE('',#1098,#1098,#1100,.T.);
#1098 = VERTEX_POINT('',#1099);
#1099 = CARTESIAN_POINT('',(106.11,-84.07,0.));
#1100 = CIRCLE('',#1101,0.5);
#1101 = AXIS2_PLACEMENT_3D('',#1102,#1103,#1104);
#1102 = CARTESIAN_POINT('',(106.11,-83.57,0.));
#1103 = DIRECTION('',(-0.,0.,-1.));
#1104 = DIRECTION('',(-0.,-1.,0.));
#1105 = FACE_BOUND('',#1106,.F.);
#1106 = EDGE_LOOP('',(#1107));
#1107 = ORIENTED_EDGE('',*,*,#1108,.T.);
#1108 = EDGE_CURVE('',#1109,#1109,#1111,.T.);
#1109 = VERTEX_POINT('',#1110);
#1110 = CARTESIAN_POINT('',(106.11,-81.53,0.));
#1111 = CIRCLE('',#1112,0.5);
#1112 = AXIS2_PLACEMENT_3D('',#1113,#1114,#1115);
#1113 = CARTESIAN_POINT('',(106.11,-81.03,0.));
#1114 = DIRECTION('',(-0.,0.,-1.));
#1115 = DIRECTION('',(-0.,-1.,0.));
#1116 = FACE_BOUND('',#1117,.F.);
#1117 = EDGE_LOOP('',(#1118));
#1118 = ORIENTED_EDGE('',*,*,#1119,.T.);
#1119 = EDGE_CURVE('',#1120,#1120,#1122,.T.);
#1120 = VERTEX_POINT('',#1121);
#1121 = CARTESIAN_POINT('',(80.,-79.499999,0.));
#1122 = CIRCLE('',#1123,0.25);
#1123 = AXIS2_PLACEMENT_3D('',#1124,#1125,#1126);
#1124 = CARTESIAN_POINT('',(80.,-79.249999,0.));
#1125 = DIRECTION('',(-0.,0.,-1.));
#1126 = DIRECTION('',(-0.,-1.,0.));
#1127 = FACE_BOUND('',#1128,.F.);
#1128 = EDGE_LOOP('',(#1129));
#1129 = ORIENTED_EDGE('',*,*,#1130,.T.);
#1130 = EDGE_CURVE('',#1131,#1131,#1133,.T.);
#1131 = VERTEX_POINT('',#1132);
#1132 = CARTESIAN_POINT('',(80.,-78.25,0.));
#1133 = CIRCLE('',#1134,0.25);
#1134 = AXIS2_PLACEMENT_3D('',#1135,#1136,#1137);
#1135 = CARTESIAN_POINT('',(80.,-78.,0.));
#1136 = DIRECTION('',(-0.,0.,-1.));
#1137 = DIRECTION('',(-0.,-1.,0.));
#1138 = FACE_BOUND('',#1139,.F.);
#1139 = EDGE_LOOP('',(#1140));
#1140 = ORIENTED_EDGE('',*,*,#1141,.T.);
#1141 = EDGE_CURVE('',#1142,#1142,#1144,.T.);
#1142 = VERTEX_POINT('',#1143);
#1143 = CARTESIAN_POINT('',(106.11,-78.99,0.));
#1144 = CIRCLE('',#1145,0.5);
#1145 = AXIS2_PLACEMENT_3D('',#1146,#1147,#1148);
#1146 = CARTESIAN_POINT('',(106.11,-78.49,0.));
#1147 = DIRECTION('',(-0.,0.,-1.));
#1148 = DIRECTION('',(-0.,-1.,0.));
#1149 = FACE_BOUND('',#1150,.F.);
#1150 = EDGE_LOOP('',(#1151));
#1151 = ORIENTED_EDGE('',*,*,#1152,.T.);
#1152 = EDGE_CURVE('',#1153,#1153,#1155,.T.);
#1153 = VERTEX_POINT('',#1154);
#1154 = CARTESIAN_POINT('',(106.11,-76.45,0.));
#1155 = CIRCLE('',#1156,0.5);
#1156 = AXIS2_PLACEMENT_3D('',#1157,#1158,#1159);
#1157 = CARTESIAN_POINT('',(106.11,-75.95,0.));
#1158 = DIRECTION('',(-0.,0.,-1.));
#1159 = DIRECTION('',(-0.,-1.,0.));
#1160 = FACE_BOUND('',#1161,.F.);
#1161 = EDGE_LOOP('',(#1162));
#1162 = ORIENTED_EDGE('',*,*,#1163,.T.);
#1163 = EDGE_CURVE('',#1164,#1164,#1166,.T.);
#1164 = VERTEX_POINT('',#1165);
#1165 = CARTESIAN_POINT('',(94.1175,-73.67,0.));
#1166 = CIRCLE('',#1167,1.6);
#1167 = AXIS2_PLACEMENT_3D('',#1168,#1169,#1170);
#1168 = CARTESIAN_POINT('',(94.1175,-72.07,0.));
#1169 = DIRECTION('',(-0.,0.,-1.));
#1170 = DIRECTION('',(-0.,-1.,0.));
#1171 = FACE_BOUND('',#1172,.F.);
#1172 = EDGE_LOOP('',(#1173));
#1173 = ORIENTED_EDGE('',*,*,#1174,.T.);
#1174 = EDGE_CURVE('',#1175,#1175,#1177,.T.);
#1175 = VERTEX_POINT('',#1176);
#1176 = CARTESIAN_POINT('',(106.11,-73.91,0.));
#1177 = CIRCLE('',#1178,0.5);
#1178 = AXIS2_PLACEMENT_3D('',#1179,#1180,#1181);
#1179 = CARTESIAN_POINT('',(106.11,-73.41,0.));
#1180 = DIRECTION('',(-0.,0.,-1.));
#1181 = DIRECTION('',(-0.,-1.,0.));
#1182 = FACE_BOUND('',#1183,.F.);
#1183 = EDGE_LOOP('',(#1184));
#1184 = ORIENTED_EDGE('',*,*,#1185,.T.);
#1185 = EDGE_CURVE('',#1186,#1186,#1188,.T.);
#1186 = VERTEX_POINT('',#1187);
#1187 = CARTESIAN_POINT('',(106.11,-71.37,0.));
#1188 = CIRCLE('',#1189,0.5);
#1189 = AXIS2_PLACEMENT_3D('',#1190,#1191,#1192);
#1190 = CARTESIAN_POINT('',(106.11,-70.87,0.));
#1191 = DIRECTION('',(-0.,0.,-1.));
#1192 = DIRECTION('',(-0.,-1.,0.));
#1193 = FACE_BOUND('',#1194,.F.);
#1194 = EDGE_LOOP('',(#1195));
#1195 = ORIENTED_EDGE('',*,*,#1196,.T.);
#1196 = EDGE_CURVE('',#1197,#1197,#1199,.T.);
#1197 = VERTEX_POINT('',#1198);
#1198 = CARTESIAN_POINT('',(123.89,-89.15,0.));
#1199 = CIRCLE('',#1200,0.5);
#1200 = AXIS2_PLACEMENT_3D('',#1201,#1202,#1203);
#1201 = CARTESIAN_POINT('',(123.89,-88.65,0.));
#1202 = DIRECTION('',(-0.,0.,-1.));
#1203 = DIRECTION('',(-0.,-1.,0.));
#1204 = FACE_BOUND('',#1205,.F.);
#1205 = EDGE_LOOP('',(#1206));
#1206 = ORIENTED_EDGE('',*,*,#1207,.T.);
#1207 = EDGE_CURVE('',#1208,#1208,#1210,.T.);
#1208 = VERTEX_POINT('',#1209);
#1209 = CARTESIAN_POINT('',(123.89,-86.61,0.));
#1210 = CIRCLE('',#1211,0.5);
#1211 = AXIS2_PLACEMENT_3D('',#1212,#1213,#1214);
#1212 = CARTESIAN_POINT('',(123.89,-86.11,0.));
#1213 = DIRECTION('',(-0.,0.,-1.));
#1214 = DIRECTION('',(-0.,-1.,0.));
#1215 = FACE_BOUND('',#1216,.F.);
#1216 = EDGE_LOOP('',(#1217));
#1217 = ORIENTED_EDGE('',*,*,#1218,.T.);
#1218 = EDGE_CURVE('',#1219,#1219,#1221,.T.);
#1219 = VERTEX_POINT('',#1220);
#1220 = CARTESIAN_POINT('',(123.89,-84.07,0.));
#1221 = CIRCLE('',#1222,0.5);
#1222 = AXIS2_PLACEMENT_3D('',#1223,#1224,#1225);
#1223 = CARTESIAN_POINT('',(123.89,-83.57,0.));
#1224 = DIRECTION('',(-0.,0.,-1.));
#1225 = DIRECTION('',(-0.,-1.,0.));
#1226 = FACE_BOUND('',#1227,.F.);
#1227 = EDGE_LOOP('',(#1228));
#1228 = ORIENTED_EDGE('',*,*,#1229,.T.);
#1229 = EDGE_CURVE('',#1230,#1230,#1232,.T.);
#1230 = VERTEX_POINT('',#1231);
#1231 = CARTESIAN_POINT('',(123.89,-81.53,0.));
#1232 = CIRCLE('',#1233,0.5);
#1233 = AXIS2_PLACEMENT_3D('',#1234,#1235,#1236);
#1234 = CARTESIAN_POINT('',(123.89,-81.03,0.));
#1235 = DIRECTION('',(-0.,0.,-1.));
#1236 = DIRECTION('',(-0.,-1.,0.));
#1237 = FACE_BOUND('',#1238,.F.);
#1238 = EDGE_LOOP('',(#1239));
#1239 = ORIENTED_EDGE('',*,*,#1240,.T.);
#1240 = EDGE_CURVE('',#1241,#1241,#1243,.T.);
#1241 = VERTEX_POINT('',#1242);
#1242 = CARTESIAN_POINT('',(123.89,-78.99,0.));
#1243 = CIRCLE('',#1244,0.5);
#1244 = AXIS2_PLACEMENT_3D('',#1245,#1246,#1247);
#1245 = CARTESIAN_POINT('',(123.89,-78.49,0.));
#1246 = DIRECTION('',(-0.,0.,-1.));
#1247 = DIRECTION('',(-0.,-1.,0.));
#1248 = FACE_BOUND('',#1249,.F.);
#1249 = EDGE_LOOP('',(#1250));
#1250 = ORIENTED_EDGE('',*,*,#1251,.T.);
#1251 = EDGE_CURVE('',#1252,#1252,#1254,.T.);
#1252 = VERTEX_POINT('',#1253);
#1253 = CARTESIAN_POINT('',(123.89,-76.45,0.));
#1254 = CIRCLE('',#1255,0.5);
#1255 = AXIS2_PLACEMENT_3D('',#1256,#1257,#1258);
#1256 = CARTESIAN_POINT('',(123.89,-75.95,0.));
#1257 = DIRECTION('',(-0.,0.,-1.));
#1258 = DIRECTION('',(-0.,-1.,0.));
#1259 = FACE_BOUND('',#1260,.F.);
#1260 = EDGE_LOOP('',(#1261));
#1261 = ORIENTED_EDGE('',*,*,#1262,.T.);
#1262 = EDGE_CURVE('',#1263,#1263,#1265,.T.);
#1263 = VERTEX_POINT('',#1264);
#1264 = CARTESIAN_POINT('',(112.575,-74.955,0.));
#1265 = CIRCLE('',#1266,0.925);
#1266 = AXIS2_PLACEMENT_3D('',#1267,#1268,#1269);
#1267 = CARTESIAN_POINT('',(112.575,-74.03,0.));
#1268 = DIRECTION('',(-0.,0.,-1.));
#1269 = DIRECTION('',(-0.,-1.,0.));
#1270 = FACE_BOUND('',#1271,.F.);
#1271 = EDGE_LOOP('',(#1272));
#1272 = ORIENTED_EDGE('',*,*,#1273,.T.);
#1273 = EDGE_CURVE('',#1274,#1274,#1276,.T.);
#1274 = VERTEX_POINT('',#1275);
#1275 = CARTESIAN_POINT('',(117.425,-74.955,0.));
#1276 = CIRCLE('',#1277,0.925);
#1277 = AXIS2_PLACEMENT_3D('',#1278,#1279,#1280);
#1278 = CARTESIAN_POINT('',(117.425,-74.03,0.));
#1279 = DIRECTION('',(-0.,0.,-1.));
#1280 = DIRECTION('',(-0.,-1.,0.));
#1281 = FACE_BOUND('',#1282,.F.);
#1282 = EDGE_LOOP('',(#1283));
#1283 = ORIENTED_EDGE('',*,*,#1284,.T.);
#1284 = EDGE_CURVE('',#1285,#1285,#1287,.T.);
#1285 = VERTEX_POINT('',#1286);
#1286 = CARTESIAN_POINT('',(112.275,-72.1,0.));
#1287 = CIRCLE('',#1288,1.1);
#1288 = AXIS2_PLACEMENT_3D('',#1289,#1290,#1291);
#1289 = CARTESIAN_POINT('',(112.275,-71.,0.));
#1290 = DIRECTION('',(-0.,0.,-1.));
#1291 = DIRECTION('',(-0.,-1.,0.));
#1292 = FACE_BOUND('',#1293,.F.);
#1293 = EDGE_LOOP('',(#1294));
#1294 = ORIENTED_EDGE('',*,*,#1295,.T.);
#1295 = EDGE_CURVE('',#1296,#1296,#1298,.T.);
#1296 = VERTEX_POINT('',#1297);
#1297 = CARTESIAN_POINT('',(117.725,-72.1,0.));
#1298 = CIRCLE('',#1299,1.1);
#1299 = AXIS2_PLACEMENT_3D('',#1300,#1301,#1302);
#1300 = CARTESIAN_POINT('',(117.725,-71.,0.));
#1301 = DIRECTION('',(-0.,0.,-1.));
#1302 = DIRECTION('',(-0.,-1.,0.));
#1303 = FACE_BOUND('',#1304,.F.);
#1304 = EDGE_LOOP('',(#1305));
#1305 = ORIENTED_EDGE('',*,*,#1306,.T.);
#1306 = EDGE_CURVE('',#1307,#1307,#1309,.T.);
#1307 = VERTEX_POINT('',#1308);
#1308 = CARTESIAN_POINT('',(123.89,-73.91,0.));
#1309 = CIRCLE('',#1310,0.5);
#1310 = AXIS2_PLACEMENT_3D('',#1311,#1312,#1313);
#1311 = CARTESIAN_POINT('',(123.89,-73.41,0.));
#1312 = DIRECTION('',(-0.,0.,-1.));
#1313 = DIRECTION('',(-0.,-1.,0.));
#1314 = FACE_BOUND('',#1315,.F.);
#1315 = EDGE_LOOP('',(#1316));
#1316 = ORIENTED_EDGE('',*,*,#1317,.T.);
#1317 = EDGE_CURVE('',#1318,#1318,#1320,.T.);
#1318 = VERTEX_POINT('',#1319);
#1319 = CARTESIAN_POINT('',(123.89,-71.37,0.));
#1320 = CIRCLE('',#1321,0.5);
#1321 = AXIS2_PLACEMENT_3D('',#1322,#1323,#1324);
#1322 = CARTESIAN_POINT('',(123.89,-70.87,0.));
#1323 = DIRECTION('',(-0.,0.,-1.));
#1324 = DIRECTION('',(-0.,-1.,0.));
#1325 = FACE_BOUND('',#1326,.F.);
#1326 = EDGE_LOOP('',(#1327));
#1327 = ORIENTED_EDGE('',*,*,#1328,.T.);
#1328 = EDGE_CURVE('',#1329,#1329,#1331,.T.);
#1329 = VERTEX_POINT('',#1330);
#1330 = CARTESIAN_POINT('',(196.8675,-105.02,0.));
#1331 = CIRCLE('',#1332,0.5);
#1332 = AXIS2_PLACEMENT_3D('',#1333,#1334,#1335);
#1333 = CARTESIAN_POINT('',(196.8675,-104.52,0.));
#1334 = DIRECTION('',(-0.,0.,-1.));
#1335 = DIRECTION('',(-0.,-1.,0.));
#1336 = FACE_BOUND('',#1337,.F.);
#1337 = EDGE_LOOP('',(#1338));
#1338 = ORIENTED_EDGE('',*,*,#1339,.T.);
#1339 = EDGE_CURVE('',#1340,#1340,#1342,.T.);
#1340 = VERTEX_POINT('',#1341);
#1341 = CARTESIAN_POINT('',(196.8675,-102.48,0.));
#1342 = CIRCLE('',#1343,0.5);
#1343 = AXIS2_PLACEMENT_3D('',#1344,#1345,#1346);
#1344 = CARTESIAN_POINT('',(196.8675,-101.98,0.));
#1345 = DIRECTION('',(-0.,0.,-1.));
#1346 = DIRECTION('',(-0.,-1.,0.));
#1347 = FACE_BOUND('',#1348,.F.);
#1348 = EDGE_LOOP('',(#1349));
#1349 = ORIENTED_EDGE('',*,*,#1350,.T.);
#1350 = EDGE_CURVE('',#1351,#1351,#1353,.T.);
#1351 = VERTEX_POINT('',#1352);
#1352 = CARTESIAN_POINT('',(196.867501,-99.94,0.));
#1353 = CIRCLE('',#1354,0.5);
#1354 = AXIS2_PLACEMENT_3D('',#1355,#1356,#1357);
#1355 = CARTESIAN_POINT('',(196.867501,-99.44,0.));
#1356 = DIRECTION('',(-0.,0.,-1.));
#1357 = DIRECTION('',(-0.,-1.,0.));
#1358 = FACE_BOUND('',#1359,.F.);
#1359 = EDGE_LOOP('',(#1360));
#1360 = ORIENTED_EDGE('',*,*,#1361,.T.);
#1361 = EDGE_CURVE('',#1362,#1362,#1364,.T.);
#1362 = VERTEX_POINT('',#1363);
#1363 = CARTESIAN_POINT('',(196.8675,-97.4,0.));
#1364 = CIRCLE('',#1365,0.5);
#1365 = AXIS2_PLACEMENT_3D('',#1366,#1367,#1368);
#1366 = CARTESIAN_POINT('',(196.8675,-96.9,0.));
#1367 = DIRECTION('',(-0.,0.,-1.));
#1368 = DIRECTION('',(-0.,-1.,0.));
#1369 = FACE_BOUND('',#1370,.F.);
#1370 = EDGE_LOOP('',(#1371));
#1371 = ORIENTED_EDGE('',*,*,#1372,.T.);
#1372 = EDGE_CURVE('',#1373,#1373,#1375,.T.);
#1373 = VERTEX_POINT('',#1374);
#1374 = CARTESIAN_POINT('',(196.1175,-73.57,0.));
#1375 = CIRCLE('',#1376,1.6);
#1376 = AXIS2_PLACEMENT_3D('',#1377,#1378,#1379);
#1377 = CARTESIAN_POINT('',(196.1175,-71.97,0.));
#1378 = DIRECTION('',(-0.,0.,-1.));
#1379 = DIRECTION('',(-0.,-1.,0.));
#1380 = FACE_BOUND('',#1381,.F.);
#1381 = EDGE_LOOP('',(#1382));
#1382 = ORIENTED_EDGE('',*,*,#1383,.T.);
#1383 = EDGE_CURVE('',#1384,#1384,#1386,.T.);
#1384 = VERTEX_POINT('',#1385);
#1385 = CARTESIAN_POINT('',(215.,-79.499999,0.));
#1386 = CIRCLE('',#1387,0.25);
#1387 = AXIS2_PLACEMENT_3D('',#1388,#1389,#1390);
#1388 = CARTESIAN_POINT('',(215.,-79.249999,0.));
#1389 = DIRECTION('',(-0.,0.,-1.));
#1390 = DIRECTION('',(-0.,-1.,0.));
#1391 = FACE_BOUND('',#1392,.F.);
#1392 = EDGE_LOOP('',(#1393));
#1393 = ORIENTED_EDGE('',*,*,#1394,.T.);
#1394 = EDGE_CURVE('',#1395,#1395,#1397,.T.);
#1395 = VERTEX_POINT('',#1396);
#1396 = CARTESIAN_POINT('',(215.,-78.25,0.));
#1397 = CIRCLE('',#1398,0.25);
#1398 = AXIS2_PLACEMENT_3D('',#1399,#1400,#1401);
#1399 = CARTESIAN_POINT('',(215.,-78.,0.));
#1400 = DIRECTION('',(-0.,0.,-1.));
#1401 = DIRECTION('',(-0.,-1.,0.));
#1402 = PLANE('',#1403);
#1403 = AXIS2_PLACEMENT_3D('',#1404,#1405,#1406);
#1404 = CARTESIAN_POINT('',(0.,0.,0.));
#1405 = DIRECTION('',(0.,0.,1.));
#1406 = DIRECTION('',(1.,0.,-0.));
#1407 = ADVANCED_FACE('',(#1408,#1495,#1506,#1517,#1528,#1539,#1550,
    #1561,#1572,#1583,#1594,#1605,#1616,#1627,#1638,#1649,#1660,#1671,
    #1682,#1693,#1704,#1715,#1726,#1737,#1748,#1759,#1770,#1781,#1792,
    #1803,#1814,#1825,#1836,#1847,#1858,#1869,#1880,#1891,#1902,#1913,
    #1924,#1935,#1946,#1957,#1968,#1979,#1990,#2001,#2012,#2023,#2034,
    #2045,#2056,#2067,#2078,#2089,#2100,#2111,#2122,#2133,#2144,#2155,
    #2166,#2177,#2188,#2199,#2210,#2221,#2232,#2243,#2254,#2265,#2276,
    #2287,#2298,#2309,#2320,#2331,#2342,#2353,#2364,#2375,#2386,#2397,
    #2408,#2419,#2430,#2441,#2452,#2463,#2474,#2485,#2496,#2507,#2518,
    #2529,#2540,#2551,#2562,#2573,#2584,#2595,#2606,#2617,#2628,#2639,
    #2650,#2661),#2672,.T.);
#1408 = FACE_BOUND('',#1409,.T.);
#1409 = EDGE_LOOP('',(#1410,#1411,#1412,#1420,#1428,#1437,#1445,#1454,
    #1463,#1471,#1480,#1488,#1494));
#1410 = ORIENTED_EDGE('',*,*,#49,.F.);
#1411 = ORIENTED_EDGE('',*,*,#89,.F.);
#1412 = ORIENTED_EDGE('',*,*,#1413,.F.);
#1413 = EDGE_CURVE('',#1414,#82,#1416,.T.);
#1414 = VERTEX_POINT('',#1415);
#1415 = CARTESIAN_POINT('',(69.,-57.5,1.51));
#1416 = LINE('',#1417,#1418);
#1417 = CARTESIAN_POINT('',(69.,-57.5,1.51));
#1418 = VECTOR('',#1419,1.);
#1419 = DIRECTION('',(1.,0.,0.));
#1420 = ORIENTED_EDGE('',*,*,#1421,.F.);
#1421 = EDGE_CURVE('',#1422,#1414,#1424,.T.);
#1422 = VERTEX_POINT('',#1423);
#1423 = CARTESIAN_POINT('',(69.071068,-144.,1.51));
#1424 = LINE('',#1425,#1426);
#1425 = CARTESIAN_POINT('',(69.071068,-144.,1.51));
#1426 = VECTOR('',#1427,1.);
#1427 = DIRECTION('',(-8.215950984264E-04,0.999999662491,0.));
#1428 = ORIENTED_EDGE('',*,*,#1429,.F.);
#1429 = EDGE_CURVE('',#1430,#1422,#1432,.T.);
#1430 = VERTEX_POINT('',#1431);
#1431 = CARTESIAN_POINT('',(79.071068,-154.,1.51));
#1432 = CIRCLE('',#1433,9.999999357669);
#1433 = AXIS2_PLACEMENT_3D('',#1434,#1435,#1436);
#1434 = CARTESIAN_POINT('',(79.071067357669,-144.0000006423,1.51));
#1435 = DIRECTION('',(0.,0.,-1.));
#1436 = DIRECTION('',(6.423314275614E-08,-1.,0.));
#1437 = ORIENTED_EDGE('',*,*,#1438,.F.);
#1438 = EDGE_CURVE('',#1439,#1430,#1441,.T.);
#1439 = VERTEX_POINT('',#1440);
#1440 = CARTESIAN_POINT('',(132.,-154.,1.51));
#1441 = LINE('',#1442,#1443);
#1442 = CARTESIAN_POINT('',(132.,-154.,1.51));
#1443 = VECTOR('',#1444,1.);
#1444 = DIRECTION('',(-1.,0.,0.));
#1445 = ORIENTED_EDGE('',*,*,#1446,.F.);
#1446 = EDGE_CURVE('',#1447,#1439,#1449,.T.);
#1447 = VERTEX_POINT('',#1448);
#1448 = CARTESIAN_POINT('',(150.,-136.,1.51));
#1449 = CIRCLE('',#1450,18.000000209489);
#1450 = AXIS2_PLACEMENT_3D('',#1451,#1452,#1453);
#1451 = CARTESIAN_POINT('',(150.00000020948,-154.0000002094,1.51));
#1452 = DIRECTION('',(0.,0.,1.));
#1453 = DIRECTION('',(-1.163826670863E-08,1.,0.));
#1454 = ORIENTED_EDGE('',*,*,#1455,.F.);
#1455 = EDGE_CURVE('',#1456,#1447,#1458,.T.);
#1456 = VERTEX_POINT('',#1457);
#1457 = CARTESIAN_POINT('',(168.,-154.,1.51));
#1458 = CIRCLE('',#1459,18.000000209489);
#1459 = AXIS2_PLACEMENT_3D('',#1460,#1461,#1462);
#1460 = CARTESIAN_POINT('',(149.99999979051,-154.0000002094,1.51));
#1461 = DIRECTION('',(0.,0.,1.));
#1462 = DIRECTION('',(1.,1.163826670863E-08,-0.));
#1463 = ORIENTED_EDGE('',*,*,#1464,.F.);
#1464 = EDGE_CURVE('',#1465,#1456,#1467,.T.);
#1465 = VERTEX_POINT('',#1466);
#1466 = CARTESIAN_POINT('',(219.,-154.,1.51));
#1467 = LINE('',#1468,#1469);
#1468 = CARTESIAN_POINT('',(219.,-154.,1.51));
#1469 = VECTOR('',#1470,1.);
#1470 = DIRECTION('',(-1.,0.,0.));
#1471 = ORIENTED_EDGE('',*,*,#1472,.F.);
#1472 = EDGE_CURVE('',#1473,#1465,#1475,.T.);
#1473 = VERTEX_POINT('',#1474);
#1474 = CARTESIAN_POINT('',(230.,-143.,1.51));
#1475 = CIRCLE('',#1476,10.999998610593);
#1476 = AXIS2_PLACEMENT_3D('',#1477,#1478,#1479);
#1477 = CARTESIAN_POINT('',(219.0000013894,-143.0000013894,1.51));
#1478 = DIRECTION('',(0.,0.,-1.));
#1479 = DIRECTION('',(1.,1.263097538958E-07,0.));
#1480 = ORIENTED_EDGE('',*,*,#1481,.F.);
#1481 = EDGE_CURVE('',#1482,#1473,#1484,.T.);
#1482 = VERTEX_POINT('',#1483);
#1483 = CARTESIAN_POINT('',(230.,-58.,1.51));
#1484 = LINE('',#1485,#1486);
#1485 = CARTESIAN_POINT('',(230.,-58.,1.51));
#1486 = VECTOR('',#1487,1.);
#1487 = DIRECTION('',(0.,-1.,0.));
#1488 = ORIENTED_EDGE('',*,*,#1489,.F.);
#1489 = EDGE_CURVE('',#112,#1482,#1490,.T.);
#1490 = LINE('',#1491,#1492);
#1491 = CARTESIAN_POINT('',(125.,-58.,1.51));
#1492 = VECTOR('',#1493,1.);
#1493 = DIRECTION('',(1.,0.,0.));
#1494 = ORIENTED_EDGE('',*,*,#111,.F.);
#1495 = FACE_BOUND('',#1496,.T.);
#1496 = EDGE_LOOP('',(#1497));
#1497 = ORIENTED_EDGE('',*,*,#1498,.T.);
#1498 = EDGE_CURVE('',#1499,#1499,#1501,.T.);
#1499 = VERTEX_POINT('',#1500);
#1500 = CARTESIAN_POINT('',(116.5,-148.5,1.51));
#1501 = CIRCLE('',#1502,0.5);
#1502 = AXIS2_PLACEMENT_3D('',#1503,#1504,#1505);
#1503 = CARTESIAN_POINT('',(116.5,-148.,1.51));
#1504 = DIRECTION('',(-0.,0.,-1.));
#1505 = DIRECTION('',(-0.,-1.,0.));
#1506 = FACE_BOUND('',#1507,.T.);
#1507 = EDGE_LOOP('',(#1508));
#1508 = ORIENTED_EDGE('',*,*,#1509,.T.);
#1509 = EDGE_CURVE('',#1510,#1510,#1512,.T.);
#1510 = VERTEX_POINT('',#1511);
#1511 = CARTESIAN_POINT('',(119.,-148.5,1.51));
#1512 = CIRCLE('',#1513,0.5);
#1513 = AXIS2_PLACEMENT_3D('',#1514,#1515,#1516);
#1514 = CARTESIAN_POINT('',(119.,-148.,1.51));
#1515 = DIRECTION('',(-0.,0.,-1.));
#1516 = DIRECTION('',(-0.,-1.,0.));
#1517 = FACE_BOUND('',#1518,.T.);
#1518 = EDGE_LOOP('',(#1519));
#1519 = ORIENTED_EDGE('',*,*,#1520,.T.);
#1520 = EDGE_CURVE('',#1521,#1521,#1523,.T.);
#1521 = VERTEX_POINT('',#1522);
#1522 = CARTESIAN_POINT('',(114.000001,-146.12,1.51));
#1523 = CIRCLE('',#1524,1.42);
#1524 = AXIS2_PLACEMENT_3D('',#1525,#1526,#1527);
#1525 = CARTESIAN_POINT('',(114.000001,-144.7,1.51));
#1526 = DIRECTION('',(-0.,0.,-1.));
#1527 = DIRECTION('',(-0.,-1.,0.));
#1528 = FACE_BOUND('',#1529,.T.);
#1529 = EDGE_LOOP('',(#1530));
#1530 = ORIENTED_EDGE('',*,*,#1531,.T.);
#1531 = EDGE_CURVE('',#1532,#1532,#1534,.T.);
#1532 = VERTEX_POINT('',#1533);
#1533 = CARTESIAN_POINT('',(121.5,-148.5,1.51));
#1534 = CIRCLE('',#1535,0.5);
#1535 = AXIS2_PLACEMENT_3D('',#1536,#1537,#1538);
#1536 = CARTESIAN_POINT('',(121.5,-148.,1.51));
#1537 = DIRECTION('',(-0.,0.,-1.));
#1538 = DIRECTION('',(-0.,-1.,0.));
#1539 = FACE_BOUND('',#1540,.T.);
#1540 = EDGE_LOOP('',(#1541));
#1541 = ORIENTED_EDGE('',*,*,#1542,.T.);
#1542 = EDGE_CURVE('',#1543,#1543,#1545,.T.);
#1543 = VERTEX_POINT('',#1544);
#1544 = CARTESIAN_POINT('',(124.,-146.120001,1.51));
#1545 = CIRCLE('',#1546,1.42);
#1546 = AXIS2_PLACEMENT_3D('',#1547,#1548,#1549);
#1547 = CARTESIAN_POINT('',(124.,-144.700001,1.51));
#1548 = DIRECTION('',(-0.,0.,-1.));
#1549 = DIRECTION('',(-0.,-1.,0.));
#1550 = FACE_BOUND('',#1551,.T.);
#1551 = EDGE_LOOP('',(#1552));
#1552 = ORIENTED_EDGE('',*,*,#1553,.T.);
#1553 = EDGE_CURVE('',#1554,#1554,#1556,.T.);
#1554 = VERTEX_POINT('',#1555);
#1555 = CARTESIAN_POINT('',(94.1175,-129.37,1.51));
#1556 = CIRCLE('',#1557,1.6);
#1557 = AXIS2_PLACEMENT_3D('',#1558,#1559,#1560);
#1558 = CARTESIAN_POINT('',(94.1175,-127.77,1.51));
#1559 = DIRECTION('',(-0.,0.,-1.));
#1560 = DIRECTION('',(-0.,-1.,0.));
#1561 = FACE_BOUND('',#1562,.T.);
#1562 = EDGE_LOOP('',(#1563));
#1563 = ORIENTED_EDGE('',*,*,#1564,.T.);
#1564 = EDGE_CURVE('',#1565,#1565,#1567,.T.);
#1565 = VERTEX_POINT('',#1566);
#1566 = CARTESIAN_POINT('',(106.11,-119.63,1.51));
#1567 = CIRCLE('',#1568,0.5);
#1568 = AXIS2_PLACEMENT_3D('',#1569,#1570,#1571);
#1569 = CARTESIAN_POINT('',(106.11,-119.13,1.51));
#1570 = DIRECTION('',(-0.,0.,-1.));
#1571 = DIRECTION('',(-0.,-1.,0.));
#1572 = FACE_BOUND('',#1573,.T.);
#1573 = EDGE_LOOP('',(#1574));
#1574 = ORIENTED_EDGE('',*,*,#1575,.T.);
#1575 = EDGE_CURVE('',#1576,#1576,#1578,.T.);
#1576 = VERTEX_POINT('',#1577);
#1577 = CARTESIAN_POINT('',(78.668,-114.3595,1.51));
#1578 = CIRCLE('',#1579,0.4445);
#1579 = AXIS2_PLACEMENT_3D('',#1580,#1581,#1582);
#1580 = CARTESIAN_POINT('',(78.668,-113.915,1.51));
#1581 = DIRECTION('',(-0.,0.,-1.));
#1582 = DIRECTION('',(-0.,-1.,0.));
#1583 = FACE_BOUND('',#1584,.T.);
#1584 = EDGE_LOOP('',(#1585));
#1585 = ORIENTED_EDGE('',*,*,#1586,.T.);
#1586 = EDGE_CURVE('',#1587,#1587,#1589,.T.);
#1587 = VERTEX_POINT('',#1588);
#1588 = CARTESIAN_POINT('',(81.208,-114.3595,1.51));
#1589 = CIRCLE('',#1590,0.4445);
#1590 = AXIS2_PLACEMENT_3D('',#1591,#1592,#1593);
#1591 = CARTESIAN_POINT('',(81.208,-113.915,1.51));
#1592 = DIRECTION('',(-0.,0.,-1.));
#1593 = DIRECTION('',(-0.,-1.,0.));
#1594 = FACE_BOUND('',#1595,.T.);
#1595 = EDGE_LOOP('',(#1596));
#1596 = ORIENTED_EDGE('',*,*,#1597,.T.);
#1597 = EDGE_CURVE('',#1598,#1598,#1600,.T.);
#1598 = VERTEX_POINT('',#1599);
#1599 = CARTESIAN_POINT('',(74.748,-110.8635,1.51));
#1600 = CIRCLE('',#1601,0.6985);
#1601 = AXIS2_PLACEMENT_3D('',#1602,#1603,#1604);
#1602 = CARTESIAN_POINT('',(74.748,-110.165,1.51));
#1603 = DIRECTION('',(-0.,0.,-1.));
#1604 = DIRECTION('',(2.034481705827E-14,-1.,-0.));
#1605 = FACE_BOUND('',#1606,.T.);
#1606 = EDGE_LOOP('',(#1607));
#1607 = ORIENTED_EDGE('',*,*,#1608,.T.);
#1608 = EDGE_CURVE('',#1609,#1609,#1611,.T.);
#1609 = VERTEX_POINT('',#1610);
#1610 = CARTESIAN_POINT('',(83.748,-114.3595,1.51));
#1611 = CIRCLE('',#1612,0.4445);
#1612 = AXIS2_PLACEMENT_3D('',#1613,#1614,#1615);
#1613 = CARTESIAN_POINT('',(83.748,-113.915,1.51));
#1614 = DIRECTION('',(-0.,0.,-1.));
#1615 = DIRECTION('',(3.197042680585E-14,-1.,-0.));
#1616 = FACE_BOUND('',#1617,.T.);
#1617 = EDGE_LOOP('',(#1618));
#1618 = ORIENTED_EDGE('',*,*,#1619,.T.);
#1619 = EDGE_CURVE('',#1620,#1620,#1622,.T.);
#1620 = VERTEX_POINT('',#1621);
#1621 = CARTESIAN_POINT('',(87.498,-110.8635,1.51));
#1622 = CIRCLE('',#1623,0.6985);
#1623 = AXIS2_PLACEMENT_3D('',#1624,#1625,#1626);
#1624 = CARTESIAN_POINT('',(87.498,-110.165,1.51));
#1625 = DIRECTION('',(-0.,0.,-1.));
#1626 = DIRECTION('',(2.034481705827E-14,-1.,-0.));
#1627 = FACE_BOUND('',#1628,.T.);
#1628 = EDGE_LOOP('',(#1629));
#1629 = ORIENTED_EDGE('',*,*,#1630,.T.);
#1630 = EDGE_CURVE('',#1631,#1631,#1633,.T.);
#1631 = VERTEX_POINT('',#1632);
#1632 = CARTESIAN_POINT('',(92.6175,-116.79,1.51));
#1633 = CIRCLE('',#1634,0.5);
#1634 = AXIS2_PLACEMENT_3D('',#1635,#1636,#1637);
#1635 = CARTESIAN_POINT('',(92.6175,-116.29,1.51));
#1636 = DIRECTION('',(-0.,0.,-1.));
#1637 = DIRECTION('',(-0.,-1.,0.));
#1638 = FACE_BOUND('',#1639,.T.);
#1639 = EDGE_LOOP('',(#1640));
#1640 = ORIENTED_EDGE('',*,*,#1641,.T.);
#1641 = EDGE_CURVE('',#1642,#1642,#1644,.T.);
#1642 = VERTEX_POINT('',#1643);
#1643 = CARTESIAN_POINT('',(106.11,-117.09,1.51));
#1644 = CIRCLE('',#1645,0.5);
#1645 = AXIS2_PLACEMENT_3D('',#1646,#1647,#1648);
#1646 = CARTESIAN_POINT('',(106.11,-116.59,1.51));
#1647 = DIRECTION('',(-0.,0.,-1.));
#1648 = DIRECTION('',(-0.,-1.,0.));
#1649 = FACE_BOUND('',#1650,.T.);
#1650 = EDGE_LOOP('',(#1651));
#1651 = ORIENTED_EDGE('',*,*,#1652,.T.);
#1652 = EDGE_CURVE('',#1653,#1653,#1655,.T.);
#1653 = VERTEX_POINT('',#1654);
#1654 = CARTESIAN_POINT('',(92.6175,-114.25,1.51));
#1655 = CIRCLE('',#1656,0.5);
#1656 = AXIS2_PLACEMENT_3D('',#1657,#1658,#1659);
#1657 = CARTESIAN_POINT('',(92.6175,-113.75,1.51));
#1658 = DIRECTION('',(-0.,0.,-1.));
#1659 = DIRECTION('',(-0.,-1.,0.));
#1660 = FACE_BOUND('',#1661,.T.);
#1661 = EDGE_LOOP('',(#1662));
#1662 = ORIENTED_EDGE('',*,*,#1663,.T.);
#1663 = EDGE_CURVE('',#1664,#1664,#1666,.T.);
#1664 = VERTEX_POINT('',#1665);
#1665 = CARTESIAN_POINT('',(92.6175,-111.71,1.51));
#1666 = CIRCLE('',#1667,0.5);
#1667 = AXIS2_PLACEMENT_3D('',#1668,#1669,#1670);
#1668 = CARTESIAN_POINT('',(92.6175,-111.21,1.51));
#1669 = DIRECTION('',(-0.,0.,-1.));
#1670 = DIRECTION('',(-0.,-1.,0.));
#1671 = FACE_BOUND('',#1672,.T.);
#1672 = EDGE_LOOP('',(#1673));
#1673 = ORIENTED_EDGE('',*,*,#1674,.T.);
#1674 = EDGE_CURVE('',#1675,#1675,#1677,.T.);
#1675 = VERTEX_POINT('',#1676);
#1676 = CARTESIAN_POINT('',(106.11,-114.55,1.51));
#1677 = CIRCLE('',#1678,0.5);
#1678 = AXIS2_PLACEMENT_3D('',#1679,#1680,#1681);
#1679 = CARTESIAN_POINT('',(106.11,-114.05,1.51));
#1680 = DIRECTION('',(-0.,0.,-1.));
#1681 = DIRECTION('',(-0.,-1.,0.));
#1682 = FACE_BOUND('',#1683,.T.);
#1683 = EDGE_LOOP('',(#1684));
#1684 = ORIENTED_EDGE('',*,*,#1685,.T.);
#1685 = EDGE_CURVE('',#1686,#1686,#1688,.T.);
#1686 = VERTEX_POINT('',#1687);
#1687 = CARTESIAN_POINT('',(106.11,-112.01,1.51));
#1688 = CIRCLE('',#1689,0.5);
#1689 = AXIS2_PLACEMENT_3D('',#1690,#1691,#1692);
#1690 = CARTESIAN_POINT('',(106.11,-111.51,1.51));
#1691 = DIRECTION('',(-0.,0.,-1.));
#1692 = DIRECTION('',(-0.,-1.,0.));
#1693 = FACE_BOUND('',#1694,.T.);
#1694 = EDGE_LOOP('',(#1695));
#1695 = ORIENTED_EDGE('',*,*,#1696,.T.);
#1696 = EDGE_CURVE('',#1697,#1697,#1699,.T.);
#1697 = VERTEX_POINT('',#1698);
#1698 = CARTESIAN_POINT('',(123.89,-119.63,1.51));
#1699 = CIRCLE('',#1700,0.5);
#1700 = AXIS2_PLACEMENT_3D('',#1701,#1702,#1703);
#1701 = CARTESIAN_POINT('',(123.89,-119.13,1.51));
#1702 = DIRECTION('',(-0.,0.,-1.));
#1703 = DIRECTION('',(-0.,-1.,0.));
#1704 = FACE_BOUND('',#1705,.T.);
#1705 = EDGE_LOOP('',(#1706));
#1706 = ORIENTED_EDGE('',*,*,#1707,.T.);
#1707 = EDGE_CURVE('',#1708,#1708,#1710,.T.);
#1708 = VERTEX_POINT('',#1709);
#1709 = CARTESIAN_POINT('',(123.89,-117.09,1.51));
#1710 = CIRCLE('',#1711,0.5);
#1711 = AXIS2_PLACEMENT_3D('',#1712,#1713,#1714);
#1712 = CARTESIAN_POINT('',(123.89,-116.59,1.51));
#1713 = DIRECTION('',(-0.,0.,-1.));
#1714 = DIRECTION('',(-0.,-1.,0.));
#1715 = FACE_BOUND('',#1716,.T.);
#1716 = EDGE_LOOP('',(#1717));
#1717 = ORIENTED_EDGE('',*,*,#1718,.T.);
#1718 = EDGE_CURVE('',#1719,#1719,#1721,.T.);
#1719 = VERTEX_POINT('',#1720);
#1720 = CARTESIAN_POINT('',(123.89,-114.55,1.51));
#1721 = CIRCLE('',#1722,0.5);
#1722 = AXIS2_PLACEMENT_3D('',#1723,#1724,#1725);
#1723 = CARTESIAN_POINT('',(123.89,-114.05,1.51));
#1724 = DIRECTION('',(-0.,0.,-1.));
#1725 = DIRECTION('',(-0.,-1.,0.));
#1726 = FACE_BOUND('',#1727,.T.);
#1727 = EDGE_LOOP('',(#1728));
#1728 = ORIENTED_EDGE('',*,*,#1729,.T.);
#1729 = EDGE_CURVE('',#1730,#1730,#1732,.T.);
#1730 = VERTEX_POINT('',#1731);
#1731 = CARTESIAN_POINT('',(123.89,-112.01,1.51));
#1732 = CIRCLE('',#1733,0.5);
#1733 = AXIS2_PLACEMENT_3D('',#1734,#1735,#1736);
#1734 = CARTESIAN_POINT('',(123.89,-111.51,1.51));
#1735 = DIRECTION('',(-0.,0.,-1.));
#1736 = DIRECTION('',(-0.,-1.,0.));
#1737 = FACE_BOUND('',#1738,.T.);
#1738 = EDGE_LOOP('',(#1739));
#1739 = ORIENTED_EDGE('',*,*,#1740,.T.);
#1740 = EDGE_CURVE('',#1741,#1741,#1743,.T.);
#1741 = VERTEX_POINT('',#1742);
#1742 = CARTESIAN_POINT('',(148.25,-133.5,1.51));
#1743 = CIRCLE('',#1744,0.5);
#1744 = AXIS2_PLACEMENT_3D('',#1745,#1746,#1747);
#1745 = CARTESIAN_POINT('',(148.25,-133.,1.51));
#1746 = DIRECTION('',(-0.,0.,-1.));
#1747 = DIRECTION('',(-0.,-1.,0.));
#1748 = FACE_BOUND('',#1749,.T.);
#1749 = EDGE_LOOP('',(#1750));
#1750 = ORIENTED_EDGE('',*,*,#1751,.T.);
#1751 = EDGE_CURVE('',#1752,#1752,#1754,.T.);
#1752 = VERTEX_POINT('',#1753);
#1753 = CARTESIAN_POINT('',(151.75,-133.5,1.51));
#1754 = CIRCLE('',#1755,0.5);
#1755 = AXIS2_PLACEMENT_3D('',#1756,#1757,#1758);
#1756 = CARTESIAN_POINT('',(151.75,-133.,1.51));
#1757 = DIRECTION('',(-0.,0.,-1.));
#1758 = DIRECTION('',(-0.,-1.,0.));
#1759 = FACE_BOUND('',#1760,.T.);
#1760 = EDGE_LOOP('',(#1761));
#1761 = ORIENTED_EDGE('',*,*,#1762,.T.);
#1762 = EDGE_CURVE('',#1763,#1763,#1765,.T.);
#1763 = VERTEX_POINT('',#1764);
#1764 = CARTESIAN_POINT('',(213.668,-145.3595,1.51));
#1765 = CIRCLE('',#1766,0.4445);
#1766 = AXIS2_PLACEMENT_3D('',#1767,#1768,#1769);
#1767 = CARTESIAN_POINT('',(213.668,-144.915,1.51));
#1768 = DIRECTION('',(-0.,0.,-1.));
#1769 = DIRECTION('',(-0.,-1.,0.));
#1770 = FACE_BOUND('',#1771,.T.);
#1771 = EDGE_LOOP('',(#1772));
#1772 = ORIENTED_EDGE('',*,*,#1773,.T.);
#1773 = EDGE_CURVE('',#1774,#1774,#1776,.T.);
#1774 = VERTEX_POINT('',#1775);
#1775 = CARTESIAN_POINT('',(216.208,-145.3595,1.51));
#1776 = CIRCLE('',#1777,0.4445);
#1777 = AXIS2_PLACEMENT_3D('',#1778,#1779,#1780);
#1778 = CARTESIAN_POINT('',(216.208,-144.915,1.51));
#1779 = DIRECTION('',(-0.,0.,-1.));
#1780 = DIRECTION('',(-0.,-1.,0.));
#1781 = FACE_BOUND('',#1782,.T.);
#1782 = EDGE_LOOP('',(#1783));
#1783 = ORIENTED_EDGE('',*,*,#1784,.T.);
#1784 = EDGE_CURVE('',#1785,#1785,#1787,.T.);
#1785 = VERTEX_POINT('',#1786);
#1786 = CARTESIAN_POINT('',(218.748,-145.3595,1.51));
#1787 = CIRCLE('',#1788,0.4445);
#1788 = AXIS2_PLACEMENT_3D('',#1789,#1790,#1791);
#1789 = CARTESIAN_POINT('',(218.748,-144.915,1.51));
#1790 = DIRECTION('',(-0.,0.,-1.));
#1791 = DIRECTION('',(-0.,-1.,0.));
#1792 = FACE_BOUND('',#1793,.T.);
#1793 = EDGE_LOOP('',(#1794));
#1794 = ORIENTED_EDGE('',*,*,#1795,.T.);
#1795 = EDGE_CURVE('',#1796,#1796,#1798,.T.);
#1796 = VERTEX_POINT('',#1797);
#1797 = CARTESIAN_POINT('',(209.748,-141.8635,1.51));
#1798 = CIRCLE('',#1799,0.6985);
#1799 = AXIS2_PLACEMENT_3D('',#1800,#1801,#1802);
#1800 = CARTESIAN_POINT('',(209.748,-141.165,1.51));
#1801 = DIRECTION('',(-0.,0.,-1.));
#1802 = DIRECTION('',(-0.,-1.,0.));
#1803 = FACE_BOUND('',#1804,.T.);
#1804 = EDGE_LOOP('',(#1805));
#1805 = ORIENTED_EDGE('',*,*,#1806,.T.);
#1806 = EDGE_CURVE('',#1807,#1807,#1809,.T.);
#1807 = VERTEX_POINT('',#1808);
#1808 = CARTESIAN_POINT('',(222.498,-141.8635,1.51));
#1809 = CIRCLE('',#1810,0.6985);
#1810 = AXIS2_PLACEMENT_3D('',#1811,#1812,#1813);
#1811 = CARTESIAN_POINT('',(222.498,-141.165,1.51));
#1812 = DIRECTION('',(-0.,0.,-1.));
#1813 = DIRECTION('',(-0.,-1.,0.));
#1814 = FACE_BOUND('',#1815,.T.);
#1815 = EDGE_LOOP('',(#1816));
#1816 = ORIENTED_EDGE('',*,*,#1817,.T.);
#1817 = EDGE_CURVE('',#1818,#1818,#1820,.T.);
#1818 = VERTEX_POINT('',#1819);
#1819 = CARTESIAN_POINT('',(207.248,-139.1095,1.51));
#1820 = CIRCLE('',#1821,0.4445);
#1821 = AXIS2_PLACEMENT_3D('',#1822,#1823,#1824);
#1822 = CARTESIAN_POINT('',(207.248,-138.665,1.51));
#1823 = DIRECTION('',(-0.,0.,-1.));
#1824 = DIRECTION('',(-0.,-1.,0.));
#1825 = FACE_BOUND('',#1826,.T.);
#1826 = EDGE_LOOP('',(#1827));
#1827 = ORIENTED_EDGE('',*,*,#1828,.T.);
#1828 = EDGE_CURVE('',#1829,#1829,#1831,.T.);
#1829 = VERTEX_POINT('',#1830);
#1830 = CARTESIAN_POINT('',(207.248,-136.5695,1.51));
#1831 = CIRCLE('',#1832,0.4445);
#1832 = AXIS2_PLACEMENT_3D('',#1833,#1834,#1835);
#1833 = CARTESIAN_POINT('',(207.248,-136.125,1.51));
#1834 = DIRECTION('',(-0.,0.,-1.));
#1835 = DIRECTION('',(-0.,-1.,0.));
#1836 = FACE_BOUND('',#1837,.T.);
#1837 = EDGE_LOOP('',(#1838));
#1838 = ORIENTED_EDGE('',*,*,#1839,.T.);
#1839 = EDGE_CURVE('',#1840,#1840,#1842,.T.);
#1840 = VERTEX_POINT('',#1841);
#1841 = CARTESIAN_POINT('',(207.248,-134.0295,1.51));
#1842 = CIRCLE('',#1843,0.4445);
#1843 = AXIS2_PLACEMENT_3D('',#1844,#1845,#1846);
#1844 = CARTESIAN_POINT('',(207.248,-133.585,1.51));
#1845 = DIRECTION('',(-0.,0.,-1.));
#1846 = DIRECTION('',(-0.,-1.,0.));
#1847 = FACE_BOUND('',#1848,.T.);
#1848 = EDGE_LOOP('',(#1849));
#1849 = ORIENTED_EDGE('',*,*,#1850,.T.);
#1850 = EDGE_CURVE('',#1851,#1851,#1853,.T.);
#1851 = VERTEX_POINT('',#1852);
#1852 = CARTESIAN_POINT('',(209.748,-131.8635,1.51));
#1853 = CIRCLE('',#1854,0.6985);
#1854 = AXIS2_PLACEMENT_3D('',#1855,#1856,#1857);
#1855 = CARTESIAN_POINT('',(209.748,-131.165,1.51));
#1856 = DIRECTION('',(-0.,0.,-1.));
#1857 = DIRECTION('',(-0.,-1.,0.));
#1858 = FACE_BOUND('',#1859,.T.);
#1859 = EDGE_LOOP('',(#1860));
#1860 = ORIENTED_EDGE('',*,*,#1861,.T.);
#1861 = EDGE_CURVE('',#1862,#1862,#1864,.T.);
#1862 = VERTEX_POINT('',#1863);
#1863 = CARTESIAN_POINT('',(212.898,-130.615,1.51));
#1864 = CIRCLE('',#1865,0.45);
#1865 = AXIS2_PLACEMENT_3D('',#1866,#1867,#1868);
#1866 = CARTESIAN_POINT('',(212.898,-130.165,1.51));
#1867 = DIRECTION('',(-0.,0.,-1.));
#1868 = DIRECTION('',(-6.315935428979E-14,-1.,0.));
#1869 = FACE_BOUND('',#1870,.T.);
#1870 = EDGE_LOOP('',(#1871));
#1871 = ORIENTED_EDGE('',*,*,#1872,.T.);
#1872 = EDGE_CURVE('',#1873,#1873,#1875,.T.);
#1873 = VERTEX_POINT('',#1874);
#1874 = CARTESIAN_POINT('',(219.248,-130.615,1.51));
#1875 = CIRCLE('',#1876,0.45);
#1876 = AXIS2_PLACEMENT_3D('',#1877,#1878,#1879);
#1877 = CARTESIAN_POINT('',(219.248,-130.165,1.51));
#1878 = DIRECTION('',(-0.,0.,-1.));
#1879 = DIRECTION('',(-0.,-1.,0.));
#1880 = FACE_BOUND('',#1881,.T.);
#1881 = EDGE_LOOP('',(#1882));
#1882 = ORIENTED_EDGE('',*,*,#1883,.T.);
#1883 = EDGE_CURVE('',#1884,#1884,#1886,.T.);
#1884 = VERTEX_POINT('',#1885);
#1885 = CARTESIAN_POINT('',(222.498,-131.8635,1.51));
#1886 = CIRCLE('',#1887,0.6985);
#1887 = AXIS2_PLACEMENT_3D('',#1888,#1889,#1890);
#1888 = CARTESIAN_POINT('',(222.498,-131.165,1.51));
#1889 = DIRECTION('',(-0.,0.,-1.));
#1890 = DIRECTION('',(-0.,-1.,0.));
#1891 = FACE_BOUND('',#1892,.T.);
#1892 = EDGE_LOOP('',(#1893));
#1893 = ORIENTED_EDGE('',*,*,#1894,.T.);
#1894 = EDGE_CURVE('',#1895,#1895,#1897,.T.);
#1895 = VERTEX_POINT('',#1896);
#1896 = CARTESIAN_POINT('',(196.1175,-129.37,1.51));
#1897 = CIRCLE('',#1898,1.6);
#1898 = AXIS2_PLACEMENT_3D('',#1899,#1900,#1901);
#1899 = CARTESIAN_POINT('',(196.1175,-127.77,1.51));
#1900 = DIRECTION('',(-0.,0.,-1.));
#1901 = DIRECTION('',(-0.,-1.,0.));
#1902 = FACE_BOUND('',#1903,.T.);
#1903 = EDGE_LOOP('',(#1904));
#1904 = ORIENTED_EDGE('',*,*,#1905,.T.);
#1905 = EDGE_CURVE('',#1906,#1906,#1908,.T.);
#1906 = VERTEX_POINT('',#1907);
#1907 = CARTESIAN_POINT('',(212.898,-125.535,1.51));
#1908 = CIRCLE('',#1909,0.45);
#1909 = AXIS2_PLACEMENT_3D('',#1910,#1911,#1912);
#1910 = CARTESIAN_POINT('',(212.898,-125.085,1.51));
#1911 = DIRECTION('',(-0.,0.,-1.));
#1912 = DIRECTION('',(-6.315935428979E-14,-1.,0.));
#1913 = FACE_BOUND('',#1914,.T.);
#1914 = EDGE_LOOP('',(#1915));
#1915 = ORIENTED_EDGE('',*,*,#1916,.T.);
#1916 = EDGE_CURVE('',#1917,#1917,#1919,.T.);
#1917 = VERTEX_POINT('',#1918);
#1918 = CARTESIAN_POINT('',(219.248,-125.535,1.51));
#1919 = CIRCLE('',#1920,0.45);
#1920 = AXIS2_PLACEMENT_3D('',#1921,#1922,#1923);
#1921 = CARTESIAN_POINT('',(219.248,-125.085,1.51));
#1922 = DIRECTION('',(-0.,0.,-1.));
#1923 = DIRECTION('',(-0.,-1.,0.));
#1924 = FACE_BOUND('',#1925,.T.);
#1925 = EDGE_LOOP('',(#1926));
#1926 = ORIENTED_EDGE('',*,*,#1927,.T.);
#1927 = EDGE_CURVE('',#1928,#1928,#1930,.T.);
#1928 = VERTEX_POINT('',#1929);
#1929 = CARTESIAN_POINT('',(72.248,-108.1095,1.51));
#1930 = CIRCLE('',#1931,0.4445);
#1931 = AXIS2_PLACEMENT_3D('',#1932,#1933,#1934);
#1932 = CARTESIAN_POINT('',(72.248,-107.665,1.51));
#1933 = DIRECTION('',(-0.,0.,-1.));
#1934 = DIRECTION('',(3.197042680585E-14,-1.,-0.));
#1935 = FACE_BOUND('',#1936,.T.);
#1936 = EDGE_LOOP('',(#1937));
#1937 = ORIENTED_EDGE('',*,*,#1938,.T.);
#1938 = EDGE_CURVE('',#1939,#1939,#1941,.T.);
#1939 = VERTEX_POINT('',#1940);
#1940 = CARTESIAN_POINT('',(72.248,-105.5695,1.51));
#1941 = CIRCLE('',#1942,0.4445);
#1942 = AXIS2_PLACEMENT_3D('',#1943,#1944,#1945);
#1943 = CARTESIAN_POINT('',(72.248,-105.125,1.51));
#1944 = DIRECTION('',(-0.,0.,-1.));
#1945 = DIRECTION('',(3.197042680585E-14,-1.,-0.));
#1946 = FACE_BOUND('',#1947,.T.);
#1947 = EDGE_LOOP('',(#1948));
#1948 = ORIENTED_EDGE('',*,*,#1949,.T.);
#1949 = EDGE_CURVE('',#1950,#1950,#1952,.T.);
#1950 = VERTEX_POINT('',#1951);
#1951 = CARTESIAN_POINT('',(72.248,-103.0295,1.51));
#1952 = CIRCLE('',#1953,0.4445);
#1953 = AXIS2_PLACEMENT_3D('',#1954,#1955,#1956);
#1954 = CARTESIAN_POINT('',(72.248,-102.585,1.51));
#1955 = DIRECTION('',(-0.,0.,-1.));
#1956 = DIRECTION('',(3.197042680585E-14,-1.,-0.));
#1957 = FACE_BOUND('',#1958,.T.);
#1958 = EDGE_LOOP('',(#1959));
#1959 = ORIENTED_EDGE('',*,*,#1960,.T.);
#1960 = EDGE_CURVE('',#1961,#1961,#1963,.T.);
#1961 = VERTEX_POINT('',#1962);
#1962 = CARTESIAN_POINT('',(74.748,-100.8635,1.51));
#1963 = CIRCLE('',#1964,0.6985);
#1964 = AXIS2_PLACEMENT_3D('',#1965,#1966,#1967);
#1965 = CARTESIAN_POINT('',(74.748,-100.165,1.51));
#1966 = DIRECTION('',(-0.,0.,-1.));
#1967 = DIRECTION('',(2.034481705827E-14,-1.,-0.));
#1968 = FACE_BOUND('',#1969,.T.);
#1969 = EDGE_LOOP('',(#1970));
#1970 = ORIENTED_EDGE('',*,*,#1971,.T.);
#1971 = EDGE_CURVE('',#1972,#1972,#1974,.T.);
#1972 = VERTEX_POINT('',#1973);
#1973 = CARTESIAN_POINT('',(87.498,-100.8635,1.51));
#1974 = CIRCLE('',#1975,0.6985);
#1975 = AXIS2_PLACEMENT_3D('',#1976,#1977,#1978);
#1976 = CARTESIAN_POINT('',(87.498,-100.165,1.51));
#1977 = DIRECTION('',(-0.,0.,-1.));
#1978 = DIRECTION('',(2.034481705827E-14,-1.,-0.));
#1979 = FACE_BOUND('',#1980,.T.);
#1980 = EDGE_LOOP('',(#1981));
#1981 = ORIENTED_EDGE('',*,*,#1982,.T.);
#1982 = EDGE_CURVE('',#1983,#1983,#1985,.T.);
#1983 = VERTEX_POINT('',#1984);
#1984 = CARTESIAN_POINT('',(92.6175,-109.17,1.51));
#1985 = CIRCLE('',#1986,0.5);
#1986 = AXIS2_PLACEMENT_3D('',#1987,#1988,#1989);
#1987 = CARTESIAN_POINT('',(92.6175,-108.67,1.51));
#1988 = DIRECTION('',(-0.,0.,-1.));
#1989 = DIRECTION('',(-0.,-1.,0.));
#1990 = FACE_BOUND('',#1991,.T.);
#1991 = EDGE_LOOP('',(#1992));
#1992 = ORIENTED_EDGE('',*,*,#1993,.T.);
#1993 = EDGE_CURVE('',#1994,#1994,#1996,.T.);
#1994 = VERTEX_POINT('',#1995);
#1995 = CARTESIAN_POINT('',(92.6175,-106.63,1.51));
#1996 = CIRCLE('',#1997,0.5);
#1997 = AXIS2_PLACEMENT_3D('',#1998,#1999,#2000);
#1998 = CARTESIAN_POINT('',(92.6175,-106.13,1.51));
#1999 = DIRECTION('',(-0.,0.,-1.));
#2000 = DIRECTION('',(-0.,-1.,0.));
#2001 = FACE_BOUND('',#2002,.T.);
#2002 = EDGE_LOOP('',(#2003));
#2003 = ORIENTED_EDGE('',*,*,#2004,.T.);
#2004 = EDGE_CURVE('',#2005,#2005,#2007,.T.);
#2005 = VERTEX_POINT('',#2006);
#2006 = CARTESIAN_POINT('',(106.11,-109.47,1.51));
#2007 = CIRCLE('',#2008,0.5);
#2008 = AXIS2_PLACEMENT_3D('',#2009,#2010,#2011);
#2009 = CARTESIAN_POINT('',(106.11,-108.97,1.51));
#2010 = DIRECTION('',(-0.,0.,-1.));
#2011 = DIRECTION('',(-0.,-1.,0.));
#2012 = FACE_BOUND('',#2013,.T.);
#2013 = EDGE_LOOP('',(#2014));
#2014 = ORIENTED_EDGE('',*,*,#2015,.T.);
#2015 = EDGE_CURVE('',#2016,#2016,#2018,.T.);
#2016 = VERTEX_POINT('',#2017);
#2017 = CARTESIAN_POINT('',(106.11,-106.93,1.51));
#2018 = CIRCLE('',#2019,0.5);
#2019 = AXIS2_PLACEMENT_3D('',#2020,#2021,#2022);
#2020 = CARTESIAN_POINT('',(106.11,-106.43,1.51));
#2021 = DIRECTION('',(-0.,0.,-1.));
#2022 = DIRECTION('',(-0.,-1.,0.));
#2023 = FACE_BOUND('',#2024,.T.);
#2024 = EDGE_LOOP('',(#2025));
#2025 = ORIENTED_EDGE('',*,*,#2026,.T.);
#2026 = EDGE_CURVE('',#2027,#2027,#2029,.T.);
#2027 = VERTEX_POINT('',#2028);
#2028 = CARTESIAN_POINT('',(92.6175,-104.09,1.51));
#2029 = CIRCLE('',#2030,0.5);
#2030 = AXIS2_PLACEMENT_3D('',#2031,#2032,#2033);
#2031 = CARTESIAN_POINT('',(92.6175,-103.59,1.51));
#2032 = DIRECTION('',(-0.,0.,-1.));
#2033 = DIRECTION('',(-0.,-1.,0.));
#2034 = FACE_BOUND('',#2035,.T.);
#2035 = EDGE_LOOP('',(#2036));
#2036 = ORIENTED_EDGE('',*,*,#2037,.T.);
#2037 = EDGE_CURVE('',#2038,#2038,#2040,.T.);
#2038 = VERTEX_POINT('',#2039);
#2039 = CARTESIAN_POINT('',(92.6175,-101.55,1.51));
#2040 = CIRCLE('',#2041,0.5);
#2041 = AXIS2_PLACEMENT_3D('',#2042,#2043,#2044);
#2042 = CARTESIAN_POINT('',(92.6175,-101.05,1.51));
#2043 = DIRECTION('',(-0.,0.,-1.));
#2044 = DIRECTION('',(-0.,-1.,0.));
#2045 = FACE_BOUND('',#2046,.T.);
#2046 = EDGE_LOOP('',(#2047));
#2047 = ORIENTED_EDGE('',*,*,#2048,.T.);
#2048 = EDGE_CURVE('',#2049,#2049,#2051,.T.);
#2049 = VERTEX_POINT('',#2050);
#2050 = CARTESIAN_POINT('',(106.11,-104.39,1.51));
#2051 = CIRCLE('',#2052,0.5);
#2052 = AXIS2_PLACEMENT_3D('',#2053,#2054,#2055);
#2053 = CARTESIAN_POINT('',(106.11,-103.89,1.51));
#2054 = DIRECTION('',(-0.,0.,-1.));
#2055 = DIRECTION('',(-0.,-1.,0.));
#2056 = FACE_BOUND('',#2057,.T.);
#2057 = EDGE_LOOP('',(#2058));
#2058 = ORIENTED_EDGE('',*,*,#2059,.T.);
#2059 = EDGE_CURVE('',#2060,#2060,#2062,.T.);
#2060 = VERTEX_POINT('',#2061);
#2061 = CARTESIAN_POINT('',(106.11,-101.85,1.51));
#2062 = CIRCLE('',#2063,0.5);
#2063 = AXIS2_PLACEMENT_3D('',#2064,#2065,#2066);
#2064 = CARTESIAN_POINT('',(106.11,-101.35,1.51));
#2065 = DIRECTION('',(-0.,0.,-1.));
#2066 = DIRECTION('',(-0.,-1.,0.));
#2067 = FACE_BOUND('',#2068,.T.);
#2068 = EDGE_LOOP('',(#2069));
#2069 = ORIENTED_EDGE('',*,*,#2070,.T.);
#2070 = EDGE_CURVE('',#2071,#2071,#2073,.T.);
#2071 = VERTEX_POINT('',#2072);
#2072 = CARTESIAN_POINT('',(77.898,-99.615,1.51));
#2073 = CIRCLE('',#2074,0.45);
#2074 = AXIS2_PLACEMENT_3D('',#2075,#2076,#2077);
#2075 = CARTESIAN_POINT('',(77.898,-99.165,1.51));
#2076 = DIRECTION('',(-0.,0.,-1.));
#2077 = DIRECTION('',(-0.,-1.,0.));
#2078 = FACE_BOUND('',#2079,.T.);
#2079 = EDGE_LOOP('',(#2080));
#2080 = ORIENTED_EDGE('',*,*,#2081,.T.);
#2081 = EDGE_CURVE('',#2082,#2082,#2084,.T.);
#2082 = VERTEX_POINT('',#2083);
#2083 = CARTESIAN_POINT('',(84.248,-99.615,1.51));
#2084 = CIRCLE('',#2085,0.45);
#2085 = AXIS2_PLACEMENT_3D('',#2086,#2087,#2088);
#2086 = CARTESIAN_POINT('',(84.248,-99.165,1.51));
#2087 = DIRECTION('',(-0.,0.,-1.));
#2088 = DIRECTION('',(3.157967714489E-14,-1.,-0.));
#2089 = FACE_BOUND('',#2090,.T.);
#2090 = EDGE_LOOP('',(#2091));
#2091 = ORIENTED_EDGE('',*,*,#2092,.T.);
#2092 = EDGE_CURVE('',#2093,#2093,#2095,.T.);
#2093 = VERTEX_POINT('',#2094);
#2094 = CARTESIAN_POINT('',(77.898,-94.535,1.51));
#2095 = CIRCLE('',#2096,0.45);
#2096 = AXIS2_PLACEMENT_3D('',#2097,#2098,#2099);
#2097 = CARTESIAN_POINT('',(77.898,-94.085,1.51));
#2098 = DIRECTION('',(-0.,0.,-1.));
#2099 = DIRECTION('',(-0.,-1.,0.));
#2100 = FACE_BOUND('',#2101,.T.);
#2101 = EDGE_LOOP('',(#2102));
#2102 = ORIENTED_EDGE('',*,*,#2103,.T.);
#2103 = EDGE_CURVE('',#2104,#2104,#2106,.T.);
#2104 = VERTEX_POINT('',#2105);
#2105 = CARTESIAN_POINT('',(84.248,-94.535,1.51));
#2106 = CIRCLE('',#2107,0.45);
#2107 = AXIS2_PLACEMENT_3D('',#2108,#2109,#2110);
#2108 = CARTESIAN_POINT('',(84.248,-94.085,1.51));
#2109 = DIRECTION('',(-0.,0.,-1.));
#2110 = DIRECTION('',(3.157967714489E-14,-1.,-0.));
#2111 = FACE_BOUND('',#2112,.T.);
#2112 = EDGE_LOOP('',(#2113));
#2113 = ORIENTED_EDGE('',*,*,#2114,.T.);
#2114 = EDGE_CURVE('',#2115,#2115,#2117,.T.);
#2115 = VERTEX_POINT('',#2116);
#2116 = CARTESIAN_POINT('',(92.6175,-99.01,1.51));
#2117 = CIRCLE('',#2118,0.5);
#2118 = AXIS2_PLACEMENT_3D('',#2119,#2120,#2121);
#2119 = CARTESIAN_POINT('',(92.6175,-98.51,1.51));
#2120 = DIRECTION('',(-0.,0.,-1.));
#2121 = DIRECTION('',(-0.,-1.,0.));
#2122 = FACE_BOUND('',#2123,.T.);
#2123 = EDGE_LOOP('',(#2124));
#2124 = ORIENTED_EDGE('',*,*,#2125,.T.);
#2125 = EDGE_CURVE('',#2126,#2126,#2128,.T.);
#2126 = VERTEX_POINT('',#2127);
#2127 = CARTESIAN_POINT('',(92.6175,-96.47,1.51));
#2128 = CIRCLE('',#2129,0.5);
#2129 = AXIS2_PLACEMENT_3D('',#2130,#2131,#2132);
#2130 = CARTESIAN_POINT('',(92.6175,-95.97,1.51));
#2131 = DIRECTION('',(-0.,0.,-1.));
#2132 = DIRECTION('',(-0.,-1.,0.));
#2133 = FACE_BOUND('',#2134,.T.);
#2134 = EDGE_LOOP('',(#2135));
#2135 = ORIENTED_EDGE('',*,*,#2136,.T.);
#2136 = EDGE_CURVE('',#2137,#2137,#2139,.T.);
#2137 = VERTEX_POINT('',#2138);
#2138 = CARTESIAN_POINT('',(106.11,-99.31,1.51));
#2139 = CIRCLE('',#2140,0.5);
#2140 = AXIS2_PLACEMENT_3D('',#2141,#2142,#2143);
#2141 = CARTESIAN_POINT('',(106.11,-98.81,1.51));
#2142 = DIRECTION('',(-0.,0.,-1.));
#2143 = DIRECTION('',(-0.,-1.,0.));
#2144 = FACE_BOUND('',#2145,.T.);
#2145 = EDGE_LOOP('',(#2146));
#2146 = ORIENTED_EDGE('',*,*,#2147,.T.);
#2147 = EDGE_CURVE('',#2148,#2148,#2150,.T.);
#2148 = VERTEX_POINT('',#2149);
#2149 = CARTESIAN_POINT('',(106.11,-96.77,1.51));
#2150 = CIRCLE('',#2151,0.5);
#2151 = AXIS2_PLACEMENT_3D('',#2152,#2153,#2154);
#2152 = CARTESIAN_POINT('',(106.11,-96.27,1.51));
#2153 = DIRECTION('',(-0.,0.,-1.));
#2154 = DIRECTION('',(-0.,-1.,0.));
#2155 = FACE_BOUND('',#2156,.T.);
#2156 = EDGE_LOOP('',(#2157));
#2157 = ORIENTED_EDGE('',*,*,#2158,.T.);
#2158 = EDGE_CURVE('',#2159,#2159,#2161,.T.);
#2159 = VERTEX_POINT('',#2160);
#2160 = CARTESIAN_POINT('',(92.6175,-93.93,1.51));
#2161 = CIRCLE('',#2162,0.5);
#2162 = AXIS2_PLACEMENT_3D('',#2163,#2164,#2165);
#2163 = CARTESIAN_POINT('',(92.6175,-93.43,1.51));
#2164 = DIRECTION('',(-0.,0.,-1.));
#2165 = DIRECTION('',(-0.,-1.,0.));
#2166 = FACE_BOUND('',#2167,.T.);
#2167 = EDGE_LOOP('',(#2168));
#2168 = ORIENTED_EDGE('',*,*,#2169,.T.);
#2169 = EDGE_CURVE('',#2170,#2170,#2172,.T.);
#2170 = VERTEX_POINT('',#2171);
#2171 = CARTESIAN_POINT('',(92.6175,-91.39,1.51));
#2172 = CIRCLE('',#2173,0.5);
#2173 = AXIS2_PLACEMENT_3D('',#2174,#2175,#2176);
#2174 = CARTESIAN_POINT('',(92.6175,-90.89,1.51));
#2175 = DIRECTION('',(-0.,0.,-1.));
#2176 = DIRECTION('',(-0.,-1.,0.));
#2177 = FACE_BOUND('',#2178,.T.);
#2178 = EDGE_LOOP('',(#2179));
#2179 = ORIENTED_EDGE('',*,*,#2180,.T.);
#2180 = EDGE_CURVE('',#2181,#2181,#2183,.T.);
#2181 = VERTEX_POINT('',#2182);
#2182 = CARTESIAN_POINT('',(106.11,-94.23,1.51));
#2183 = CIRCLE('',#2184,0.5);
#2184 = AXIS2_PLACEMENT_3D('',#2185,#2186,#2187);
#2185 = CARTESIAN_POINT('',(106.11,-93.73,1.51));
#2186 = DIRECTION('',(-0.,0.,-1.));
#2187 = DIRECTION('',(-0.,-1.,0.));
#2188 = FACE_BOUND('',#2189,.T.);
#2189 = EDGE_LOOP('',(#2190));
#2190 = ORIENTED_EDGE('',*,*,#2191,.T.);
#2191 = EDGE_CURVE('',#2192,#2192,#2194,.T.);
#2192 = VERTEX_POINT('',#2193);
#2193 = CARTESIAN_POINT('',(106.11,-91.69,1.51));
#2194 = CIRCLE('',#2195,0.5);
#2195 = AXIS2_PLACEMENT_3D('',#2196,#2197,#2198);
#2196 = CARTESIAN_POINT('',(106.11,-91.19,1.51));
#2197 = DIRECTION('',(-0.,0.,-1.));
#2198 = DIRECTION('',(-0.,-1.,0.));
#2199 = FACE_BOUND('',#2200,.T.);
#2200 = EDGE_LOOP('',(#2201));
#2201 = ORIENTED_EDGE('',*,*,#2202,.T.);
#2202 = EDGE_CURVE('',#2203,#2203,#2205,.T.);
#2203 = VERTEX_POINT('',#2204);
#2204 = CARTESIAN_POINT('',(123.89,-109.47,1.51));
#2205 = CIRCLE('',#2206,0.5);
#2206 = AXIS2_PLACEMENT_3D('',#2207,#2208,#2209);
#2207 = CARTESIAN_POINT('',(123.89,-108.97,1.51));
#2208 = DIRECTION('',(-0.,0.,-1.));
#2209 = DIRECTION('',(-0.,-1.,0.));
#2210 = FACE_BOUND('',#2211,.T.);
#2211 = EDGE_LOOP('',(#2212));
#2212 = ORIENTED_EDGE('',*,*,#2213,.T.);
#2213 = EDGE_CURVE('',#2214,#2214,#2216,.T.);
#2214 = VERTEX_POINT('',#2215);
#2215 = CARTESIAN_POINT('',(123.89,-106.93,1.51));
#2216 = CIRCLE('',#2217,0.5);
#2217 = AXIS2_PLACEMENT_3D('',#2218,#2219,#2220);
#2218 = CARTESIAN_POINT('',(123.89,-106.43,1.51));
#2219 = DIRECTION('',(-0.,0.,-1.));
#2220 = DIRECTION('',(-0.,-1.,0.));
#2221 = FACE_BOUND('',#2222,.T.);
#2222 = EDGE_LOOP('',(#2223));
#2223 = ORIENTED_EDGE('',*,*,#2224,.T.);
#2224 = EDGE_CURVE('',#2225,#2225,#2227,.T.);
#2225 = VERTEX_POINT('',#2226);
#2226 = CARTESIAN_POINT('',(123.89,-104.39,1.51));
#2227 = CIRCLE('',#2228,0.5);
#2228 = AXIS2_PLACEMENT_3D('',#2229,#2230,#2231);
#2229 = CARTESIAN_POINT('',(123.89,-103.89,1.51));
#2230 = DIRECTION('',(-0.,0.,-1.));
#2231 = DIRECTION('',(-0.,-1.,0.));
#2232 = FACE_BOUND('',#2233,.T.);
#2233 = EDGE_LOOP('',(#2234));
#2234 = ORIENTED_EDGE('',*,*,#2235,.T.);
#2235 = EDGE_CURVE('',#2236,#2236,#2238,.T.);
#2236 = VERTEX_POINT('',#2237);
#2237 = CARTESIAN_POINT('',(123.89,-101.85,1.51));
#2238 = CIRCLE('',#2239,0.5);
#2239 = AXIS2_PLACEMENT_3D('',#2240,#2241,#2242);
#2240 = CARTESIAN_POINT('',(123.89,-101.35,1.51));
#2241 = DIRECTION('',(-0.,0.,-1.));
#2242 = DIRECTION('',(-0.,-1.,0.));
#2243 = FACE_BOUND('',#2244,.T.);
#2244 = EDGE_LOOP('',(#2245));
#2245 = ORIENTED_EDGE('',*,*,#2246,.T.);
#2246 = EDGE_CURVE('',#2247,#2247,#2249,.T.);
#2247 = VERTEX_POINT('',#2248);
#2248 = CARTESIAN_POINT('',(141.,-104.074993,1.51));
#2249 = CIRCLE('',#2250,0.424993);
#2250 = AXIS2_PLACEMENT_3D('',#2251,#2252,#2253);
#2251 = CARTESIAN_POINT('',(141.,-103.65,1.51));
#2252 = DIRECTION('',(-0.,0.,-1.));
#2253 = DIRECTION('',(-0.,-1.,0.));
#2254 = FACE_BOUND('',#2255,.T.);
#2255 = EDGE_LOOP('',(#2256));
#2256 = ORIENTED_EDGE('',*,*,#2257,.T.);
#2257 = EDGE_CURVE('',#2258,#2258,#2260,.T.);
#2258 = VERTEX_POINT('',#2259);
#2259 = CARTESIAN_POINT('',(143.,-104.074993,1.51));
#2260 = CIRCLE('',#2261,0.424993);
#2261 = AXIS2_PLACEMENT_3D('',#2262,#2263,#2264);
#2262 = CARTESIAN_POINT('',(143.,-103.65,1.51));
#2263 = DIRECTION('',(-0.,0.,-1.));
#2264 = DIRECTION('',(-0.,-1.,0.));
#2265 = FACE_BOUND('',#2266,.T.);
#2266 = EDGE_LOOP('',(#2267));
#2267 = ORIENTED_EDGE('',*,*,#2268,.T.);
#2268 = EDGE_CURVE('',#2269,#2269,#2271,.T.);
#2269 = VERTEX_POINT('',#2270);
#2270 = CARTESIAN_POINT('',(123.89,-99.31,1.51));
#2271 = CIRCLE('',#2272,0.5);
#2272 = AXIS2_PLACEMENT_3D('',#2273,#2274,#2275);
#2273 = CARTESIAN_POINT('',(123.89,-98.81,1.51));
#2274 = DIRECTION('',(-0.,0.,-1.));
#2275 = DIRECTION('',(-0.,-1.,0.));
#2276 = FACE_BOUND('',#2277,.T.);
#2277 = EDGE_LOOP('',(#2278));
#2278 = ORIENTED_EDGE('',*,*,#2279,.T.);
#2279 = EDGE_CURVE('',#2280,#2280,#2282,.T.);
#2280 = VERTEX_POINT('',#2281);
#2281 = CARTESIAN_POINT('',(123.89,-96.77,1.51));
#2282 = CIRCLE('',#2283,0.5);
#2283 = AXIS2_PLACEMENT_3D('',#2284,#2285,#2286);
#2284 = CARTESIAN_POINT('',(123.89,-96.27,1.51));
#2285 = DIRECTION('',(-0.,0.,-1.));
#2286 = DIRECTION('',(-0.,-1.,0.));
#2287 = FACE_BOUND('',#2288,.T.);
#2288 = EDGE_LOOP('',(#2289));
#2289 = ORIENTED_EDGE('',*,*,#2290,.T.);
#2290 = EDGE_CURVE('',#2291,#2291,#2293,.T.);
#2291 = VERTEX_POINT('',#2292);
#2292 = CARTESIAN_POINT('',(123.89,-94.23,1.51));
#2293 = CIRCLE('',#2294,0.5);
#2294 = AXIS2_PLACEMENT_3D('',#2295,#2296,#2297);
#2295 = CARTESIAN_POINT('',(123.89,-93.73,1.51));
#2296 = DIRECTION('',(-0.,0.,-1.));
#2297 = DIRECTION('',(-0.,-1.,0.));
#2298 = FACE_BOUND('',#2299,.T.);
#2299 = EDGE_LOOP('',(#2300));
#2300 = ORIENTED_EDGE('',*,*,#2301,.T.);
#2301 = EDGE_CURVE('',#2302,#2302,#2304,.T.);
#2302 = VERTEX_POINT('',#2303);
#2303 = CARTESIAN_POINT('',(123.89,-91.69,1.51));
#2304 = CIRCLE('',#2305,0.5);
#2305 = AXIS2_PLACEMENT_3D('',#2306,#2307,#2308);
#2306 = CARTESIAN_POINT('',(123.89,-91.19,1.51));
#2307 = DIRECTION('',(-0.,0.,-1.));
#2308 = DIRECTION('',(-0.,-1.,0.));
#2309 = FACE_BOUND('',#2310,.T.);
#2310 = EDGE_LOOP('',(#2311));
#2311 = ORIENTED_EDGE('',*,*,#2312,.T.);
#2312 = EDGE_CURVE('',#2313,#2313,#2315,.T.);
#2313 = VERTEX_POINT('',#2314);
#2314 = CARTESIAN_POINT('',(92.6175,-88.85,1.51));
#2315 = CIRCLE('',#2316,0.5);
#2316 = AXIS2_PLACEMENT_3D('',#2317,#2318,#2319);
#2317 = CARTESIAN_POINT('',(92.6175,-88.35,1.51));
#2318 = DIRECTION('',(-0.,0.,-1.));
#2319 = DIRECTION('',(-0.,-1.,0.));
#2320 = FACE_BOUND('',#2321,.T.);
#2321 = EDGE_LOOP('',(#2322));
#2322 = ORIENTED_EDGE('',*,*,#2323,.T.);
#2323 = EDGE_CURVE('',#2324,#2324,#2326,.T.);
#2324 = VERTEX_POINT('',#2325);
#2325 = CARTESIAN_POINT('',(92.6175,-86.31,1.51));
#2326 = CIRCLE('',#2327,0.5);
#2327 = AXIS2_PLACEMENT_3D('',#2328,#2329,#2330);
#2328 = CARTESIAN_POINT('',(92.6175,-85.81,1.51));
#2329 = DIRECTION('',(-0.,0.,-1.));
#2330 = DIRECTION('',(-0.,-1.,0.));
#2331 = FACE_BOUND('',#2332,.T.);
#2332 = EDGE_LOOP('',(#2333));
#2333 = ORIENTED_EDGE('',*,*,#2334,.T.);
#2334 = EDGE_CURVE('',#2335,#2335,#2337,.T.);
#2335 = VERTEX_POINT('',#2336);
#2336 = CARTESIAN_POINT('',(106.11,-89.15,1.51));
#2337 = CIRCLE('',#2338,0.5);
#2338 = AXIS2_PLACEMENT_3D('',#2339,#2340,#2341);
#2339 = CARTESIAN_POINT('',(106.11,-88.65,1.51));
#2340 = DIRECTION('',(-0.,0.,-1.));
#2341 = DIRECTION('',(-0.,-1.,0.));
#2342 = FACE_BOUND('',#2343,.T.);
#2343 = EDGE_LOOP('',(#2344));
#2344 = ORIENTED_EDGE('',*,*,#2345,.T.);
#2345 = EDGE_CURVE('',#2346,#2346,#2348,.T.);
#2346 = VERTEX_POINT('',#2347);
#2347 = CARTESIAN_POINT('',(106.11,-86.61,1.51));
#2348 = CIRCLE('',#2349,0.5);
#2349 = AXIS2_PLACEMENT_3D('',#2350,#2351,#2352);
#2350 = CARTESIAN_POINT('',(106.11,-86.11,1.51));
#2351 = DIRECTION('',(-0.,0.,-1.));
#2352 = DIRECTION('',(-0.,-1.,0.));
#2353 = FACE_BOUND('',#2354,.T.);
#2354 = EDGE_LOOP('',(#2355));
#2355 = ORIENTED_EDGE('',*,*,#2356,.T.);
#2356 = EDGE_CURVE('',#2357,#2357,#2359,.T.);
#2357 = VERTEX_POINT('',#2358);
#2358 = CARTESIAN_POINT('',(92.6175,-83.77,1.51));
#2359 = CIRCLE('',#2360,0.5);
#2360 = AXIS2_PLACEMENT_3D('',#2361,#2362,#2363);
#2361 = CARTESIAN_POINT('',(92.6175,-83.27,1.51));
#2362 = DIRECTION('',(-0.,0.,-1.));
#2363 = DIRECTION('',(-0.,-1.,0.));
#2364 = FACE_BOUND('',#2365,.T.);
#2365 = EDGE_LOOP('',(#2366));
#2366 = ORIENTED_EDGE('',*,*,#2367,.T.);
#2367 = EDGE_CURVE('',#2368,#2368,#2370,.T.);
#2368 = VERTEX_POINT('',#2369);
#2369 = CARTESIAN_POINT('',(106.11,-84.07,1.51));
#2370 = CIRCLE('',#2371,0.5);
#2371 = AXIS2_PLACEMENT_3D('',#2372,#2373,#2374);
#2372 = CARTESIAN_POINT('',(106.11,-83.57,1.51));
#2373 = DIRECTION('',(-0.,0.,-1.));
#2374 = DIRECTION('',(-0.,-1.,0.));
#2375 = FACE_BOUND('',#2376,.T.);
#2376 = EDGE_LOOP('',(#2377));
#2377 = ORIENTED_EDGE('',*,*,#2378,.T.);
#2378 = EDGE_CURVE('',#2379,#2379,#2381,.T.);
#2379 = VERTEX_POINT('',#2380);
#2380 = CARTESIAN_POINT('',(106.11,-81.53,1.51));
#2381 = CIRCLE('',#2382,0.5);
#2382 = AXIS2_PLACEMENT_3D('',#2383,#2384,#2385);
#2383 = CARTESIAN_POINT('',(106.11,-81.03,1.51));
#2384 = DIRECTION('',(-0.,0.,-1.));
#2385 = DIRECTION('',(-0.,-1.,0.));
#2386 = FACE_BOUND('',#2387,.T.);
#2387 = EDGE_LOOP('',(#2388));
#2388 = ORIENTED_EDGE('',*,*,#2389,.T.);
#2389 = EDGE_CURVE('',#2390,#2390,#2392,.T.);
#2390 = VERTEX_POINT('',#2391);
#2391 = CARTESIAN_POINT('',(80.,-79.499999,1.51));
#2392 = CIRCLE('',#2393,0.25);
#2393 = AXIS2_PLACEMENT_3D('',#2394,#2395,#2396);
#2394 = CARTESIAN_POINT('',(80.,-79.249999,1.51));
#2395 = DIRECTION('',(-0.,0.,-1.));
#2396 = DIRECTION('',(-0.,-1.,0.));
#2397 = FACE_BOUND('',#2398,.T.);
#2398 = EDGE_LOOP('',(#2399));
#2399 = ORIENTED_EDGE('',*,*,#2400,.T.);
#2400 = EDGE_CURVE('',#2401,#2401,#2403,.T.);
#2401 = VERTEX_POINT('',#2402);
#2402 = CARTESIAN_POINT('',(80.,-78.25,1.51));
#2403 = CIRCLE('',#2404,0.25);
#2404 = AXIS2_PLACEMENT_3D('',#2405,#2406,#2407);
#2405 = CARTESIAN_POINT('',(80.,-78.,1.51));
#2406 = DIRECTION('',(-0.,0.,-1.));
#2407 = DIRECTION('',(-0.,-1.,0.));
#2408 = FACE_BOUND('',#2409,.T.);
#2409 = EDGE_LOOP('',(#2410));
#2410 = ORIENTED_EDGE('',*,*,#2411,.T.);
#2411 = EDGE_CURVE('',#2412,#2412,#2414,.T.);
#2412 = VERTEX_POINT('',#2413);
#2413 = CARTESIAN_POINT('',(106.11,-78.99,1.51));
#2414 = CIRCLE('',#2415,0.5);
#2415 = AXIS2_PLACEMENT_3D('',#2416,#2417,#2418);
#2416 = CARTESIAN_POINT('',(106.11,-78.49,1.51));
#2417 = DIRECTION('',(-0.,0.,-1.));
#2418 = DIRECTION('',(-0.,-1.,0.));
#2419 = FACE_BOUND('',#2420,.T.);
#2420 = EDGE_LOOP('',(#2421));
#2421 = ORIENTED_EDGE('',*,*,#2422,.T.);
#2422 = EDGE_CURVE('',#2423,#2423,#2425,.T.);
#2423 = VERTEX_POINT('',#2424);
#2424 = CARTESIAN_POINT('',(106.11,-76.45,1.51));
#2425 = CIRCLE('',#2426,0.5);
#2426 = AXIS2_PLACEMENT_3D('',#2427,#2428,#2429);
#2427 = CARTESIAN_POINT('',(106.11,-75.95,1.51));
#2428 = DIRECTION('',(-0.,0.,-1.));
#2429 = DIRECTION('',(-0.,-1.,0.));
#2430 = FACE_BOUND('',#2431,.T.);
#2431 = EDGE_LOOP('',(#2432));
#2432 = ORIENTED_EDGE('',*,*,#2433,.T.);
#2433 = EDGE_CURVE('',#2434,#2434,#2436,.T.);
#2434 = VERTEX_POINT('',#2435);
#2435 = CARTESIAN_POINT('',(94.1175,-73.67,1.51));
#2436 = CIRCLE('',#2437,1.6);
#2437 = AXIS2_PLACEMENT_3D('',#2438,#2439,#2440);
#2438 = CARTESIAN_POINT('',(94.1175,-72.07,1.51));
#2439 = DIRECTION('',(-0.,0.,-1.));
#2440 = DIRECTION('',(-0.,-1.,0.));
#2441 = FACE_BOUND('',#2442,.T.);
#2442 = EDGE_LOOP('',(#2443));
#2443 = ORIENTED_EDGE('',*,*,#2444,.T.);
#2444 = EDGE_CURVE('',#2445,#2445,#2447,.T.);
#2445 = VERTEX_POINT('',#2446);
#2446 = CARTESIAN_POINT('',(106.11,-73.91,1.51));
#2447 = CIRCLE('',#2448,0.5);
#2448 = AXIS2_PLACEMENT_3D('',#2449,#2450,#2451);
#2449 = CARTESIAN_POINT('',(106.11,-73.41,1.51));
#2450 = DIRECTION('',(-0.,0.,-1.));
#2451 = DIRECTION('',(-0.,-1.,0.));
#2452 = FACE_BOUND('',#2453,.T.);
#2453 = EDGE_LOOP('',(#2454));
#2454 = ORIENTED_EDGE('',*,*,#2455,.T.);
#2455 = EDGE_CURVE('',#2456,#2456,#2458,.T.);
#2456 = VERTEX_POINT('',#2457);
#2457 = CARTESIAN_POINT('',(106.11,-71.37,1.51));
#2458 = CIRCLE('',#2459,0.5);
#2459 = AXIS2_PLACEMENT_3D('',#2460,#2461,#2462);
#2460 = CARTESIAN_POINT('',(106.11,-70.87,1.51));
#2461 = DIRECTION('',(-0.,0.,-1.));
#2462 = DIRECTION('',(-0.,-1.,0.));
#2463 = FACE_BOUND('',#2464,.T.);
#2464 = EDGE_LOOP('',(#2465));
#2465 = ORIENTED_EDGE('',*,*,#2466,.T.);
#2466 = EDGE_CURVE('',#2467,#2467,#2469,.T.);
#2467 = VERTEX_POINT('',#2468);
#2468 = CARTESIAN_POINT('',(123.89,-89.15,1.51));
#2469 = CIRCLE('',#2470,0.5);
#2470 = AXIS2_PLACEMENT_3D('',#2471,#2472,#2473);
#2471 = CARTESIAN_POINT('',(123.89,-88.65,1.51));
#2472 = DIRECTION('',(-0.,0.,-1.));
#2473 = DIRECTION('',(-0.,-1.,0.));
#2474 = FACE_BOUND('',#2475,.T.);
#2475 = EDGE_LOOP('',(#2476));
#2476 = ORIENTED_EDGE('',*,*,#2477,.T.);
#2477 = EDGE_CURVE('',#2478,#2478,#2480,.T.);
#2478 = VERTEX_POINT('',#2479);
#2479 = CARTESIAN_POINT('',(123.89,-86.61,1.51));
#2480 = CIRCLE('',#2481,0.5);
#2481 = AXIS2_PLACEMENT_3D('',#2482,#2483,#2484);
#2482 = CARTESIAN_POINT('',(123.89,-86.11,1.51));
#2483 = DIRECTION('',(-0.,0.,-1.));
#2484 = DIRECTION('',(-0.,-1.,0.));
#2485 = FACE_BOUND('',#2486,.T.);
#2486 = EDGE_LOOP('',(#2487));
#2487 = ORIENTED_EDGE('',*,*,#2488,.T.);
#2488 = EDGE_CURVE('',#2489,#2489,#2491,.T.);
#2489 = VERTEX_POINT('',#2490);
#2490 = CARTESIAN_POINT('',(123.89,-84.07,1.51));
#2491 = CIRCLE('',#2492,0.5);
#2492 = AXIS2_PLACEMENT_3D('',#2493,#2494,#2495);
#2493 = CARTESIAN_POINT('',(123.89,-83.57,1.51));
#2494 = DIRECTION('',(-0.,0.,-1.));
#2495 = DIRECTION('',(-0.,-1.,0.));
#2496 = FACE_BOUND('',#2497,.T.);
#2497 = EDGE_LOOP('',(#2498));
#2498 = ORIENTED_EDGE('',*,*,#2499,.T.);
#2499 = EDGE_CURVE('',#2500,#2500,#2502,.T.);
#2500 = VERTEX_POINT('',#2501);
#2501 = CARTESIAN_POINT('',(123.89,-81.53,1.51));
#2502 = CIRCLE('',#2503,0.5);
#2503 = AXIS2_PLACEMENT_3D('',#2504,#2505,#2506);
#2504 = CARTESIAN_POINT('',(123.89,-81.03,1.51));
#2505 = DIRECTION('',(-0.,0.,-1.));
#2506 = DIRECTION('',(-0.,-1.,0.));
#2507 = FACE_BOUND('',#2508,.T.);
#2508 = EDGE_LOOP('',(#2509));
#2509 = ORIENTED_EDGE('',*,*,#2510,.T.);
#2510 = EDGE_CURVE('',#2511,#2511,#2513,.T.);
#2511 = VERTEX_POINT('',#2512);
#2512 = CARTESIAN_POINT('',(123.89,-78.99,1.51));
#2513 = CIRCLE('',#2514,0.5);
#2514 = AXIS2_PLACEMENT_3D('',#2515,#2516,#2517);
#2515 = CARTESIAN_POINT('',(123.89,-78.49,1.51));
#2516 = DIRECTION('',(-0.,0.,-1.));
#2517 = DIRECTION('',(-0.,-1.,0.));
#2518 = FACE_BOUND('',#2519,.T.);
#2519 = EDGE_LOOP('',(#2520));
#2520 = ORIENTED_EDGE('',*,*,#2521,.T.);
#2521 = EDGE_CURVE('',#2522,#2522,#2524,.T.);
#2522 = VERTEX_POINT('',#2523);
#2523 = CARTESIAN_POINT('',(123.89,-76.45,1.51));
#2524 = CIRCLE('',#2525,0.5);
#2525 = AXIS2_PLACEMENT_3D('',#2526,#2527,#2528);
#2526 = CARTESIAN_POINT('',(123.89,-75.95,1.51));
#2527 = DIRECTION('',(-0.,0.,-1.));
#2528 = DIRECTION('',(-0.,-1.,0.));
#2529 = FACE_BOUND('',#2530,.T.);
#2530 = EDGE_LOOP('',(#2531));
#2531 = ORIENTED_EDGE('',*,*,#2532,.T.);
#2532 = EDGE_CURVE('',#2533,#2533,#2535,.T.);
#2533 = VERTEX_POINT('',#2534);
#2534 = CARTESIAN_POINT('',(112.575,-74.955,1.51));
#2535 = CIRCLE('',#2536,0.925);
#2536 = AXIS2_PLACEMENT_3D('',#2537,#2538,#2539);
#2537 = CARTESIAN_POINT('',(112.575,-74.03,1.51));
#2538 = DIRECTION('',(-0.,0.,-1.));
#2539 = DIRECTION('',(-0.,-1.,0.));
#2540 = FACE_BOUND('',#2541,.T.);
#2541 = EDGE_LOOP('',(#2542));
#2542 = ORIENTED_EDGE('',*,*,#2543,.T.);
#2543 = EDGE_CURVE('',#2544,#2544,#2546,.T.);
#2544 = VERTEX_POINT('',#2545);
#2545 = CARTESIAN_POINT('',(117.425,-74.955,1.51));
#2546 = CIRCLE('',#2547,0.925);
#2547 = AXIS2_PLACEMENT_3D('',#2548,#2549,#2550);
#2548 = CARTESIAN_POINT('',(117.425,-74.03,1.51));
#2549 = DIRECTION('',(-0.,0.,-1.));
#2550 = DIRECTION('',(-0.,-1.,0.));
#2551 = FACE_BOUND('',#2552,.T.);
#2552 = EDGE_LOOP('',(#2553));
#2553 = ORIENTED_EDGE('',*,*,#2554,.T.);
#2554 = EDGE_CURVE('',#2555,#2555,#2557,.T.);
#2555 = VERTEX_POINT('',#2556);
#2556 = CARTESIAN_POINT('',(112.275,-72.1,1.51));
#2557 = CIRCLE('',#2558,1.1);
#2558 = AXIS2_PLACEMENT_3D('',#2559,#2560,#2561);
#2559 = CARTESIAN_POINT('',(112.275,-71.,1.51));
#2560 = DIRECTION('',(-0.,0.,-1.));
#2561 = DIRECTION('',(-0.,-1.,0.));
#2562 = FACE_BOUND('',#2563,.T.);
#2563 = EDGE_LOOP('',(#2564));
#2564 = ORIENTED_EDGE('',*,*,#2565,.T.);
#2565 = EDGE_CURVE('',#2566,#2566,#2568,.T.);
#2566 = VERTEX_POINT('',#2567);
#2567 = CARTESIAN_POINT('',(117.725,-72.1,1.51));
#2568 = CIRCLE('',#2569,1.1);
#2569 = AXIS2_PLACEMENT_3D('',#2570,#2571,#2572);
#2570 = CARTESIAN_POINT('',(117.725,-71.,1.51));
#2571 = DIRECTION('',(-0.,0.,-1.));
#2572 = DIRECTION('',(-0.,-1.,0.));
#2573 = FACE_BOUND('',#2574,.T.);
#2574 = EDGE_LOOP('',(#2575));
#2575 = ORIENTED_EDGE('',*,*,#2576,.T.);
#2576 = EDGE_CURVE('',#2577,#2577,#2579,.T.);
#2577 = VERTEX_POINT('',#2578);
#2578 = CARTESIAN_POINT('',(123.89,-73.91,1.51));
#2579 = CIRCLE('',#2580,0.5);
#2580 = AXIS2_PLACEMENT_3D('',#2581,#2582,#2583);
#2581 = CARTESIAN_POINT('',(123.89,-73.41,1.51));
#2582 = DIRECTION('',(-0.,0.,-1.));
#2583 = DIRECTION('',(-0.,-1.,0.));
#2584 = FACE_BOUND('',#2585,.T.);
#2585 = EDGE_LOOP('',(#2586));
#2586 = ORIENTED_EDGE('',*,*,#2587,.T.);
#2587 = EDGE_CURVE('',#2588,#2588,#2590,.T.);
#2588 = VERTEX_POINT('',#2589);
#2589 = CARTESIAN_POINT('',(123.89,-71.37,1.51));
#2590 = CIRCLE('',#2591,0.5);
#2591 = AXIS2_PLACEMENT_3D('',#2592,#2593,#2594);
#2592 = CARTESIAN_POINT('',(123.89,-70.87,1.51));
#2593 = DIRECTION('',(-0.,0.,-1.));
#2594 = DIRECTION('',(-0.,-1.,0.));
#2595 = FACE_BOUND('',#2596,.T.);
#2596 = EDGE_LOOP('',(#2597));
#2597 = ORIENTED_EDGE('',*,*,#2598,.T.);
#2598 = EDGE_CURVE('',#2599,#2599,#2601,.T.);
#2599 = VERTEX_POINT('',#2600);
#2600 = CARTESIAN_POINT('',(196.8675,-105.02,1.51));
#2601 = CIRCLE('',#2602,0.5);
#2602 = AXIS2_PLACEMENT_3D('',#2603,#2604,#2605);
#2603 = CARTESIAN_POINT('',(196.8675,-104.52,1.51));
#2604 = DIRECTION('',(-0.,0.,-1.));
#2605 = DIRECTION('',(-0.,-1.,0.));
#2606 = FACE_BOUND('',#2607,.T.);
#2607 = EDGE_LOOP('',(#2608));
#2608 = ORIENTED_EDGE('',*,*,#2609,.T.);
#2609 = EDGE_CURVE('',#2610,#2610,#2612,.T.);
#2610 = VERTEX_POINT('',#2611);
#2611 = CARTESIAN_POINT('',(196.8675,-102.48,1.51));
#2612 = CIRCLE('',#2613,0.5);
#2613 = AXIS2_PLACEMENT_3D('',#2614,#2615,#2616);
#2614 = CARTESIAN_POINT('',(196.8675,-101.98,1.51));
#2615 = DIRECTION('',(-0.,0.,-1.));
#2616 = DIRECTION('',(-0.,-1.,0.));
#2617 = FACE_BOUND('',#2618,.T.);
#2618 = EDGE_LOOP('',(#2619));
#2619 = ORIENTED_EDGE('',*,*,#2620,.T.);
#2620 = EDGE_CURVE('',#2621,#2621,#2623,.T.);
#2621 = VERTEX_POINT('',#2622);
#2622 = CARTESIAN_POINT('',(196.867501,-99.94,1.51));
#2623 = CIRCLE('',#2624,0.5);
#2624 = AXIS2_PLACEMENT_3D('',#2625,#2626,#2627);
#2625 = CARTESIAN_POINT('',(196.867501,-99.44,1.51));
#2626 = DIRECTION('',(-0.,0.,-1.));
#2627 = DIRECTION('',(-0.,-1.,0.));
#2628 = FACE_BOUND('',#2629,.T.);
#2629 = EDGE_LOOP('',(#2630));
#2630 = ORIENTED_EDGE('',*,*,#2631,.T.);
#2631 = EDGE_CURVE('',#2632,#2632,#2634,.T.);
#2632 = VERTEX_POINT('',#2633);
#2633 = CARTESIAN_POINT('',(196.8675,-97.4,1.51));
#2634 = CIRCLE('',#2635,0.5);
#2635 = AXIS2_PLACEMENT_3D('',#2636,#2637,#2638);
#2636 = CARTESIAN_POINT('',(196.8675,-96.9,1.51));
#2637 = DIRECTION('',(-0.,0.,-1.));
#2638 = DIRECTION('',(-0.,-1.,0.));
#2639 = FACE_BOUND('',#2640,.T.);
#2640 = EDGE_LOOP('',(#2641));
#2641 = ORIENTED_EDGE('',*,*,#2642,.T.);
#2642 = EDGE_CURVE('',#2643,#2643,#2645,.T.);
#2643 = VERTEX_POINT('',#2644);
#2644 = CARTESIAN_POINT('',(196.1175,-73.57,1.51));
#2645 = CIRCLE('',#2646,1.6);
#2646 = AXIS2_PLACEMENT_3D('',#2647,#2648,#2649);
#2647 = CARTESIAN_POINT('',(196.1175,-71.97,1.51));
#2648 = DIRECTION('',(-0.,0.,-1.));
#2649 = DIRECTION('',(-0.,-1.,0.));
#2650 = FACE_BOUND('',#2651,.T.);
#2651 = EDGE_LOOP('',(#2652));
#2652 = ORIENTED_EDGE('',*,*,#2653,.T.);
#2653 = EDGE_CURVE('',#2654,#2654,#2656,.T.);
#2654 = VERTEX_POINT('',#2655);
#2655 = CARTESIAN_POINT('',(215.,-79.499999,1.51));
#2656 = CIRCLE('',#2657,0.25);
#2657 = AXIS2_PLACEMENT_3D('',#2658,#2659,#2660);
#2658 = CARTESIAN_POINT('',(215.,-79.249999,1.51));
#2659 = DIRECTION('',(-0.,0.,-1.));
#2660 = DIRECTION('',(-0.,-1.,0.));
#2661 = FACE_BOUND('',#2662,.T.);
#2662 = EDGE_LOOP('',(#2663));
#2663 = ORIENTED_EDGE('',*,*,#2664,.T.);
#2664 = EDGE_CURVE('',#2665,#2665,#2667,.T.);
#2665 = VERTEX_POINT('',#2666);
#2666 = CARTESIAN_POINT('',(215.,-78.25,1.51));
#2667 = CIRCLE('',#2668,0.25);
#2668 = AXIS2_PLACEMENT_3D('',#2669,#2670,#2671);
#2669 = CARTESIAN_POINT('',(215.,-78.,1.51));
#2670 = DIRECTION('',(-0.,0.,-1.));
#2671 = DIRECTION('',(-0.,-1.,0.));
#2672 = PLANE('',#2673);
#2673 = AXIS2_PLACEMENT_3D('',#2674,#2675,#2676);
#2674 = CARTESIAN_POINT('',(0.,0.,1.51));
#2675 = DIRECTION('',(0.,0.,1.));
#2676 = DIRECTION('',(1.,0.,-0.));
#2677 = ADVANCED_FACE('',(#2678),#2689,.T.);
#2678 = FACE_BOUND('',#2679,.T.);
#2679 = EDGE_LOOP('',(#2680,#2686,#2687,#2688));
#2680 = ORIENTED_EDGE('',*,*,#2681,.T.);
#2681 = EDGE_CURVE('',#144,#1414,#2682,.T.);
#2682 = LINE('',#2683,#2684);
#2683 = CARTESIAN_POINT('',(69.,-57.5,0.));
#2684 = VECTOR('',#2685,1.);
#2685 = DIRECTION('',(0.,0.,1.));
#2686 = ORIENTED_EDGE('',*,*,#1413,.T.);
#2687 = ORIENTED_EDGE('',*,*,#79,.F.);
#2688 = ORIENTED_EDGE('',*,*,#143,.F.);
#2689 = PLANE('',#2690);
#2690 = AXIS2_PLACEMENT_3D('',#2691,#2692,#2693);
#2691 = CARTESIAN_POINT('',(69.,-57.5,0.));
#2692 = DIRECTION('',(0.,1.,0.));
#2693 = DIRECTION('',(1.,0.,0.));
#2694 = ADVANCED_FACE('',(#2695),#2706,.T.);
#2695 = FACE_BOUND('',#2696,.T.);
#2696 = EDGE_LOOP('',(#2697,#2698,#2699,#2705));
#2697 = ORIENTED_EDGE('',*,*,#119,.T.);
#2698 = ORIENTED_EDGE('',*,*,#1489,.T.);
#2699 = ORIENTED_EDGE('',*,*,#2700,.F.);
#2700 = EDGE_CURVE('',#212,#1482,#2701,.T.);
#2701 = LINE('',#2702,#2703);
#2702 = CARTESIAN_POINT('',(230.,-58.,0.));
#2703 = VECTOR('',#2704,1.);
#2704 = DIRECTION('',(0.,0.,1.));
#2705 = ORIENTED_EDGE('',*,*,#219,.F.);
#2706 = PLANE('',#2707);
#2707 = AXIS2_PLACEMENT_3D('',#2708,#2709,#2710);
#2708 = CARTESIAN_POINT('',(125.,-58.,0.));
#2709 = DIRECTION('',(0.,1.,0.));
#2710 = DIRECTION('',(1.,0.,0.));
#2711 = ADVANCED_FACE('',(#2712),#2723,.T.);
#2712 = FACE_BOUND('',#2713,.T.);
#2713 = EDGE_LOOP('',(#2714,#2720,#2721,#2722));
#2714 = ORIENTED_EDGE('',*,*,#2715,.T.);
#2715 = EDGE_CURVE('',#152,#1422,#2716,.T.);
#2716 = LINE('',#2717,#2718);
#2717 = CARTESIAN_POINT('',(69.071068,-144.,0.));
#2718 = VECTOR('',#2719,1.);
#2719 = DIRECTION('',(0.,0.,1.));
#2720 = ORIENTED_EDGE('',*,*,#1421,.T.);
#2721 = ORIENTED_EDGE('',*,*,#2681,.F.);
#2722 = ORIENTED_EDGE('',*,*,#151,.F.);
#2723 = PLANE('',#2724);
#2724 = AXIS2_PLACEMENT_3D('',#2725,#2726,#2727);
#2725 = CARTESIAN_POINT('',(69.071068,-144.,0.));
#2726 = DIRECTION('',(-0.999999662491,-8.215950984264E-04,0.));
#2727 = DIRECTION('',(-8.215950984264E-04,0.999999662491,0.));
#2728 = ADVANCED_FACE('',(#2729),#2740,.T.);
#2729 = FACE_BOUND('',#2730,.T.);
#2730 = EDGE_LOOP('',(#2731,#2732,#2733,#2739));
#2731 = ORIENTED_EDGE('',*,*,#2700,.T.);
#2732 = ORIENTED_EDGE('',*,*,#1481,.T.);
#2733 = ORIENTED_EDGE('',*,*,#2734,.F.);
#2734 = EDGE_CURVE('',#203,#1473,#2735,.T.);
#2735 = LINE('',#2736,#2737);
#2736 = CARTESIAN_POINT('',(230.,-143.,0.));
#2737 = VECTOR('',#2738,1.);
#2738 = DIRECTION('',(0.,0.,1.));
#2739 = ORIENTED_EDGE('',*,*,#211,.F.);
#2740 = PLANE('',#2741);
#2741 = AXIS2_PLACEMENT_3D('',#2742,#2743,#2744);
#2742 = CARTESIAN_POINT('',(230.,-58.,0.));
#2743 = DIRECTION('',(1.,0.,-0.));
#2744 = DIRECTION('',(0.,-1.,0.));
#2745 = ADVANCED_FACE('',(#2746),#2757,.T.);
#2746 = FACE_BOUND('',#2747,.T.);
#2747 = EDGE_LOOP('',(#2748,#2754,#2755,#2756));
#2748 = ORIENTED_EDGE('',*,*,#2749,.T.);
#2749 = EDGE_CURVE('',#160,#1430,#2750,.T.);
#2750 = LINE('',#2751,#2752);
#2751 = CARTESIAN_POINT('',(79.071068,-154.,0.));
#2752 = VECTOR('',#2753,1.);
#2753 = DIRECTION('',(0.,0.,1.));
#2754 = ORIENTED_EDGE('',*,*,#1429,.T.);
#2755 = ORIENTED_EDGE('',*,*,#2715,.F.);
#2756 = ORIENTED_EDGE('',*,*,#159,.F.);
#2757 = CYLINDRICAL_SURFACE('',#2758,9.999999357669);
#2758 = AXIS2_PLACEMENT_3D('',#2759,#2760,#2761);
#2759 = CARTESIAN_POINT('',(79.071067357669,-144.0000006423,0.));
#2760 = DIRECTION('',(0.,0.,-1.));
#2761 = DIRECTION('',(6.423314275614E-08,-1.,0.));
#2762 = ADVANCED_FACE('',(#2763),#2774,.T.);
#2763 = FACE_BOUND('',#2764,.T.);
#2764 = EDGE_LOOP('',(#2765,#2766,#2767,#2773));
#2765 = ORIENTED_EDGE('',*,*,#2734,.T.);
#2766 = ORIENTED_EDGE('',*,*,#1472,.T.);
#2767 = ORIENTED_EDGE('',*,*,#2768,.F.);
#2768 = EDGE_CURVE('',#195,#1465,#2769,.T.);
#2769 = LINE('',#2770,#2771);
#2770 = CARTESIAN_POINT('',(219.,-154.,0.));
#2771 = VECTOR('',#2772,1.);
#2772 = DIRECTION('',(0.,0.,1.));
#2773 = ORIENTED_EDGE('',*,*,#202,.F.);
#2774 = CYLINDRICAL_SURFACE('',#2775,10.999998610593);
#2775 = AXIS2_PLACEMENT_3D('',#2776,#2777,#2778);
#2776 = CARTESIAN_POINT('',(219.0000013894,-143.0000013894,0.));
#2777 = DIRECTION('',(0.,0.,-1.));
#2778 = DIRECTION('',(1.,1.263097538958E-07,0.));
#2779 = ADVANCED_FACE('',(#2780),#2791,.T.);
#2780 = FACE_BOUND('',#2781,.T.);
#2781 = EDGE_LOOP('',(#2782,#2788,#2789,#2790));
#2782 = ORIENTED_EDGE('',*,*,#2783,.T.);
#2783 = EDGE_CURVE('',#169,#1439,#2784,.T.);
#2784 = LINE('',#2785,#2786);
#2785 = CARTESIAN_POINT('',(132.,-154.,0.));
#2786 = VECTOR('',#2787,1.);
#2787 = DIRECTION('',(0.,0.,1.));
#2788 = ORIENTED_EDGE('',*,*,#1438,.T.);
#2789 = ORIENTED_EDGE('',*,*,#2749,.F.);
#2790 = ORIENTED_EDGE('',*,*,#168,.F.);
#2791 = PLANE('',#2792);
#2792 = AXIS2_PLACEMENT_3D('',#2793,#2794,#2795);
#2793 = CARTESIAN_POINT('',(132.,-154.,0.));
#2794 = DIRECTION('',(0.,-1.,0.));
#2795 = DIRECTION('',(-1.,0.,0.));
#2796 = ADVANCED_FACE('',(#2797),#2808,.T.);
#2797 = FACE_BOUND('',#2798,.T.);
#2798 = EDGE_LOOP('',(#2799,#2800,#2801,#2807));
#2799 = ORIENTED_EDGE('',*,*,#2768,.T.);
#2800 = ORIENTED_EDGE('',*,*,#1464,.T.);
#2801 = ORIENTED_EDGE('',*,*,#2802,.F.);
#2802 = EDGE_CURVE('',#186,#1456,#2803,.T.);
#2803 = LINE('',#2804,#2805);
#2804 = CARTESIAN_POINT('',(168.,-154.,0.));
#2805 = VECTOR('',#2806,1.);
#2806 = DIRECTION('',(0.,0.,1.));
#2807 = ORIENTED_EDGE('',*,*,#194,.F.);
#2808 = PLANE('',#2809);
#2809 = AXIS2_PLACEMENT_3D('',#2810,#2811,#2812);
#2810 = CARTESIAN_POINT('',(219.,-154.,0.));
#2811 = DIRECTION('',(0.,-1.,0.));
#2812 = DIRECTION('',(-1.,0.,0.));
#2813 = ADVANCED_FACE('',(#2814),#2825,.F.);
#2814 = FACE_BOUND('',#2815,.T.);
#2815 = EDGE_LOOP('',(#2816,#2822,#2823,#2824));
#2816 = ORIENTED_EDGE('',*,*,#2817,.T.);
#2817 = EDGE_CURVE('',#177,#1447,#2818,.T.);
#2818 = LINE('',#2819,#2820);
#2819 = CARTESIAN_POINT('',(150.,-136.,0.));
#2820 = VECTOR('',#2821,1.);
#2821 = DIRECTION('',(0.,0.,1.));
#2822 = ORIENTED_EDGE('',*,*,#1446,.T.);
#2823 = ORIENTED_EDGE('',*,*,#2783,.F.);
#2824 = ORIENTED_EDGE('',*,*,#176,.F.);
#2825 = CYLINDRICAL_SURFACE('',#2826,18.000000209489);
#2826 = AXIS2_PLACEMENT_3D('',#2827,#2828,#2829);
#2827 = CARTESIAN_POINT('',(150.00000020948,-154.0000002094,0.));
#2828 = DIRECTION('',(-0.,-0.,-1.));
#2829 = DIRECTION('',(-1.163826670863E-08,1.,0.));
#2830 = ADVANCED_FACE('',(#2831),#2837,.F.);
#2831 = FACE_BOUND('',#2832,.T.);
#2832 = EDGE_LOOP('',(#2833,#2834,#2835,#2836));
#2833 = ORIENTED_EDGE('',*,*,#2802,.T.);
#2834 = ORIENTED_EDGE('',*,*,#1455,.T.);
#2835 = ORIENTED_EDGE('',*,*,#2817,.F.);
#2836 = ORIENTED_EDGE('',*,*,#185,.F.);
#2837 = CYLINDRICAL_SURFACE('',#2838,18.000000209489);
#2838 = AXIS2_PLACEMENT_3D('',#2839,#2840,#2841);
#2839 = CARTESIAN_POINT('',(149.99999979051,-154.0000002094,0.));
#2840 = DIRECTION('',(-0.,-0.,-1.));
#2841 = DIRECTION('',(1.,1.163826670863E-08,-0.));
#2842 = ADVANCED_FACE('',(#2843),#2854,.F.);
#2843 = FACE_BOUND('',#2844,.T.);
#2844 = EDGE_LOOP('',(#2845,#2846,#2852,#2853));
#2845 = ORIENTED_EDGE('',*,*,#228,.T.);
#2846 = ORIENTED_EDGE('',*,*,#2847,.T.);
#2847 = EDGE_CURVE('',#229,#1499,#2848,.T.);
#2848 = LINE('',#2849,#2850);
#2849 = CARTESIAN_POINT('',(116.5,-148.5,-4.6E-02));
#2850 = VECTOR('',#2851,1.);
#2851 = DIRECTION('',(0.,0.,1.));
#2852 = ORIENTED_EDGE('',*,*,#1498,.F.);
#2853 = ORIENTED_EDGE('',*,*,#2847,.F.);
#2854 = CYLINDRICAL_SURFACE('',#2855,0.5);
#2855 = AXIS2_PLACEMENT_3D('',#2856,#2857,#2858);
#2856 = CARTESIAN_POINT('',(116.5,-148.,-4.6E-02));
#2857 = DIRECTION('',(-0.,-0.,-1.));
#2858 = DIRECTION('',(-0.,-1.,0.));
#2859 = ADVANCED_FACE('',(#2860),#2871,.F.);
#2860 = FACE_BOUND('',#2861,.T.);
#2861 = EDGE_LOOP('',(#2862,#2863,#2869,#2870));
#2862 = ORIENTED_EDGE('',*,*,#239,.T.);
#2863 = ORIENTED_EDGE('',*,*,#2864,.T.);
#2864 = EDGE_CURVE('',#240,#1510,#2865,.T.);
#2865 = LINE('',#2866,#2867);
#2866 = CARTESIAN_POINT('',(119.,-148.5,-4.6E-02));
#2867 = VECTOR('',#2868,1.);
#2868 = DIRECTION('',(0.,0.,1.));
#2869 = ORIENTED_EDGE('',*,*,#1509,.F.);
#2870 = ORIENTED_EDGE('',*,*,#2864,.F.);
#2871 = CYLINDRICAL_SURFACE('',#2872,0.5);
#2872 = AXIS2_PLACEMENT_3D('',#2873,#2874,#2875);
#2873 = CARTESIAN_POINT('',(119.,-148.,-4.6E-02));
#2874 = DIRECTION('',(-0.,-0.,-1.));
#2875 = DIRECTION('',(-0.,-1.,0.));
#2876 = ADVANCED_FACE('',(#2877),#2888,.F.);
#2877 = FACE_BOUND('',#2878,.T.);
#2878 = EDGE_LOOP('',(#2879,#2880,#2886,#2887));
#2879 = ORIENTED_EDGE('',*,*,#250,.T.);
#2880 = ORIENTED_EDGE('',*,*,#2881,.T.);
#2881 = EDGE_CURVE('',#251,#1521,#2882,.T.);
#2882 = LINE('',#2883,#2884);
#2883 = CARTESIAN_POINT('',(114.000001,-146.12,-4.6E-02));
#2884 = VECTOR('',#2885,1.);
#2885 = DIRECTION('',(0.,0.,1.));
#2886 = ORIENTED_EDGE('',*,*,#1520,.F.);
#2887 = ORIENTED_EDGE('',*,*,#2881,.F.);
#2888 = CYLINDRICAL_SURFACE('',#2889,1.42);
#2889 = AXIS2_PLACEMENT_3D('',#2890,#2891,#2892);
#2890 = CARTESIAN_POINT('',(114.000001,-144.7,-4.6E-02));
#2891 = DIRECTION('',(-0.,-0.,-1.));
#2892 = DIRECTION('',(-0.,-1.,0.));
#2893 = ADVANCED_FACE('',(#2894),#2905,.F.);
#2894 = FACE_BOUND('',#2895,.T.);
#2895 = EDGE_LOOP('',(#2896,#2897,#2903,#2904));
#2896 = ORIENTED_EDGE('',*,*,#261,.T.);
#2897 = ORIENTED_EDGE('',*,*,#2898,.T.);
#2898 = EDGE_CURVE('',#262,#1532,#2899,.T.);
#2899 = LINE('',#2900,#2901);
#2900 = CARTESIAN_POINT('',(121.5,-148.5,-4.6E-02));
#2901 = VECTOR('',#2902,1.);
#2902 = DIRECTION('',(0.,0.,1.));
#2903 = ORIENTED_EDGE('',*,*,#1531,.F.);
#2904 = ORIENTED_EDGE('',*,*,#2898,.F.);
#2905 = CYLINDRICAL_SURFACE('',#2906,0.5);
#2906 = AXIS2_PLACEMENT_3D('',#2907,#2908,#2909);
#2907 = CARTESIAN_POINT('',(121.5,-148.,-4.6E-02));
#2908 = DIRECTION('',(-0.,-0.,-1.));
#2909 = DIRECTION('',(-0.,-1.,0.));
#2910 = ADVANCED_FACE('',(#2911),#2922,.F.);
#2911 = FACE_BOUND('',#2912,.T.);
#2912 = EDGE_LOOP('',(#2913,#2914,#2920,#2921));
#2913 = ORIENTED_EDGE('',*,*,#272,.T.);
#2914 = ORIENTED_EDGE('',*,*,#2915,.T.);
#2915 = EDGE_CURVE('',#273,#1543,#2916,.T.);
#2916 = LINE('',#2917,#2918);
#2917 = CARTESIAN_POINT('',(124.,-146.120001,-4.6E-02));
#2918 = VECTOR('',#2919,1.);
#2919 = DIRECTION('',(0.,0.,1.));
#2920 = ORIENTED_EDGE('',*,*,#1542,.F.);
#2921 = ORIENTED_EDGE('',*,*,#2915,.F.);
#2922 = CYLINDRICAL_SURFACE('',#2923,1.42);
#2923 = AXIS2_PLACEMENT_3D('',#2924,#2925,#2926);
#2924 = CARTESIAN_POINT('',(124.,-144.700001,-4.6E-02));
#2925 = DIRECTION('',(-0.,-0.,-1.));
#2926 = DIRECTION('',(-0.,-1.,0.));
#2927 = ADVANCED_FACE('',(#2928),#2939,.F.);
#2928 = FACE_BOUND('',#2929,.T.);
#2929 = EDGE_LOOP('',(#2930,#2931,#2937,#2938));
#2930 = ORIENTED_EDGE('',*,*,#283,.T.);
#2931 = ORIENTED_EDGE('',*,*,#2932,.T.);
#2932 = EDGE_CURVE('',#284,#1554,#2933,.T.);
#2933 = LINE('',#2934,#2935);
#2934 = CARTESIAN_POINT('',(94.1175,-129.37,-4.6E-02));
#2935 = VECTOR('',#2936,1.);
#2936 = DIRECTION('',(0.,0.,1.));
#2937 = ORIENTED_EDGE('',*,*,#1553,.F.);
#2938 = ORIENTED_EDGE('',*,*,#2932,.F.);
#2939 = CYLINDRICAL_SURFACE('',#2940,1.6);
#2940 = AXIS2_PLACEMENT_3D('',#2941,#2942,#2943);
#2941 = CARTESIAN_POINT('',(94.1175,-127.77,-4.6E-02));
#2942 = DIRECTION('',(-0.,-0.,-1.));
#2943 = DIRECTION('',(-0.,-1.,0.));
#2944 = ADVANCED_FACE('',(#2945),#2956,.F.);
#2945 = FACE_BOUND('',#2946,.T.);
#2946 = EDGE_LOOP('',(#2947,#2948,#2954,#2955));
#2947 = ORIENTED_EDGE('',*,*,#294,.T.);
#2948 = ORIENTED_EDGE('',*,*,#2949,.T.);
#2949 = EDGE_CURVE('',#295,#1565,#2950,.T.);
#2950 = LINE('',#2951,#2952);
#2951 = CARTESIAN_POINT('',(106.11,-119.63,-4.6E-02));
#2952 = VECTOR('',#2953,1.);
#2953 = DIRECTION('',(0.,0.,1.));
#2954 = ORIENTED_EDGE('',*,*,#1564,.F.);
#2955 = ORIENTED_EDGE('',*,*,#2949,.F.);
#2956 = CYLINDRICAL_SURFACE('',#2957,0.5);
#2957 = AXIS2_PLACEMENT_3D('',#2958,#2959,#2960);
#2958 = CARTESIAN_POINT('',(106.11,-119.13,-4.6E-02));
#2959 = DIRECTION('',(-0.,-0.,-1.));
#2960 = DIRECTION('',(-0.,-1.,0.));
#2961 = ADVANCED_FACE('',(#2962),#2973,.F.);
#2962 = FACE_BOUND('',#2963,.T.);
#2963 = EDGE_LOOP('',(#2964,#2965,#2971,#2972));
#2964 = ORIENTED_EDGE('',*,*,#305,.T.);
#2965 = ORIENTED_EDGE('',*,*,#2966,.T.);
#2966 = EDGE_CURVE('',#306,#1576,#2967,.T.);
#2967 = LINE('',#2968,#2969);
#2968 = CARTESIAN_POINT('',(78.668,-114.3595,-4.6E-02));
#2969 = VECTOR('',#2970,1.);
#2970 = DIRECTION('',(0.,0.,1.));
#2971 = ORIENTED_EDGE('',*,*,#1575,.F.);
#2972 = ORIENTED_EDGE('',*,*,#2966,.F.);
#2973 = CYLINDRICAL_SURFACE('',#2974,0.4445);
#2974 = AXIS2_PLACEMENT_3D('',#2975,#2976,#2977);
#2975 = CARTESIAN_POINT('',(78.668,-113.915,-4.6E-02));
#2976 = DIRECTION('',(-0.,-0.,-1.));
#2977 = DIRECTION('',(-0.,-1.,0.));
#2978 = ADVANCED_FACE('',(#2979),#2990,.F.);
#2979 = FACE_BOUND('',#2980,.T.);
#2980 = EDGE_LOOP('',(#2981,#2982,#2988,#2989));
#2981 = ORIENTED_EDGE('',*,*,#316,.T.);
#2982 = ORIENTED_EDGE('',*,*,#2983,.T.);
#2983 = EDGE_CURVE('',#317,#1587,#2984,.T.);
#2984 = LINE('',#2985,#2986);
#2985 = CARTESIAN_POINT('',(81.208,-114.3595,-4.6E-02));
#2986 = VECTOR('',#2987,1.);
#2987 = DIRECTION('',(0.,0.,1.));
#2988 = ORIENTED_EDGE('',*,*,#1586,.F.);
#2989 = ORIENTED_EDGE('',*,*,#2983,.F.);
#2990 = CYLINDRICAL_SURFACE('',#2991,0.4445);
#2991 = AXIS2_PLACEMENT_3D('',#2992,#2993,#2994);
#2992 = CARTESIAN_POINT('',(81.208,-113.915,-4.6E-02));
#2993 = DIRECTION('',(-0.,-0.,-1.));
#2994 = DIRECTION('',(-0.,-1.,0.));
#2995 = ADVANCED_FACE('',(#2996),#3007,.F.);
#2996 = FACE_BOUND('',#2997,.T.);
#2997 = EDGE_LOOP('',(#2998,#2999,#3005,#3006));
#2998 = ORIENTED_EDGE('',*,*,#327,.T.);
#2999 = ORIENTED_EDGE('',*,*,#3000,.T.);
#3000 = EDGE_CURVE('',#328,#1598,#3001,.T.);
#3001 = LINE('',#3002,#3003);
#3002 = CARTESIAN_POINT('',(74.748,-110.8635,-4.6E-02));
#3003 = VECTOR('',#3004,1.);
#3004 = DIRECTION('',(0.,0.,1.));
#3005 = ORIENTED_EDGE('',*,*,#1597,.F.);
#3006 = ORIENTED_EDGE('',*,*,#3000,.F.);
#3007 = CYLINDRICAL_SURFACE('',#3008,0.6985);
#3008 = AXIS2_PLACEMENT_3D('',#3009,#3010,#3011);
#3009 = CARTESIAN_POINT('',(74.748,-110.165,-4.6E-02));
#3010 = DIRECTION('',(-0.,0.,-1.));
#3011 = DIRECTION('',(2.034481705827E-14,-1.,-0.));
#3012 = ADVANCED_FACE('',(#3013),#3024,.F.);
#3013 = FACE_BOUND('',#3014,.T.);
#3014 = EDGE_LOOP('',(#3015,#3016,#3022,#3023));
#3015 = ORIENTED_EDGE('',*,*,#338,.T.);
#3016 = ORIENTED_EDGE('',*,*,#3017,.T.);
#3017 = EDGE_CURVE('',#339,#1609,#3018,.T.);
#3018 = LINE('',#3019,#3020);
#3019 = CARTESIAN_POINT('',(83.748,-114.3595,-4.6E-02));
#3020 = VECTOR('',#3021,1.);
#3021 = DIRECTION('',(0.,0.,1.));
#3022 = ORIENTED_EDGE('',*,*,#1608,.F.);
#3023 = ORIENTED_EDGE('',*,*,#3017,.F.);
#3024 = CYLINDRICAL_SURFACE('',#3025,0.4445);
#3025 = AXIS2_PLACEMENT_3D('',#3026,#3027,#3028);
#3026 = CARTESIAN_POINT('',(83.748,-113.915,-4.6E-02));
#3027 = DIRECTION('',(-0.,0.,-1.));
#3028 = DIRECTION('',(3.197042680585E-14,-1.,-0.));
#3029 = ADVANCED_FACE('',(#3030),#3041,.F.);
#3030 = FACE_BOUND('',#3031,.T.);
#3031 = EDGE_LOOP('',(#3032,#3033,#3039,#3040));
#3032 = ORIENTED_EDGE('',*,*,#349,.T.);
#3033 = ORIENTED_EDGE('',*,*,#3034,.T.);
#3034 = EDGE_CURVE('',#350,#1620,#3035,.T.);
#3035 = LINE('',#3036,#3037);
#3036 = CARTESIAN_POINT('',(87.498,-110.8635,-4.6E-02));
#3037 = VECTOR('',#3038,1.);
#3038 = DIRECTION('',(0.,0.,1.));
#3039 = ORIENTED_EDGE('',*,*,#1619,.F.);
#3040 = ORIENTED_EDGE('',*,*,#3034,.F.);
#3041 = CYLINDRICAL_SURFACE('',#3042,0.6985);
#3042 = AXIS2_PLACEMENT_3D('',#3043,#3044,#3045);
#3043 = CARTESIAN_POINT('',(87.498,-110.165,-4.6E-02));
#3044 = DIRECTION('',(-0.,0.,-1.));
#3045 = DIRECTION('',(2.034481705827E-14,-1.,-0.));
#3046 = ADVANCED_FACE('',(#3047),#3058,.F.);
#3047 = FACE_BOUND('',#3048,.T.);
#3048 = EDGE_LOOP('',(#3049,#3050,#3056,#3057));
#3049 = ORIENTED_EDGE('',*,*,#360,.T.);
#3050 = ORIENTED_EDGE('',*,*,#3051,.T.);
#3051 = EDGE_CURVE('',#361,#1631,#3052,.T.);
#3052 = LINE('',#3053,#3054);
#3053 = CARTESIAN_POINT('',(92.6175,-116.79,-4.6E-02));
#3054 = VECTOR('',#3055,1.);
#3055 = DIRECTION('',(0.,0.,1.));
#3056 = ORIENTED_EDGE('',*,*,#1630,.F.);
#3057 = ORIENTED_EDGE('',*,*,#3051,.F.);
#3058 = CYLINDRICAL_SURFACE('',#3059,0.5);
#3059 = AXIS2_PLACEMENT_3D('',#3060,#3061,#3062);
#3060 = CARTESIAN_POINT('',(92.6175,-116.29,-4.6E-02));
#3061 = DIRECTION('',(-0.,-0.,-1.));
#3062 = DIRECTION('',(-0.,-1.,0.));
#3063 = ADVANCED_FACE('',(#3064),#3075,.F.);
#3064 = FACE_BOUND('',#3065,.T.);
#3065 = EDGE_LOOP('',(#3066,#3067,#3073,#3074));
#3066 = ORIENTED_EDGE('',*,*,#371,.T.);
#3067 = ORIENTED_EDGE('',*,*,#3068,.T.);
#3068 = EDGE_CURVE('',#372,#1642,#3069,.T.);
#3069 = LINE('',#3070,#3071);
#3070 = CARTESIAN_POINT('',(106.11,-117.09,-4.6E-02));
#3071 = VECTOR('',#3072,1.);
#3072 = DIRECTION('',(0.,0.,1.));
#3073 = ORIENTED_EDGE('',*,*,#1641,.F.);
#3074 = ORIENTED_EDGE('',*,*,#3068,.F.);
#3075 = CYLINDRICAL_SURFACE('',#3076,0.5);
#3076 = AXIS2_PLACEMENT_3D('',#3077,#3078,#3079);
#3077 = CARTESIAN_POINT('',(106.11,-116.59,-4.6E-02));
#3078 = DIRECTION('',(-0.,-0.,-1.));
#3079 = DIRECTION('',(-0.,-1.,0.));
#3080 = ADVANCED_FACE('',(#3081),#3092,.F.);
#3081 = FACE_BOUND('',#3082,.T.);
#3082 = EDGE_LOOP('',(#3083,#3084,#3090,#3091));
#3083 = ORIENTED_EDGE('',*,*,#382,.T.);
#3084 = ORIENTED_EDGE('',*,*,#3085,.T.);
#3085 = EDGE_CURVE('',#383,#1653,#3086,.T.);
#3086 = LINE('',#3087,#3088);
#3087 = CARTESIAN_POINT('',(92.6175,-114.25,-4.6E-02));
#3088 = VECTOR('',#3089,1.);
#3089 = DIRECTION('',(0.,0.,1.));
#3090 = ORIENTED_EDGE('',*,*,#1652,.F.);
#3091 = ORIENTED_EDGE('',*,*,#3085,.F.);
#3092 = CYLINDRICAL_SURFACE('',#3093,0.5);
#3093 = AXIS2_PLACEMENT_3D('',#3094,#3095,#3096);
#3094 = CARTESIAN_POINT('',(92.6175,-113.75,-4.6E-02));
#3095 = DIRECTION('',(-0.,-0.,-1.));
#3096 = DIRECTION('',(-0.,-1.,0.));
#3097 = ADVANCED_FACE('',(#3098),#3109,.F.);
#3098 = FACE_BOUND('',#3099,.T.);
#3099 = EDGE_LOOP('',(#3100,#3101,#3107,#3108));
#3100 = ORIENTED_EDGE('',*,*,#393,.T.);
#3101 = ORIENTED_EDGE('',*,*,#3102,.T.);
#3102 = EDGE_CURVE('',#394,#1664,#3103,.T.);
#3103 = LINE('',#3104,#3105);
#3104 = CARTESIAN_POINT('',(92.6175,-111.71,-4.6E-02));
#3105 = VECTOR('',#3106,1.);
#3106 = DIRECTION('',(0.,0.,1.));
#3107 = ORIENTED_EDGE('',*,*,#1663,.F.);
#3108 = ORIENTED_EDGE('',*,*,#3102,.F.);
#3109 = CYLINDRICAL_SURFACE('',#3110,0.5);
#3110 = AXIS2_PLACEMENT_3D('',#3111,#3112,#3113);
#3111 = CARTESIAN_POINT('',(92.6175,-111.21,-4.6E-02));
#3112 = DIRECTION('',(-0.,-0.,-1.));
#3113 = DIRECTION('',(-0.,-1.,0.));
#3114 = ADVANCED_FACE('',(#3115),#3126,.F.);
#3115 = FACE_BOUND('',#3116,.T.);
#3116 = EDGE_LOOP('',(#3117,#3118,#3124,#3125));
#3117 = ORIENTED_EDGE('',*,*,#404,.T.);
#3118 = ORIENTED_EDGE('',*,*,#3119,.T.);
#3119 = EDGE_CURVE('',#405,#1675,#3120,.T.);
#3120 = LINE('',#3121,#3122);
#3121 = CARTESIAN_POINT('',(106.11,-114.55,-4.6E-02));
#3122 = VECTOR('',#3123,1.);
#3123 = DIRECTION('',(0.,0.,1.));
#3124 = ORIENTED_EDGE('',*,*,#1674,.F.);
#3125 = ORIENTED_EDGE('',*,*,#3119,.F.);
#3126 = CYLINDRICAL_SURFACE('',#3127,0.5);
#3127 = AXIS2_PLACEMENT_3D('',#3128,#3129,#3130);
#3128 = CARTESIAN_POINT('',(106.11,-114.05,-4.6E-02));
#3129 = DIRECTION('',(-0.,-0.,-1.));
#3130 = DIRECTION('',(-0.,-1.,0.));
#3131 = ADVANCED_FACE('',(#3132),#3143,.F.);
#3132 = FACE_BOUND('',#3133,.T.);
#3133 = EDGE_LOOP('',(#3134,#3135,#3141,#3142));
#3134 = ORIENTED_EDGE('',*,*,#415,.T.);
#3135 = ORIENTED_EDGE('',*,*,#3136,.T.);
#3136 = EDGE_CURVE('',#416,#1686,#3137,.T.);
#3137 = LINE('',#3138,#3139);
#3138 = CARTESIAN_POINT('',(106.11,-112.01,-4.6E-02));
#3139 = VECTOR('',#3140,1.);
#3140 = DIRECTION('',(0.,0.,1.));
#3141 = ORIENTED_EDGE('',*,*,#1685,.F.);
#3142 = ORIENTED_EDGE('',*,*,#3136,.F.);
#3143 = CYLINDRICAL_SURFACE('',#3144,0.5);
#3144 = AXIS2_PLACEMENT_3D('',#3145,#3146,#3147);
#3145 = CARTESIAN_POINT('',(106.11,-111.51,-4.6E-02));
#3146 = DIRECTION('',(-0.,-0.,-1.));
#3147 = DIRECTION('',(-0.,-1.,0.));
#3148 = ADVANCED_FACE('',(#3149),#3160,.F.);
#3149 = FACE_BOUND('',#3150,.T.);
#3150 = EDGE_LOOP('',(#3151,#3152,#3158,#3159));
#3151 = ORIENTED_EDGE('',*,*,#426,.T.);
#3152 = ORIENTED_EDGE('',*,*,#3153,.T.);
#3153 = EDGE_CURVE('',#427,#1697,#3154,.T.);
#3154 = LINE('',#3155,#3156);
#3155 = CARTESIAN_POINT('',(123.89,-119.63,-4.6E-02));
#3156 = VECTOR('',#3157,1.);
#3157 = DIRECTION('',(0.,0.,1.));
#3158 = ORIENTED_EDGE('',*,*,#1696,.F.);
#3159 = ORIENTED_EDGE('',*,*,#3153,.F.);
#3160 = CYLINDRICAL_SURFACE('',#3161,0.5);
#3161 = AXIS2_PLACEMENT_3D('',#3162,#3163,#3164);
#3162 = CARTESIAN_POINT('',(123.89,-119.13,-4.6E-02));
#3163 = DIRECTION('',(-0.,-0.,-1.));
#3164 = DIRECTION('',(-0.,-1.,0.));
#3165 = ADVANCED_FACE('',(#3166),#3177,.F.);
#3166 = FACE_BOUND('',#3167,.T.);
#3167 = EDGE_LOOP('',(#3168,#3169,#3175,#3176));
#3168 = ORIENTED_EDGE('',*,*,#437,.T.);
#3169 = ORIENTED_EDGE('',*,*,#3170,.T.);
#3170 = EDGE_CURVE('',#438,#1708,#3171,.T.);
#3171 = LINE('',#3172,#3173);
#3172 = CARTESIAN_POINT('',(123.89,-117.09,-4.6E-02));
#3173 = VECTOR('',#3174,1.);
#3174 = DIRECTION('',(0.,0.,1.));
#3175 = ORIENTED_EDGE('',*,*,#1707,.F.);
#3176 = ORIENTED_EDGE('',*,*,#3170,.F.);
#3177 = CYLINDRICAL_SURFACE('',#3178,0.5);
#3178 = AXIS2_PLACEMENT_3D('',#3179,#3180,#3181);
#3179 = CARTESIAN_POINT('',(123.89,-116.59,-4.6E-02));
#3180 = DIRECTION('',(-0.,-0.,-1.));
#3181 = DIRECTION('',(-0.,-1.,0.));
#3182 = ADVANCED_FACE('',(#3183),#3194,.F.);
#3183 = FACE_BOUND('',#3184,.T.);
#3184 = EDGE_LOOP('',(#3185,#3186,#3192,#3193));
#3185 = ORIENTED_EDGE('',*,*,#448,.T.);
#3186 = ORIENTED_EDGE('',*,*,#3187,.T.);
#3187 = EDGE_CURVE('',#449,#1719,#3188,.T.);
#3188 = LINE('',#3189,#3190);
#3189 = CARTESIAN_POINT('',(123.89,-114.55,-4.6E-02));
#3190 = VECTOR('',#3191,1.);
#3191 = DIRECTION('',(0.,0.,1.));
#3192 = ORIENTED_EDGE('',*,*,#1718,.F.);
#3193 = ORIENTED_EDGE('',*,*,#3187,.F.);
#3194 = CYLINDRICAL_SURFACE('',#3195,0.5);
#3195 = AXIS2_PLACEMENT_3D('',#3196,#3197,#3198);
#3196 = CARTESIAN_POINT('',(123.89,-114.05,-4.6E-02));
#3197 = DIRECTION('',(-0.,-0.,-1.));
#3198 = DIRECTION('',(-0.,-1.,0.));
#3199 = ADVANCED_FACE('',(#3200),#3211,.F.);
#3200 = FACE_BOUND('',#3201,.T.);
#3201 = EDGE_LOOP('',(#3202,#3203,#3209,#3210));
#3202 = ORIENTED_EDGE('',*,*,#459,.T.);
#3203 = ORIENTED_EDGE('',*,*,#3204,.T.);
#3204 = EDGE_CURVE('',#460,#1730,#3205,.T.);
#3205 = LINE('',#3206,#3207);
#3206 = CARTESIAN_POINT('',(123.89,-112.01,-4.6E-02));
#3207 = VECTOR('',#3208,1.);
#3208 = DIRECTION('',(0.,0.,1.));
#3209 = ORIENTED_EDGE('',*,*,#1729,.F.);
#3210 = ORIENTED_EDGE('',*,*,#3204,.F.);
#3211 = CYLINDRICAL_SURFACE('',#3212,0.5);
#3212 = AXIS2_PLACEMENT_3D('',#3213,#3214,#3215);
#3213 = CARTESIAN_POINT('',(123.89,-111.51,-4.6E-02));
#3214 = DIRECTION('',(-0.,-0.,-1.));
#3215 = DIRECTION('',(-0.,-1.,0.));
#3216 = ADVANCED_FACE('',(#3217),#3228,.F.);
#3217 = FACE_BOUND('',#3218,.T.);
#3218 = EDGE_LOOP('',(#3219,#3220,#3226,#3227));
#3219 = ORIENTED_EDGE('',*,*,#470,.T.);
#3220 = ORIENTED_EDGE('',*,*,#3221,.T.);
#3221 = EDGE_CURVE('',#471,#1741,#3222,.T.);
#3222 = LINE('',#3223,#3224);
#3223 = CARTESIAN_POINT('',(148.25,-133.5,-4.6E-02));
#3224 = VECTOR('',#3225,1.);
#3225 = DIRECTION('',(0.,0.,1.));
#3226 = ORIENTED_EDGE('',*,*,#1740,.F.);
#3227 = ORIENTED_EDGE('',*,*,#3221,.F.);
#3228 = CYLINDRICAL_SURFACE('',#3229,0.5);
#3229 = AXIS2_PLACEMENT_3D('',#3230,#3231,#3232);
#3230 = CARTESIAN_POINT('',(148.25,-133.,-4.6E-02));
#3231 = DIRECTION('',(-0.,-0.,-1.));
#3232 = DIRECTION('',(-0.,-1.,0.));
#3233 = ADVANCED_FACE('',(#3234),#3245,.F.);
#3234 = FACE_BOUND('',#3235,.T.);
#3235 = EDGE_LOOP('',(#3236,#3237,#3243,#3244));
#3236 = ORIENTED_EDGE('',*,*,#481,.T.);
#3237 = ORIENTED_EDGE('',*,*,#3238,.T.);
#3238 = EDGE_CURVE('',#482,#1752,#3239,.T.);
#3239 = LINE('',#3240,#3241);
#3240 = CARTESIAN_POINT('',(151.75,-133.5,-4.6E-02));
#3241 = VECTOR('',#3242,1.);
#3242 = DIRECTION('',(0.,0.,1.));
#3243 = ORIENTED_EDGE('',*,*,#1751,.F.);
#3244 = ORIENTED_EDGE('',*,*,#3238,.F.);
#3245 = CYLINDRICAL_SURFACE('',#3246,0.5);
#3246 = AXIS2_PLACEMENT_3D('',#3247,#3248,#3249);
#3247 = CARTESIAN_POINT('',(151.75,-133.,-4.6E-02));
#3248 = DIRECTION('',(-0.,-0.,-1.));
#3249 = DIRECTION('',(-0.,-1.,0.));
#3250 = ADVANCED_FACE('',(#3251),#3262,.F.);
#3251 = FACE_BOUND('',#3252,.T.);
#3252 = EDGE_LOOP('',(#3253,#3254,#3260,#3261));
#3253 = ORIENTED_EDGE('',*,*,#492,.T.);
#3254 = ORIENTED_EDGE('',*,*,#3255,.T.);
#3255 = EDGE_CURVE('',#493,#1763,#3256,.T.);
#3256 = LINE('',#3257,#3258);
#3257 = CARTESIAN_POINT('',(213.668,-145.3595,-4.6E-02));
#3258 = VECTOR('',#3259,1.);
#3259 = DIRECTION('',(0.,0.,1.));
#3260 = ORIENTED_EDGE('',*,*,#1762,.F.);
#3261 = ORIENTED_EDGE('',*,*,#3255,.F.);
#3262 = CYLINDRICAL_SURFACE('',#3263,0.4445);
#3263 = AXIS2_PLACEMENT_3D('',#3264,#3265,#3266);
#3264 = CARTESIAN_POINT('',(213.668,-144.915,-4.6E-02));
#3265 = DIRECTION('',(-0.,-0.,-1.));
#3266 = DIRECTION('',(-0.,-1.,0.));
#3267 = ADVANCED_FACE('',(#3268),#3279,.F.);
#3268 = FACE_BOUND('',#3269,.T.);
#3269 = EDGE_LOOP('',(#3270,#3271,#3277,#3278));
#3270 = ORIENTED_EDGE('',*,*,#503,.T.);
#3271 = ORIENTED_EDGE('',*,*,#3272,.T.);
#3272 = EDGE_CURVE('',#504,#1774,#3273,.T.);
#3273 = LINE('',#3274,#3275);
#3274 = CARTESIAN_POINT('',(216.208,-145.3595,-4.6E-02));
#3275 = VECTOR('',#3276,1.);
#3276 = DIRECTION('',(0.,0.,1.));
#3277 = ORIENTED_EDGE('',*,*,#1773,.F.);
#3278 = ORIENTED_EDGE('',*,*,#3272,.F.);
#3279 = CYLINDRICAL_SURFACE('',#3280,0.4445);
#3280 = AXIS2_PLACEMENT_3D('',#3281,#3282,#3283);
#3281 = CARTESIAN_POINT('',(216.208,-144.915,-4.6E-02));
#3282 = DIRECTION('',(-0.,-0.,-1.));
#3283 = DIRECTION('',(-0.,-1.,0.));
#3284 = ADVANCED_FACE('',(#3285),#3296,.F.);
#3285 = FACE_BOUND('',#3286,.T.);
#3286 = EDGE_LOOP('',(#3287,#3288,#3294,#3295));
#3287 = ORIENTED_EDGE('',*,*,#514,.T.);
#3288 = ORIENTED_EDGE('',*,*,#3289,.T.);
#3289 = EDGE_CURVE('',#515,#1785,#3290,.T.);
#3290 = LINE('',#3291,#3292);
#3291 = CARTESIAN_POINT('',(218.748,-145.3595,-4.6E-02));
#3292 = VECTOR('',#3293,1.);
#3293 = DIRECTION('',(0.,0.,1.));
#3294 = ORIENTED_EDGE('',*,*,#1784,.F.);
#3295 = ORIENTED_EDGE('',*,*,#3289,.F.);
#3296 = CYLINDRICAL_SURFACE('',#3297,0.4445);
#3297 = AXIS2_PLACEMENT_3D('',#3298,#3299,#3300);
#3298 = CARTESIAN_POINT('',(218.748,-144.915,-4.6E-02));
#3299 = DIRECTION('',(-0.,-0.,-1.));
#3300 = DIRECTION('',(-0.,-1.,0.));
#3301 = ADVANCED_FACE('',(#3302),#3313,.F.);
#3302 = FACE_BOUND('',#3303,.T.);
#3303 = EDGE_LOOP('',(#3304,#3305,#3311,#3312));
#3304 = ORIENTED_EDGE('',*,*,#525,.T.);
#3305 = ORIENTED_EDGE('',*,*,#3306,.T.);
#3306 = EDGE_CURVE('',#526,#1796,#3307,.T.);
#3307 = LINE('',#3308,#3309);
#3308 = CARTESIAN_POINT('',(209.748,-141.8635,-4.6E-02));
#3309 = VECTOR('',#3310,1.);
#3310 = DIRECTION('',(0.,0.,1.));
#3311 = ORIENTED_EDGE('',*,*,#1795,.F.);
#3312 = ORIENTED_EDGE('',*,*,#3306,.F.);
#3313 = CYLINDRICAL_SURFACE('',#3314,0.6985);
#3314 = AXIS2_PLACEMENT_3D('',#3315,#3316,#3317);
#3315 = CARTESIAN_POINT('',(209.748,-141.165,-4.6E-02));
#3316 = DIRECTION('',(-0.,-0.,-1.));
#3317 = DIRECTION('',(-0.,-1.,0.));
#3318 = ADVANCED_FACE('',(#3319),#3330,.F.);
#3319 = FACE_BOUND('',#3320,.T.);
#3320 = EDGE_LOOP('',(#3321,#3322,#3328,#3329));
#3321 = ORIENTED_EDGE('',*,*,#536,.T.);
#3322 = ORIENTED_EDGE('',*,*,#3323,.T.);
#3323 = EDGE_CURVE('',#537,#1807,#3324,.T.);
#3324 = LINE('',#3325,#3326);
#3325 = CARTESIAN_POINT('',(222.498,-141.8635,-4.6E-02));
#3326 = VECTOR('',#3327,1.);
#3327 = DIRECTION('',(0.,0.,1.));
#3328 = ORIENTED_EDGE('',*,*,#1806,.F.);
#3329 = ORIENTED_EDGE('',*,*,#3323,.F.);
#3330 = CYLINDRICAL_SURFACE('',#3331,0.6985);
#3331 = AXIS2_PLACEMENT_3D('',#3332,#3333,#3334);
#3332 = CARTESIAN_POINT('',(222.498,-141.165,-4.6E-02));
#3333 = DIRECTION('',(-0.,-0.,-1.));
#3334 = DIRECTION('',(-0.,-1.,0.));
#3335 = ADVANCED_FACE('',(#3336),#3347,.F.);
#3336 = FACE_BOUND('',#3337,.T.);
#3337 = EDGE_LOOP('',(#3338,#3339,#3345,#3346));
#3338 = ORIENTED_EDGE('',*,*,#547,.T.);
#3339 = ORIENTED_EDGE('',*,*,#3340,.T.);
#3340 = EDGE_CURVE('',#548,#1818,#3341,.T.);
#3341 = LINE('',#3342,#3343);
#3342 = CARTESIAN_POINT('',(207.248,-139.1095,-4.6E-02));
#3343 = VECTOR('',#3344,1.);
#3344 = DIRECTION('',(0.,0.,1.));
#3345 = ORIENTED_EDGE('',*,*,#1817,.F.);
#3346 = ORIENTED_EDGE('',*,*,#3340,.F.);
#3347 = CYLINDRICAL_SURFACE('',#3348,0.4445);
#3348 = AXIS2_PLACEMENT_3D('',#3349,#3350,#3351);
#3349 = CARTESIAN_POINT('',(207.248,-138.665,-4.6E-02));
#3350 = DIRECTION('',(-0.,-0.,-1.));
#3351 = DIRECTION('',(-0.,-1.,0.));
#3352 = ADVANCED_FACE('',(#3353),#3364,.F.);
#3353 = FACE_BOUND('',#3354,.T.);
#3354 = EDGE_LOOP('',(#3355,#3356,#3362,#3363));
#3355 = ORIENTED_EDGE('',*,*,#558,.T.);
#3356 = ORIENTED_EDGE('',*,*,#3357,.T.);
#3357 = EDGE_CURVE('',#559,#1829,#3358,.T.);
#3358 = LINE('',#3359,#3360);
#3359 = CARTESIAN_POINT('',(207.248,-136.5695,-4.6E-02));
#3360 = VECTOR('',#3361,1.);
#3361 = DIRECTION('',(0.,0.,1.));
#3362 = ORIENTED_EDGE('',*,*,#1828,.F.);
#3363 = ORIENTED_EDGE('',*,*,#3357,.F.);
#3364 = CYLINDRICAL_SURFACE('',#3365,0.4445);
#3365 = AXIS2_PLACEMENT_3D('',#3366,#3367,#3368);
#3366 = CARTESIAN_POINT('',(207.248,-136.125,-4.6E-02));
#3367 = DIRECTION('',(-0.,-0.,-1.));
#3368 = DIRECTION('',(-0.,-1.,0.));
#3369 = ADVANCED_FACE('',(#3370),#3381,.F.);
#3370 = FACE_BOUND('',#3371,.T.);
#3371 = EDGE_LOOP('',(#3372,#3373,#3379,#3380));
#3372 = ORIENTED_EDGE('',*,*,#569,.T.);
#3373 = ORIENTED_EDGE('',*,*,#3374,.T.);
#3374 = EDGE_CURVE('',#570,#1840,#3375,.T.);
#3375 = LINE('',#3376,#3377);
#3376 = CARTESIAN_POINT('',(207.248,-134.0295,-4.6E-02));
#3377 = VECTOR('',#3378,1.);
#3378 = DIRECTION('',(0.,0.,1.));
#3379 = ORIENTED_EDGE('',*,*,#1839,.F.);
#3380 = ORIENTED_EDGE('',*,*,#3374,.F.);
#3381 = CYLINDRICAL_SURFACE('',#3382,0.4445);
#3382 = AXIS2_PLACEMENT_3D('',#3383,#3384,#3385);
#3383 = CARTESIAN_POINT('',(207.248,-133.585,-4.6E-02));
#3384 = DIRECTION('',(-0.,-0.,-1.));
#3385 = DIRECTION('',(-0.,-1.,0.));
#3386 = ADVANCED_FACE('',(#3387),#3398,.F.);
#3387 = FACE_BOUND('',#3388,.T.);
#3388 = EDGE_LOOP('',(#3389,#3390,#3396,#3397));
#3389 = ORIENTED_EDGE('',*,*,#580,.T.);
#3390 = ORIENTED_EDGE('',*,*,#3391,.T.);
#3391 = EDGE_CURVE('',#581,#1851,#3392,.T.);
#3392 = LINE('',#3393,#3394);
#3393 = CARTESIAN_POINT('',(209.748,-131.8635,-4.6E-02));
#3394 = VECTOR('',#3395,1.);
#3395 = DIRECTION('',(0.,0.,1.));
#3396 = ORIENTED_EDGE('',*,*,#1850,.F.);
#3397 = ORIENTED_EDGE('',*,*,#3391,.F.);
#3398 = CYLINDRICAL_SURFACE('',#3399,0.6985);
#3399 = AXIS2_PLACEMENT_3D('',#3400,#3401,#3402);
#3400 = CARTESIAN_POINT('',(209.748,-131.165,-4.6E-02));
#3401 = DIRECTION('',(-0.,-0.,-1.));
#3402 = DIRECTION('',(-0.,-1.,0.));
#3403 = ADVANCED_FACE('',(#3404),#3415,.F.);
#3404 = FACE_BOUND('',#3405,.T.);
#3405 = EDGE_LOOP('',(#3406,#3407,#3413,#3414));
#3406 = ORIENTED_EDGE('',*,*,#591,.T.);
#3407 = ORIENTED_EDGE('',*,*,#3408,.T.);
#3408 = EDGE_CURVE('',#592,#1862,#3409,.T.);
#3409 = LINE('',#3410,#3411);
#3410 = CARTESIAN_POINT('',(212.898,-130.615,-4.6E-02));
#3411 = VECTOR('',#3412,1.);
#3412 = DIRECTION('',(0.,0.,1.));
#3413 = ORIENTED_EDGE('',*,*,#1861,.F.);
#3414 = ORIENTED_EDGE('',*,*,#3408,.F.);
#3415 = CYLINDRICAL_SURFACE('',#3416,0.45);
#3416 = AXIS2_PLACEMENT_3D('',#3417,#3418,#3419);
#3417 = CARTESIAN_POINT('',(212.898,-130.165,-4.6E-02));
#3418 = DIRECTION('',(-0.,-0.,-1.));
#3419 = DIRECTION('',(-6.315935428979E-14,-1.,0.));
#3420 = ADVANCED_FACE('',(#3421),#3432,.F.);
#3421 = FACE_BOUND('',#3422,.T.);
#3422 = EDGE_LOOP('',(#3423,#3424,#3430,#3431));
#3423 = ORIENTED_EDGE('',*,*,#602,.T.);
#3424 = ORIENTED_EDGE('',*,*,#3425,.T.);
#3425 = EDGE_CURVE('',#603,#1873,#3426,.T.);
#3426 = LINE('',#3427,#3428);
#3427 = CARTESIAN_POINT('',(219.248,-130.615,-4.6E-02));
#3428 = VECTOR('',#3429,1.);
#3429 = DIRECTION('',(0.,0.,1.));
#3430 = ORIENTED_EDGE('',*,*,#1872,.F.);
#3431 = ORIENTED_EDGE('',*,*,#3425,.F.);
#3432 = CYLINDRICAL_SURFACE('',#3433,0.45);
#3433 = AXIS2_PLACEMENT_3D('',#3434,#3435,#3436);
#3434 = CARTESIAN_POINT('',(219.248,-130.165,-4.6E-02));
#3435 = DIRECTION('',(-0.,-0.,-1.));
#3436 = DIRECTION('',(-0.,-1.,0.));
#3437 = ADVANCED_FACE('',(#3438),#3449,.F.);
#3438 = FACE_BOUND('',#3439,.T.);
#3439 = EDGE_LOOP('',(#3440,#3441,#3447,#3448));
#3440 = ORIENTED_EDGE('',*,*,#613,.T.);
#3441 = ORIENTED_EDGE('',*,*,#3442,.T.);
#3442 = EDGE_CURVE('',#614,#1884,#3443,.T.);
#3443 = LINE('',#3444,#3445);
#3444 = CARTESIAN_POINT('',(222.498,-131.8635,-4.6E-02));
#3445 = VECTOR('',#3446,1.);
#3446 = DIRECTION('',(0.,0.,1.));
#3447 = ORIENTED_EDGE('',*,*,#1883,.F.);
#3448 = ORIENTED_EDGE('',*,*,#3442,.F.);
#3449 = CYLINDRICAL_SURFACE('',#3450,0.6985);
#3450 = AXIS2_PLACEMENT_3D('',#3451,#3452,#3453);
#3451 = CARTESIAN_POINT('',(222.498,-131.165,-4.6E-02));
#3452 = DIRECTION('',(-0.,-0.,-1.));
#3453 = DIRECTION('',(-0.,-1.,0.));
#3454 = ADVANCED_FACE('',(#3455),#3466,.F.);
#3455 = FACE_BOUND('',#3456,.T.);
#3456 = EDGE_LOOP('',(#3457,#3458,#3464,#3465));
#3457 = ORIENTED_EDGE('',*,*,#624,.T.);
#3458 = ORIENTED_EDGE('',*,*,#3459,.T.);
#3459 = EDGE_CURVE('',#625,#1895,#3460,.T.);
#3460 = LINE('',#3461,#3462);
#3461 = CARTESIAN_POINT('',(196.1175,-129.37,-4.6E-02));
#3462 = VECTOR('',#3463,1.);
#3463 = DIRECTION('',(0.,0.,1.));
#3464 = ORIENTED_EDGE('',*,*,#1894,.F.);
#3465 = ORIENTED_EDGE('',*,*,#3459,.F.);
#3466 = CYLINDRICAL_SURFACE('',#3467,1.6);
#3467 = AXIS2_PLACEMENT_3D('',#3468,#3469,#3470);
#3468 = CARTESIAN_POINT('',(196.1175,-127.77,-4.6E-02));
#3469 = DIRECTION('',(-0.,-0.,-1.));
#3470 = DIRECTION('',(-0.,-1.,0.));
#3471 = ADVANCED_FACE('',(#3472),#3483,.F.);
#3472 = FACE_BOUND('',#3473,.T.);
#3473 = EDGE_LOOP('',(#3474,#3475,#3481,#3482));
#3474 = ORIENTED_EDGE('',*,*,#635,.T.);
#3475 = ORIENTED_EDGE('',*,*,#3476,.T.);
#3476 = EDGE_CURVE('',#636,#1906,#3477,.T.);
#3477 = LINE('',#3478,#3479);
#3478 = CARTESIAN_POINT('',(212.898,-125.535,-4.6E-02));
#3479 = VECTOR('',#3480,1.);
#3480 = DIRECTION('',(0.,0.,1.));
#3481 = ORIENTED_EDGE('',*,*,#1905,.F.);
#3482 = ORIENTED_EDGE('',*,*,#3476,.F.);
#3483 = CYLINDRICAL_SURFACE('',#3484,0.45);
#3484 = AXIS2_PLACEMENT_3D('',#3485,#3486,#3487);
#3485 = CARTESIAN_POINT('',(212.898,-125.085,-4.6E-02));
#3486 = DIRECTION('',(-0.,-0.,-1.));
#3487 = DIRECTION('',(-6.315935428979E-14,-1.,0.));
#3488 = ADVANCED_FACE('',(#3489),#3500,.F.);
#3489 = FACE_BOUND('',#3490,.T.);
#3490 = EDGE_LOOP('',(#3491,#3492,#3498,#3499));
#3491 = ORIENTED_EDGE('',*,*,#646,.T.);
#3492 = ORIENTED_EDGE('',*,*,#3493,.T.);
#3493 = EDGE_CURVE('',#647,#1917,#3494,.T.);
#3494 = LINE('',#3495,#3496);
#3495 = CARTESIAN_POINT('',(219.248,-125.535,-4.6E-02));
#3496 = VECTOR('',#3497,1.);
#3497 = DIRECTION('',(0.,0.,1.));
#3498 = ORIENTED_EDGE('',*,*,#1916,.F.);
#3499 = ORIENTED_EDGE('',*,*,#3493,.F.);
#3500 = CYLINDRICAL_SURFACE('',#3501,0.45);
#3501 = AXIS2_PLACEMENT_3D('',#3502,#3503,#3504);
#3502 = CARTESIAN_POINT('',(219.248,-125.085,-4.6E-02));
#3503 = DIRECTION('',(-0.,-0.,-1.));
#3504 = DIRECTION('',(-0.,-1.,0.));
#3505 = ADVANCED_FACE('',(#3506),#3517,.F.);
#3506 = FACE_BOUND('',#3507,.T.);
#3507 = EDGE_LOOP('',(#3508,#3509,#3515,#3516));
#3508 = ORIENTED_EDGE('',*,*,#657,.T.);
#3509 = ORIENTED_EDGE('',*,*,#3510,.T.);
#3510 = EDGE_CURVE('',#658,#1928,#3511,.T.);
#3511 = LINE('',#3512,#3513);
#3512 = CARTESIAN_POINT('',(72.248,-108.1095,-4.6E-02));
#3513 = VECTOR('',#3514,1.);
#3514 = DIRECTION('',(0.,0.,1.));
#3515 = ORIENTED_EDGE('',*,*,#1927,.F.);
#3516 = ORIENTED_EDGE('',*,*,#3510,.F.);
#3517 = CYLINDRICAL_SURFACE('',#3518,0.4445);
#3518 = AXIS2_PLACEMENT_3D('',#3519,#3520,#3521);
#3519 = CARTESIAN_POINT('',(72.248,-107.665,-4.6E-02));
#3520 = DIRECTION('',(-0.,0.,-1.));
#3521 = DIRECTION('',(3.197042680585E-14,-1.,-0.));
#3522 = ADVANCED_FACE('',(#3523),#3534,.F.);
#3523 = FACE_BOUND('',#3524,.T.);
#3524 = EDGE_LOOP('',(#3525,#3526,#3532,#3533));
#3525 = ORIENTED_EDGE('',*,*,#668,.T.);
#3526 = ORIENTED_EDGE('',*,*,#3527,.T.);
#3527 = EDGE_CURVE('',#669,#1939,#3528,.T.);
#3528 = LINE('',#3529,#3530);
#3529 = CARTESIAN_POINT('',(72.248,-105.5695,-4.6E-02));
#3530 = VECTOR('',#3531,1.);
#3531 = DIRECTION('',(0.,0.,1.));
#3532 = ORIENTED_EDGE('',*,*,#1938,.F.);
#3533 = ORIENTED_EDGE('',*,*,#3527,.F.);
#3534 = CYLINDRICAL_SURFACE('',#3535,0.4445);
#3535 = AXIS2_PLACEMENT_3D('',#3536,#3537,#3538);
#3536 = CARTESIAN_POINT('',(72.248,-105.125,-4.6E-02));
#3537 = DIRECTION('',(-0.,0.,-1.));
#3538 = DIRECTION('',(3.197042680585E-14,-1.,-0.));
#3539 = ADVANCED_FACE('',(#3540),#3551,.F.);
#3540 = FACE_BOUND('',#3541,.T.);
#3541 = EDGE_LOOP('',(#3542,#3543,#3549,#3550));
#3542 = ORIENTED_EDGE('',*,*,#679,.T.);
#3543 = ORIENTED_EDGE('',*,*,#3544,.T.);
#3544 = EDGE_CURVE('',#680,#1950,#3545,.T.);
#3545 = LINE('',#3546,#3547);
#3546 = CARTESIAN_POINT('',(72.248,-103.0295,-4.6E-02));
#3547 = VECTOR('',#3548,1.);
#3548 = DIRECTION('',(0.,0.,1.));
#3549 = ORIENTED_EDGE('',*,*,#1949,.F.);
#3550 = ORIENTED_EDGE('',*,*,#3544,.F.);
#3551 = CYLINDRICAL_SURFACE('',#3552,0.4445);
#3552 = AXIS2_PLACEMENT_3D('',#3553,#3554,#3555);
#3553 = CARTESIAN_POINT('',(72.248,-102.585,-4.6E-02));
#3554 = DIRECTION('',(-0.,0.,-1.));
#3555 = DIRECTION('',(3.197042680585E-14,-1.,-0.));
#3556 = ADVANCED_FACE('',(#3557),#3568,.F.);
#3557 = FACE_BOUND('',#3558,.T.);
#3558 = EDGE_LOOP('',(#3559,#3560,#3566,#3567));
#3559 = ORIENTED_EDGE('',*,*,#690,.T.);
#3560 = ORIENTED_EDGE('',*,*,#3561,.T.);
#3561 = EDGE_CURVE('',#691,#1961,#3562,.T.);
#3562 = LINE('',#3563,#3564);
#3563 = CARTESIAN_POINT('',(74.748,-100.8635,-4.6E-02));
#3564 = VECTOR('',#3565,1.);
#3565 = DIRECTION('',(0.,0.,1.));
#3566 = ORIENTED_EDGE('',*,*,#1960,.F.);
#3567 = ORIENTED_EDGE('',*,*,#3561,.F.);
#3568 = CYLINDRICAL_SURFACE('',#3569,0.6985);
#3569 = AXIS2_PLACEMENT_3D('',#3570,#3571,#3572);
#3570 = CARTESIAN_POINT('',(74.748,-100.165,-4.6E-02));
#3571 = DIRECTION('',(-0.,0.,-1.));
#3572 = DIRECTION('',(2.034481705827E-14,-1.,-0.));
#3573 = ADVANCED_FACE('',(#3574),#3585,.F.);
#3574 = FACE_BOUND('',#3575,.T.);
#3575 = EDGE_LOOP('',(#3576,#3577,#3583,#3584));
#3576 = ORIENTED_EDGE('',*,*,#701,.T.);
#3577 = ORIENTED_EDGE('',*,*,#3578,.T.);
#3578 = EDGE_CURVE('',#702,#1972,#3579,.T.);
#3579 = LINE('',#3580,#3581);
#3580 = CARTESIAN_POINT('',(87.498,-100.8635,-4.6E-02));
#3581 = VECTOR('',#3582,1.);
#3582 = DIRECTION('',(0.,0.,1.));
#3583 = ORIENTED_EDGE('',*,*,#1971,.F.);
#3584 = ORIENTED_EDGE('',*,*,#3578,.F.);
#3585 = CYLINDRICAL_SURFACE('',#3586,0.6985);
#3586 = AXIS2_PLACEMENT_3D('',#3587,#3588,#3589);
#3587 = CARTESIAN_POINT('',(87.498,-100.165,-4.6E-02));
#3588 = DIRECTION('',(-0.,0.,-1.));
#3589 = DIRECTION('',(2.034481705827E-14,-1.,-0.));
#3590 = ADVANCED_FACE('',(#3591),#3602,.F.);
#3591 = FACE_BOUND('',#3592,.T.);
#3592 = EDGE_LOOP('',(#3593,#3594,#3600,#3601));
#3593 = ORIENTED_EDGE('',*,*,#712,.T.);
#3594 = ORIENTED_EDGE('',*,*,#3595,.T.);
#3595 = EDGE_CURVE('',#713,#1983,#3596,.T.);
#3596 = LINE('',#3597,#3598);
#3597 = CARTESIAN_POINT('',(92.6175,-109.17,-4.6E-02));
#3598 = VECTOR('',#3599,1.);
#3599 = DIRECTION('',(0.,0.,1.));
#3600 = ORIENTED_EDGE('',*,*,#1982,.F.);
#3601 = ORIENTED_EDGE('',*,*,#3595,.F.);
#3602 = CYLINDRICAL_SURFACE('',#3603,0.5);
#3603 = AXIS2_PLACEMENT_3D('',#3604,#3605,#3606);
#3604 = CARTESIAN_POINT('',(92.6175,-108.67,-4.6E-02));
#3605 = DIRECTION('',(-0.,-0.,-1.));
#3606 = DIRECTION('',(-0.,-1.,0.));
#3607 = ADVANCED_FACE('',(#3608),#3619,.F.);
#3608 = FACE_BOUND('',#3609,.T.);
#3609 = EDGE_LOOP('',(#3610,#3611,#3617,#3618));
#3610 = ORIENTED_EDGE('',*,*,#723,.T.);
#3611 = ORIENTED_EDGE('',*,*,#3612,.T.);
#3612 = EDGE_CURVE('',#724,#1994,#3613,.T.);
#3613 = LINE('',#3614,#3615);
#3614 = CARTESIAN_POINT('',(92.6175,-106.63,-4.6E-02));
#3615 = VECTOR('',#3616,1.);
#3616 = DIRECTION('',(0.,0.,1.));
#3617 = ORIENTED_EDGE('',*,*,#1993,.F.);
#3618 = ORIENTED_EDGE('',*,*,#3612,.F.);
#3619 = CYLINDRICAL_SURFACE('',#3620,0.5);
#3620 = AXIS2_PLACEMENT_3D('',#3621,#3622,#3623);
#3621 = CARTESIAN_POINT('',(92.6175,-106.13,-4.6E-02));
#3622 = DIRECTION('',(-0.,-0.,-1.));
#3623 = DIRECTION('',(-0.,-1.,0.));
#3624 = ADVANCED_FACE('',(#3625),#3636,.F.);
#3625 = FACE_BOUND('',#3626,.T.);
#3626 = EDGE_LOOP('',(#3627,#3628,#3634,#3635));
#3627 = ORIENTED_EDGE('',*,*,#734,.T.);
#3628 = ORIENTED_EDGE('',*,*,#3629,.T.);
#3629 = EDGE_CURVE('',#735,#2005,#3630,.T.);
#3630 = LINE('',#3631,#3632);
#3631 = CARTESIAN_POINT('',(106.11,-109.47,-4.6E-02));
#3632 = VECTOR('',#3633,1.);
#3633 = DIRECTION('',(0.,0.,1.));
#3634 = ORIENTED_EDGE('',*,*,#2004,.F.);
#3635 = ORIENTED_EDGE('',*,*,#3629,.F.);
#3636 = CYLINDRICAL_SURFACE('',#3637,0.5);
#3637 = AXIS2_PLACEMENT_3D('',#3638,#3639,#3640);
#3638 = CARTESIAN_POINT('',(106.11,-108.97,-4.6E-02));
#3639 = DIRECTION('',(-0.,-0.,-1.));
#3640 = DIRECTION('',(-0.,-1.,0.));
#3641 = ADVANCED_FACE('',(#3642),#3653,.F.);
#3642 = FACE_BOUND('',#3643,.T.);
#3643 = EDGE_LOOP('',(#3644,#3645,#3651,#3652));
#3644 = ORIENTED_EDGE('',*,*,#745,.T.);
#3645 = ORIENTED_EDGE('',*,*,#3646,.T.);
#3646 = EDGE_CURVE('',#746,#2016,#3647,.T.);
#3647 = LINE('',#3648,#3649);
#3648 = CARTESIAN_POINT('',(106.11,-106.93,-4.6E-02));
#3649 = VECTOR('',#3650,1.);
#3650 = DIRECTION('',(0.,0.,1.));
#3651 = ORIENTED_EDGE('',*,*,#2015,.F.);
#3652 = ORIENTED_EDGE('',*,*,#3646,.F.);
#3653 = CYLINDRICAL_SURFACE('',#3654,0.5);
#3654 = AXIS2_PLACEMENT_3D('',#3655,#3656,#3657);
#3655 = CARTESIAN_POINT('',(106.11,-106.43,-4.6E-02));
#3656 = DIRECTION('',(-0.,-0.,-1.));
#3657 = DIRECTION('',(-0.,-1.,0.));
#3658 = ADVANCED_FACE('',(#3659),#3670,.F.);
#3659 = FACE_BOUND('',#3660,.T.);
#3660 = EDGE_LOOP('',(#3661,#3662,#3668,#3669));
#3661 = ORIENTED_EDGE('',*,*,#756,.T.);
#3662 = ORIENTED_EDGE('',*,*,#3663,.T.);
#3663 = EDGE_CURVE('',#757,#2027,#3664,.T.);
#3664 = LINE('',#3665,#3666);
#3665 = CARTESIAN_POINT('',(92.6175,-104.09,-4.6E-02));
#3666 = VECTOR('',#3667,1.);
#3667 = DIRECTION('',(0.,0.,1.));
#3668 = ORIENTED_EDGE('',*,*,#2026,.F.);
#3669 = ORIENTED_EDGE('',*,*,#3663,.F.);
#3670 = CYLINDRICAL_SURFACE('',#3671,0.5);
#3671 = AXIS2_PLACEMENT_3D('',#3672,#3673,#3674);
#3672 = CARTESIAN_POINT('',(92.6175,-103.59,-4.6E-02));
#3673 = DIRECTION('',(-0.,-0.,-1.));
#3674 = DIRECTION('',(-0.,-1.,0.));
#3675 = ADVANCED_FACE('',(#3676),#3687,.F.);
#3676 = FACE_BOUND('',#3677,.T.);
#3677 = EDGE_LOOP('',(#3678,#3679,#3685,#3686));
#3678 = ORIENTED_EDGE('',*,*,#767,.T.);
#3679 = ORIENTED_EDGE('',*,*,#3680,.T.);
#3680 = EDGE_CURVE('',#768,#2038,#3681,.T.);
#3681 = LINE('',#3682,#3683);
#3682 = CARTESIAN_POINT('',(92.6175,-101.55,-4.6E-02));
#3683 = VECTOR('',#3684,1.);
#3684 = DIRECTION('',(0.,0.,1.));
#3685 = ORIENTED_EDGE('',*,*,#2037,.F.);
#3686 = ORIENTED_EDGE('',*,*,#3680,.F.);
#3687 = CYLINDRICAL_SURFACE('',#3688,0.5);
#3688 = AXIS2_PLACEMENT_3D('',#3689,#3690,#3691);
#3689 = CARTESIAN_POINT('',(92.6175,-101.05,-4.6E-02));
#3690 = DIRECTION('',(-0.,-0.,-1.));
#3691 = DIRECTION('',(-0.,-1.,0.));
#3692 = ADVANCED_FACE('',(#3693),#3704,.F.);
#3693 = FACE_BOUND('',#3694,.T.);
#3694 = EDGE_LOOP('',(#3695,#3696,#3702,#3703));
#3695 = ORIENTED_EDGE('',*,*,#778,.T.);
#3696 = ORIENTED_EDGE('',*,*,#3697,.T.);
#3697 = EDGE_CURVE('',#779,#2049,#3698,.T.);
#3698 = LINE('',#3699,#3700);
#3699 = CARTESIAN_POINT('',(106.11,-104.39,-4.6E-02));
#3700 = VECTOR('',#3701,1.);
#3701 = DIRECTION('',(0.,0.,1.));
#3702 = ORIENTED_EDGE('',*,*,#2048,.F.);
#3703 = ORIENTED_EDGE('',*,*,#3697,.F.);
#3704 = CYLINDRICAL_SURFACE('',#3705,0.5);
#3705 = AXIS2_PLACEMENT_3D('',#3706,#3707,#3708);
#3706 = CARTESIAN_POINT('',(106.11,-103.89,-4.6E-02));
#3707 = DIRECTION('',(-0.,-0.,-1.));
#3708 = DIRECTION('',(-0.,-1.,0.));
#3709 = ADVANCED_FACE('',(#3710),#3721,.F.);
#3710 = FACE_BOUND('',#3711,.T.);
#3711 = EDGE_LOOP('',(#3712,#3713,#3719,#3720));
#3712 = ORIENTED_EDGE('',*,*,#789,.T.);
#3713 = ORIENTED_EDGE('',*,*,#3714,.T.);
#3714 = EDGE_CURVE('',#790,#2060,#3715,.T.);
#3715 = LINE('',#3716,#3717);
#3716 = CARTESIAN_POINT('',(106.11,-101.85,-4.6E-02));
#3717 = VECTOR('',#3718,1.);
#3718 = DIRECTION('',(0.,0.,1.));
#3719 = ORIENTED_EDGE('',*,*,#2059,.F.);
#3720 = ORIENTED_EDGE('',*,*,#3714,.F.);
#3721 = CYLINDRICAL_SURFACE('',#3722,0.5);
#3722 = AXIS2_PLACEMENT_3D('',#3723,#3724,#3725);
#3723 = CARTESIAN_POINT('',(106.11,-101.35,-4.6E-02));
#3724 = DIRECTION('',(-0.,-0.,-1.));
#3725 = DIRECTION('',(-0.,-1.,0.));
#3726 = ADVANCED_FACE('',(#3727),#3738,.F.);
#3727 = FACE_BOUND('',#3728,.T.);
#3728 = EDGE_LOOP('',(#3729,#3730,#3736,#3737));
#3729 = ORIENTED_EDGE('',*,*,#800,.T.);
#3730 = ORIENTED_EDGE('',*,*,#3731,.T.);
#3731 = EDGE_CURVE('',#801,#2071,#3732,.T.);
#3732 = LINE('',#3733,#3734);
#3733 = CARTESIAN_POINT('',(77.898,-99.615,-4.6E-02));
#3734 = VECTOR('',#3735,1.);
#3735 = DIRECTION('',(0.,0.,1.));
#3736 = ORIENTED_EDGE('',*,*,#2070,.F.);
#3737 = ORIENTED_EDGE('',*,*,#3731,.F.);
#3738 = CYLINDRICAL_SURFACE('',#3739,0.45);
#3739 = AXIS2_PLACEMENT_3D('',#3740,#3741,#3742);
#3740 = CARTESIAN_POINT('',(77.898,-99.165,-4.6E-02));
#3741 = DIRECTION('',(-0.,-0.,-1.));
#3742 = DIRECTION('',(-0.,-1.,0.));
#3743 = ADVANCED_FACE('',(#3744),#3755,.F.);
#3744 = FACE_BOUND('',#3745,.T.);
#3745 = EDGE_LOOP('',(#3746,#3747,#3753,#3754));
#3746 = ORIENTED_EDGE('',*,*,#811,.T.);
#3747 = ORIENTED_EDGE('',*,*,#3748,.T.);
#3748 = EDGE_CURVE('',#812,#2082,#3749,.T.);
#3749 = LINE('',#3750,#3751);
#3750 = CARTESIAN_POINT('',(84.248,-99.615,-4.6E-02));
#3751 = VECTOR('',#3752,1.);
#3752 = DIRECTION('',(0.,0.,1.));
#3753 = ORIENTED_EDGE('',*,*,#2081,.F.);
#3754 = ORIENTED_EDGE('',*,*,#3748,.F.);
#3755 = CYLINDRICAL_SURFACE('',#3756,0.45);
#3756 = AXIS2_PLACEMENT_3D('',#3757,#3758,#3759);
#3757 = CARTESIAN_POINT('',(84.248,-99.165,-4.6E-02));
#3758 = DIRECTION('',(-0.,0.,-1.));
#3759 = DIRECTION('',(3.157967714489E-14,-1.,-0.));
#3760 = ADVANCED_FACE('',(#3761),#3772,.F.);
#3761 = FACE_BOUND('',#3762,.T.);
#3762 = EDGE_LOOP('',(#3763,#3764,#3770,#3771));
#3763 = ORIENTED_EDGE('',*,*,#822,.T.);
#3764 = ORIENTED_EDGE('',*,*,#3765,.T.);
#3765 = EDGE_CURVE('',#823,#2093,#3766,.T.);
#3766 = LINE('',#3767,#3768);
#3767 = CARTESIAN_POINT('',(77.898,-94.535,-4.6E-02));
#3768 = VECTOR('',#3769,1.);
#3769 = DIRECTION('',(0.,0.,1.));
#3770 = ORIENTED_EDGE('',*,*,#2092,.F.);
#3771 = ORIENTED_EDGE('',*,*,#3765,.F.);
#3772 = CYLINDRICAL_SURFACE('',#3773,0.45);
#3773 = AXIS2_PLACEMENT_3D('',#3774,#3775,#3776);
#3774 = CARTESIAN_POINT('',(77.898,-94.085,-4.6E-02));
#3775 = DIRECTION('',(-0.,-0.,-1.));
#3776 = DIRECTION('',(-0.,-1.,0.));
#3777 = ADVANCED_FACE('',(#3778),#3789,.F.);
#3778 = FACE_BOUND('',#3779,.T.);
#3779 = EDGE_LOOP('',(#3780,#3781,#3787,#3788));
#3780 = ORIENTED_EDGE('',*,*,#833,.T.);
#3781 = ORIENTED_EDGE('',*,*,#3782,.T.);
#3782 = EDGE_CURVE('',#834,#2104,#3783,.T.);
#3783 = LINE('',#3784,#3785);
#3784 = CARTESIAN_POINT('',(84.248,-94.535,-4.6E-02));
#3785 = VECTOR('',#3786,1.);
#3786 = DIRECTION('',(0.,0.,1.));
#3787 = ORIENTED_EDGE('',*,*,#2103,.F.);
#3788 = ORIENTED_EDGE('',*,*,#3782,.F.);
#3789 = CYLINDRICAL_SURFACE('',#3790,0.45);
#3790 = AXIS2_PLACEMENT_3D('',#3791,#3792,#3793);
#3791 = CARTESIAN_POINT('',(84.248,-94.085,-4.6E-02));
#3792 = DIRECTION('',(-0.,0.,-1.));
#3793 = DIRECTION('',(3.157967714489E-14,-1.,-0.));
#3794 = ADVANCED_FACE('',(#3795),#3806,.F.);
#3795 = FACE_BOUND('',#3796,.T.);
#3796 = EDGE_LOOP('',(#3797,#3798,#3804,#3805));
#3797 = ORIENTED_EDGE('',*,*,#844,.T.);
#3798 = ORIENTED_EDGE('',*,*,#3799,.T.);
#3799 = EDGE_CURVE('',#845,#2115,#3800,.T.);
#3800 = LINE('',#3801,#3802);
#3801 = CARTESIAN_POINT('',(92.6175,-99.01,-4.6E-02));
#3802 = VECTOR('',#3803,1.);
#3803 = DIRECTION('',(0.,0.,1.));
#3804 = ORIENTED_EDGE('',*,*,#2114,.F.);
#3805 = ORIENTED_EDGE('',*,*,#3799,.F.);
#3806 = CYLINDRICAL_SURFACE('',#3807,0.5);
#3807 = AXIS2_PLACEMENT_3D('',#3808,#3809,#3810);
#3808 = CARTESIAN_POINT('',(92.6175,-98.51,-4.6E-02));
#3809 = DIRECTION('',(-0.,-0.,-1.));
#3810 = DIRECTION('',(-0.,-1.,0.));
#3811 = ADVANCED_FACE('',(#3812),#3823,.F.);
#3812 = FACE_BOUND('',#3813,.T.);
#3813 = EDGE_LOOP('',(#3814,#3815,#3821,#3822));
#3814 = ORIENTED_EDGE('',*,*,#855,.T.);
#3815 = ORIENTED_EDGE('',*,*,#3816,.T.);
#3816 = EDGE_CURVE('',#856,#2126,#3817,.T.);
#3817 = LINE('',#3818,#3819);
#3818 = CARTESIAN_POINT('',(92.6175,-96.47,-4.6E-02));
#3819 = VECTOR('',#3820,1.);
#3820 = DIRECTION('',(0.,0.,1.));
#3821 = ORIENTED_EDGE('',*,*,#2125,.F.);
#3822 = ORIENTED_EDGE('',*,*,#3816,.F.);
#3823 = CYLINDRICAL_SURFACE('',#3824,0.5);
#3824 = AXIS2_PLACEMENT_3D('',#3825,#3826,#3827);
#3825 = CARTESIAN_POINT('',(92.6175,-95.97,-4.6E-02));
#3826 = DIRECTION('',(-0.,-0.,-1.));
#3827 = DIRECTION('',(-0.,-1.,0.));
#3828 = ADVANCED_FACE('',(#3829),#3840,.F.);
#3829 = FACE_BOUND('',#3830,.T.);
#3830 = EDGE_LOOP('',(#3831,#3832,#3838,#3839));
#3831 = ORIENTED_EDGE('',*,*,#866,.T.);
#3832 = ORIENTED_EDGE('',*,*,#3833,.T.);
#3833 = EDGE_CURVE('',#867,#2137,#3834,.T.);
#3834 = LINE('',#3835,#3836);
#3835 = CARTESIAN_POINT('',(106.11,-99.31,-4.6E-02));
#3836 = VECTOR('',#3837,1.);
#3837 = DIRECTION('',(0.,0.,1.));
#3838 = ORIENTED_EDGE('',*,*,#2136,.F.);
#3839 = ORIENTED_EDGE('',*,*,#3833,.F.);
#3840 = CYLINDRICAL_SURFACE('',#3841,0.5);
#3841 = AXIS2_PLACEMENT_3D('',#3842,#3843,#3844);
#3842 = CARTESIAN_POINT('',(106.11,-98.81,-4.6E-02));
#3843 = DIRECTION('',(-0.,-0.,-1.));
#3844 = DIRECTION('',(-0.,-1.,0.));
#3845 = ADVANCED_FACE('',(#3846),#3857,.F.);
#3846 = FACE_BOUND('',#3847,.T.);
#3847 = EDGE_LOOP('',(#3848,#3849,#3855,#3856));
#3848 = ORIENTED_EDGE('',*,*,#877,.T.);
#3849 = ORIENTED_EDGE('',*,*,#3850,.T.);
#3850 = EDGE_CURVE('',#878,#2148,#3851,.T.);
#3851 = LINE('',#3852,#3853);
#3852 = CARTESIAN_POINT('',(106.11,-96.77,-4.6E-02));
#3853 = VECTOR('',#3854,1.);
#3854 = DIRECTION('',(0.,0.,1.));
#3855 = ORIENTED_EDGE('',*,*,#2147,.F.);
#3856 = ORIENTED_EDGE('',*,*,#3850,.F.);
#3857 = CYLINDRICAL_SURFACE('',#3858,0.5);
#3858 = AXIS2_PLACEMENT_3D('',#3859,#3860,#3861);
#3859 = CARTESIAN_POINT('',(106.11,-96.27,-4.6E-02));
#3860 = DIRECTION('',(-0.,-0.,-1.));
#3861 = DIRECTION('',(-0.,-1.,0.));
#3862 = ADVANCED_FACE('',(#3863),#3874,.F.);
#3863 = FACE_BOUND('',#3864,.T.);
#3864 = EDGE_LOOP('',(#3865,#3866,#3872,#3873));
#3865 = ORIENTED_EDGE('',*,*,#888,.T.);
#3866 = ORIENTED_EDGE('',*,*,#3867,.T.);
#3867 = EDGE_CURVE('',#889,#2159,#3868,.T.);
#3868 = LINE('',#3869,#3870);
#3869 = CARTESIAN_POINT('',(92.6175,-93.93,-4.6E-02));
#3870 = VECTOR('',#3871,1.);
#3871 = DIRECTION('',(0.,0.,1.));
#3872 = ORIENTED_EDGE('',*,*,#2158,.F.);
#3873 = ORIENTED_EDGE('',*,*,#3867,.F.);
#3874 = CYLINDRICAL_SURFACE('',#3875,0.5);
#3875 = AXIS2_PLACEMENT_3D('',#3876,#3877,#3878);
#3876 = CARTESIAN_POINT('',(92.6175,-93.43,-4.6E-02));
#3877 = DIRECTION('',(-0.,-0.,-1.));
#3878 = DIRECTION('',(-0.,-1.,0.));
#3879 = ADVANCED_FACE('',(#3880),#3891,.F.);
#3880 = FACE_BOUND('',#3881,.T.);
#3881 = EDGE_LOOP('',(#3882,#3883,#3889,#3890));
#3882 = ORIENTED_EDGE('',*,*,#899,.T.);
#3883 = ORIENTED_EDGE('',*,*,#3884,.T.);
#3884 = EDGE_CURVE('',#900,#2170,#3885,.T.);
#3885 = LINE('',#3886,#3887);
#3886 = CARTESIAN_POINT('',(92.6175,-91.39,-4.6E-02));
#3887 = VECTOR('',#3888,1.);
#3888 = DIRECTION('',(0.,0.,1.));
#3889 = ORIENTED_EDGE('',*,*,#2169,.F.);
#3890 = ORIENTED_EDGE('',*,*,#3884,.F.);
#3891 = CYLINDRICAL_SURFACE('',#3892,0.5);
#3892 = AXIS2_PLACEMENT_3D('',#3893,#3894,#3895);
#3893 = CARTESIAN_POINT('',(92.6175,-90.89,-4.6E-02));
#3894 = DIRECTION('',(-0.,-0.,-1.));
#3895 = DIRECTION('',(-0.,-1.,0.));
#3896 = ADVANCED_FACE('',(#3897),#3908,.F.);
#3897 = FACE_BOUND('',#3898,.T.);
#3898 = EDGE_LOOP('',(#3899,#3900,#3906,#3907));
#3899 = ORIENTED_EDGE('',*,*,#910,.T.);
#3900 = ORIENTED_EDGE('',*,*,#3901,.T.);
#3901 = EDGE_CURVE('',#911,#2181,#3902,.T.);
#3902 = LINE('',#3903,#3904);
#3903 = CARTESIAN_POINT('',(106.11,-94.23,-4.6E-02));
#3904 = VECTOR('',#3905,1.);
#3905 = DIRECTION('',(0.,0.,1.));
#3906 = ORIENTED_EDGE('',*,*,#2180,.F.);
#3907 = ORIENTED_EDGE('',*,*,#3901,.F.);
#3908 = CYLINDRICAL_SURFACE('',#3909,0.5);
#3909 = AXIS2_PLACEMENT_3D('',#3910,#3911,#3912);
#3910 = CARTESIAN_POINT('',(106.11,-93.73,-4.6E-02));
#3911 = DIRECTION('',(-0.,-0.,-1.));
#3912 = DIRECTION('',(-0.,-1.,0.));
#3913 = ADVANCED_FACE('',(#3914),#3925,.F.);
#3914 = FACE_BOUND('',#3915,.T.);
#3915 = EDGE_LOOP('',(#3916,#3917,#3923,#3924));
#3916 = ORIENTED_EDGE('',*,*,#921,.T.);
#3917 = ORIENTED_EDGE('',*,*,#3918,.T.);
#3918 = EDGE_CURVE('',#922,#2192,#3919,.T.);
#3919 = LINE('',#3920,#3921);
#3920 = CARTESIAN_POINT('',(106.11,-91.69,-4.6E-02));
#3921 = VECTOR('',#3922,1.);
#3922 = DIRECTION('',(0.,0.,1.));
#3923 = ORIENTED_EDGE('',*,*,#2191,.F.);
#3924 = ORIENTED_EDGE('',*,*,#3918,.F.);
#3925 = CYLINDRICAL_SURFACE('',#3926,0.5);
#3926 = AXIS2_PLACEMENT_3D('',#3927,#3928,#3929);
#3927 = CARTESIAN_POINT('',(106.11,-91.19,-4.6E-02));
#3928 = DIRECTION('',(-0.,-0.,-1.));
#3929 = DIRECTION('',(-0.,-1.,0.));
#3930 = ADVANCED_FACE('',(#3931),#3942,.F.);
#3931 = FACE_BOUND('',#3932,.T.);
#3932 = EDGE_LOOP('',(#3933,#3934,#3940,#3941));
#3933 = ORIENTED_EDGE('',*,*,#932,.T.);
#3934 = ORIENTED_EDGE('',*,*,#3935,.T.);
#3935 = EDGE_CURVE('',#933,#2203,#3936,.T.);
#3936 = LINE('',#3937,#3938);
#3937 = CARTESIAN_POINT('',(123.89,-109.47,-4.6E-02));
#3938 = VECTOR('',#3939,1.);
#3939 = DIRECTION('',(0.,0.,1.));
#3940 = ORIENTED_EDGE('',*,*,#2202,.F.);
#3941 = ORIENTED_EDGE('',*,*,#3935,.F.);
#3942 = CYLINDRICAL_SURFACE('',#3943,0.5);
#3943 = AXIS2_PLACEMENT_3D('',#3944,#3945,#3946);
#3944 = CARTESIAN_POINT('',(123.89,-108.97,-4.6E-02));
#3945 = DIRECTION('',(-0.,-0.,-1.));
#3946 = DIRECTION('',(-0.,-1.,0.));
#3947 = ADVANCED_FACE('',(#3948),#3959,.F.);
#3948 = FACE_BOUND('',#3949,.T.);
#3949 = EDGE_LOOP('',(#3950,#3951,#3957,#3958));
#3950 = ORIENTED_EDGE('',*,*,#943,.T.);
#3951 = ORIENTED_EDGE('',*,*,#3952,.T.);
#3952 = EDGE_CURVE('',#944,#2214,#3953,.T.);
#3953 = LINE('',#3954,#3955);
#3954 = CARTESIAN_POINT('',(123.89,-106.93,-4.6E-02));
#3955 = VECTOR('',#3956,1.);
#3956 = DIRECTION('',(0.,0.,1.));
#3957 = ORIENTED_EDGE('',*,*,#2213,.F.);
#3958 = ORIENTED_EDGE('',*,*,#3952,.F.);
#3959 = CYLINDRICAL_SURFACE('',#3960,0.5);
#3960 = AXIS2_PLACEMENT_3D('',#3961,#3962,#3963);
#3961 = CARTESIAN_POINT('',(123.89,-106.43,-4.6E-02));
#3962 = DIRECTION('',(-0.,-0.,-1.));
#3963 = DIRECTION('',(-0.,-1.,0.));
#3964 = ADVANCED_FACE('',(#3965),#3976,.F.);
#3965 = FACE_BOUND('',#3966,.T.);
#3966 = EDGE_LOOP('',(#3967,#3968,#3974,#3975));
#3967 = ORIENTED_EDGE('',*,*,#954,.T.);
#3968 = ORIENTED_EDGE('',*,*,#3969,.T.);
#3969 = EDGE_CURVE('',#955,#2225,#3970,.T.);
#3970 = LINE('',#3971,#3972);
#3971 = CARTESIAN_POINT('',(123.89,-104.39,-4.6E-02));
#3972 = VECTOR('',#3973,1.);
#3973 = DIRECTION('',(0.,0.,1.));
#3974 = ORIENTED_EDGE('',*,*,#2224,.F.);
#3975 = ORIENTED_EDGE('',*,*,#3969,.F.);
#3976 = CYLINDRICAL_SURFACE('',#3977,0.5);
#3977 = AXIS2_PLACEMENT_3D('',#3978,#3979,#3980);
#3978 = CARTESIAN_POINT('',(123.89,-103.89,-4.6E-02));
#3979 = DIRECTION('',(-0.,-0.,-1.));
#3980 = DIRECTION('',(-0.,-1.,0.));
#3981 = ADVANCED_FACE('',(#3982),#3993,.F.);
#3982 = FACE_BOUND('',#3983,.T.);
#3983 = EDGE_LOOP('',(#3984,#3985,#3991,#3992));
#3984 = ORIENTED_EDGE('',*,*,#965,.T.);
#3985 = ORIENTED_EDGE('',*,*,#3986,.T.);
#3986 = EDGE_CURVE('',#966,#2236,#3987,.T.);
#3987 = LINE('',#3988,#3989);
#3988 = CARTESIAN_POINT('',(123.89,-101.85,-4.6E-02));
#3989 = VECTOR('',#3990,1.);
#3990 = DIRECTION('',(0.,0.,1.));
#3991 = ORIENTED_EDGE('',*,*,#2235,.F.);
#3992 = ORIENTED_EDGE('',*,*,#3986,.F.);
#3993 = CYLINDRICAL_SURFACE('',#3994,0.5);
#3994 = AXIS2_PLACEMENT_3D('',#3995,#3996,#3997);
#3995 = CARTESIAN_POINT('',(123.89,-101.35,-4.6E-02));
#3996 = DIRECTION('',(-0.,-0.,-1.));
#3997 = DIRECTION('',(-0.,-1.,0.));
#3998 = ADVANCED_FACE('',(#3999),#4010,.F.);
#3999 = FACE_BOUND('',#4000,.T.);
#4000 = EDGE_LOOP('',(#4001,#4002,#4008,#4009));
#4001 = ORIENTED_EDGE('',*,*,#976,.T.);
#4002 = ORIENTED_EDGE('',*,*,#4003,.T.);
#4003 = EDGE_CURVE('',#977,#2247,#4004,.T.);
#4004 = LINE('',#4005,#4006);
#4005 = CARTESIAN_POINT('',(141.,-104.074993,-4.6E-02));
#4006 = VECTOR('',#4007,1.);
#4007 = DIRECTION('',(0.,0.,1.));
#4008 = ORIENTED_EDGE('',*,*,#2246,.F.);
#4009 = ORIENTED_EDGE('',*,*,#4003,.F.);
#4010 = CYLINDRICAL_SURFACE('',#4011,0.424993);
#4011 = AXIS2_PLACEMENT_3D('',#4012,#4013,#4014);
#4012 = CARTESIAN_POINT('',(141.,-103.65,-4.6E-02));
#4013 = DIRECTION('',(-0.,-0.,-1.));
#4014 = DIRECTION('',(-0.,-1.,0.));
#4015 = ADVANCED_FACE('',(#4016),#4027,.F.);
#4016 = FACE_BOUND('',#4017,.T.);
#4017 = EDGE_LOOP('',(#4018,#4019,#4025,#4026));
#4018 = ORIENTED_EDGE('',*,*,#987,.T.);
#4019 = ORIENTED_EDGE('',*,*,#4020,.T.);
#4020 = EDGE_CURVE('',#988,#2258,#4021,.T.);
#4021 = LINE('',#4022,#4023);
#4022 = CARTESIAN_POINT('',(143.,-104.074993,-4.6E-02));
#4023 = VECTOR('',#4024,1.);
#4024 = DIRECTION('',(0.,0.,1.));
#4025 = ORIENTED_EDGE('',*,*,#2257,.F.);
#4026 = ORIENTED_EDGE('',*,*,#4020,.F.);
#4027 = CYLINDRICAL_SURFACE('',#4028,0.424993);
#4028 = AXIS2_PLACEMENT_3D('',#4029,#4030,#4031);
#4029 = CARTESIAN_POINT('',(143.,-103.65,-4.6E-02));
#4030 = DIRECTION('',(-0.,-0.,-1.));
#4031 = DIRECTION('',(-0.,-1.,0.));
#4032 = ADVANCED_FACE('',(#4033),#4044,.F.);
#4033 = FACE_BOUND('',#4034,.T.);
#4034 = EDGE_LOOP('',(#4035,#4036,#4042,#4043));
#4035 = ORIENTED_EDGE('',*,*,#998,.T.);
#4036 = ORIENTED_EDGE('',*,*,#4037,.T.);
#4037 = EDGE_CURVE('',#999,#2269,#4038,.T.);
#4038 = LINE('',#4039,#4040);
#4039 = CARTESIAN_POINT('',(123.89,-99.31,-4.6E-02));
#4040 = VECTOR('',#4041,1.);
#4041 = DIRECTION('',(0.,0.,1.));
#4042 = ORIENTED_EDGE('',*,*,#2268,.F.);
#4043 = ORIENTED_EDGE('',*,*,#4037,.F.);
#4044 = CYLINDRICAL_SURFACE('',#4045,0.5);
#4045 = AXIS2_PLACEMENT_3D('',#4046,#4047,#4048);
#4046 = CARTESIAN_POINT('',(123.89,-98.81,-4.6E-02));
#4047 = DIRECTION('',(-0.,-0.,-1.));
#4048 = DIRECTION('',(-0.,-1.,0.));
#4049 = ADVANCED_FACE('',(#4050),#4061,.F.);
#4050 = FACE_BOUND('',#4051,.T.);
#4051 = EDGE_LOOP('',(#4052,#4053,#4059,#4060));
#4052 = ORIENTED_EDGE('',*,*,#1009,.T.);
#4053 = ORIENTED_EDGE('',*,*,#4054,.T.);
#4054 = EDGE_CURVE('',#1010,#2280,#4055,.T.);
#4055 = LINE('',#4056,#4057);
#4056 = CARTESIAN_POINT('',(123.89,-96.77,-4.6E-02));
#4057 = VECTOR('',#4058,1.);
#4058 = DIRECTION('',(0.,0.,1.));
#4059 = ORIENTED_EDGE('',*,*,#2279,.F.);
#4060 = ORIENTED_EDGE('',*,*,#4054,.F.);
#4061 = CYLINDRICAL_SURFACE('',#4062,0.5);
#4062 = AXIS2_PLACEMENT_3D('',#4063,#4064,#4065);
#4063 = CARTESIAN_POINT('',(123.89,-96.27,-4.6E-02));
#4064 = DIRECTION('',(-0.,-0.,-1.));
#4065 = DIRECTION('',(-0.,-1.,0.));
#4066 = ADVANCED_FACE('',(#4067),#4078,.F.);
#4067 = FACE_BOUND('',#4068,.T.);
#4068 = EDGE_LOOP('',(#4069,#4070,#4076,#4077));
#4069 = ORIENTED_EDGE('',*,*,#1020,.T.);
#4070 = ORIENTED_EDGE('',*,*,#4071,.T.);
#4071 = EDGE_CURVE('',#1021,#2291,#4072,.T.);
#4072 = LINE('',#4073,#4074);
#4073 = CARTESIAN_POINT('',(123.89,-94.23,-4.6E-02));
#4074 = VECTOR('',#4075,1.);
#4075 = DIRECTION('',(0.,0.,1.));
#4076 = ORIENTED_EDGE('',*,*,#2290,.F.);
#4077 = ORIENTED_EDGE('',*,*,#4071,.F.);
#4078 = CYLINDRICAL_SURFACE('',#4079,0.5);
#4079 = AXIS2_PLACEMENT_3D('',#4080,#4081,#4082);
#4080 = CARTESIAN_POINT('',(123.89,-93.73,-4.6E-02));
#4081 = DIRECTION('',(-0.,-0.,-1.));
#4082 = DIRECTION('',(-0.,-1.,0.));
#4083 = ADVANCED_FACE('',(#4084),#4095,.F.);
#4084 = FACE_BOUND('',#4085,.T.);
#4085 = EDGE_LOOP('',(#4086,#4087,#4093,#4094));
#4086 = ORIENTED_EDGE('',*,*,#1031,.T.);
#4087 = ORIENTED_EDGE('',*,*,#4088,.T.);
#4088 = EDGE_CURVE('',#1032,#2302,#4089,.T.);
#4089 = LINE('',#4090,#4091);
#4090 = CARTESIAN_POINT('',(123.89,-91.69,-4.6E-02));
#4091 = VECTOR('',#4092,1.);
#4092 = DIRECTION('',(0.,0.,1.));
#4093 = ORIENTED_EDGE('',*,*,#2301,.F.);
#4094 = ORIENTED_EDGE('',*,*,#4088,.F.);
#4095 = CYLINDRICAL_SURFACE('',#4096,0.5);
#4096 = AXIS2_PLACEMENT_3D('',#4097,#4098,#4099);
#4097 = CARTESIAN_POINT('',(123.89,-91.19,-4.6E-02));
#4098 = DIRECTION('',(-0.,-0.,-1.));
#4099 = DIRECTION('',(-0.,-1.,0.));
#4100 = ADVANCED_FACE('',(#4101),#4112,.F.);
#4101 = FACE_BOUND('',#4102,.T.);
#4102 = EDGE_LOOP('',(#4103,#4104,#4110,#4111));
#4103 = ORIENTED_EDGE('',*,*,#1042,.T.);
#4104 = ORIENTED_EDGE('',*,*,#4105,.T.);
#4105 = EDGE_CURVE('',#1043,#2313,#4106,.T.);
#4106 = LINE('',#4107,#4108);
#4107 = CARTESIAN_POINT('',(92.6175,-88.85,-4.6E-02));
#4108 = VECTOR('',#4109,1.);
#4109 = DIRECTION('',(0.,0.,1.));
#4110 = ORIENTED_EDGE('',*,*,#2312,.F.);
#4111 = ORIENTED_EDGE('',*,*,#4105,.F.);
#4112 = CYLINDRICAL_SURFACE('',#4113,0.5);
#4113 = AXIS2_PLACEMENT_3D('',#4114,#4115,#4116);
#4114 = CARTESIAN_POINT('',(92.6175,-88.35,-4.6E-02));
#4115 = DIRECTION('',(-0.,-0.,-1.));
#4116 = DIRECTION('',(-0.,-1.,0.));
#4117 = ADVANCED_FACE('',(#4118),#4129,.F.);
#4118 = FACE_BOUND('',#4119,.T.);
#4119 = EDGE_LOOP('',(#4120,#4121,#4127,#4128));
#4120 = ORIENTED_EDGE('',*,*,#1053,.T.);
#4121 = ORIENTED_EDGE('',*,*,#4122,.T.);
#4122 = EDGE_CURVE('',#1054,#2324,#4123,.T.);
#4123 = LINE('',#4124,#4125);
#4124 = CARTESIAN_POINT('',(92.6175,-86.31,-4.6E-02));
#4125 = VECTOR('',#4126,1.);
#4126 = DIRECTION('',(0.,0.,1.));
#4127 = ORIENTED_EDGE('',*,*,#2323,.F.);
#4128 = ORIENTED_EDGE('',*,*,#4122,.F.);
#4129 = CYLINDRICAL_SURFACE('',#4130,0.5);
#4130 = AXIS2_PLACEMENT_3D('',#4131,#4132,#4133);
#4131 = CARTESIAN_POINT('',(92.6175,-85.81,-4.6E-02));
#4132 = DIRECTION('',(-0.,-0.,-1.));
#4133 = DIRECTION('',(-0.,-1.,0.));
#4134 = ADVANCED_FACE('',(#4135),#4146,.F.);
#4135 = FACE_BOUND('',#4136,.T.);
#4136 = EDGE_LOOP('',(#4137,#4138,#4144,#4145));
#4137 = ORIENTED_EDGE('',*,*,#1064,.T.);
#4138 = ORIENTED_EDGE('',*,*,#4139,.T.);
#4139 = EDGE_CURVE('',#1065,#2335,#4140,.T.);
#4140 = LINE('',#4141,#4142);
#4141 = CARTESIAN_POINT('',(106.11,-89.15,-4.6E-02));
#4142 = VECTOR('',#4143,1.);
#4143 = DIRECTION('',(0.,0.,1.));
#4144 = ORIENTED_EDGE('',*,*,#2334,.F.);
#4145 = ORIENTED_EDGE('',*,*,#4139,.F.);
#4146 = CYLINDRICAL_SURFACE('',#4147,0.5);
#4147 = AXIS2_PLACEMENT_3D('',#4148,#4149,#4150);
#4148 = CARTESIAN_POINT('',(106.11,-88.65,-4.6E-02));
#4149 = DIRECTION('',(-0.,-0.,-1.));
#4150 = DIRECTION('',(-0.,-1.,0.));
#4151 = ADVANCED_FACE('',(#4152),#4163,.F.);
#4152 = FACE_BOUND('',#4153,.T.);
#4153 = EDGE_LOOP('',(#4154,#4155,#4161,#4162));
#4154 = ORIENTED_EDGE('',*,*,#1075,.T.);
#4155 = ORIENTED_EDGE('',*,*,#4156,.T.);
#4156 = EDGE_CURVE('',#1076,#2346,#4157,.T.);
#4157 = LINE('',#4158,#4159);
#4158 = CARTESIAN_POINT('',(106.11,-86.61,-4.6E-02));
#4159 = VECTOR('',#4160,1.);
#4160 = DIRECTION('',(0.,0.,1.));
#4161 = ORIENTED_EDGE('',*,*,#2345,.F.);
#4162 = ORIENTED_EDGE('',*,*,#4156,.F.);
#4163 = CYLINDRICAL_SURFACE('',#4164,0.5);
#4164 = AXIS2_PLACEMENT_3D('',#4165,#4166,#4167);
#4165 = CARTESIAN_POINT('',(106.11,-86.11,-4.6E-02));
#4166 = DIRECTION('',(-0.,-0.,-1.));
#4167 = DIRECTION('',(-0.,-1.,0.));
#4168 = ADVANCED_FACE('',(#4169),#4180,.F.);
#4169 = FACE_BOUND('',#4170,.T.);
#4170 = EDGE_LOOP('',(#4171,#4172,#4178,#4179));
#4171 = ORIENTED_EDGE('',*,*,#1086,.T.);
#4172 = ORIENTED_EDGE('',*,*,#4173,.T.);
#4173 = EDGE_CURVE('',#1087,#2357,#4174,.T.);
#4174 = LINE('',#4175,#4176);
#4175 = CARTESIAN_POINT('',(92.6175,-83.77,-4.6E-02));
#4176 = VECTOR('',#4177,1.);
#4177 = DIRECTION('',(0.,0.,1.));
#4178 = ORIENTED_EDGE('',*,*,#2356,.F.);
#4179 = ORIENTED_EDGE('',*,*,#4173,.F.);
#4180 = CYLINDRICAL_SURFACE('',#4181,0.5);
#4181 = AXIS2_PLACEMENT_3D('',#4182,#4183,#4184);
#4182 = CARTESIAN_POINT('',(92.6175,-83.27,-4.6E-02));
#4183 = DIRECTION('',(-0.,-0.,-1.));
#4184 = DIRECTION('',(-0.,-1.,0.));
#4185 = ADVANCED_FACE('',(#4186),#4197,.F.);
#4186 = FACE_BOUND('',#4187,.T.);
#4187 = EDGE_LOOP('',(#4188,#4189,#4195,#4196));
#4188 = ORIENTED_EDGE('',*,*,#1097,.T.);
#4189 = ORIENTED_EDGE('',*,*,#4190,.T.);
#4190 = EDGE_CURVE('',#1098,#2368,#4191,.T.);
#4191 = LINE('',#4192,#4193);
#4192 = CARTESIAN_POINT('',(106.11,-84.07,-4.6E-02));
#4193 = VECTOR('',#4194,1.);
#4194 = DIRECTION('',(0.,0.,1.));
#4195 = ORIENTED_EDGE('',*,*,#2367,.F.);
#4196 = ORIENTED_EDGE('',*,*,#4190,.F.);
#4197 = CYLINDRICAL_SURFACE('',#4198,0.5);
#4198 = AXIS2_PLACEMENT_3D('',#4199,#4200,#4201);
#4199 = CARTESIAN_POINT('',(106.11,-83.57,-4.6E-02));
#4200 = DIRECTION('',(-0.,-0.,-1.));
#4201 = DIRECTION('',(-0.,-1.,0.));
#4202 = ADVANCED_FACE('',(#4203),#4214,.F.);
#4203 = FACE_BOUND('',#4204,.T.);
#4204 = EDGE_LOOP('',(#4205,#4206,#4212,#4213));
#4205 = ORIENTED_EDGE('',*,*,#1108,.T.);
#4206 = ORIENTED_EDGE('',*,*,#4207,.T.);
#4207 = EDGE_CURVE('',#1109,#2379,#4208,.T.);
#4208 = LINE('',#4209,#4210);
#4209 = CARTESIAN_POINT('',(106.11,-81.53,-4.6E-02));
#4210 = VECTOR('',#4211,1.);
#4211 = DIRECTION('',(0.,0.,1.));
#4212 = ORIENTED_EDGE('',*,*,#2378,.F.);
#4213 = ORIENTED_EDGE('',*,*,#4207,.F.);
#4214 = CYLINDRICAL_SURFACE('',#4215,0.5);
#4215 = AXIS2_PLACEMENT_3D('',#4216,#4217,#4218);
#4216 = CARTESIAN_POINT('',(106.11,-81.03,-4.6E-02));
#4217 = DIRECTION('',(-0.,-0.,-1.));
#4218 = DIRECTION('',(-0.,-1.,0.));
#4219 = ADVANCED_FACE('',(#4220),#4231,.F.);
#4220 = FACE_BOUND('',#4221,.T.);
#4221 = EDGE_LOOP('',(#4222,#4223,#4229,#4230));
#4222 = ORIENTED_EDGE('',*,*,#1119,.T.);
#4223 = ORIENTED_EDGE('',*,*,#4224,.T.);
#4224 = EDGE_CURVE('',#1120,#2390,#4225,.T.);
#4225 = LINE('',#4226,#4227);
#4226 = CARTESIAN_POINT('',(80.,-79.499999,-4.6E-02));
#4227 = VECTOR('',#4228,1.);
#4228 = DIRECTION('',(0.,0.,1.));
#4229 = ORIENTED_EDGE('',*,*,#2389,.F.);
#4230 = ORIENTED_EDGE('',*,*,#4224,.F.);
#4231 = CYLINDRICAL_SURFACE('',#4232,0.25);
#4232 = AXIS2_PLACEMENT_3D('',#4233,#4234,#4235);
#4233 = CARTESIAN_POINT('',(80.,-79.249999,-4.6E-02));
#4234 = DIRECTION('',(-0.,-0.,-1.));
#4235 = DIRECTION('',(-0.,-1.,0.));
#4236 = ADVANCED_FACE('',(#4237),#4248,.F.);
#4237 = FACE_BOUND('',#4238,.T.);
#4238 = EDGE_LOOP('',(#4239,#4240,#4246,#4247));
#4239 = ORIENTED_EDGE('',*,*,#1130,.T.);
#4240 = ORIENTED_EDGE('',*,*,#4241,.T.);
#4241 = EDGE_CURVE('',#1131,#2401,#4242,.T.);
#4242 = LINE('',#4243,#4244);
#4243 = CARTESIAN_POINT('',(80.,-78.25,-4.6E-02));
#4244 = VECTOR('',#4245,1.);
#4245 = DIRECTION('',(0.,0.,1.));
#4246 = ORIENTED_EDGE('',*,*,#2400,.F.);
#4247 = ORIENTED_EDGE('',*,*,#4241,.F.);
#4248 = CYLINDRICAL_SURFACE('',#4249,0.25);
#4249 = AXIS2_PLACEMENT_3D('',#4250,#4251,#4252);
#4250 = CARTESIAN_POINT('',(80.,-78.,-4.6E-02));
#4251 = DIRECTION('',(-0.,-0.,-1.));
#4252 = DIRECTION('',(-0.,-1.,0.));
#4253 = ADVANCED_FACE('',(#4254),#4265,.F.);
#4254 = FACE_BOUND('',#4255,.T.);
#4255 = EDGE_LOOP('',(#4256,#4257,#4263,#4264));
#4256 = ORIENTED_EDGE('',*,*,#1141,.T.);
#4257 = ORIENTED_EDGE('',*,*,#4258,.T.);
#4258 = EDGE_CURVE('',#1142,#2412,#4259,.T.);
#4259 = LINE('',#4260,#4261);
#4260 = CARTESIAN_POINT('',(106.11,-78.99,-4.6E-02));
#4261 = VECTOR('',#4262,1.);
#4262 = DIRECTION('',(0.,0.,1.));
#4263 = ORIENTED_EDGE('',*,*,#2411,.F.);
#4264 = ORIENTED_EDGE('',*,*,#4258,.F.);
#4265 = CYLINDRICAL_SURFACE('',#4266,0.5);
#4266 = AXIS2_PLACEMENT_3D('',#4267,#4268,#4269);
#4267 = CARTESIAN_POINT('',(106.11,-78.49,-4.6E-02));
#4268 = DIRECTION('',(-0.,-0.,-1.));
#4269 = DIRECTION('',(-0.,-1.,0.));
#4270 = ADVANCED_FACE('',(#4271),#4282,.F.);
#4271 = FACE_BOUND('',#4272,.T.);
#4272 = EDGE_LOOP('',(#4273,#4274,#4280,#4281));
#4273 = ORIENTED_EDGE('',*,*,#1152,.T.);
#4274 = ORIENTED_EDGE('',*,*,#4275,.T.);
#4275 = EDGE_CURVE('',#1153,#2423,#4276,.T.);
#4276 = LINE('',#4277,#4278);
#4277 = CARTESIAN_POINT('',(106.11,-76.45,-4.6E-02));
#4278 = VECTOR('',#4279,1.);
#4279 = DIRECTION('',(0.,0.,1.));
#4280 = ORIENTED_EDGE('',*,*,#2422,.F.);
#4281 = ORIENTED_EDGE('',*,*,#4275,.F.);
#4282 = CYLINDRICAL_SURFACE('',#4283,0.5);
#4283 = AXIS2_PLACEMENT_3D('',#4284,#4285,#4286);
#4284 = CARTESIAN_POINT('',(106.11,-75.95,-4.6E-02));
#4285 = DIRECTION('',(-0.,-0.,-1.));
#4286 = DIRECTION('',(-0.,-1.,0.));
#4287 = ADVANCED_FACE('',(#4288),#4299,.F.);
#4288 = FACE_BOUND('',#4289,.T.);
#4289 = EDGE_LOOP('',(#4290,#4291,#4297,#4298));
#4290 = ORIENTED_EDGE('',*,*,#1163,.T.);
#4291 = ORIENTED_EDGE('',*,*,#4292,.T.);
#4292 = EDGE_CURVE('',#1164,#2434,#4293,.T.);
#4293 = LINE('',#4294,#4295);
#4294 = CARTESIAN_POINT('',(94.1175,-73.67,-4.6E-02));
#4295 = VECTOR('',#4296,1.);
#4296 = DIRECTION('',(0.,0.,1.));
#4297 = ORIENTED_EDGE('',*,*,#2433,.F.);
#4298 = ORIENTED_EDGE('',*,*,#4292,.F.);
#4299 = CYLINDRICAL_SURFACE('',#4300,1.6);
#4300 = AXIS2_PLACEMENT_3D('',#4301,#4302,#4303);
#4301 = CARTESIAN_POINT('',(94.1175,-72.07,-4.6E-02));
#4302 = DIRECTION('',(-0.,-0.,-1.));
#4303 = DIRECTION('',(-0.,-1.,0.));
#4304 = ADVANCED_FACE('',(#4305),#4316,.F.);
#4305 = FACE_BOUND('',#4306,.T.);
#4306 = EDGE_LOOP('',(#4307,#4308,#4314,#4315));
#4307 = ORIENTED_EDGE('',*,*,#1174,.T.);
#4308 = ORIENTED_EDGE('',*,*,#4309,.T.);
#4309 = EDGE_CURVE('',#1175,#2445,#4310,.T.);
#4310 = LINE('',#4311,#4312);
#4311 = CARTESIAN_POINT('',(106.11,-73.91,-4.6E-02));
#4312 = VECTOR('',#4313,1.);
#4313 = DIRECTION('',(0.,0.,1.));
#4314 = ORIENTED_EDGE('',*,*,#2444,.F.);
#4315 = ORIENTED_EDGE('',*,*,#4309,.F.);
#4316 = CYLINDRICAL_SURFACE('',#4317,0.5);
#4317 = AXIS2_PLACEMENT_3D('',#4318,#4319,#4320);
#4318 = CARTESIAN_POINT('',(106.11,-73.41,-4.6E-02));
#4319 = DIRECTION('',(-0.,-0.,-1.));
#4320 = DIRECTION('',(-0.,-1.,0.));
#4321 = ADVANCED_FACE('',(#4322),#4333,.F.);
#4322 = FACE_BOUND('',#4323,.T.);
#4323 = EDGE_LOOP('',(#4324,#4325,#4331,#4332));
#4324 = ORIENTED_EDGE('',*,*,#1185,.T.);
#4325 = ORIENTED_EDGE('',*,*,#4326,.T.);
#4326 = EDGE_CURVE('',#1186,#2456,#4327,.T.);
#4327 = LINE('',#4328,#4329);
#4328 = CARTESIAN_POINT('',(106.11,-71.37,-4.6E-02));
#4329 = VECTOR('',#4330,1.);
#4330 = DIRECTION('',(0.,0.,1.));
#4331 = ORIENTED_EDGE('',*,*,#2455,.F.);
#4332 = ORIENTED_EDGE('',*,*,#4326,.F.);
#4333 = CYLINDRICAL_SURFACE('',#4334,0.5);
#4334 = AXIS2_PLACEMENT_3D('',#4335,#4336,#4337);
#4335 = CARTESIAN_POINT('',(106.11,-70.87,-4.6E-02));
#4336 = DIRECTION('',(-0.,-0.,-1.));
#4337 = DIRECTION('',(-0.,-1.,0.));
#4338 = ADVANCED_FACE('',(#4339),#4350,.F.);
#4339 = FACE_BOUND('',#4340,.T.);
#4340 = EDGE_LOOP('',(#4341,#4342,#4348,#4349));
#4341 = ORIENTED_EDGE('',*,*,#1196,.T.);
#4342 = ORIENTED_EDGE('',*,*,#4343,.T.);
#4343 = EDGE_CURVE('',#1197,#2467,#4344,.T.);
#4344 = LINE('',#4345,#4346);
#4345 = CARTESIAN_POINT('',(123.89,-89.15,-4.6E-02));
#4346 = VECTOR('',#4347,1.);
#4347 = DIRECTION('',(0.,0.,1.));
#4348 = ORIENTED_EDGE('',*,*,#2466,.F.);
#4349 = ORIENTED_EDGE('',*,*,#4343,.F.);
#4350 = CYLINDRICAL_SURFACE('',#4351,0.5);
#4351 = AXIS2_PLACEMENT_3D('',#4352,#4353,#4354);
#4352 = CARTESIAN_POINT('',(123.89,-88.65,-4.6E-02));
#4353 = DIRECTION('',(-0.,-0.,-1.));
#4354 = DIRECTION('',(-0.,-1.,0.));
#4355 = ADVANCED_FACE('',(#4356),#4367,.F.);
#4356 = FACE_BOUND('',#4357,.T.);
#4357 = EDGE_LOOP('',(#4358,#4359,#4365,#4366));
#4358 = ORIENTED_EDGE('',*,*,#1207,.T.);
#4359 = ORIENTED_EDGE('',*,*,#4360,.T.);
#4360 = EDGE_CURVE('',#1208,#2478,#4361,.T.);
#4361 = LINE('',#4362,#4363);
#4362 = CARTESIAN_POINT('',(123.89,-86.61,-4.6E-02));
#4363 = VECTOR('',#4364,1.);
#4364 = DIRECTION('',(0.,0.,1.));
#4365 = ORIENTED_EDGE('',*,*,#2477,.F.);
#4366 = ORIENTED_EDGE('',*,*,#4360,.F.);
#4367 = CYLINDRICAL_SURFACE('',#4368,0.5);
#4368 = AXIS2_PLACEMENT_3D('',#4369,#4370,#4371);
#4369 = CARTESIAN_POINT('',(123.89,-86.11,-4.6E-02));
#4370 = DIRECTION('',(-0.,-0.,-1.));
#4371 = DIRECTION('',(-0.,-1.,0.));
#4372 = ADVANCED_FACE('',(#4373),#4384,.F.);
#4373 = FACE_BOUND('',#4374,.T.);
#4374 = EDGE_LOOP('',(#4375,#4376,#4382,#4383));
#4375 = ORIENTED_EDGE('',*,*,#1218,.T.);
#4376 = ORIENTED_EDGE('',*,*,#4377,.T.);
#4377 = EDGE_CURVE('',#1219,#2489,#4378,.T.);
#4378 = LINE('',#4379,#4380);
#4379 = CARTESIAN_POINT('',(123.89,-84.07,-4.6E-02));
#4380 = VECTOR('',#4381,1.);
#4381 = DIRECTION('',(0.,0.,1.));
#4382 = ORIENTED_EDGE('',*,*,#2488,.F.);
#4383 = ORIENTED_EDGE('',*,*,#4377,.F.);
#4384 = CYLINDRICAL_SURFACE('',#4385,0.5);
#4385 = AXIS2_PLACEMENT_3D('',#4386,#4387,#4388);
#4386 = CARTESIAN_POINT('',(123.89,-83.57,-4.6E-02));
#4387 = DIRECTION('',(-0.,-0.,-1.));
#4388 = DIRECTION('',(-0.,-1.,0.));
#4389 = ADVANCED_FACE('',(#4390),#4401,.F.);
#4390 = FACE_BOUND('',#4391,.T.);
#4391 = EDGE_LOOP('',(#4392,#4393,#4399,#4400));
#4392 = ORIENTED_EDGE('',*,*,#1229,.T.);
#4393 = ORIENTED_EDGE('',*,*,#4394,.T.);
#4394 = EDGE_CURVE('',#1230,#2500,#4395,.T.);
#4395 = LINE('',#4396,#4397);
#4396 = CARTESIAN_POINT('',(123.89,-81.53,-4.6E-02));
#4397 = VECTOR('',#4398,1.);
#4398 = DIRECTION('',(0.,0.,1.));
#4399 = ORIENTED_EDGE('',*,*,#2499,.F.);
#4400 = ORIENTED_EDGE('',*,*,#4394,.F.);
#4401 = CYLINDRICAL_SURFACE('',#4402,0.5);
#4402 = AXIS2_PLACEMENT_3D('',#4403,#4404,#4405);
#4403 = CARTESIAN_POINT('',(123.89,-81.03,-4.6E-02));
#4404 = DIRECTION('',(-0.,-0.,-1.));
#4405 = DIRECTION('',(-0.,-1.,0.));
#4406 = ADVANCED_FACE('',(#4407),#4418,.F.);
#4407 = FACE_BOUND('',#4408,.T.);
#4408 = EDGE_LOOP('',(#4409,#4410,#4416,#4417));
#4409 = ORIENTED_EDGE('',*,*,#1240,.T.);
#4410 = ORIENTED_EDGE('',*,*,#4411,.T.);
#4411 = EDGE_CURVE('',#1241,#2511,#4412,.T.);
#4412 = LINE('',#4413,#4414);
#4413 = CARTESIAN_POINT('',(123.89,-78.99,-4.6E-02));
#4414 = VECTOR('',#4415,1.);
#4415 = DIRECTION('',(0.,0.,1.));
#4416 = ORIENTED_EDGE('',*,*,#2510,.F.);
#4417 = ORIENTED_EDGE('',*,*,#4411,.F.);
#4418 = CYLINDRICAL_SURFACE('',#4419,0.5);
#4419 = AXIS2_PLACEMENT_3D('',#4420,#4421,#4422);
#4420 = CARTESIAN_POINT('',(123.89,-78.49,-4.6E-02));
#4421 = DIRECTION('',(-0.,-0.,-1.));
#4422 = DIRECTION('',(-0.,-1.,0.));
#4423 = ADVANCED_FACE('',(#4424),#4435,.F.);
#4424 = FACE_BOUND('',#4425,.T.);
#4425 = EDGE_LOOP('',(#4426,#4427,#4433,#4434));
#4426 = ORIENTED_EDGE('',*,*,#1251,.T.);
#4427 = ORIENTED_EDGE('',*,*,#4428,.T.);
#4428 = EDGE_CURVE('',#1252,#2522,#4429,.T.);
#4429 = LINE('',#4430,#4431);
#4430 = CARTESIAN_POINT('',(123.89,-76.45,-4.6E-02));
#4431 = VECTOR('',#4432,1.);
#4432 = DIRECTION('',(0.,0.,1.));
#4433 = ORIENTED_EDGE('',*,*,#2521,.F.);
#4434 = ORIENTED_EDGE('',*,*,#4428,.F.);
#4435 = CYLINDRICAL_SURFACE('',#4436,0.5);
#4436 = AXIS2_PLACEMENT_3D('',#4437,#4438,#4439);
#4437 = CARTESIAN_POINT('',(123.89,-75.95,-4.6E-02));
#4438 = DIRECTION('',(-0.,-0.,-1.));
#4439 = DIRECTION('',(-0.,-1.,0.));
#4440 = ADVANCED_FACE('',(#4441),#4452,.F.);
#4441 = FACE_BOUND('',#4442,.T.);
#4442 = EDGE_LOOP('',(#4443,#4444,#4450,#4451));
#4443 = ORIENTED_EDGE('',*,*,#1262,.T.);
#4444 = ORIENTED_EDGE('',*,*,#4445,.T.);
#4445 = EDGE_CURVE('',#1263,#2533,#4446,.T.);
#4446 = LINE('',#4447,#4448);
#4447 = CARTESIAN_POINT('',(112.575,-74.955,-4.6E-02));
#4448 = VECTOR('',#4449,1.);
#4449 = DIRECTION('',(0.,0.,1.));
#4450 = ORIENTED_EDGE('',*,*,#2532,.F.);
#4451 = ORIENTED_EDGE('',*,*,#4445,.F.);
#4452 = CYLINDRICAL_SURFACE('',#4453,0.925);
#4453 = AXIS2_PLACEMENT_3D('',#4454,#4455,#4456);
#4454 = CARTESIAN_POINT('',(112.575,-74.03,-4.6E-02));
#4455 = DIRECTION('',(-0.,-0.,-1.));
#4456 = DIRECTION('',(-0.,-1.,0.));
#4457 = ADVANCED_FACE('',(#4458),#4469,.F.);
#4458 = FACE_BOUND('',#4459,.T.);
#4459 = EDGE_LOOP('',(#4460,#4461,#4467,#4468));
#4460 = ORIENTED_EDGE('',*,*,#1273,.T.);
#4461 = ORIENTED_EDGE('',*,*,#4462,.T.);
#4462 = EDGE_CURVE('',#1274,#2544,#4463,.T.);
#4463 = LINE('',#4464,#4465);
#4464 = CARTESIAN_POINT('',(117.425,-74.955,-4.6E-02));
#4465 = VECTOR('',#4466,1.);
#4466 = DIRECTION('',(0.,0.,1.));
#4467 = ORIENTED_EDGE('',*,*,#2543,.F.);
#4468 = ORIENTED_EDGE('',*,*,#4462,.F.);
#4469 = CYLINDRICAL_SURFACE('',#4470,0.925);
#4470 = AXIS2_PLACEMENT_3D('',#4471,#4472,#4473);
#4471 = CARTESIAN_POINT('',(117.425,-74.03,-4.6E-02));
#4472 = DIRECTION('',(-0.,-0.,-1.));
#4473 = DIRECTION('',(-0.,-1.,0.));
#4474 = ADVANCED_FACE('',(#4475),#4486,.F.);
#4475 = FACE_BOUND('',#4476,.T.);
#4476 = EDGE_LOOP('',(#4477,#4478,#4484,#4485));
#4477 = ORIENTED_EDGE('',*,*,#1284,.T.);
#4478 = ORIENTED_EDGE('',*,*,#4479,.T.);
#4479 = EDGE_CURVE('',#1285,#2555,#4480,.T.);
#4480 = LINE('',#4481,#4482);
#4481 = CARTESIAN_POINT('',(112.275,-72.1,-4.6E-02));
#4482 = VECTOR('',#4483,1.);
#4483 = DIRECTION('',(0.,0.,1.));
#4484 = ORIENTED_EDGE('',*,*,#2554,.F.);
#4485 = ORIENTED_EDGE('',*,*,#4479,.F.);
#4486 = CYLINDRICAL_SURFACE('',#4487,1.1);
#4487 = AXIS2_PLACEMENT_3D('',#4488,#4489,#4490);
#4488 = CARTESIAN_POINT('',(112.275,-71.,-4.6E-02));
#4489 = DIRECTION('',(-0.,-0.,-1.));
#4490 = DIRECTION('',(-0.,-1.,0.));
#4491 = ADVANCED_FACE('',(#4492),#4503,.F.);
#4492 = FACE_BOUND('',#4493,.T.);
#4493 = EDGE_LOOP('',(#4494,#4495,#4501,#4502));
#4494 = ORIENTED_EDGE('',*,*,#1295,.T.);
#4495 = ORIENTED_EDGE('',*,*,#4496,.T.);
#4496 = EDGE_CURVE('',#1296,#2566,#4497,.T.);
#4497 = LINE('',#4498,#4499);
#4498 = CARTESIAN_POINT('',(117.725,-72.1,-4.6E-02));
#4499 = VECTOR('',#4500,1.);
#4500 = DIRECTION('',(0.,0.,1.));
#4501 = ORIENTED_EDGE('',*,*,#2565,.F.);
#4502 = ORIENTED_EDGE('',*,*,#4496,.F.);
#4503 = CYLINDRICAL_SURFACE('',#4504,1.1);
#4504 = AXIS2_PLACEMENT_3D('',#4505,#4506,#4507);
#4505 = CARTESIAN_POINT('',(117.725,-71.,-4.6E-02));
#4506 = DIRECTION('',(-0.,-0.,-1.));
#4507 = DIRECTION('',(-0.,-1.,0.));
#4508 = ADVANCED_FACE('',(#4509),#4520,.F.);
#4509 = FACE_BOUND('',#4510,.T.);
#4510 = EDGE_LOOP('',(#4511,#4512,#4518,#4519));
#4511 = ORIENTED_EDGE('',*,*,#1306,.T.);
#4512 = ORIENTED_EDGE('',*,*,#4513,.T.);
#4513 = EDGE_CURVE('',#1307,#2577,#4514,.T.);
#4514 = LINE('',#4515,#4516);
#4515 = CARTESIAN_POINT('',(123.89,-73.91,-4.6E-02));
#4516 = VECTOR('',#4517,1.);
#4517 = DIRECTION('',(0.,0.,1.));
#4518 = ORIENTED_EDGE('',*,*,#2576,.F.);
#4519 = ORIENTED_EDGE('',*,*,#4513,.F.);
#4520 = CYLINDRICAL_SURFACE('',#4521,0.5);
#4521 = AXIS2_PLACEMENT_3D('',#4522,#4523,#4524);
#4522 = CARTESIAN_POINT('',(123.89,-73.41,-4.6E-02));
#4523 = DIRECTION('',(-0.,-0.,-1.));
#4524 = DIRECTION('',(-0.,-1.,0.));
#4525 = ADVANCED_FACE('',(#4526),#4537,.F.);
#4526 = FACE_BOUND('',#4527,.T.);
#4527 = EDGE_LOOP('',(#4528,#4529,#4535,#4536));
#4528 = ORIENTED_EDGE('',*,*,#1317,.T.);
#4529 = ORIENTED_EDGE('',*,*,#4530,.T.);
#4530 = EDGE_CURVE('',#1318,#2588,#4531,.T.);
#4531 = LINE('',#4532,#4533);
#4532 = CARTESIAN_POINT('',(123.89,-71.37,-4.6E-02));
#4533 = VECTOR('',#4534,1.);
#4534 = DIRECTION('',(0.,0.,1.));
#4535 = ORIENTED_EDGE('',*,*,#2587,.F.);
#4536 = ORIENTED_EDGE('',*,*,#4530,.F.);
#4537 = CYLINDRICAL_SURFACE('',#4538,0.5);
#4538 = AXIS2_PLACEMENT_3D('',#4539,#4540,#4541);
#4539 = CARTESIAN_POINT('',(123.89,-70.87,-4.6E-02));
#4540 = DIRECTION('',(-0.,-0.,-1.));
#4541 = DIRECTION('',(-0.,-1.,0.));
#4542 = ADVANCED_FACE('',(#4543),#4554,.F.);
#4543 = FACE_BOUND('',#4544,.T.);
#4544 = EDGE_LOOP('',(#4545,#4546,#4552,#4553));
#4545 = ORIENTED_EDGE('',*,*,#1328,.T.);
#4546 = ORIENTED_EDGE('',*,*,#4547,.T.);
#4547 = EDGE_CURVE('',#1329,#2599,#4548,.T.);
#4548 = LINE('',#4549,#4550);
#4549 = CARTESIAN_POINT('',(196.8675,-105.02,-4.6E-02));
#4550 = VECTOR('',#4551,1.);
#4551 = DIRECTION('',(0.,0.,1.));
#4552 = ORIENTED_EDGE('',*,*,#2598,.F.);
#4553 = ORIENTED_EDGE('',*,*,#4547,.F.);
#4554 = CYLINDRICAL_SURFACE('',#4555,0.5);
#4555 = AXIS2_PLACEMENT_3D('',#4556,#4557,#4558);
#4556 = CARTESIAN_POINT('',(196.8675,-104.52,-4.6E-02));
#4557 = DIRECTION('',(-0.,-0.,-1.));
#4558 = DIRECTION('',(-0.,-1.,0.));
#4559 = ADVANCED_FACE('',(#4560),#4571,.F.);
#4560 = FACE_BOUND('',#4561,.T.);
#4561 = EDGE_LOOP('',(#4562,#4563,#4569,#4570));
#4562 = ORIENTED_EDGE('',*,*,#1339,.T.);
#4563 = ORIENTED_EDGE('',*,*,#4564,.T.);
#4564 = EDGE_CURVE('',#1340,#2610,#4565,.T.);
#4565 = LINE('',#4566,#4567);
#4566 = CARTESIAN_POINT('',(196.8675,-102.48,-4.6E-02));
#4567 = VECTOR('',#4568,1.);
#4568 = DIRECTION('',(0.,0.,1.));
#4569 = ORIENTED_EDGE('',*,*,#2609,.F.);
#4570 = ORIENTED_EDGE('',*,*,#4564,.F.);
#4571 = CYLINDRICAL_SURFACE('',#4572,0.5);
#4572 = AXIS2_PLACEMENT_3D('',#4573,#4574,#4575);
#4573 = CARTESIAN_POINT('',(196.8675,-101.98,-4.6E-02));
#4574 = DIRECTION('',(-0.,-0.,-1.));
#4575 = DIRECTION('',(-0.,-1.,0.));
#4576 = ADVANCED_FACE('',(#4577),#4588,.F.);
#4577 = FACE_BOUND('',#4578,.T.);
#4578 = EDGE_LOOP('',(#4579,#4580,#4586,#4587));
#4579 = ORIENTED_EDGE('',*,*,#1350,.T.);
#4580 = ORIENTED_EDGE('',*,*,#4581,.T.);
#4581 = EDGE_CURVE('',#1351,#2621,#4582,.T.);
#4582 = LINE('',#4583,#4584);
#4583 = CARTESIAN_POINT('',(196.867501,-99.94,-4.6E-02));
#4584 = VECTOR('',#4585,1.);
#4585 = DIRECTION('',(0.,0.,1.));
#4586 = ORIENTED_EDGE('',*,*,#2620,.F.);
#4587 = ORIENTED_EDGE('',*,*,#4581,.F.);
#4588 = CYLINDRICAL_SURFACE('',#4589,0.5);
#4589 = AXIS2_PLACEMENT_3D('',#4590,#4591,#4592);
#4590 = CARTESIAN_POINT('',(196.867501,-99.44,-4.6E-02));
#4591 = DIRECTION('',(-0.,-0.,-1.));
#4592 = DIRECTION('',(-0.,-1.,0.));
#4593 = ADVANCED_FACE('',(#4594),#4605,.F.);
#4594 = FACE_BOUND('',#4595,.T.);
#4595 = EDGE_LOOP('',(#4596,#4597,#4603,#4604));
#4596 = ORIENTED_EDGE('',*,*,#1361,.T.);
#4597 = ORIENTED_EDGE('',*,*,#4598,.T.);
#4598 = EDGE_CURVE('',#1362,#2632,#4599,.T.);
#4599 = LINE('',#4600,#4601);
#4600 = CARTESIAN_POINT('',(196.8675,-97.4,-4.6E-02));
#4601 = VECTOR('',#4602,1.);
#4602 = DIRECTION('',(0.,0.,1.));
#4603 = ORIENTED_EDGE('',*,*,#2631,.F.);
#4604 = ORIENTED_EDGE('',*,*,#4598,.F.);
#4605 = CYLINDRICAL_SURFACE('',#4606,0.5);
#4606 = AXIS2_PLACEMENT_3D('',#4607,#4608,#4609);
#4607 = CARTESIAN_POINT('',(196.8675,-96.9,-4.6E-02));
#4608 = DIRECTION('',(-0.,-0.,-1.));
#4609 = DIRECTION('',(-0.,-1.,0.));
#4610 = ADVANCED_FACE('',(#4611),#4622,.F.);
#4611 = FACE_BOUND('',#4612,.T.);
#4612 = EDGE_LOOP('',(#4613,#4614,#4620,#4621));
#4613 = ORIENTED_EDGE('',*,*,#1372,.T.);
#4614 = ORIENTED_EDGE('',*,*,#4615,.T.);
#4615 = EDGE_CURVE('',#1373,#2643,#4616,.T.);
#4616 = LINE('',#4617,#4618);
#4617 = CARTESIAN_POINT('',(196.1175,-73.57,-4.6E-02));
#4618 = VECTOR('',#4619,1.);
#4619 = DIRECTION('',(0.,0.,1.));
#4620 = ORIENTED_EDGE('',*,*,#2642,.F.);
#4621 = ORIENTED_EDGE('',*,*,#4615,.F.);
#4622 = CYLINDRICAL_SURFACE('',#4623,1.6);
#4623 = AXIS2_PLACEMENT_3D('',#4624,#4625,#4626);
#4624 = CARTESIAN_POINT('',(196.1175,-71.97,-4.6E-02));
#4625 = DIRECTION('',(-0.,-0.,-1.));
#4626 = DIRECTION('',(-0.,-1.,0.));
#4627 = ADVANCED_FACE('',(#4628),#4639,.F.);
#4628 = FACE_BOUND('',#4629,.T.);
#4629 = EDGE_LOOP('',(#4630,#4631,#4637,#4638));
#4630 = ORIENTED_EDGE('',*,*,#1383,.T.);
#4631 = ORIENTED_EDGE('',*,*,#4632,.T.);
#4632 = EDGE_CURVE('',#1384,#2654,#4633,.T.);
#4633 = LINE('',#4634,#4635);
#4634 = CARTESIAN_POINT('',(215.,-79.499999,-4.6E-02));
#4635 = VECTOR('',#4636,1.);
#4636 = DIRECTION('',(0.,0.,1.));
#4637 = ORIENTED_EDGE('',*,*,#2653,.F.);
#4638 = ORIENTED_EDGE('',*,*,#4632,.F.);
#4639 = CYLINDRICAL_SURFACE('',#4640,0.25);
#4640 = AXIS2_PLACEMENT_3D('',#4641,#4642,#4643);
#4641 = CARTESIAN_POINT('',(215.,-79.249999,-4.6E-02));
#4642 = DIRECTION('',(-0.,-0.,-1.));
#4643 = DIRECTION('',(-0.,-1.,0.));
#4644 = ADVANCED_FACE('',(#4645),#4656,.F.);
#4645 = FACE_BOUND('',#4646,.T.);
#4646 = EDGE_LOOP('',(#4647,#4648,#4654,#4655));
#4647 = ORIENTED_EDGE('',*,*,#1394,.T.);
#4648 = ORIENTED_EDGE('',*,*,#4649,.T.);
#4649 = EDGE_CURVE('',#1395,#2665,#4650,.T.);
#4650 = LINE('',#4651,#4652);
#4651 = CARTESIAN_POINT('',(215.,-78.25,-4.6E-02));
#4652 = VECTOR('',#4653,1.);
#4653 = DIRECTION('',(0.,0.,1.));
#4654 = ORIENTED_EDGE('',*,*,#2664,.F.);
#4655 = ORIENTED_EDGE('',*,*,#4649,.F.);
#4656 = CYLINDRICAL_SURFACE('',#4657,0.25);
#4657 = AXIS2_PLACEMENT_3D('',#4658,#4659,#4660);
#4658 = CARTESIAN_POINT('',(215.,-78.,-4.6E-02));
#4659 = DIRECTION('',(-0.,-0.,-1.));
#4660 = DIRECTION('',(-0.,-1.,0.));
#4661 = ( GEOMETRIC_REPRESENTATION_CONTEXT(3) 
GLOBAL_UNCERTAINTY_ASSIGNED_CONTEXT((#4665)) 
GLOBAL_UNIT_ASSIGNED_CONTEXT((#4662,#4663,#4664)) REPRESENTATION_CONTEXT
('Context #1','3D Context with UNIT and UNCERTAINTY') );
#4662 = ( LENGTH_UNIT() NAMED_UNIT(*) SI_UNIT(.MILLI.,.METRE.) );
#4663 = ( NAMED_UNIT(*) PLANE_ANGLE_UNIT() SI_UNIT($,.RADIAN.) );
#4664 = ( NAMED_UNIT(*) SI_UNIT($,.STERADIAN.) SOLID_ANGLE_UNIT() );
#4665 = UNCERTAINTY_MEASURE_WITH_UNIT(LENGTH_MEASURE(1.E-07),#4662,
  'distance_accuracy_value','confusion accuracy');
#4666 = CONTEXT_DEPENDENT_SHAPE_REPRESENTATION(#4667,#4669);
#4667 = ( REPRESENTATION_RELATIONSHIP('','',#32,#10) 
REPRESENTATION_RELATIONSHIP_WITH_TRANSFORMATION(#4668) 
SHAPE_REPRESENTATION_RELATIONSHIP() );
#4668 = ITEM_DEFINED_TRANSFORMATION('','',#11,#15);
#4669 = PRODUCT_DEFINITION_SHAPE('Placement','Placement of an item',
  #4670);
#4670 = NEXT_ASSEMBLY_USAGE_OCCURRENCE('1','=>[0:1:1:2]','',#5,#27,$);
#4671 = PRODUCT_RELATED_PRODUCT_CATEGORY('part',$,(#29));
#4672 = MECHANICAL_DESIGN_GEOMETRIC_PRESENTATION_REPRESENTATION('',(
    #4673),#4661);
#4673 = STYLED_ITEM('color',(#4674),#33);
#4674 = PRESENTATION_STYLE_ASSIGNMENT((#4675));
#4675 = SURFACE_STYLE_USAGE(.BOTH.,#4676);
#4676 = SURFACE_SIDE_STYLE('',(#4677));
#4677 = SURFACE_STYLE_FILL_AREA(#4678);
#4678 = FILL_AREA_STYLE('',(#4679));
#4679 = FILL_AREA_STYLE_COLOUR('',#4680);
#4680 = COLOUR_RGB('',0.313304153717,0.484529207832,0.410020903123);
ENDSEC;
END-ISO-10303-21;
