ISO-10303-21;
HEADER;
FILE_DESCRIPTION(('KiCad electronic assembly'),'2;1');
FILE_NAME('top_board.step','2026-09-17T17:15:11',('Pcbnew'),('Kicad'),
  'Open CASCADE STEP processor 7.9','KiCad to STEP converter','Unknown'
  );
FILE_SCHEMA(('AUTOMOTIVE_DESIGN { 1 0 10303 214 1 1 1 1 }'));
ENDSEC;
DATA;
#1 = APPLICATION_PROTOCOL_DEFINITION('international standard',
  'automotive_design',2000,#2);
#2 = APPLICATION_CONTEXT(
  'core data for automotive mechanical design processes');
#3 = SHAPE_DEFINITION_REPRESENTATION(#4,#10);
#4 = PRODUCT_DEFINITION_SHAPE('','',#5);
#5 = PRODUCT_DEFINITION('design','',#6,#9);
#6 = PRODUCT_DEFINITION_FORMATION('','',#7);
#7 = PRODUCT('top_board 1','top_board 1','',(#8));
#8 = PRODUCT_CONTEXT('',#2,'mechanical');
#9 = PRODUCT_DEFINITION_CONTEXT('part definition',#2,'design');
#10 = SHAPE_REPRESENTATION('',(#11,#15),#19);
#11 = AXIS2_PLACEMENT_3D('',#12,#13,#14);
#12 = CARTESIAN_POINT('',(0.,0.,0.));
#13 = DIRECTION('',(0.,0.,1.));
#14 = DIRECTION('',(1.,0.,-0.));
#15 = AXIS2_PLACEMENT_3D('',#16,#17,#18);
#16 = CARTESIAN_POINT('',(0.,0.,0.));
#17 = DIRECTION('',(0.,0.,1.));
#18 = DIRECTION('',(1.,0.,-0.));
#19 = ( GEOMETRIC_REPRESENTATION_CONTEXT(3) 
GLOBAL_UNCERTAINTY_ASSIGNED_CONTEXT((#23)) GLOBAL_UNIT_ASSIGNED_CONTEXT(
(#20,#21,#22)) REPRESENTATION_CONTEXT('Context #1',
  '3D Context with UNIT and UNCERTAINTY') );
#20 = ( LENGTH_UNIT() NAMED_UNIT(*) SI_UNIT(.MILLI.,.METRE.) );
#21 = ( NAMED_UNIT(*) PLANE_ANGLE_UNIT() SI_UNIT($,.RADIAN.) );
#22 = ( NAMED_UNIT(*) SI_UNIT($,.STERADIAN.) SOLID_ANGLE_UNIT() );
#23 = UNCERTAINTY_MEASURE_WITH_UNIT(LENGTH_MEASURE(1.E-07),#20,
  'distance_accuracy_value','confusion accuracy');
#24 = PRODUCT_RELATED_PRODUCT_CATEGORY('part',$,(#7));
#25 = SHAPE_DEFINITION_REPRESENTATION(#26,#32);
#26 = PRODUCT_DEFINITION_SHAPE('','',#27);
#27 = PRODUCT_DEFINITION('design','',#28,#31);
#28 = PRODUCT_DEFINITION_FORMATION('','',#29);
#29 = PRODUCT('top13F6_PCB','top13F6_PCB','',(#30));
#30 = PRODUCT_CONTEXT('',#2,'mechanical');
#31 = PRODUCT_DEFINITION_CONTEXT('part definition',#2,'design');
#32 = ADVANCED_BREP_SHAPE_REPRESENTATION('',(#11,#33),#4918);
#33 = MANIFOLD_SOLID_BREP('',#34);
#34 = CLOSED_SHELL('',(#35,#77,#108,#139,#1477,#2815,#2832,#2849,#2866,
    #2883,#2900,#2917,#2934,#2951,#2968,#2985,#3002,#3019,#3036,#3048,
    #3065,#3082,#3099,#3116,#3133,#3150,#3167,#3184,#3201,#3218,#3235,
    #3252,#3269,#3286,#3303,#3320,#3337,#3354,#3371,#3388,#3405,#3422,
    #3439,#3456,#3473,#3490,#3507,#3524,#3541,#3558,#3575,#3592,#3609,
    #3626,#3643,#3660,#3677,#3694,#3711,#3728,#3745,#3762,#3779,#3796,
    #3813,#3830,#3847,#3864,#3881,#3898,#3915,#3932,#3949,#3966,#3983,
    #4000,#4017,#4034,#4051,#4068,#4085,#4102,#4119,#4136,#4153,#4170,
    #4187,#4204,#4221,#4238,#4255,#4272,#4289,#4306,#4323,#4340,#4357,
    #4374,#4391,#4408,#4425,#4442,#4459,#4476,#4493,#4510,#4527,#4544,
    #4561,#4578,#4595,#4612,#4629,#4646,#4663,#4680,#4697,#4714,#4731,
    #4748,#4765,#4782,#4799,#4816,#4833,#4850,#4867,#4884,#4901));
#35 = ADVANCED_FACE('',(#36),#72,.T.);
#36 = FACE_BOUND('',#37,.T.);
#37 = EDGE_LOOP('',(#38,#48,#57,#65));
#38 = ORIENTED_EDGE('',*,*,#39,.T.);
#39 = EDGE_CURVE('',#40,#42,#44,.T.);
#40 = VERTEX_POINT('',#41);
#41 = CARTESIAN_POINT('',(220.,-58.,0.));
#42 = VERTEX_POINT('',#43);
#43 = CARTESIAN_POINT('',(220.,-58.,1.51));
#44 = LINE('',#45,#46);
#45 = CARTESIAN_POINT('',(220.,-58.,0.));
#46 = VECTOR('',#47,1.);
#47 = DIRECTION('',(0.,0.,1.));
#48 = ORIENTED_EDGE('',*,*,#49,.T.);
#49 = EDGE_CURVE('',#42,#50,#52,.T.);
#50 = VERTEX_POINT('',#51);
#51 = CARTESIAN_POINT('',(230.,-68.,1.51));
#52 = CIRCLE('',#53,9.999999357669);
#53 = AXIS2_PLACEMENT_3D('',#54,#55,#56);
#54 = CARTESIAN_POINT('',(220.00000064233,-67.99999935766,1.51));
#55 = DIRECTION('',(0.,0.,-1.));
#56 = DIRECTION('',(-6.423314133505E-08,1.,0.));
#57 = ORIENTED_EDGE('',*,*,#58,.F.);
#58 = EDGE_CURVE('',#59,#50,#61,.T.);
#59 = VERTEX_POINT('',#60);
#60 = CARTESIAN_POINT('',(230.,-68.,0.));
#61 = LINE('',#62,#63);
#62 = CARTESIAN_POINT('',(230.,-68.,0.));
#63 = VECTOR('',#64,1.);
#64 = DIRECTION('',(0.,0.,1.));
#65 = ORIENTED_EDGE('',*,*,#66,.F.);
#66 = EDGE_CURVE('',#40,#59,#67,.T.);
#67 = CIRCLE('',#68,9.999999357669);
#68 = AXIS2_PLACEMENT_3D('',#69,#70,#71);
#69 = CARTESIAN_POINT('',(220.00000064233,-67.99999935766,0.));
#70 = DIRECTION('',(0.,0.,-1.));
#71 = DIRECTION('',(-6.423314133505E-08,1.,0.));
#72 = CYLINDRICAL_SURFACE('',#73,9.999999357669);
#73 = AXIS2_PLACEMENT_3D('',#74,#75,#76);
#74 = CARTESIAN_POINT('',(220.00000064233,-67.99999935766,0.));
#75 = DIRECTION('',(0.,0.,-1.));
#76 = DIRECTION('',(-6.423314133505E-08,1.,0.));
#77 = ADVANCED_FACE('',(#78),#103,.T.);
#78 = FACE_BOUND('',#79,.T.);
#79 = EDGE_LOOP('',(#80,#90,#96,#97));
#80 = ORIENTED_EDGE('',*,*,#81,.T.);
#81 = EDGE_CURVE('',#82,#84,#86,.T.);
#82 = VERTEX_POINT('',#83);
#83 = CARTESIAN_POINT('',(128.,-58.,0.));
#84 = VERTEX_POINT('',#85);
#85 = CARTESIAN_POINT('',(128.,-58.,1.51));
#86 = LINE('',#87,#88);
#87 = CARTESIAN_POINT('',(128.,-58.,0.));
#88 = VECTOR('',#89,1.);
#89 = DIRECTION('',(0.,0.,1.));
#90 = ORIENTED_EDGE('',*,*,#91,.T.);
#91 = EDGE_CURVE('',#84,#42,#92,.T.);
#92 = LINE('',#93,#94);
#93 = CARTESIAN_POINT('',(128.,-58.,1.51));
#94 = VECTOR('',#95,1.);
#95 = DIRECTION('',(1.,0.,0.));
#96 = ORIENTED_EDGE('',*,*,#39,.F.);
#97 = ORIENTED_EDGE('',*,*,#98,.F.);
#98 = EDGE_CURVE('',#82,#40,#99,.T.);
#99 = LINE('',#100,#101);
#100 = CARTESIAN_POINT('',(128.,-58.,0.));
#101 = VECTOR('',#102,1.);
#102 = DIRECTION('',(1.,0.,0.));
#103 = PLANE('',#104);
#104 = AXIS2_PLACEMENT_3D('',#105,#106,#107);
#105 = CARTESIAN_POINT('',(128.,-58.,0.));
#106 = DIRECTION('',(0.,1.,0.));
#107 = DIRECTION('',(1.,0.,0.));
#108 = ADVANCED_FACE('',(#109),#134,.T.);
#109 = FACE_BOUND('',#110,.T.);
#110 = EDGE_LOOP('',(#111,#112,#120,#128));
#111 = ORIENTED_EDGE('',*,*,#58,.T.);
#112 = ORIENTED_EDGE('',*,*,#113,.T.);
#113 = EDGE_CURVE('',#50,#114,#116,.T.);
#114 = VERTEX_POINT('',#115);
#115 = CARTESIAN_POINT('',(230.,-143.,1.51));
#116 = LINE('',#117,#118);
#117 = CARTESIAN_POINT('',(230.,-68.,1.51));
#118 = VECTOR('',#119,1.);
#119 = DIRECTION('',(0.,-1.,0.));
#120 = ORIENTED_EDGE('',*,*,#121,.F.);
#121 = EDGE_CURVE('',#122,#114,#124,.T.);
#122 = VERTEX_POINT('',#123);
#123 = CARTESIAN_POINT('',(230.,-143.,0.));
#124 = LINE('',#125,#126);
#125 = CARTESIAN_POINT('',(230.,-143.,0.));
#126 = VECTOR('',#127,1.);
#127 = DIRECTION('',(0.,0.,1.));
#128 = ORIENTED_EDGE('',*,*,#129,.F.);
#129 = EDGE_CURVE('',#59,#122,#130,.T.);
#130 = LINE('',#131,#132);
#131 = CARTESIAN_POINT('',(230.,-68.,0.));
#132 = VECTOR('',#133,1.);
#133 = DIRECTION('',(0.,-1.,0.));
#134 = PLANE('',#135);
#135 = AXIS2_PLACEMENT_3D('',#136,#137,#138);
#136 = CARTESIAN_POINT('',(230.,-68.,0.));
#137 = DIRECTION('',(1.,0.,-0.));
#138 = DIRECTION('',(0.,-1.,0.));
#139 = ADVANCED_FACE('',(#140,#262,#273,#284,#295,#306,#317,#328,#339,
    #350,#361,#372,#383,#394,#405,#416,#427,#438,#449,#460,#471,#482,
    #493,#504,#515,#526,#537,#548,#559,#570,#581,#592,#603,#614,#625,
    #636,#647,#658,#669,#680,#691,#702,#713,#724,#735,#746,#757,#768,
    #779,#790,#801,#812,#823,#834,#845,#856,#867,#878,#889,#900,#911,
    #922,#933,#944,#955,#966,#977,#988,#999,#1010,#1021,#1032,#1043,
    #1054,#1065,#1076,#1087,#1098,#1109,#1120,#1131,#1142,#1153,#1164,
    #1175,#1186,#1197,#1208,#1219,#1230,#1241,#1252,#1263,#1274,#1285,
    #1296,#1307,#1318,#1329,#1340,#1351,#1362,#1373,#1384,#1395,#1406,
    #1417,#1428,#1439,#1450,#1461),#1472,.F.);
#140 = FACE_BOUND('',#141,.F.);
#141 = EDGE_LOOP('',(#142,#143,#144,#153,#161,#169,#177,#186,#194,#203,
    #211,#220,#228,#237,#246,#254,#261));
#142 = ORIENTED_EDGE('',*,*,#66,.F.);
#143 = ORIENTED_EDGE('',*,*,#98,.F.);
#144 = ORIENTED_EDGE('',*,*,#145,.F.);
#145 = EDGE_CURVE('',#146,#82,#148,.T.);
#146 = VERTEX_POINT('',#147);
#147 = CARTESIAN_POINT('',(125.,-61.,0.));
#148 = CIRCLE('',#149,3.000001172987);
#149 = AXIS2_PLACEMENT_3D('',#150,#151,#152);
#150 = CARTESIAN_POINT('',(128.00000117298,-61.00000117298,0.));
#151 = DIRECTION('',(0.,0.,-1.));
#152 = DIRECTION('',(-1.,3.909953663434E-07,0.));
#153 = ORIENTED_EDGE('',*,*,#154,.F.);
#154 = EDGE_CURVE('',#155,#146,#157,.T.);
#155 = VERTEX_POINT('',#156);
#156 = CARTESIAN_POINT('',(125.,-69.,0.));
#157 = LINE('',#158,#159);
#158 = CARTESIAN_POINT('',(125.,-69.,0.));
#159 = VECTOR('',#160,1.);
#160 = DIRECTION('',(0.,1.,0.));
#161 = ORIENTED_EDGE('',*,*,#162,.F.);
#162 = EDGE_CURVE('',#163,#155,#165,.T.);
#163 = VERTEX_POINT('',#164);
#164 = CARTESIAN_POINT('',(105.,-69.,0.));
#165 = LINE('',#166,#167);
#166 = CARTESIAN_POINT('',(105.,-69.,0.));
#167 = VECTOR('',#168,1.);
#168 = DIRECTION('',(1.,0.,0.));
#169 = ORIENTED_EDGE('',*,*,#170,.F.);
#170 = EDGE_CURVE('',#171,#163,#173,.T.);
#171 = VERTEX_POINT('',#172);
#172 = CARTESIAN_POINT('',(105.,-61.,0.));
#173 = LINE('',#174,#175);
#174 = CARTESIAN_POINT('',(105.,-61.,0.));
#175 = VECTOR('',#176,1.);
#176 = DIRECTION('',(0.,-1.,0.));
#177 = ORIENTED_EDGE('',*,*,#178,.F.);
#178 = EDGE_CURVE('',#179,#171,#181,.T.);
#179 = VERTEX_POINT('',#180);
#180 = CARTESIAN_POINT('',(102.,-58.,0.));
#181 = CIRCLE('',#182,3.000001172987);
#182 = AXIS2_PLACEMENT_3D('',#183,#184,#185);
#183 = CARTESIAN_POINT('',(101.99999882701,-61.00000117298,0.));
#184 = DIRECTION('',(0.,0.,-1.));
#185 = DIRECTION('',(3.909953663434E-07,1.,0.));
#186 = ORIENTED_EDGE('',*,*,#187,.F.);
#187 = EDGE_CURVE('',#188,#179,#190,.T.);
#188 = VERTEX_POINT('',#189);
#189 = CARTESIAN_POINT('',(79.,-58.000411,0.));
#190 = LINE('',#191,#192);
#191 = CARTESIAN_POINT('',(79.,-58.000411,0.));
#192 = VECTOR('',#193,1.);
#193 = DIRECTION('',(0.99999999984,1.786956521453E-05,0.));
#194 = ORIENTED_EDGE('',*,*,#195,.F.);
#195 = EDGE_CURVE('',#196,#188,#198,.T.);
#196 = VERTEX_POINT('',#197);
#197 = CARTESIAN_POINT('',(69.000411,-68.,0.));
#198 = CIRCLE('',#199,9.999589652041);
#199 = AXIS2_PLACEMENT_3D('',#200,#201,#202);
#200 = CARTESIAN_POINT('',(79.000000652041,-68.00000065204,0.));
#201 = DIRECTION('',(0.,0.,-1.));
#202 = DIRECTION('',(-1.,6.520678665778E-08,0.));
#203 = ORIENTED_EDGE('',*,*,#204,.F.);
#204 = EDGE_CURVE('',#205,#196,#207,.T.);
#205 = VERTEX_POINT('',#206);
#206 = CARTESIAN_POINT('',(69.071068,-144.,0.));
#207 = LINE('',#208,#209);
#208 = CARTESIAN_POINT('',(69.071068,-144.,0.));
#209 = VECTOR('',#210,1.);
#210 = DIRECTION('',(-9.296969666353E-04,0.999999567832,0.));
#211 = ORIENTED_EDGE('',*,*,#212,.F.);
#212 = EDGE_CURVE('',#213,#205,#215,.T.);
#213 = VERTEX_POINT('',#214);
#214 = CARTESIAN_POINT('',(79.071068,-154.,0.));
#215 = CIRCLE('',#216,9.999999357669);
#216 = AXIS2_PLACEMENT_3D('',#217,#218,#219);
#217 = CARTESIAN_POINT('',(79.071067357669,-144.0000006423,0.));
#218 = DIRECTION('',(0.,0.,-1.));
#219 = DIRECTION('',(6.423314275614E-08,-1.,0.));
#220 = ORIENTED_EDGE('',*,*,#221,.F.);
#221 = EDGE_CURVE('',#222,#213,#224,.T.);
#222 = VERTEX_POINT('',#223);
#223 = CARTESIAN_POINT('',(131.5,-154.,0.));
#224 = LINE('',#225,#226);
#225 = CARTESIAN_POINT('',(131.5,-154.,0.));
#226 = VECTOR('',#227,1.);
#227 = DIRECTION('',(-1.,0.,0.));
#228 = ORIENTED_EDGE('',*,*,#229,.F.);
#229 = EDGE_CURVE('',#230,#222,#232,.T.);
#230 = VERTEX_POINT('',#231);
#231 = CARTESIAN_POINT('',(149.5,-136.,0.));
#232 = CIRCLE('',#233,18.000000209489);
#233 = AXIS2_PLACEMENT_3D('',#234,#235,#236);
#234 = CARTESIAN_POINT('',(149.50000020948,-154.0000002094,0.));
#235 = DIRECTION('',(0.,0.,1.));
#236 = DIRECTION('',(-1.163826670863E-08,1.,0.));
#237 = ORIENTED_EDGE('',*,*,#238,.F.);
#238 = EDGE_CURVE('',#239,#230,#241,.T.);
#239 = VERTEX_POINT('',#240);
#240 = CARTESIAN_POINT('',(167.5,-154.,0.));
#241 = CIRCLE('',#242,18.000000209489);
#242 = AXIS2_PLACEMENT_3D('',#243,#244,#245);
#243 = CARTESIAN_POINT('',(149.49999979051,-154.0000002094,0.));
#244 = DIRECTION('',(0.,0.,1.));
#245 = DIRECTION('',(1.,1.163826670863E-08,-0.));
#246 = ORIENTED_EDGE('',*,*,#247,.F.);
#247 = EDGE_CURVE('',#248,#239,#250,.T.);
#248 = VERTEX_POINT('',#249);
#249 = CARTESIAN_POINT('',(219.,-154.,0.));
#250 = LINE('',#251,#252);
#251 = CARTESIAN_POINT('',(219.,-154.,0.));
#252 = VECTOR('',#253,1.);
#253 = DIRECTION('',(-1.,0.,0.));
#254 = ORIENTED_EDGE('',*,*,#255,.F.);
#255 = EDGE_CURVE('',#122,#248,#256,.T.);
#256 = CIRCLE('',#257,10.999998610593);
#257 = AXIS2_PLACEMENT_3D('',#258,#259,#260);
#258 = CARTESIAN_POINT('',(219.0000013894,-143.0000013894,0.));
#259 = DIRECTION('',(0.,0.,-1.));
#260 = DIRECTION('',(1.,1.263097538958E-07,0.));
#261 = ORIENTED_EDGE('',*,*,#129,.F.);
#262 = FACE_BOUND('',#263,.F.);
#263 = EDGE_LOOP('',(#264));
#264 = ORIENTED_EDGE('',*,*,#265,.T.);
#265 = EDGE_CURVE('',#266,#266,#268,.T.);
#266 = VERTEX_POINT('',#267);
#267 = CARTESIAN_POINT('',(95.63,-128.6,0.));
#268 = CIRCLE('',#269,1.6);
#269 = AXIS2_PLACEMENT_3D('',#270,#271,#272);
#270 = CARTESIAN_POINT('',(95.63,-127.,0.));
#271 = DIRECTION('',(-0.,0.,-1.));
#272 = DIRECTION('',(-0.,-1.,0.));
#273 = FACE_BOUND('',#274,.F.);
#274 = EDGE_LOOP('',(#275));
#275 = ORIENTED_EDGE('',*,*,#276,.T.);
#276 = EDGE_CURVE('',#277,#277,#279,.T.);
#277 = VERTEX_POINT('',#278);
#278 = CARTESIAN_POINT('',(116.5,-148.5,0.));
#279 = CIRCLE('',#280,0.5);
#280 = AXIS2_PLACEMENT_3D('',#281,#282,#283);
#281 = CARTESIAN_POINT('',(116.5,-148.,0.));
#282 = DIRECTION('',(-0.,0.,-1.));
#283 = DIRECTION('',(-0.,-1.,0.));
#284 = FACE_BOUND('',#285,.F.);
#285 = EDGE_LOOP('',(#286));
#286 = ORIENTED_EDGE('',*,*,#287,.T.);
#287 = EDGE_CURVE('',#288,#288,#290,.T.);
#288 = VERTEX_POINT('',#289);
#289 = CARTESIAN_POINT('',(114.,-146.12,0.));
#290 = CIRCLE('',#291,1.42);
#291 = AXIS2_PLACEMENT_3D('',#292,#293,#294);
#292 = CARTESIAN_POINT('',(114.,-144.7,0.));
#293 = DIRECTION('',(-0.,0.,-1.));
#294 = DIRECTION('',(-0.,-1.,0.));
#295 = FACE_BOUND('',#296,.F.);
#296 = EDGE_LOOP('',(#297));
#297 = ORIENTED_EDGE('',*,*,#298,.T.);
#298 = EDGE_CURVE('',#299,#299,#301,.T.);
#299 = VERTEX_POINT('',#300);
#300 = CARTESIAN_POINT('',(119.,-148.5,0.));
#301 = CIRCLE('',#302,0.5);
#302 = AXIS2_PLACEMENT_3D('',#303,#304,#305);
#303 = CARTESIAN_POINT('',(119.,-148.,0.));
#304 = DIRECTION('',(-0.,0.,-1.));
#305 = DIRECTION('',(-0.,-1.,0.));
#306 = FACE_BOUND('',#307,.F.);
#307 = EDGE_LOOP('',(#308));
#308 = ORIENTED_EDGE('',*,*,#309,.T.);
#309 = EDGE_CURVE('',#310,#310,#312,.T.);
#310 = VERTEX_POINT('',#311);
#311 = CARTESIAN_POINT('',(121.5,-148.5,0.));
#312 = CIRCLE('',#313,0.5);
#313 = AXIS2_PLACEMENT_3D('',#314,#315,#316);
#314 = CARTESIAN_POINT('',(121.5,-148.,0.));
#315 = DIRECTION('',(-0.,0.,-1.));
#316 = DIRECTION('',(-0.,-1.,0.));
#317 = FACE_BOUND('',#318,.F.);
#318 = EDGE_LOOP('',(#319));
#319 = ORIENTED_EDGE('',*,*,#320,.T.);
#320 = EDGE_CURVE('',#321,#321,#323,.T.);
#321 = VERTEX_POINT('',#322);
#322 = CARTESIAN_POINT('',(124.,-146.12,0.));
#323 = CIRCLE('',#324,1.42);
#324 = AXIS2_PLACEMENT_3D('',#325,#326,#327);
#325 = CARTESIAN_POINT('',(124.,-144.7,0.));
#326 = DIRECTION('',(-0.,0.,-1.));
#327 = DIRECTION('',(-0.,-1.,0.));
#328 = FACE_BOUND('',#329,.F.);
#329 = EDGE_LOOP('',(#330));
#330 = ORIENTED_EDGE('',*,*,#331,.T.);
#331 = EDGE_CURVE('',#332,#332,#334,.T.);
#332 = VERTEX_POINT('',#333);
#333 = CARTESIAN_POINT('',(105.22,-119.74,0.));
#334 = CIRCLE('',#335,0.5);
#335 = AXIS2_PLACEMENT_3D('',#336,#337,#338);
#336 = CARTESIAN_POINT('',(105.22,-119.24,0.));
#337 = DIRECTION('',(-0.,0.,-1.));
#338 = DIRECTION('',(-0.,-1.,0.));
#339 = FACE_BOUND('',#340,.F.);
#340 = EDGE_LOOP('',(#341));
#341 = ORIENTED_EDGE('',*,*,#342,.T.);
#342 = EDGE_CURVE('',#343,#343,#345,.T.);
#343 = VERTEX_POINT('',#344);
#344 = CARTESIAN_POINT('',(105.22,-117.2,0.));
#345 = CIRCLE('',#346,0.5);
#346 = AXIS2_PLACEMENT_3D('',#347,#348,#349);
#347 = CARTESIAN_POINT('',(105.22,-116.7,0.));
#348 = DIRECTION('',(-0.,0.,-1.));
#349 = DIRECTION('',(-0.,-1.,0.));
#350 = FACE_BOUND('',#351,.F.);
#351 = EDGE_LOOP('',(#352));
#352 = ORIENTED_EDGE('',*,*,#353,.T.);
#353 = EDGE_CURVE('',#354,#354,#356,.T.);
#354 = VERTEX_POINT('',#355);
#355 = CARTESIAN_POINT('',(77.46,-109.2345,0.));
#356 = CIRCLE('',#357,0.4445);
#357 = AXIS2_PLACEMENT_3D('',#358,#359,#360);
#358 = CARTESIAN_POINT('',(77.46,-108.79,0.));
#359 = DIRECTION('',(-0.,0.,-1.));
#360 = DIRECTION('',(-3.197042680585E-14,-1.,0.));
#361 = FACE_BOUND('',#362,.F.);
#362 = EDGE_LOOP('',(#363));
#363 = ORIENTED_EDGE('',*,*,#364,.T.);
#364 = EDGE_CURVE('',#365,#365,#367,.T.);
#365 = VERTEX_POINT('',#366);
#366 = CARTESIAN_POINT('',(80.,-109.2345,0.));
#367 = CIRCLE('',#368,0.4445);
#368 = AXIS2_PLACEMENT_3D('',#369,#370,#371);
#369 = CARTESIAN_POINT('',(80.,-108.79,0.));
#370 = DIRECTION('',(-0.,0.,-1.));
#371 = DIRECTION('',(-0.,-1.,0.));
#372 = FACE_BOUND('',#373,.F.);
#373 = EDGE_LOOP('',(#374));
#374 = ORIENTED_EDGE('',*,*,#375,.T.);
#375 = EDGE_CURVE('',#376,#376,#378,.T.);
#376 = VERTEX_POINT('',#377);
#377 = CARTESIAN_POINT('',(73.54,-105.7385,0.));
#378 = CIRCLE('',#379,0.6985);
#379 = AXIS2_PLACEMENT_3D('',#380,#381,#382);
#380 = CARTESIAN_POINT('',(73.54,-105.04,0.));
#381 = DIRECTION('',(-0.,0.,-1.));
#382 = DIRECTION('',(2.034481705827E-14,-1.,-0.));
#383 = FACE_BOUND('',#384,.F.);
#384 = EDGE_LOOP('',(#385));
#385 = ORIENTED_EDGE('',*,*,#386,.T.);
#386 = EDGE_CURVE('',#387,#387,#389,.T.);
#387 = VERTEX_POINT('',#388);
#388 = CARTESIAN_POINT('',(82.54,-109.2345,0.));
#389 = CIRCLE('',#390,0.4445);
#390 = AXIS2_PLACEMENT_3D('',#391,#392,#393);
#391 = CARTESIAN_POINT('',(82.54,-108.79,0.));
#392 = DIRECTION('',(-0.,0.,-1.));
#393 = DIRECTION('',(3.197042680585E-14,-1.,-0.));
#394 = FACE_BOUND('',#395,.F.);
#395 = EDGE_LOOP('',(#396));
#396 = ORIENTED_EDGE('',*,*,#397,.T.);
#397 = EDGE_CURVE('',#398,#398,#400,.T.);
#398 = VERTEX_POINT('',#399);
#399 = CARTESIAN_POINT('',(86.29,-105.7385,0.));
#400 = CIRCLE('',#401,0.6985);
#401 = AXIS2_PLACEMENT_3D('',#402,#403,#404);
#402 = CARTESIAN_POINT('',(86.29,-105.04,0.));
#403 = DIRECTION('',(-0.,0.,-1.));
#404 = DIRECTION('',(2.034481705827E-14,-1.,-0.));
#405 = FACE_BOUND('',#406,.F.);
#406 = EDGE_LOOP('',(#407));
#407 = ORIENTED_EDGE('',*,*,#408,.T.);
#408 = EDGE_CURVE('',#409,#409,#411,.T.);
#409 = VERTEX_POINT('',#410);
#410 = CARTESIAN_POINT('',(94.13,-116.02,0.));
#411 = CIRCLE('',#412,0.5);
#412 = AXIS2_PLACEMENT_3D('',#413,#414,#415);
#413 = CARTESIAN_POINT('',(94.13,-115.52,0.));
#414 = DIRECTION('',(-0.,0.,-1.));
#415 = DIRECTION('',(-0.,-1.,0.));
#416 = FACE_BOUND('',#417,.F.);
#417 = EDGE_LOOP('',(#418));
#418 = ORIENTED_EDGE('',*,*,#419,.T.);
#419 = EDGE_CURVE('',#420,#420,#422,.T.);
#420 = VERTEX_POINT('',#421);
#421 = CARTESIAN_POINT('',(94.13,-113.48,0.));
#422 = CIRCLE('',#423,0.5);
#423 = AXIS2_PLACEMENT_3D('',#424,#425,#426);
#424 = CARTESIAN_POINT('',(94.13,-112.98,0.));
#425 = DIRECTION('',(-0.,0.,-1.));
#426 = DIRECTION('',(-0.,-1.,0.));
#427 = FACE_BOUND('',#428,.F.);
#428 = EDGE_LOOP('',(#429));
#429 = ORIENTED_EDGE('',*,*,#430,.T.);
#430 = EDGE_CURVE('',#431,#431,#433,.T.);
#431 = VERTEX_POINT('',#432);
#432 = CARTESIAN_POINT('',(94.13,-110.94,0.));
#433 = CIRCLE('',#434,0.5);
#434 = AXIS2_PLACEMENT_3D('',#435,#436,#437);
#435 = CARTESIAN_POINT('',(94.13,-110.44,0.));
#436 = DIRECTION('',(-0.,0.,-1.));
#437 = DIRECTION('',(-0.,-1.,0.));
#438 = FACE_BOUND('',#439,.F.);
#439 = EDGE_LOOP('',(#440));
#440 = ORIENTED_EDGE('',*,*,#441,.T.);
#441 = EDGE_CURVE('',#442,#442,#444,.T.);
#442 = VERTEX_POINT('',#443);
#443 = CARTESIAN_POINT('',(105.22,-114.66,0.));
#444 = CIRCLE('',#445,0.5);
#445 = AXIS2_PLACEMENT_3D('',#446,#447,#448);
#446 = CARTESIAN_POINT('',(105.22,-114.16,0.));
#447 = DIRECTION('',(-0.,0.,-1.));
#448 = DIRECTION('',(-0.,-1.,0.));
#449 = FACE_BOUND('',#450,.F.);
#450 = EDGE_LOOP('',(#451));
#451 = ORIENTED_EDGE('',*,*,#452,.T.);
#452 = EDGE_CURVE('',#453,#453,#455,.T.);
#453 = VERTEX_POINT('',#454);
#454 = CARTESIAN_POINT('',(105.22,-112.12,0.));
#455 = CIRCLE('',#456,0.5);
#456 = AXIS2_PLACEMENT_3D('',#457,#458,#459);
#457 = CARTESIAN_POINT('',(105.22,-111.62,0.));
#458 = DIRECTION('',(-0.,0.,-1.));
#459 = DIRECTION('',(-0.,-1.,0.));
#460 = FACE_BOUND('',#461,.F.);
#461 = EDGE_LOOP('',(#462));
#462 = ORIENTED_EDGE('',*,*,#463,.T.);
#463 = EDGE_CURVE('',#464,#464,#466,.T.);
#464 = VERTEX_POINT('',#465);
#465 = CARTESIAN_POINT('',(94.13,-108.4,0.));
#466 = CIRCLE('',#467,0.5);
#467 = AXIS2_PLACEMENT_3D('',#468,#469,#470);
#468 = CARTESIAN_POINT('',(94.13,-107.9,0.));
#469 = DIRECTION('',(-0.,0.,-1.));
#470 = DIRECTION('',(-0.,-1.,0.));
#471 = FACE_BOUND('',#472,.F.);
#472 = EDGE_LOOP('',(#473));
#473 = ORIENTED_EDGE('',*,*,#474,.T.);
#474 = EDGE_CURVE('',#475,#475,#477,.T.);
#475 = VERTEX_POINT('',#476);
#476 = CARTESIAN_POINT('',(94.13,-105.86,0.));
#477 = CIRCLE('',#478,0.5);
#478 = AXIS2_PLACEMENT_3D('',#479,#480,#481);
#479 = CARTESIAN_POINT('',(94.13,-105.36,0.));
#480 = DIRECTION('',(-0.,0.,-1.));
#481 = DIRECTION('',(-0.,-1.,0.));
#482 = FACE_BOUND('',#483,.F.);
#483 = EDGE_LOOP('',(#484));
#484 = ORIENTED_EDGE('',*,*,#485,.T.);
#485 = EDGE_CURVE('',#486,#486,#488,.T.);
#486 = VERTEX_POINT('',#487);
#487 = CARTESIAN_POINT('',(105.22,-109.58,0.));
#488 = CIRCLE('',#489,0.5);
#489 = AXIS2_PLACEMENT_3D('',#490,#491,#492);
#490 = CARTESIAN_POINT('',(105.22,-109.08,0.));
#491 = DIRECTION('',(-0.,0.,-1.));
#492 = DIRECTION('',(-0.,-1.,0.));
#493 = FACE_BOUND('',#494,.F.);
#494 = EDGE_LOOP('',(#495));
#495 = ORIENTED_EDGE('',*,*,#496,.T.);
#496 = EDGE_CURVE('',#497,#497,#499,.T.);
#497 = VERTEX_POINT('',#498);
#498 = CARTESIAN_POINT('',(105.22,-107.04,0.));
#499 = CIRCLE('',#500,0.5);
#500 = AXIS2_PLACEMENT_3D('',#501,#502,#503);
#501 = CARTESIAN_POINT('',(105.22,-106.54,0.));
#502 = DIRECTION('',(-0.,0.,-1.));
#503 = DIRECTION('',(-0.,-1.,0.));
#504 = FACE_BOUND('',#505,.F.);
#505 = EDGE_LOOP('',(#506));
#506 = ORIENTED_EDGE('',*,*,#507,.T.);
#507 = EDGE_CURVE('',#508,#508,#510,.T.);
#508 = VERTEX_POINT('',#509);
#509 = CARTESIAN_POINT('',(123.,-119.74,0.));
#510 = CIRCLE('',#511,0.5);
#511 = AXIS2_PLACEMENT_3D('',#512,#513,#514);
#512 = CARTESIAN_POINT('',(123.,-119.24,0.));
#513 = DIRECTION('',(-0.,0.,-1.));
#514 = DIRECTION('',(-0.,-1.,0.));
#515 = FACE_BOUND('',#516,.F.);
#516 = EDGE_LOOP('',(#517));
#517 = ORIENTED_EDGE('',*,*,#518,.T.);
#518 = EDGE_CURVE('',#519,#519,#521,.T.);
#519 = VERTEX_POINT('',#520);
#520 = CARTESIAN_POINT('',(123.,-117.2,0.));
#521 = CIRCLE('',#522,0.5);
#522 = AXIS2_PLACEMENT_3D('',#523,#524,#525);
#523 = CARTESIAN_POINT('',(123.,-116.7,0.));
#524 = DIRECTION('',(-0.,0.,-1.));
#525 = DIRECTION('',(-0.,-1.,0.));
#526 = FACE_BOUND('',#527,.F.);
#527 = EDGE_LOOP('',(#528));
#528 = ORIENTED_EDGE('',*,*,#529,.T.);
#529 = EDGE_CURVE('',#530,#530,#532,.T.);
#530 = VERTEX_POINT('',#531);
#531 = CARTESIAN_POINT('',(123.,-114.66,0.));
#532 = CIRCLE('',#533,0.5);
#533 = AXIS2_PLACEMENT_3D('',#534,#535,#536);
#534 = CARTESIAN_POINT('',(123.,-114.16,0.));
#535 = DIRECTION('',(-0.,0.,-1.));
#536 = DIRECTION('',(-0.,-1.,0.));
#537 = FACE_BOUND('',#538,.F.);
#538 = EDGE_LOOP('',(#539));
#539 = ORIENTED_EDGE('',*,*,#540,.T.);
#540 = EDGE_CURVE('',#541,#541,#543,.T.);
#541 = VERTEX_POINT('',#542);
#542 = CARTESIAN_POINT('',(123.,-112.12,0.));
#543 = CIRCLE('',#544,0.5);
#544 = AXIS2_PLACEMENT_3D('',#545,#546,#547);
#545 = CARTESIAN_POINT('',(123.,-111.62,0.));
#546 = DIRECTION('',(-0.,0.,-1.));
#547 = DIRECTION('',(-0.,-1.,0.));
#548 = FACE_BOUND('',#549,.F.);
#549 = EDGE_LOOP('',(#550));
#550 = ORIENTED_EDGE('',*,*,#551,.T.);
#551 = EDGE_CURVE('',#552,#552,#554,.T.);
#552 = VERTEX_POINT('',#553);
#553 = CARTESIAN_POINT('',(123.,-109.58,0.));
#554 = CIRCLE('',#555,0.5);
#555 = AXIS2_PLACEMENT_3D('',#556,#557,#558);
#556 = CARTESIAN_POINT('',(123.,-109.08,0.));
#557 = DIRECTION('',(-0.,0.,-1.));
#558 = DIRECTION('',(-0.,-1.,0.));
#559 = FACE_BOUND('',#560,.F.);
#560 = EDGE_LOOP('',(#561));
#561 = ORIENTED_EDGE('',*,*,#562,.T.);
#562 = EDGE_CURVE('',#563,#563,#565,.T.);
#563 = VERTEX_POINT('',#564);
#564 = CARTESIAN_POINT('',(123.,-107.04,0.));
#565 = CIRCLE('',#566,0.5);
#566 = AXIS2_PLACEMENT_3D('',#567,#568,#569);
#567 = CARTESIAN_POINT('',(123.,-106.54,0.));
#568 = DIRECTION('',(-0.,0.,-1.));
#569 = DIRECTION('',(-0.,-1.,0.));
#570 = FACE_BOUND('',#571,.F.);
#571 = EDGE_LOOP('',(#572));
#572 = ORIENTED_EDGE('',*,*,#573,.T.);
#573 = EDGE_CURVE('',#574,#574,#576,.T.);
#574 = VERTEX_POINT('',#575);
#575 = CARTESIAN_POINT('',(147.75,-133.,0.));
#576 = CIRCLE('',#577,0.5);
#577 = AXIS2_PLACEMENT_3D('',#578,#579,#580);
#578 = CARTESIAN_POINT('',(147.75,-132.5,0.));
#579 = DIRECTION('',(-0.,0.,-1.));
#580 = DIRECTION('',(-0.,-1.,0.));
#581 = FACE_BOUND('',#582,.F.);
#582 = EDGE_LOOP('',(#583));
#583 = ORIENTED_EDGE('',*,*,#584,.T.);
#584 = EDGE_CURVE('',#585,#585,#587,.T.);
#585 = VERTEX_POINT('',#586);
#586 = CARTESIAN_POINT('',(151.25,-133.,0.));
#587 = CIRCLE('',#588,0.5);
#588 = AXIS2_PLACEMENT_3D('',#589,#590,#591);
#589 = CARTESIAN_POINT('',(151.25,-132.5,0.));
#590 = DIRECTION('',(-0.,0.,-1.));
#591 = DIRECTION('',(-0.,-1.,0.));
#592 = FACE_BOUND('',#593,.F.);
#593 = EDGE_LOOP('',(#594));
#594 = ORIENTED_EDGE('',*,*,#595,.T.);
#595 = EDGE_CURVE('',#596,#596,#598,.T.);
#596 = VERTEX_POINT('',#597);
#597 = CARTESIAN_POINT('',(212.668,-145.3595,0.));
#598 = CIRCLE('',#599,0.4445);
#599 = AXIS2_PLACEMENT_3D('',#600,#601,#602);
#600 = CARTESIAN_POINT('',(212.668,-144.915,0.));
#601 = DIRECTION('',(-0.,0.,-1.));
#602 = DIRECTION('',(-0.,-1.,0.));
#603 = FACE_BOUND('',#604,.F.);
#604 = EDGE_LOOP('',(#605));
#605 = ORIENTED_EDGE('',*,*,#606,.T.);
#606 = EDGE_CURVE('',#607,#607,#609,.T.);
#607 = VERTEX_POINT('',#608);
#608 = CARTESIAN_POINT('',(215.208,-145.3595,0.));
#609 = CIRCLE('',#610,0.4445);
#610 = AXIS2_PLACEMENT_3D('',#611,#612,#613);
#611 = CARTESIAN_POINT('',(215.208,-144.915,0.));
#612 = DIRECTION('',(-0.,0.,-1.));
#613 = DIRECTION('',(-0.,-1.,0.));
#614 = FACE_BOUND('',#615,.F.);
#615 = EDGE_LOOP('',(#616));
#616 = ORIENTED_EDGE('',*,*,#617,.T.);
#617 = EDGE_CURVE('',#618,#618,#620,.T.);
#618 = VERTEX_POINT('',#619);
#619 = CARTESIAN_POINT('',(217.748,-145.3595,0.));
#620 = CIRCLE('',#621,0.4445);
#621 = AXIS2_PLACEMENT_3D('',#622,#623,#624);
#622 = CARTESIAN_POINT('',(217.748,-144.915,0.));
#623 = DIRECTION('',(-0.,0.,-1.));
#624 = DIRECTION('',(-0.,-1.,0.));
#625 = FACE_BOUND('',#626,.F.);
#626 = EDGE_LOOP('',(#627));
#627 = ORIENTED_EDGE('',*,*,#628,.T.);
#628 = EDGE_CURVE('',#629,#629,#631,.T.);
#629 = VERTEX_POINT('',#630);
#630 = CARTESIAN_POINT('',(208.748,-141.8635,0.));
#631 = CIRCLE('',#632,0.6985);
#632 = AXIS2_PLACEMENT_3D('',#633,#634,#635);
#633 = CARTESIAN_POINT('',(208.748,-141.165,0.));
#634 = DIRECTION('',(-0.,0.,-1.));
#635 = DIRECTION('',(-0.,-1.,0.));
#636 = FACE_BOUND('',#637,.F.);
#637 = EDGE_LOOP('',(#638));
#638 = ORIENTED_EDGE('',*,*,#639,.T.);
#639 = EDGE_CURVE('',#640,#640,#642,.T.);
#640 = VERTEX_POINT('',#641);
#641 = CARTESIAN_POINT('',(206.248,-139.1095,0.));
#642 = CIRCLE('',#643,0.4445);
#643 = AXIS2_PLACEMENT_3D('',#644,#645,#646);
#644 = CARTESIAN_POINT('',(206.248,-138.665,0.));
#645 = DIRECTION('',(-0.,0.,-1.));
#646 = DIRECTION('',(-0.,-1.,0.));
#647 = FACE_BOUND('',#648,.F.);
#648 = EDGE_LOOP('',(#649));
#649 = ORIENTED_EDGE('',*,*,#650,.T.);
#650 = EDGE_CURVE('',#651,#651,#653,.T.);
#651 = VERTEX_POINT('',#652);
#652 = CARTESIAN_POINT('',(221.498,-141.8635,0.));
#653 = CIRCLE('',#654,0.6985);
#654 = AXIS2_PLACEMENT_3D('',#655,#656,#657);
#655 = CARTESIAN_POINT('',(221.498,-141.165,0.));
#656 = DIRECTION('',(-0.,0.,-1.));
#657 = DIRECTION('',(-0.,-1.,0.));
#658 = FACE_BOUND('',#659,.F.);
#659 = EDGE_LOOP('',(#660));
#660 = ORIENTED_EDGE('',*,*,#661,.T.);
#661 = EDGE_CURVE('',#662,#662,#664,.T.);
#662 = VERTEX_POINT('',#663);
#663 = CARTESIAN_POINT('',(197.63,-128.6,0.));
#664 = CIRCLE('',#665,1.6);
#665 = AXIS2_PLACEMENT_3D('',#666,#667,#668);
#666 = CARTESIAN_POINT('',(197.63,-127.,0.));
#667 = DIRECTION('',(-0.,0.,-1.));
#668 = DIRECTION('',(-0.,-1.,0.));
#669 = FACE_BOUND('',#670,.F.);
#670 = EDGE_LOOP('',(#671));
#671 = ORIENTED_EDGE('',*,*,#672,.T.);
#672 = EDGE_CURVE('',#673,#673,#675,.T.);
#673 = VERTEX_POINT('',#674);
#674 = CARTESIAN_POINT('',(206.248,-136.5695,0.));
#675 = CIRCLE('',#676,0.4445);
#676 = AXIS2_PLACEMENT_3D('',#677,#678,#679);
#677 = CARTESIAN_POINT('',(206.248,-136.125,0.));
#678 = DIRECTION('',(-0.,0.,-1.));
#679 = DIRECTION('',(-0.,-1.,0.));
#680 = FACE_BOUND('',#681,.F.);
#681 = EDGE_LOOP('',(#682));
#682 = ORIENTED_EDGE('',*,*,#683,.T.);
#683 = EDGE_CURVE('',#684,#684,#686,.T.);
#684 = VERTEX_POINT('',#685);
#685 = CARTESIAN_POINT('',(206.248,-134.0295,0.));
#686 = CIRCLE('',#687,0.4445);
#687 = AXIS2_PLACEMENT_3D('',#688,#689,#690);
#688 = CARTESIAN_POINT('',(206.248,-133.585,0.));
#689 = DIRECTION('',(-0.,0.,-1.));
#690 = DIRECTION('',(-0.,-1.,0.));
#691 = FACE_BOUND('',#692,.F.);
#692 = EDGE_LOOP('',(#693));
#693 = ORIENTED_EDGE('',*,*,#694,.T.);
#694 = EDGE_CURVE('',#695,#695,#697,.T.);
#695 = VERTEX_POINT('',#696);
#696 = CARTESIAN_POINT('',(208.748,-131.8635,0.));
#697 = CIRCLE('',#698,0.6985);
#698 = AXIS2_PLACEMENT_3D('',#699,#700,#701);
#699 = CARTESIAN_POINT('',(208.748,-131.165,0.));
#700 = DIRECTION('',(-0.,0.,-1.));
#701 = DIRECTION('',(-0.,-1.,0.));
#702 = FACE_BOUND('',#703,.F.);
#703 = EDGE_LOOP('',(#704));
#704 = ORIENTED_EDGE('',*,*,#705,.T.);
#705 = EDGE_CURVE('',#706,#706,#708,.T.);
#706 = VERTEX_POINT('',#707);
#707 = CARTESIAN_POINT('',(211.898,-130.615,0.));
#708 = CIRCLE('',#709,0.45);
#709 = AXIS2_PLACEMENT_3D('',#710,#711,#712);
#710 = CARTESIAN_POINT('',(211.898,-130.165,0.));
#711 = DIRECTION('',(-0.,0.,-1.));
#712 = DIRECTION('',(-6.315935428979E-14,-1.,0.));
#713 = FACE_BOUND('',#714,.F.);
#714 = EDGE_LOOP('',(#715));
#715 = ORIENTED_EDGE('',*,*,#716,.T.);
#716 = EDGE_CURVE('',#717,#717,#719,.T.);
#717 = VERTEX_POINT('',#718);
#718 = CARTESIAN_POINT('',(221.498,-131.8635,0.));
#719 = CIRCLE('',#720,0.6985);
#720 = AXIS2_PLACEMENT_3D('',#721,#722,#723);
#721 = CARTESIAN_POINT('',(221.498,-131.165,0.));
#722 = DIRECTION('',(-0.,0.,-1.));
#723 = DIRECTION('',(-0.,-1.,0.));
#724 = FACE_BOUND('',#725,.F.);
#725 = EDGE_LOOP('',(#726));
#726 = ORIENTED_EDGE('',*,*,#727,.T.);
#727 = EDGE_CURVE('',#728,#728,#730,.T.);
#728 = VERTEX_POINT('',#729);
#729 = CARTESIAN_POINT('',(218.248,-130.615,0.));
#730 = CIRCLE('',#731,0.45);
#731 = AXIS2_PLACEMENT_3D('',#732,#733,#734);
#732 = CARTESIAN_POINT('',(218.248,-130.165,0.));
#733 = DIRECTION('',(-0.,0.,-1.));
#734 = DIRECTION('',(-0.,-1.,0.));
#735 = FACE_BOUND('',#736,.F.);
#736 = EDGE_LOOP('',(#737));
#737 = ORIENTED_EDGE('',*,*,#738,.T.);
#738 = EDGE_CURVE('',#739,#739,#741,.T.);
#739 = VERTEX_POINT('',#740);
#740 = CARTESIAN_POINT('',(211.898,-126.015,0.));
#741 = CIRCLE('',#742,0.45);
#742 = AXIS2_PLACEMENT_3D('',#743,#744,#745);
#743 = CARTESIAN_POINT('',(211.898,-125.565,0.));
#744 = DIRECTION('',(-0.,0.,-1.));
#745 = DIRECTION('',(-6.315935428979E-14,-1.,0.));
#746 = FACE_BOUND('',#747,.F.);
#747 = EDGE_LOOP('',(#748));
#748 = ORIENTED_EDGE('',*,*,#749,.T.);
#749 = EDGE_CURVE('',#750,#750,#752,.T.);
#750 = VERTEX_POINT('',#751);
#751 = CARTESIAN_POINT('',(218.248,-126.015,0.));
#752 = CIRCLE('',#753,0.45);
#753 = AXIS2_PLACEMENT_3D('',#754,#755,#756);
#754 = CARTESIAN_POINT('',(218.248,-125.565,0.));
#755 = DIRECTION('',(-0.,0.,-1.));
#756 = DIRECTION('',(-0.,-1.,0.));
#757 = FACE_BOUND('',#758,.F.);
#758 = EDGE_LOOP('',(#759));
#759 = ORIENTED_EDGE('',*,*,#760,.T.);
#760 = EDGE_CURVE('',#761,#761,#763,.T.);
#761 = VERTEX_POINT('',#762);
#762 = CARTESIAN_POINT('',(71.04,-102.9845,0.));
#763 = CIRCLE('',#764,0.4445);
#764 = AXIS2_PLACEMENT_3D('',#765,#766,#767);
#765 = CARTESIAN_POINT('',(71.04,-102.54,0.));
#766 = DIRECTION('',(-0.,0.,-1.));
#767 = DIRECTION('',(3.197042680585E-14,-1.,-0.));
#768 = FACE_BOUND('',#769,.F.);
#769 = EDGE_LOOP('',(#770));
#770 = ORIENTED_EDGE('',*,*,#771,.T.);
#771 = EDGE_CURVE('',#772,#772,#774,.T.);
#772 = VERTEX_POINT('',#773);
#773 = CARTESIAN_POINT('',(71.04,-100.4445,0.));
#774 = CIRCLE('',#775,0.4445);
#775 = AXIS2_PLACEMENT_3D('',#776,#777,#778);
#776 = CARTESIAN_POINT('',(71.04,-100.,0.));
#777 = DIRECTION('',(-0.,0.,-1.));
#778 = DIRECTION('',(3.197042680585E-14,-1.,-0.));
#779 = FACE_BOUND('',#780,.F.);
#780 = EDGE_LOOP('',(#781));
#781 = ORIENTED_EDGE('',*,*,#782,.T.);
#782 = EDGE_CURVE('',#783,#783,#785,.T.);
#783 = VERTEX_POINT('',#784);
#784 = CARTESIAN_POINT('',(71.04,-97.9045,0.));
#785 = CIRCLE('',#786,0.4445);
#786 = AXIS2_PLACEMENT_3D('',#787,#788,#789);
#787 = CARTESIAN_POINT('',(71.04,-97.46,0.));
#788 = DIRECTION('',(-0.,0.,-1.));
#789 = DIRECTION('',(3.197042680585E-14,-1.,-0.));
#790 = FACE_BOUND('',#791,.F.);
#791 = EDGE_LOOP('',(#792));
#792 = ORIENTED_EDGE('',*,*,#793,.T.);
#793 = EDGE_CURVE('',#794,#794,#796,.T.);
#794 = VERTEX_POINT('',#795);
#795 = CARTESIAN_POINT('',(73.54,-95.7385,0.));
#796 = CIRCLE('',#797,0.6985);
#797 = AXIS2_PLACEMENT_3D('',#798,#799,#800);
#798 = CARTESIAN_POINT('',(73.54,-95.04,0.));
#799 = DIRECTION('',(-0.,0.,-1.));
#800 = DIRECTION('',(2.034481705827E-14,-1.,-0.));
#801 = FACE_BOUND('',#802,.F.);
#802 = EDGE_LOOP('',(#803));
#803 = ORIENTED_EDGE('',*,*,#804,.T.);
#804 = EDGE_CURVE('',#805,#805,#807,.T.);
#805 = VERTEX_POINT('',#806);
#806 = CARTESIAN_POINT('',(76.69,-94.49,0.));
#807 = CIRCLE('',#808,0.45);
#808 = AXIS2_PLACEMENT_3D('',#809,#810,#811);
#809 = CARTESIAN_POINT('',(76.69,-94.04,0.));
#810 = DIRECTION('',(-0.,0.,-1.));
#811 = DIRECTION('',(-0.,-1.,0.));
#812 = FACE_BOUND('',#813,.F.);
#813 = EDGE_LOOP('',(#814));
#814 = ORIENTED_EDGE('',*,*,#815,.T.);
#815 = EDGE_CURVE('',#816,#816,#818,.T.);
#816 = VERTEX_POINT('',#817);
#817 = CARTESIAN_POINT('',(83.04,-94.49,0.));
#818 = CIRCLE('',#819,0.45);
#819 = AXIS2_PLACEMENT_3D('',#820,#821,#822);
#820 = CARTESIAN_POINT('',(83.04,-94.04,0.));
#821 = DIRECTION('',(-0.,0.,-1.));
#822 = DIRECTION('',(3.157967714489E-14,-1.,-0.));
#823 = FACE_BOUND('',#824,.F.);
#824 = EDGE_LOOP('',(#825));
#825 = ORIENTED_EDGE('',*,*,#826,.T.);
#826 = EDGE_CURVE('',#827,#827,#829,.T.);
#827 = VERTEX_POINT('',#828);
#828 = CARTESIAN_POINT('',(86.29,-95.7385,0.));
#829 = CIRCLE('',#830,0.6985);
#830 = AXIS2_PLACEMENT_3D('',#831,#832,#833);
#831 = CARTESIAN_POINT('',(86.29,-95.04,0.));
#832 = DIRECTION('',(-0.,0.,-1.));
#833 = DIRECTION('',(2.034481705827E-14,-1.,-0.));
#834 = FACE_BOUND('',#835,.F.);
#835 = EDGE_LOOP('',(#836));
#836 = ORIENTED_EDGE('',*,*,#837,.T.);
#837 = EDGE_CURVE('',#838,#838,#840,.T.);
#838 = VERTEX_POINT('',#839);
#839 = CARTESIAN_POINT('',(94.13,-103.32,0.));
#840 = CIRCLE('',#841,0.5);
#841 = AXIS2_PLACEMENT_3D('',#842,#843,#844);
#842 = CARTESIAN_POINT('',(94.13,-102.82,0.));
#843 = DIRECTION('',(-0.,0.,-1.));
#844 = DIRECTION('',(-0.,-1.,0.));
#845 = FACE_BOUND('',#846,.F.);
#846 = EDGE_LOOP('',(#847));
#847 = ORIENTED_EDGE('',*,*,#848,.T.);
#848 = EDGE_CURVE('',#849,#849,#851,.T.);
#849 = VERTEX_POINT('',#850);
#850 = CARTESIAN_POINT('',(94.13,-100.78,0.));
#851 = CIRCLE('',#852,0.5);
#852 = AXIS2_PLACEMENT_3D('',#853,#854,#855);
#853 = CARTESIAN_POINT('',(94.13,-100.28,0.));
#854 = DIRECTION('',(-0.,0.,-1.));
#855 = DIRECTION('',(-0.,-1.,0.));
#856 = FACE_BOUND('',#857,.F.);
#857 = EDGE_LOOP('',(#858));
#858 = ORIENTED_EDGE('',*,*,#859,.T.);
#859 = EDGE_CURVE('',#860,#860,#862,.T.);
#860 = VERTEX_POINT('',#861);
#861 = CARTESIAN_POINT('',(105.22,-104.5,0.));
#862 = CIRCLE('',#863,0.5);
#863 = AXIS2_PLACEMENT_3D('',#864,#865,#866);
#864 = CARTESIAN_POINT('',(105.22,-104.,0.));
#865 = DIRECTION('',(-0.,0.,-1.));
#866 = DIRECTION('',(-0.,-1.,0.));
#867 = FACE_BOUND('',#868,.F.);
#868 = EDGE_LOOP('',(#869));
#869 = ORIENTED_EDGE('',*,*,#870,.T.);
#870 = EDGE_CURVE('',#871,#871,#873,.T.);
#871 = VERTEX_POINT('',#872);
#872 = CARTESIAN_POINT('',(105.22,-101.96,0.));
#873 = CIRCLE('',#874,0.5);
#874 = AXIS2_PLACEMENT_3D('',#875,#876,#877);
#875 = CARTESIAN_POINT('',(105.22,-101.46,0.));
#876 = DIRECTION('',(-0.,0.,-1.));
#877 = DIRECTION('',(-0.,-1.,0.));
#878 = FACE_BOUND('',#879,.F.);
#879 = EDGE_LOOP('',(#880));
#880 = ORIENTED_EDGE('',*,*,#881,.T.);
#881 = EDGE_CURVE('',#882,#882,#884,.T.);
#882 = VERTEX_POINT('',#883);
#883 = CARTESIAN_POINT('',(94.13,-98.24,0.));
#884 = CIRCLE('',#885,0.5);
#885 = AXIS2_PLACEMENT_3D('',#886,#887,#888);
#886 = CARTESIAN_POINT('',(94.13,-97.74,0.));
#887 = DIRECTION('',(-0.,0.,-1.));
#888 = DIRECTION('',(-0.,-1.,0.));
#889 = FACE_BOUND('',#890,.F.);
#890 = EDGE_LOOP('',(#891));
#891 = ORIENTED_EDGE('',*,*,#892,.T.);
#892 = EDGE_CURVE('',#893,#893,#895,.T.);
#893 = VERTEX_POINT('',#894);
#894 = CARTESIAN_POINT('',(94.13,-95.7,0.));
#895 = CIRCLE('',#896,0.5);
#896 = AXIS2_PLACEMENT_3D('',#897,#898,#899);
#897 = CARTESIAN_POINT('',(94.13,-95.2,0.));
#898 = DIRECTION('',(-0.,0.,-1.));
#899 = DIRECTION('',(-0.,-1.,0.));
#900 = FACE_BOUND('',#901,.F.);
#901 = EDGE_LOOP('',(#902));
#902 = ORIENTED_EDGE('',*,*,#903,.T.);
#903 = EDGE_CURVE('',#904,#904,#906,.T.);
#904 = VERTEX_POINT('',#905);
#905 = CARTESIAN_POINT('',(105.22,-99.42,0.));
#906 = CIRCLE('',#907,0.5);
#907 = AXIS2_PLACEMENT_3D('',#908,#909,#910);
#908 = CARTESIAN_POINT('',(105.22,-98.92,0.));
#909 = DIRECTION('',(-0.,0.,-1.));
#910 = DIRECTION('',(-0.,-1.,0.));
#911 = FACE_BOUND('',#912,.F.);
#912 = EDGE_LOOP('',(#913));
#913 = ORIENTED_EDGE('',*,*,#914,.T.);
#914 = EDGE_CURVE('',#915,#915,#917,.T.);
#915 = VERTEX_POINT('',#916);
#916 = CARTESIAN_POINT('',(105.22,-96.88,0.));
#917 = CIRCLE('',#918,0.5);
#918 = AXIS2_PLACEMENT_3D('',#919,#920,#921);
#919 = CARTESIAN_POINT('',(105.22,-96.38,0.));
#920 = DIRECTION('',(-0.,0.,-1.));
#921 = DIRECTION('',(-0.,-1.,0.));
#922 = FACE_BOUND('',#923,.F.);
#923 = EDGE_LOOP('',(#924));
#924 = ORIENTED_EDGE('',*,*,#925,.T.);
#925 = EDGE_CURVE('',#926,#926,#928,.T.);
#926 = VERTEX_POINT('',#927);
#927 = CARTESIAN_POINT('',(105.22,-94.34,0.));
#928 = CIRCLE('',#929,0.5);
#929 = AXIS2_PLACEMENT_3D('',#930,#931,#932);
#930 = CARTESIAN_POINT('',(105.22,-93.84,0.));
#931 = DIRECTION('',(-0.,0.,-1.));
#932 = DIRECTION('',(-0.,-1.,0.));
#933 = FACE_BOUND('',#934,.F.);
#934 = EDGE_LOOP('',(#935));
#935 = ORIENTED_EDGE('',*,*,#936,.T.);
#936 = EDGE_CURVE('',#937,#937,#939,.T.);
#937 = VERTEX_POINT('',#938);
#938 = CARTESIAN_POINT('',(76.69,-89.89,0.));
#939 = CIRCLE('',#940,0.45);
#940 = AXIS2_PLACEMENT_3D('',#941,#942,#943);
#941 = CARTESIAN_POINT('',(76.69,-89.44,0.));
#942 = DIRECTION('',(-0.,0.,-1.));
#943 = DIRECTION('',(-0.,-1.,0.));
#944 = FACE_BOUND('',#945,.F.);
#945 = EDGE_LOOP('',(#946));
#946 = ORIENTED_EDGE('',*,*,#947,.T.);
#947 = EDGE_CURVE('',#948,#948,#950,.T.);
#948 = VERTEX_POINT('',#949);
#949 = CARTESIAN_POINT('',(83.04,-89.89,0.));
#950 = CIRCLE('',#951,0.45);
#951 = AXIS2_PLACEMENT_3D('',#952,#953,#954);
#952 = CARTESIAN_POINT('',(83.04,-89.44,0.));
#953 = DIRECTION('',(-0.,0.,-1.));
#954 = DIRECTION('',(3.157967714489E-14,-1.,-0.));
#955 = FACE_BOUND('',#956,.F.);
#956 = EDGE_LOOP('',(#957));
#957 = ORIENTED_EDGE('',*,*,#958,.T.);
#958 = EDGE_CURVE('',#959,#959,#961,.T.);
#959 = VERTEX_POINT('',#960);
#960 = CARTESIAN_POINT('',(94.13,-93.16,0.));
#961 = CIRCLE('',#962,0.5);
#962 = AXIS2_PLACEMENT_3D('',#963,#964,#965);
#963 = CARTESIAN_POINT('',(94.13,-92.66,0.));
#964 = DIRECTION('',(-0.,0.,-1.));
#965 = DIRECTION('',(-0.,-1.,0.));
#966 = FACE_BOUND('',#967,.F.);
#967 = EDGE_LOOP('',(#968));
#968 = ORIENTED_EDGE('',*,*,#969,.T.);
#969 = EDGE_CURVE('',#970,#970,#972,.T.);
#970 = VERTEX_POINT('',#971);
#971 = CARTESIAN_POINT('',(94.13,-90.62,0.));
#972 = CIRCLE('',#973,0.5);
#973 = AXIS2_PLACEMENT_3D('',#974,#975,#976);
#974 = CARTESIAN_POINT('',(94.13,-90.12,0.));
#975 = DIRECTION('',(-0.,0.,-1.));
#976 = DIRECTION('',(-0.,-1.,0.));
#977 = FACE_BOUND('',#978,.F.);
#978 = EDGE_LOOP('',(#979));
#979 = ORIENTED_EDGE('',*,*,#980,.T.);
#980 = EDGE_CURVE('',#981,#981,#983,.T.);
#981 = VERTEX_POINT('',#982);
#982 = CARTESIAN_POINT('',(105.22,-91.8,0.));
#983 = CIRCLE('',#984,0.5);
#984 = AXIS2_PLACEMENT_3D('',#985,#986,#987);
#985 = CARTESIAN_POINT('',(105.22,-91.3,0.));
#986 = DIRECTION('',(-0.,0.,-1.));
#987 = DIRECTION('',(-0.,-1.,0.));
#988 = FACE_BOUND('',#989,.F.);
#989 = EDGE_LOOP('',(#990));
#990 = ORIENTED_EDGE('',*,*,#991,.T.);
#991 = EDGE_CURVE('',#992,#992,#994,.T.);
#992 = VERTEX_POINT('',#993);
#993 = CARTESIAN_POINT('',(105.22,-89.26,0.));
#994 = CIRCLE('',#995,0.5);
#995 = AXIS2_PLACEMENT_3D('',#996,#997,#998);
#996 = CARTESIAN_POINT('',(105.22,-88.76,0.));
#997 = DIRECTION('',(-0.,0.,-1.));
#998 = DIRECTION('',(-0.,-1.,0.));
#999 = FACE_BOUND('',#1000,.F.);
#1000 = EDGE_LOOP('',(#1001));
#1001 = ORIENTED_EDGE('',*,*,#1002,.T.);
#1002 = EDGE_CURVE('',#1003,#1003,#1005,.T.);
#1003 = VERTEX_POINT('',#1004);
#1004 = CARTESIAN_POINT('',(94.13,-88.08,0.));
#1005 = CIRCLE('',#1006,0.5);
#1006 = AXIS2_PLACEMENT_3D('',#1007,#1008,#1009);
#1007 = CARTESIAN_POINT('',(94.13,-87.58,0.));
#1008 = DIRECTION('',(-0.,0.,-1.));
#1009 = DIRECTION('',(-0.,-1.,0.));
#1010 = FACE_BOUND('',#1011,.F.);
#1011 = EDGE_LOOP('',(#1012));
#1012 = ORIENTED_EDGE('',*,*,#1013,.T.);
#1013 = EDGE_CURVE('',#1014,#1014,#1016,.T.);
#1014 = VERTEX_POINT('',#1015);
#1015 = CARTESIAN_POINT('',(94.13,-85.54,0.));
#1016 = CIRCLE('',#1017,0.5);
#1017 = AXIS2_PLACEMENT_3D('',#1018,#1019,#1020);
#1018 = CARTESIAN_POINT('',(94.13,-85.04,0.));
#1019 = DIRECTION('',(-0.,0.,-1.));
#1020 = DIRECTION('',(-0.,-1.,0.));
#1021 = FACE_BOUND('',#1022,.F.);
#1022 = EDGE_LOOP('',(#1023));
#1023 = ORIENTED_EDGE('',*,*,#1024,.T.);
#1024 = EDGE_CURVE('',#1025,#1025,#1027,.T.);
#1025 = VERTEX_POINT('',#1026);
#1026 = CARTESIAN_POINT('',(105.22,-86.72,0.));
#1027 = CIRCLE('',#1028,0.5);
#1028 = AXIS2_PLACEMENT_3D('',#1029,#1030,#1031);
#1029 = CARTESIAN_POINT('',(105.22,-86.22,0.));
#1030 = DIRECTION('',(-0.,0.,-1.));
#1031 = DIRECTION('',(-0.,-1.,0.));
#1032 = FACE_BOUND('',#1033,.F.);
#1033 = EDGE_LOOP('',(#1034));
#1034 = ORIENTED_EDGE('',*,*,#1035,.T.);
#1035 = EDGE_CURVE('',#1036,#1036,#1038,.T.);
#1036 = VERTEX_POINT('',#1037);
#1037 = CARTESIAN_POINT('',(105.22,-84.18,0.));
#1038 = CIRCLE('',#1039,0.5);
#1039 = AXIS2_PLACEMENT_3D('',#1040,#1041,#1042);
#1040 = CARTESIAN_POINT('',(105.22,-83.68,0.));
#1041 = DIRECTION('',(-0.,0.,-1.));
#1042 = DIRECTION('',(-0.,-1.,0.));
#1043 = FACE_BOUND('',#1044,.F.);
#1044 = EDGE_LOOP('',(#1045));
#1045 = ORIENTED_EDGE('',*,*,#1046,.T.);
#1046 = EDGE_CURVE('',#1047,#1047,#1049,.T.);
#1047 = VERTEX_POINT('',#1048);
#1048 = CARTESIAN_POINT('',(123.,-104.5,0.));
#1049 = CIRCLE('',#1050,0.5);
#1050 = AXIS2_PLACEMENT_3D('',#1051,#1052,#1053);
#1051 = CARTESIAN_POINT('',(123.,-104.,0.));
#1052 = DIRECTION('',(-0.,0.,-1.));
#1053 = DIRECTION('',(-0.,-1.,0.));
#1054 = FACE_BOUND('',#1055,.F.);
#1055 = EDGE_LOOP('',(#1056));
#1056 = ORIENTED_EDGE('',*,*,#1057,.T.);
#1057 = EDGE_CURVE('',#1058,#1058,#1060,.T.);
#1058 = VERTEX_POINT('',#1059);
#1059 = CARTESIAN_POINT('',(123.,-101.96,0.));
#1060 = CIRCLE('',#1061,0.5);
#1061 = AXIS2_PLACEMENT_3D('',#1062,#1063,#1064);
#1062 = CARTESIAN_POINT('',(123.,-101.46,0.));
#1063 = DIRECTION('',(-0.,0.,-1.));
#1064 = DIRECTION('',(-0.,-1.,0.));
#1065 = FACE_BOUND('',#1066,.F.);
#1066 = EDGE_LOOP('',(#1067));
#1067 = ORIENTED_EDGE('',*,*,#1068,.T.);
#1068 = EDGE_CURVE('',#1069,#1069,#1071,.T.);
#1069 = VERTEX_POINT('',#1070);
#1070 = CARTESIAN_POINT('',(123.,-99.42,0.));
#1071 = CIRCLE('',#1072,0.5);
#1072 = AXIS2_PLACEMENT_3D('',#1073,#1074,#1075);
#1073 = CARTESIAN_POINT('',(123.,-98.92,0.));
#1074 = DIRECTION('',(-0.,0.,-1.));
#1075 = DIRECTION('',(-0.,-1.,0.));
#1076 = FACE_BOUND('',#1077,.F.);
#1077 = EDGE_LOOP('',(#1078));
#1078 = ORIENTED_EDGE('',*,*,#1079,.T.);
#1079 = EDGE_CURVE('',#1080,#1080,#1082,.T.);
#1080 = VERTEX_POINT('',#1081);
#1081 = CARTESIAN_POINT('',(123.,-96.88,0.));
#1082 = CIRCLE('',#1083,0.5);
#1083 = AXIS2_PLACEMENT_3D('',#1084,#1085,#1086);
#1084 = CARTESIAN_POINT('',(123.,-96.38,0.));
#1085 = DIRECTION('',(-0.,0.,-1.));
#1086 = DIRECTION('',(-0.,-1.,0.));
#1087 = FACE_BOUND('',#1088,.F.);
#1088 = EDGE_LOOP('',(#1089));
#1089 = ORIENTED_EDGE('',*,*,#1090,.T.);
#1090 = EDGE_CURVE('',#1091,#1091,#1093,.T.);
#1091 = VERTEX_POINT('',#1092);
#1092 = CARTESIAN_POINT('',(123.,-94.34,0.));
#1093 = CIRCLE('',#1094,0.5);
#1094 = AXIS2_PLACEMENT_3D('',#1095,#1096,#1097);
#1095 = CARTESIAN_POINT('',(123.,-93.84,0.));
#1096 = DIRECTION('',(-0.,0.,-1.));
#1097 = DIRECTION('',(-0.,-1.,0.));
#1098 = FACE_BOUND('',#1099,.F.);
#1099 = EDGE_LOOP('',(#1100));
#1100 = ORIENTED_EDGE('',*,*,#1101,.T.);
#1101 = EDGE_CURVE('',#1102,#1102,#1104,.T.);
#1102 = VERTEX_POINT('',#1103);
#1103 = CARTESIAN_POINT('',(123.,-91.8,0.));
#1104 = CIRCLE('',#1105,0.5);
#1105 = AXIS2_PLACEMENT_3D('',#1106,#1107,#1108);
#1106 = CARTESIAN_POINT('',(123.,-91.3,0.));
#1107 = DIRECTION('',(-0.,0.,-1.));
#1108 = DIRECTION('',(-0.,-1.,0.));
#1109 = FACE_BOUND('',#1110,.F.);
#1110 = EDGE_LOOP('',(#1111));
#1111 = ORIENTED_EDGE('',*,*,#1112,.T.);
#1112 = EDGE_CURVE('',#1113,#1113,#1115,.T.);
#1113 = VERTEX_POINT('',#1114);
#1114 = CARTESIAN_POINT('',(123.,-89.26,0.));
#1115 = CIRCLE('',#1116,0.5);
#1116 = AXIS2_PLACEMENT_3D('',#1117,#1118,#1119);
#1117 = CARTESIAN_POINT('',(123.,-88.76,0.));
#1118 = DIRECTION('',(-0.,0.,-1.));
#1119 = DIRECTION('',(-0.,-1.,0.));
#1120 = FACE_BOUND('',#1121,.F.);
#1121 = EDGE_LOOP('',(#1122));
#1122 = ORIENTED_EDGE('',*,*,#1123,.T.);
#1123 = EDGE_CURVE('',#1124,#1124,#1126,.T.);
#1124 = VERTEX_POINT('',#1125);
#1125 = CARTESIAN_POINT('',(123.,-86.72,0.));
#1126 = CIRCLE('',#1127,0.5);
#1127 = AXIS2_PLACEMENT_3D('',#1128,#1129,#1130);
#1128 = CARTESIAN_POINT('',(123.,-86.22,0.));
#1129 = DIRECTION('',(-0.,0.,-1.));
#1130 = DIRECTION('',(-0.,-1.,0.));
#1131 = FACE_BOUND('',#1132,.F.);
#1132 = EDGE_LOOP('',(#1133));
#1133 = ORIENTED_EDGE('',*,*,#1134,.T.);
#1134 = EDGE_CURVE('',#1135,#1135,#1137,.T.);
#1135 = VERTEX_POINT('',#1136);
#1136 = CARTESIAN_POINT('',(123.,-84.18,0.));
#1137 = CIRCLE('',#1138,0.5);
#1138 = AXIS2_PLACEMENT_3D('',#1139,#1140,#1141);
#1139 = CARTESIAN_POINT('',(123.,-83.68,0.));
#1140 = DIRECTION('',(-0.,0.,-1.));
#1141 = DIRECTION('',(-0.,-1.,0.));
#1142 = FACE_BOUND('',#1143,.F.);
#1143 = EDGE_LOOP('',(#1144));
#1144 = ORIENTED_EDGE('',*,*,#1145,.T.);
#1145 = EDGE_CURVE('',#1146,#1146,#1148,.T.);
#1146 = VERTEX_POINT('',#1147);
#1147 = CARTESIAN_POINT('',(79.375,-75.205,0.));
#1148 = CIRCLE('',#1149,0.25);
#1149 = AXIS2_PLACEMENT_3D('',#1150,#1151,#1152);
#1150 = CARTESIAN_POINT('',(79.375,-74.955,0.));
#1151 = DIRECTION('',(-0.,0.,-1.));
#1152 = DIRECTION('',(-0.,-1.,0.));
#1153 = FACE_BOUND('',#1154,.F.);
#1154 = EDGE_LOOP('',(#1155));
#1155 = ORIENTED_EDGE('',*,*,#1156,.T.);
#1156 = EDGE_CURVE('',#1157,#1157,#1159,.T.);
#1157 = VERTEX_POINT('',#1158);
#1158 = CARTESIAN_POINT('',(80.625,-75.205,0.));
#1159 = CIRCLE('',#1160,0.25);
#1160 = AXIS2_PLACEMENT_3D('',#1161,#1162,#1163);
#1161 = CARTESIAN_POINT('',(80.625,-74.955,0.));
#1162 = DIRECTION('',(-0.,0.,-1.));
#1163 = DIRECTION('',(-0.,-1.,0.));
#1164 = FACE_BOUND('',#1165,.F.);
#1165 = EDGE_LOOP('',(#1166));
#1166 = ORIENTED_EDGE('',*,*,#1167,.T.);
#1167 = EDGE_CURVE('',#1168,#1168,#1170,.T.);
#1168 = VERTEX_POINT('',#1169);
#1169 = CARTESIAN_POINT('',(94.13,-83.,0.));
#1170 = CIRCLE('',#1171,0.5);
#1171 = AXIS2_PLACEMENT_3D('',#1172,#1173,#1174);
#1172 = CARTESIAN_POINT('',(94.13,-82.5,0.));
#1173 = DIRECTION('',(-0.,0.,-1.));
#1174 = DIRECTION('',(-0.,-1.,0.));
#1175 = FACE_BOUND('',#1176,.F.);
#1176 = EDGE_LOOP('',(#1177));
#1177 = ORIENTED_EDGE('',*,*,#1178,.T.);
#1178 = EDGE_CURVE('',#1179,#1179,#1181,.T.);
#1179 = VERTEX_POINT('',#1180);
#1180 = CARTESIAN_POINT('',(105.22,-81.64,0.));
#1181 = CIRCLE('',#1182,0.5);
#1182 = AXIS2_PLACEMENT_3D('',#1183,#1184,#1185);
#1183 = CARTESIAN_POINT('',(105.22,-81.14,0.));
#1184 = DIRECTION('',(-0.,0.,-1.));
#1185 = DIRECTION('',(-0.,-1.,0.));
#1186 = FACE_BOUND('',#1187,.F.);
#1187 = EDGE_LOOP('',(#1188));
#1188 = ORIENTED_EDGE('',*,*,#1189,.T.);
#1189 = EDGE_CURVE('',#1190,#1190,#1192,.T.);
#1190 = VERTEX_POINT('',#1191);
#1191 = CARTESIAN_POINT('',(105.22,-79.1,0.));
#1192 = CIRCLE('',#1193,0.5);
#1193 = AXIS2_PLACEMENT_3D('',#1194,#1195,#1196);
#1194 = CARTESIAN_POINT('',(105.22,-78.6,0.));
#1195 = DIRECTION('',(-0.,0.,-1.));
#1196 = DIRECTION('',(-0.,-1.,0.));
#1197 = FACE_BOUND('',#1198,.F.);
#1198 = EDGE_LOOP('',(#1199));
#1199 = ORIENTED_EDGE('',*,*,#1200,.T.);
#1200 = EDGE_CURVE('',#1201,#1201,#1203,.T.);
#1201 = VERTEX_POINT('',#1202);
#1202 = CARTESIAN_POINT('',(105.22,-76.56,0.));
#1203 = CIRCLE('',#1204,0.5);
#1204 = AXIS2_PLACEMENT_3D('',#1205,#1206,#1207);
#1205 = CARTESIAN_POINT('',(105.22,-76.06,0.));
#1206 = DIRECTION('',(-0.,0.,-1.));
#1207 = DIRECTION('',(-0.,-1.,0.));
#1208 = FACE_BOUND('',#1209,.F.);
#1209 = EDGE_LOOP('',(#1210));
#1210 = ORIENTED_EDGE('',*,*,#1211,.T.);
#1211 = EDGE_CURVE('',#1212,#1212,#1214,.T.);
#1212 = VERTEX_POINT('',#1213);
#1213 = CARTESIAN_POINT('',(105.22,-74.02,0.));
#1214 = CIRCLE('',#1215,0.5);
#1215 = AXIS2_PLACEMENT_3D('',#1216,#1217,#1218);
#1216 = CARTESIAN_POINT('',(105.22,-73.52,0.));
#1217 = DIRECTION('',(-0.,0.,-1.));
#1218 = DIRECTION('',(-0.,-1.,0.));
#1219 = FACE_BOUND('',#1220,.F.);
#1220 = EDGE_LOOP('',(#1221));
#1221 = ORIENTED_EDGE('',*,*,#1222,.T.);
#1222 = EDGE_CURVE('',#1223,#1223,#1225,.T.);
#1223 = VERTEX_POINT('',#1224);
#1224 = CARTESIAN_POINT('',(95.63,-72.9,0.));
#1225 = CIRCLE('',#1226,1.6);
#1226 = AXIS2_PLACEMENT_3D('',#1227,#1228,#1229);
#1227 = CARTESIAN_POINT('',(95.63,-71.3,0.));
#1228 = DIRECTION('',(-0.,0.,-1.));
#1229 = DIRECTION('',(-0.,-1.,0.));
#1230 = FACE_BOUND('',#1231,.F.);
#1231 = EDGE_LOOP('',(#1232));
#1232 = ORIENTED_EDGE('',*,*,#1233,.T.);
#1233 = EDGE_CURVE('',#1234,#1234,#1236,.T.);
#1234 = VERTEX_POINT('',#1235);
#1235 = CARTESIAN_POINT('',(105.22,-71.48,0.));
#1236 = CIRCLE('',#1237,0.5);
#1237 = AXIS2_PLACEMENT_3D('',#1238,#1239,#1240);
#1238 = CARTESIAN_POINT('',(105.22,-70.98,0.));
#1239 = DIRECTION('',(-0.,0.,-1.));
#1240 = DIRECTION('',(-0.,-1.,0.));
#1241 = FACE_BOUND('',#1242,.F.);
#1242 = EDGE_LOOP('',(#1243));
#1243 = ORIENTED_EDGE('',*,*,#1244,.T.);
#1244 = EDGE_CURVE('',#1245,#1245,#1247,.T.);
#1245 = VERTEX_POINT('',#1246);
#1246 = CARTESIAN_POINT('',(123.,-81.64,0.));
#1247 = CIRCLE('',#1248,0.5);
#1248 = AXIS2_PLACEMENT_3D('',#1249,#1250,#1251);
#1249 = CARTESIAN_POINT('',(123.,-81.14,0.));
#1250 = DIRECTION('',(-0.,0.,-1.));
#1251 = DIRECTION('',(-0.,-1.,0.));
#1252 = FACE_BOUND('',#1253,.F.);
#1253 = EDGE_LOOP('',(#1254));
#1254 = ORIENTED_EDGE('',*,*,#1255,.T.);
#1255 = EDGE_CURVE('',#1256,#1256,#1258,.T.);
#1256 = VERTEX_POINT('',#1257);
#1257 = CARTESIAN_POINT('',(123.,-79.1,0.));
#1258 = CIRCLE('',#1259,0.5);
#1259 = AXIS2_PLACEMENT_3D('',#1260,#1261,#1262);
#1260 = CARTESIAN_POINT('',(123.,-78.6,0.));
#1261 = DIRECTION('',(-0.,0.,-1.));
#1262 = DIRECTION('',(-0.,-1.,0.));
#1263 = FACE_BOUND('',#1264,.F.);
#1264 = EDGE_LOOP('',(#1265));
#1265 = ORIENTED_EDGE('',*,*,#1266,.T.);
#1266 = EDGE_CURVE('',#1267,#1267,#1269,.T.);
#1267 = VERTEX_POINT('',#1268);
#1268 = CARTESIAN_POINT('',(111.685,-75.065,0.));
#1269 = CIRCLE('',#1270,0.925);
#1270 = AXIS2_PLACEMENT_3D('',#1271,#1272,#1273);
#1271 = CARTESIAN_POINT('',(111.685,-74.14,0.));
#1272 = DIRECTION('',(-0.,0.,-1.));
#1273 = DIRECTION('',(-0.,-1.,0.));
#1274 = FACE_BOUND('',#1275,.F.);
#1275 = EDGE_LOOP('',(#1276));
#1276 = ORIENTED_EDGE('',*,*,#1277,.T.);
#1277 = EDGE_CURVE('',#1278,#1278,#1280,.T.);
#1278 = VERTEX_POINT('',#1279);
#1279 = CARTESIAN_POINT('',(116.535,-75.065,0.));
#1280 = CIRCLE('',#1281,0.925);
#1281 = AXIS2_PLACEMENT_3D('',#1282,#1283,#1284);
#1282 = CARTESIAN_POINT('',(116.535,-74.14,0.));
#1283 = DIRECTION('',(-0.,0.,-1.));
#1284 = DIRECTION('',(-0.,-1.,0.));
#1285 = FACE_BOUND('',#1286,.F.);
#1286 = EDGE_LOOP('',(#1287));
#1287 = ORIENTED_EDGE('',*,*,#1288,.T.);
#1288 = EDGE_CURVE('',#1289,#1289,#1291,.T.);
#1289 = VERTEX_POINT('',#1290);
#1290 = CARTESIAN_POINT('',(123.,-76.56,0.));
#1291 = CIRCLE('',#1292,0.5);
#1292 = AXIS2_PLACEMENT_3D('',#1293,#1294,#1295);
#1293 = CARTESIAN_POINT('',(123.,-76.06,0.));
#1294 = DIRECTION('',(-0.,0.,-1.));
#1295 = DIRECTION('',(-0.,-1.,0.));
#1296 = FACE_BOUND('',#1297,.F.);
#1297 = EDGE_LOOP('',(#1298));
#1298 = ORIENTED_EDGE('',*,*,#1299,.T.);
#1299 = EDGE_CURVE('',#1300,#1300,#1302,.T.);
#1300 = VERTEX_POINT('',#1301);
#1301 = CARTESIAN_POINT('',(123.,-74.02,0.));
#1302 = CIRCLE('',#1303,0.5);
#1303 = AXIS2_PLACEMENT_3D('',#1304,#1305,#1306);
#1304 = CARTESIAN_POINT('',(123.,-73.52,0.));
#1305 = DIRECTION('',(-0.,0.,-1.));
#1306 = DIRECTION('',(-0.,-1.,0.));
#1307 = FACE_BOUND('',#1308,.F.);
#1308 = EDGE_LOOP('',(#1309));
#1309 = ORIENTED_EDGE('',*,*,#1310,.T.);
#1310 = EDGE_CURVE('',#1311,#1311,#1313,.T.);
#1311 = VERTEX_POINT('',#1312);
#1312 = CARTESIAN_POINT('',(111.385,-72.21,0.));
#1313 = CIRCLE('',#1314,1.1);
#1314 = AXIS2_PLACEMENT_3D('',#1315,#1316,#1317);
#1315 = CARTESIAN_POINT('',(111.385,-71.11,0.));
#1316 = DIRECTION('',(-0.,0.,-1.));
#1317 = DIRECTION('',(1.2918958832E-14,-1.,-0.));
#1318 = FACE_BOUND('',#1319,.F.);
#1319 = EDGE_LOOP('',(#1320));
#1320 = ORIENTED_EDGE('',*,*,#1321,.T.);
#1321 = EDGE_CURVE('',#1322,#1322,#1324,.T.);
#1322 = VERTEX_POINT('',#1323);
#1323 = CARTESIAN_POINT('',(116.835,-72.21,0.));
#1324 = CIRCLE('',#1325,1.1);
#1325 = AXIS2_PLACEMENT_3D('',#1326,#1327,#1328);
#1326 = CARTESIAN_POINT('',(116.835,-71.11,0.));
#1327 = DIRECTION('',(-0.,0.,-1.));
#1328 = DIRECTION('',(-1.2918958832E-14,-1.,0.));
#1329 = FACE_BOUND('',#1330,.F.);
#1330 = EDGE_LOOP('',(#1331));
#1331 = ORIENTED_EDGE('',*,*,#1332,.T.);
#1332 = EDGE_CURVE('',#1333,#1333,#1335,.T.);
#1333 = VERTEX_POINT('',#1334);
#1334 = CARTESIAN_POINT('',(123.,-71.48,0.));
#1335 = CIRCLE('',#1336,0.5);
#1336 = AXIS2_PLACEMENT_3D('',#1337,#1338,#1339);
#1337 = CARTESIAN_POINT('',(123.,-70.98,0.));
#1338 = DIRECTION('',(-0.,0.,-1.));
#1339 = DIRECTION('',(-0.,-1.,0.));
#1340 = FACE_BOUND('',#1341,.F.);
#1341 = EDGE_LOOP('',(#1342));
#1342 = ORIENTED_EDGE('',*,*,#1343,.T.);
#1343 = EDGE_CURVE('',#1344,#1344,#1346,.T.);
#1344 = VERTEX_POINT('',#1345);
#1345 = CARTESIAN_POINT('',(130.135,-61.933001,0.));
#1346 = CIRCLE('',#1347,0.508);
#1347 = AXIS2_PLACEMENT_3D('',#1348,#1349,#1350);
#1348 = CARTESIAN_POINT('',(130.135,-61.425001,0.));
#1349 = DIRECTION('',(-0.,0.,-1.));
#1350 = DIRECTION('',(-0.,-1.,0.));
#1351 = FACE_BOUND('',#1352,.F.);
#1352 = EDGE_LOOP('',(#1353));
#1353 = ORIENTED_EDGE('',*,*,#1354,.T.);
#1354 = EDGE_CURVE('',#1355,#1355,#1357,.T.);
#1355 = VERTEX_POINT('',#1356);
#1356 = CARTESIAN_POINT('',(132.675,-61.933001,0.));
#1357 = CIRCLE('',#1358,0.508);
#1358 = AXIS2_PLACEMENT_3D('',#1359,#1360,#1361);
#1359 = CARTESIAN_POINT('',(132.675,-61.425001,0.));
#1360 = DIRECTION('',(-0.,0.,-1.));
#1361 = DIRECTION('',(-0.,-1.,0.));
#1362 = FACE_BOUND('',#1363,.F.);
#1363 = EDGE_LOOP('',(#1364));
#1364 = ORIENTED_EDGE('',*,*,#1365,.T.);
#1365 = EDGE_CURVE('',#1366,#1366,#1368,.T.);
#1366 = VERTEX_POINT('',#1367);
#1367 = CARTESIAN_POINT('',(135.215,-61.933001,0.));
#1368 = CIRCLE('',#1369,0.508);
#1369 = AXIS2_PLACEMENT_3D('',#1370,#1371,#1372);
#1370 = CARTESIAN_POINT('',(135.215,-61.425001,0.));
#1371 = DIRECTION('',(-0.,0.,-1.));
#1372 = DIRECTION('',(-0.,-1.,0.));
#1373 = FACE_BOUND('',#1374,.F.);
#1374 = EDGE_LOOP('',(#1375));
#1375 = ORIENTED_EDGE('',*,*,#1376,.T.);
#1376 = EDGE_CURVE('',#1377,#1377,#1379,.T.);
#1377 = VERTEX_POINT('',#1378);
#1378 = CARTESIAN_POINT('',(198.38,-104.25,0.));
#1379 = CIRCLE('',#1380,0.5);
#1380 = AXIS2_PLACEMENT_3D('',#1381,#1382,#1383);
#1381 = CARTESIAN_POINT('',(198.38,-103.75,0.));
#1382 = DIRECTION('',(-0.,0.,-1.));
#1383 = DIRECTION('',(-0.,-1.,0.));
#1384 = FACE_BOUND('',#1385,.F.);
#1385 = EDGE_LOOP('',(#1386));
#1386 = ORIENTED_EDGE('',*,*,#1387,.T.);
#1387 = EDGE_CURVE('',#1388,#1388,#1390,.T.);
#1388 = VERTEX_POINT('',#1389);
#1389 = CARTESIAN_POINT('',(198.38,-101.71,0.));
#1390 = CIRCLE('',#1391,0.5);
#1391 = AXIS2_PLACEMENT_3D('',#1392,#1393,#1394);
#1392 = CARTESIAN_POINT('',(198.38,-101.21,0.));
#1393 = DIRECTION('',(-0.,0.,-1.));
#1394 = DIRECTION('',(-0.,-1.,0.));
#1395 = FACE_BOUND('',#1396,.F.);
#1396 = EDGE_LOOP('',(#1397));
#1397 = ORIENTED_EDGE('',*,*,#1398,.T.);
#1398 = EDGE_CURVE('',#1399,#1399,#1401,.T.);
#1399 = VERTEX_POINT('',#1400);
#1400 = CARTESIAN_POINT('',(198.380001,-99.17,0.));
#1401 = CIRCLE('',#1402,0.5);
#1402 = AXIS2_PLACEMENT_3D('',#1403,#1404,#1405);
#1403 = CARTESIAN_POINT('',(198.380001,-98.67,0.));
#1404 = DIRECTION('',(-0.,0.,-1.));
#1405 = DIRECTION('',(-0.,-1.,0.));
#1406 = FACE_BOUND('',#1407,.F.);
#1407 = EDGE_LOOP('',(#1408));
#1408 = ORIENTED_EDGE('',*,*,#1409,.T.);
#1409 = EDGE_CURVE('',#1410,#1410,#1412,.T.);
#1410 = VERTEX_POINT('',#1411);
#1411 = CARTESIAN_POINT('',(198.38,-96.63,0.));
#1412 = CIRCLE('',#1413,0.5);
#1413 = AXIS2_PLACEMENT_3D('',#1414,#1415,#1416);
#1414 = CARTESIAN_POINT('',(198.38,-96.13,0.));
#1415 = DIRECTION('',(-0.,0.,-1.));
#1416 = DIRECTION('',(-0.,-1.,0.));
#1417 = FACE_BOUND('',#1418,.F.);
#1418 = EDGE_LOOP('',(#1419));
#1419 = ORIENTED_EDGE('',*,*,#1420,.T.);
#1420 = EDGE_CURVE('',#1421,#1421,#1423,.T.);
#1421 = VERTEX_POINT('',#1422);
#1422 = CARTESIAN_POINT('',(188.,-77.424993,0.));
#1423 = CIRCLE('',#1424,0.424993);
#1424 = AXIS2_PLACEMENT_3D('',#1425,#1426,#1427);
#1425 = CARTESIAN_POINT('',(188.,-77.,0.));
#1426 = DIRECTION('',(-0.,0.,-1.));
#1427 = DIRECTION('',(-0.,-1.,0.));
#1428 = FACE_BOUND('',#1429,.F.);
#1429 = EDGE_LOOP('',(#1430));
#1430 = ORIENTED_EDGE('',*,*,#1431,.T.);
#1431 = EDGE_CURVE('',#1432,#1432,#1434,.T.);
#1432 = VERTEX_POINT('',#1433);
#1433 = CARTESIAN_POINT('',(190.,-77.424993,0.));
#1434 = CIRCLE('',#1435,0.424993);
#1435 = AXIS2_PLACEMENT_3D('',#1436,#1437,#1438);
#1436 = CARTESIAN_POINT('',(190.,-77.,0.));
#1437 = DIRECTION('',(-0.,0.,-1.));
#1438 = DIRECTION('',(-0.,-1.,0.));
#1439 = FACE_BOUND('',#1440,.F.);
#1440 = EDGE_LOOP('',(#1441));
#1441 = ORIENTED_EDGE('',*,*,#1442,.T.);
#1442 = EDGE_CURVE('',#1443,#1443,#1445,.T.);
#1443 = VERTEX_POINT('',#1444);
#1444 = CARTESIAN_POINT('',(214.375,-75.295,0.));
#1445 = CIRCLE('',#1446,0.25);
#1446 = AXIS2_PLACEMENT_3D('',#1447,#1448,#1449);
#1447 = CARTESIAN_POINT('',(214.375,-75.045,0.));
#1448 = DIRECTION('',(-0.,0.,-1.));
#1449 = DIRECTION('',(-0.,-1.,0.));
#1450 = FACE_BOUND('',#1451,.F.);
#1451 = EDGE_LOOP('',(#1452));
#1452 = ORIENTED_EDGE('',*,*,#1453,.T.);
#1453 = EDGE_CURVE('',#1454,#1454,#1456,.T.);
#1454 = VERTEX_POINT('',#1455);
#1455 = CARTESIAN_POINT('',(215.625,-75.295,0.));
#1456 = CIRCLE('',#1457,0.25);
#1457 = AXIS2_PLACEMENT_3D('',#1458,#1459,#1460);
#1458 = CARTESIAN_POINT('',(215.625,-75.045,0.));
#1459 = DIRECTION('',(-0.,0.,-1.));
#1460 = DIRECTION('',(-0.,-1.,0.));
#1461 = FACE_BOUND('',#1462,.F.);
#1462 = EDGE_LOOP('',(#1463));
#1463 = ORIENTED_EDGE('',*,*,#1464,.T.);
#1464 = EDGE_CURVE('',#1465,#1465,#1467,.T.);
#1465 = VERTEX_POINT('',#1466);
#1466 = CARTESIAN_POINT('',(197.63,-72.8,0.));
#1467 = CIRCLE('',#1468,1.6);
#1468 = AXIS2_PLACEMENT_3D('',#1469,#1470,#1471);
#1469 = CARTESIAN_POINT('',(197.63,-71.2,0.));
#1470 = DIRECTION('',(-0.,0.,-1.));
#1471 = DIRECTION('',(-0.,-1.,0.));
#1472 = PLANE('',#1473);
#1473 = AXIS2_PLACEMENT_3D('',#1474,#1475,#1476);
#1474 = CARTESIAN_POINT('',(0.,0.,0.));
#1475 = DIRECTION('',(0.,0.,1.));
#1476 = DIRECTION('',(1.,0.,-0.));
#1477 = ADVANCED_FACE('',(#1478,#1600,#1611,#1622,#1633,#1644,#1655,
    #1666,#1677,#1688,#1699,#1710,#1721,#1732,#1743,#1754,#1765,#1776,
    #1787,#1798,#1809,#1820,#1831,#1842,#1853,#1864,#1875,#1886,#1897,
    #1908,#1919,#1930,#1941,#1952,#1963,#1974,#1985,#1996,#2007,#2018,
    #2029,#2040,#2051,#2062,#2073,#2084,#2095,#2106,#2117,#2128,#2139,
    #2150,#2161,#2172,#2183,#2194,#2205,#2216,#2227,#2238,#2249,#2260,
    #2271,#2282,#2293,#2304,#2315,#2326,#2337,#2348,#2359,#2370,#2381,
    #2392,#2403,#2414,#2425,#2436,#2447,#2458,#2469,#2480,#2491,#2502,
    #2513,#2524,#2535,#2546,#2557,#2568,#2579,#2590,#2601,#2612,#2623,
    #2634,#2645,#2656,#2667,#2678,#2689,#2700,#2711,#2722,#2733,#2744,
    #2755,#2766,#2777,#2788,#2799),#2810,.T.);
#1478 = FACE_BOUND('',#1479,.T.);
#1479 = EDGE_LOOP('',(#1480,#1481,#1482,#1491,#1499,#1507,#1515,#1524,
    #1532,#1541,#1549,#1558,#1566,#1575,#1584,#1592,#1599));
#1480 = ORIENTED_EDGE('',*,*,#49,.F.);
#1481 = ORIENTED_EDGE('',*,*,#91,.F.);
#1482 = ORIENTED_EDGE('',*,*,#1483,.F.);
#1483 = EDGE_CURVE('',#1484,#84,#1486,.T.);
#1484 = VERTEX_POINT('',#1485);
#1485 = CARTESIAN_POINT('',(125.,-61.,1.51));
#1486 = CIRCLE('',#1487,3.000001172987);
#1487 = AXIS2_PLACEMENT_3D('',#1488,#1489,#1490);
#1488 = CARTESIAN_POINT('',(128.00000117298,-61.00000117298,1.51));
#1489 = DIRECTION('',(0.,0.,-1.));
#1490 = DIRECTION('',(-1.,3.909953663434E-07,0.));
#1491 = ORIENTED_EDGE('',*,*,#1492,.F.);
#1492 = EDGE_CURVE('',#1493,#1484,#1495,.T.);
#1493 = VERTEX_POINT('',#1494);
#1494 = CARTESIAN_POINT('',(125.,-69.,1.51));
#1495 = LINE('',#1496,#1497);
#1496 = CARTESIAN_POINT('',(125.,-69.,1.51));
#1497 = VECTOR('',#1498,1.);
#1498 = DIRECTION('',(0.,1.,0.));
#1499 = ORIENTED_EDGE('',*,*,#1500,.F.);
#1500 = EDGE_CURVE('',#1501,#1493,#1503,.T.);
#1501 = VERTEX_POINT('',#1502);
#1502 = CARTESIAN_POINT('',(105.,-69.,1.51));
#1503 = LINE('',#1504,#1505);
#1504 = CARTESIAN_POINT('',(105.,-69.,1.51));
#1505 = VECTOR('',#1506,1.);
#1506 = DIRECTION('',(1.,0.,0.));
#1507 = ORIENTED_EDGE('',*,*,#1508,.F.);
#1508 = EDGE_CURVE('',#1509,#1501,#1511,.T.);
#1509 = VERTEX_POINT('',#1510);
#1510 = CARTESIAN_POINT('',(105.,-61.,1.51));
#1511 = LINE('',#1512,#1513);
#1512 = CARTESIAN_POINT('',(105.,-61.,1.51));
#1513 = VECTOR('',#1514,1.);
#1514 = DIRECTION('',(0.,-1.,0.));
#1515 = ORIENTED_EDGE('',*,*,#1516,.F.);
#1516 = EDGE_CURVE('',#1517,#1509,#1519,.T.);
#1517 = VERTEX_POINT('',#1518);
#1518 = CARTESIAN_POINT('',(102.,-58.,1.51));
#1519 = CIRCLE('',#1520,3.000001172987);
#1520 = AXIS2_PLACEMENT_3D('',#1521,#1522,#1523);
#1521 = CARTESIAN_POINT('',(101.99999882701,-61.00000117298,1.51));
#1522 = DIRECTION('',(0.,0.,-1.));
#1523 = DIRECTION('',(3.909953663434E-07,1.,0.));
#1524 = ORIENTED_EDGE('',*,*,#1525,.F.);
#1525 = EDGE_CURVE('',#1526,#1517,#1528,.T.);
#1526 = VERTEX_POINT('',#1527);
#1527 = CARTESIAN_POINT('',(79.,-58.000411,1.51));
#1528 = LINE('',#1529,#1530);
#1529 = CARTESIAN_POINT('',(79.,-58.000411,1.51));
#1530 = VECTOR('',#1531,1.);
#1531 = DIRECTION('',(0.99999999984,1.786956521453E-05,0.));
#1532 = ORIENTED_EDGE('',*,*,#1533,.F.);
#1533 = EDGE_CURVE('',#1534,#1526,#1536,.T.);
#1534 = VERTEX_POINT('',#1535);
#1535 = CARTESIAN_POINT('',(69.000411,-68.,1.51));
#1536 = CIRCLE('',#1537,9.999589652041);
#1537 = AXIS2_PLACEMENT_3D('',#1538,#1539,#1540);
#1538 = CARTESIAN_POINT('',(79.000000652041,-68.00000065204,1.51));
#1539 = DIRECTION('',(0.,0.,-1.));
#1540 = DIRECTION('',(-1.,6.520678665778E-08,0.));
#1541 = ORIENTED_EDGE('',*,*,#1542,.F.);
#1542 = EDGE_CURVE('',#1543,#1534,#1545,.T.);
#1543 = VERTEX_POINT('',#1544);
#1544 = CARTESIAN_POINT('',(69.071068,-144.,1.51));
#1545 = LINE('',#1546,#1547);
#1546 = CARTESIAN_POINT('',(69.071068,-144.,1.51));
#1547 = VECTOR('',#1548,1.);
#1548 = DIRECTION('',(-9.296969666353E-04,0.999999567832,0.));
#1549 = ORIENTED_EDGE('',*,*,#1550,.F.);
#1550 = EDGE_CURVE('',#1551,#1543,#1553,.T.);
#1551 = VERTEX_POINT('',#1552);
#1552 = CARTESIAN_POINT('',(79.071068,-154.,1.51));
#1553 = CIRCLE('',#1554,9.999999357669);
#1554 = AXIS2_PLACEMENT_3D('',#1555,#1556,#1557);
#1555 = CARTESIAN_POINT('',(79.071067357669,-144.0000006423,1.51));
#1556 = DIRECTION('',(0.,0.,-1.));
#1557 = DIRECTION('',(6.423314275614E-08,-1.,0.));
#1558 = ORIENTED_EDGE('',*,*,#1559,.F.);
#1559 = EDGE_CURVE('',#1560,#1551,#1562,.T.);
#1560 = VERTEX_POINT('',#1561);
#1561 = CARTESIAN_POINT('',(131.5,-154.,1.51));
#1562 = LINE('',#1563,#1564);
#1563 = CARTESIAN_POINT('',(131.5,-154.,1.51));
#1564 = VECTOR('',#1565,1.);
#1565 = DIRECTION('',(-1.,0.,0.));
#1566 = ORIENTED_EDGE('',*,*,#1567,.F.);
#1567 = EDGE_CURVE('',#1568,#1560,#1570,.T.);
#1568 = VERTEX_POINT('',#1569);
#1569 = CARTESIAN_POINT('',(149.5,-136.,1.51));
#1570 = CIRCLE('',#1571,18.000000209489);
#1571 = AXIS2_PLACEMENT_3D('',#1572,#1573,#1574);
#1572 = CARTESIAN_POINT('',(149.50000020948,-154.0000002094,1.51));
#1573 = DIRECTION('',(0.,0.,1.));
#1574 = DIRECTION('',(-1.163826670863E-08,1.,0.));
#1575 = ORIENTED_EDGE('',*,*,#1576,.F.);
#1576 = EDGE_CURVE('',#1577,#1568,#1579,.T.);
#1577 = VERTEX_POINT('',#1578);
#1578 = CARTESIAN_POINT('',(167.5,-154.,1.51));
#1579 = CIRCLE('',#1580,18.000000209489);
#1580 = AXIS2_PLACEMENT_3D('',#1581,#1582,#1583);
#1581 = CARTESIAN_POINT('',(149.49999979051,-154.0000002094,1.51));
#1582 = DIRECTION('',(0.,0.,1.));
#1583 = DIRECTION('',(1.,1.163826670863E-08,-0.));
#1584 = ORIENTED_EDGE('',*,*,#1585,.F.);
#1585 = EDGE_CURVE('',#1586,#1577,#1588,.T.);
#1586 = VERTEX_POINT('',#1587);
#1587 = CARTESIAN_POINT('',(219.,-154.,1.51));
#1588 = LINE('',#1589,#1590);
#1589 = CARTESIAN_POINT('',(219.,-154.,1.51));
#1590 = VECTOR('',#1591,1.);
#1591 = DIRECTION('',(-1.,0.,0.));
#1592 = ORIENTED_EDGE('',*,*,#1593,.F.);
#1593 = EDGE_CURVE('',#114,#1586,#1594,.T.);
#1594 = CIRCLE('',#1595,10.999998610593);
#1595 = AXIS2_PLACEMENT_3D('',#1596,#1597,#1598);
#1596 = CARTESIAN_POINT('',(219.0000013894,-143.0000013894,1.51));
#1597 = DIRECTION('',(0.,0.,-1.));
#1598 = DIRECTION('',(1.,1.263097538958E-07,0.));
#1599 = ORIENTED_EDGE('',*,*,#113,.F.);
#1600 = FACE_BOUND('',#1601,.T.);
#1601 = EDGE_LOOP('',(#1602));
#1602 = ORIENTED_EDGE('',*,*,#1603,.T.);
#1603 = EDGE_CURVE('',#1604,#1604,#1606,.T.);
#1604 = VERTEX_POINT('',#1605);
#1605 = CARTESIAN_POINT('',(95.63,-128.6,1.51));
#1606 = CIRCLE('',#1607,1.6);
#1607 = AXIS2_PLACEMENT_3D('',#1608,#1609,#1610);
#1608 = CARTESIAN_POINT('',(95.63,-127.,1.51));
#1609 = DIRECTION('',(-0.,0.,-1.));
#1610 = DIRECTION('',(-0.,-1.,0.));
#1611 = FACE_BOUND('',#1612,.T.);
#1612 = EDGE_LOOP('',(#1613));
#1613 = ORIENTED_EDGE('',*,*,#1614,.T.);
#1614 = EDGE_CURVE('',#1615,#1615,#1617,.T.);
#1615 = VERTEX_POINT('',#1616);
#1616 = CARTESIAN_POINT('',(116.5,-148.5,1.51));
#1617 = CIRCLE('',#1618,0.5);
#1618 = AXIS2_PLACEMENT_3D('',#1619,#1620,#1621);
#1619 = CARTESIAN_POINT('',(116.5,-148.,1.51));
#1620 = DIRECTION('',(-0.,0.,-1.));
#1621 = DIRECTION('',(-0.,-1.,0.));
#1622 = FACE_BOUND('',#1623,.T.);
#1623 = EDGE_LOOP('',(#1624));
#1624 = ORIENTED_EDGE('',*,*,#1625,.T.);
#1625 = EDGE_CURVE('',#1626,#1626,#1628,.T.);
#1626 = VERTEX_POINT('',#1627);
#1627 = CARTESIAN_POINT('',(114.,-146.12,1.51));
#1628 = CIRCLE('',#1629,1.42);
#1629 = AXIS2_PLACEMENT_3D('',#1630,#1631,#1632);
#1630 = CARTESIAN_POINT('',(114.,-144.7,1.51));
#1631 = DIRECTION('',(-0.,0.,-1.));
#1632 = DIRECTION('',(-0.,-1.,0.));
#1633 = FACE_BOUND('',#1634,.T.);
#1634 = EDGE_LOOP('',(#1635));
#1635 = ORIENTED_EDGE('',*,*,#1636,.T.);
#1636 = EDGE_CURVE('',#1637,#1637,#1639,.T.);
#1637 = VERTEX_POINT('',#1638);
#1638 = CARTESIAN_POINT('',(119.,-148.5,1.51));
#1639 = CIRCLE('',#1640,0.5);
#1640 = AXIS2_PLACEMENT_3D('',#1641,#1642,#1643);
#1641 = CARTESIAN_POINT('',(119.,-148.,1.51));
#1642 = DIRECTION('',(-0.,0.,-1.));
#1643 = DIRECTION('',(-0.,-1.,0.));
#1644 = FACE_BOUND('',#1645,.T.);
#1645 = EDGE_LOOP('',(#1646));
#1646 = ORIENTED_EDGE('',*,*,#1647,.T.);
#1647 = EDGE_CURVE('',#1648,#1648,#1650,.T.);
#1648 = VERTEX_POINT('',#1649);
#1649 = CARTESIAN_POINT('',(121.5,-148.5,1.51));
#1650 = CIRCLE('',#1651,0.5);
#1651 = AXIS2_PLACEMENT_3D('',#1652,#1653,#1654);
#1652 = CARTESIAN_POINT('',(121.5,-148.,1.51));
#1653 = DIRECTION('',(-0.,0.,-1.));
#1654 = DIRECTION('',(-0.,-1.,0.));
#1655 = FACE_BOUND('',#1656,.T.);
#1656 = EDGE_LOOP('',(#1657));
#1657 = ORIENTED_EDGE('',*,*,#1658,.T.);
#1658 = EDGE_CURVE('',#1659,#1659,#1661,.T.);
#1659 = VERTEX_POINT('',#1660);
#1660 = CARTESIAN_POINT('',(124.,-146.12,1.51));
#1661 = CIRCLE('',#1662,1.42);
#1662 = AXIS2_PLACEMENT_3D('',#1663,#1664,#1665);
#1663 = CARTESIAN_POINT('',(124.,-144.7,1.51));
#1664 = DIRECTION('',(-0.,0.,-1.));
#1665 = DIRECTION('',(-0.,-1.,0.));
#1666 = FACE_BOUND('',#1667,.T.);
#1667 = EDGE_LOOP('',(#1668));
#1668 = ORIENTED_EDGE('',*,*,#1669,.T.);
#1669 = EDGE_CURVE('',#1670,#1670,#1672,.T.);
#1670 = VERTEX_POINT('',#1671);
#1671 = CARTESIAN_POINT('',(105.22,-119.74,1.51));
#1672 = CIRCLE('',#1673,0.5);
#1673 = AXIS2_PLACEMENT_3D('',#1674,#1675,#1676);
#1674 = CARTESIAN_POINT('',(105.22,-119.24,1.51));
#1675 = DIRECTION('',(-0.,0.,-1.));
#1676 = DIRECTION('',(-0.,-1.,0.));
#1677 = FACE_BOUND('',#1678,.T.);
#1678 = EDGE_LOOP('',(#1679));
#1679 = ORIENTED_EDGE('',*,*,#1680,.T.);
#1680 = EDGE_CURVE('',#1681,#1681,#1683,.T.);
#1681 = VERTEX_POINT('',#1682);
#1682 = CARTESIAN_POINT('',(105.22,-117.2,1.51));
#1683 = CIRCLE('',#1684,0.5);
#1684 = AXIS2_PLACEMENT_3D('',#1685,#1686,#1687);
#1685 = CARTESIAN_POINT('',(105.22,-116.7,1.51));
#1686 = DIRECTION('',(-0.,0.,-1.));
#1687 = DIRECTION('',(-0.,-1.,0.));
#1688 = FACE_BOUND('',#1689,.T.);
#1689 = EDGE_LOOP('',(#1690));
#1690 = ORIENTED_EDGE('',*,*,#1691,.T.);
#1691 = EDGE_CURVE('',#1692,#1692,#1694,.T.);
#1692 = VERTEX_POINT('',#1693);
#1693 = CARTESIAN_POINT('',(77.46,-109.2345,1.51));
#1694 = CIRCLE('',#1695,0.4445);
#1695 = AXIS2_PLACEMENT_3D('',#1696,#1697,#1698);
#1696 = CARTESIAN_POINT('',(77.46,-108.79,1.51));
#1697 = DIRECTION('',(-0.,0.,-1.));
#1698 = DIRECTION('',(-3.197042680585E-14,-1.,0.));
#1699 = FACE_BOUND('',#1700,.T.);
#1700 = EDGE_LOOP('',(#1701));
#1701 = ORIENTED_EDGE('',*,*,#1702,.T.);
#1702 = EDGE_CURVE('',#1703,#1703,#1705,.T.);
#1703 = VERTEX_POINT('',#1704);
#1704 = CARTESIAN_POINT('',(80.,-109.2345,1.51));
#1705 = CIRCLE('',#1706,0.4445);
#1706 = AXIS2_PLACEMENT_3D('',#1707,#1708,#1709);
#1707 = CARTESIAN_POINT('',(80.,-108.79,1.51));
#1708 = DIRECTION('',(-0.,0.,-1.));
#1709 = DIRECTION('',(-0.,-1.,0.));
#1710 = FACE_BOUND('',#1711,.T.);
#1711 = EDGE_LOOP('',(#1712));
#1712 = ORIENTED_EDGE('',*,*,#1713,.T.);
#1713 = EDGE_CURVE('',#1714,#1714,#1716,.T.);
#1714 = VERTEX_POINT('',#1715);
#1715 = CARTESIAN_POINT('',(73.54,-105.7385,1.51));
#1716 = CIRCLE('',#1717,0.6985);
#1717 = AXIS2_PLACEMENT_3D('',#1718,#1719,#1720);
#1718 = CARTESIAN_POINT('',(73.54,-105.04,1.51));
#1719 = DIRECTION('',(-0.,0.,-1.));
#1720 = DIRECTION('',(2.034481705827E-14,-1.,-0.));
#1721 = FACE_BOUND('',#1722,.T.);
#1722 = EDGE_LOOP('',(#1723));
#1723 = ORIENTED_EDGE('',*,*,#1724,.T.);
#1724 = EDGE_CURVE('',#1725,#1725,#1727,.T.);
#1725 = VERTEX_POINT('',#1726);
#1726 = CARTESIAN_POINT('',(82.54,-109.2345,1.51));
#1727 = CIRCLE('',#1728,0.4445);
#1728 = AXIS2_PLACEMENT_3D('',#1729,#1730,#1731);
#1729 = CARTESIAN_POINT('',(82.54,-108.79,1.51));
#1730 = DIRECTION('',(-0.,0.,-1.));
#1731 = DIRECTION('',(3.197042680585E-14,-1.,-0.));
#1732 = FACE_BOUND('',#1733,.T.);
#1733 = EDGE_LOOP('',(#1734));
#1734 = ORIENTED_EDGE('',*,*,#1735,.T.);
#1735 = EDGE_CURVE('',#1736,#1736,#1738,.T.);
#1736 = VERTEX_POINT('',#1737);
#1737 = CARTESIAN_POINT('',(86.29,-105.7385,1.51));
#1738 = CIRCLE('',#1739,0.6985);
#1739 = AXIS2_PLACEMENT_3D('',#1740,#1741,#1742);
#1740 = CARTESIAN_POINT('',(86.29,-105.04,1.51));
#1741 = DIRECTION('',(-0.,0.,-1.));
#1742 = DIRECTION('',(2.034481705827E-14,-1.,-0.));
#1743 = FACE_BOUND('',#1744,.T.);
#1744 = EDGE_LOOP('',(#1745));
#1745 = ORIENTED_EDGE('',*,*,#1746,.T.);
#1746 = EDGE_CURVE('',#1747,#1747,#1749,.T.);
#1747 = VERTEX_POINT('',#1748);
#1748 = CARTESIAN_POINT('',(94.13,-116.02,1.51));
#1749 = CIRCLE('',#1750,0.5);
#1750 = AXIS2_PLACEMENT_3D('',#1751,#1752,#1753);
#1751 = CARTESIAN_POINT('',(94.13,-115.52,1.51));
#1752 = DIRECTION('',(-0.,0.,-1.));
#1753 = DIRECTION('',(-0.,-1.,0.));
#1754 = FACE_BOUND('',#1755,.T.);
#1755 = EDGE_LOOP('',(#1756));
#1756 = ORIENTED_EDGE('',*,*,#1757,.T.);
#1757 = EDGE_CURVE('',#1758,#1758,#1760,.T.);
#1758 = VERTEX_POINT('',#1759);
#1759 = CARTESIAN_POINT('',(94.13,-113.48,1.51));
#1760 = CIRCLE('',#1761,0.5);
#1761 = AXIS2_PLACEMENT_3D('',#1762,#1763,#1764);
#1762 = CARTESIAN_POINT('',(94.13,-112.98,1.51));
#1763 = DIRECTION('',(-0.,0.,-1.));
#1764 = DIRECTION('',(-0.,-1.,0.));
#1765 = FACE_BOUND('',#1766,.T.);
#1766 = EDGE_LOOP('',(#1767));
#1767 = ORIENTED_EDGE('',*,*,#1768,.T.);
#1768 = EDGE_CURVE('',#1769,#1769,#1771,.T.);
#1769 = VERTEX_POINT('',#1770);
#1770 = CARTESIAN_POINT('',(94.13,-110.94,1.51));
#1771 = CIRCLE('',#1772,0.5);
#1772 = AXIS2_PLACEMENT_3D('',#1773,#1774,#1775);
#1773 = CARTESIAN_POINT('',(94.13,-110.44,1.51));
#1774 = DIRECTION('',(-0.,0.,-1.));
#1775 = DIRECTION('',(-0.,-1.,0.));
#1776 = FACE_BOUND('',#1777,.T.);
#1777 = EDGE_LOOP('',(#1778));
#1778 = ORIENTED_EDGE('',*,*,#1779,.T.);
#1779 = EDGE_CURVE('',#1780,#1780,#1782,.T.);
#1780 = VERTEX_POINT('',#1781);
#1781 = CARTESIAN_POINT('',(105.22,-114.66,1.51));
#1782 = CIRCLE('',#1783,0.5);
#1783 = AXIS2_PLACEMENT_3D('',#1784,#1785,#1786);
#1784 = CARTESIAN_POINT('',(105.22,-114.16,1.51));
#1785 = DIRECTION('',(-0.,0.,-1.));
#1786 = DIRECTION('',(-0.,-1.,0.));
#1787 = FACE_BOUND('',#1788,.T.);
#1788 = EDGE_LOOP('',(#1789));
#1789 = ORIENTED_EDGE('',*,*,#1790,.T.);
#1790 = EDGE_CURVE('',#1791,#1791,#1793,.T.);
#1791 = VERTEX_POINT('',#1792);
#1792 = CARTESIAN_POINT('',(105.22,-112.12,1.51));
#1793 = CIRCLE('',#1794,0.5);
#1794 = AXIS2_PLACEMENT_3D('',#1795,#1796,#1797);
#1795 = CARTESIAN_POINT('',(105.22,-111.62,1.51));
#1796 = DIRECTION('',(-0.,0.,-1.));
#1797 = DIRECTION('',(-0.,-1.,0.));
#1798 = FACE_BOUND('',#1799,.T.);
#1799 = EDGE_LOOP('',(#1800));
#1800 = ORIENTED_EDGE('',*,*,#1801,.T.);
#1801 = EDGE_CURVE('',#1802,#1802,#1804,.T.);
#1802 = VERTEX_POINT('',#1803);
#1803 = CARTESIAN_POINT('',(94.13,-108.4,1.51));
#1804 = CIRCLE('',#1805,0.5);
#1805 = AXIS2_PLACEMENT_3D('',#1806,#1807,#1808);
#1806 = CARTESIAN_POINT('',(94.13,-107.9,1.51));
#1807 = DIRECTION('',(-0.,0.,-1.));
#1808 = DIRECTION('',(-0.,-1.,0.));
#1809 = FACE_BOUND('',#1810,.T.);
#1810 = EDGE_LOOP('',(#1811));
#1811 = ORIENTED_EDGE('',*,*,#1812,.T.);
#1812 = EDGE_CURVE('',#1813,#1813,#1815,.T.);
#1813 = VERTEX_POINT('',#1814);
#1814 = CARTESIAN_POINT('',(94.13,-105.86,1.51));
#1815 = CIRCLE('',#1816,0.5);
#1816 = AXIS2_PLACEMENT_3D('',#1817,#1818,#1819);
#1817 = CARTESIAN_POINT('',(94.13,-105.36,1.51));
#1818 = DIRECTION('',(-0.,0.,-1.));
#1819 = DIRECTION('',(-0.,-1.,0.));
#1820 = FACE_BOUND('',#1821,.T.);
#1821 = EDGE_LOOP('',(#1822));
#1822 = ORIENTED_EDGE('',*,*,#1823,.T.);
#1823 = EDGE_CURVE('',#1824,#1824,#1826,.T.);
#1824 = VERTEX_POINT('',#1825);
#1825 = CARTESIAN_POINT('',(105.22,-109.58,1.51));
#1826 = CIRCLE('',#1827,0.5);
#1827 = AXIS2_PLACEMENT_3D('',#1828,#1829,#1830);
#1828 = CARTESIAN_POINT('',(105.22,-109.08,1.51));
#1829 = DIRECTION('',(-0.,0.,-1.));
#1830 = DIRECTION('',(-0.,-1.,0.));
#1831 = FACE_BOUND('',#1832,.T.);
#1832 = EDGE_LOOP('',(#1833));
#1833 = ORIENTED_EDGE('',*,*,#1834,.T.);
#1834 = EDGE_CURVE('',#1835,#1835,#1837,.T.);
#1835 = VERTEX_POINT('',#1836);
#1836 = CARTESIAN_POINT('',(105.22,-107.04,1.51));
#1837 = CIRCLE('',#1838,0.5);
#1838 = AXIS2_PLACEMENT_3D('',#1839,#1840,#1841);
#1839 = CARTESIAN_POINT('',(105.22,-106.54,1.51));
#1840 = DIRECTION('',(-0.,0.,-1.));
#1841 = DIRECTION('',(-0.,-1.,0.));
#1842 = FACE_BOUND('',#1843,.T.);
#1843 = EDGE_LOOP('',(#1844));
#1844 = ORIENTED_EDGE('',*,*,#1845,.T.);
#1845 = EDGE_CURVE('',#1846,#1846,#1848,.T.);
#1846 = VERTEX_POINT('',#1847);
#1847 = CARTESIAN_POINT('',(123.,-119.74,1.51));
#1848 = CIRCLE('',#1849,0.5);
#1849 = AXIS2_PLACEMENT_3D('',#1850,#1851,#1852);
#1850 = CARTESIAN_POINT('',(123.,-119.24,1.51));
#1851 = DIRECTION('',(-0.,0.,-1.));
#1852 = DIRECTION('',(-0.,-1.,0.));
#1853 = FACE_BOUND('',#1854,.T.);
#1854 = EDGE_LOOP('',(#1855));
#1855 = ORIENTED_EDGE('',*,*,#1856,.T.);
#1856 = EDGE_CURVE('',#1857,#1857,#1859,.T.);
#1857 = VERTEX_POINT('',#1858);
#1858 = CARTESIAN_POINT('',(123.,-117.2,1.51));
#1859 = CIRCLE('',#1860,0.5);
#1860 = AXIS2_PLACEMENT_3D('',#1861,#1862,#1863);
#1861 = CARTESIAN_POINT('',(123.,-116.7,1.51));
#1862 = DIRECTION('',(-0.,0.,-1.));
#1863 = DIRECTION('',(-0.,-1.,0.));
#1864 = FACE_BOUND('',#1865,.T.);
#1865 = EDGE_LOOP('',(#1866));
#1866 = ORIENTED_EDGE('',*,*,#1867,.T.);
#1867 = EDGE_CURVE('',#1868,#1868,#1870,.T.);
#1868 = VERTEX_POINT('',#1869);
#1869 = CARTESIAN_POINT('',(123.,-114.66,1.51));
#1870 = CIRCLE('',#1871,0.5);
#1871 = AXIS2_PLACEMENT_3D('',#1872,#1873,#1874);
#1872 = CARTESIAN_POINT('',(123.,-114.16,1.51));
#1873 = DIRECTION('',(-0.,0.,-1.));
#1874 = DIRECTION('',(-0.,-1.,0.));
#1875 = FACE_BOUND('',#1876,.T.);
#1876 = EDGE_LOOP('',(#1877));
#1877 = ORIENTED_EDGE('',*,*,#1878,.T.);
#1878 = EDGE_CURVE('',#1879,#1879,#1881,.T.);
#1879 = VERTEX_POINT('',#1880);
#1880 = CARTESIAN_POINT('',(123.,-112.12,1.51));
#1881 = CIRCLE('',#1882,0.5);
#1882 = AXIS2_PLACEMENT_3D('',#1883,#1884,#1885);
#1883 = CARTESIAN_POINT('',(123.,-111.62,1.51));
#1884 = DIRECTION('',(-0.,0.,-1.));
#1885 = DIRECTION('',(-0.,-1.,0.));
#1886 = FACE_BOUND('',#1887,.T.);
#1887 = EDGE_LOOP('',(#1888));
#1888 = ORIENTED_EDGE('',*,*,#1889,.T.);
#1889 = EDGE_CURVE('',#1890,#1890,#1892,.T.);
#1890 = VERTEX_POINT('',#1891);
#1891 = CARTESIAN_POINT('',(123.,-109.58,1.51));
#1892 = CIRCLE('',#1893,0.5);
#1893 = AXIS2_PLACEMENT_3D('',#1894,#1895,#1896);
#1894 = CARTESIAN_POINT('',(123.,-109.08,1.51));
#1895 = DIRECTION('',(-0.,0.,-1.));
#1896 = DIRECTION('',(-0.,-1.,0.));
#1897 = FACE_BOUND('',#1898,.T.);
#1898 = EDGE_LOOP('',(#1899));
#1899 = ORIENTED_EDGE('',*,*,#1900,.T.);
#1900 = EDGE_CURVE('',#1901,#1901,#1903,.T.);
#1901 = VERTEX_POINT('',#1902);
#1902 = CARTESIAN_POINT('',(123.,-107.04,1.51));
#1903 = CIRCLE('',#1904,0.5);
#1904 = AXIS2_PLACEMENT_3D('',#1905,#1906,#1907);
#1905 = CARTESIAN_POINT('',(123.,-106.54,1.51));
#1906 = DIRECTION('',(-0.,0.,-1.));
#1907 = DIRECTION('',(-0.,-1.,0.));
#1908 = FACE_BOUND('',#1909,.T.);
#1909 = EDGE_LOOP('',(#1910));
#1910 = ORIENTED_EDGE('',*,*,#1911,.T.);
#1911 = EDGE_CURVE('',#1912,#1912,#1914,.T.);
#1912 = VERTEX_POINT('',#1913);
#1913 = CARTESIAN_POINT('',(147.75,-133.,1.51));
#1914 = CIRCLE('',#1915,0.5);
#1915 = AXIS2_PLACEMENT_3D('',#1916,#1917,#1918);
#1916 = CARTESIAN_POINT('',(147.75,-132.5,1.51));
#1917 = DIRECTION('',(-0.,0.,-1.));
#1918 = DIRECTION('',(-0.,-1.,0.));
#1919 = FACE_BOUND('',#1920,.T.);
#1920 = EDGE_LOOP('',(#1921));
#1921 = ORIENTED_EDGE('',*,*,#1922,.T.);
#1922 = EDGE_CURVE('',#1923,#1923,#1925,.T.);
#1923 = VERTEX_POINT('',#1924);
#1924 = CARTESIAN_POINT('',(151.25,-133.,1.51));
#1925 = CIRCLE('',#1926,0.5);
#1926 = AXIS2_PLACEMENT_3D('',#1927,#1928,#1929);
#1927 = CARTESIAN_POINT('',(151.25,-132.5,1.51));
#1928 = DIRECTION('',(-0.,0.,-1.));
#1929 = DIRECTION('',(-0.,-1.,0.));
#1930 = FACE_BOUND('',#1931,.T.);
#1931 = EDGE_LOOP('',(#1932));
#1932 = ORIENTED_EDGE('',*,*,#1933,.T.);
#1933 = EDGE_CURVE('',#1934,#1934,#1936,.T.);
#1934 = VERTEX_POINT('',#1935);
#1935 = CARTESIAN_POINT('',(212.668,-145.3595,1.51));
#1936 = CIRCLE('',#1937,0.4445);
#1937 = AXIS2_PLACEMENT_3D('',#1938,#1939,#1940);
#1938 = CARTESIAN_POINT('',(212.668,-144.915,1.51));
#1939 = DIRECTION('',(-0.,0.,-1.));
#1940 = DIRECTION('',(-0.,-1.,0.));
#1941 = FACE_BOUND('',#1942,.T.);
#1942 = EDGE_LOOP('',(#1943));
#1943 = ORIENTED_EDGE('',*,*,#1944,.T.);
#1944 = EDGE_CURVE('',#1945,#1945,#1947,.T.);
#1945 = VERTEX_POINT('',#1946);
#1946 = CARTESIAN_POINT('',(215.208,-145.3595,1.51));
#1947 = CIRCLE('',#1948,0.4445);
#1948 = AXIS2_PLACEMENT_3D('',#1949,#1950,#1951);
#1949 = CARTESIAN_POINT('',(215.208,-144.915,1.51));
#1950 = DIRECTION('',(-0.,0.,-1.));
#1951 = DIRECTION('',(-0.,-1.,0.));
#1952 = FACE_BOUND('',#1953,.T.);
#1953 = EDGE_LOOP('',(#1954));
#1954 = ORIENTED_EDGE('',*,*,#1955,.T.);
#1955 = EDGE_CURVE('',#1956,#1956,#1958,.T.);
#1956 = VERTEX_POINT('',#1957);
#1957 = CARTESIAN_POINT('',(217.748,-145.3595,1.51));
#1958 = CIRCLE('',#1959,0.4445);
#1959 = AXIS2_PLACEMENT_3D('',#1960,#1961,#1962);
#1960 = CARTESIAN_POINT('',(217.748,-144.915,1.51));
#1961 = DIRECTION('',(-0.,0.,-1.));
#1962 = DIRECTION('',(-0.,-1.,0.));
#1963 = FACE_BOUND('',#1964,.T.);
#1964 = EDGE_LOOP('',(#1965));
#1965 = ORIENTED_EDGE('',*,*,#1966,.T.);
#1966 = EDGE_CURVE('',#1967,#1967,#1969,.T.);
#1967 = VERTEX_POINT('',#1968);
#1968 = CARTESIAN_POINT('',(208.748,-141.8635,1.51));
#1969 = CIRCLE('',#1970,0.6985);
#1970 = AXIS2_PLACEMENT_3D('',#1971,#1972,#1973);
#1971 = CARTESIAN_POINT('',(208.748,-141.165,1.51));
#1972 = DIRECTION('',(-0.,0.,-1.));
#1973 = DIRECTION('',(-0.,-1.,0.));
#1974 = FACE_BOUND('',#1975,.T.);
#1975 = EDGE_LOOP('',(#1976));
#1976 = ORIENTED_EDGE('',*,*,#1977,.T.);
#1977 = EDGE_CURVE('',#1978,#1978,#1980,.T.);
#1978 = VERTEX_POINT('',#1979);
#1979 = CARTESIAN_POINT('',(206.248,-139.1095,1.51));
#1980 = CIRCLE('',#1981,0.4445);
#1981 = AXIS2_PLACEMENT_3D('',#1982,#1983,#1984);
#1982 = CARTESIAN_POINT('',(206.248,-138.665,1.51));
#1983 = DIRECTION('',(-0.,0.,-1.));
#1984 = DIRECTION('',(-0.,-1.,0.));
#1985 = FACE_BOUND('',#1986,.T.);
#1986 = EDGE_LOOP('',(#1987));
#1987 = ORIENTED_EDGE('',*,*,#1988,.T.);
#1988 = EDGE_CURVE('',#1989,#1989,#1991,.T.);
#1989 = VERTEX_POINT('',#1990);
#1990 = CARTESIAN_POINT('',(221.498,-141.8635,1.51));
#1991 = CIRCLE('',#1992,0.6985);
#1992 = AXIS2_PLACEMENT_3D('',#1993,#1994,#1995);
#1993 = CARTESIAN_POINT('',(221.498,-141.165,1.51));
#1994 = DIRECTION('',(-0.,0.,-1.));
#1995 = DIRECTION('',(-0.,-1.,0.));
#1996 = FACE_BOUND('',#1997,.T.);
#1997 = EDGE_LOOP('',(#1998));
#1998 = ORIENTED_EDGE('',*,*,#1999,.T.);
#1999 = EDGE_CURVE('',#2000,#2000,#2002,.T.);
#2000 = VERTEX_POINT('',#2001);
#2001 = CARTESIAN_POINT('',(197.63,-128.6,1.51));
#2002 = CIRCLE('',#2003,1.6);
#2003 = AXIS2_PLACEMENT_3D('',#2004,#2005,#2006);
#2004 = CARTESIAN_POINT('',(197.63,-127.,1.51));
#2005 = DIRECTION('',(-0.,0.,-1.));
#2006 = DIRECTION('',(-0.,-1.,0.));
#2007 = FACE_BOUND('',#2008,.T.);
#2008 = EDGE_LOOP('',(#2009));
#2009 = ORIENTED_EDGE('',*,*,#2010,.T.);
#2010 = EDGE_CURVE('',#2011,#2011,#2013,.T.);
#2011 = VERTEX_POINT('',#2012);
#2012 = CARTESIAN_POINT('',(206.248,-136.5695,1.51));
#2013 = CIRCLE('',#2014,0.4445);
#2014 = AXIS2_PLACEMENT_3D('',#2015,#2016,#2017);
#2015 = CARTESIAN_POINT('',(206.248,-136.125,1.51));
#2016 = DIRECTION('',(-0.,0.,-1.));
#2017 = DIRECTION('',(-0.,-1.,0.));
#2018 = FACE_BOUND('',#2019,.T.);
#2019 = EDGE_LOOP('',(#2020));
#2020 = ORIENTED_EDGE('',*,*,#2021,.T.);
#2021 = EDGE_CURVE('',#2022,#2022,#2024,.T.);
#2022 = VERTEX_POINT('',#2023);
#2023 = CARTESIAN_POINT('',(206.248,-134.0295,1.51));
#2024 = CIRCLE('',#2025,0.4445);
#2025 = AXIS2_PLACEMENT_3D('',#2026,#2027,#2028);
#2026 = CARTESIAN_POINT('',(206.248,-133.585,1.51));
#2027 = DIRECTION('',(-0.,0.,-1.));
#2028 = DIRECTION('',(-0.,-1.,0.));
#2029 = FACE_BOUND('',#2030,.T.);
#2030 = EDGE_LOOP('',(#2031));
#2031 = ORIENTED_EDGE('',*,*,#2032,.T.);
#2032 = EDGE_CURVE('',#2033,#2033,#2035,.T.);
#2033 = VERTEX_POINT('',#2034);
#2034 = CARTESIAN_POINT('',(208.748,-131.8635,1.51));
#2035 = CIRCLE('',#2036,0.6985);
#2036 = AXIS2_PLACEMENT_3D('',#2037,#2038,#2039);
#2037 = CARTESIAN_POINT('',(208.748,-131.165,1.51));
#2038 = DIRECTION('',(-0.,0.,-1.));
#2039 = DIRECTION('',(-0.,-1.,0.));
#2040 = FACE_BOUND('',#2041,.T.);
#2041 = EDGE_LOOP('',(#2042));
#2042 = ORIENTED_EDGE('',*,*,#2043,.T.);
#2043 = EDGE_CURVE('',#2044,#2044,#2046,.T.);
#2044 = VERTEX_POINT('',#2045);
#2045 = CARTESIAN_POINT('',(211.898,-130.615,1.51));
#2046 = CIRCLE('',#2047,0.45);
#2047 = AXIS2_PLACEMENT_3D('',#2048,#2049,#2050);
#2048 = CARTESIAN_POINT('',(211.898,-130.165,1.51));
#2049 = DIRECTION('',(-0.,0.,-1.));
#2050 = DIRECTION('',(-6.315935428979E-14,-1.,0.));
#2051 = FACE_BOUND('',#2052,.T.);
#2052 = EDGE_LOOP('',(#2053));
#2053 = ORIENTED_EDGE('',*,*,#2054,.T.);
#2054 = EDGE_CURVE('',#2055,#2055,#2057,.T.);
#2055 = VERTEX_POINT('',#2056);
#2056 = CARTESIAN_POINT('',(221.498,-131.8635,1.51));
#2057 = CIRCLE('',#2058,0.6985);
#2058 = AXIS2_PLACEMENT_3D('',#2059,#2060,#2061);
#2059 = CARTESIAN_POINT('',(221.498,-131.165,1.51));
#2060 = DIRECTION('',(-0.,0.,-1.));
#2061 = DIRECTION('',(-0.,-1.,0.));
#2062 = FACE_BOUND('',#2063,.T.);
#2063 = EDGE_LOOP('',(#2064));
#2064 = ORIENTED_EDGE('',*,*,#2065,.T.);
#2065 = EDGE_CURVE('',#2066,#2066,#2068,.T.);
#2066 = VERTEX_POINT('',#2067);
#2067 = CARTESIAN_POINT('',(218.248,-130.615,1.51));
#2068 = CIRCLE('',#2069,0.45);
#2069 = AXIS2_PLACEMENT_3D('',#2070,#2071,#2072);
#2070 = CARTESIAN_POINT('',(218.248,-130.165,1.51));
#2071 = DIRECTION('',(-0.,0.,-1.));
#2072 = DIRECTION('',(-0.,-1.,0.));
#2073 = FACE_BOUND('',#2074,.T.);
#2074 = EDGE_LOOP('',(#2075));
#2075 = ORIENTED_EDGE('',*,*,#2076,.T.);
#2076 = EDGE_CURVE('',#2077,#2077,#2079,.T.);
#2077 = VERTEX_POINT('',#2078);
#2078 = CARTESIAN_POINT('',(211.898,-126.015,1.51));
#2079 = CIRCLE('',#2080,0.45);
#2080 = AXIS2_PLACEMENT_3D('',#2081,#2082,#2083);
#2081 = CARTESIAN_POINT('',(211.898,-125.565,1.51));
#2082 = DIRECTION('',(-0.,0.,-1.));
#2083 = DIRECTION('',(-6.315935428979E-14,-1.,0.));
#2084 = FACE_BOUND('',#2085,.T.);
#2085 = EDGE_LOOP('',(#2086));
#2086 = ORIENTED_EDGE('',*,*,#2087,.T.);
#2087 = EDGE_CURVE('',#2088,#2088,#2090,.T.);
#2088 = VERTEX_POINT('',#2089);
#2089 = CARTESIAN_POINT('',(218.248,-126.015,1.51));
#2090 = CIRCLE('',#2091,0.45);
#2091 = AXIS2_PLACEMENT_3D('',#2092,#2093,#2094);
#2092 = CARTESIAN_POINT('',(218.248,-125.565,1.51));
#2093 = DIRECTION('',(-0.,0.,-1.));
#2094 = DIRECTION('',(-0.,-1.,0.));
#2095 = FACE_BOUND('',#2096,.T.);
#2096 = EDGE_LOOP('',(#2097));
#2097 = ORIENTED_EDGE('',*,*,#2098,.T.);
#2098 = EDGE_CURVE('',#2099,#2099,#2101,.T.);
#2099 = VERTEX_POINT('',#2100);
#2100 = CARTESIAN_POINT('',(71.04,-102.9845,1.51));
#2101 = CIRCLE('',#2102,0.4445);
#2102 = AXIS2_PLACEMENT_3D('',#2103,#2104,#2105);
#2103 = CARTESIAN_POINT('',(71.04,-102.54,1.51));
#2104 = DIRECTION('',(-0.,0.,-1.));
#2105 = DIRECTION('',(3.197042680585E-14,-1.,-0.));
#2106 = FACE_BOUND('',#2107,.T.);
#2107 = EDGE_LOOP('',(#2108));
#2108 = ORIENTED_EDGE('',*,*,#2109,.T.);
#2109 = EDGE_CURVE('',#2110,#2110,#2112,.T.);
#2110 = VERTEX_POINT('',#2111);
#2111 = CARTESIAN_POINT('',(71.04,-100.4445,1.51));
#2112 = CIRCLE('',#2113,0.4445);
#2113 = AXIS2_PLACEMENT_3D('',#2114,#2115,#2116);
#2114 = CARTESIAN_POINT('',(71.04,-100.,1.51));
#2115 = DIRECTION('',(-0.,0.,-1.));
#2116 = DIRECTION('',(3.197042680585E-14,-1.,-0.));
#2117 = FACE_BOUND('',#2118,.T.);
#2118 = EDGE_LOOP('',(#2119));
#2119 = ORIENTED_EDGE('',*,*,#2120,.T.);
#2120 = EDGE_CURVE('',#2121,#2121,#2123,.T.);
#2121 = VERTEX_POINT('',#2122);
#2122 = CARTESIAN_POINT('',(71.04,-97.9045,1.51));
#2123 = CIRCLE('',#2124,0.4445);
#2124 = AXIS2_PLACEMENT_3D('',#2125,#2126,#2127);
#2125 = CARTESIAN_POINT('',(71.04,-97.46,1.51));
#2126 = DIRECTION('',(-0.,0.,-1.));
#2127 = DIRECTION('',(3.197042680585E-14,-1.,-0.));
#2128 = FACE_BOUND('',#2129,.T.);
#2129 = EDGE_LOOP('',(#2130));
#2130 = ORIENTED_EDGE('',*,*,#2131,.T.);
#2131 = EDGE_CURVE('',#2132,#2132,#2134,.T.);
#2132 = VERTEX_POINT('',#2133);
#2133 = CARTESIAN_POINT('',(73.54,-95.7385,1.51));
#2134 = CIRCLE('',#2135,0.6985);
#2135 = AXIS2_PLACEMENT_3D('',#2136,#2137,#2138);
#2136 = CARTESIAN_POINT('',(73.54,-95.04,1.51));
#2137 = DIRECTION('',(-0.,0.,-1.));
#2138 = DIRECTION('',(2.034481705827E-14,-1.,-0.));
#2139 = FACE_BOUND('',#2140,.T.);
#2140 = EDGE_LOOP('',(#2141));
#2141 = ORIENTED_EDGE('',*,*,#2142,.T.);
#2142 = EDGE_CURVE('',#2143,#2143,#2145,.T.);
#2143 = VERTEX_POINT('',#2144);
#2144 = CARTESIAN_POINT('',(76.69,-94.49,1.51));
#2145 = CIRCLE('',#2146,0.45);
#2146 = AXIS2_PLACEMENT_3D('',#2147,#2148,#2149);
#2147 = CARTESIAN_POINT('',(76.69,-94.04,1.51));
#2148 = DIRECTION('',(-0.,0.,-1.));
#2149 = DIRECTION('',(-0.,-1.,0.));
#2150 = FACE_BOUND('',#2151,.T.);
#2151 = EDGE_LOOP('',(#2152));
#2152 = ORIENTED_EDGE('',*,*,#2153,.T.);
#2153 = EDGE_CURVE('',#2154,#2154,#2156,.T.);
#2154 = VERTEX_POINT('',#2155);
#2155 = CARTESIAN_POINT('',(83.04,-94.49,1.51));
#2156 = CIRCLE('',#2157,0.45);
#2157 = AXIS2_PLACEMENT_3D('',#2158,#2159,#2160);
#2158 = CARTESIAN_POINT('',(83.04,-94.04,1.51));
#2159 = DIRECTION('',(-0.,0.,-1.));
#2160 = DIRECTION('',(3.157967714489E-14,-1.,-0.));
#2161 = FACE_BOUND('',#2162,.T.);
#2162 = EDGE_LOOP('',(#2163));
#2163 = ORIENTED_EDGE('',*,*,#2164,.T.);
#2164 = EDGE_CURVE('',#2165,#2165,#2167,.T.);
#2165 = VERTEX_POINT('',#2166);
#2166 = CARTESIAN_POINT('',(86.29,-95.7385,1.51));
#2167 = CIRCLE('',#2168,0.6985);
#2168 = AXIS2_PLACEMENT_3D('',#2169,#2170,#2171);
#2169 = CARTESIAN_POINT('',(86.29,-95.04,1.51));
#2170 = DIRECTION('',(-0.,0.,-1.));
#2171 = DIRECTION('',(2.034481705827E-14,-1.,-0.));
#2172 = FACE_BOUND('',#2173,.T.);
#2173 = EDGE_LOOP('',(#2174));
#2174 = ORIENTED_EDGE('',*,*,#2175,.T.);
#2175 = EDGE_CURVE('',#2176,#2176,#2178,.T.);
#2176 = VERTEX_POINT('',#2177);
#2177 = CARTESIAN_POINT('',(94.13,-103.32,1.51));
#2178 = CIRCLE('',#2179,0.5);
#2179 = AXIS2_PLACEMENT_3D('',#2180,#2181,#2182);
#2180 = CARTESIAN_POINT('',(94.13,-102.82,1.51));
#2181 = DIRECTION('',(-0.,0.,-1.));
#2182 = DIRECTION('',(-0.,-1.,0.));
#2183 = FACE_BOUND('',#2184,.T.);
#2184 = EDGE_LOOP('',(#2185));
#2185 = ORIENTED_EDGE('',*,*,#2186,.T.);
#2186 = EDGE_CURVE('',#2187,#2187,#2189,.T.);
#2187 = VERTEX_POINT('',#2188);
#2188 = CARTESIAN_POINT('',(94.13,-100.78,1.51));
#2189 = CIRCLE('',#2190,0.5);
#2190 = AXIS2_PLACEMENT_3D('',#2191,#2192,#2193);
#2191 = CARTESIAN_POINT('',(94.13,-100.28,1.51));
#2192 = DIRECTION('',(-0.,0.,-1.));
#2193 = DIRECTION('',(-0.,-1.,0.));
#2194 = FACE_BOUND('',#2195,.T.);
#2195 = EDGE_LOOP('',(#2196));
#2196 = ORIENTED_EDGE('',*,*,#2197,.T.);
#2197 = EDGE_CURVE('',#2198,#2198,#2200,.T.);
#2198 = VERTEX_POINT('',#2199);
#2199 = CARTESIAN_POINT('',(105.22,-104.5,1.51));
#2200 = CIRCLE('',#2201,0.5);
#2201 = AXIS2_PLACEMENT_3D('',#2202,#2203,#2204);
#2202 = CARTESIAN_POINT('',(105.22,-104.,1.51));
#2203 = DIRECTION('',(-0.,0.,-1.));
#2204 = DIRECTION('',(-0.,-1.,0.));
#2205 = FACE_BOUND('',#2206,.T.);
#2206 = EDGE_LOOP('',(#2207));
#2207 = ORIENTED_EDGE('',*,*,#2208,.T.);
#2208 = EDGE_CURVE('',#2209,#2209,#2211,.T.);
#2209 = VERTEX_POINT('',#2210);
#2210 = CARTESIAN_POINT('',(105.22,-101.96,1.51));
#2211 = CIRCLE('',#2212,0.5);
#2212 = AXIS2_PLACEMENT_3D('',#2213,#2214,#2215);
#2213 = CARTESIAN_POINT('',(105.22,-101.46,1.51));
#2214 = DIRECTION('',(-0.,0.,-1.));
#2215 = DIRECTION('',(-0.,-1.,0.));
#2216 = FACE_BOUND('',#2217,.T.);
#2217 = EDGE_LOOP('',(#2218));
#2218 = ORIENTED_EDGE('',*,*,#2219,.T.);
#2219 = EDGE_CURVE('',#2220,#2220,#2222,.T.);
#2220 = VERTEX_POINT('',#2221);
#2221 = CARTESIAN_POINT('',(94.13,-98.24,1.51));
#2222 = CIRCLE('',#2223,0.5);
#2223 = AXIS2_PLACEMENT_3D('',#2224,#2225,#2226);
#2224 = CARTESIAN_POINT('',(94.13,-97.74,1.51));
#2225 = DIRECTION('',(-0.,0.,-1.));
#2226 = DIRECTION('',(-0.,-1.,0.));
#2227 = FACE_BOUND('',#2228,.T.);
#2228 = EDGE_LOOP('',(#2229));
#2229 = ORIENTED_EDGE('',*,*,#2230,.T.);
#2230 = EDGE_CURVE('',#2231,#2231,#2233,.T.);
#2231 = VERTEX_POINT('',#2232);
#2232 = CARTESIAN_POINT('',(94.13,-95.7,1.51));
#2233 = CIRCLE('',#2234,0.5);
#2234 = AXIS2_PLACEMENT_3D('',#2235,#2236,#2237);
#2235 = CARTESIAN_POINT('',(94.13,-95.2,1.51));
#2236 = DIRECTION('',(-0.,0.,-1.));
#2237 = DIRECTION('',(-0.,-1.,0.));
#2238 = FACE_BOUND('',#2239,.T.);
#2239 = EDGE_LOOP('',(#2240));
#2240 = ORIENTED_EDGE('',*,*,#2241,.T.);
#2241 = EDGE_CURVE('',#2242,#2242,#2244,.T.);
#2242 = VERTEX_POINT('',#2243);
#2243 = CARTESIAN_POINT('',(105.22,-99.42,1.51));
#2244 = CIRCLE('',#2245,0.5);
#2245 = AXIS2_PLACEMENT_3D('',#2246,#2247,#2248);
#2246 = CARTESIAN_POINT('',(105.22,-98.92,1.51));
#2247 = DIRECTION('',(-0.,0.,-1.));
#2248 = DIRECTION('',(-0.,-1.,0.));
#2249 = FACE_BOUND('',#2250,.T.);
#2250 = EDGE_LOOP('',(#2251));
#2251 = ORIENTED_EDGE('',*,*,#2252,.T.);
#2252 = EDGE_CURVE('',#2253,#2253,#2255,.T.);
#2253 = VERTEX_POINT('',#2254);
#2254 = CARTESIAN_POINT('',(105.22,-96.88,1.51));
#2255 = CIRCLE('',#2256,0.5);
#2256 = AXIS2_PLACEMENT_3D('',#2257,#2258,#2259);
#2257 = CARTESIAN_POINT('',(105.22,-96.38,1.51));
#2258 = DIRECTION('',(-0.,0.,-1.));
#2259 = DIRECTION('',(-0.,-1.,0.));
#2260 = FACE_BOUND('',#2261,.T.);
#2261 = EDGE_LOOP('',(#2262));
#2262 = ORIENTED_EDGE('',*,*,#2263,.T.);
#2263 = EDGE_CURVE('',#2264,#2264,#2266,.T.);
#2264 = VERTEX_POINT('',#2265);
#2265 = CARTESIAN_POINT('',(105.22,-94.34,1.51));
#2266 = CIRCLE('',#2267,0.5);
#2267 = AXIS2_PLACEMENT_3D('',#2268,#2269,#2270);
#2268 = CARTESIAN_POINT('',(105.22,-93.84,1.51));
#2269 = DIRECTION('',(-0.,0.,-1.));
#2270 = DIRECTION('',(-0.,-1.,0.));
#2271 = FACE_BOUND('',#2272,.T.);
#2272 = EDGE_LOOP('',(#2273));
#2273 = ORIENTED_EDGE('',*,*,#2274,.T.);
#2274 = EDGE_CURVE('',#2275,#2275,#2277,.T.);
#2275 = VERTEX_POINT('',#2276);
#2276 = CARTESIAN_POINT('',(76.69,-89.89,1.51));
#2277 = CIRCLE('',#2278,0.45);
#2278 = AXIS2_PLACEMENT_3D('',#2279,#2280,#2281);
#2279 = CARTESIAN_POINT('',(76.69,-89.44,1.51));
#2280 = DIRECTION('',(-0.,0.,-1.));
#2281 = DIRECTION('',(-0.,-1.,0.));
#2282 = FACE_BOUND('',#2283,.T.);
#2283 = EDGE_LOOP('',(#2284));
#2284 = ORIENTED_EDGE('',*,*,#2285,.T.);
#2285 = EDGE_CURVE('',#2286,#2286,#2288,.T.);
#2286 = VERTEX_POINT('',#2287);
#2287 = CARTESIAN_POINT('',(83.04,-89.89,1.51));
#2288 = CIRCLE('',#2289,0.45);
#2289 = AXIS2_PLACEMENT_3D('',#2290,#2291,#2292);
#2290 = CARTESIAN_POINT('',(83.04,-89.44,1.51));
#2291 = DIRECTION('',(-0.,0.,-1.));
#2292 = DIRECTION('',(3.157967714489E-14,-1.,-0.));
#2293 = FACE_BOUND('',#2294,.T.);
#2294 = EDGE_LOOP('',(#2295));
#2295 = ORIENTED_EDGE('',*,*,#2296,.T.);
#2296 = EDGE_CURVE('',#2297,#2297,#2299,.T.);
#2297 = VERTEX_POINT('',#2298);
#2298 = CARTESIAN_POINT('',(94.13,-93.16,1.51));
#2299 = CIRCLE('',#2300,0.5);
#2300 = AXIS2_PLACEMENT_3D('',#2301,#2302,#2303);
#2301 = CARTESIAN_POINT('',(94.13,-92.66,1.51));
#2302 = DIRECTION('',(-0.,0.,-1.));
#2303 = DIRECTION('',(-0.,-1.,0.));
#2304 = FACE_BOUND('',#2305,.T.);
#2305 = EDGE_LOOP('',(#2306));
#2306 = ORIENTED_EDGE('',*,*,#2307,.T.);
#2307 = EDGE_CURVE('',#2308,#2308,#2310,.T.);
#2308 = VERTEX_POINT('',#2309);
#2309 = CARTESIAN_POINT('',(94.13,-90.62,1.51));
#2310 = CIRCLE('',#2311,0.5);
#2311 = AXIS2_PLACEMENT_3D('',#2312,#2313,#2314);
#2312 = CARTESIAN_POINT('',(94.13,-90.12,1.51));
#2313 = DIRECTION('',(-0.,0.,-1.));
#2314 = DIRECTION('',(-0.,-1.,0.));
#2315 = FACE_BOUND('',#2316,.T.);
#2316 = EDGE_LOOP('',(#2317));
#2317 = ORIENTED_EDGE('',*,*,#2318,.T.);
#2318 = EDGE_CURVE('',#2319,#2319,#2321,.T.);
#2319 = VERTEX_POINT('',#2320);
#2320 = CARTESIAN_POINT('',(105.22,-91.8,1.51));
#2321 = CIRCLE('',#2322,0.5);
#2322 = AXIS2_PLACEMENT_3D('',#2323,#2324,#2325);
#2323 = CARTESIAN_POINT('',(105.22,-91.3,1.51));
#2324 = DIRECTION('',(-0.,0.,-1.));
#2325 = DIRECTION('',(-0.,-1.,0.));
#2326 = FACE_BOUND('',#2327,.T.);
#2327 = EDGE_LOOP('',(#2328));
#2328 = ORIENTED_EDGE('',*,*,#2329,.T.);
#2329 = EDGE_CURVE('',#2330,#2330,#2332,.T.);
#2330 = VERTEX_POINT('',#2331);
#2331 = CARTESIAN_POINT('',(105.22,-89.26,1.51));
#2332 = CIRCLE('',#2333,0.5);
#2333 = AXIS2_PLACEMENT_3D('',#2334,#2335,#2336);
#2334 = CARTESIAN_POINT('',(105.22,-88.76,1.51));
#2335 = DIRECTION('',(-0.,0.,-1.));
#2336 = DIRECTION('',(-0.,-1.,0.));
#2337 = FACE_BOUND('',#2338,.T.);
#2338 = EDGE_LOOP('',(#2339));
#2339 = ORIENTED_EDGE('',*,*,#2340,.T.);
#2340 = EDGE_CURVE('',#2341,#2341,#2343,.T.);
#2341 = VERTEX_POINT('',#2342);
#2342 = CARTESIAN_POINT('',(94.13,-88.08,1.51));
#2343 = CIRCLE('',#2344,0.5);
#2344 = AXIS2_PLACEMENT_3D('',#2345,#2346,#2347);
#2345 = CARTESIAN_POINT('',(94.13,-87.58,1.51));
#2346 = DIRECTION('',(-0.,0.,-1.));
#2347 = DIRECTION('',(-0.,-1.,0.));
#2348 = FACE_BOUND('',#2349,.T.);
#2349 = EDGE_LOOP('',(#2350));
#2350 = ORIENTED_EDGE('',*,*,#2351,.T.);
#2351 = EDGE_CURVE('',#2352,#2352,#2354,.T.);
#2352 = VERTEX_POINT('',#2353);
#2353 = CARTESIAN_POINT('',(94.13,-85.54,1.51));
#2354 = CIRCLE('',#2355,0.5);
#2355 = AXIS2_PLACEMENT_3D('',#2356,#2357,#2358);
#2356 = CARTESIAN_POINT('',(94.13,-85.04,1.51));
#2357 = DIRECTION('',(-0.,0.,-1.));
#2358 = DIRECTION('',(-0.,-1.,0.));
#2359 = FACE_BOUND('',#2360,.T.);
#2360 = EDGE_LOOP('',(#2361));
#2361 = ORIENTED_EDGE('',*,*,#2362,.T.);
#2362 = EDGE_CURVE('',#2363,#2363,#2365,.T.);
#2363 = VERTEX_POINT('',#2364);
#2364 = CARTESIAN_POINT('',(105.22,-86.72,1.51));
#2365 = CIRCLE('',#2366,0.5);
#2366 = AXIS2_PLACEMENT_3D('',#2367,#2368,#2369);
#2367 = CARTESIAN_POINT('',(105.22,-86.22,1.51));
#2368 = DIRECTION('',(-0.,0.,-1.));
#2369 = DIRECTION('',(-0.,-1.,0.));
#2370 = FACE_BOUND('',#2371,.T.);
#2371 = EDGE_LOOP('',(#2372));
#2372 = ORIENTED_EDGE('',*,*,#2373,.T.);
#2373 = EDGE_CURVE('',#2374,#2374,#2376,.T.);
#2374 = VERTEX_POINT('',#2375);
#2375 = CARTESIAN_POINT('',(105.22,-84.18,1.51));
#2376 = CIRCLE('',#2377,0.5);
#2377 = AXIS2_PLACEMENT_3D('',#2378,#2379,#2380);
#2378 = CARTESIAN_POINT('',(105.22,-83.68,1.51));
#2379 = DIRECTION('',(-0.,0.,-1.));
#2380 = DIRECTION('',(-0.,-1.,0.));
#2381 = FACE_BOUND('',#2382,.T.);
#2382 = EDGE_LOOP('',(#2383));
#2383 = ORIENTED_EDGE('',*,*,#2384,.T.);
#2384 = EDGE_CURVE('',#2385,#2385,#2387,.T.);
#2385 = VERTEX_POINT('',#2386);
#2386 = CARTESIAN_POINT('',(123.,-104.5,1.51));
#2387 = CIRCLE('',#2388,0.5);
#2388 = AXIS2_PLACEMENT_3D('',#2389,#2390,#2391);
#2389 = CARTESIAN_POINT('',(123.,-104.,1.51));
#2390 = DIRECTION('',(-0.,0.,-1.));
#2391 = DIRECTION('',(-0.,-1.,0.));
#2392 = FACE_BOUND('',#2393,.T.);
#2393 = EDGE_LOOP('',(#2394));
#2394 = ORIENTED_EDGE('',*,*,#2395,.T.);
#2395 = EDGE_CURVE('',#2396,#2396,#2398,.T.);
#2396 = VERTEX_POINT('',#2397);
#2397 = CARTESIAN_POINT('',(123.,-101.96,1.51));
#2398 = CIRCLE('',#2399,0.5);
#2399 = AXIS2_PLACEMENT_3D('',#2400,#2401,#2402);
#2400 = CARTESIAN_POINT('',(123.,-101.46,1.51));
#2401 = DIRECTION('',(-0.,0.,-1.));
#2402 = DIRECTION('',(-0.,-1.,0.));
#2403 = FACE_BOUND('',#2404,.T.);
#2404 = EDGE_LOOP('',(#2405));
#2405 = ORIENTED_EDGE('',*,*,#2406,.T.);
#2406 = EDGE_CURVE('',#2407,#2407,#2409,.T.);
#2407 = VERTEX_POINT('',#2408);
#2408 = CARTESIAN_POINT('',(123.,-99.42,1.51));
#2409 = CIRCLE('',#2410,0.5);
#2410 = AXIS2_PLACEMENT_3D('',#2411,#2412,#2413);
#2411 = CARTESIAN_POINT('',(123.,-98.92,1.51));
#2412 = DIRECTION('',(-0.,0.,-1.));
#2413 = DIRECTION('',(-0.,-1.,0.));
#2414 = FACE_BOUND('',#2415,.T.);
#2415 = EDGE_LOOP('',(#2416));
#2416 = ORIENTED_EDGE('',*,*,#2417,.T.);
#2417 = EDGE_CURVE('',#2418,#2418,#2420,.T.);
#2418 = VERTEX_POINT('',#2419);
#2419 = CARTESIAN_POINT('',(123.,-96.88,1.51));
#2420 = CIRCLE('',#2421,0.5);
#2421 = AXIS2_PLACEMENT_3D('',#2422,#2423,#2424);
#2422 = CARTESIAN_POINT('',(123.,-96.38,1.51));
#2423 = DIRECTION('',(-0.,0.,-1.));
#2424 = DIRECTION('',(-0.,-1.,0.));
#2425 = FACE_BOUND('',#2426,.T.);
#2426 = EDGE_LOOP('',(#2427));
#2427 = ORIENTED_EDGE('',*,*,#2428,.T.);
#2428 = EDGE_CURVE('',#2429,#2429,#2431,.T.);
#2429 = VERTEX_POINT('',#2430);
#2430 = CARTESIAN_POINT('',(123.,-94.34,1.51));
#2431 = CIRCLE('',#2432,0.5);
#2432 = AXIS2_PLACEMENT_3D('',#2433,#2434,#2435);
#2433 = CARTESIAN_POINT('',(123.,-93.84,1.51));
#2434 = DIRECTION('',(-0.,0.,-1.));
#2435 = DIRECTION('',(-0.,-1.,0.));
#2436 = FACE_BOUND('',#2437,.T.);
#2437 = EDGE_LOOP('',(#2438));
#2438 = ORIENTED_EDGE('',*,*,#2439,.T.);
#2439 = EDGE_CURVE('',#2440,#2440,#2442,.T.);
#2440 = VERTEX_POINT('',#2441);
#2441 = CARTESIAN_POINT('',(123.,-91.8,1.51));
#2442 = CIRCLE('',#2443,0.5);
#2443 = AXIS2_PLACEMENT_3D('',#2444,#2445,#2446);
#2444 = CARTESIAN_POINT('',(123.,-91.3,1.51));
#2445 = DIRECTION('',(-0.,0.,-1.));
#2446 = DIRECTION('',(-0.,-1.,0.));
#2447 = FACE_BOUND('',#2448,.T.);
#2448 = EDGE_LOOP('',(#2449));
#2449 = ORIENTED_EDGE('',*,*,#2450,.T.);
#2450 = EDGE_CURVE('',#2451,#2451,#2453,.T.);
#2451 = VERTEX_POINT('',#2452);
#2452 = CARTESIAN_POINT('',(123.,-89.26,1.51));
#2453 = CIRCLE('',#2454,0.5);
#2454 = AXIS2_PLACEMENT_3D('',#2455,#2456,#2457);
#2455 = CARTESIAN_POINT('',(123.,-88.76,1.51));
#2456 = DIRECTION('',(-0.,0.,-1.));
#2457 = DIRECTION('',(-0.,-1.,0.));
#2458 = FACE_BOUND('',#2459,.T.);
#2459 = EDGE_LOOP('',(#2460));
#2460 = ORIENTED_EDGE('',*,*,#2461,.T.);
#2461 = EDGE_CURVE('',#2462,#2462,#2464,.T.);
#2462 = VERTEX_POINT('',#2463);
#2463 = CARTESIAN_POINT('',(123.,-86.72,1.51));
#2464 = CIRCLE('',#2465,0.5);
#2465 = AXIS2_PLACEMENT_3D('',#2466,#2467,#2468);
#2466 = CARTESIAN_POINT('',(123.,-86.22,1.51));
#2467 = DIRECTION('',(-0.,0.,-1.));
#2468 = DIRECTION('',(-0.,-1.,0.));
#2469 = FACE_BOUND('',#2470,.T.);
#2470 = EDGE_LOOP('',(#2471));
#2471 = ORIENTED_EDGE('',*,*,#2472,.T.);
#2472 = EDGE_CURVE('',#2473,#2473,#2475,.T.);
#2473 = VERTEX_POINT('',#2474);
#2474 = CARTESIAN_POINT('',(123.,-84.18,1.51));
#2475 = CIRCLE('',#2476,0.5);
#2476 = AXIS2_PLACEMENT_3D('',#2477,#2478,#2479);
#2477 = CARTESIAN_POINT('',(123.,-83.68,1.51));
#2478 = DIRECTION('',(-0.,0.,-1.));
#2479 = DIRECTION('',(-0.,-1.,0.));
#2480 = FACE_BOUND('',#2481,.T.);
#2481 = EDGE_LOOP('',(#2482));
#2482 = ORIENTED_EDGE('',*,*,#2483,.T.);
#2483 = EDGE_CURVE('',#2484,#2484,#2486,.T.);
#2484 = VERTEX_POINT('',#2485);
#2485 = CARTESIAN_POINT('',(79.375,-75.205,1.51));
#2486 = CIRCLE('',#2487,0.25);
#2487 = AXIS2_PLACEMENT_3D('',#2488,#2489,#2490);
#2488 = CARTESIAN_POINT('',(79.375,-74.955,1.51));
#2489 = DIRECTION('',(-0.,0.,-1.));
#2490 = DIRECTION('',(-0.,-1.,0.));
#2491 = FACE_BOUND('',#2492,.T.);
#2492 = EDGE_LOOP('',(#2493));
#2493 = ORIENTED_EDGE('',*,*,#2494,.T.);
#2494 = EDGE_CURVE('',#2495,#2495,#2497,.T.);
#2495 = VERTEX_POINT('',#2496);
#2496 = CARTESIAN_POINT('',(80.625,-75.205,1.51));
#2497 = CIRCLE('',#2498,0.25);
#2498 = AXIS2_PLACEMENT_3D('',#2499,#2500,#2501);
#2499 = CARTESIAN_POINT('',(80.625,-74.955,1.51));
#2500 = DIRECTION('',(-0.,0.,-1.));
#2501 = DIRECTION('',(-0.,-1.,0.));
#2502 = FACE_BOUND('',#2503,.T.);
#2503 = EDGE_LOOP('',(#2504));
#2504 = ORIENTED_EDGE('',*,*,#2505,.T.);
#2505 = EDGE_CURVE('',#2506,#2506,#2508,.T.);
#2506 = VERTEX_POINT('',#2507);
#2507 = CARTESIAN_POINT('',(94.13,-83.,1.51));
#2508 = CIRCLE('',#2509,0.5);
#2509 = AXIS2_PLACEMENT_3D('',#2510,#2511,#2512);
#2510 = CARTESIAN_POINT('',(94.13,-82.5,1.51));
#2511 = DIRECTION('',(-0.,0.,-1.));
#2512 = DIRECTION('',(-0.,-1.,0.));
#2513 = FACE_BOUND('',#2514,.T.);
#2514 = EDGE_LOOP('',(#2515));
#2515 = ORIENTED_EDGE('',*,*,#2516,.T.);
#2516 = EDGE_CURVE('',#2517,#2517,#2519,.T.);
#2517 = VERTEX_POINT('',#2518);
#2518 = CARTESIAN_POINT('',(105.22,-81.64,1.51));
#2519 = CIRCLE('',#2520,0.5);
#2520 = AXIS2_PLACEMENT_3D('',#2521,#2522,#2523);
#2521 = CARTESIAN_POINT('',(105.22,-81.14,1.51));
#2522 = DIRECTION('',(-0.,0.,-1.));
#2523 = DIRECTION('',(-0.,-1.,0.));
#2524 = FACE_BOUND('',#2525,.T.);
#2525 = EDGE_LOOP('',(#2526));
#2526 = ORIENTED_EDGE('',*,*,#2527,.T.);
#2527 = EDGE_CURVE('',#2528,#2528,#2530,.T.);
#2528 = VERTEX_POINT('',#2529);
#2529 = CARTESIAN_POINT('',(105.22,-79.1,1.51));
#2530 = CIRCLE('',#2531,0.5);
#2531 = AXIS2_PLACEMENT_3D('',#2532,#2533,#2534);
#2532 = CARTESIAN_POINT('',(105.22,-78.6,1.51));
#2533 = DIRECTION('',(-0.,0.,-1.));
#2534 = DIRECTION('',(-0.,-1.,0.));
#2535 = FACE_BOUND('',#2536,.T.);
#2536 = EDGE_LOOP('',(#2537));
#2537 = ORIENTED_EDGE('',*,*,#2538,.T.);
#2538 = EDGE_CURVE('',#2539,#2539,#2541,.T.);
#2539 = VERTEX_POINT('',#2540);
#2540 = CARTESIAN_POINT('',(105.22,-76.56,1.51));
#2541 = CIRCLE('',#2542,0.5);
#2542 = AXIS2_PLACEMENT_3D('',#2543,#2544,#2545);
#2543 = CARTESIAN_POINT('',(105.22,-76.06,1.51));
#2544 = DIRECTION('',(-0.,0.,-1.));
#2545 = DIRECTION('',(-0.,-1.,0.));
#2546 = FACE_BOUND('',#2547,.T.);
#2547 = EDGE_LOOP('',(#2548));
#2548 = ORIENTED_EDGE('',*,*,#2549,.T.);
#2549 = EDGE_CURVE('',#2550,#2550,#2552,.T.);
#2550 = VERTEX_POINT('',#2551);
#2551 = CARTESIAN_POINT('',(105.22,-74.02,1.51));
#2552 = CIRCLE('',#2553,0.5);
#2553 = AXIS2_PLACEMENT_3D('',#2554,#2555,#2556);
#2554 = CARTESIAN_POINT('',(105.22,-73.52,1.51));
#2555 = DIRECTION('',(-0.,0.,-1.));
#2556 = DIRECTION('',(-0.,-1.,0.));
#2557 = FACE_BOUND('',#2558,.T.);
#2558 = EDGE_LOOP('',(#2559));
#2559 = ORIENTED_EDGE('',*,*,#2560,.T.);
#2560 = EDGE_CURVE('',#2561,#2561,#2563,.T.);
#2561 = VERTEX_POINT('',#2562);
#2562 = CARTESIAN_POINT('',(95.63,-72.9,1.51));
#2563 = CIRCLE('',#2564,1.6);
#2564 = AXIS2_PLACEMENT_3D('',#2565,#2566,#2567);
#2565 = CARTESIAN_POINT('',(95.63,-71.3,1.51));
#2566 = DIRECTION('',(-0.,0.,-1.));
#2567 = DIRECTION('',(-0.,-1.,0.));
#2568 = FACE_BOUND('',#2569,.T.);
#2569 = EDGE_LOOP('',(#2570));
#2570 = ORIENTED_EDGE('',*,*,#2571,.T.);
#2571 = EDGE_CURVE('',#2572,#2572,#2574,.T.);
#2572 = VERTEX_POINT('',#2573);
#2573 = CARTESIAN_POINT('',(105.22,-71.48,1.51));
#2574 = CIRCLE('',#2575,0.5);
#2575 = AXIS2_PLACEMENT_3D('',#2576,#2577,#2578);
#2576 = CARTESIAN_POINT('',(105.22,-70.98,1.51));
#2577 = DIRECTION('',(-0.,0.,-1.));
#2578 = DIRECTION('',(-0.,-1.,0.));
#2579 = FACE_BOUND('',#2580,.T.);
#2580 = EDGE_LOOP('',(#2581));
#2581 = ORIENTED_EDGE('',*,*,#2582,.T.);
#2582 = EDGE_CURVE('',#2583,#2583,#2585,.T.);
#2583 = VERTEX_POINT('',#2584);
#2584 = CARTESIAN_POINT('',(123.,-81.64,1.51));
#2585 = CIRCLE('',#2586,0.5);
#2586 = AXIS2_PLACEMENT_3D('',#2587,#2588,#2589);
#2587 = CARTESIAN_POINT('',(123.,-81.14,1.51));
#2588 = DIRECTION('',(-0.,0.,-1.));
#2589 = DIRECTION('',(-0.,-1.,0.));
#2590 = FACE_BOUND('',#2591,.T.);
#2591 = EDGE_LOOP('',(#2592));
#2592 = ORIENTED_EDGE('',*,*,#2593,.T.);
#2593 = EDGE_CURVE('',#2594,#2594,#2596,.T.);
#2594 = VERTEX_POINT('',#2595);
#2595 = CARTESIAN_POINT('',(123.,-79.1,1.51));
#2596 = CIRCLE('',#2597,0.5);
#2597 = AXIS2_PLACEMENT_3D('',#2598,#2599,#2600);
#2598 = CARTESIAN_POINT('',(123.,-78.6,1.51));
#2599 = DIRECTION('',(-0.,0.,-1.));
#2600 = DIRECTION('',(-0.,-1.,0.));
#2601 = FACE_BOUND('',#2602,.T.);
#2602 = EDGE_LOOP('',(#2603));
#2603 = ORIENTED_EDGE('',*,*,#2604,.T.);
#2604 = EDGE_CURVE('',#2605,#2605,#2607,.T.);
#2605 = VERTEX_POINT('',#2606);
#2606 = CARTESIAN_POINT('',(111.685,-75.065,1.51));
#2607 = CIRCLE('',#2608,0.925);
#2608 = AXIS2_PLACEMENT_3D('',#2609,#2610,#2611);
#2609 = CARTESIAN_POINT('',(111.685,-74.14,1.51));
#2610 = DIRECTION('',(-0.,0.,-1.));
#2611 = DIRECTION('',(-0.,-1.,0.));
#2612 = FACE_BOUND('',#2613,.T.);
#2613 = EDGE_LOOP('',(#2614));
#2614 = ORIENTED_EDGE('',*,*,#2615,.T.);
#2615 = EDGE_CURVE('',#2616,#2616,#2618,.T.);
#2616 = VERTEX_POINT('',#2617);
#2617 = CARTESIAN_POINT('',(116.535,-75.065,1.51));
#2618 = CIRCLE('',#2619,0.925);
#2619 = AXIS2_PLACEMENT_3D('',#2620,#2621,#2622);
#2620 = CARTESIAN_POINT('',(116.535,-74.14,1.51));
#2621 = DIRECTION('',(-0.,0.,-1.));
#2622 = DIRECTION('',(-0.,-1.,0.));
#2623 = FACE_BOUND('',#2624,.T.);
#2624 = EDGE_LOOP('',(#2625));
#2625 = ORIENTED_EDGE('',*,*,#2626,.T.);
#2626 = EDGE_CURVE('',#2627,#2627,#2629,.T.);
#2627 = VERTEX_POINT('',#2628);
#2628 = CARTESIAN_POINT('',(123.,-76.56,1.51));
#2629 = CIRCLE('',#2630,0.5);
#2630 = AXIS2_PLACEMENT_3D('',#2631,#2632,#2633);
#2631 = CARTESIAN_POINT('',(123.,-76.06,1.51));
#2632 = DIRECTION('',(-0.,0.,-1.));
#2633 = DIRECTION('',(-0.,-1.,0.));
#2634 = FACE_BOUND('',#2635,.T.);
#2635 = EDGE_LOOP('',(#2636));
#2636 = ORIENTED_EDGE('',*,*,#2637,.T.);
#2637 = EDGE_CURVE('',#2638,#2638,#2640,.T.);
#2638 = VERTEX_POINT('',#2639);
#2639 = CARTESIAN_POINT('',(123.,-74.02,1.51));
#2640 = CIRCLE('',#2641,0.5);
#2641 = AXIS2_PLACEMENT_3D('',#2642,#2643,#2644);
#2642 = CARTESIAN_POINT('',(123.,-73.52,1.51));
#2643 = DIRECTION('',(-0.,0.,-1.));
#2644 = DIRECTION('',(-0.,-1.,0.));
#2645 = FACE_BOUND('',#2646,.T.);
#2646 = EDGE_LOOP('',(#2647));
#2647 = ORIENTED_EDGE('',*,*,#2648,.T.);
#2648 = EDGE_CURVE('',#2649,#2649,#2651,.T.);
#2649 = VERTEX_POINT('',#2650);
#2650 = CARTESIAN_POINT('',(111.385,-72.21,1.51));
#2651 = CIRCLE('',#2652,1.1);
#2652 = AXIS2_PLACEMENT_3D('',#2653,#2654,#2655);
#2653 = CARTESIAN_POINT('',(111.385,-71.11,1.51));
#2654 = DIRECTION('',(-0.,0.,-1.));
#2655 = DIRECTION('',(1.2918958832E-14,-1.,-0.));
#2656 = FACE_BOUND('',#2657,.T.);
#2657 = EDGE_LOOP('',(#2658));
#2658 = ORIENTED_EDGE('',*,*,#2659,.T.);
#2659 = EDGE_CURVE('',#2660,#2660,#2662,.T.);
#2660 = VERTEX_POINT('',#2661);
#2661 = CARTESIAN_POINT('',(116.835,-72.21,1.51));
#2662 = CIRCLE('',#2663,1.1);
#2663 = AXIS2_PLACEMENT_3D('',#2664,#2665,#2666);
#2664 = CARTESIAN_POINT('',(116.835,-71.11,1.51));
#2665 = DIRECTION('',(-0.,0.,-1.));
#2666 = DIRECTION('',(-1.2918958832E-14,-1.,0.));
#2667 = FACE_BOUND('',#2668,.T.);
#2668 = EDGE_LOOP('',(#2669));
#2669 = ORIENTED_EDGE('',*,*,#2670,.T.);
#2670 = EDGE_CURVE('',#2671,#2671,#2673,.T.);
#2671 = VERTEX_POINT('',#2672);
#2672 = CARTESIAN_POINT('',(123.,-71.48,1.51));
#2673 = CIRCLE('',#2674,0.5);
#2674 = AXIS2_PLACEMENT_3D('',#2675,#2676,#2677);
#2675 = CARTESIAN_POINT('',(123.,-70.98,1.51));
#2676 = DIRECTION('',(-0.,0.,-1.));
#2677 = DIRECTION('',(-0.,-1.,0.));
#2678 = FACE_BOUND('',#2679,.T.);
#2679 = EDGE_LOOP('',(#2680));
#2680 = ORIENTED_EDGE('',*,*,#2681,.T.);
#2681 = EDGE_CURVE('',#2682,#2682,#2684,.T.);
#2682 = VERTEX_POINT('',#2683);
#2683 = CARTESIAN_POINT('',(130.135,-61.933001,1.51));
#2684 = CIRCLE('',#2685,0.508);
#2685 = AXIS2_PLACEMENT_3D('',#2686,#2687,#2688);
#2686 = CARTESIAN_POINT('',(130.135,-61.425001,1.51));
#2687 = DIRECTION('',(-0.,0.,-1.));
#2688 = DIRECTION('',(-0.,-1.,0.));
#2689 = FACE_BOUND('',#2690,.T.);
#2690 = EDGE_LOOP('',(#2691));
#2691 = ORIENTED_EDGE('',*,*,#2692,.T.);
#2692 = EDGE_CURVE('',#2693,#2693,#2695,.T.);
#2693 = VERTEX_POINT('',#2694);
#2694 = CARTESIAN_POINT('',(132.675,-61.933001,1.51));
#2695 = CIRCLE('',#2696,0.508);
#2696 = AXIS2_PLACEMENT_3D('',#2697,#2698,#2699);
#2697 = CARTESIAN_POINT('',(132.675,-61.425001,1.51));
#2698 = DIRECTION('',(-0.,0.,-1.));
#2699 = DIRECTION('',(-0.,-1.,0.));
#2700 = FACE_BOUND('',#2701,.T.);
#2701 = EDGE_LOOP('',(#2702));
#2702 = ORIENTED_EDGE('',*,*,#2703,.T.);
#2703 = EDGE_CURVE('',#2704,#2704,#2706,.T.);
#2704 = VERTEX_POINT('',#2705);
#2705 = CARTESIAN_POINT('',(135.215,-61.933001,1.51));
#2706 = CIRCLE('',#2707,0.508);
#2707 = AXIS2_PLACEMENT_3D('',#2708,#2709,#2710);
#2708 = CARTESIAN_POINT('',(135.215,-61.425001,1.51));
#2709 = DIRECTION('',(-0.,0.,-1.));
#2710 = DIRECTION('',(-0.,-1.,0.));
#2711 = FACE_BOUND('',#2712,.T.);
#2712 = EDGE_LOOP('',(#2713));
#2713 = ORIENTED_EDGE('',*,*,#2714,.T.);
#2714 = EDGE_CURVE('',#2715,#2715,#2717,.T.);
#2715 = VERTEX_POINT('',#2716);
#2716 = CARTESIAN_POINT('',(198.38,-104.25,1.51));
#2717 = CIRCLE('',#2718,0.5);
#2718 = AXIS2_PLACEMENT_3D('',#2719,#2720,#2721);
#2719 = CARTESIAN_POINT('',(198.38,-103.75,1.51));
#2720 = DIRECTION('',(-0.,0.,-1.));
#2721 = DIRECTION('',(-0.,-1.,0.));
#2722 = FACE_BOUND('',#2723,.T.);
#2723 = EDGE_LOOP('',(#2724));
#2724 = ORIENTED_EDGE('',*,*,#2725,.T.);
#2725 = EDGE_CURVE('',#2726,#2726,#2728,.T.);
#2726 = VERTEX_POINT('',#2727);
#2727 = CARTESIAN_POINT('',(198.38,-101.71,1.51));
#2728 = CIRCLE('',#2729,0.5);
#2729 = AXIS2_PLACEMENT_3D('',#2730,#2731,#2732);
#2730 = CARTESIAN_POINT('',(198.38,-101.21,1.51));
#2731 = DIRECTION('',(-0.,0.,-1.));
#2732 = DIRECTION('',(-0.,-1.,0.));
#2733 = FACE_BOUND('',#2734,.T.);
#2734 = EDGE_LOOP('',(#2735));
#2735 = ORIENTED_EDGE('',*,*,#2736,.T.);
#2736 = EDGE_CURVE('',#2737,#2737,#2739,.T.);
#2737 = VERTEX_POINT('',#2738);
#2738 = CARTESIAN_POINT('',(198.380001,-99.17,1.51));
#2739 = CIRCLE('',#2740,0.5);
#2740 = AXIS2_PLACEMENT_3D('',#2741,#2742,#2743);
#2741 = CARTESIAN_POINT('',(198.380001,-98.67,1.51));
#2742 = DIRECTION('',(-0.,0.,-1.));
#2743 = DIRECTION('',(-0.,-1.,0.));
#2744 = FACE_BOUND('',#2745,.T.);
#2745 = EDGE_LOOP('',(#2746));
#2746 = ORIENTED_EDGE('',*,*,#2747,.T.);
#2747 = EDGE_CURVE('',#2748,#2748,#2750,.T.);
#2748 = VERTEX_POINT('',#2749);
#2749 = CARTESIAN_POINT('',(198.38,-96.63,1.51));
#2750 = CIRCLE('',#2751,0.5);
#2751 = AXIS2_PLACEMENT_3D('',#2752,#2753,#2754);
#2752 = CARTESIAN_POINT('',(198.38,-96.13,1.51));
#2753 = DIRECTION('',(-0.,0.,-1.));
#2754 = DIRECTION('',(-0.,-1.,0.));
#2755 = FACE_BOUND('',#2756,.T.);
#2756 = EDGE_LOOP('',(#2757));
#2757 = ORIENTED_EDGE('',*,*,#2758,.T.);
#2758 = EDGE_CURVE('',#2759,#2759,#2761,.T.);
#2759 = VERTEX_POINT('',#2760);
#2760 = CARTESIAN_POINT('',(188.,-77.424993,1.51));
#2761 = CIRCLE('',#2762,0.424993);
#2762 = AXIS2_PLACEMENT_3D('',#2763,#2764,#2765);
#2763 = CARTESIAN_POINT('',(188.,-77.,1.51));
#2764 = DIRECTION('',(-0.,0.,-1.));
#2765 = DIRECTION('',(-0.,-1.,0.));
#2766 = FACE_BOUND('',#2767,.T.);
#2767 = EDGE_LOOP('',(#2768));
#2768 = ORIENTED_EDGE('',*,*,#2769,.T.);
#2769 = EDGE_CURVE('',#2770,#2770,#2772,.T.);
#2770 = VERTEX_POINT('',#2771);
#2771 = CARTESIAN_POINT('',(190.,-77.424993,1.51));
#2772 = CIRCLE('',#2773,0.424993);
#2773 = AXIS2_PLACEMENT_3D('',#2774,#2775,#2776);
#2774 = CARTESIAN_POINT('',(190.,-77.,1.51));
#2775 = DIRECTION('',(-0.,0.,-1.));
#2776 = DIRECTION('',(-0.,-1.,0.));
#2777 = FACE_BOUND('',#2778,.T.);
#2778 = EDGE_LOOP('',(#2779));
#2779 = ORIENTED_EDGE('',*,*,#2780,.T.);
#2780 = EDGE_CURVE('',#2781,#2781,#2783,.T.);
#2781 = VERTEX_POINT('',#2782);
#2782 = CARTESIAN_POINT('',(214.375,-75.295,1.51));
#2783 = CIRCLE('',#2784,0.25);
#2784 = AXIS2_PLACEMENT_3D('',#2785,#2786,#2787);
#2785 = CARTESIAN_POINT('',(214.375,-75.045,1.51));
#2786 = DIRECTION('',(-0.,0.,-1.));
#2787 = DIRECTION('',(-0.,-1.,0.));
#2788 = FACE_BOUND('',#2789,.T.);
#2789 = EDGE_LOOP('',(#2790));
#2790 = ORIENTED_EDGE('',*,*,#2791,.T.);
#2791 = EDGE_CURVE('',#2792,#2792,#2794,.T.);
#2792 = VERTEX_POINT('',#2793);
#2793 = CARTESIAN_POINT('',(215.625,-75.295,1.51));
#2794 = CIRCLE('',#2795,0.25);
#2795 = AXIS2_PLACEMENT_3D('',#2796,#2797,#2798);
#2796 = CARTESIAN_POINT('',(215.625,-75.045,1.51));
#2797 = DIRECTION('',(-0.,0.,-1.));
#2798 = DIRECTION('',(-0.,-1.,0.));
#2799 = FACE_BOUND('',#2800,.T.);
#2800 = EDGE_LOOP('',(#2801));
#2801 = ORIENTED_EDGE('',*,*,#2802,.T.);
#2802 = EDGE_CURVE('',#2803,#2803,#2805,.T.);
#2803 = VERTEX_POINT('',#2804);
#2804 = CARTESIAN_POINT('',(197.63,-72.8,1.51));
#2805 = CIRCLE('',#2806,1.6);
#2806 = AXIS2_PLACEMENT_3D('',#2807,#2808,#2809);
#2807 = CARTESIAN_POINT('',(197.63,-71.2,1.51));
#2808 = DIRECTION('',(-0.,0.,-1.));
#2809 = DIRECTION('',(-0.,-1.,0.));
#2810 = PLANE('',#2811);
#2811 = AXIS2_PLACEMENT_3D('',#2812,#2813,#2814);
#2812 = CARTESIAN_POINT('',(0.,0.,1.51));
#2813 = DIRECTION('',(0.,0.,1.));
#2814 = DIRECTION('',(1.,0.,-0.));
#2815 = ADVANCED_FACE('',(#2816),#2827,.T.);
#2816 = FACE_BOUND('',#2817,.T.);
#2817 = EDGE_LOOP('',(#2818,#2824,#2825,#2826));
#2818 = ORIENTED_EDGE('',*,*,#2819,.T.);
#2819 = EDGE_CURVE('',#146,#1484,#2820,.T.);
#2820 = LINE('',#2821,#2822);
#2821 = CARTESIAN_POINT('',(125.,-61.,0.));
#2822 = VECTOR('',#2823,1.);
#2823 = DIRECTION('',(0.,0.,1.));
#2824 = ORIENTED_EDGE('',*,*,#1483,.T.);
#2825 = ORIENTED_EDGE('',*,*,#81,.F.);
#2826 = ORIENTED_EDGE('',*,*,#145,.F.);
#2827 = CYLINDRICAL_SURFACE('',#2828,3.000001172987);
#2828 = AXIS2_PLACEMENT_3D('',#2829,#2830,#2831);
#2829 = CARTESIAN_POINT('',(128.00000117298,-61.00000117298,0.));
#2830 = DIRECTION('',(0.,0.,-1.));
#2831 = DIRECTION('',(-1.,3.909953663434E-07,0.));
#2832 = ADVANCED_FACE('',(#2833),#2844,.T.);
#2833 = FACE_BOUND('',#2834,.T.);
#2834 = EDGE_LOOP('',(#2835,#2836,#2837,#2843));
#2835 = ORIENTED_EDGE('',*,*,#121,.T.);
#2836 = ORIENTED_EDGE('',*,*,#1593,.T.);
#2837 = ORIENTED_EDGE('',*,*,#2838,.F.);
#2838 = EDGE_CURVE('',#248,#1586,#2839,.T.);
#2839 = LINE('',#2840,#2841);
#2840 = CARTESIAN_POINT('',(219.,-154.,0.));
#2841 = VECTOR('',#2842,1.);
#2842 = DIRECTION('',(0.,0.,1.));
#2843 = ORIENTED_EDGE('',*,*,#255,.F.);
#2844 = CYLINDRICAL_SURFACE('',#2845,10.999998610593);
#2845 = AXIS2_PLACEMENT_3D('',#2846,#2847,#2848);
#2846 = CARTESIAN_POINT('',(219.0000013894,-143.0000013894,0.));
#2847 = DIRECTION('',(0.,0.,-1.));
#2848 = DIRECTION('',(1.,1.263097538958E-07,0.));
#2849 = ADVANCED_FACE('',(#2850),#2861,.T.);
#2850 = FACE_BOUND('',#2851,.T.);
#2851 = EDGE_LOOP('',(#2852,#2858,#2859,#2860));
#2852 = ORIENTED_EDGE('',*,*,#2853,.T.);
#2853 = EDGE_CURVE('',#155,#1493,#2854,.T.);
#2854 = LINE('',#2855,#2856);
#2855 = CARTESIAN_POINT('',(125.,-69.,0.));
#2856 = VECTOR('',#2857,1.);
#2857 = DIRECTION('',(0.,0.,1.));
#2858 = ORIENTED_EDGE('',*,*,#1492,.T.);
#2859 = ORIENTED_EDGE('',*,*,#2819,.F.);
#2860 = ORIENTED_EDGE('',*,*,#154,.F.);
#2861 = PLANE('',#2862);
#2862 = AXIS2_PLACEMENT_3D('',#2863,#2864,#2865);
#2863 = CARTESIAN_POINT('',(125.,-69.,0.));
#2864 = DIRECTION('',(-1.,0.,0.));
#2865 = DIRECTION('',(0.,1.,0.));
#2866 = ADVANCED_FACE('',(#2867),#2878,.T.);
#2867 = FACE_BOUND('',#2868,.T.);
#2868 = EDGE_LOOP('',(#2869,#2870,#2871,#2877));
#2869 = ORIENTED_EDGE('',*,*,#2838,.T.);
#2870 = ORIENTED_EDGE('',*,*,#1585,.T.);
#2871 = ORIENTED_EDGE('',*,*,#2872,.F.);
#2872 = EDGE_CURVE('',#239,#1577,#2873,.T.);
#2873 = LINE('',#2874,#2875);
#2874 = CARTESIAN_POINT('',(167.5,-154.,0.));
#2875 = VECTOR('',#2876,1.);
#2876 = DIRECTION('',(0.,0.,1.));
#2877 = ORIENTED_EDGE('',*,*,#247,.F.);
#2878 = PLANE('',#2879);
#2879 = AXIS2_PLACEMENT_3D('',#2880,#2881,#2882);
#2880 = CARTESIAN_POINT('',(219.,-154.,0.));
#2881 = DIRECTION('',(0.,-1.,0.));
#2882 = DIRECTION('',(-1.,0.,0.));
#2883 = ADVANCED_FACE('',(#2884),#2895,.T.);
#2884 = FACE_BOUND('',#2885,.T.);
#2885 = EDGE_LOOP('',(#2886,#2892,#2893,#2894));
#2886 = ORIENTED_EDGE('',*,*,#2887,.T.);
#2887 = EDGE_CURVE('',#163,#1501,#2888,.T.);
#2888 = LINE('',#2889,#2890);
#2889 = CARTESIAN_POINT('',(105.,-69.,0.));
#2890 = VECTOR('',#2891,1.);
#2891 = DIRECTION('',(0.,0.,1.));
#2892 = ORIENTED_EDGE('',*,*,#1500,.T.);
#2893 = ORIENTED_EDGE('',*,*,#2853,.F.);
#2894 = ORIENTED_EDGE('',*,*,#162,.F.);
#2895 = PLANE('',#2896);
#2896 = AXIS2_PLACEMENT_3D('',#2897,#2898,#2899);
#2897 = CARTESIAN_POINT('',(105.,-69.,0.));
#2898 = DIRECTION('',(0.,1.,0.));
#2899 = DIRECTION('',(1.,0.,0.));
#2900 = ADVANCED_FACE('',(#2901),#2912,.F.);
#2901 = FACE_BOUND('',#2902,.T.);
#2902 = EDGE_LOOP('',(#2903,#2904,#2905,#2911));
#2903 = ORIENTED_EDGE('',*,*,#2872,.T.);
#2904 = ORIENTED_EDGE('',*,*,#1576,.T.);
#2905 = ORIENTED_EDGE('',*,*,#2906,.F.);
#2906 = EDGE_CURVE('',#230,#1568,#2907,.T.);
#2907 = LINE('',#2908,#2909);
#2908 = CARTESIAN_POINT('',(149.5,-136.,0.));
#2909 = VECTOR('',#2910,1.);
#2910 = DIRECTION('',(0.,0.,1.));
#2911 = ORIENTED_EDGE('',*,*,#238,.F.);
#2912 = CYLINDRICAL_SURFACE('',#2913,18.000000209489);
#2913 = AXIS2_PLACEMENT_3D('',#2914,#2915,#2916);
#2914 = CARTESIAN_POINT('',(149.49999979051,-154.0000002094,0.));
#2915 = DIRECTION('',(-0.,-0.,-1.));
#2916 = DIRECTION('',(1.,1.163826670863E-08,-0.));
#2917 = ADVANCED_FACE('',(#2918),#2929,.T.);
#2918 = FACE_BOUND('',#2919,.T.);
#2919 = EDGE_LOOP('',(#2920,#2926,#2927,#2928));
#2920 = ORIENTED_EDGE('',*,*,#2921,.T.);
#2921 = EDGE_CURVE('',#171,#1509,#2922,.T.);
#2922 = LINE('',#2923,#2924);
#2923 = CARTESIAN_POINT('',(105.,-61.,0.));
#2924 = VECTOR('',#2925,1.);
#2925 = DIRECTION('',(0.,0.,1.));
#2926 = ORIENTED_EDGE('',*,*,#1508,.T.);
#2927 = ORIENTED_EDGE('',*,*,#2887,.F.);
#2928 = ORIENTED_EDGE('',*,*,#170,.F.);
#2929 = PLANE('',#2930);
#2930 = AXIS2_PLACEMENT_3D('',#2931,#2932,#2933);
#2931 = CARTESIAN_POINT('',(105.,-61.,0.));
#2932 = DIRECTION('',(1.,0.,-0.));
#2933 = DIRECTION('',(0.,-1.,0.));
#2934 = ADVANCED_FACE('',(#2935),#2946,.F.);
#2935 = FACE_BOUND('',#2936,.T.);
#2936 = EDGE_LOOP('',(#2937,#2938,#2939,#2945));
#2937 = ORIENTED_EDGE('',*,*,#2906,.T.);
#2938 = ORIENTED_EDGE('',*,*,#1567,.T.);
#2939 = ORIENTED_EDGE('',*,*,#2940,.F.);
#2940 = EDGE_CURVE('',#222,#1560,#2941,.T.);
#2941 = LINE('',#2942,#2943);
#2942 = CARTESIAN_POINT('',(131.5,-154.,0.));
#2943 = VECTOR('',#2944,1.);
#2944 = DIRECTION('',(0.,0.,1.));
#2945 = ORIENTED_EDGE('',*,*,#229,.F.);
#2946 = CYLINDRICAL_SURFACE('',#2947,18.000000209489);
#2947 = AXIS2_PLACEMENT_3D('',#2948,#2949,#2950);
#2948 = CARTESIAN_POINT('',(149.50000020948,-154.0000002094,0.));
#2949 = DIRECTION('',(-0.,-0.,-1.));
#2950 = DIRECTION('',(-1.163826670863E-08,1.,0.));
#2951 = ADVANCED_FACE('',(#2952),#2963,.T.);
#2952 = FACE_BOUND('',#2953,.T.);
#2953 = EDGE_LOOP('',(#2954,#2960,#2961,#2962));
#2954 = ORIENTED_EDGE('',*,*,#2955,.T.);
#2955 = EDGE_CURVE('',#179,#1517,#2956,.T.);
#2956 = LINE('',#2957,#2958);
#2957 = CARTESIAN_POINT('',(102.,-58.,0.));
#2958 = VECTOR('',#2959,1.);
#2959 = DIRECTION('',(0.,0.,1.));
#2960 = ORIENTED_EDGE('',*,*,#1516,.T.);
#2961 = ORIENTED_EDGE('',*,*,#2921,.F.);
#2962 = ORIENTED_EDGE('',*,*,#178,.F.);
#2963 = CYLINDRICAL_SURFACE('',#2964,3.000001172987);
#2964 = AXIS2_PLACEMENT_3D('',#2965,#2966,#2967);
#2965 = CARTESIAN_POINT('',(101.99999882701,-61.00000117298,0.));
#2966 = DIRECTION('',(0.,0.,-1.));
#2967 = DIRECTION('',(3.909953663434E-07,1.,0.));
#2968 = ADVANCED_FACE('',(#2969),#2980,.T.);
#2969 = FACE_BOUND('',#2970,.T.);
#2970 = EDGE_LOOP('',(#2971,#2972,#2973,#2979));
#2971 = ORIENTED_EDGE('',*,*,#2940,.T.);
#2972 = ORIENTED_EDGE('',*,*,#1559,.T.);
#2973 = ORIENTED_EDGE('',*,*,#2974,.F.);
#2974 = EDGE_CURVE('',#213,#1551,#2975,.T.);
#2975 = LINE('',#2976,#2977);
#2976 = CARTESIAN_POINT('',(79.071068,-154.,0.));
#2977 = VECTOR('',#2978,1.);
#2978 = DIRECTION('',(0.,0.,1.));
#2979 = ORIENTED_EDGE('',*,*,#221,.F.);
#2980 = PLANE('',#2981);
#2981 = AXIS2_PLACEMENT_3D('',#2982,#2983,#2984);
#2982 = CARTESIAN_POINT('',(131.5,-154.,0.));
#2983 = DIRECTION('',(0.,-1.,0.));
#2984 = DIRECTION('',(-1.,0.,0.));
#2985 = ADVANCED_FACE('',(#2986),#2997,.T.);
#2986 = FACE_BOUND('',#2987,.T.);
#2987 = EDGE_LOOP('',(#2988,#2994,#2995,#2996));
#2988 = ORIENTED_EDGE('',*,*,#2989,.T.);
#2989 = EDGE_CURVE('',#188,#1526,#2990,.T.);
#2990 = LINE('',#2991,#2992);
#2991 = CARTESIAN_POINT('',(79.,-58.000411,0.));
#2992 = VECTOR('',#2993,1.);
#2993 = DIRECTION('',(0.,0.,1.));
#2994 = ORIENTED_EDGE('',*,*,#1525,.T.);
#2995 = ORIENTED_EDGE('',*,*,#2955,.F.);
#2996 = ORIENTED_EDGE('',*,*,#187,.F.);
#2997 = PLANE('',#2998);
#2998 = AXIS2_PLACEMENT_3D('',#2999,#3000,#3001);
#2999 = CARTESIAN_POINT('',(79.,-58.000411,0.));
#3000 = DIRECTION('',(-1.786956521453E-05,0.99999999984,0.));
#3001 = DIRECTION('',(0.99999999984,1.786956521453E-05,0.));
#3002 = ADVANCED_FACE('',(#3003),#3014,.T.);
#3003 = FACE_BOUND('',#3004,.T.);
#3004 = EDGE_LOOP('',(#3005,#3006,#3007,#3013));
#3005 = ORIENTED_EDGE('',*,*,#2974,.T.);
#3006 = ORIENTED_EDGE('',*,*,#1550,.T.);
#3007 = ORIENTED_EDGE('',*,*,#3008,.F.);
#3008 = EDGE_CURVE('',#205,#1543,#3009,.T.);
#3009 = LINE('',#3010,#3011);
#3010 = CARTESIAN_POINT('',(69.071068,-144.,0.));
#3011 = VECTOR('',#3012,1.);
#3012 = DIRECTION('',(0.,0.,1.));
#3013 = ORIENTED_EDGE('',*,*,#212,.F.);
#3014 = CYLINDRICAL_SURFACE('',#3015,9.999999357669);
#3015 = AXIS2_PLACEMENT_3D('',#3016,#3017,#3018);
#3016 = CARTESIAN_POINT('',(79.071067357669,-144.0000006423,0.));
#3017 = DIRECTION('',(0.,0.,-1.));
#3018 = DIRECTION('',(6.423314275614E-08,-1.,0.));
#3019 = ADVANCED_FACE('',(#3020),#3031,.T.);
#3020 = FACE_BOUND('',#3021,.T.);
#3021 = EDGE_LOOP('',(#3022,#3028,#3029,#3030));
#3022 = ORIENTED_EDGE('',*,*,#3023,.T.);
#3023 = EDGE_CURVE('',#196,#1534,#3024,.T.);
#3024 = LINE('',#3025,#3026);
#3025 = CARTESIAN_POINT('',(69.000411,-68.,0.));
#3026 = VECTOR('',#3027,1.);
#3027 = DIRECTION('',(0.,0.,1.));
#3028 = ORIENTED_EDGE('',*,*,#1533,.T.);
#3029 = ORIENTED_EDGE('',*,*,#2989,.F.);
#3030 = ORIENTED_EDGE('',*,*,#195,.F.);
#3031 = CYLINDRICAL_SURFACE('',#3032,9.999589652041);
#3032 = AXIS2_PLACEMENT_3D('',#3033,#3034,#3035);
#3033 = CARTESIAN_POINT('',(79.000000652041,-68.00000065204,0.));
#3034 = DIRECTION('',(0.,0.,-1.));
#3035 = DIRECTION('',(-1.,6.520678665778E-08,0.));
#3036 = ADVANCED_FACE('',(#3037),#3043,.T.);
#3037 = FACE_BOUND('',#3038,.T.);
#3038 = EDGE_LOOP('',(#3039,#3040,#3041,#3042));
#3039 = ORIENTED_EDGE('',*,*,#3008,.T.);
#3040 = ORIENTED_EDGE('',*,*,#1542,.T.);
#3041 = ORIENTED_EDGE('',*,*,#3023,.F.);
#3042 = ORIENTED_EDGE('',*,*,#204,.F.);
#3043 = PLANE('',#3044);
#3044 = AXIS2_PLACEMENT_3D('',#3045,#3046,#3047);
#3045 = CARTESIAN_POINT('',(69.071068,-144.,0.));
#3046 = DIRECTION('',(-0.999999567832,-9.296969666353E-04,0.));
#3047 = DIRECTION('',(-9.296969666353E-04,0.999999567832,0.));
#3048 = ADVANCED_FACE('',(#3049),#3060,.F.);
#3049 = FACE_BOUND('',#3050,.T.);
#3050 = EDGE_LOOP('',(#3051,#3052,#3058,#3059));
#3051 = ORIENTED_EDGE('',*,*,#265,.T.);
#3052 = ORIENTED_EDGE('',*,*,#3053,.T.);
#3053 = EDGE_CURVE('',#266,#1604,#3054,.T.);
#3054 = LINE('',#3055,#3056);
#3055 = CARTESIAN_POINT('',(95.63,-128.6,-4.6E-02));
#3056 = VECTOR('',#3057,1.);
#3057 = DIRECTION('',(0.,0.,1.));
#3058 = ORIENTED_EDGE('',*,*,#1603,.F.);
#3059 = ORIENTED_EDGE('',*,*,#3053,.F.);
#3060 = CYLINDRICAL_SURFACE('',#3061,1.6);
#3061 = AXIS2_PLACEMENT_3D('',#3062,#3063,#3064);
#3062 = CARTESIAN_POINT('',(95.63,-127.,-4.6E-02));
#3063 = DIRECTION('',(-0.,-0.,-1.));
#3064 = DIRECTION('',(-0.,-1.,0.));
#3065 = ADVANCED_FACE('',(#3066),#3077,.F.);
#3066 = FACE_BOUND('',#3067,.T.);
#3067 = EDGE_LOOP('',(#3068,#3069,#3075,#3076));
#3068 = ORIENTED_EDGE('',*,*,#276,.T.);
#3069 = ORIENTED_EDGE('',*,*,#3070,.T.);
#3070 = EDGE_CURVE('',#277,#1615,#3071,.T.);
#3071 = LINE('',#3072,#3073);
#3072 = CARTESIAN_POINT('',(116.5,-148.5,-4.6E-02));
#3073 = VECTOR('',#3074,1.);
#3074 = DIRECTION('',(0.,0.,1.));
#3075 = ORIENTED_EDGE('',*,*,#1614,.F.);
#3076 = ORIENTED_EDGE('',*,*,#3070,.F.);
#3077 = CYLINDRICAL_SURFACE('',#3078,0.5);
#3078 = AXIS2_PLACEMENT_3D('',#3079,#3080,#3081);
#3079 = CARTESIAN_POINT('',(116.5,-148.,-4.6E-02));
#3080 = DIRECTION('',(-0.,-0.,-1.));
#3081 = DIRECTION('',(-0.,-1.,0.));
#3082 = ADVANCED_FACE('',(#3083),#3094,.F.);
#3083 = FACE_BOUND('',#3084,.T.);
#3084 = EDGE_LOOP('',(#3085,#3086,#3092,#3093));
#3085 = ORIENTED_EDGE('',*,*,#287,.T.);
#3086 = ORIENTED_EDGE('',*,*,#3087,.T.);
#3087 = EDGE_CURVE('',#288,#1626,#3088,.T.);
#3088 = LINE('',#3089,#3090);
#3089 = CARTESIAN_POINT('',(114.,-146.12,-4.6E-02));
#3090 = VECTOR('',#3091,1.);
#3091 = DIRECTION('',(0.,0.,1.));
#3092 = ORIENTED_EDGE('',*,*,#1625,.F.);
#3093 = ORIENTED_EDGE('',*,*,#3087,.F.);
#3094 = CYLINDRICAL_SURFACE('',#3095,1.42);
#3095 = AXIS2_PLACEMENT_3D('',#3096,#3097,#3098);
#3096 = CARTESIAN_POINT('',(114.,-144.7,-4.6E-02));
#3097 = DIRECTION('',(-0.,-0.,-1.));
#3098 = DIRECTION('',(-0.,-1.,0.));
#3099 = ADVANCED_FACE('',(#3100),#3111,.F.);
#3100 = FACE_BOUND('',#3101,.T.);
#3101 = EDGE_LOOP('',(#3102,#3103,#3109,#3110));
#3102 = ORIENTED_EDGE('',*,*,#298,.T.);
#3103 = ORIENTED_EDGE('',*,*,#3104,.T.);
#3104 = EDGE_CURVE('',#299,#1637,#3105,.T.);
#3105 = LINE('',#3106,#3107);
#3106 = CARTESIAN_POINT('',(119.,-148.5,-4.6E-02));
#3107 = VECTOR('',#3108,1.);
#3108 = DIRECTION('',(0.,0.,1.));
#3109 = ORIENTED_EDGE('',*,*,#1636,.F.);
#3110 = ORIENTED_EDGE('',*,*,#3104,.F.);
#3111 = CYLINDRICAL_SURFACE('',#3112,0.5);
#3112 = AXIS2_PLACEMENT_3D('',#3113,#3114,#3115);
#3113 = CARTESIAN_POINT('',(119.,-148.,-4.6E-02));
#3114 = DIRECTION('',(-0.,-0.,-1.));
#3115 = DIRECTION('',(-0.,-1.,0.));
#3116 = ADVANCED_FACE('',(#3117),#3128,.F.);
#3117 = FACE_BOUND('',#3118,.T.);
#3118 = EDGE_LOOP('',(#3119,#3120,#3126,#3127));
#3119 = ORIENTED_EDGE('',*,*,#309,.T.);
#3120 = ORIENTED_EDGE('',*,*,#3121,.T.);
#3121 = EDGE_CURVE('',#310,#1648,#3122,.T.);
#3122 = LINE('',#3123,#3124);
#3123 = CARTESIAN_POINT('',(121.5,-148.5,-4.6E-02));
#3124 = VECTOR('',#3125,1.);
#3125 = DIRECTION('',(0.,0.,1.));
#3126 = ORIENTED_EDGE('',*,*,#1647,.F.);
#3127 = ORIENTED_EDGE('',*,*,#3121,.F.);
#3128 = CYLINDRICAL_SURFACE('',#3129,0.5);
#3129 = AXIS2_PLACEMENT_3D('',#3130,#3131,#3132);
#3130 = CARTESIAN_POINT('',(121.5,-148.,-4.6E-02));
#3131 = DIRECTION('',(-0.,-0.,-1.));
#3132 = DIRECTION('',(-0.,-1.,0.));
#3133 = ADVANCED_FACE('',(#3134),#3145,.F.);
#3134 = FACE_BOUND('',#3135,.T.);
#3135 = EDGE_LOOP('',(#3136,#3137,#3143,#3144));
#3136 = ORIENTED_EDGE('',*,*,#320,.T.);
#3137 = ORIENTED_EDGE('',*,*,#3138,.T.);
#3138 = EDGE_CURVE('',#321,#1659,#3139,.T.);
#3139 = LINE('',#3140,#3141);
#3140 = CARTESIAN_POINT('',(124.,-146.12,-4.6E-02));
#3141 = VECTOR('',#3142,1.);
#3142 = DIRECTION('',(0.,0.,1.));
#3143 = ORIENTED_EDGE('',*,*,#1658,.F.);
#3144 = ORIENTED_EDGE('',*,*,#3138,.F.);
#3145 = CYLINDRICAL_SURFACE('',#3146,1.42);
#3146 = AXIS2_PLACEMENT_3D('',#3147,#3148,#3149);
#3147 = CARTESIAN_POINT('',(124.,-144.7,-4.6E-02));
#3148 = DIRECTION('',(-0.,-0.,-1.));
#3149 = DIRECTION('',(-0.,-1.,0.));
#3150 = ADVANCED_FACE('',(#3151),#3162,.F.);
#3151 = FACE_BOUND('',#3152,.T.);
#3152 = EDGE_LOOP('',(#3153,#3154,#3160,#3161));
#3153 = ORIENTED_EDGE('',*,*,#331,.T.);
#3154 = ORIENTED_EDGE('',*,*,#3155,.T.);
#3155 = EDGE_CURVE('',#332,#1670,#3156,.T.);
#3156 = LINE('',#3157,#3158);
#3157 = CARTESIAN_POINT('',(105.22,-119.74,-4.6E-02));
#3158 = VECTOR('',#3159,1.);
#3159 = DIRECTION('',(0.,0.,1.));
#3160 = ORIENTED_EDGE('',*,*,#1669,.F.);
#3161 = ORIENTED_EDGE('',*,*,#3155,.F.);
#3162 = CYLINDRICAL_SURFACE('',#3163,0.5);
#3163 = AXIS2_PLACEMENT_3D('',#3164,#3165,#3166);
#3164 = CARTESIAN_POINT('',(105.22,-119.24,-4.6E-02));
#3165 = DIRECTION('',(-0.,-0.,-1.));
#3166 = DIRECTION('',(-0.,-1.,0.));
#3167 = ADVANCED_FACE('',(#3168),#3179,.F.);
#3168 = FACE_BOUND('',#3169,.T.);
#3169 = EDGE_LOOP('',(#3170,#3171,#3177,#3178));
#3170 = ORIENTED_EDGE('',*,*,#342,.T.);
#3171 = ORIENTED_EDGE('',*,*,#3172,.T.);
#3172 = EDGE_CURVE('',#343,#1681,#3173,.T.);
#3173 = LINE('',#3174,#3175);
#3174 = CARTESIAN_POINT('',(105.22,-117.2,-4.6E-02));
#3175 = VECTOR('',#3176,1.);
#3176 = DIRECTION('',(0.,0.,1.));
#3177 = ORIENTED_EDGE('',*,*,#1680,.F.);
#3178 = ORIENTED_EDGE('',*,*,#3172,.F.);
#3179 = CYLINDRICAL_SURFACE('',#3180,0.5);
#3180 = AXIS2_PLACEMENT_3D('',#3181,#3182,#3183);
#3181 = CARTESIAN_POINT('',(105.22,-116.7,-4.6E-02));
#3182 = DIRECTION('',(-0.,-0.,-1.));
#3183 = DIRECTION('',(-0.,-1.,0.));
#3184 = ADVANCED_FACE('',(#3185),#3196,.F.);
#3185 = FACE_BOUND('',#3186,.T.);
#3186 = EDGE_LOOP('',(#3187,#3188,#3194,#3195));
#3187 = ORIENTED_EDGE('',*,*,#353,.T.);
#3188 = ORIENTED_EDGE('',*,*,#3189,.T.);
#3189 = EDGE_CURVE('',#354,#1692,#3190,.T.);
#3190 = LINE('',#3191,#3192);
#3191 = CARTESIAN_POINT('',(77.46,-109.2345,-4.6E-02));
#3192 = VECTOR('',#3193,1.);
#3193 = DIRECTION('',(0.,0.,1.));
#3194 = ORIENTED_EDGE('',*,*,#1691,.F.);
#3195 = ORIENTED_EDGE('',*,*,#3189,.F.);
#3196 = CYLINDRICAL_SURFACE('',#3197,0.4445);
#3197 = AXIS2_PLACEMENT_3D('',#3198,#3199,#3200);
#3198 = CARTESIAN_POINT('',(77.46,-108.79,-4.6E-02));
#3199 = DIRECTION('',(-0.,-0.,-1.));
#3200 = DIRECTION('',(-3.197042680585E-14,-1.,0.));
#3201 = ADVANCED_FACE('',(#3202),#3213,.F.);
#3202 = FACE_BOUND('',#3203,.T.);
#3203 = EDGE_LOOP('',(#3204,#3205,#3211,#3212));
#3204 = ORIENTED_EDGE('',*,*,#364,.T.);
#3205 = ORIENTED_EDGE('',*,*,#3206,.T.);
#3206 = EDGE_CURVE('',#365,#1703,#3207,.T.);
#3207 = LINE('',#3208,#3209);
#3208 = CARTESIAN_POINT('',(80.,-109.2345,-4.6E-02));
#3209 = VECTOR('',#3210,1.);
#3210 = DIRECTION('',(0.,0.,1.));
#3211 = ORIENTED_EDGE('',*,*,#1702,.F.);
#3212 = ORIENTED_EDGE('',*,*,#3206,.F.);
#3213 = CYLINDRICAL_SURFACE('',#3214,0.4445);
#3214 = AXIS2_PLACEMENT_3D('',#3215,#3216,#3217);
#3215 = CARTESIAN_POINT('',(80.,-108.79,-4.6E-02));
#3216 = DIRECTION('',(-0.,-0.,-1.));
#3217 = DIRECTION('',(-0.,-1.,0.));
#3218 = ADVANCED_FACE('',(#3219),#3230,.F.);
#3219 = FACE_BOUND('',#3220,.T.);
#3220 = EDGE_LOOP('',(#3221,#3222,#3228,#3229));
#3221 = ORIENTED_EDGE('',*,*,#375,.T.);
#3222 = ORIENTED_EDGE('',*,*,#3223,.T.);
#3223 = EDGE_CURVE('',#376,#1714,#3224,.T.);
#3224 = LINE('',#3225,#3226);
#3225 = CARTESIAN_POINT('',(73.54,-105.7385,-4.6E-02));
#3226 = VECTOR('',#3227,1.);
#3227 = DIRECTION('',(0.,0.,1.));
#3228 = ORIENTED_EDGE('',*,*,#1713,.F.);
#3229 = ORIENTED_EDGE('',*,*,#3223,.F.);
#3230 = CYLINDRICAL_SURFACE('',#3231,0.6985);
#3231 = AXIS2_PLACEMENT_3D('',#3232,#3233,#3234);
#3232 = CARTESIAN_POINT('',(73.54,-105.04,-4.6E-02));
#3233 = DIRECTION('',(-0.,0.,-1.));
#3234 = DIRECTION('',(2.034481705827E-14,-1.,-0.));
#3235 = ADVANCED_FACE('',(#3236),#3247,.F.);
#3236 = FACE_BOUND('',#3237,.T.);
#3237 = EDGE_LOOP('',(#3238,#3239,#3245,#3246));
#3238 = ORIENTED_EDGE('',*,*,#386,.T.);
#3239 = ORIENTED_EDGE('',*,*,#3240,.T.);
#3240 = EDGE_CURVE('',#387,#1725,#3241,.T.);
#3241 = LINE('',#3242,#3243);
#3242 = CARTESIAN_POINT('',(82.54,-109.2345,-4.6E-02));
#3243 = VECTOR('',#3244,1.);
#3244 = DIRECTION('',(0.,0.,1.));
#3245 = ORIENTED_EDGE('',*,*,#1724,.F.);
#3246 = ORIENTED_EDGE('',*,*,#3240,.F.);
#3247 = CYLINDRICAL_SURFACE('',#3248,0.4445);
#3248 = AXIS2_PLACEMENT_3D('',#3249,#3250,#3251);
#3249 = CARTESIAN_POINT('',(82.54,-108.79,-4.6E-02));
#3250 = DIRECTION('',(-0.,0.,-1.));
#3251 = DIRECTION('',(3.197042680585E-14,-1.,-0.));
#3252 = ADVANCED_FACE('',(#3253),#3264,.F.);
#3253 = FACE_BOUND('',#3254,.T.);
#3254 = EDGE_LOOP('',(#3255,#3256,#3262,#3263));
#3255 = ORIENTED_EDGE('',*,*,#397,.T.);
#3256 = ORIENTED_EDGE('',*,*,#3257,.T.);
#3257 = EDGE_CURVE('',#398,#1736,#3258,.T.);
#3258 = LINE('',#3259,#3260);
#3259 = CARTESIAN_POINT('',(86.29,-105.7385,-4.6E-02));
#3260 = VECTOR('',#3261,1.);
#3261 = DIRECTION('',(0.,0.,1.));
#3262 = ORIENTED_EDGE('',*,*,#1735,.F.);
#3263 = ORIENTED_EDGE('',*,*,#3257,.F.);
#3264 = CYLINDRICAL_SURFACE('',#3265,0.6985);
#3265 = AXIS2_PLACEMENT_3D('',#3266,#3267,#3268);
#3266 = CARTESIAN_POINT('',(86.29,-105.04,-4.6E-02));
#3267 = DIRECTION('',(-0.,0.,-1.));
#3268 = DIRECTION('',(2.034481705827E-14,-1.,-0.));
#3269 = ADVANCED_FACE('',(#3270),#3281,.F.);
#3270 = FACE_BOUND('',#3271,.T.);
#3271 = EDGE_LOOP('',(#3272,#3273,#3279,#3280));
#3272 = ORIENTED_EDGE('',*,*,#408,.T.);
#3273 = ORIENTED_EDGE('',*,*,#3274,.T.);
#3274 = EDGE_CURVE('',#409,#1747,#3275,.T.);
#3275 = LINE('',#3276,#3277);
#3276 = CARTESIAN_POINT('',(94.13,-116.02,-4.6E-02));
#3277 = VECTOR('',#3278,1.);
#3278 = DIRECTION('',(0.,0.,1.));
#3279 = ORIENTED_EDGE('',*,*,#1746,.F.);
#3280 = ORIENTED_EDGE('',*,*,#3274,.F.);
#3281 = CYLINDRICAL_SURFACE('',#3282,0.5);
#3282 = AXIS2_PLACEMENT_3D('',#3283,#3284,#3285);
#3283 = CARTESIAN_POINT('',(94.13,-115.52,-4.6E-02));
#3284 = DIRECTION('',(-0.,-0.,-1.));
#3285 = DIRECTION('',(-0.,-1.,0.));
#3286 = ADVANCED_FACE('',(#3287),#3298,.F.);
#3287 = FACE_BOUND('',#3288,.T.);
#3288 = EDGE_LOOP('',(#3289,#3290,#3296,#3297));
#3289 = ORIENTED_EDGE('',*,*,#419,.T.);
#3290 = ORIENTED_EDGE('',*,*,#3291,.T.);
#3291 = EDGE_CURVE('',#420,#1758,#3292,.T.);
#3292 = LINE('',#3293,#3294);
#3293 = CARTESIAN_POINT('',(94.13,-113.48,-4.6E-02));
#3294 = VECTOR('',#3295,1.);
#3295 = DIRECTION('',(0.,0.,1.));
#3296 = ORIENTED_EDGE('',*,*,#1757,.F.);
#3297 = ORIENTED_EDGE('',*,*,#3291,.F.);
#3298 = CYLINDRICAL_SURFACE('',#3299,0.5);
#3299 = AXIS2_PLACEMENT_3D('',#3300,#3301,#3302);
#3300 = CARTESIAN_POINT('',(94.13,-112.98,-4.6E-02));
#3301 = DIRECTION('',(-0.,-0.,-1.));
#3302 = DIRECTION('',(-0.,-1.,0.));
#3303 = ADVANCED_FACE('',(#3304),#3315,.F.);
#3304 = FACE_BOUND('',#3305,.T.);
#3305 = EDGE_LOOP('',(#3306,#3307,#3313,#3314));
#3306 = ORIENTED_EDGE('',*,*,#430,.T.);
#3307 = ORIENTED_EDGE('',*,*,#3308,.T.);
#3308 = EDGE_CURVE('',#431,#1769,#3309,.T.);
#3309 = LINE('',#3310,#3311);
#3310 = CARTESIAN_POINT('',(94.13,-110.94,-4.6E-02));
#3311 = VECTOR('',#3312,1.);
#3312 = DIRECTION('',(0.,0.,1.));
#3313 = ORIENTED_EDGE('',*,*,#1768,.F.);
#3314 = ORIENTED_EDGE('',*,*,#3308,.F.);
#3315 = CYLINDRICAL_SURFACE('',#3316,0.5);
#3316 = AXIS2_PLACEMENT_3D('',#3317,#3318,#3319);
#3317 = CARTESIAN_POINT('',(94.13,-110.44,-4.6E-02));
#3318 = DIRECTION('',(-0.,-0.,-1.));
#3319 = DIRECTION('',(-0.,-1.,0.));
#3320 = ADVANCED_FACE('',(#3321),#3332,.F.);
#3321 = FACE_BOUND('',#3322,.T.);
#3322 = EDGE_LOOP('',(#3323,#3324,#3330,#3331));
#3323 = ORIENTED_EDGE('',*,*,#441,.T.);
#3324 = ORIENTED_EDGE('',*,*,#3325,.T.);
#3325 = EDGE_CURVE('',#442,#1780,#3326,.T.);
#3326 = LINE('',#3327,#3328);
#3327 = CARTESIAN_POINT('',(105.22,-114.66,-4.6E-02));
#3328 = VECTOR('',#3329,1.);
#3329 = DIRECTION('',(0.,0.,1.));
#3330 = ORIENTED_EDGE('',*,*,#1779,.F.);
#3331 = ORIENTED_EDGE('',*,*,#3325,.F.);
#3332 = CYLINDRICAL_SURFACE('',#3333,0.5);
#3333 = AXIS2_PLACEMENT_3D('',#3334,#3335,#3336);
#3334 = CARTESIAN_POINT('',(105.22,-114.16,-4.6E-02));
#3335 = DIRECTION('',(-0.,-0.,-1.));
#3336 = DIRECTION('',(-0.,-1.,0.));
#3337 = ADVANCED_FACE('',(#3338),#3349,.F.);
#3338 = FACE_BOUND('',#3339,.T.);
#3339 = EDGE_LOOP('',(#3340,#3341,#3347,#3348));
#3340 = ORIENTED_EDGE('',*,*,#452,.T.);
#3341 = ORIENTED_EDGE('',*,*,#3342,.T.);
#3342 = EDGE_CURVE('',#453,#1791,#3343,.T.);
#3343 = LINE('',#3344,#3345);
#3344 = CARTESIAN_POINT('',(105.22,-112.12,-4.6E-02));
#3345 = VECTOR('',#3346,1.);
#3346 = DIRECTION('',(0.,0.,1.));
#3347 = ORIENTED_EDGE('',*,*,#1790,.F.);
#3348 = ORIENTED_EDGE('',*,*,#3342,.F.);
#3349 = CYLINDRICAL_SURFACE('',#3350,0.5);
#3350 = AXIS2_PLACEMENT_3D('',#3351,#3352,#3353);
#3351 = CARTESIAN_POINT('',(105.22,-111.62,-4.6E-02));
#3352 = DIRECTION('',(-0.,-0.,-1.));
#3353 = DIRECTION('',(-0.,-1.,0.));
#3354 = ADVANCED_FACE('',(#3355),#3366,.F.);
#3355 = FACE_BOUND('',#3356,.T.);
#3356 = EDGE_LOOP('',(#3357,#3358,#3364,#3365));
#3357 = ORIENTED_EDGE('',*,*,#463,.T.);
#3358 = ORIENTED_EDGE('',*,*,#3359,.T.);
#3359 = EDGE_CURVE('',#464,#1802,#3360,.T.);
#3360 = LINE('',#3361,#3362);
#3361 = CARTESIAN_POINT('',(94.13,-108.4,-4.6E-02));
#3362 = VECTOR('',#3363,1.);
#3363 = DIRECTION('',(0.,0.,1.));
#3364 = ORIENTED_EDGE('',*,*,#1801,.F.);
#3365 = ORIENTED_EDGE('',*,*,#3359,.F.);
#3366 = CYLINDRICAL_SURFACE('',#3367,0.5);
#3367 = AXIS2_PLACEMENT_3D('',#3368,#3369,#3370);
#3368 = CARTESIAN_POINT('',(94.13,-107.9,-4.6E-02));
#3369 = DIRECTION('',(-0.,-0.,-1.));
#3370 = DIRECTION('',(-0.,-1.,0.));
#3371 = ADVANCED_FACE('',(#3372),#3383,.F.);
#3372 = FACE_BOUND('',#3373,.T.);
#3373 = EDGE_LOOP('',(#3374,#3375,#3381,#3382));
#3374 = ORIENTED_EDGE('',*,*,#474,.T.);
#3375 = ORIENTED_EDGE('',*,*,#3376,.T.);
#3376 = EDGE_CURVE('',#475,#1813,#3377,.T.);
#3377 = LINE('',#3378,#3379);
#3378 = CARTESIAN_POINT('',(94.13,-105.86,-4.6E-02));
#3379 = VECTOR('',#3380,1.);
#3380 = DIRECTION('',(0.,0.,1.));
#3381 = ORIENTED_EDGE('',*,*,#1812,.F.);
#3382 = ORIENTED_EDGE('',*,*,#3376,.F.);
#3383 = CYLINDRICAL_SURFACE('',#3384,0.5);
#3384 = AXIS2_PLACEMENT_3D('',#3385,#3386,#3387);
#3385 = CARTESIAN_POINT('',(94.13,-105.36,-4.6E-02));
#3386 = DIRECTION('',(-0.,-0.,-1.));
#3387 = DIRECTION('',(-0.,-1.,0.));
#3388 = ADVANCED_FACE('',(#3389),#3400,.F.);
#3389 = FACE_BOUND('',#3390,.T.);
#3390 = EDGE_LOOP('',(#3391,#3392,#3398,#3399));
#3391 = ORIENTED_EDGE('',*,*,#485,.T.);
#3392 = ORIENTED_EDGE('',*,*,#3393,.T.);
#3393 = EDGE_CURVE('',#486,#1824,#3394,.T.);
#3394 = LINE('',#3395,#3396);
#3395 = CARTESIAN_POINT('',(105.22,-109.58,-4.6E-02));
#3396 = VECTOR('',#3397,1.);
#3397 = DIRECTION('',(0.,0.,1.));
#3398 = ORIENTED_EDGE('',*,*,#1823,.F.);
#3399 = ORIENTED_EDGE('',*,*,#3393,.F.);
#3400 = CYLINDRICAL_SURFACE('',#3401,0.5);
#3401 = AXIS2_PLACEMENT_3D('',#3402,#3403,#3404);
#3402 = CARTESIAN_POINT('',(105.22,-109.08,-4.6E-02));
#3403 = DIRECTION('',(-0.,-0.,-1.));
#3404 = DIRECTION('',(-0.,-1.,0.));
#3405 = ADVANCED_FACE('',(#3406),#3417,.F.);
#3406 = FACE_BOUND('',#3407,.T.);
#3407 = EDGE_LOOP('',(#3408,#3409,#3415,#3416));
#3408 = ORIENTED_EDGE('',*,*,#496,.T.);
#3409 = ORIENTED_EDGE('',*,*,#3410,.T.);
#3410 = EDGE_CURVE('',#497,#1835,#3411,.T.);
#3411 = LINE('',#3412,#3413);
#3412 = CARTESIAN_POINT('',(105.22,-107.04,-4.6E-02));
#3413 = VECTOR('',#3414,1.);
#3414 = DIRECTION('',(0.,0.,1.));
#3415 = ORIENTED_EDGE('',*,*,#1834,.F.);
#3416 = ORIENTED_EDGE('',*,*,#3410,.F.);
#3417 = CYLINDRICAL_SURFACE('',#3418,0.5);
#3418 = AXIS2_PLACEMENT_3D('',#3419,#3420,#3421);
#3419 = CARTESIAN_POINT('',(105.22,-106.54,-4.6E-02));
#3420 = DIRECTION('',(-0.,-0.,-1.));
#3421 = DIRECTION('',(-0.,-1.,0.));
#3422 = ADVANCED_FACE('',(#3423),#3434,.F.);
#3423 = FACE_BOUND('',#3424,.T.);
#3424 = EDGE_LOOP('',(#3425,#3426,#3432,#3433));
#3425 = ORIENTED_EDGE('',*,*,#507,.T.);
#3426 = ORIENTED_EDGE('',*,*,#3427,.T.);
#3427 = EDGE_CURVE('',#508,#1846,#3428,.T.);
#3428 = LINE('',#3429,#3430);
#3429 = CARTESIAN_POINT('',(123.,-119.74,-4.6E-02));
#3430 = VECTOR('',#3431,1.);
#3431 = DIRECTION('',(0.,0.,1.));
#3432 = ORIENTED_EDGE('',*,*,#1845,.F.);
#3433 = ORIENTED_EDGE('',*,*,#3427,.F.);
#3434 = CYLINDRICAL_SURFACE('',#3435,0.5);
#3435 = AXIS2_PLACEMENT_3D('',#3436,#3437,#3438);
#3436 = CARTESIAN_POINT('',(123.,-119.24,-4.6E-02));
#3437 = DIRECTION('',(-0.,-0.,-1.));
#3438 = DIRECTION('',(-0.,-1.,0.));
#3439 = ADVANCED_FACE('',(#3440),#3451,.F.);
#3440 = FACE_BOUND('',#3441,.T.);
#3441 = EDGE_LOOP('',(#3442,#3443,#3449,#3450));
#3442 = ORIENTED_EDGE('',*,*,#518,.T.);
#3443 = ORIENTED_EDGE('',*,*,#3444,.T.);
#3444 = EDGE_CURVE('',#519,#1857,#3445,.T.);
#3445 = LINE('',#3446,#3447);
#3446 = CARTESIAN_POINT('',(123.,-117.2,-4.6E-02));
#3447 = VECTOR('',#3448,1.);
#3448 = DIRECTION('',(0.,0.,1.));
#3449 = ORIENTED_EDGE('',*,*,#1856,.F.);
#3450 = ORIENTED_EDGE('',*,*,#3444,.F.);
#3451 = CYLINDRICAL_SURFACE('',#3452,0.5);
#3452 = AXIS2_PLACEMENT_3D('',#3453,#3454,#3455);
#3453 = CARTESIAN_POINT('',(123.,-116.7,-4.6E-02));
#3454 = DIRECTION('',(-0.,-0.,-1.));
#3455 = DIRECTION('',(-0.,-1.,0.));
#3456 = ADVANCED_FACE('',(#3457),#3468,.F.);
#3457 = FACE_BOUND('',#3458,.T.);
#3458 = EDGE_LOOP('',(#3459,#3460,#3466,#3467));
#3459 = ORIENTED_EDGE('',*,*,#529,.T.);
#3460 = ORIENTED_EDGE('',*,*,#3461,.T.);
#3461 = EDGE_CURVE('',#530,#1868,#3462,.T.);
#3462 = LINE('',#3463,#3464);
#3463 = CARTESIAN_POINT('',(123.,-114.66,-4.6E-02));
#3464 = VECTOR('',#3465,1.);
#3465 = DIRECTION('',(0.,0.,1.));
#3466 = ORIENTED_EDGE('',*,*,#1867,.F.);
#3467 = ORIENTED_EDGE('',*,*,#3461,.F.);
#3468 = CYLINDRICAL_SURFACE('',#3469,0.5);
#3469 = AXIS2_PLACEMENT_3D('',#3470,#3471,#3472);
#3470 = CARTESIAN_POINT('',(123.,-114.16,-4.6E-02));
#3471 = DIRECTION('',(-0.,-0.,-1.));
#3472 = DIRECTION('',(-0.,-1.,0.));
#3473 = ADVANCED_FACE('',(#3474),#3485,.F.);
#3474 = FACE_BOUND('',#3475,.T.);
#3475 = EDGE_LOOP('',(#3476,#3477,#3483,#3484));
#3476 = ORIENTED_EDGE('',*,*,#540,.T.);
#3477 = ORIENTED_EDGE('',*,*,#3478,.T.);
#3478 = EDGE_CURVE('',#541,#1879,#3479,.T.);
#3479 = LINE('',#3480,#3481);
#3480 = CARTESIAN_POINT('',(123.,-112.12,-4.6E-02));
#3481 = VECTOR('',#3482,1.);
#3482 = DIRECTION('',(0.,0.,1.));
#3483 = ORIENTED_EDGE('',*,*,#1878,.F.);
#3484 = ORIENTED_EDGE('',*,*,#3478,.F.);
#3485 = CYLINDRICAL_SURFACE('',#3486,0.5);
#3486 = AXIS2_PLACEMENT_3D('',#3487,#3488,#3489);
#3487 = CARTESIAN_POINT('',(123.,-111.62,-4.6E-02));
#3488 = DIRECTION('',(-0.,-0.,-1.));
#3489 = DIRECTION('',(-0.,-1.,0.));
#3490 = ADVANCED_FACE('',(#3491),#3502,.F.);
#3491 = FACE_BOUND('',#3492,.T.);
#3492 = EDGE_LOOP('',(#3493,#3494,#3500,#3501));
#3493 = ORIENTED_EDGE('',*,*,#551,.T.);
#3494 = ORIENTED_EDGE('',*,*,#3495,.T.);
#3495 = EDGE_CURVE('',#552,#1890,#3496,.T.);
#3496 = LINE('',#3497,#3498);
#3497 = CARTESIAN_POINT('',(123.,-109.58,-4.6E-02));
#3498 = VECTOR('',#3499,1.);
#3499 = DIRECTION('',(0.,0.,1.));
#3500 = ORIENTED_EDGE('',*,*,#1889,.F.);
#3501 = ORIENTED_EDGE('',*,*,#3495,.F.);
#3502 = CYLINDRICAL_SURFACE('',#3503,0.5);
#3503 = AXIS2_PLACEMENT_3D('',#3504,#3505,#3506);
#3504 = CARTESIAN_POINT('',(123.,-109.08,-4.6E-02));
#3505 = DIRECTION('',(-0.,-0.,-1.));
#3506 = DIRECTION('',(-0.,-1.,0.));
#3507 = ADVANCED_FACE('',(#3508),#3519,.F.);
#3508 = FACE_BOUND('',#3509,.T.);
#3509 = EDGE_LOOP('',(#3510,#3511,#3517,#3518));
#3510 = ORIENTED_EDGE('',*,*,#562,.T.);
#3511 = ORIENTED_EDGE('',*,*,#3512,.T.);
#3512 = EDGE_CURVE('',#563,#1901,#3513,.T.);
#3513 = LINE('',#3514,#3515);
#3514 = CARTESIAN_POINT('',(123.,-107.04,-4.6E-02));
#3515 = VECTOR('',#3516,1.);
#3516 = DIRECTION('',(0.,0.,1.));
#3517 = ORIENTED_EDGE('',*,*,#1900,.F.);
#3518 = ORIENTED_EDGE('',*,*,#3512,.F.);
#3519 = CYLINDRICAL_SURFACE('',#3520,0.5);
#3520 = AXIS2_PLACEMENT_3D('',#3521,#3522,#3523);
#3521 = CARTESIAN_POINT('',(123.,-106.54,-4.6E-02));
#3522 = DIRECTION('',(-0.,-0.,-1.));
#3523 = DIRECTION('',(-0.,-1.,0.));
#3524 = ADVANCED_FACE('',(#3525),#3536,.F.);
#3525 = FACE_BOUND('',#3526,.T.);
#3526 = EDGE_LOOP('',(#3527,#3528,#3534,#3535));
#3527 = ORIENTED_EDGE('',*,*,#573,.T.);
#3528 = ORIENTED_EDGE('',*,*,#3529,.T.);
#3529 = EDGE_CURVE('',#574,#1912,#3530,.T.);
#3530 = LINE('',#3531,#3532);
#3531 = CARTESIAN_POINT('',(147.75,-133.,-4.6E-02));
#3532 = VECTOR('',#3533,1.);
#3533 = DIRECTION('',(0.,0.,1.));
#3534 = ORIENTED_EDGE('',*,*,#1911,.F.);
#3535 = ORIENTED_EDGE('',*,*,#3529,.F.);
#3536 = CYLINDRICAL_SURFACE('',#3537,0.5);
#3537 = AXIS2_PLACEMENT_3D('',#3538,#3539,#3540);
#3538 = CARTESIAN_POINT('',(147.75,-132.5,-4.6E-02));
#3539 = DIRECTION('',(-0.,-0.,-1.));
#3540 = DIRECTION('',(-0.,-1.,0.));
#3541 = ADVANCED_FACE('',(#3542),#3553,.F.);
#3542 = FACE_BOUND('',#3543,.T.);
#3543 = EDGE_LOOP('',(#3544,#3545,#3551,#3552));
#3544 = ORIENTED_EDGE('',*,*,#584,.T.);
#3545 = ORIENTED_EDGE('',*,*,#3546,.T.);
#3546 = EDGE_CURVE('',#585,#1923,#3547,.T.);
#3547 = LINE('',#3548,#3549);
#3548 = CARTESIAN_POINT('',(151.25,-133.,-4.6E-02));
#3549 = VECTOR('',#3550,1.);
#3550 = DIRECTION('',(0.,0.,1.));
#3551 = ORIENTED_EDGE('',*,*,#1922,.F.);
#3552 = ORIENTED_EDGE('',*,*,#3546,.F.);
#3553 = CYLINDRICAL_SURFACE('',#3554,0.5);
#3554 = AXIS2_PLACEMENT_3D('',#3555,#3556,#3557);
#3555 = CARTESIAN_POINT('',(151.25,-132.5,-4.6E-02));
#3556 = DIRECTION('',(-0.,-0.,-1.));
#3557 = DIRECTION('',(-0.,-1.,0.));
#3558 = ADVANCED_FACE('',(#3559),#3570,.F.);
#3559 = FACE_BOUND('',#3560,.T.);
#3560 = EDGE_LOOP('',(#3561,#3562,#3568,#3569));
#3561 = ORIENTED_EDGE('',*,*,#595,.T.);
#3562 = ORIENTED_EDGE('',*,*,#3563,.T.);
#3563 = EDGE_CURVE('',#596,#1934,#3564,.T.);
#3564 = LINE('',#3565,#3566);
#3565 = CARTESIAN_POINT('',(212.668,-145.3595,-4.6E-02));
#3566 = VECTOR('',#3567,1.);
#3567 = DIRECTION('',(0.,0.,1.));
#3568 = ORIENTED_EDGE('',*,*,#1933,.F.);
#3569 = ORIENTED_EDGE('',*,*,#3563,.F.);
#3570 = CYLINDRICAL_SURFACE('',#3571,0.4445);
#3571 = AXIS2_PLACEMENT_3D('',#3572,#3573,#3574);
#3572 = CARTESIAN_POINT('',(212.668,-144.915,-4.6E-02));
#3573 = DIRECTION('',(-0.,-0.,-1.));
#3574 = DIRECTION('',(-0.,-1.,0.));
#3575 = ADVANCED_FACE('',(#3576),#3587,.F.);
#3576 = FACE_BOUND('',#3577,.T.);
#3577 = EDGE_LOOP('',(#3578,#3579,#3585,#3586));
#3578 = ORIENTED_EDGE('',*,*,#606,.T.);
#3579 = ORIENTED_EDGE('',*,*,#3580,.T.);
#3580 = EDGE_CURVE('',#607,#1945,#3581,.T.);
#3581 = LINE('',#3582,#3583);
#3582 = CARTESIAN_POINT('',(215.208,-145.3595,-4.6E-02));
#3583 = VECTOR('',#3584,1.);
#3584 = DIRECTION('',(0.,0.,1.));
#3585 = ORIENTED_EDGE('',*,*,#1944,.F.);
#3586 = ORIENTED_EDGE('',*,*,#3580,.F.);
#3587 = CYLINDRICAL_SURFACE('',#3588,0.4445);
#3588 = AXIS2_PLACEMENT_3D('',#3589,#3590,#3591);
#3589 = CARTESIAN_POINT('',(215.208,-144.915,-4.6E-02));
#3590 = DIRECTION('',(-0.,-0.,-1.));
#3591 = DIRECTION('',(-0.,-1.,0.));
#3592 = ADVANCED_FACE('',(#3593),#3604,.F.);
#3593 = FACE_BOUND('',#3594,.T.);
#3594 = EDGE_LOOP('',(#3595,#3596,#3602,#3603));
#3595 = ORIENTED_EDGE('',*,*,#617,.T.);
#3596 = ORIENTED_EDGE('',*,*,#3597,.T.);
#3597 = EDGE_CURVE('',#618,#1956,#3598,.T.);
#3598 = LINE('',#3599,#3600);
#3599 = CARTESIAN_POINT('',(217.748,-145.3595,-4.6E-02));
#3600 = VECTOR('',#3601,1.);
#3601 = DIRECTION('',(0.,0.,1.));
#3602 = ORIENTED_EDGE('',*,*,#1955,.F.);
#3603 = ORIENTED_EDGE('',*,*,#3597,.F.);
#3604 = CYLINDRICAL_SURFACE('',#3605,0.4445);
#3605 = AXIS2_PLACEMENT_3D('',#3606,#3607,#3608);
#3606 = CARTESIAN_POINT('',(217.748,-144.915,-4.6E-02));
#3607 = DIRECTION('',(-0.,-0.,-1.));
#3608 = DIRECTION('',(-0.,-1.,0.));
#3609 = ADVANCED_FACE('',(#3610),#3621,.F.);
#3610 = FACE_BOUND('',#3611,.T.);
#3611 = EDGE_LOOP('',(#3612,#3613,#3619,#3620));
#3612 = ORIENTED_EDGE('',*,*,#628,.T.);
#3613 = ORIENTED_EDGE('',*,*,#3614,.T.);
#3614 = EDGE_CURVE('',#629,#1967,#3615,.T.);
#3615 = LINE('',#3616,#3617);
#3616 = CARTESIAN_POINT('',(208.748,-141.8635,-4.6E-02));
#3617 = VECTOR('',#3618,1.);
#3618 = DIRECTION('',(0.,0.,1.));
#3619 = ORIENTED_EDGE('',*,*,#1966,.F.);
#3620 = ORIENTED_EDGE('',*,*,#3614,.F.);
#3621 = CYLINDRICAL_SURFACE('',#3622,0.6985);
#3622 = AXIS2_PLACEMENT_3D('',#3623,#3624,#3625);
#3623 = CARTESIAN_POINT('',(208.748,-141.165,-4.6E-02));
#3624 = DIRECTION('',(-0.,-0.,-1.));
#3625 = DIRECTION('',(-0.,-1.,0.));
#3626 = ADVANCED_FACE('',(#3627),#3638,.F.);
#3627 = FACE_BOUND('',#3628,.T.);
#3628 = EDGE_LOOP('',(#3629,#3630,#3636,#3637));
#3629 = ORIENTED_EDGE('',*,*,#639,.T.);
#3630 = ORIENTED_EDGE('',*,*,#3631,.T.);
#3631 = EDGE_CURVE('',#640,#1978,#3632,.T.);
#3632 = LINE('',#3633,#3634);
#3633 = CARTESIAN_POINT('',(206.248,-139.1095,-4.6E-02));
#3634 = VECTOR('',#3635,1.);
#3635 = DIRECTION('',(0.,0.,1.));
#3636 = ORIENTED_EDGE('',*,*,#1977,.F.);
#3637 = ORIENTED_EDGE('',*,*,#3631,.F.);
#3638 = CYLINDRICAL_SURFACE('',#3639,0.4445);
#3639 = AXIS2_PLACEMENT_3D('',#3640,#3641,#3642);
#3640 = CARTESIAN_POINT('',(206.248,-138.665,-4.6E-02));
#3641 = DIRECTION('',(-0.,-0.,-1.));
#3642 = DIRECTION('',(-0.,-1.,0.));
#3643 = ADVANCED_FACE('',(#3644),#3655,.F.);
#3644 = FACE_BOUND('',#3645,.T.);
#3645 = EDGE_LOOP('',(#3646,#3647,#3653,#3654));
#3646 = ORIENTED_EDGE('',*,*,#650,.T.);
#3647 = ORIENTED_EDGE('',*,*,#3648,.T.);
#3648 = EDGE_CURVE('',#651,#1989,#3649,.T.);
#3649 = LINE('',#3650,#3651);
#3650 = CARTESIAN_POINT('',(221.498,-141.8635,-4.6E-02));
#3651 = VECTOR('',#3652,1.);
#3652 = DIRECTION('',(0.,0.,1.));
#3653 = ORIENTED_EDGE('',*,*,#1988,.F.);
#3654 = ORIENTED_EDGE('',*,*,#3648,.F.);
#3655 = CYLINDRICAL_SURFACE('',#3656,0.6985);
#3656 = AXIS2_PLACEMENT_3D('',#3657,#3658,#3659);
#3657 = CARTESIAN_POINT('',(221.498,-141.165,-4.6E-02));
#3658 = DIRECTION('',(-0.,-0.,-1.));
#3659 = DIRECTION('',(-0.,-1.,0.));
#3660 = ADVANCED_FACE('',(#3661),#3672,.F.);
#3661 = FACE_BOUND('',#3662,.T.);
#3662 = EDGE_LOOP('',(#3663,#3664,#3670,#3671));
#3663 = ORIENTED_EDGE('',*,*,#661,.T.);
#3664 = ORIENTED_EDGE('',*,*,#3665,.T.);
#3665 = EDGE_CURVE('',#662,#2000,#3666,.T.);
#3666 = LINE('',#3667,#3668);
#3667 = CARTESIAN_POINT('',(197.63,-128.6,-4.6E-02));
#3668 = VECTOR('',#3669,1.);
#3669 = DIRECTION('',(0.,0.,1.));
#3670 = ORIENTED_EDGE('',*,*,#1999,.F.);
#3671 = ORIENTED_EDGE('',*,*,#3665,.F.);
#3672 = CYLINDRICAL_SURFACE('',#3673,1.6);
#3673 = AXIS2_PLACEMENT_3D('',#3674,#3675,#3676);
#3674 = CARTESIAN_POINT('',(197.63,-127.,-4.6E-02));
#3675 = DIRECTION('',(-0.,-0.,-1.));
#3676 = DIRECTION('',(-0.,-1.,0.));
#3677 = ADVANCED_FACE('',(#3678),#3689,.F.);
#3678 = FACE_BOUND('',#3679,.T.);
#3679 = EDGE_LOOP('',(#3680,#3681,#3687,#3688));
#3680 = ORIENTED_EDGE('',*,*,#672,.T.);
#3681 = ORIENTED_EDGE('',*,*,#3682,.T.);
#3682 = EDGE_CURVE('',#673,#2011,#3683,.T.);
#3683 = LINE('',#3684,#3685);
#3684 = CARTESIAN_POINT('',(206.248,-136.5695,-4.6E-02));
#3685 = VECTOR('',#3686,1.);
#3686 = DIRECTION('',(0.,0.,1.));
#3687 = ORIENTED_EDGE('',*,*,#2010,.F.);
#3688 = ORIENTED_EDGE('',*,*,#3682,.F.);
#3689 = CYLINDRICAL_SURFACE('',#3690,0.4445);
#3690 = AXIS2_PLACEMENT_3D('',#3691,#3692,#3693);
#3691 = CARTESIAN_POINT('',(206.248,-136.125,-4.6E-02));
#3692 = DIRECTION('',(-0.,-0.,-1.));
#3693 = DIRECTION('',(-0.,-1.,0.));
#3694 = ADVANCED_FACE('',(#3695),#3706,.F.);
#3695 = FACE_BOUND('',#3696,.T.);
#3696 = EDGE_LOOP('',(#3697,#3698,#3704,#3705));
#3697 = ORIENTED_EDGE('',*,*,#683,.T.);
#3698 = ORIENTED_EDGE('',*,*,#3699,.T.);
#3699 = EDGE_CURVE('',#684,#2022,#3700,.T.);
#3700 = LINE('',#3701,#3702);
#3701 = CARTESIAN_POINT('',(206.248,-134.0295,-4.6E-02));
#3702 = VECTOR('',#3703,1.);
#3703 = DIRECTION('',(0.,0.,1.));
#3704 = ORIENTED_EDGE('',*,*,#2021,.F.);
#3705 = ORIENTED_EDGE('',*,*,#3699,.F.);
#3706 = CYLINDRICAL_SURFACE('',#3707,0.4445);
#3707 = AXIS2_PLACEMENT_3D('',#3708,#3709,#3710);
#3708 = CARTESIAN_POINT('',(206.248,-133.585,-4.6E-02));
#3709 = DIRECTION('',(-0.,-0.,-1.));
#3710 = DIRECTION('',(-0.,-1.,0.));
#3711 = ADVANCED_FACE('',(#3712),#3723,.F.);
#3712 = FACE_BOUND('',#3713,.T.);
#3713 = EDGE_LOOP('',(#3714,#3715,#3721,#3722));
#3714 = ORIENTED_EDGE('',*,*,#694,.T.);
#3715 = ORIENTED_EDGE('',*,*,#3716,.T.);
#3716 = EDGE_CURVE('',#695,#2033,#3717,.T.);
#3717 = LINE('',#3718,#3719);
#3718 = CARTESIAN_POINT('',(208.748,-131.8635,-4.6E-02));
#3719 = VECTOR('',#3720,1.);
#3720 = DIRECTION('',(0.,0.,1.));
#3721 = ORIENTED_EDGE('',*,*,#2032,.F.);
#3722 = ORIENTED_EDGE('',*,*,#3716,.F.);
#3723 = CYLINDRICAL_SURFACE('',#3724,0.6985);
#3724 = AXIS2_PLACEMENT_3D('',#3725,#3726,#3727);
#3725 = CARTESIAN_POINT('',(208.748,-131.165,-4.6E-02));
#3726 = DIRECTION('',(-0.,-0.,-1.));
#3727 = DIRECTION('',(-0.,-1.,0.));
#3728 = ADVANCED_FACE('',(#3729),#3740,.F.);
#3729 = FACE_BOUND('',#3730,.T.);
#3730 = EDGE_LOOP('',(#3731,#3732,#3738,#3739));
#3731 = ORIENTED_EDGE('',*,*,#705,.T.);
#3732 = ORIENTED_EDGE('',*,*,#3733,.T.);
#3733 = EDGE_CURVE('',#706,#2044,#3734,.T.);
#3734 = LINE('',#3735,#3736);
#3735 = CARTESIAN_POINT('',(211.898,-130.615,-4.6E-02));
#3736 = VECTOR('',#3737,1.);
#3737 = DIRECTION('',(0.,0.,1.));
#3738 = ORIENTED_EDGE('',*,*,#2043,.F.);
#3739 = ORIENTED_EDGE('',*,*,#3733,.F.);
#3740 = CYLINDRICAL_SURFACE('',#3741,0.45);
#3741 = AXIS2_PLACEMENT_3D('',#3742,#3743,#3744);
#3742 = CARTESIAN_POINT('',(211.898,-130.165,-4.6E-02));
#3743 = DIRECTION('',(-0.,-0.,-1.));
#3744 = DIRECTION('',(-6.315935428979E-14,-1.,0.));
#3745 = ADVANCED_FACE('',(#3746),#3757,.F.);
#3746 = FACE_BOUND('',#3747,.T.);
#3747 = EDGE_LOOP('',(#3748,#3749,#3755,#3756));
#3748 = ORIENTED_EDGE('',*,*,#716,.T.);
#3749 = ORIENTED_EDGE('',*,*,#3750,.T.);
#3750 = EDGE_CURVE('',#717,#2055,#3751,.T.);
#3751 = LINE('',#3752,#3753);
#3752 = CARTESIAN_POINT('',(221.498,-131.8635,-4.6E-02));
#3753 = VECTOR('',#3754,1.);
#3754 = DIRECTION('',(0.,0.,1.));
#3755 = ORIENTED_EDGE('',*,*,#2054,.F.);
#3756 = ORIENTED_EDGE('',*,*,#3750,.F.);
#3757 = CYLINDRICAL_SURFACE('',#3758,0.6985);
#3758 = AXIS2_PLACEMENT_3D('',#3759,#3760,#3761);
#3759 = CARTESIAN_POINT('',(221.498,-131.165,-4.6E-02));
#3760 = DIRECTION('',(-0.,-0.,-1.));
#3761 = DIRECTION('',(-0.,-1.,0.));
#3762 = ADVANCED_FACE('',(#3763),#3774,.F.);
#3763 = FACE_BOUND('',#3764,.T.);
#3764 = EDGE_LOOP('',(#3765,#3766,#3772,#3773));
#3765 = ORIENTED_EDGE('',*,*,#727,.T.);
#3766 = ORIENTED_EDGE('',*,*,#3767,.T.);
#3767 = EDGE_CURVE('',#728,#2066,#3768,.T.);
#3768 = LINE('',#3769,#3770);
#3769 = CARTESIAN_POINT('',(218.248,-130.615,-4.6E-02));
#3770 = VECTOR('',#3771,1.);
#3771 = DIRECTION('',(0.,0.,1.));
#3772 = ORIENTED_EDGE('',*,*,#2065,.F.);
#3773 = ORIENTED_EDGE('',*,*,#3767,.F.);
#3774 = CYLINDRICAL_SURFACE('',#3775,0.45);
#3775 = AXIS2_PLACEMENT_3D('',#3776,#3777,#3778);
#3776 = CARTESIAN_POINT('',(218.248,-130.165,-4.6E-02));
#3777 = DIRECTION('',(-0.,-0.,-1.));
#3778 = DIRECTION('',(-0.,-1.,0.));
#3779 = ADVANCED_FACE('',(#3780),#3791,.F.);
#3780 = FACE_BOUND('',#3781,.T.);
#3781 = EDGE_LOOP('',(#3782,#3783,#3789,#3790));
#3782 = ORIENTED_EDGE('',*,*,#738,.T.);
#3783 = ORIENTED_EDGE('',*,*,#3784,.T.);
#3784 = EDGE_CURVE('',#739,#2077,#3785,.T.);
#3785 = LINE('',#3786,#3787);
#3786 = CARTESIAN_POINT('',(211.898,-126.015,-4.6E-02));
#3787 = VECTOR('',#3788,1.);
#3788 = DIRECTION('',(0.,0.,1.));
#3789 = ORIENTED_EDGE('',*,*,#2076,.F.);
#3790 = ORIENTED_EDGE('',*,*,#3784,.F.);
#3791 = CYLINDRICAL_SURFACE('',#3792,0.45);
#3792 = AXIS2_PLACEMENT_3D('',#3793,#3794,#3795);
#3793 = CARTESIAN_POINT('',(211.898,-125.565,-4.6E-02));
#3794 = DIRECTION('',(-0.,-0.,-1.));
#3795 = DIRECTION('',(-6.315935428979E-14,-1.,0.));
#3796 = ADVANCED_FACE('',(#3797),#3808,.F.);
#3797 = FACE_BOUND('',#3798,.T.);
#3798 = EDGE_LOOP('',(#3799,#3800,#3806,#3807));
#3799 = ORIENTED_EDGE('',*,*,#749,.T.);
#3800 = ORIENTED_EDGE('',*,*,#3801,.T.);
#3801 = EDGE_CURVE('',#750,#2088,#3802,.T.);
#3802 = LINE('',#3803,#3804);
#3803 = CARTESIAN_POINT('',(218.248,-126.015,-4.6E-02));
#3804 = VECTOR('',#3805,1.);
#3805 = DIRECTION('',(0.,0.,1.));
#3806 = ORIENTED_EDGE('',*,*,#2087,.F.);
#3807 = ORIENTED_EDGE('',*,*,#3801,.F.);
#3808 = CYLINDRICAL_SURFACE('',#3809,0.45);
#3809 = AXIS2_PLACEMENT_3D('',#3810,#3811,#3812);
#3810 = CARTESIAN_POINT('',(218.248,-125.565,-4.6E-02));
#3811 = DIRECTION('',(-0.,-0.,-1.));
#3812 = DIRECTION('',(-0.,-1.,0.));
#3813 = ADVANCED_FACE('',(#3814),#3825,.F.);
#3814 = FACE_BOUND('',#3815,.T.);
#3815 = EDGE_LOOP('',(#3816,#3817,#3823,#3824));
#3816 = ORIENTED_EDGE('',*,*,#760,.T.);
#3817 = ORIENTED_EDGE('',*,*,#3818,.T.);
#3818 = EDGE_CURVE('',#761,#2099,#3819,.T.);
#3819 = LINE('',#3820,#3821);
#3820 = CARTESIAN_POINT('',(71.04,-102.9845,-4.6E-02));
#3821 = VECTOR('',#3822,1.);
#3822 = DIRECTION('',(0.,0.,1.));
#3823 = ORIENTED_EDGE('',*,*,#2098,.F.);
#3824 = ORIENTED_EDGE('',*,*,#3818,.F.);
#3825 = CYLINDRICAL_SURFACE('',#3826,0.4445);
#3826 = AXIS2_PLACEMENT_3D('',#3827,#3828,#3829);
#3827 = CARTESIAN_POINT('',(71.04,-102.54,-4.6E-02));
#3828 = DIRECTION('',(-0.,0.,-1.));
#3829 = DIRECTION('',(3.197042680585E-14,-1.,-0.));
#3830 = ADVANCED_FACE('',(#3831),#3842,.F.);
#3831 = FACE_BOUND('',#3832,.T.);
#3832 = EDGE_LOOP('',(#3833,#3834,#3840,#3841));
#3833 = ORIENTED_EDGE('',*,*,#771,.T.);
#3834 = ORIENTED_EDGE('',*,*,#3835,.T.);
#3835 = EDGE_CURVE('',#772,#2110,#3836,.T.);
#3836 = LINE('',#3837,#3838);
#3837 = CARTESIAN_POINT('',(71.04,-100.4445,-4.6E-02));
#3838 = VECTOR('',#3839,1.);
#3839 = DIRECTION('',(0.,0.,1.));
#3840 = ORIENTED_EDGE('',*,*,#2109,.F.);
#3841 = ORIENTED_EDGE('',*,*,#3835,.F.);
#3842 = CYLINDRICAL_SURFACE('',#3843,0.4445);
#3843 = AXIS2_PLACEMENT_3D('',#3844,#3845,#3846);
#3844 = CARTESIAN_POINT('',(71.04,-100.,-4.6E-02));
#3845 = DIRECTION('',(-0.,0.,-1.));
#3846 = DIRECTION('',(3.197042680585E-14,-1.,-0.));
#3847 = ADVANCED_FACE('',(#3848),#3859,.F.);
#3848 = FACE_BOUND('',#3849,.T.);
#3849 = EDGE_LOOP('',(#3850,#3851,#3857,#3858));
#3850 = ORIENTED_EDGE('',*,*,#782,.T.);
#3851 = ORIENTED_EDGE('',*,*,#3852,.T.);
#3852 = EDGE_CURVE('',#783,#2121,#3853,.T.);
#3853 = LINE('',#3854,#3855);
#3854 = CARTESIAN_POINT('',(71.04,-97.9045,-4.6E-02));
#3855 = VECTOR('',#3856,1.);
#3856 = DIRECTION('',(0.,0.,1.));
#3857 = ORIENTED_EDGE('',*,*,#2120,.F.);
#3858 = ORIENTED_EDGE('',*,*,#3852,.F.);
#3859 = CYLINDRICAL_SURFACE('',#3860,0.4445);
#3860 = AXIS2_PLACEMENT_3D('',#3861,#3862,#3863);
#3861 = CARTESIAN_POINT('',(71.04,-97.46,-4.6E-02));
#3862 = DIRECTION('',(-0.,0.,-1.));
#3863 = DIRECTION('',(3.197042680585E-14,-1.,-0.));
#3864 = ADVANCED_FACE('',(#3865),#3876,.F.);
#3865 = FACE_BOUND('',#3866,.T.);
#3866 = EDGE_LOOP('',(#3867,#3868,#3874,#3875));
#3867 = ORIENTED_EDGE('',*,*,#793,.T.);
#3868 = ORIENTED_EDGE('',*,*,#3869,.T.);
#3869 = EDGE_CURVE('',#794,#2132,#3870,.T.);
#3870 = LINE('',#3871,#3872);
#3871 = CARTESIAN_POINT('',(73.54,-95.7385,-4.6E-02));
#3872 = VECTOR('',#3873,1.);
#3873 = DIRECTION('',(0.,0.,1.));
#3874 = ORIENTED_EDGE('',*,*,#2131,.F.);
#3875 = ORIENTED_EDGE('',*,*,#3869,.F.);
#3876 = CYLINDRICAL_SURFACE('',#3877,0.6985);
#3877 = AXIS2_PLACEMENT_3D('',#3878,#3879,#3880);
#3878 = CARTESIAN_POINT('',(73.54,-95.04,-4.6E-02));
#3879 = DIRECTION('',(-0.,0.,-1.));
#3880 = DIRECTION('',(2.034481705827E-14,-1.,-0.));
#3881 = ADVANCED_FACE('',(#3882),#3893,.F.);
#3882 = FACE_BOUND('',#3883,.T.);
#3883 = EDGE_LOOP('',(#3884,#3885,#3891,#3892));
#3884 = ORIENTED_EDGE('',*,*,#804,.T.);
#3885 = ORIENTED_EDGE('',*,*,#3886,.T.);
#3886 = EDGE_CURVE('',#805,#2143,#3887,.T.);
#3887 = LINE('',#3888,#3889);
#3888 = CARTESIAN_POINT('',(76.69,-94.49,-4.6E-02));
#3889 = VECTOR('',#3890,1.);
#3890 = DIRECTION('',(0.,0.,1.));
#3891 = ORIENTED_EDGE('',*,*,#2142,.F.);
#3892 = ORIENTED_EDGE('',*,*,#3886,.F.);
#3893 = CYLINDRICAL_SURFACE('',#3894,0.45);
#3894 = AXIS2_PLACEMENT_3D('',#3895,#3896,#3897);
#3895 = CARTESIAN_POINT('',(76.69,-94.04,-4.6E-02));
#3896 = DIRECTION('',(-0.,-0.,-1.));
#3897 = DIRECTION('',(-0.,-1.,0.));
#3898 = ADVANCED_FACE('',(#3899),#3910,.F.);
#3899 = FACE_BOUND('',#3900,.T.);
#3900 = EDGE_LOOP('',(#3901,#3902,#3908,#3909));
#3901 = ORIENTED_EDGE('',*,*,#815,.T.);
#3902 = ORIENTED_EDGE('',*,*,#3903,.T.);
#3903 = EDGE_CURVE('',#816,#2154,#3904,.T.);
#3904 = LINE('',#3905,#3906);
#3905 = CARTESIAN_POINT('',(83.04,-94.49,-4.6E-02));
#3906 = VECTOR('',#3907,1.);
#3907 = DIRECTION('',(0.,0.,1.));
#3908 = ORIENTED_EDGE('',*,*,#2153,.F.);
#3909 = ORIENTED_EDGE('',*,*,#3903,.F.);
#3910 = CYLINDRICAL_SURFACE('',#3911,0.45);
#3911 = AXIS2_PLACEMENT_3D('',#3912,#3913,#3914);
#3912 = CARTESIAN_POINT('',(83.04,-94.04,-4.6E-02));
#3913 = DIRECTION('',(-0.,0.,-1.));
#3914 = DIRECTION('',(3.157967714489E-14,-1.,-0.));
#3915 = ADVANCED_FACE('',(#3916),#3927,.F.);
#3916 = FACE_BOUND('',#3917,.T.);
#3917 = EDGE_LOOP('',(#3918,#3919,#3925,#3926));
#3918 = ORIENTED_EDGE('',*,*,#826,.T.);
#3919 = ORIENTED_EDGE('',*,*,#3920,.T.);
#3920 = EDGE_CURVE('',#827,#2165,#3921,.T.);
#3921 = LINE('',#3922,#3923);
#3922 = CARTESIAN_POINT('',(86.29,-95.7385,-4.6E-02));
#3923 = VECTOR('',#3924,1.);
#3924 = DIRECTION('',(0.,0.,1.));
#3925 = ORIENTED_EDGE('',*,*,#2164,.F.);
#3926 = ORIENTED_EDGE('',*,*,#3920,.F.);
#3927 = CYLINDRICAL_SURFACE('',#3928,0.6985);
#3928 = AXIS2_PLACEMENT_3D('',#3929,#3930,#3931);
#3929 = CARTESIAN_POINT('',(86.29,-95.04,-4.6E-02));
#3930 = DIRECTION('',(-0.,0.,-1.));
#3931 = DIRECTION('',(2.034481705827E-14,-1.,-0.));
#3932 = ADVANCED_FACE('',(#3933),#3944,.F.);
#3933 = FACE_BOUND('',#3934,.T.);
#3934 = EDGE_LOOP('',(#3935,#3936,#3942,#3943));
#3935 = ORIENTED_EDGE('',*,*,#837,.T.);
#3936 = ORIENTED_EDGE('',*,*,#3937,.T.);
#3937 = EDGE_CURVE('',#838,#2176,#3938,.T.);
#3938 = LINE('',#3939,#3940);
#3939 = CARTESIAN_POINT('',(94.13,-103.32,-4.6E-02));
#3940 = VECTOR('',#3941,1.);
#3941 = DIRECTION('',(0.,0.,1.));
#3942 = ORIENTED_EDGE('',*,*,#2175,.F.);
#3943 = ORIENTED_EDGE('',*,*,#3937,.F.);
#3944 = CYLINDRICAL_SURFACE('',#3945,0.5);
#3945 = AXIS2_PLACEMENT_3D('',#3946,#3947,#3948);
#3946 = CARTESIAN_POINT('',(94.13,-102.82,-4.6E-02));
#3947 = DIRECTION('',(-0.,-0.,-1.));
#3948 = DIRECTION('',(-0.,-1.,0.));
#3949 = ADVANCED_FACE('',(#3950),#3961,.F.);
#3950 = FACE_BOUND('',#3951,.T.);
#3951 = EDGE_LOOP('',(#3952,#3953,#3959,#3960));
#3952 = ORIENTED_EDGE('',*,*,#848,.T.);
#3953 = ORIENTED_EDGE('',*,*,#3954,.T.);
#3954 = EDGE_CURVE('',#849,#2187,#3955,.T.);
#3955 = LINE('',#3956,#3957);
#3956 = CARTESIAN_POINT('',(94.13,-100.78,-4.6E-02));
#3957 = VECTOR('',#3958,1.);
#3958 = DIRECTION('',(0.,0.,1.));
#3959 = ORIENTED_EDGE('',*,*,#2186,.F.);
#3960 = ORIENTED_EDGE('',*,*,#3954,.F.);
#3961 = CYLINDRICAL_SURFACE('',#3962,0.5);
#3962 = AXIS2_PLACEMENT_3D('',#3963,#3964,#3965);
#3963 = CARTESIAN_POINT('',(94.13,-100.28,-4.6E-02));
#3964 = DIRECTION('',(-0.,-0.,-1.));
#3965 = DIRECTION('',(-0.,-1.,0.));
#3966 = ADVANCED_FACE('',(#3967),#3978,.F.);
#3967 = FACE_BOUND('',#3968,.T.);
#3968 = EDGE_LOOP('',(#3969,#3970,#3976,#3977));
#3969 = ORIENTED_EDGE('',*,*,#859,.T.);
#3970 = ORIENTED_EDGE('',*,*,#3971,.T.);
#3971 = EDGE_CURVE('',#860,#2198,#3972,.T.);
#3972 = LINE('',#3973,#3974);
#3973 = CARTESIAN_POINT('',(105.22,-104.5,-4.6E-02));
#3974 = VECTOR('',#3975,1.);
#3975 = DIRECTION('',(0.,0.,1.));
#3976 = ORIENTED_EDGE('',*,*,#2197,.F.);
#3977 = ORIENTED_EDGE('',*,*,#3971,.F.);
#3978 = CYLINDRICAL_SURFACE('',#3979,0.5);
#3979 = AXIS2_PLACEMENT_3D('',#3980,#3981,#3982);
#3980 = CARTESIAN_POINT('',(105.22,-104.,-4.6E-02));
#3981 = DIRECTION('',(-0.,-0.,-1.));
#3982 = DIRECTION('',(-0.,-1.,0.));
#3983 = ADVANCED_FACE('',(#3984),#3995,.F.);
#3984 = FACE_BOUND('',#3985,.T.);
#3985 = EDGE_LOOP('',(#3986,#3987,#3993,#3994));
#3986 = ORIENTED_EDGE('',*,*,#870,.T.);
#3987 = ORIENTED_EDGE('',*,*,#3988,.T.);
#3988 = EDGE_CURVE('',#871,#2209,#3989,.T.);
#3989 = LINE('',#3990,#3991);
#3990 = CARTESIAN_POINT('',(105.22,-101.96,-4.6E-02));
#3991 = VECTOR('',#3992,1.);
#3992 = DIRECTION('',(0.,0.,1.));
#3993 = ORIENTED_EDGE('',*,*,#2208,.F.);
#3994 = ORIENTED_EDGE('',*,*,#3988,.F.);
#3995 = CYLINDRICAL_SURFACE('',#3996,0.5);
#3996 = AXIS2_PLACEMENT_3D('',#3997,#3998,#3999);
#3997 = CARTESIAN_POINT('',(105.22,-101.46,-4.6E-02));
#3998 = DIRECTION('',(-0.,-0.,-1.));
#3999 = DIRECTION('',(-0.,-1.,0.));
#4000 = ADVANCED_FACE('',(#4001),#4012,.F.);
#4001 = FACE_BOUND('',#4002,.T.);
#4002 = EDGE_LOOP('',(#4003,#4004,#4010,#4011));
#4003 = ORIENTED_EDGE('',*,*,#881,.T.);
#4004 = ORIENTED_EDGE('',*,*,#4005,.T.);
#4005 = EDGE_CURVE('',#882,#2220,#4006,.T.);
#4006 = LINE('',#4007,#4008);
#4007 = CARTESIAN_POINT('',(94.13,-98.24,-4.6E-02));
#4008 = VECTOR('',#4009,1.);
#4009 = DIRECTION('',(0.,0.,1.));
#4010 = ORIENTED_EDGE('',*,*,#2219,.F.);
#4011 = ORIENTED_EDGE('',*,*,#4005,.F.);
#4012 = CYLINDRICAL_SURFACE('',#4013,0.5);
#4013 = AXIS2_PLACEMENT_3D('',#4014,#4015,#4016);
#4014 = CARTESIAN_POINT('',(94.13,-97.74,-4.6E-02));
#4015 = DIRECTION('',(-0.,-0.,-1.));
#4016 = DIRECTION('',(-0.,-1.,0.));
#4017 = ADVANCED_FACE('',(#4018),#4029,.F.);
#4018 = FACE_BOUND('',#4019,.T.);
#4019 = EDGE_LOOP('',(#4020,#4021,#4027,#4028));
#4020 = ORIENTED_EDGE('',*,*,#892,.T.);
#4021 = ORIENTED_EDGE('',*,*,#4022,.T.);
#4022 = EDGE_CURVE('',#893,#2231,#4023,.T.);
#4023 = LINE('',#4024,#4025);
#4024 = CARTESIAN_POINT('',(94.13,-95.7,-4.6E-02));
#4025 = VECTOR('',#4026,1.);
#4026 = DIRECTION('',(0.,0.,1.));
#4027 = ORIENTED_EDGE('',*,*,#2230,.F.);
#4028 = ORIENTED_EDGE('',*,*,#4022,.F.);
#4029 = CYLINDRICAL_SURFACE('',#4030,0.5);
#4030 = AXIS2_PLACEMENT_3D('',#4031,#4032,#4033);
#4031 = CARTESIAN_POINT('',(94.13,-95.2,-4.6E-02));
#4032 = DIRECTION('',(-0.,-0.,-1.));
#4033 = DIRECTION('',(-0.,-1.,0.));
#4034 = ADVANCED_FACE('',(#4035),#4046,.F.);
#4035 = FACE_BOUND('',#4036,.T.);
#4036 = EDGE_LOOP('',(#4037,#4038,#4044,#4045));
#4037 = ORIENTED_EDGE('',*,*,#903,.T.);
#4038 = ORIENTED_EDGE('',*,*,#4039,.T.);
#4039 = EDGE_CURVE('',#904,#2242,#4040,.T.);
#4040 = LINE('',#4041,#4042);
#4041 = CARTESIAN_POINT('',(105.22,-99.42,-4.6E-02));
#4042 = VECTOR('',#4043,1.);
#4043 = DIRECTION('',(0.,0.,1.));
#4044 = ORIENTED_EDGE('',*,*,#2241,.F.);
#4045 = ORIENTED_EDGE('',*,*,#4039,.F.);
#4046 = CYLINDRICAL_SURFACE('',#4047,0.5);
#4047 = AXIS2_PLACEMENT_3D('',#4048,#4049,#4050);
#4048 = CARTESIAN_POINT('',(105.22,-98.92,-4.6E-02));
#4049 = DIRECTION('',(-0.,-0.,-1.));
#4050 = DIRECTION('',(-0.,-1.,0.));
#4051 = ADVANCED_FACE('',(#4052),#4063,.F.);
#4052 = FACE_BOUND('',#4053,.T.);
#4053 = EDGE_LOOP('',(#4054,#4055,#4061,#4062));
#4054 = ORIENTED_EDGE('',*,*,#914,.T.);
#4055 = ORIENTED_EDGE('',*,*,#4056,.T.);
#4056 = EDGE_CURVE('',#915,#2253,#4057,.T.);
#4057 = LINE('',#4058,#4059);
#4058 = CARTESIAN_POINT('',(105.22,-96.88,-4.6E-02));
#4059 = VECTOR('',#4060,1.);
#4060 = DIRECTION('',(0.,0.,1.));
#4061 = ORIENTED_EDGE('',*,*,#2252,.F.);
#4062 = ORIENTED_EDGE('',*,*,#4056,.F.);
#4063 = CYLINDRICAL_SURFACE('',#4064,0.5);
#4064 = AXIS2_PLACEMENT_3D('',#4065,#4066,#4067);
#4065 = CARTESIAN_POINT('',(105.22,-96.38,-4.6E-02));
#4066 = DIRECTION('',(-0.,-0.,-1.));
#4067 = DIRECTION('',(-0.,-1.,0.));
#4068 = ADVANCED_FACE('',(#4069),#4080,.F.);
#4069 = FACE_BOUND('',#4070,.T.);
#4070 = EDGE_LOOP('',(#4071,#4072,#4078,#4079));
#4071 = ORIENTED_EDGE('',*,*,#925,.T.);
#4072 = ORIENTED_EDGE('',*,*,#4073,.T.);
#4073 = EDGE_CURVE('',#926,#2264,#4074,.T.);
#4074 = LINE('',#4075,#4076);
#4075 = CARTESIAN_POINT('',(105.22,-94.34,-4.6E-02));
#4076 = VECTOR('',#4077,1.);
#4077 = DIRECTION('',(0.,0.,1.));
#4078 = ORIENTED_EDGE('',*,*,#2263,.F.);
#4079 = ORIENTED_EDGE('',*,*,#4073,.F.);
#4080 = CYLINDRICAL_SURFACE('',#4081,0.5);
#4081 = AXIS2_PLACEMENT_3D('',#4082,#4083,#4084);
#4082 = CARTESIAN_POINT('',(105.22,-93.84,-4.6E-02));
#4083 = DIRECTION('',(-0.,-0.,-1.));
#4084 = DIRECTION('',(-0.,-1.,0.));
#4085 = ADVANCED_FACE('',(#4086),#4097,.F.);
#4086 = FACE_BOUND('',#4087,.T.);
#4087 = EDGE_LOOP('',(#4088,#4089,#4095,#4096));
#4088 = ORIENTED_EDGE('',*,*,#936,.T.);
#4089 = ORIENTED_EDGE('',*,*,#4090,.T.);
#4090 = EDGE_CURVE('',#937,#2275,#4091,.T.);
#4091 = LINE('',#4092,#4093);
#4092 = CARTESIAN_POINT('',(76.69,-89.89,-4.6E-02));
#4093 = VECTOR('',#4094,1.);
#4094 = DIRECTION('',(0.,0.,1.));
#4095 = ORIENTED_EDGE('',*,*,#2274,.F.);
#4096 = ORIENTED_EDGE('',*,*,#4090,.F.);
#4097 = CYLINDRICAL_SURFACE('',#4098,0.45);
#4098 = AXIS2_PLACEMENT_3D('',#4099,#4100,#4101);
#4099 = CARTESIAN_POINT('',(76.69,-89.44,-4.6E-02));
#4100 = DIRECTION('',(-0.,-0.,-1.));
#4101 = DIRECTION('',(-0.,-1.,0.));
#4102 = ADVANCED_FACE('',(#4103),#4114,.F.);
#4103 = FACE_BOUND('',#4104,.T.);
#4104 = EDGE_LOOP('',(#4105,#4106,#4112,#4113));
#4105 = ORIENTED_EDGE('',*,*,#947,.T.);
#4106 = ORIENTED_EDGE('',*,*,#4107,.T.);
#4107 = EDGE_CURVE('',#948,#2286,#4108,.T.);
#4108 = LINE('',#4109,#4110);
#4109 = CARTESIAN_POINT('',(83.04,-89.89,-4.6E-02));
#4110 = VECTOR('',#4111,1.);
#4111 = DIRECTION('',(0.,0.,1.));
#4112 = ORIENTED_EDGE('',*,*,#2285,.F.);
#4113 = ORIENTED_EDGE('',*,*,#4107,.F.);
#4114 = CYLINDRICAL_SURFACE('',#4115,0.45);
#4115 = AXIS2_PLACEMENT_3D('',#4116,#4117,#4118);
#4116 = CARTESIAN_POINT('',(83.04,-89.44,-4.6E-02));
#4117 = DIRECTION('',(-0.,0.,-1.));
#4118 = DIRECTION('',(3.157967714489E-14,-1.,-0.));
#4119 = ADVANCED_FACE('',(#4120),#4131,.F.);
#4120 = FACE_BOUND('',#4121,.T.);
#4121 = EDGE_LOOP('',(#4122,#4123,#4129,#4130));
#4122 = ORIENTED_EDGE('',*,*,#958,.T.);
#4123 = ORIENTED_EDGE('',*,*,#4124,.T.);
#4124 = EDGE_CURVE('',#959,#2297,#4125,.T.);
#4125 = LINE('',#4126,#4127);
#4126 = CARTESIAN_POINT('',(94.13,-93.16,-4.6E-02));
#4127 = VECTOR('',#4128,1.);
#4128 = DIRECTION('',(0.,0.,1.));
#4129 = ORIENTED_EDGE('',*,*,#2296,.F.);
#4130 = ORIENTED_EDGE('',*,*,#4124,.F.);
#4131 = CYLINDRICAL_SURFACE('',#4132,0.5);
#4132 = AXIS2_PLACEMENT_3D('',#4133,#4134,#4135);
#4133 = CARTESIAN_POINT('',(94.13,-92.66,-4.6E-02));
#4134 = DIRECTION('',(-0.,-0.,-1.));
#4135 = DIRECTION('',(-0.,-1.,0.));
#4136 = ADVANCED_FACE('',(#4137),#4148,.F.);
#4137 = FACE_BOUND('',#4138,.T.);
#4138 = EDGE_LOOP('',(#4139,#4140,#4146,#4147));
#4139 = ORIENTED_EDGE('',*,*,#969,.T.);
#4140 = ORIENTED_EDGE('',*,*,#4141,.T.);
#4141 = EDGE_CURVE('',#970,#2308,#4142,.T.);
#4142 = LINE('',#4143,#4144);
#4143 = CARTESIAN_POINT('',(94.13,-90.62,-4.6E-02));
#4144 = VECTOR('',#4145,1.);
#4145 = DIRECTION('',(0.,0.,1.));
#4146 = ORIENTED_EDGE('',*,*,#2307,.F.);
#4147 = ORIENTED_EDGE('',*,*,#4141,.F.);
#4148 = CYLINDRICAL_SURFACE('',#4149,0.5);
#4149 = AXIS2_PLACEMENT_3D('',#4150,#4151,#4152);
#4150 = CARTESIAN_POINT('',(94.13,-90.12,-4.6E-02));
#4151 = DIRECTION('',(-0.,-0.,-1.));
#4152 = DIRECTION('',(-0.,-1.,0.));
#4153 = ADVANCED_FACE('',(#4154),#4165,.F.);
#4154 = FACE_BOUND('',#4155,.T.);
#4155 = EDGE_LOOP('',(#4156,#4157,#4163,#4164));
#4156 = ORIENTED_EDGE('',*,*,#980,.T.);
#4157 = ORIENTED_EDGE('',*,*,#4158,.T.);
#4158 = EDGE_CURVE('',#981,#2319,#4159,.T.);
#4159 = LINE('',#4160,#4161);
#4160 = CARTESIAN_POINT('',(105.22,-91.8,-4.6E-02));
#4161 = VECTOR('',#4162,1.);
#4162 = DIRECTION('',(0.,0.,1.));
#4163 = ORIENTED_EDGE('',*,*,#2318,.F.);
#4164 = ORIENTED_EDGE('',*,*,#4158,.F.);
#4165 = CYLINDRICAL_SURFACE('',#4166,0.5);
#4166 = AXIS2_PLACEMENT_3D('',#4167,#4168,#4169);
#4167 = CARTESIAN_POINT('',(105.22,-91.3,-4.6E-02));
#4168 = DIRECTION('',(-0.,-0.,-1.));
#4169 = DIRECTION('',(-0.,-1.,0.));
#4170 = ADVANCED_FACE('',(#4171),#4182,.F.);
#4171 = FACE_BOUND('',#4172,.T.);
#4172 = EDGE_LOOP('',(#4173,#4174,#4180,#4181));
#4173 = ORIENTED_EDGE('',*,*,#991,.T.);
#4174 = ORIENTED_EDGE('',*,*,#4175,.T.);
#4175 = EDGE_CURVE('',#992,#2330,#4176,.T.);
#4176 = LINE('',#4177,#4178);
#4177 = CARTESIAN_POINT('',(105.22,-89.26,-4.6E-02));
#4178 = VECTOR('',#4179,1.);
#4179 = DIRECTION('',(0.,0.,1.));
#4180 = ORIENTED_EDGE('',*,*,#2329,.F.);
#4181 = ORIENTED_EDGE('',*,*,#4175,.F.);
#4182 = CYLINDRICAL_SURFACE('',#4183,0.5);
#4183 = AXIS2_PLACEMENT_3D('',#4184,#4185,#4186);
#4184 = CARTESIAN_POINT('',(105.22,-88.76,-4.6E-02));
#4185 = DIRECTION('',(-0.,-0.,-1.));
#4186 = DIRECTION('',(-0.,-1.,0.));
#4187 = ADVANCED_FACE('',(#4188),#4199,.F.);
#4188 = FACE_BOUND('',#4189,.T.);
#4189 = EDGE_LOOP('',(#4190,#4191,#4197,#4198));
#4190 = ORIENTED_EDGE('',*,*,#1002,.T.);
#4191 = ORIENTED_EDGE('',*,*,#4192,.T.);
#4192 = EDGE_CURVE('',#1003,#2341,#4193,.T.);
#4193 = LINE('',#4194,#4195);
#4194 = CARTESIAN_POINT('',(94.13,-88.08,-4.6E-02));
#4195 = VECTOR('',#4196,1.);
#4196 = DIRECTION('',(0.,0.,1.));
#4197 = ORIENTED_EDGE('',*,*,#2340,.F.);
#4198 = ORIENTED_EDGE('',*,*,#4192,.F.);
#4199 = CYLINDRICAL_SURFACE('',#4200,0.5);
#4200 = AXIS2_PLACEMENT_3D('',#4201,#4202,#4203);
#4201 = CARTESIAN_POINT('',(94.13,-87.58,-4.6E-02));
#4202 = DIRECTION('',(-0.,-0.,-1.));
#4203 = DIRECTION('',(-0.,-1.,0.));
#4204 = ADVANCED_FACE('',(#4205),#4216,.F.);
#4205 = FACE_BOUND('',#4206,.T.);
#4206 = EDGE_LOOP('',(#4207,#4208,#4214,#4215));
#4207 = ORIENTED_EDGE('',*,*,#1013,.T.);
#4208 = ORIENTED_EDGE('',*,*,#4209,.T.);
#4209 = EDGE_CURVE('',#1014,#2352,#4210,.T.);
#4210 = LINE('',#4211,#4212);
#4211 = CARTESIAN_POINT('',(94.13,-85.54,-4.6E-02));
#4212 = VECTOR('',#4213,1.);
#4213 = DIRECTION('',(0.,0.,1.));
#4214 = ORIENTED_EDGE('',*,*,#2351,.F.);
#4215 = ORIENTED_EDGE('',*,*,#4209,.F.);
#4216 = CYLINDRICAL_SURFACE('',#4217,0.5);
#4217 = AXIS2_PLACEMENT_3D('',#4218,#4219,#4220);
#4218 = CARTESIAN_POINT('',(94.13,-85.04,-4.6E-02));
#4219 = DIRECTION('',(-0.,-0.,-1.));
#4220 = DIRECTION('',(-0.,-1.,0.));
#4221 = ADVANCED_FACE('',(#4222),#4233,.F.);
#4222 = FACE_BOUND('',#4223,.T.);
#4223 = EDGE_LOOP('',(#4224,#4225,#4231,#4232));
#4224 = ORIENTED_EDGE('',*,*,#1024,.T.);
#4225 = ORIENTED_EDGE('',*,*,#4226,.T.);
#4226 = EDGE_CURVE('',#1025,#2363,#4227,.T.);
#4227 = LINE('',#4228,#4229);
#4228 = CARTESIAN_POINT('',(105.22,-86.72,-4.6E-02));
#4229 = VECTOR('',#4230,1.);
#4230 = DIRECTION('',(0.,0.,1.));
#4231 = ORIENTED_EDGE('',*,*,#2362,.F.);
#4232 = ORIENTED_EDGE('',*,*,#4226,.F.);
#4233 = CYLINDRICAL_SURFACE('',#4234,0.5);
#4234 = AXIS2_PLACEMENT_3D('',#4235,#4236,#4237);
#4235 = CARTESIAN_POINT('',(105.22,-86.22,-4.6E-02));
#4236 = DIRECTION('',(-0.,-0.,-1.));
#4237 = DIRECTION('',(-0.,-1.,0.));
#4238 = ADVANCED_FACE('',(#4239),#4250,.F.);
#4239 = FACE_BOUND('',#4240,.T.);
#4240 = EDGE_LOOP('',(#4241,#4242,#4248,#4249));
#4241 = ORIENTED_EDGE('',*,*,#1035,.T.);
#4242 = ORIENTED_EDGE('',*,*,#4243,.T.);
#4243 = EDGE_CURVE('',#1036,#2374,#4244,.T.);
#4244 = LINE('',#4245,#4246);
#4245 = CARTESIAN_POINT('',(105.22,-84.18,-4.6E-02));
#4246 = VECTOR('',#4247,1.);
#4247 = DIRECTION('',(0.,0.,1.));
#4248 = ORIENTED_EDGE('',*,*,#2373,.F.);
#4249 = ORIENTED_EDGE('',*,*,#4243,.F.);
#4250 = CYLINDRICAL_SURFACE('',#4251,0.5);
#4251 = AXIS2_PLACEMENT_3D('',#4252,#4253,#4254);
#4252 = CARTESIAN_POINT('',(105.22,-83.68,-4.6E-02));
#4253 = DIRECTION('',(-0.,-0.,-1.));
#4254 = DIRECTION('',(-0.,-1.,0.));
#4255 = ADVANCED_FACE('',(#4256),#4267,.F.);
#4256 = FACE_BOUND('',#4257,.T.);
#4257 = EDGE_LOOP('',(#4258,#4259,#4265,#4266));
#4258 = ORIENTED_EDGE('',*,*,#1046,.T.);
#4259 = ORIENTED_EDGE('',*,*,#4260,.T.);
#4260 = EDGE_CURVE('',#1047,#2385,#4261,.T.);
#4261 = LINE('',#4262,#4263);
#4262 = CARTESIAN_POINT('',(123.,-104.5,-4.6E-02));
#4263 = VECTOR('',#4264,1.);
#4264 = DIRECTION('',(0.,0.,1.));
#4265 = ORIENTED_EDGE('',*,*,#2384,.F.);
#4266 = ORIENTED_EDGE('',*,*,#4260,.F.);
#4267 = CYLINDRICAL_SURFACE('',#4268,0.5);
#4268 = AXIS2_PLACEMENT_3D('',#4269,#4270,#4271);
#4269 = CARTESIAN_POINT('',(123.,-104.,-4.6E-02));
#4270 = DIRECTION('',(-0.,-0.,-1.));
#4271 = DIRECTION('',(-0.,-1.,0.));
#4272 = ADVANCED_FACE('',(#4273),#4284,.F.);
#4273 = FACE_BOUND('',#4274,.T.);
#4274 = EDGE_LOOP('',(#4275,#4276,#4282,#4283));
#4275 = ORIENTED_EDGE('',*,*,#1057,.T.);
#4276 = ORIENTED_EDGE('',*,*,#4277,.T.);
#4277 = EDGE_CURVE('',#1058,#2396,#4278,.T.);
#4278 = LINE('',#4279,#4280);
#4279 = CARTESIAN_POINT('',(123.,-101.96,-4.6E-02));
#4280 = VECTOR('',#4281,1.);
#4281 = DIRECTION('',(0.,0.,1.));
#4282 = ORIENTED_EDGE('',*,*,#2395,.F.);
#4283 = ORIENTED_EDGE('',*,*,#4277,.F.);
#4284 = CYLINDRICAL_SURFACE('',#4285,0.5);
#4285 = AXIS2_PLACEMENT_3D('',#4286,#4287,#4288);
#4286 = CARTESIAN_POINT('',(123.,-101.46,-4.6E-02));
#4287 = DIRECTION('',(-0.,-0.,-1.));
#4288 = DIRECTION('',(-0.,-1.,0.));
#4289 = ADVANCED_FACE('',(#4290),#4301,.F.);
#4290 = FACE_BOUND('',#4291,.T.);
#4291 = EDGE_LOOP('',(#4292,#4293,#4299,#4300));
#4292 = ORIENTED_EDGE('',*,*,#1068,.T.);
#4293 = ORIENTED_EDGE('',*,*,#4294,.T.);
#4294 = EDGE_CURVE('',#1069,#2407,#4295,.T.);
#4295 = LINE('',#4296,#4297);
#4296 = CARTESIAN_POINT('',(123.,-99.42,-4.6E-02));
#4297 = VECTOR('',#4298,1.);
#4298 = DIRECTION('',(0.,0.,1.));
#4299 = ORIENTED_EDGE('',*,*,#2406,.F.);
#4300 = ORIENTED_EDGE('',*,*,#4294,.F.);
#4301 = CYLINDRICAL_SURFACE('',#4302,0.5);
#4302 = AXIS2_PLACEMENT_3D('',#4303,#4304,#4305);
#4303 = CARTESIAN_POINT('',(123.,-98.92,-4.6E-02));
#4304 = DIRECTION('',(-0.,-0.,-1.));
#4305 = DIRECTION('',(-0.,-1.,0.));
#4306 = ADVANCED_FACE('',(#4307),#4318,.F.);
#4307 = FACE_BOUND('',#4308,.T.);
#4308 = EDGE_LOOP('',(#4309,#4310,#4316,#4317));
#4309 = ORIENTED_EDGE('',*,*,#1079,.T.);
#4310 = ORIENTED_EDGE('',*,*,#4311,.T.);
#4311 = EDGE_CURVE('',#1080,#2418,#4312,.T.);
#4312 = LINE('',#4313,#4314);
#4313 = CARTESIAN_POINT('',(123.,-96.88,-4.6E-02));
#4314 = VECTOR('',#4315,1.);
#4315 = DIRECTION('',(0.,0.,1.));
#4316 = ORIENTED_EDGE('',*,*,#2417,.F.);
#4317 = ORIENTED_EDGE('',*,*,#4311,.F.);
#4318 = CYLINDRICAL_SURFACE('',#4319,0.5);
#4319 = AXIS2_PLACEMENT_3D('',#4320,#4321,#4322);
#4320 = CARTESIAN_POINT('',(123.,-96.38,-4.6E-02));
#4321 = DIRECTION('',(-0.,-0.,-1.));
#4322 = DIRECTION('',(-0.,-1.,0.));
#4323 = ADVANCED_FACE('',(#4324),#4335,.F.);
#4324 = FACE_BOUND('',#4325,.T.);
#4325 = EDGE_LOOP('',(#4326,#4327,#4333,#4334));
#4326 = ORIENTED_EDGE('',*,*,#1090,.T.);
#4327 = ORIENTED_EDGE('',*,*,#4328,.T.);
#4328 = EDGE_CURVE('',#1091,#2429,#4329,.T.);
#4329 = LINE('',#4330,#4331);
#4330 = CARTESIAN_POINT('',(123.,-94.34,-4.6E-02));
#4331 = VECTOR('',#4332,1.);
#4332 = DIRECTION('',(0.,0.,1.));
#4333 = ORIENTED_EDGE('',*,*,#2428,.F.);
#4334 = ORIENTED_EDGE('',*,*,#4328,.F.);
#4335 = CYLINDRICAL_SURFACE('',#4336,0.5);
#4336 = AXIS2_PLACEMENT_3D('',#4337,#4338,#4339);
#4337 = CARTESIAN_POINT('',(123.,-93.84,-4.6E-02));
#4338 = DIRECTION('',(-0.,-0.,-1.));
#4339 = DIRECTION('',(-0.,-1.,0.));
#4340 = ADVANCED_FACE('',(#4341),#4352,.F.);
#4341 = FACE_BOUND('',#4342,.T.);
#4342 = EDGE_LOOP('',(#4343,#4344,#4350,#4351));
#4343 = ORIENTED_EDGE('',*,*,#1101,.T.);
#4344 = ORIENTED_EDGE('',*,*,#4345,.T.);
#4345 = EDGE_CURVE('',#1102,#2440,#4346,.T.);
#4346 = LINE('',#4347,#4348);
#4347 = CARTESIAN_POINT('',(123.,-91.8,-4.6E-02));
#4348 = VECTOR('',#4349,1.);
#4349 = DIRECTION('',(0.,0.,1.));
#4350 = ORIENTED_EDGE('',*,*,#2439,.F.);
#4351 = ORIENTED_EDGE('',*,*,#4345,.F.);
#4352 = CYLINDRICAL_SURFACE('',#4353,0.5);
#4353 = AXIS2_PLACEMENT_3D('',#4354,#4355,#4356);
#4354 = CARTESIAN_POINT('',(123.,-91.3,-4.6E-02));
#4355 = DIRECTION('',(-0.,-0.,-1.));
#4356 = DIRECTION('',(-0.,-1.,0.));
#4357 = ADVANCED_FACE('',(#4358),#4369,.F.);
#4358 = FACE_BOUND('',#4359,.T.);
#4359 = EDGE_LOOP('',(#4360,#4361,#4367,#4368));
#4360 = ORIENTED_EDGE('',*,*,#1112,.T.);
#4361 = ORIENTED_EDGE('',*,*,#4362,.T.);
#4362 = EDGE_CURVE('',#1113,#2451,#4363,.T.);
#4363 = LINE('',#4364,#4365);
#4364 = CARTESIAN_POINT('',(123.,-89.26,-4.6E-02));
#4365 = VECTOR('',#4366,1.);
#4366 = DIRECTION('',(0.,0.,1.));
#4367 = ORIENTED_EDGE('',*,*,#2450,.F.);
#4368 = ORIENTED_EDGE('',*,*,#4362,.F.);
#4369 = CYLINDRICAL_SURFACE('',#4370,0.5);
#4370 = AXIS2_PLACEMENT_3D('',#4371,#4372,#4373);
#4371 = CARTESIAN_POINT('',(123.,-88.76,-4.6E-02));
#4372 = DIRECTION('',(-0.,-0.,-1.));
#4373 = DIRECTION('',(-0.,-1.,0.));
#4374 = ADVANCED_FACE('',(#4375),#4386,.F.);
#4375 = FACE_BOUND('',#4376,.T.);
#4376 = EDGE_LOOP('',(#4377,#4378,#4384,#4385));
#4377 = ORIENTED_EDGE('',*,*,#1123,.T.);
#4378 = ORIENTED_EDGE('',*,*,#4379,.T.);
#4379 = EDGE_CURVE('',#1124,#2462,#4380,.T.);
#4380 = LINE('',#4381,#4382);
#4381 = CARTESIAN_POINT('',(123.,-86.72,-4.6E-02));
#4382 = VECTOR('',#4383,1.);
#4383 = DIRECTION('',(0.,0.,1.));
#4384 = ORIENTED_EDGE('',*,*,#2461,.F.);
#4385 = ORIENTED_EDGE('',*,*,#4379,.F.);
#4386 = CYLINDRICAL_SURFACE('',#4387,0.5);
#4387 = AXIS2_PLACEMENT_3D('',#4388,#4389,#4390);
#4388 = CARTESIAN_POINT('',(123.,-86.22,-4.6E-02));
#4389 = DIRECTION('',(-0.,-0.,-1.));
#4390 = DIRECTION('',(-0.,-1.,0.));
#4391 = ADVANCED_FACE('',(#4392),#4403,.F.);
#4392 = FACE_BOUND('',#4393,.T.);
#4393 = EDGE_LOOP('',(#4394,#4395,#4401,#4402));
#4394 = ORIENTED_EDGE('',*,*,#1134,.T.);
#4395 = ORIENTED_EDGE('',*,*,#4396,.T.);
#4396 = EDGE_CURVE('',#1135,#2473,#4397,.T.);
#4397 = LINE('',#4398,#4399);
#4398 = CARTESIAN_POINT('',(123.,-84.18,-4.6E-02));
#4399 = VECTOR('',#4400,1.);
#4400 = DIRECTION('',(0.,0.,1.));
#4401 = ORIENTED_EDGE('',*,*,#2472,.F.);
#4402 = ORIENTED_EDGE('',*,*,#4396,.F.);
#4403 = CYLINDRICAL_SURFACE('',#4404,0.5);
#4404 = AXIS2_PLACEMENT_3D('',#4405,#4406,#4407);
#4405 = CARTESIAN_POINT('',(123.,-83.68,-4.6E-02));
#4406 = DIRECTION('',(-0.,-0.,-1.));
#4407 = DIRECTION('',(-0.,-1.,0.));
#4408 = ADVANCED_FACE('',(#4409),#4420,.F.);
#4409 = FACE_BOUND('',#4410,.T.);
#4410 = EDGE_LOOP('',(#4411,#4412,#4418,#4419));
#4411 = ORIENTED_EDGE('',*,*,#1145,.T.);
#4412 = ORIENTED_EDGE('',*,*,#4413,.T.);
#4413 = EDGE_CURVE('',#1146,#2484,#4414,.T.);
#4414 = LINE('',#4415,#4416);
#4415 = CARTESIAN_POINT('',(79.375,-75.205,-4.6E-02));
#4416 = VECTOR('',#4417,1.);
#4417 = DIRECTION('',(0.,0.,1.));
#4418 = ORIENTED_EDGE('',*,*,#2483,.F.);
#4419 = ORIENTED_EDGE('',*,*,#4413,.F.);
#4420 = CYLINDRICAL_SURFACE('',#4421,0.25);
#4421 = AXIS2_PLACEMENT_3D('',#4422,#4423,#4424);
#4422 = CARTESIAN_POINT('',(79.375,-74.955,-4.6E-02));
#4423 = DIRECTION('',(-0.,-0.,-1.));
#4424 = DIRECTION('',(-0.,-1.,0.));
#4425 = ADVANCED_FACE('',(#4426),#4437,.F.);
#4426 = FACE_BOUND('',#4427,.T.);
#4427 = EDGE_LOOP('',(#4428,#4429,#4435,#4436));
#4428 = ORIENTED_EDGE('',*,*,#1156,.T.);
#4429 = ORIENTED_EDGE('',*,*,#4430,.T.);
#4430 = EDGE_CURVE('',#1157,#2495,#4431,.T.);
#4431 = LINE('',#4432,#4433);
#4432 = CARTESIAN_POINT('',(80.625,-75.205,-4.6E-02));
#4433 = VECTOR('',#4434,1.);
#4434 = DIRECTION('',(0.,0.,1.));
#4435 = ORIENTED_EDGE('',*,*,#2494,.F.);
#4436 = ORIENTED_EDGE('',*,*,#4430,.F.);
#4437 = CYLINDRICAL_SURFACE('',#4438,0.25);
#4438 = AXIS2_PLACEMENT_3D('',#4439,#4440,#4441);
#4439 = CARTESIAN_POINT('',(80.625,-74.955,-4.6E-02));
#4440 = DIRECTION('',(-0.,-0.,-1.));
#4441 = DIRECTION('',(-0.,-1.,0.));
#4442 = ADVANCED_FACE('',(#4443),#4454,.F.);
#4443 = FACE_BOUND('',#4444,.T.);
#4444 = EDGE_LOOP('',(#4445,#4446,#4452,#4453));
#4445 = ORIENTED_EDGE('',*,*,#1167,.T.);
#4446 = ORIENTED_EDGE('',*,*,#4447,.T.);
#4447 = EDGE_CURVE('',#1168,#2506,#4448,.T.);
#4448 = LINE('',#4449,#4450);
#4449 = CARTESIAN_POINT('',(94.13,-83.,-4.6E-02));
#4450 = VECTOR('',#4451,1.);
#4451 = DIRECTION('',(0.,0.,1.));
#4452 = ORIENTED_EDGE('',*,*,#2505,.F.);
#4453 = ORIENTED_EDGE('',*,*,#4447,.F.);
#4454 = CYLINDRICAL_SURFACE('',#4455,0.5);
#4455 = AXIS2_PLACEMENT_3D('',#4456,#4457,#4458);
#4456 = CARTESIAN_POINT('',(94.13,-82.5,-4.6E-02));
#4457 = DIRECTION('',(-0.,-0.,-1.));
#4458 = DIRECTION('',(-0.,-1.,0.));
#4459 = ADVANCED_FACE('',(#4460),#4471,.F.);
#4460 = FACE_BOUND('',#4461,.T.);
#4461 = EDGE_LOOP('',(#4462,#4463,#4469,#4470));
#4462 = ORIENTED_EDGE('',*,*,#1178,.T.);
#4463 = ORIENTED_EDGE('',*,*,#4464,.T.);
#4464 = EDGE_CURVE('',#1179,#2517,#4465,.T.);
#4465 = LINE('',#4466,#4467);
#4466 = CARTESIAN_POINT('',(105.22,-81.64,-4.6E-02));
#4467 = VECTOR('',#4468,1.);
#4468 = DIRECTION('',(0.,0.,1.));
#4469 = ORIENTED_EDGE('',*,*,#2516,.F.);
#4470 = ORIENTED_EDGE('',*,*,#4464,.F.);
#4471 = CYLINDRICAL_SURFACE('',#4472,0.5);
#4472 = AXIS2_PLACEMENT_3D('',#4473,#4474,#4475);
#4473 = CARTESIAN_POINT('',(105.22,-81.14,-4.6E-02));
#4474 = DIRECTION('',(-0.,-0.,-1.));
#4475 = DIRECTION('',(-0.,-1.,0.));
#4476 = ADVANCED_FACE('',(#4477),#4488,.F.);
#4477 = FACE_BOUND('',#4478,.T.);
#4478 = EDGE_LOOP('',(#4479,#4480,#4486,#4487));
#4479 = ORIENTED_EDGE('',*,*,#1189,.T.);
#4480 = ORIENTED_EDGE('',*,*,#4481,.T.);
#4481 = EDGE_CURVE('',#1190,#2528,#4482,.T.);
#4482 = LINE('',#4483,#4484);
#4483 = CARTESIAN_POINT('',(105.22,-79.1,-4.6E-02));
#4484 = VECTOR('',#4485,1.);
#4485 = DIRECTION('',(0.,0.,1.));
#4486 = ORIENTED_EDGE('',*,*,#2527,.F.);
#4487 = ORIENTED_EDGE('',*,*,#4481,.F.);
#4488 = CYLINDRICAL_SURFACE('',#4489,0.5);
#4489 = AXIS2_PLACEMENT_3D('',#4490,#4491,#4492);
#4490 = CARTESIAN_POINT('',(105.22,-78.6,-4.6E-02));
#4491 = DIRECTION('',(-0.,-0.,-1.));
#4492 = DIRECTION('',(-0.,-1.,0.));
#4493 = ADVANCED_FACE('',(#4494),#4505,.F.);
#4494 = FACE_BOUND('',#4495,.T.);
#4495 = EDGE_LOOP('',(#4496,#4497,#4503,#4504));
#4496 = ORIENTED_EDGE('',*,*,#1200,.T.);
#4497 = ORIENTED_EDGE('',*,*,#4498,.T.);
#4498 = EDGE_CURVE('',#1201,#2539,#4499,.T.);
#4499 = LINE('',#4500,#4501);
#4500 = CARTESIAN_POINT('',(105.22,-76.56,-4.6E-02));
#4501 = VECTOR('',#4502,1.);
#4502 = DIRECTION('',(0.,0.,1.));
#4503 = ORIENTED_EDGE('',*,*,#2538,.F.);
#4504 = ORIENTED_EDGE('',*,*,#4498,.F.);
#4505 = CYLINDRICAL_SURFACE('',#4506,0.5);
#4506 = AXIS2_PLACEMENT_3D('',#4507,#4508,#4509);
#4507 = CARTESIAN_POINT('',(105.22,-76.06,-4.6E-02));
#4508 = DIRECTION('',(-0.,-0.,-1.));
#4509 = DIRECTION('',(-0.,-1.,0.));
#4510 = ADVANCED_FACE('',(#4511),#4522,.F.);
#4511 = FACE_BOUND('',#4512,.T.);
#4512 = EDGE_LOOP('',(#4513,#4514,#4520,#4521));
#4513 = ORIENTED_EDGE('',*,*,#1211,.T.);
#4514 = ORIENTED_EDGE('',*,*,#4515,.T.);
#4515 = EDGE_CURVE('',#1212,#2550,#4516,.T.);
#4516 = LINE('',#4517,#4518);
#4517 = CARTESIAN_POINT('',(105.22,-74.02,-4.6E-02));
#4518 = VECTOR('',#4519,1.);
#4519 = DIRECTION('',(0.,0.,1.));
#4520 = ORIENTED_EDGE('',*,*,#2549,.F.);
#4521 = ORIENTED_EDGE('',*,*,#4515,.F.);
#4522 = CYLINDRICAL_SURFACE('',#4523,0.5);
#4523 = AXIS2_PLACEMENT_3D('',#4524,#4525,#4526);
#4524 = CARTESIAN_POINT('',(105.22,-73.52,-4.6E-02));
#4525 = DIRECTION('',(-0.,-0.,-1.));
#4526 = DIRECTION('',(-0.,-1.,0.));
#4527 = ADVANCED_FACE('',(#4528),#4539,.F.);
#4528 = FACE_BOUND('',#4529,.T.);
#4529 = EDGE_LOOP('',(#4530,#4531,#4537,#4538));
#4530 = ORIENTED_EDGE('',*,*,#1222,.T.);
#4531 = ORIENTED_EDGE('',*,*,#4532,.T.);
#4532 = EDGE_CURVE('',#1223,#2561,#4533,.T.);
#4533 = LINE('',#4534,#4535);
#4534 = CARTESIAN_POINT('',(95.63,-72.9,-4.6E-02));
#4535 = VECTOR('',#4536,1.);
#4536 = DIRECTION('',(0.,0.,1.));
#4537 = ORIENTED_EDGE('',*,*,#2560,.F.);
#4538 = ORIENTED_EDGE('',*,*,#4532,.F.);
#4539 = CYLINDRICAL_SURFACE('',#4540,1.6);
#4540 = AXIS2_PLACEMENT_3D('',#4541,#4542,#4543);
#4541 = CARTESIAN_POINT('',(95.63,-71.3,-4.6E-02));
#4542 = DIRECTION('',(-0.,-0.,-1.));
#4543 = DIRECTION('',(-0.,-1.,0.));
#4544 = ADVANCED_FACE('',(#4545),#4556,.F.);
#4545 = FACE_BOUND('',#4546,.T.);
#4546 = EDGE_LOOP('',(#4547,#4548,#4554,#4555));
#4547 = ORIENTED_EDGE('',*,*,#1233,.T.);
#4548 = ORIENTED_EDGE('',*,*,#4549,.T.);
#4549 = EDGE_CURVE('',#1234,#2572,#4550,.T.);
#4550 = LINE('',#4551,#4552);
#4551 = CARTESIAN_POINT('',(105.22,-71.48,-4.6E-02));
#4552 = VECTOR('',#4553,1.);
#4553 = DIRECTION('',(0.,0.,1.));
#4554 = ORIENTED_EDGE('',*,*,#2571,.F.);
#4555 = ORIENTED_EDGE('',*,*,#4549,.F.);
#4556 = CYLINDRICAL_SURFACE('',#4557,0.5);
#4557 = AXIS2_PLACEMENT_3D('',#4558,#4559,#4560);
#4558 = CARTESIAN_POINT('',(105.22,-70.98,-4.6E-02));
#4559 = DIRECTION('',(-0.,-0.,-1.));
#4560 = DIRECTION('',(-0.,-1.,0.));
#4561 = ADVANCED_FACE('',(#4562),#4573,.F.);
#4562 = FACE_BOUND('',#4563,.T.);
#4563 = EDGE_LOOP('',(#4564,#4565,#4571,#4572));
#4564 = ORIENTED_EDGE('',*,*,#1244,.T.);
#4565 = ORIENTED_EDGE('',*,*,#4566,.T.);
#4566 = EDGE_CURVE('',#1245,#2583,#4567,.T.);
#4567 = LINE('',#4568,#4569);
#4568 = CARTESIAN_POINT('',(123.,-81.64,-4.6E-02));
#4569 = VECTOR('',#4570,1.);
#4570 = DIRECTION('',(0.,0.,1.));
#4571 = ORIENTED_EDGE('',*,*,#2582,.F.);
#4572 = ORIENTED_EDGE('',*,*,#4566,.F.);
#4573 = CYLINDRICAL_SURFACE('',#4574,0.5);
#4574 = AXIS2_PLACEMENT_3D('',#4575,#4576,#4577);
#4575 = CARTESIAN_POINT('',(123.,-81.14,-4.6E-02));
#4576 = DIRECTION('',(-0.,-0.,-1.));
#4577 = DIRECTION('',(-0.,-1.,0.));
#4578 = ADVANCED_FACE('',(#4579),#4590,.F.);
#4579 = FACE_BOUND('',#4580,.T.);
#4580 = EDGE_LOOP('',(#4581,#4582,#4588,#4589));
#4581 = ORIENTED_EDGE('',*,*,#1255,.T.);
#4582 = ORIENTED_EDGE('',*,*,#4583,.T.);
#4583 = EDGE_CURVE('',#1256,#2594,#4584,.T.);
#4584 = LINE('',#4585,#4586);
#4585 = CARTESIAN_POINT('',(123.,-79.1,-4.6E-02));
#4586 = VECTOR('',#4587,1.);
#4587 = DIRECTION('',(0.,0.,1.));
#4588 = ORIENTED_EDGE('',*,*,#2593,.F.);
#4589 = ORIENTED_EDGE('',*,*,#4583,.F.);
#4590 = CYLINDRICAL_SURFACE('',#4591,0.5);
#4591 = AXIS2_PLACEMENT_3D('',#4592,#4593,#4594);
#4592 = CARTESIAN_POINT('',(123.,-78.6,-4.6E-02));
#4593 = DIRECTION('',(-0.,-0.,-1.));
#4594 = DIRECTION('',(-0.,-1.,0.));
#4595 = ADVANCED_FACE('',(#4596),#4607,.F.);
#4596 = FACE_BOUND('',#4597,.T.);
#4597 = EDGE_LOOP('',(#4598,#4599,#4605,#4606));
#4598 = ORIENTED_EDGE('',*,*,#1266,.T.);
#4599 = ORIENTED_EDGE('',*,*,#4600,.T.);
#4600 = EDGE_CURVE('',#1267,#2605,#4601,.T.);
#4601 = LINE('',#4602,#4603);
#4602 = CARTESIAN_POINT('',(111.685,-75.065,-4.6E-02));
#4603 = VECTOR('',#4604,1.);
#4604 = DIRECTION('',(0.,0.,1.));
#4605 = ORIENTED_EDGE('',*,*,#2604,.F.);
#4606 = ORIENTED_EDGE('',*,*,#4600,.F.);
#4607 = CYLINDRICAL_SURFACE('',#4608,0.925);
#4608 = AXIS2_PLACEMENT_3D('',#4609,#4610,#4611);
#4609 = CARTESIAN_POINT('',(111.685,-74.14,-4.6E-02));
#4610 = DIRECTION('',(-0.,-0.,-1.));
#4611 = DIRECTION('',(-0.,-1.,0.));
#4612 = ADVANCED_FACE('',(#4613),#4624,.F.);
#4613 = FACE_BOUND('',#4614,.T.);
#4614 = EDGE_LOOP('',(#4615,#4616,#4622,#4623));
#4615 = ORIENTED_EDGE('',*,*,#1277,.T.);
#4616 = ORIENTED_EDGE('',*,*,#4617,.T.);
#4617 = EDGE_CURVE('',#1278,#2616,#4618,.T.);
#4618 = LINE('',#4619,#4620);
#4619 = CARTESIAN_POINT('',(116.535,-75.065,-4.6E-02));
#4620 = VECTOR('',#4621,1.);
#4621 = DIRECTION('',(0.,0.,1.));
#4622 = ORIENTED_EDGE('',*,*,#2615,.F.);
#4623 = ORIENTED_EDGE('',*,*,#4617,.F.);
#4624 = CYLINDRICAL_SURFACE('',#4625,0.925);
#4625 = AXIS2_PLACEMENT_3D('',#4626,#4627,#4628);
#4626 = CARTESIAN_POINT('',(116.535,-74.14,-4.6E-02));
#4627 = DIRECTION('',(-0.,-0.,-1.));
#4628 = DIRECTION('',(-0.,-1.,0.));
#4629 = ADVANCED_FACE('',(#4630),#4641,.F.);
#4630 = FACE_BOUND('',#4631,.T.);
#4631 = EDGE_LOOP('',(#4632,#4633,#4639,#4640));
#4632 = ORIENTED_EDGE('',*,*,#1288,.T.);
#4633 = ORIENTED_EDGE('',*,*,#4634,.T.);
#4634 = EDGE_CURVE('',#1289,#2627,#4635,.T.);
#4635 = LINE('',#4636,#4637);
#4636 = CARTESIAN_POINT('',(123.,-76.56,-4.6E-02));
#4637 = VECTOR('',#4638,1.);
#4638 = DIRECTION('',(0.,0.,1.));
#4639 = ORIENTED_EDGE('',*,*,#2626,.F.);
#4640 = ORIENTED_EDGE('',*,*,#4634,.F.);
#4641 = CYLINDRICAL_SURFACE('',#4642,0.5);
#4642 = AXIS2_PLACEMENT_3D('',#4643,#4644,#4645);
#4643 = CARTESIAN_POINT('',(123.,-76.06,-4.6E-02));
#4644 = DIRECTION('',(-0.,-0.,-1.));
#4645 = DIRECTION('',(-0.,-1.,0.));
#4646 = ADVANCED_FACE('',(#4647),#4658,.F.);
#4647 = FACE_BOUND('',#4648,.T.);
#4648 = EDGE_LOOP('',(#4649,#4650,#4656,#4657));
#4649 = ORIENTED_EDGE('',*,*,#1299,.T.);
#4650 = ORIENTED_EDGE('',*,*,#4651,.T.);
#4651 = EDGE_CURVE('',#1300,#2638,#4652,.T.);
#4652 = LINE('',#4653,#4654);
#4653 = CARTESIAN_POINT('',(123.,-74.02,-4.6E-02));
#4654 = VECTOR('',#4655,1.);
#4655 = DIRECTION('',(0.,0.,1.));
#4656 = ORIENTED_EDGE('',*,*,#2637,.F.);
#4657 = ORIENTED_EDGE('',*,*,#4651,.F.);
#4658 = CYLINDRICAL_SURFACE('',#4659,0.5);
#4659 = AXIS2_PLACEMENT_3D('',#4660,#4661,#4662);
#4660 = CARTESIAN_POINT('',(123.,-73.52,-4.6E-02));
#4661 = DIRECTION('',(-0.,-0.,-1.));
#4662 = DIRECTION('',(-0.,-1.,0.));
#4663 = ADVANCED_FACE('',(#4664),#4675,.F.);
#4664 = FACE_BOUND('',#4665,.T.);
#4665 = EDGE_LOOP('',(#4666,#4667,#4673,#4674));
#4666 = ORIENTED_EDGE('',*,*,#1310,.T.);
#4667 = ORIENTED_EDGE('',*,*,#4668,.T.);
#4668 = EDGE_CURVE('',#1311,#2649,#4669,.T.);
#4669 = LINE('',#4670,#4671);
#4670 = CARTESIAN_POINT('',(111.385,-72.21,-4.6E-02));
#4671 = VECTOR('',#4672,1.);
#4672 = DIRECTION('',(0.,0.,1.));
#4673 = ORIENTED_EDGE('',*,*,#2648,.F.);
#4674 = ORIENTED_EDGE('',*,*,#4668,.F.);
#4675 = CYLINDRICAL_SURFACE('',#4676,1.1);
#4676 = AXIS2_PLACEMENT_3D('',#4677,#4678,#4679);
#4677 = CARTESIAN_POINT('',(111.385,-71.11,-4.6E-02));
#4678 = DIRECTION('',(-0.,0.,-1.));
#4679 = DIRECTION('',(1.2918958832E-14,-1.,-0.));
#4680 = ADVANCED_FACE('',(#4681),#4692,.F.);
#4681 = FACE_BOUND('',#4682,.T.);
#4682 = EDGE_LOOP('',(#4683,#4684,#4690,#4691));
#4683 = ORIENTED_EDGE('',*,*,#1321,.T.);
#4684 = ORIENTED_EDGE('',*,*,#4685,.T.);
#4685 = EDGE_CURVE('',#1322,#2660,#4686,.T.);
#4686 = LINE('',#4687,#4688);
#4687 = CARTESIAN_POINT('',(116.835,-72.21,-4.6E-02));
#4688 = VECTOR('',#4689,1.);
#4689 = DIRECTION('',(0.,0.,1.));
#4690 = ORIENTED_EDGE('',*,*,#2659,.F.);
#4691 = ORIENTED_EDGE('',*,*,#4685,.F.);
#4692 = CYLINDRICAL_SURFACE('',#4693,1.1);
#4693 = AXIS2_PLACEMENT_3D('',#4694,#4695,#4696);
#4694 = CARTESIAN_POINT('',(116.835,-71.11,-4.6E-02));
#4695 = DIRECTION('',(-0.,-0.,-1.));
#4696 = DIRECTION('',(-1.2918958832E-14,-1.,0.));
#4697 = ADVANCED_FACE('',(#4698),#4709,.F.);
#4698 = FACE_BOUND('',#4699,.T.);
#4699 = EDGE_LOOP('',(#4700,#4701,#4707,#4708));
#4700 = ORIENTED_EDGE('',*,*,#1332,.T.);
#4701 = ORIENTED_EDGE('',*,*,#4702,.T.);
#4702 = EDGE_CURVE('',#1333,#2671,#4703,.T.);
#4703 = LINE('',#4704,#4705);
#4704 = CARTESIAN_POINT('',(123.,-71.48,-4.6E-02));
#4705 = VECTOR('',#4706,1.);
#4706 = DIRECTION('',(0.,0.,1.));
#4707 = ORIENTED_EDGE('',*,*,#2670,.F.);
#4708 = ORIENTED_EDGE('',*,*,#4702,.F.);
#4709 = CYLINDRICAL_SURFACE('',#4710,0.5);
#4710 = AXIS2_PLACEMENT_3D('',#4711,#4712,#4713);
#4711 = CARTESIAN_POINT('',(123.,-70.98,-4.6E-02));
#4712 = DIRECTION('',(-0.,-0.,-1.));
#4713 = DIRECTION('',(-0.,-1.,0.));
#4714 = ADVANCED_FACE('',(#4715),#4726,.F.);
#4715 = FACE_BOUND('',#4716,.T.);
#4716 = EDGE_LOOP('',(#4717,#4718,#4724,#4725));
#4717 = ORIENTED_EDGE('',*,*,#1343,.T.);
#4718 = ORIENTED_EDGE('',*,*,#4719,.T.);
#4719 = EDGE_CURVE('',#1344,#2682,#4720,.T.);
#4720 = LINE('',#4721,#4722);
#4721 = CARTESIAN_POINT('',(130.135,-61.933001,-4.6E-02));
#4722 = VECTOR('',#4723,1.);
#4723 = DIRECTION('',(0.,0.,1.));
#4724 = ORIENTED_EDGE('',*,*,#2681,.F.);
#4725 = ORIENTED_EDGE('',*,*,#4719,.F.);
#4726 = CYLINDRICAL_SURFACE('',#4727,0.508);
#4727 = AXIS2_PLACEMENT_3D('',#4728,#4729,#4730);
#4728 = CARTESIAN_POINT('',(130.135,-61.425001,-4.6E-02));
#4729 = DIRECTION('',(-0.,-0.,-1.));
#4730 = DIRECTION('',(-0.,-1.,0.));
#4731 = ADVANCED_FACE('',(#4732),#4743,.F.);
#4732 = FACE_BOUND('',#4733,.T.);
#4733 = EDGE_LOOP('',(#4734,#4735,#4741,#4742));
#4734 = ORIENTED_EDGE('',*,*,#1354,.T.);
#4735 = ORIENTED_EDGE('',*,*,#4736,.T.);
#4736 = EDGE_CURVE('',#1355,#2693,#4737,.T.);
#4737 = LINE('',#4738,#4739);
#4738 = CARTESIAN_POINT('',(132.675,-61.933001,-4.6E-02));
#4739 = VECTOR('',#4740,1.);
#4740 = DIRECTION('',(0.,0.,1.));
#4741 = ORIENTED_EDGE('',*,*,#2692,.F.);
#4742 = ORIENTED_EDGE('',*,*,#4736,.F.);
#4743 = CYLINDRICAL_SURFACE('',#4744,0.508);
#4744 = AXIS2_PLACEMENT_3D('',#4745,#4746,#4747);
#4745 = CARTESIAN_POINT('',(132.675,-61.425001,-4.6E-02));
#4746 = DIRECTION('',(-0.,-0.,-1.));
#4747 = DIRECTION('',(-0.,-1.,0.));
#4748 = ADVANCED_FACE('',(#4749),#4760,.F.);
#4749 = FACE_BOUND('',#4750,.T.);
#4750 = EDGE_LOOP('',(#4751,#4752,#4758,#4759));
#4751 = ORIENTED_EDGE('',*,*,#1365,.T.);
#4752 = ORIENTED_EDGE('',*,*,#4753,.T.);
#4753 = EDGE_CURVE('',#1366,#2704,#4754,.T.);
#4754 = LINE('',#4755,#4756);
#4755 = CARTESIAN_POINT('',(135.215,-61.933001,-4.6E-02));
#4756 = VECTOR('',#4757,1.);
#4757 = DIRECTION('',(0.,0.,1.));
#4758 = ORIENTED_EDGE('',*,*,#2703,.F.);
#4759 = ORIENTED_EDGE('',*,*,#4753,.F.);
#4760 = CYLINDRICAL_SURFACE('',#4761,0.508);
#4761 = AXIS2_PLACEMENT_3D('',#4762,#4763,#4764);
#4762 = CARTESIAN_POINT('',(135.215,-61.425001,-4.6E-02));
#4763 = DIRECTION('',(-0.,-0.,-1.));
#4764 = DIRECTION('',(-0.,-1.,0.));
#4765 = ADVANCED_FACE('',(#4766),#4777,.F.);
#4766 = FACE_BOUND('',#4767,.T.);
#4767 = EDGE_LOOP('',(#4768,#4769,#4775,#4776));
#4768 = ORIENTED_EDGE('',*,*,#1376,.T.);
#4769 = ORIENTED_EDGE('',*,*,#4770,.T.);
#4770 = EDGE_CURVE('',#1377,#2715,#4771,.T.);
#4771 = LINE('',#4772,#4773);
#4772 = CARTESIAN_POINT('',(198.38,-104.25,-4.6E-02));
#4773 = VECTOR('',#4774,1.);
#4774 = DIRECTION('',(0.,0.,1.));
#4775 = ORIENTED_EDGE('',*,*,#2714,.F.);
#4776 = ORIENTED_EDGE('',*,*,#4770,.F.);
#4777 = CYLINDRICAL_SURFACE('',#4778,0.5);
#4778 = AXIS2_PLACEMENT_3D('',#4779,#4780,#4781);
#4779 = CARTESIAN_POINT('',(198.38,-103.75,-4.6E-02));
#4780 = DIRECTION('',(-0.,-0.,-1.));
#4781 = DIRECTION('',(-0.,-1.,0.));
#4782 = ADVANCED_FACE('',(#4783),#4794,.F.);
#4783 = FACE_BOUND('',#4784,.T.);
#4784 = EDGE_LOOP('',(#4785,#4786,#4792,#4793));
#4785 = ORIENTED_EDGE('',*,*,#1387,.T.);
#4786 = ORIENTED_EDGE('',*,*,#4787,.T.);
#4787 = EDGE_CURVE('',#1388,#2726,#4788,.T.);
#4788 = LINE('',#4789,#4790);
#4789 = CARTESIAN_POINT('',(198.38,-101.71,-4.6E-02));
#4790 = VECTOR('',#4791,1.);
#4791 = DIRECTION('',(0.,0.,1.));
#4792 = ORIENTED_EDGE('',*,*,#2725,.F.);
#4793 = ORIENTED_EDGE('',*,*,#4787,.F.);
#4794 = CYLINDRICAL_SURFACE('',#4795,0.5);
#4795 = AXIS2_PLACEMENT_3D('',#4796,#4797,#4798);
#4796 = CARTESIAN_POINT('',(198.38,-101.21,-4.6E-02));
#4797 = DIRECTION('',(-0.,-0.,-1.));
#4798 = DIRECTION('',(-0.,-1.,0.));
#4799 = ADVANCED_FACE('',(#4800),#4811,.F.);
#4800 = FACE_BOUND('',#4801,.T.);
#4801 = EDGE_LOOP('',(#4802,#4803,#4809,#4810));
#4802 = ORIENTED_EDGE('',*,*,#1398,.T.);
#4803 = ORIENTED_EDGE('',*,*,#4804,.T.);
#4804 = EDGE_CURVE('',#1399,#2737,#4805,.T.);
#4805 = LINE('',#4806,#4807);
#4806 = CARTESIAN_POINT('',(198.380001,-99.17,-4.6E-02));
#4807 = VECTOR('',#4808,1.);
#4808 = DIRECTION('',(0.,0.,1.));
#4809 = ORIENTED_EDGE('',*,*,#2736,.F.);
#4810 = ORIENTED_EDGE('',*,*,#4804,.F.);
#4811 = CYLINDRICAL_SURFACE('',#4812,0.5);
#4812 = AXIS2_PLACEMENT_3D('',#4813,#4814,#4815);
#4813 = CARTESIAN_POINT('',(198.380001,-98.67,-4.6E-02));
#4814 = DIRECTION('',(-0.,-0.,-1.));
#4815 = DIRECTION('',(-0.,-1.,0.));
#4816 = ADVANCED_FACE('',(#4817),#4828,.F.);
#4817 = FACE_BOUND('',#4818,.T.);
#4818 = EDGE_LOOP('',(#4819,#4820,#4826,#4827));
#4819 = ORIENTED_EDGE('',*,*,#1409,.T.);
#4820 = ORIENTED_EDGE('',*,*,#4821,.T.);
#4821 = EDGE_CURVE('',#1410,#2748,#4822,.T.);
#4822 = LINE('',#4823,#4824);
#4823 = CARTESIAN_POINT('',(198.38,-96.63,-4.6E-02));
#4824 = VECTOR('',#4825,1.);
#4825 = DIRECTION('',(0.,0.,1.));
#4826 = ORIENTED_EDGE('',*,*,#2747,.F.);
#4827 = ORIENTED_EDGE('',*,*,#4821,.F.);
#4828 = CYLINDRICAL_SURFACE('',#4829,0.5);
#4829 = AXIS2_PLACEMENT_3D('',#4830,#4831,#4832);
#4830 = CARTESIAN_POINT('',(198.38,-96.13,-4.6E-02));
#4831 = DIRECTION('',(-0.,-0.,-1.));
#4832 = DIRECTION('',(-0.,-1.,0.));
#4833 = ADVANCED_FACE('',(#4834),#4845,.F.);
#4834 = FACE_BOUND('',#4835,.T.);
#4835 = EDGE_LOOP('',(#4836,#4837,#4843,#4844));
#4836 = ORIENTED_EDGE('',*,*,#1420,.T.);
#4837 = ORIENTED_EDGE('',*,*,#4838,.T.);
#4838 = EDGE_CURVE('',#1421,#2759,#4839,.T.);
#4839 = LINE('',#4840,#4841);
#4840 = CARTESIAN_POINT('',(188.,-77.424993,-4.6E-02));
#4841 = VECTOR('',#4842,1.);
#4842 = DIRECTION('',(0.,0.,1.));
#4843 = ORIENTED_EDGE('',*,*,#2758,.F.);
#4844 = ORIENTED_EDGE('',*,*,#4838,.F.);
#4845 = CYLINDRICAL_SURFACE('',#4846,0.424993);
#4846 = AXIS2_PLACEMENT_3D('',#4847,#4848,#4849);
#4847 = CARTESIAN_POINT('',(188.,-77.,-4.6E-02));
#4848 = DIRECTION('',(-0.,-0.,-1.));
#4849 = DIRECTION('',(-0.,-1.,0.));
#4850 = ADVANCED_FACE('',(#4851),#4862,.F.);
#4851 = FACE_BOUND('',#4852,.T.);
#4852 = EDGE_LOOP('',(#4853,#4854,#4860,#4861));
#4853 = ORIENTED_EDGE('',*,*,#1431,.T.);
#4854 = ORIENTED_EDGE('',*,*,#4855,.T.);
#4855 = EDGE_CURVE('',#1432,#2770,#4856,.T.);
#4856 = LINE('',#4857,#4858);
#4857 = CARTESIAN_POINT('',(190.,-77.424993,-4.6E-02));
#4858 = VECTOR('',#4859,1.);
#4859 = DIRECTION('',(0.,0.,1.));
#4860 = ORIENTED_EDGE('',*,*,#2769,.F.);
#4861 = ORIENTED_EDGE('',*,*,#4855,.F.);
#4862 = CYLINDRICAL_SURFACE('',#4863,0.424993);
#4863 = AXIS2_PLACEMENT_3D('',#4864,#4865,#4866);
#4864 = CARTESIAN_POINT('',(190.,-77.,-4.6E-02));
#4865 = DIRECTION('',(-0.,-0.,-1.));
#4866 = DIRECTION('',(-0.,-1.,0.));
#4867 = ADVANCED_FACE('',(#4868),#4879,.F.);
#4868 = FACE_BOUND('',#4869,.T.);
#4869 = EDGE_LOOP('',(#4870,#4871,#4877,#4878));
#4870 = ORIENTED_EDGE('',*,*,#1442,.T.);
#4871 = ORIENTED_EDGE('',*,*,#4872,.T.);
#4872 = EDGE_CURVE('',#1443,#2781,#4873,.T.);
#4873 = LINE('',#4874,#4875);
#4874 = CARTESIAN_POINT('',(214.375,-75.295,-4.6E-02));
#4875 = VECTOR('',#4876,1.);
#4876 = DIRECTION('',(0.,0.,1.));
#4877 = ORIENTED_EDGE('',*,*,#2780,.F.);
#4878 = ORIENTED_EDGE('',*,*,#4872,.F.);
#4879 = CYLINDRICAL_SURFACE('',#4880,0.25);
#4880 = AXIS2_PLACEMENT_3D('',#4881,#4882,#4883);
#4881 = CARTESIAN_POINT('',(214.375,-75.045,-4.6E-02));
#4882 = DIRECTION('',(-0.,-0.,-1.));
#4883 = DIRECTION('',(-0.,-1.,0.));
#4884 = ADVANCED_FACE('',(#4885),#4896,.F.);
#4885 = FACE_BOUND('',#4886,.T.);
#4886 = EDGE_LOOP('',(#4887,#4888,#4894,#4895));
#4887 = ORIENTED_EDGE('',*,*,#1453,.T.);
#4888 = ORIENTED_EDGE('',*,*,#4889,.T.);
#4889 = EDGE_CURVE('',#1454,#2792,#4890,.T.);
#4890 = LINE('',#4891,#4892);
#4891 = CARTESIAN_POINT('',(215.625,-75.295,-4.6E-02));
#4892 = VECTOR('',#4893,1.);
#4893 = DIRECTION('',(0.,0.,1.));
#4894 = ORIENTED_EDGE('',*,*,#2791,.F.);
#4895 = ORIENTED_EDGE('',*,*,#4889,.F.);
#4896 = CYLINDRICAL_SURFACE('',#4897,0.25);
#4897 = AXIS2_PLACEMENT_3D('',#4898,#4899,#4900);
#4898 = CARTESIAN_POINT('',(215.625,-75.045,-4.6E-02));
#4899 = DIRECTION('',(-0.,-0.,-1.));
#4900 = DIRECTION('',(-0.,-1.,0.));
#4901 = ADVANCED_FACE('',(#4902),#4913,.F.);
#4902 = FACE_BOUND('',#4903,.T.);
#4903 = EDGE_LOOP('',(#4904,#4905,#4911,#4912));
#4904 = ORIENTED_EDGE('',*,*,#1464,.T.);
#4905 = ORIENTED_EDGE('',*,*,#4906,.T.);
#4906 = EDGE_CURVE('',#1465,#2803,#4907,.T.);
#4907 = LINE('',#4908,#4909);
#4908 = CARTESIAN_POINT('',(197.63,-72.8,-4.6E-02));
#4909 = VECTOR('',#4910,1.);
#4910 = DIRECTION('',(0.,0.,1.));
#4911 = ORIENTED_EDGE('',*,*,#2802,.F.);
#4912 = ORIENTED_EDGE('',*,*,#4906,.F.);
#4913 = CYLINDRICAL_SURFACE('',#4914,1.6);
#4914 = AXIS2_PLACEMENT_3D('',#4915,#4916,#4917);
#4915 = CARTESIAN_POINT('',(197.63,-71.2,-4.6E-02));
#4916 = DIRECTION('',(-0.,-0.,-1.));
#4917 = DIRECTION('',(-0.,-1.,0.));
#4918 = ( GEOMETRIC_REPRESENTATION_CONTEXT(3) 
GLOBAL_UNCERTAINTY_ASSIGNED_CONTEXT((#4922)) 
GLOBAL_UNIT_ASSIGNED_CONTEXT((#4919,#4920,#4921)) REPRESENTATION_CONTEXT
('Context #1','3D Context with UNIT and UNCERTAINTY') );
#4919 = ( LENGTH_UNIT() NAMED_UNIT(*) SI_UNIT(.MILLI.,.METRE.) );
#4920 = ( NAMED_UNIT(*) PLANE_ANGLE_UNIT() SI_UNIT($,.RADIAN.) );
#4921 = ( NAMED_UNIT(*) SI_UNIT($,.STERADIAN.) SOLID_ANGLE_UNIT() );
#4922 = UNCERTAINTY_MEASURE_WITH_UNIT(LENGTH_MEASURE(1.E-07),#4919,
  'distance_accuracy_value','confusion accuracy');
#4923 = CONTEXT_DEPENDENT_SHAPE_REPRESENTATION(#4924,#4926);
#4924 = ( REPRESENTATION_RELATIONSHIP('','',#32,#10) 
REPRESENTATION_RELATIONSHIP_WITH_TRANSFORMATION(#4925) 
SHAPE_REPRESENTATION_RELATIONSHIP() );
#4925 = ITEM_DEFINED_TRANSFORMATION('','',#11,#15);
#4926 = PRODUCT_DEFINITION_SHAPE('Placement','Placement of an item',
  #4927);
#4927 = NEXT_ASSEMBLY_USAGE_OCCURRENCE('1','=>[0:1:1:2]','',#5,#27,$);
#4928 = PRODUCT_RELATED_PRODUCT_CATEGORY('part',$,(#29));
#4929 = MECHANICAL_DESIGN_GEOMETRIC_PRESENTATION_REPRESENTATION('',(
    #4930),#4918);
#4930 = STYLED_ITEM('color',(#4931),#33);
#4931 = PRESENTATION_STYLE_ASSIGNMENT((#4932));
#4932 = SURFACE_STYLE_USAGE(.BOTH.,#4933);
#4933 = SURFACE_SIDE_STYLE('',(#4934));
#4934 = SURFACE_STYLE_FILL_AREA(#4935);
#4935 = FILL_AREA_STYLE('',(#4936));
#4936 = FILL_AREA_STYLE_COLOUR('',#4937);
#4937 = COLOUR_RGB('',0.313304153717,0.484529207832,0.410020903123);
ENDSEC;
END-ISO-10303-21;
